{
"type": "FeatureCollection",
"name": "igarape_lourdes",
"crs": { "type": "name", "properties": { "name": "urn:ogc:def:crs:OGC:1.3:CRS84" } },
"features": [
{ "type": "Feature", "properties": { "area_ha": 584.26 }, "geometry": { "type": "MultiPolygon", "coordinates": [ [ [ [ -61.592132731268926, -10.731157577818168 ], [ -61.590738789670255, -10.731071694442162 ], [ -61.590564660397249, -10.731245709335942 ], [ -61.592697193503462, -10.731333884164359 ], [ -61.59274140131118, -10.731681059164195 ], [ -61.593220182322277, -10.731768129235549 ], [ -61.593437909691275, -10.731592720241126 ], [ -61.593222106439171, -10.731438946574061 ], [ -61.593568462607692, -10.73137631391455 ], [ -61.593829661951922, -10.73107156919288 ], [ -61.59369917209581, -10.731028159406604 ], [ -61.593170417087563, -10.731199719001987 ], [ -61.592994507291202, -10.731013548402684 ], [ -61.593046030775945, -10.730810472950926 ], [ -61.592697877145163, -10.730723413628825 ], [ -61.592486421338009, -10.73093850879161 ], [ -61.592262515918677, -10.730854019263873 ], [ -61.592132731268926, -10.731157577818168 ] ], [ [ -61.592472086849995, -10.731020531495336 ], [ -61.592620414439651, -10.730945155918088 ], [ -61.592512153303751, -10.731110717867336 ], [ -61.592472086849995, -10.731020531495336 ] ] ], [ [ [ -61.596259254883677, -10.726842265459828 ], [ -61.596615904235584, -10.726718065625906 ], [ -61.596550788582789, -10.726492492801189 ], [ -61.596702974555491, -10.726282710267098 ], [ -61.596659438737412, -10.725891013920442 ], [ -61.596357119207553, -10.725852460830046 ], [ -61.596354757089308, -10.725160384963765 ], [ -61.596659438737909, -10.723583553806943 ], [ -61.596877113916619, -10.721798617344486 ], [ -61.596791454081497, -10.721668063849208 ], [ -61.596485425246627, -10.721755196281165 ], [ -61.596702752527506, -10.722186487080416 ], [ -61.596484225781893, -10.724020422483271 ], [ -61.596180679997538, -10.724715578706601 ], [ -61.596219976253423, -10.725117377795954 ], [ -61.596050074641667, -10.725194469110228 ], [ -61.596180616940266, -10.725489628760592 ], [ -61.595875935282393, -10.727501810240156 ], [ -61.595919121881494, -10.728411997433433 ], [ -61.595699185647234, -10.729380581832446 ], [ -61.595440521332044, -10.729764248741766 ], [ -61.595666245792472, -10.729657757611362 ], [ -61.59578885380774, -10.729765517594716 ], [ -61.596651064131763, -10.729762714585917 ], [ -61.596791454117735, -10.729896185590741 ], [ -61.596964183986273, -10.729765528871944 ], [ -61.596411578912573, -10.729400480386238 ], [ -61.59639822905671, -10.729156152344848 ], [ -61.59591940672842, -10.728981651140554 ], [ -61.595966828097133, -10.728231317052206 ], [ -61.596320467159401, -10.727569403621082 ], [ -61.59652883441214, -10.7274581562389 ], [ -61.596572369447955, -10.727196946022939 ], [ -61.596259254883677, -10.726842265459828 ] ] ], [ [ [ -61.597094915493223, -10.717314627712717 ], [ -61.596914235278078, -10.717982444547854 ], [ -61.596659565388535, -10.718098253284964 ], [ -61.596877177510471, -10.718368919663558 ], [ -61.596823985564399, -10.718694590185006 ], [ -61.596616030101664, -10.718751283879344 ], [ -61.596659565388677, -10.718968829276806 ], [ -61.597031262028764, -10.719111810757646 ], [ -61.597106073657173, -10.719348056508634 ], [ -61.59684818055176, -10.719659046536256 ], [ -61.596485424995173, -10.7196655196216 ], [ -61.596485425780223, -10.720100750953398 ], [ -61.596659565388968, -10.720274880346858 ], [ -61.596819923991973, -10.720183967802221 ], [ -61.597062109380417, -10.720322149240767 ], [ -61.596854910452159, -10.72078752615187 ], [ -61.596615915106263, -10.720666820917497 ], [ -61.596485425780379, -10.720753879711502 ], [ -61.596831381268103, -10.720956385345618 ], [ -61.596703100424897, -10.72162446645261 ], [ -61.596920649736568, -10.721580926379533 ], [ -61.597009980108766, -10.72083521581169 ], [ -61.59761720952352, -10.719142980168664 ], [ -61.598141891007778, -10.716917062761413 ], [ -61.598400840700023, -10.716792077493293 ], [ -61.598403265807804, -10.716351756000053 ], [ -61.59857498030884, -10.716139062707486 ], [ -61.598487910771496, -10.715877966465889 ], [ -61.5980962215652, -10.715965036537215 ], [ -61.597922081170303, -10.716139181757894 ], [ -61.597949486657399, -10.716732715581832 ], [ -61.597443185160969, -10.716618062600292 ], [ -61.5972690556356, -10.716792207288483 ], [ -61.597351887286251, -10.71723753631224 ], [ -61.597094915493223, -10.717314627712717 ] ], [ [ -61.597429854603057, -10.71780382886601 ], [ -61.597356062901653, -10.717717089810989 ], [ -61.597486668009275, -10.717749614203431 ], [ -61.597429854603057, -10.71780382886601 ] ] ], [ [ [ -61.656389634326899, -10.71309159945994 ], [ -61.65687967901566, -10.713144060221147 ], [ -61.656694379576635, -10.713222329291538 ], [ -61.656693809375959, -10.713636933901999 ], [ -61.656401093195697, -10.713783773550679 ], [ -61.655954283970303, -10.713527074541224 ], [ -61.655867214433023, -10.713918775887144 ], [ -61.656159412643277, -10.714024425950695 ], [ -61.656215494184472, -10.714310580458665 ], [ -61.656389508210196, -10.714223510387319 ], [ -61.656453162076275, -10.713931141816602 ], [ -61.656732803277976, -10.713875535392914 ], [ -61.657129719064031, -10.714310579930606 ], [ -61.657608489208855, -10.714397650529953 ], [ -61.657695558746312, -10.713918775887102 ], [ -61.657260208923923, -10.712395163613852 ], [ -61.657187739965856, -10.712562835575362 ], [ -61.656911117261089, -10.712568117562716 ], [ -61.656694368707008, -10.712308094070597 ], [ -61.656623780622667, -10.71256234425406 ], [ -61.656128424112822, -10.71261283879222 ], [ -61.656296023881481, -10.712728523525451 ], [ -61.656389634326899, -10.71309159945994 ] ], [ [ -61.6573559571328, -10.713624444720198 ], [ -61.657129205438032, -10.713505081768027 ], [ -61.657076275286762, -10.713177278815344 ], [ -61.657230932450133, -10.713127805952935 ], [ -61.656751137755812, -10.712900701218862 ], [ -61.656795098428859, -10.712621537087331 ], [ -61.657251027088478, -10.712680422053751 ], [ -61.6573559571328, -10.713624444720198 ] ], [ [ -61.657075169460725, -10.713826017805751 ], [ -61.657347289864447, -10.713875229573851 ], [ -61.657482995421631, -10.713744930279159 ], [ -61.65738622632157, -10.71417975603249 ], [ -61.657020954991332, -10.713970322747738 ], [ -61.657075169460725, -10.713826017805751 ] ] ], [ [ [ -61.766223032423902, -10.662547212195211 ], [ -61.766368315113162, -10.662136246706535 ], [ -61.76653314846093, -10.662068537653028 ], [ -61.766178945074813, -10.662037546174222 ], [ -61.766446078655747, -10.661850857116715 ], [ -61.766315588515127, -10.661633312554697 ], [ -61.766010853867499, -10.6619815976696 ], [ -61.76601028107801, -10.66217852082303 ], [ -61.765662573848331, -10.662416942668603 ], [ -61.765662573848367, -10.662721563188093 ], [ -61.76594817985184, -10.662630127271958 ], [ -61.766107469675333, -10.662762693136383 ], [ -61.766047849586769, -10.663128297612115 ], [ -61.765880248761185, -10.663200578659298 ], [ -61.765967319098266, -10.663766404044143 ], [ -61.766495734019983, -10.663541158623962 ], [ -61.766739277619152, -10.66365554161761 ], [ -61.766881554847402, -10.664027614258144 ], [ -61.767142638959868, -10.664114684329476 ], [ -61.767111617220124, -10.663699231606845 ], [ -61.767534613823031, -10.663636830858483 ], [ -61.767739742261391, -10.663699231615315 ], [ -61.767839325632167, -10.664114684329414 ], [ -61.767926269867132, -10.664071143953505 ], [ -61.767708903074286, -10.662247135287251 ], [ -61.768013339939763, -10.661807322081776 ], [ -61.767883933869527, -10.661678246945021 ], [ -61.7679303304539, -10.661395533375291 ], [ -61.768143944780803, -10.661371977082267 ], [ -61.768102670004872, -10.661192220998787 ], [ -61.768231014852191, -10.661110766868257 ], [ -61.768057917956924, -10.660676166150591 ], [ -61.768056989941634, -10.659978981199323 ], [ -61.767926396236611, -10.660153110063883 ], [ -61.767691403461264, -10.661793835094565 ], [ -61.767312198092675, -10.662024783288222 ], [ -61.766838008943218, -10.661850987733036 ], [ -61.766781971543573, -10.662266439942421 ], [ -61.766223032423902, -10.662547212195211 ] ], [ [ -61.767229396575651, -10.662505702138093 ], [ -61.767041090365794, -10.662584614328104 ], [ -61.767018573426427, -10.662402023625924 ], [ -61.767201014440161, -10.662379310432485 ], [ -61.767229396575651, -10.662505702138093 ] ], [ [ -61.767490982296131, -10.663016847335264 ], [ -61.767425933298689, -10.66314700075309 ], [ -61.767329840989262, -10.663148217116676 ], [ -61.767379110050072, -10.662951527886458 ], [ -61.767490982296131, -10.663016847335264 ] ] ], [ [ [ -61.76482905548086, -10.65779964868636 ], [ -61.764487012653348, -10.657541019201849 ], [ -61.763904570946963, -10.657446988777588 ], [ -61.763533791904749, -10.656943458527246 ], [ -61.763572765502687, -10.65671384224594 ], [ -61.763008220066226, -10.656539650488352 ], [ -61.760220683520735, -10.658019904594031 ], [ -61.759567668853748, -10.658629394565281 ], [ -61.758596011670555, -10.66004892192394 ], [ -61.758267844137109, -10.660281145731732 ], [ -61.757913337498636, -10.660240190885002 ], [ -61.757521522177676, -10.660588471170342 ], [ -61.75742100455296, -10.661180354848636 ], [ -61.757260185863821, -10.661067356562706 ], [ -61.757042636518669, -10.661154432004274 ], [ -61.757148802416999, -10.661406431249196 ], [ -61.756346065346648, -10.661110892126418 ], [ -61.755997795662644, -10.661328572146369 ], [ -61.755975469472823, -10.66162341203767 ], [ -61.75552907353724, -10.661763854786257 ], [ -61.755257689454986, -10.661589777518758 ], [ -61.755170567201688, -10.661893128044611 ], [ -61.755214165287406, -10.662025002617662 ], [ -61.755585901170917, -10.661993012749313 ], [ -61.755562446106744, -10.662242688545881 ], [ -61.755736574847468, -10.662373282374809 ], [ -61.756012274573791, -10.662336216362506 ], [ -61.756084750768586, -10.6625474225175 ], [ -61.75713969473076, -10.661680628210819 ], [ -61.757384377533697, -10.661836068026757 ], [ -61.757521522711933, -10.662416828688523 ], [ -61.757911077236599, -10.663107762393148 ], [ -61.75786980299749, -10.663374599473235 ], [ -61.758261606916584, -10.663853473587533 ], [ -61.758653422237643, -10.664114683801531 ], [ -61.759045133193759, -10.664114683801532 ], [ -61.759277637860293, -10.663903036652343 ], [ -61.759393220062428, -10.664032071566776 ], [ -61.759306459174802, -10.664332370257926 ], [ -61.759479189256112, -10.664419491944344 ], [ -61.759611077255343, -10.66424540341659 ], [ -61.759438054612041, -10.663853670110193 ], [ -61.759616283270411, -10.663812174785015 ], [ -61.760003008343446, -10.664375894015556 ], [ -61.760535052164954, -10.664467156740255 ], [ -61.760612498842882, -10.664637104229543 ], [ -61.760824979510708, -10.664465200332579 ], [ -61.76113947461895, -10.664465363114736 ], [ -61.761396140353135, -10.664767709864607 ], [ -61.761786546143647, -10.664854842301118 ], [ -61.762310250265848, -10.664593564381605 ], [ -61.762682970026908, -10.663862679752715 ], [ -61.762973565126146, -10.663679396355709 ], [ -61.763572776903281, -10.663853473587423 ], [ -61.763537906896303, -10.66344205883332 ], [ -61.763877574335503, -10.663329784217643 ], [ -61.763877511284967, -10.663026433167914 ], [ -61.763572776903473, -10.662721688446346 ], [ -61.762722181550934, -10.662186890282138 ], [ -61.762353795904922, -10.661633312554621 ], [ -61.761931882273302, -10.661528635135356 ], [ -61.761812269079677, -10.661032902430746 ], [ -61.761975359943257, -10.660960499280652 ], [ -61.762353900269083, -10.66128490648299 ], [ -61.762847511006221, -10.661334469554005 ], [ -61.763181065946917, -10.661763791875293 ], [ -61.764061390288262, -10.661855054617044 ], [ -61.765120073913586, -10.662558968252837 ], [ -61.765179127463689, -10.662820688549669 ], [ -61.764704802798171, -10.663418253836811 ], [ -61.765009537445358, -10.663592263373365 ], [ -61.765173218790963, -10.663419183903404 ], [ -61.765444772568948, -10.663505193830135 ], [ -61.765575377675979, -10.663331053687445 ], [ -61.765316776027078, -10.662902578144607 ], [ -61.765444772569126, -10.662460477704306 ], [ -61.765234133701142, -10.662390295206517 ], [ -61.765227097390891, -10.662025127347571 ], [ -61.764956274422858, -10.662064470265655 ], [ -61.764792094888243, -10.661846922917743 ], [ -61.764990205067321, -10.66146762873456 ], [ -61.765444772835657, -10.661459041792067 ], [ -61.765444772035529, -10.661023810777207 ], [ -61.765286775567404, -10.660733843417855 ], [ -61.765662458615878, -10.660762486054859 ], [ -61.766233609068806, -10.660329371931443 ], [ -61.766618084378919, -10.660800405676438 ], [ -61.766576809597218, -10.661589652260638 ], [ -61.766725160179696, -10.661509366382766 ], [ -61.766924974650095, -10.66180732691087 ], [ -61.767360314405053, -10.661328436685398 ], [ -61.767273244067503, -10.6609367514559 ], [ -61.766883680408334, -10.660770301022048 ], [ -61.766924963248364, -10.660414320277873 ], [ -61.766708487900544, -10.66002391553992 ], [ -61.766707288070187, -10.659543619564504 ], [ -61.766228403211969, -10.658498789458417 ], [ -61.765227108259687, -10.657802229415829 ], [ -61.76482905548086, -10.65779964868636 ] ], [ [ -61.759057635442304, -10.660172893666019 ], [ -61.759420920648104, -10.660167887919775 ], [ -61.75948059019872, -10.660544927643862 ], [ -61.759150112373014, -10.660531634686173 ], [ -61.759002786584354, -10.66032866089 ], [ -61.759057635442304, -10.660172893666019 ] ], [ [ -61.759397640785366, -10.661579670789772 ], [ -61.759490586651665, -10.661550023107109 ], [ -61.759427324783928, -10.661672654950131 ], [ -61.759397640785366, -10.661579670789772 ] ], [ [ -61.76022317683401, -10.66085643143848 ], [ -61.760259558316456, -10.66050367485437 ], [ -61.760699464549745, -10.660588345912302 ], [ -61.760960823970009, -10.660458773249307 ], [ -61.761003886488432, -10.660633695559849 ], [ -61.760662270982031, -10.661064776374467 ], [ -61.76022317683401, -10.66085643143848 ] ], [ [ -61.762484507660467, -10.663505310069405 ], [ -61.762335369920429, -10.663566970075099 ], [ -61.76222712874317, -10.663407652808914 ], [ -61.762450968861096, -10.663291424537624 ], [ -61.762484507660467, -10.663505310069405 ] ], [ [ -61.762706485208199, -10.661123677180615 ], [ -61.762735612458833, -10.661027602683877 ], [ -61.762810575831452, -10.661150047231299 ], [ -61.762706485208199, -10.661123677180615 ] ] ], [ [ [ -61.768318085190586, -10.659804710426217 ], [ -61.768840620583347, -10.657845764451539 ], [ -61.768318210756433, -10.659108285335407 ], [ -61.768144070880993, -10.659935320905188 ], [ -61.768318085190586, -10.659804710426217 ] ] ], [ [ [ -61.757129580757947, -10.655755957481206 ], [ -61.757129580757962, -10.655538407032742 ], [ -61.756650810595403, -10.65545133748952 ], [ -61.756171936070935, -10.655973757389402 ], [ -61.756202023768459, -10.656391500754239 ], [ -61.755823655785655, -10.656365572710399 ], [ -61.755736585714345, -10.656496177817422 ], [ -61.755475376034383, -10.657323229515269 ], [ -61.755562434703961, -10.657453823344234 ], [ -61.755902222282252, -10.657407483334127 ], [ -61.756134858816814, -10.657573170729789 ], [ -61.756215471641106, -10.658934025835004 ], [ -61.75634607621425, -10.659195225299104 ], [ -61.75660716032921, -10.659238760334757 ], [ -61.756653714535204, -10.658821288233456 ], [ -61.757129581024969, -10.65862926444666 ], [ -61.75697975820961, -10.658289571102245 ], [ -61.757188700878991, -10.65819621818035 ], [ -61.757260301095229, -10.65836805909324 ], [ -61.757477861042737, -10.658411594657029 ], [ -61.757423730474855, -10.65815320110497 ], [ -61.757608466417693, -10.657976238907093 ], [ -61.757608465616002, -10.657584542959201 ], [ -61.757180151958757, -10.65707902070667 ], [ -61.757138887354472, -10.656650832138849 ], [ -61.758305026720898, -10.656104237766534 ], [ -61.758044164353258, -10.655839087857027 ], [ -61.758261491685339, -10.655538407032774 ], [ -61.757347371166091, -10.655451337489517 ], [ -61.757260312496484, -10.655581828088462 ], [ -61.757562632434485, -10.656239936211984 ], [ -61.757074581583289, -10.656317526296119 ], [ -61.756999302811344, -10.65580495498703 ], [ -61.757129580757947, -10.655755957481206 ] ], [ [ -61.756824953022203, -10.656887984647607 ], [ -61.756607487487351, -10.656751925592923 ], [ -61.756786404083485, -10.656583428459228 ], [ -61.756868169485649, -10.656632120653697 ], [ -61.756824953022203, -10.656887984647607 ] ] ], [ [ [ -61.765096491751066, -10.656757377281631 ], [ -61.764684154136042, -10.656178187804226 ], [ -61.765314166929599, -10.655843038302317 ], [ -61.764704792194379, -10.655843152810723 ], [ -61.764145074404944, -10.656101782298599 ], [ -61.763398741124341, -10.656191433096055 ], [ -61.763311681920875, -10.656365447980438 ], [ -61.764070995066227, -10.656635239769626 ], [ -61.764356511909192, -10.657062008023022 ], [ -61.764965887177929, -10.657149078622499 ], [ -61.765096491751066, -10.656757377281631 ] ] ], [ [ [ -61.77171253430857, -10.656409045381437 ], [ -61.771825205280457, -10.656199889445231 ], [ -61.772410378277378, -10.655973632659185 ], [ -61.772521887525926, -10.655721628117645 ], [ -61.772932798973649, -10.655625346973805 ], [ -61.772889263669775, -10.655451336961814 ], [ -61.771147988341461, -10.655451336961951 ], [ -61.771091119621452, -10.655548737298547 ], [ -61.770931596557027, -10.65545127459662 ], [ -61.770886715078198, -10.655667617935766 ], [ -61.771185038786484, -10.655957012451085 ], [ -61.771235058412792, -10.656278377908913 ], [ -61.77171253430857, -10.656409045381437 ] ], [ [ -61.77184507580774, -10.656059328178101 ], [ -61.77175277259424, -10.656147553465566 ], [ -61.771404545607417, -10.656085194689991 ], [ -61.771501246237939, -10.655930402925513 ], [ -61.77184507580774, -10.656059328178101 ] ] ], [ [ [ -61.767168380421566, -10.655089755181951 ], [ -61.766141459239165, -10.65545121223143 ], [ -61.766794369544201, -10.655451211703307 ], [ -61.768149048293957, -10.654929097115026 ], [ -61.768416185319033, -10.654923104673255 ], [ -61.768535875333185, -10.655190001489157 ], [ -61.768709911113611, -10.655190001489157 ], [ -61.768884040388492, -10.654928791803227 ], [ -61.768884040388592, -10.654232355962945 ], [ -61.768409860903283, -10.654319081974544 ], [ -61.768231130083343, -10.654188821455364 ], [ -61.767980092650831, -10.654449968786384 ], [ -61.76753456951262, -10.654232356491011 ], [ -61.767438203746124, -10.654556462223544 ], [ -61.767229835664764, -10.654711230605246 ], [ -61.767168380421566, -10.655089755181951 ] ], [ [ -61.768100527260323, -10.654754767900082 ], [ -61.767932622621025, -10.654882801296134 ], [ -61.767754554238202, -10.654846814914311 ], [ -61.768008794006555, -10.654495839948595 ], [ -61.768100527260323, -10.654754767900082 ] ] ], [ [ [ -61.757303720900758, -10.6552770720889 ], [ -61.757434486900586, -10.655016893786641 ], [ -61.757564748571561, -10.655237994672614 ], [ -61.757477987140852, -10.655451212231611 ], [ -61.757956746435738, -10.655451212231601 ], [ -61.757783649514316, -10.654928166997211 ], [ -61.758087351542862, -10.654754651660822 ], [ -61.758087351542862, -10.654580636248047 ], [ -61.757787026088799, -10.654419281724687 ], [ -61.75782614132892, -10.654232355962714 ], [ -61.757477987140653, -10.654101750855666 ], [ -61.757173241891039, -10.65445003114103 ], [ -61.757170633402545, -10.654979201434015 ], [ -61.756912031677118, -10.655277072088932 ], [ -61.757303720900758, -10.6552770720889 ] ], [ [ -61.757308281758995, -10.654592566561387 ], [ -61.757337642272105, -10.654497633563599 ], [ -61.757414243906169, -10.65461890300783 ], [ -61.757308281758995, -10.654592566561387 ] ] ], [ [ [ -61.771365652651568, -10.654188821455422 ], [ -61.770657727119712, -10.654537038865469 ], [ -61.769226093699544, -10.654316845828186 ], [ -61.769101726434805, -10.654058216348362 ], [ -61.768884166217326, -10.654188826341347 ], [ -61.768971225689832, -10.654928791275118 ], [ -61.769542169405916, -10.654624351865493 ], [ -61.77113186071383, -10.654727069359916 ], [ -61.770364357699229, -10.655451212231243 ], [ -61.770712522754316, -10.655407676667451 ], [ -61.771109430770274, -10.655059702208707 ], [ -61.7711911840901, -10.655282281815603 ], [ -61.77101738323428, -10.655320731854715 ], [ -61.771060907401939, -10.655451211703433 ], [ -61.772889263670045, -10.65545121223154 ], [ -61.772913581107879, -10.655329188735681 ], [ -61.773106938848208, -10.655320607124171 ], [ -61.77297634460912, -10.654885382026169 ], [ -61.772710543552499, -10.655015642548207 ], [ -61.772323434304319, -10.654972451569396 ], [ -61.772319196201686, -10.655200108063134 ], [ -61.772208830747779, -10.655217709042194 ], [ -61.771890382631533, -10.654716209751255 ], [ -61.771931492885372, -10.654188820927326 ], [ -61.771365652651568, -10.654188821455422 ] ], [ [ -61.77183317297488, -10.654798249071856 ], [ -61.771867968128092, -10.654960074315262 ], [ -61.771639260589595, -10.654952553903536 ], [ -61.771646863455047, -10.654854098994333 ], [ -61.77183317297488, -10.654798249071856 ] ] ], [ [ [ -61.772889263670116, -10.654101626125433 ], [ -61.773019868243331, -10.65349214637606 ], [ -61.772845728634636, -10.653056909999979 ], [ -61.772542392866413, -10.652926242527816 ], [ -61.772397114445504, -10.653076573852649 ], [ -61.772149294161203, -10.652882769857296 ], [ -61.772192829196889, -10.653143855340684 ], [ -61.772410441327366, -10.653284046741602 ], [ -61.772192829197031, -10.653840415911418 ], [ -61.772889263670116, -10.654101626125433 ] ], [ [ -61.772579972632855, -10.653185116625455 ], [ -61.77254340815503, -10.653095351937187 ], [ -61.772669289821401, -10.653148948458346 ], [ -61.772579972632855, -10.653185116625455 ] ] ], [ [ [ -61.773377820087092, -10.652510529589971 ], [ -61.773194135017242, -10.652795575055341 ], [ -61.77346495889077, -10.652756232170507 ], [ -61.773623391801756, -10.652954569456044 ], [ -61.773673020409738, -10.653405065554701 ], [ -61.773890569759722, -10.653187384958743 ], [ -61.773930014710885, -10.652779664664013 ], [ -61.774195314206558, -10.652577910626968 ], [ -61.774108255536966, -10.652142674779061 ], [ -61.77374849995293, -10.652268767939953 ], [ -61.773588432722811, -10.652149423852714 ], [ -61.773629359276882, -10.651924999072611 ], [ -61.773315000269271, -10.652007877005397 ], [ -61.773237554823659, -10.651750859458025 ], [ -61.772932924803058, -10.651924999072575 ], [ -61.773377820087092, -10.652510529589971 ] ] ], [ [ [ -61.778366128605221, -10.653385466032981 ], [ -61.778357535920989, -10.653659643684794 ], [ -61.7781569837815, -10.653361592884329 ], [ -61.777852383565282, -10.653535800805058 ], [ -61.777797472964998, -10.6537534082196 ], [ -61.777647095487119, -10.653733572865301 ], [ -61.777503988318884, -10.653405190813505 ], [ -61.777360165000708, -10.65354612595536 ], [ -61.777034398620316, -10.653381016174938 ], [ -61.77706862709443, -10.652969839928767 ], [ -61.776738266375645, -10.652869468314551 ], [ -61.776415664609772, -10.652350763045137 ], [ -61.776559653573131, -10.651767509871339 ], [ -61.776981557023376, -10.651794269234848 ], [ -61.776796294415668, -10.651563279096157 ], [ -61.776981557023475, -10.651141368430629 ], [ -61.776714119544302, -10.651356463395416 ], [ -61.776453806648227, -10.651198515778489 ], [ -61.776502671097276, -10.650967217537904 ], [ -61.776328646717381, -10.650923693780395 ], [ -61.776198053012024, -10.651097719414173 ], [ -61.776365156540351, -10.65128886063898 ], [ -61.776013624728911, -10.651446051325216 ], [ -61.775893181131771, -10.651228438501928 ], [ -61.775457946004032, -10.651184903994384 ], [ -61.775370887334347, -10.651358929628209 ], [ -61.775494455823939, -10.651506535830162 ], [ -61.775283805861385, -10.651533184279725 ], [ -61.775161196361061, -10.651728026657594 ], [ -61.774935536443763, -10.651402578644602 ], [ -61.775019998036555, -10.651888213616953 ], [ -61.774717861265543, -10.651881464036963 ], [ -61.774630791194262, -10.65236022469862 ], [ -61.77489188617897, -10.652403759206168 ], [ -61.774908002819238, -10.652071432213875 ], [ -61.775457991904538, -10.651838836192471 ], [ -61.775501491907626, -10.652142549520249 ], [ -61.77572504050373, -10.652012268025674 ], [ -61.776094839709693, -10.652070371377821 ], [ -61.776455313997644, -10.652741569581584 ], [ -61.776388668293826, -10.653311160361239 ], [ -61.775806237157546, -10.653100445035721 ], [ -61.775893307228969, -10.653709810804315 ], [ -61.776149310815569, -10.653407301271784 ], [ -61.776631993349284, -10.653579268063035 ], [ -61.776938182879185, -10.653406097473926 ], [ -61.7777016997563, -10.653851961175215 ], [ -61.777938044415606, -10.654188758562228 ], [ -61.778046476856908, -10.653939031248242 ], [ -61.778592353342709, -10.653709810804271 ], [ -61.778592353342809, -10.653100445035758 ], [ -61.77834906271223, -10.65308714348537 ], [ -61.778200538021864, -10.652752164750384 ], [ -61.777808837930444, -10.652708630242834 ], [ -61.777721779260844, -10.652882655876613 ], [ -61.778144616176007, -10.652946077893521 ], [ -61.778070059012379, -10.65323092541192 ], [ -61.778366128605221, -10.653385466032981 ] ] ], [ [ [ -61.774103267802531, -10.651010943898616 ], [ -61.774282384812089, -10.651141243699861 ], [ -61.774151790572859, -10.650880158744673 ], [ -61.773450673057049, -10.650790689659647 ], [ -61.773237554823858, -10.650575413494959 ], [ -61.772932924532796, -10.650749558546417 ], [ -61.772932924802817, -10.650880033485883 ], [ -61.773260996628224, -10.650885301794457 ], [ -61.773324729256153, -10.651054173100473 ], [ -61.774103267802531, -10.651010943898616 ] ] ], [ [ [ -61.774848340275739, -10.651315383842501 ], [ -61.77458712952798, -10.650531867181176 ], [ -61.774064720501691, -10.649878852924271 ], [ -61.773716555444679, -10.649791782324828 ], [ -61.774096699130361, -10.65007261100788 ], [ -61.774496237421261, -10.650695422965651 ], [ -61.774456651051274, -10.65092356852154 ], [ -61.774659271241468, -10.650982953226114 ], [ -61.774848340275739, -10.651315383842501 ] ] ], [ [ [ -61.656346099278089, -10.64931289692967 ], [ -61.65621549389634, -10.649487042604846 ], [ -61.65621549470508, -10.6500093435248 ], [ -61.656514242504002, -10.649835516230389 ], [ -61.656694253473113, -10.650052867810921 ], [ -61.65673369602662, -10.649732210956051 ], [ -61.656911928651546, -10.649704587525619 ], [ -61.656346099278089, -10.64931289692967 ] ] ], [ [ [ -61.654865908065176, -10.648659871394605 ], [ -61.654822373029525, -10.648877421847899 ], [ -61.655059145707725, -10.648843092078732 ], [ -61.655083583243567, -10.649051561990593 ], [ -61.655340844991301, -10.649215230799951 ], [ -61.655431863529124, -10.649922262703978 ], [ -61.655684405880507, -10.649824879596483 ], [ -61.655910622831122, -10.649922262703971 ], [ -61.656169577807425, -10.649747677878153 ], [ -61.655986536170452, -10.649408768182756 ], [ -61.656171832511419, -10.649051675966117 ], [ -61.655780344860446, -10.648785015932258 ], [ -61.655997692902723, -10.648485731251947 ], [ -61.655605992804347, -10.648398661708704 ], [ -61.655418080311655, -10.648881391291502 ], [ -61.65517052722501, -10.648572801323317 ], [ -61.654865908065176, -10.648659871394605 ] ] ], [ [ [ -61.776459262691837, -10.649661052487058 ], [ -61.776676929286424, -10.649965806227614 ], [ -61.777329952537656, -10.650227007422657 ], [ -61.777678117594398, -10.65018347291508 ], [ -61.777640676081418, -10.649950652133107 ], [ -61.777895793042987, -10.649791652153855 ], [ -61.777895792772853, -10.649487037075213 ], [ -61.777304221653011, -10.649691410707986 ], [ -61.777373371811009, -10.649225816111164 ], [ -61.777133738236259, -10.649172253805689 ], [ -61.777068627095268, -10.649008151682843 ], [ -61.776764007941438, -10.64900815168288 ], [ -61.77645926242139, -10.649356437413051 ], [ -61.776459262691837, -10.649661052487058 ] ] ], [ [ [ -61.656621947902345, -10.647430500702724 ], [ -61.656955474554728, -10.64761490528536 ], [ -61.65721441902781, -10.647222645894853 ], [ -61.656989732047315, -10.646965462807572 ], [ -61.656998998189636, -10.646483108861661 ], [ -61.656781449634153, -10.646265444432855 ], [ -61.656607309215666, -10.646483125165901 ], [ -61.656713340992688, -10.647067289251641 ], [ -61.656346099277705, -10.647353820324607 ], [ -61.656346099277705, -10.647571370777822 ], [ -61.656621947902345, -10.647430500702724 ] ] ], [ [ [ -61.7711044533037, -10.64596069918589 ], [ -61.771143427585642, -10.646146769223668 ], [ -61.770886778659332, -10.646439573828252 ], [ -61.770973848196917, -10.647136020418385 ], [ -61.771278467623318, -10.646961874809682 ], [ -61.771104635844168, -10.64653098805681 ], [ -61.771322001853768, -10.646265330454982 ], [ -61.7711044533037, -10.64596069918589 ] ] ], [ [ [ -61.769406576044666, -10.643827482966213 ], [ -61.768971237089453, -10.644524032258786 ], [ -61.769145365830802, -10.644785127964171 ], [ -61.769241626944414, -10.644417487246553 ], [ -61.769493530890003, -10.644349778135604 ], [ -61.769580600427524, -10.643914541759415 ], [ -61.769406576044666, -10.643827482966213 ] ] ], [ [ [ -61.647682627178277, -10.642303631462019 ], [ -61.647987372428027, -10.642564841676039 ], [ -61.648291991056915, -10.642390712282864 ], [ -61.648117862315054, -10.641955476429532 ], [ -61.647552022071203, -10.641868405830097 ], [ -61.647682627178277, -10.642303631462019 ] ] ], [ [ [ -61.648117914492389, -10.631777737942995 ], [ -61.648335526628664, -10.63150706734092 ], [ -61.64789754838425, -10.631615367656783 ], [ -61.647769571165007, -10.631376462233886 ], [ -61.64762530844591, -10.631510912659975 ], [ -61.647421406095525, -10.631419997797634 ], [ -61.647377882460205, -10.631550488401258 ], [ -61.647563178269216, -10.631733543583126 ], [ -61.647421416962167, -10.632159968151141 ], [ -61.647735779794701, -10.632033554996299 ], [ -61.647856756452363, -10.632377642801369 ], [ -61.648547235013119, -10.632623707711502 ], [ -61.648727159426883, -10.633339871013535 ], [ -61.648683933530791, -10.633814310256019 ], [ -61.649292224355811, -10.635293090415768 ], [ -61.64907118792059, -10.636525526951749 ], [ -61.648794424415335, -10.636893035077541 ], [ -61.648422722783572, -10.637079427181746 ], [ -61.649162692585044, -10.636731141263384 ], [ -61.649423901985678, -10.635642781754099 ], [ -61.648836374115973, -10.633996462237128 ], [ -61.649032087198933, -10.633596624328165 ], [ -61.648835846647152, -10.633338138431485 ], [ -61.648988551629579, -10.632813107661484 ], [ -61.648640271878165, -10.632377768054301 ], [ -61.64852910852089, -10.632473700013643 ], [ -61.648299026895941, -10.632307585159547 ], [ -61.648117914492389, -10.631777737942995 ] ] ], [ [ [ -61.647900302354174, -10.630288086342189 ], [ -61.647878728620981, -10.630582792869831 ], [ -61.647334346890567, -10.63072343669886 ], [ -61.647290811854894, -10.631071592259499 ], [ -61.647687177596659, -10.63107399066258 ], [ -61.647813106200729, -10.631202197366397 ], [ -61.647987245809674, -10.630636252652208 ], [ -61.647900302354174, -10.630288086342189 ] ], [ [ -61.647724401009846, -10.630898184953674 ], [ -61.647496893256125, -10.630893065634979 ], [ -61.647466943136294, -10.630803062754513 ], [ -61.647735779924766, -10.630771038991476 ], [ -61.647724401009846, -10.630898184953674 ] ] ], [ [ [ -61.788518467568565, -10.6305928315952 ], [ -61.789040877129587, -10.631158661799279 ], [ -61.789301971587847, -10.630940997899105 ], [ -61.789040772774833, -10.630549297087644 ], [ -61.788862045402652, -10.630679557600383 ], [ -61.788518467568565, -10.6305928315952 ] ] ], [ [ [ -61.649510972058145, -10.630200902295476 ], [ -61.649423902520653, -10.63002687612822 ], [ -61.649218738691708, -10.630006979366918 ], [ -61.649075633101852, -10.629678596370942 ], [ -61.648771002785104, -10.629765671599879 ], [ -61.648727468565703, -10.630113832224145 ], [ -61.649119272486487, -10.630592706338906 ], [ -61.649219674358925, -10.630348270628993 ], [ -61.649510972058145, -10.630200902295476 ] ] ], [ [ [ -61.809740507500003, -10.599824775 ], [ -61.810097941575073, -10.598624222366968 ], [ -61.81002477518296, -10.598551045343386 ], [ -61.809846397653693, -10.599257586663079 ], [ -61.809632959574358, -10.599421751851336 ], [ -61.809502355289062, -10.600118295877259 ], [ -61.809545889791089, -10.601032417643848 ], [ -61.809593854748123, -10.600829446338032 ], [ -61.809604578900007, -10.600586849900001 ], [ -61.809740507500003, -10.599824775 ] ] ], [ [ [ -61.636306105938814, -10.454345878977497 ], [ -61.635492817152432, -10.454580682382385 ], [ -61.635536352721708, -10.454972383727416 ], [ -61.635732579579162, -10.455187448551843 ], [ -61.635563770827368, -10.455522501072126 ], [ -61.634628368827478, -10.45592768838419 ], [ -61.634273825293633, -10.45588673398052 ], [ -61.633925556402183, -10.456278434797511 ], [ -61.635259025507786, -10.456816796576522 ], [ -61.635275142508178, -10.45736681068921 ], [ -61.635492806292703, -10.457932754875253 ], [ -61.636053540141425, -10.457630245780351 ], [ -61.636624612929772, -10.457584474589876 ], [ -61.636885812629451, -10.457323257932956 ], [ -61.636897476026, -10.457038269349468 ], [ -61.637190556999705, -10.456844390261152 ], [ -61.636972882355337, -10.454667752453725 ], [ -61.636799089816861, -10.454358936883347 ], [ -61.636885811750588, -10.454014716169111 ], [ -61.636755207177174, -10.453666446633353 ], [ -61.636537647148103, -10.453579377090097 ], [ -61.636407053434844, -10.453753402728672 ], [ -61.636558168600352, -10.453940776399378 ], [ -61.636306105938814, -10.454345878977497 ] ] ], [ [ [ -61.626089134302283, -10.432551829080383 ], [ -61.626560030203919, -10.432313408116313 ], [ -61.626953415792599, -10.432537034111402 ], [ -61.627051544001858, -10.432968136773567 ], [ -61.626916415654648, -10.433466076107022 ], [ -61.627509774737213, -10.433785701884291 ], [ -61.627611777338288, -10.434077073640996 ], [ -61.627411796379505, -10.434329931245909 ], [ -61.627047009368844, -10.434336891324241 ], [ -61.626753763289706, -10.43459358980027 ], [ -61.62608924944368, -10.434685171081455 ], [ -61.625958644870238, -10.435120407462465 ], [ -61.626350448798263, -10.435381606398884 ], [ -61.626742159836795, -10.435425141434521 ], [ -61.627346530137601, -10.435122632340409 ], [ -61.62827094201181, -10.43494656186266 ], [ -61.629354261976943, -10.435163931220446 ], [ -61.629528391260095, -10.435033326641495 ], [ -61.629557571784801, -10.434526613080344 ], [ -61.62987667101207, -10.434293241784674 ], [ -61.629354251117931, -10.432290744119756 ], [ -61.627737199470616, -10.4321140238933 ], [ -61.626697331547227, -10.43159412118643 ], [ -61.626263389585766, -10.431637718584646 ], [ -61.625921364636916, -10.432114023878414 ], [ -61.624739663870905, -10.432290733370092 ], [ -61.625087932763407, -10.432725969223078 ], [ -61.626089134302283, -10.432551829080383 ] ] ], [ [ [ -61.650666444099556, -10.433366743164839 ], [ -61.650294729276013, -10.433379120012026 ], [ -61.650212234458948, -10.433550861755732 ], [ -61.64994643813106, -10.433379120540092 ], [ -61.64898867820596, -10.433901415713677 ], [ -61.649406889255012, -10.43391454009873 ], [ -61.649467552738827, -10.434293230506508 ], [ -61.649740883810523, -10.433939737822572 ], [ -61.64985907051198, -10.434080020295111 ], [ -61.649772308848142, -10.434336766070308 ], [ -61.649902798812427, -10.434336765542202 ], [ -61.650177761539197, -10.433736098699516 ], [ -61.650555824347521, -10.433857880149795 ], [ -61.650884857993162, -10.433518181718537 ], [ -61.651115932726654, -10.433509923993872 ], [ -61.65151358427255, -10.434162625927565 ], [ -61.651308412539606, -10.433485962406058 ], [ -61.651736494736646, -10.433468300992375 ], [ -61.652297214914668, -10.433727275570858 ], [ -61.65229947340957, -10.433155711444812 ], [ -61.652514889559654, -10.433030725749813 ], [ -61.652340749950568, -10.432464884263021 ], [ -61.652123074772248, -10.432290744120341 ], [ -61.651513710274571, -10.432247209084725 ], [ -61.651423887998561, -10.4324426169975 ], [ -61.651208965024871, -10.432290744120325 ], [ -61.651099585587176, -10.433064475024347 ], [ -61.650686544597001, -10.433161444833683 ], [ -61.650666444099556, -10.433366743164839 ] ], [ [ -61.652167262039946, -10.433116411288196 ], [ -61.65194267969931, -10.433202399743742 ], [ -61.651679365774413, -10.432937241159394 ], [ -61.651959074345321, -10.432947550707068 ], [ -61.652167262039946, -10.433116411288196 ] ] ], [ [ [ -61.57528386341901, -10.768598780689318 ], [ -61.576105909670247, -10.76859907522007 ], [ -61.576248750693416, -10.768703776723896 ], [ -61.576592842289564, -10.768658239118578 ], [ -61.576734065421732, -10.768625707838892 ], [ -61.576856896700001, -10.768580407499995 ], [ -61.576861898584418, -10.768577447605693 ], [ -61.577045224051787, -10.768218498894127 ], [ -61.577403336486306, -10.768107545359506 ], [ -61.577493320900004, -10.768036405199995 ], [ -61.577796679675224, -10.767527351194122 ], [ -61.577591093640301, -10.767075168411964 ], [ -61.576676984026136, -10.767249308554552 ], [ -61.576674558534982, -10.767689630541007 ], [ -61.576502843649763, -10.767771733687916 ], [ -61.576358347581142, -10.76814641684012 ], [ -61.575812498228792, -10.768465709561829 ], [ -61.575370922085177, -10.768424755045645 ], [ -61.57528386341901, -10.768598780689318 ] ], [ [ -61.577460612512219, -10.767336287779939 ], [ -61.577278109389198, -10.767430202465885 ], [ -61.577203517659441, -10.767239199726511 ], [ -61.577296452303443, -10.76720955437181 ], [ -61.577460612512219, -10.767336287779939 ] ] ], [ [ [ -61.543827044594472, -10.760888705578393 ], [ -61.544199732155029, -10.7609801381709 ], [ -61.545239492701178, -10.760590558884392 ], [ -61.546729870451593, -10.760370953479153 ], [ -61.548727375864601, -10.76045771774279 ], [ -61.549032110243623, -10.760240043092434 ], [ -61.548859379953292, -10.760153035380812 ], [ -61.547592825172622, -10.760304909971792 ], [ -61.547073044509233, -10.760153098267802 ], [ -61.546594263505931, -10.760196633303529 ], [ -61.543416216772791, -10.760719053203442 ], [ -61.543372681737075, -10.760893068627645 ], [ -61.543633881080481, -10.761023673206569 ], [ -61.543827044594472, -10.760888705578393 ] ] ], [ [ [ -61.583420352445543, -10.759120192528094 ], [ -61.582989564730774, -10.759717736634867 ], [ -61.583197930248055, -10.760607811018041 ], [ -61.5826848189472, -10.76041430795474 ], [ -61.581814117997965, -10.761285013418194 ], [ -61.581856453662766, -10.76189590515046 ], [ -61.581596442820128, -10.762199249160485 ], [ -61.581465838482956, -10.762765085909496 ], [ -61.581988247506096, -10.763243960024722 ], [ -61.582989448934896, -10.763026284846315 ], [ -61.583381253385078, -10.762634470053339 ], [ -61.583773068172242, -10.761589639946402 ], [ -61.583557654365229, -10.761105122128937 ], [ -61.583816603978136, -10.760936598911488 ], [ -61.583903673279444, -10.760675404197345 ], [ -61.583860138243857, -10.760240157062883 ], [ -61.58360287835098, -10.759881286679724 ], [ -61.584904979870771, -10.75928226754443 ], [ -61.584904979100159, -10.758977641028526 ], [ -61.584470828875837, -10.758717847388903 ], [ -61.584601351618282, -10.757976413962595 ], [ -61.584992060576532, -10.757889150637288 ], [ -61.58538386449289, -10.757236136379451 ], [ -61.585383864493004, -10.756626749102406 ], [ -61.585122780943877, -10.756452619708911 ], [ -61.584805519445382, -10.757564634554072 ], [ -61.584469755171895, -10.757758675553635 ], [ -61.5843603525188, -10.758009981723534 ], [ -61.584034394181735, -10.758063416556725 ], [ -61.58333784448191, -10.758803511634968 ], [ -61.583420352445543, -10.759120192528094 ] ], [ [ -61.584469750701921, -10.75819399733304 ], [ -61.584305500389164, -10.758172060095028 ], [ -61.584363348893568, -10.758028337184417 ], [ -61.584460446349858, -10.758043928420456 ], [ -61.584469750701921, -10.75819399733304 ] ] ], [ [ [ -61.585601540443818, -10.755146439125072 ], [ -61.585819215384205, -10.754275867925474 ], [ -61.58551459602608, -10.754450012866965 ], [ -61.585340456121969, -10.755233513989534 ], [ -61.585601540443818, -10.755146439125072 ] ] ], [ [ [ -61.587212463189566, -10.753971008704193 ], [ -61.587517197034629, -10.754058067498329 ], [ -61.587821837895603, -10.754014532462637 ], [ -61.588116967389588, -10.753713979559624 ], [ -61.588253353798656, -10.753786381956941 ], [ -61.588061581429969, -10.754135228520466 ], [ -61.587343067762646, -10.754450008068178 ], [ -61.58773488308389, -10.755581794274809 ], [ -61.588039617462954, -10.755755933889397 ], [ -61.588474852559699, -10.755538259239097 ], [ -61.588390043285422, -10.755097287489036 ], [ -61.588823132845242, -10.754536953418734 ], [ -61.588609696844451, -10.754178689216848 ], [ -61.589171413130785, -10.753579182634009 ], [ -61.589389087775203, -10.753013237919459 ], [ -61.589259893044648, -10.752795614352568 ], [ -61.589234164124967, -10.752960611902228 ], [ -61.589040934153473, -10.752926281819839 ], [ -61.588818539983613, -10.753100077925799 ], [ -61.588431328395089, -10.752969817383635 ], [ -61.587734872212806, -10.753013352419234 ], [ -61.587212462416801, -10.753622847194197 ], [ -61.587212463189566, -10.753971008704193 ] ], [ [ -61.587810747319999, -10.754529809725552 ], [ -61.588111915095119, -10.754352569264134 ], [ -61.588112917732261, -10.754584454514292 ], [ -61.587810747319999, -10.754529809725552 ] ] ], [ [ [ -61.58914580299588, -10.75108450983848 ], [ -61.588912463684224, -10.750755151264407 ], [ -61.588914442045315, -10.750434676166051 ], [ -61.58904080802445, -10.750401125030136 ], [ -61.589041851512448, -10.748223742775115 ], [ -61.589476221445381, -10.74809516223716 ], [ -61.589117429973165, -10.748004963066723 ], [ -61.589302081302748, -10.747744218477916 ], [ -61.589302018239017, -10.747571472432549 ], [ -61.589041116744532, -10.747349345633282 ], [ -61.589127877562575, -10.746396015720308 ], [ -61.588875976595425, -10.746284784199634 ], [ -61.588627410534663, -10.74562029344172 ], [ -61.588609519343173, -10.745156953288113 ], [ -61.588823132313159, -10.745089964650257 ], [ -61.58856193350352, -10.744785230677852 ], [ -61.588257303509714, -10.744741695114081 ], [ -61.58814035319633, -10.745050282024092 ], [ -61.5873866027963, -10.744611090007059 ], [ -61.588039319620755, -10.745355512577735 ], [ -61.588000630103878, -10.745479392428834 ], [ -61.587430137832165, -10.745525325756121 ], [ -61.587386603330515, -10.745699351927076 ], [ -61.587603205979249, -10.745819954229479 ], [ -61.587517208437589, -10.746004097176732 ], [ -61.58795762904807, -10.746006321957783 ], [ -61.588197637166672, -10.746194178080119 ], [ -61.58825730404412, -10.746657122711776 ], [ -61.58858258071681, -10.746992273197334 ], [ -61.588257240446694, -10.747311531594544 ], [ -61.588257303510275, -10.747571347711643 ], [ -61.588473861498301, -10.747571540529014 ], [ -61.588387845553662, -10.748310173942119 ], [ -61.588517396526456, -10.748659655521724 ], [ -61.588026235162701, -10.748853636739328 ], [ -61.587778418118113, -10.748485708181553 ], [ -61.586452246373874, -10.75073715376071 ], [ -61.586272490612366, -10.750736229571348 ], [ -61.585688610278083, -10.750009434429929 ], [ -61.585296805827575, -10.749791759779647 ], [ -61.585253386049537, -10.74992223963789 ], [ -61.585586607568587, -10.750068690438596 ], [ -61.585676156815836, -10.750391637306519 ], [ -61.583947334979626, -10.750531854858007 ], [ -61.583822615548712, -10.750662136388238 ], [ -61.583816603210309, -10.750140028787721 ], [ -61.583643873427832, -10.750096442141171 ], [ -61.583594866926688, -10.750341072461062 ], [ -61.58329511641287, -10.750487133654524 ], [ -61.58290108429636, -10.750270582284038 ], [ -61.582205922682277, -10.750444785314592 ], [ -61.582155360675472, -10.750809957061955 ], [ -61.581639977849328, -10.751097815148871 ], [ -61.581596443587571, -10.751445976635518 ], [ -61.581857653267626, -10.751794246171768 ], [ -61.582031678152148, -10.751794245643676 ], [ -61.582379947566999, -10.751663641064713 ], [ -61.58218239307736, -10.75124066698274 ], [ -61.582896482247698, -10.751098009190549 ], [ -61.582851921226442, -10.751593587728713 ], [ -61.582741630932709, -10.751755391973512 ], [ -61.582510667932198, -10.751750836384677 ], [ -61.582410161220331, -10.751995269617355 ], [ -61.582162398517418, -10.752099116141949 ], [ -61.58216693454191, -10.752270857994004 ], [ -61.581683502254478, -10.751924976527331 ], [ -61.58133523260036, -10.752360331173959 ], [ -61.581368756812225, -10.752817250524153 ], [ -61.581030487590191, -10.75301335189098 ], [ -61.580463845471471, -10.753795877805118 ], [ -61.580203206653778, -10.753448702775668 ], [ -61.57927569283747, -10.753511884800002 ], [ -61.579158354927237, -10.75323102706928 ], [ -61.578897259971839, -10.753187492561644 ], [ -61.578845530849385, -10.753392248371826 ], [ -61.578505455282347, -10.753492242095012 ], [ -61.578491651707559, -10.753804170263917 ], [ -61.578244130048709, -10.753535772846984 ], [ -61.578153850052736, -10.753806754266574 ], [ -61.577895965022044, -10.753579307354565 ], [ -61.577740244128364, -10.754119829815622 ], [ -61.576676973152814, -10.753971123203657 ], [ -61.575897946224202, -10.754275523897222 ], [ -61.575127521644703, -10.754001357303355 ], [ -61.575109596610034, -10.753622842390168 ], [ -61.574630837346803, -10.753666377425855 ], [ -61.574076337193233, -10.754053681719478 ], [ -61.573808264439442, -10.754057848725942 ], [ -61.572831302697232, -10.753790514613227 ], [ -61.572367015491864, -10.753274562104743 ], [ -61.572236410384861, -10.753405042491764 ], [ -61.57248831172577, -10.753559819630517 ], [ -61.572490582717336, -10.753813874699615 ], [ -61.57153984957548, -10.754580617984059 ], [ -61.571489276864177, -10.755337601011083 ], [ -61.570960443600541, -10.756086736567262 ], [ -61.570407938649161, -10.75658322961057 ], [ -61.570223787586698, -10.757127219266817 ], [ -61.566980125802402, -10.760105051697936 ], [ -61.566265768300426, -10.760063447695083 ], [ -61.566097855096224, -10.759804817982998 ], [ -61.565052197494126, -10.759934236403989 ], [ -61.564269372727523, -10.759413002133876 ], [ -61.56312600693952, -10.759190815950344 ], [ -61.562027883631586, -10.758575937284034 ], [ -61.561047790959094, -10.757715136270731 ], [ -61.560112341969102, -10.75744402636397 ], [ -61.560004349077815, -10.757192652955023 ], [ -61.559867741019012, -10.757497116535314 ], [ -61.558701607388372, -10.757497116525204 ], [ -61.558392269042592, -10.757323320421568 ], [ -61.558612895083705, -10.757619417034757 ], [ -61.558294896235381, -10.757758608474351 ], [ -61.557694776032015, -10.757757484661285 ], [ -61.557218106795077, -10.757584468276047 ], [ -61.555996909646701, -10.757801019666601 ], [ -61.555736631866715, -10.757366855457171 ], [ -61.555732194634025, -10.757772151830476 ], [ -61.555486876709189, -10.757928299916651 ], [ -61.554121116281863, -10.758280747184891 ], [ -61.553734020226031, -10.758150486099163 ], [ -61.553624617451426, -10.758401797182017 ], [ -61.553000141008297, -10.758626791523506 ], [ -61.551208977286727, -10.759021187340553 ], [ -61.549162841481049, -10.76010943798544 ], [ -61.54981575175637, -10.759978832350345 ], [ -61.551290862553145, -10.759197437748778 ], [ -61.555344667810061, -10.758194928244484 ], [ -61.555649446536172, -10.758280965959077 ], [ -61.556965789549466, -10.758019818639307 ], [ -61.558261548676334, -10.758063290780791 ], [ -61.559132215938774, -10.757716042910417 ], [ -61.560036297523716, -10.757715073465073 ], [ -61.560975307918582, -10.758069759241193 ], [ -61.563006971953357, -10.759499946957613 ], [ -61.563853238019689, -10.75981389759785 ], [ -61.564105962605268, -10.760068715489709 ], [ -61.563964753609014, -10.760501253306021 ], [ -61.564285520792332, -10.760080793536833 ], [ -61.564477656689675, -10.76005558736313 ], [ -61.564617768273273, -10.760283577599594 ], [ -61.565178617233002, -10.760196813348699 ], [ -61.565633556456902, -10.760333581112892 ], [ -61.565662620000126, -10.760457718270349 ], [ -61.566663810559831, -10.760501252777962 ], [ -61.567752186451614, -10.759978832349855 ], [ -61.568551954240938, -10.759035952708585 ], [ -61.570059532709529, -10.757715006236708 ], [ -61.571278513709174, -10.756017139833737 ], [ -61.571591936577278, -10.755344514751243 ], [ -61.571757399101919, -10.755277044222169 ], [ -61.571766076709459, -10.754952699445704 ], [ -61.572269840061935, -10.754540858998173 ], [ -61.572973751004632, -10.75429807037143 ], [ -61.573634601429411, -10.754365048807825 ], [ -61.573934265905663, -10.754536952891028 ], [ -61.574282579954449, -10.754407380146086 ], [ -61.574615778425141, -10.754596333959881 ], [ -61.574848397266351, -10.754972303247701 ], [ -61.574936143211396, -10.75458159331124 ], [ -61.576583901638692, -10.754580812043335 ], [ -61.576807473871433, -10.754841698140634 ], [ -61.577068673214889, -10.754798163633088 ], [ -61.577125655778907, -10.754553729891413 ], [ -61.577373395620413, -10.754450915183098 ], [ -61.578025883413225, -10.754407453057457 ], [ -61.578113640200563, -10.75462402349039 ], [ -61.578592399463268, -10.754667558525995 ], [ -61.578672558112672, -10.75427771611545 ], [ -61.580029066510996, -10.754188672605542 ], [ -61.580322537330339, -10.754058130393457 ], [ -61.580420986220446, -10.754188672605517 ], [ -61.580652613244396, -10.754091309642279 ], [ -61.580923332567316, -10.754200217437113 ], [ -61.580986952554838, -10.754667558525933 ], [ -61.581117442402615, -10.754667557997848 ], [ -61.581422177020208, -10.754580483653811 ], [ -61.581428271922768, -10.754304127411308 ], [ -61.581770457067158, -10.754058068026557 ], [ -61.581791930733409, -10.753893555186172 ], [ -61.581988143116078, -10.753970997427105 ], [ -61.582336412530879, -10.753840392848193 ], [ -61.582292888365807, -10.753622842918441 ], [ -61.582032866857794, -10.753537177978538 ], [ -61.582244272524854, -10.753363742989684 ], [ -61.582641168651172, -10.753535647070395 ], [ -61.582844125978411, -10.753236929398138 ], [ -61.583294183315708, -10.753274437384457 ], [ -61.583739836078735, -10.752926219484884 ], [ -61.584005341984891, -10.752932625109551 ], [ -61.584252069359223, -10.753274436856373 ], [ -61.584469640149308, -10.753274436856366 ], [ -61.584537488622239, -10.752934738018434 ], [ -61.585132957231451, -10.752882684441674 ], [ -61.58537231644604, -10.752945895873861 ], [ -61.585470945969647, -10.753317971891976 ], [ -61.585601540206099, -10.753230902348731 ], [ -61.585673903254296, -10.752583903867784 ], [ -61.586501835168349, -10.752306372938397 ], [ -61.58690759127628, -10.752534341777986 ], [ -61.587081730884989, -10.752186072241775 ], [ -61.587081805201763, -10.751968531211107 ], [ -61.586812958957516, -10.751977145761643 ], [ -61.586946056229657, -10.751796481707158 ], [ -61.587342952503619, -10.751924850750553 ], [ -61.587681242513725, -10.751667546666779 ], [ -61.588165117099429, -10.751576876274958 ], [ -61.588387908618195, -10.751968386314248 ], [ -61.588518398466647, -10.751968385786167 ], [ -61.588910202917148, -10.751837781207248 ], [ -61.588768467113496, -10.751525049532136 ], [ -61.588869422866075, -10.751424757709433 ], [ -61.589345553273816, -10.751924851278526 ], [ -61.589258483202528, -10.751533160678434 ], [ -61.589128995306346, -10.751489432837145 ], [ -61.589209957979435, -10.751359201089878 ], [ -61.589426208445708, -10.75147470441717 ], [ -61.58938921443854, -10.751663641064557 ], [ -61.589655494728369, -10.751622341563971 ], [ -61.589803140084001, -10.751791646664129 ], [ -61.589444204851141, -10.752094605074179 ], [ -61.589215074295971, -10.75205558110645 ], [ -61.58912800475872, -10.752316677348713 ], [ -61.589258598461164, -10.752534341249859 ], [ -61.589600777303808, -10.752091435879388 ], [ -61.589910225027133, -10.752229658888949 ], [ -61.590167648935683, -10.75201415689131 ], [ -61.590564534272481, -10.752055456385524 ], [ -61.590564534272531, -10.7517508358568 ], [ -61.589766532473213, -10.751169172531842 ], [ -61.589780903096667, -10.750836589358546 ], [ -61.589473207690503, -10.750436136327853 ], [ -61.589563228452477, -10.750270644644068 ], [ -61.589389214198498, -10.750357719542036 ], [ -61.589325558683285, -10.751085434019027 ], [ -61.58914580299588, -10.75108450983848 ] ], [ [ -61.578954570271669, -10.753605714886611 ], [ -61.578956154723166, -10.753411243784848 ], [ -61.579055279352993, -10.753606890962613 ], [ -61.578954570271669, -10.753605714886611 ] ], [ [ -61.582859485454314, -10.751967013685134 ], [ -61.58266127851293, -10.752043204848313 ], [ -61.582652832436786, -10.751813984978106 ], [ -61.582794104468874, -10.751803986001152 ], [ -61.582859485454314, -10.751967013685134 ] ], [ [ -61.58333778141764, -10.751217639310129 ], [ -61.583234180159174, -10.75126499117399 ], [ -61.583169673291124, -10.751126069938955 ], [ -61.583267603987771, -10.751095044329499 ], [ -61.58333778141764, -10.751217639310129 ] ], [ [ -61.583600045771767, -10.750836668135431 ], [ -61.583859578614181, -10.750750510058083 ], [ -61.583721546933901, -10.750944356725762 ], [ -61.583600045771767, -10.750836668135431 ] ], [ [ -61.58416323982685, -10.752883357873122 ], [ -61.584041382550296, -10.752856850374162 ], [ -61.58406149556216, -10.752714774740204 ], [ -61.584202004152978, -10.752737220386319 ], [ -61.58416323982685, -10.752883357873122 ] ], [ [ -61.584905632138593, -10.752184688843183 ], [ -61.584595641711509, -10.752316447280856 ], [ -61.584426421481282, -10.752224262422169 ], [ -61.58477949089022, -10.752055761663534 ], [ -61.584905632138593, -10.752184688843183 ] ], [ [ -61.586690568606613, -10.751618733361065 ], [ -61.586157319559874, -10.751924913645638 ], [ -61.585895154692956, -10.751655654696384 ], [ -61.586447844547486, -10.751398067585773 ], [ -61.586690568606613, -10.751618733361065 ] ], [ [ -61.586994637999673, -10.750053876581504 ], [ -61.587246688859992, -10.750251157075004 ], [ -61.587299095267504, -10.750533539414704 ], [ -61.586964519559892, -10.750769177957659 ], [ -61.586691033305442, -10.750662267197876 ], [ -61.586994637999673, -10.750053876581504 ] ], [ [ -61.587565732953557, -10.750401430311859 ], [ -61.587918628479017, -10.75040531685457 ], [ -61.588083561443739, -10.750619367709533 ], [ -61.587904304644447, -10.750749186026999 ], [ -61.587430338942134, -10.750700536142736 ], [ -61.587565732953557, -10.750401430311859 ] ], [ [ -61.587778355055868, -10.749606842883269 ], [ -61.587670368856529, -10.749790476785666 ], [ -61.587572291412712, -10.749772020358204 ], [ -61.587579416740603, -10.749542710601485 ], [ -61.587778355055868, -10.749606842883269 ] ], [ [ -61.587996095252272, -10.751184841037318 ], [ -61.587930225909972, -10.751436191322789 ], [ -61.587616667858342, -10.751469729535645 ], [ -61.587667807603353, -10.751022991832871 ], [ -61.587996095252272, -10.751184841037318 ] ], [ [ -61.588736586935376, -10.746440004236025 ], [ -61.588441038358958, -10.746644077499264 ], [ -61.588103121644934, -10.745580280420857 ], [ -61.588593909337625, -10.745936755400724 ], [ -61.588736586935376, -10.746440004236025 ] ], [ [ -61.588296183667772, -10.751557527704993 ], [ -61.588523503914132, -10.751402736132352 ], [ -61.58868481182607, -10.751717535740667 ], [ -61.588296183667772, -10.751557527704993 ] ], [ [ -61.588867320396467, -10.750399752338186 ], [ -61.588579847492063, -10.750431484303421 ], [ -61.5884873685279, -10.750072740880894 ], [ -61.588846673349494, -10.749978150985175 ], [ -61.588867320396467, -10.750399752338186 ] ], [ [ -61.588643005872619, -10.746997835608063 ], [ -61.588732239275899, -10.747038451686603 ], [ -61.588607990784283, -10.747108317324042 ], [ -61.588643005872619, -10.746997835608063 ] ], [ [ -61.588997336053886, -10.746691192079268 ], [ -61.58892277022872, -10.746914196129946 ], [ -61.588653414341749, -10.746844164667616 ], [ -61.588857062208106, -10.746530698670979 ], [ -61.588997336053886, -10.746691192079268 ] ] ], [ [ [ -61.591652910164207, -10.752142526456931 ], [ -61.591478780892054, -10.751968511563271 ], [ -61.590564660401697, -10.75175083585682 ], [ -61.590564660401739, -10.752055456385527 ], [ -61.591652910164207, -10.752142526456931 ] ] ], [ [ [ -61.572498537939445, -10.749355653425221 ], [ -61.572758704150992, -10.748659734352895 ], [ -61.572671645484057, -10.748398638637907 ], [ -61.572149340312492, -10.74831156803849 ], [ -61.572502149346079, -10.748896566810672 ], [ -61.572319241372632, -10.749758208369718 ], [ -61.572105805277133, -10.749835294286894 ], [ -61.572192864478083, -10.749965774145791 ], [ -61.572497494470745, -10.749965774673882 ], [ -61.572498537939445, -10.749355653425221 ] ] ], [ [ [ -61.590608195196545, -10.749008133445512 ], [ -61.590564660401228, -10.749573959352377 ], [ -61.590912814558337, -10.749573959352388 ], [ -61.591130489976813, -10.749312744305625 ], [ -61.591174024238441, -10.74887740953085 ], [ -61.591043534923003, -10.74879045395943 ], [ -61.590608195196545, -10.749008133445512 ] ] ], [ [ [ -61.56827883506147, -10.747648433596254 ], [ -61.568405201118459, -10.747614882747859 ], [ -61.568361666082851, -10.747223192146691 ], [ -61.568231060975869, -10.747136122075304 ], [ -61.567578161325038, -10.747223197014781 ], [ -61.567969976888044, -10.74787609296186 ], [ -61.568134798951924, -10.747811632215994 ], [ -61.568100581995076, -10.748006698068894 ], [ -61.568231060975712, -10.74800669806887 ], [ -61.56827883506147, -10.747648433596254 ] ] ], [ [ [ -61.568710072494419, -10.747832557926195 ], [ -61.568853067234372, -10.747504173618546 ], [ -61.569101761930888, -10.747397202704331 ], [ -61.569056942975145, -10.747223129786926 ], [ -61.568683241144306, -10.747392471647899 ], [ -61.568666411332565, -10.747049052004011 ], [ -61.568448862280199, -10.74678784178999 ], [ -61.56836179220894, -10.747223067426818 ], [ -61.568529837386812, -10.747251451799881 ], [ -61.568492397316014, -10.747571347712194 ], [ -61.568710072494419, -10.747832557926195 ] ] ], [ [ [ -61.554017446411351, -10.747319877376087 ], [ -61.55425644065194, -10.747919627997904 ], [ -61.554604605681945, -10.747876092434208 ], [ -61.554778734420381, -10.747701963568552 ], [ -61.554473989170788, -10.747223181397278 ], [ -61.554263352202653, -10.747153014115572 ], [ -61.554299849562241, -10.74674430675392 ], [ -61.554084783445617, -10.746489851950546 ], [ -61.554125708885657, -10.746265410612523 ], [ -61.553908149496039, -10.746091281746962 ], [ -61.55355988008111, -10.747440742605576 ], [ -61.554017446411351, -10.747319877376087 ] ], [ [ -61.553858281400139, -10.747090007068349 ], [ -61.553818013401731, -10.747014040904601 ], [ -61.553949270097696, -10.747054023954419 ], [ -61.553858281400139, -10.747090007068349 ] ] ], [ [ [ -61.566968544941631, -10.746570166611587 ], [ -61.566489785674989, -10.746483096540254 ], [ -61.566359117505165, -10.746832646189956 ], [ -61.566598438395047, -10.747302239962776 ], [ -61.566489785675131, -10.747484277640952 ], [ -61.566881485740403, -10.747484277112859 ], [ -61.567186219585828, -10.747136008104585 ], [ -61.566968544941631, -10.746570166611587 ] ] ], [ [ [ -61.570999237935581, -10.745744869692654 ], [ -61.570973768223254, -10.745612395826996 ], [ -61.570614031707358, -10.745651419819369 ], [ -61.570494893701152, -10.745481791248043 ], [ -61.570233798742422, -10.745525325755619 ], [ -61.570224490122158, -10.745718828928112 ], [ -61.570086598800813, -10.745736041685079 ], [ -61.569886591870741, -10.745526731269814 ], [ -61.569885403201909, -10.744828765713025 ], [ -61.568535921480944, -10.744828765712954 ], [ -61.568519801242559, -10.74511755906979 ], [ -61.568156558636531, -10.745434004806762 ], [ -61.56775229083901, -10.745525326283657 ], [ -61.567551095248554, -10.745823111761474 ], [ -61.567055741138532, -10.745655930862583 ], [ -61.566750995888896, -10.745873606040904 ], [ -61.566750995888881, -10.746047621463832 ], [ -61.567296831125645, -10.746234137803995 ], [ -61.567273416317022, -10.746439436784833 ], [ -61.567621685732192, -10.746700646470737 ], [ -61.567503513172944, -10.746283886667102 ], [ -61.567752186453966, -10.746221761078393 ], [ -61.568003405559288, -10.74587738688683 ], [ -61.568332964955644, -10.745966578412691 ], [ -61.568448799218146, -10.746515855792122 ], [ -61.568274722137495, -10.74657016661164 ], [ -61.568318257173168, -10.7467006469988 ], [ -61.56852053795177, -10.746643555211563 ], [ -61.569754902480135, -10.747484277112738 ], [ -61.570720670740734, -10.747507125277719 ], [ -61.571017314128817, -10.747658417255366 ], [ -61.571041747852327, -10.747449947498245 ], [ -61.571452664485534, -10.747527812148402 ], [ -61.571583258722242, -10.747484277640757 ], [ -61.57155317120101, -10.747239843652933 ], [ -61.571723970010417, -10.747226972995414 ], [ -61.571757524991341, -10.747876092961771 ], [ -61.571919149342492, -10.747895988956602 ], [ -61.572105679150106, -10.748267908282784 ], [ -61.571931538473599, -10.747223181397651 ], [ -61.571441564111964, -10.746888918476325 ], [ -61.571931539007736, -10.746744182034368 ], [ -61.572018609079187, -10.746134816255031 ], [ -61.571810944704275, -10.746112854828407 ], [ -61.57175739886523, -10.745786535969707 ], [ -61.571495380881366, -10.745915954911405 ], [ -61.570999237935581, -10.745744869692654 ] ], [ [ -61.570307522738901, -10.746101596697528 ], [ -61.57023373568056, -10.746014862280877 ], [ -61.570364340786675, -10.746047382748275 ], [ -61.570307522738901, -10.746101596697528 ] ] ], [ [ [ -61.58938915137405, -10.746266690739228 ], [ -61.589956453587583, -10.746526569216115 ], [ -61.590433929166664, -10.74630883167719 ], [ -61.590433929166664, -10.746178351291212 ], [ -61.589953760090758, -10.745830008645404 ], [ -61.58938915137405, -10.746266690739228 ] ] ], [ [ [ -61.575766861184263, -10.745819962207612 ], [ -61.57602383236069, -10.745873481320876 ], [ -61.576154437467721, -10.74574287621388 ], [ -61.576197971969393, -10.745568850042343 ], [ -61.576056236709348, -10.745430144725693 ], [ -61.5761979725035, -10.745263990821504 ], [ -61.576146447604465, -10.745104461794892 ], [ -61.576372112646219, -10.745046315643204 ], [ -61.576502717219228, -10.744828651213936 ], [ -61.576328692865843, -10.744698160606161 ], [ -61.575588607887454, -10.74513351531211 ], [ -61.575588608663963, -10.746047632212667 ], [ -61.575806272438065, -10.746308831149502 ], [ -61.576067367396298, -10.746265296641916 ], [ -61.576067367396284, -10.746134816255163 ], [ -61.575822288393681, -10.746075329805159 ], [ -61.575766861184263, -10.745819962207612 ] ], [ [ -61.576003942200025, -10.745471991126635 ], [ -61.576067177645982, -10.745520362563754 ], [ -61.575937101654489, -10.745573934937331 ], [ -61.576003942200025, -10.745471991126635 ] ] ], [ [ [ -61.584608347109082, -10.745243303205729 ], [ -61.584905094892974, -10.745568735542891 ], [ -61.585209724886745, -10.745307525856939 ], [ -61.585210842073572, -10.74487236827089 ], [ -61.585340329993763, -10.744611090007162 ], [ -61.583860264907031, -10.744611090007034 ], [ -61.584034405049714, -10.744872175500268 ], [ -61.584380424618452, -10.744997159549976 ], [ -61.584278294705129, -10.745250501693269 ], [ -61.584077940085493, -10.745264115541991 ], [ -61.58412146425087, -10.745438130435947 ], [ -61.584608347109082, -10.745243303205729 ] ] ], [ [ [ -61.566925020776445, -10.745220455258 ], [ -61.567447429800318, -10.744828651214105 ], [ -61.56740390616887, -10.744611090534638 ], [ -61.567012206102667, -10.744611090006556 ], [ -61.566710089626106, -10.744849974985666 ], [ -61.566446239768752, -10.744654625570217 ], [ -61.566315646065981, -10.744915721285489 ], [ -61.56644623976883, -10.745220455258011 ], [ -61.566697160165972, -10.745046378017463 ], [ -61.566925020776445, -10.745220455258 ] ] ], [ [ [ -61.590129183917448, -10.744088669579051 ], [ -61.58973656080358, -10.744131018434391 ], [ -61.58943274947265, -10.743958064472071 ], [ -61.589519808673778, -10.74439328957971 ], [ -61.589750761580426, -10.744330105971391 ], [ -61.590085764137513, -10.744610964758071 ], [ -61.5903468593376, -10.744567425381215 ], [ -61.590129183917448, -10.744088669579051 ] ] ], [ [ [ -61.577417079627679, -10.74400159950741 ], [ -61.577410323117483, -10.744226496722904 ], [ -61.577068788472161, -10.744219275213844 ], [ -61.576851124164058, -10.744523895215117 ], [ -61.577547558609339, -10.744610965286466 ], [ -61.577637383589327, -10.744459150488296 ], [ -61.577852314729235, -10.744567429722695 ], [ -61.578103533754827, -10.744266590589376 ], [ -61.578374735157297, -10.744349754544329 ], [ -61.578505328860125, -10.744088555607496 ], [ -61.578331189251479, -10.743827459364761 ], [ -61.577939500055692, -10.743827459364747 ], [ -61.578067496096445, -10.744138959672844 ], [ -61.577759015906402, -10.74434729980096 ], [ -61.577808768289444, -10.743914518686951 ], [ -61.577678278971469, -10.743827459892808 ], [ -61.577565031706989, -10.744038231712562 ], [ -61.577417079627679, -10.74400159950741 ] ] ], [ [ [ -61.567186346245087, -10.743435644043458 ], [ -61.567142811209422, -10.743740264573352 ], [ -61.567355924540315, -10.743839394575744 ], [ -61.567073295033445, -10.744212602076564 ], [ -61.566489785431592, -10.744393419718536 ], [ -61.566620379911399, -10.744610964758628 ], [ -61.56740389529876, -10.744610965286768 ], [ -61.567294715128305, -10.744260085517238 ], [ -61.567409905682702, -10.743914728303604 ], [ -61.567969850762445, -10.744436825144017 ], [ -61.56801338526423, -10.743653308472711 ], [ -61.56783955436407, -10.743004620428815 ], [ -61.568143990905448, -10.74286956385996 ], [ -61.567848554173693, -10.742627841413675 ], [ -61.567882780691519, -10.742260198080416 ], [ -61.567752301708552, -10.742260198080388 ], [ -61.567491091250979, -10.742564948233467 ], [ -61.567617134764141, -10.743142833976648 ], [ -61.567447556459051, -10.743217968865121 ], [ -61.56742608280905, -10.743426017163605 ], [ -61.567186346245087, -10.743435644043458 ] ] ], [ [ [ -61.579289086161303, -10.743043828722769 ], [ -61.579376156232676, -10.743304914216296 ], [ -61.579738909499312, -10.743050171989552 ], [ -61.579505215019836, -10.743346947759642 ], [ -61.579593831411067, -10.743522589394646 ], [ -61.579985496200131, -10.743349481089179 ], [ -61.580344824189375, -10.743386311415078 ], [ -61.580290391981798, -10.743609659465982 ], [ -61.580422284939353, -10.743632875866515 ], [ -61.580464532124509, -10.74387086968002 ], [ -61.580812697154805, -10.743870869151952 ], [ -61.581335106178656, -10.743479065108069 ], [ -61.581160966570195, -10.742390803187774 ], [ -61.580620480627012, -10.742174997266835 ], [ -61.580203311039966, -10.741737778180767 ], [ -61.579767971310304, -10.742260202976366 ], [ -61.579941543625658, -10.742500663250075 ], [ -61.579637355576381, -10.742477873787147 ], [ -61.579506761096475, -10.742608483259287 ], [ -61.579289086161303, -10.743043828722769 ] ], [ [ -61.579584152793345, -10.742736550303066 ], [ -61.579739894606568, -10.742697722250691 ], [ -61.579679967266067, -10.742868502410481 ], [ -61.579584152793345, -10.742736550303066 ] ], [ [ -61.580594699764895, -10.742784303141251 ], [ -61.580406397966065, -10.742906755648569 ], [ -61.580340341708279, -10.742637092087884 ], [ -61.58053620756327, -10.742594796342251 ], [ -61.580594699764895, -10.742784303141251 ] ], [ [ -61.580551574634299, -10.743392105218176 ], [ -61.58044387417246, -10.743361692987879 ], [ -61.580494674279407, -10.743154659634129 ], [ -61.580594093784995, -10.743217213735916 ], [ -61.580551574634299, -10.743392105218176 ] ], [ [ -61.580663376060095, -10.742400652079342 ], [ -61.580595326985865, -10.742298769457546 ], [ -61.580725402978508, -10.74235234276847 ], [ -61.580663376060095, -10.742400652079342 ] ] ], [ [ [ -61.584556825235282, -10.744088674456854 ], [ -61.584695199230126, -10.744304196815262 ], [ -61.584195141387625, -10.744223832351572 ], [ -61.584034278923944, -10.744001599507577 ], [ -61.583816729628872, -10.74413220949277 ], [ -61.584028310104699, -10.744291069599052 ], [ -61.584077940085301, -10.744610965286297 ], [ -61.585296805828541, -10.744610964758321 ], [ -61.585978647697416, -10.74409457191887 ], [ -61.586259680830111, -10.743958245036248 ], [ -61.586515775957025, -10.744045009822509 ], [ -61.586684031445579, -10.743871193273527 ], [ -61.587343056890319, -10.744610964758113 ], [ -61.587514813337272, -10.74456698247028 ], [ -61.586341983736567, -10.742996235086435 ], [ -61.587255871806867, -10.741868253146903 ], [ -61.587299417469815, -10.740954147538927 ], [ -61.587031284859421, -10.741928809422918 ], [ -61.586124086518751, -10.742869693466128 ], [ -61.586282095772283, -10.743376157532028 ], [ -61.585383980285002, -10.743348574500775 ], [ -61.584556825235282, -10.744088674456854 ] ] ], [ [ [ -61.588518513722022, -10.73655698368735 ], [ -61.588953737422216, -10.735425083509121 ], [ -61.588953737422322, -10.734902766303728 ], [ -61.588779597279718, -10.734554486018373 ], [ -61.588561933505311, -10.734336822117307 ], [ -61.587909023222196, -10.734336821589231 ], [ -61.588039617459287, -10.734467301447189 ], [ -61.588537725915529, -10.734475882926288 ], [ -61.588864533361054, -10.734984101775614 ], [ -61.588518513722022, -10.73655698368735 ] ] ], [ [ [ -61.588039502208609, -10.728459591773904 ], [ -61.587691337172892, -10.72832898719496 ], [ -61.587635297929808, -10.728744440879783 ], [ -61.58743013782864, -10.728633731916561 ], [ -61.587125393112998, -10.728982001452721 ], [ -61.587424043174835, -10.729315017911951 ], [ -61.587571872667581, -10.729757531512449 ], [ -61.587299533255965, -10.730331587558462 ], [ -61.587336527189649, -10.730564070000543 ], [ -61.587081794483609, -10.730678484495501 ], [ -61.587458615035651, -10.730913275446852 ], [ -61.587560742936198, -10.731376314442747 ], [ -61.587755413941089, -10.731450265452493 ], [ -61.587558133960322, -10.732645709720106 ], [ -61.587299469661943, -10.733029376421632 ], [ -61.587604267102414, -10.733378925555447 ], [ -61.587734756423963, -10.733248331725676 ], [ -61.587669160484879, -10.732996737484768 ], [ -61.587992143848915, -10.733107240788675 ], [ -61.588038428831133, -10.73338045561858 ], [ -61.58773488361345, -10.734119135661665 ], [ -61.587821942280918, -10.734293161304477 ], [ -61.588170170375385, -10.733032039896173 ], [ -61.587955041118072, -10.73273277978752 ], [ -61.587780552616792, -10.731675439179396 ], [ -61.588020289745316, -10.731210755243506 ], [ -61.588648992173447, -10.731071579942187 ], [ -61.587897439450472, -10.731023647845189 ], [ -61.587477496158549, -10.730559748479015 ], [ -61.587475807358111, -10.730151712986716 ], [ -61.58777829146041, -10.729504318658147 ], [ -61.587695171317236, -10.729145552689699 ], [ -61.588170106781568, -10.728851293123096 ], [ -61.587911430062867, -10.728736536126283 ], [ -61.588039502208609, -10.728459591773904 ] ] ], [ [ [ -61.590213987549738, -10.731071121882541 ], [ -61.589998589683049, -10.730418668907166 ], [ -61.589476284505501, -10.730462203414724 ], [ -61.589476284505551, -10.730766823943314 ], [ -61.590213987549738, -10.731071121882541 ] ] ], [ [ [ -61.592436540810844, -10.729330292487498 ], [ -61.591827165561696, -10.729243222944104 ], [ -61.591662643850327, -10.729456705776204 ], [ -61.591306039618019, -10.729330230127125 ], [ -61.591217686466102, -10.729460886845185 ], [ -61.591304745133762, -10.729852587666162 ], [ -61.592480075846503, -10.729896123229944 ], [ -61.592436540810844, -10.729330292487498 ] ] ], [ [ [ -61.59104343053923, -10.729547968193771 ], [ -61.590707654514105, -10.7296586766104 ], [ -61.590782208921553, -10.729199676631133 ], [ -61.590564660397007, -10.729069082273364 ], [ -61.590564660397121, -10.729852588194275 ], [ -61.591043419669418, -10.729939658265584 ], [ -61.591174024242441, -10.729765528872084 ], [ -61.59104343053923, -10.729547968193771 ] ] ], [ [ [ -61.588562048756067, -10.72885128237391 ], [ -61.588997272459252, -10.728764223051733 ], [ -61.588702462322892, -10.728612734452932 ], [ -61.588649003577693, -10.728328987194997 ], [ -61.588444767150833, -10.728311382744401 ], [ -61.588474852565362, -10.728111311488586 ], [ -61.588126698399293, -10.728328986666916 ], [ -61.58821375760094, -10.728503001560481 ], [ -61.588462463606959, -10.728479363219058 ], [ -61.588562048756067, -10.72885128237391 ] ] ], [ [ [ -61.57445427204371, -10.725547715941282 ], [ -61.574151951948608, -10.725542744383759 ], [ -61.573977812339976, -10.725977980769217 ], [ -61.574509784180108, -10.726285248377556 ], [ -61.574362390690659, -10.726377103458047 ], [ -61.574231382517652, -10.726182321667174 ], [ -61.573969699625259, -10.72639060148291 ], [ -61.573760136627676, -10.726152234883079 ], [ -61.573803672197435, -10.726631006304263 ], [ -61.573934277304531, -10.727109891696633 ], [ -61.574239022020294, -10.727414626197199 ], [ -61.574461770533304, -10.727373326688605 ], [ -61.574665695305434, -10.727525628003859 ], [ -61.574587302305737, -10.727806441518199 ], [ -61.574716790296918, -10.727936978752615 ], [ -61.574064871008119, -10.727806566766589 ], [ -61.573831810635802, -10.728081336679248 ], [ -61.573629531521078, -10.728067776452503 ], [ -61.573715484474675, -10.728285259047723 ], [ -61.573556935902545, -10.728540193885619 ], [ -61.573107111093094, -10.728372521702179 ], [ -61.573063576591572, -10.729243108444425 ], [ -61.573367994096763, -10.729727441766897 ], [ -61.573281251236104, -10.730157333444422 ], [ -61.57354234620059, -10.730157332916326 ], [ -61.574717792163717, -10.729547842416913 ], [ -61.574999135201288, -10.729096423012123 ], [ -61.575109722734069, -10.729199562659614 ], [ -61.57567555207882, -10.729156027623922 ], [ -61.575501411402286, -10.728503116060105 ], [ -61.575274184749375, -10.72833139506559 ], [ -61.575153131117254, -10.726979389811671 ], [ -61.575024787120178, -10.726854415935447 ], [ -61.574848386401769, -10.725803954597815 ], [ -61.574717781294886, -10.725455674312389 ], [ -61.574195486984173, -10.7251509290627 ], [ -61.57445427204371, -10.725547715941282 ] ], [ [ -61.573862138193896, -10.728257638339137 ], [ -61.573962338149251, -10.728247987737623 ], [ -61.57385126785168, -10.728399414516939 ], [ -61.573862138193896, -10.728257638339137 ] ], [ [ -61.574175403886763, -10.726816679990799 ], [ -61.574300623903476, -10.727155413288283 ], [ -61.574084874767777, -10.727141164460839 ], [ -61.574033735661182, -10.726825031737595 ], [ -61.574175403886763, -10.726816679990799 ] ], [ [ -61.574506373414678, -10.728173556109249 ], [ -61.574615378558541, -10.728162499153251 ], [ -61.574529166684457, -10.728278983661669 ], [ -61.574506373414678, -10.728173556109249 ] ], [ [ -61.575197191121795, -10.728285894772675 ], [ -61.574804041146393, -10.728327800510721 ], [ -61.574718898412911, -10.72819844946485 ], [ -61.574805004149773, -10.728155753636315 ], [ -61.575197191121795, -10.728285894772675 ] ], [ [ -61.575011267913126, -10.727414688563998 ], [ -61.575059647226418, -10.727560152671066 ], [ -61.574923013131901, -10.727584639563965 ], [ -61.574898016023752, -10.727486546390262 ], [ -61.575011267913126, -10.727414688563998 ] ] ], [ [ [ -61.587255997685865, -10.728328861945915 ], [ -61.587632977529843, -10.727986608731428 ], [ -61.587870027226778, -10.727939444931712 ], [ -61.5880395130784, -10.72811118623946 ], [ -61.588300711888778, -10.727849987302681 ], [ -61.588213653221118, -10.727675961659934 ], [ -61.588002507687023, -10.727821362730674 ], [ -61.587952431603604, -10.727022924847628 ], [ -61.587778418113622, -10.726848795454174 ], [ -61.587560742935302, -10.727109880947173 ], [ -61.587863063001684, -10.727680932484107 ], [ -61.587615735929717, -10.727932660271923 ], [ -61.587212462650157, -10.727937171345895 ], [ -61.587255997685865, -10.728328861945915 ] ] ], [ [ [ -61.58725593462664, -10.725595735135963 ], [ -61.586994788005292, -10.725716770554929 ], [ -61.587504692927453, -10.726041401214548 ], [ -61.587821942279596, -10.726630995026708 ], [ -61.58799596717337, -10.726369910061807 ], [ -61.587782853620247, -10.72629477436482 ], [ -61.587778291461127, -10.726021619027241 ], [ -61.587519690701846, -10.725810708860338 ], [ -61.587821890089963, -10.725239268511894 ], [ -61.587517207899225, -10.72502032395605 ], [ -61.587320737351639, -10.725271634882505 ], [ -61.586994787222011, -10.725368609258657 ], [ -61.58725593462664, -10.725595735135963 ] ] ], [ [ [ -61.569351427015818, -10.657952451460496 ], [ -61.56979844836777, -10.658803409982685 ], [ -61.569972462695581, -10.658759869415631 ], [ -61.569887652412177, -10.658493046773332 ], [ -61.570103067802847, -10.658324519055807 ], [ -61.570320742172669, -10.657192727634374 ], [ -61.570146613430943, -10.657062133804613 ], [ -61.569885507571698, -10.657062133804628 ], [ -61.56962512850388, -10.657278622293216 ], [ -61.569188947001003, -10.657236273947282 ], [ -61.568884212343171, -10.657453954139958 ], [ -61.568927747654143, -10.65771503409097 ], [ -61.569351427015818, -10.657952451460496 ] ] ], [ [ [ -61.514596023174335, -10.833770843054936 ], [ -61.514552488138683, -10.834162533659667 ], [ -61.515074560552982, -10.834855165021215 ], [ -61.514968399069289, -10.834956045524667 ], [ -61.514813698352881, -10.834815683910936 ], [ -61.514899568559898, -10.835339514037093 ], [ -61.514596022963921, -10.835642853829913 ], [ -61.514607470271272, -10.835899548897565 ], [ -61.51423801999394, -10.835986938219525 ], [ -61.514204081159434, -10.835729908911196 ], [ -61.513993446128609, -10.835616210171755 ], [ -61.513986406515386, -10.835207499231959 ], [ -61.513769079354276, -10.835116375263548 ], [ -61.514029941551122, -10.834902629266034 ], [ -61.513942871479848, -10.834510938661253 ], [ -61.513764728940501, -10.83440999838826 ], [ -61.513899335910097, -10.834162647627135 ], [ -61.513527646717151, -10.834063212479339 ], [ -61.513421861225957, -10.833770780696931 ], [ -61.513413537636957, -10.834136018908595 ], [ -61.513202902032944, -10.834162658375888 ], [ -61.512891117190044, -10.835050254695849 ], [ -61.512566337529165, -10.835331145315175 ], [ -61.511770359868976, -10.835261019474803 ], [ -61.51207086494604, -10.83507676940877 ], [ -61.512099934983695, -10.834865561995663 ], [ -61.512375610195747, -10.834946164301753 ], [ -61.512332086033268, -10.834728614367583 ], [ -61.51185330505411, -10.834728614367625 ], [ -61.511671321299758, -10.834912973048738 ], [ -61.51124382542794, -10.834815683910884 ], [ -61.511345360500009, -10.835113961411125 ], [ -61.511113220320944, -10.834989824053531 ], [ -61.510776387241989, -10.835290058422016 ], [ -61.510329578805766, -10.835338104866926 ], [ -61.509853701117919, -10.835607746048476 ], [ -61.5096330182351, -10.835555780045238 ], [ -61.509241213576416, -10.835904064046428 ], [ -61.509363032792848, -10.83667547117267 ], [ -61.509383872299999, -10.836711324 ], [ -61.50940283540001, -10.836741682099994 ], [ -61.509417724500004, -10.836764254100007 ], [ -61.509441184100005, -10.836797786599993 ], [ -61.509466062500003, -10.836830916400004 ], [ -61.5094906116, -10.836862113700002 ], [ -61.509539704400005, -10.836922442600006 ], [ -61.509588206899998, -10.836979532200006 ], [ -61.509636057800009, -10.837033595400007 ], [ -61.509683204500007, -10.8370848289 ], [ -61.509729602600004, -10.837133414799993 ], [ -61.50977521450001, -10.837179521499994 ], [ -61.509820009, -10.837223304899991 ], [ -61.509859824244643, -10.837260993772833 ], [ -61.510226383973716, -10.837313007105543 ], [ -61.510278539568645, -10.83760348213287 ], [ -61.510324216700006, -10.837636165499992 ], [ -61.5103891336, -10.837680977700002 ], [ -61.510450614600003, -10.837722048699993 ], [ -61.510508777100007, -10.837759755199995 ], [ -61.510563746699994, -10.837794427900002 ], [ -61.510615654299997, -10.837826358200003 ], [ -61.510664633800005, -10.837855803199997 ], [ -61.510710819499998, -10.837882991 ], [ -61.510798082800008, -10.837932923499997 ], [ -61.510875109499999, -10.837975549300005 ], [ -61.510942988099998, -10.838012075400005 ], [ -61.511002727, -10.838043474700003 ], [ -61.511107987799996, -10.838097238300001 ], [ -61.511146059413761, -10.838116106800607 ], [ -61.511461512282224, -10.838038183631864 ], [ -61.511677765591593, -10.838211354335082 ], [ -61.51208545578573, -10.838087154625097 ], [ -61.512101072076732, -10.8382373520672 ], [ -61.511809717811857, -10.838386826162871 ], [ -61.511928387061083, -10.838465289800647 ], [ -61.512006887399991, -10.838497079599998 ], [ -61.512085656676454, -10.838528409419915 ], [ -61.51235220101713, -10.837962457599108 ], [ -61.512782016365826, -10.837956549533487 ], [ -61.512667027529382, -10.838411492214576 ], [ -61.512443668437157, -10.838564057471384 ], [ -61.512288666284761, -10.838429091871413 ], [ -61.512247751908134, -10.838592644285377 ], [ -61.512535433899998, -10.838705667599998 ], [ -61.5126613435, -10.838755518499996 ], [ -61.512771281399999, -10.838799578899998 ], [ -61.512867244100008, -10.838838608400007 ], [ -61.512950996699999, -10.838873217400003 ], [ -61.512987104614837, -10.838888380841986 ], [ -61.51355105636766, -10.838646638114749 ], [ -61.513304109198778, -10.83855222301829 ], [ -61.513289845943994, -10.838385556835785 ], [ -61.513036840573335, -10.838372638403799 ], [ -61.513048726063737, -10.838266370921692 ], [ -61.513415391139048, -10.838039387287264 ], [ -61.513986406724676, -10.838037147611093 ], [ -61.513816506586707, -10.837873121589327 ], [ -61.513808263930564, -10.837615671682856 ], [ -61.514117011621948, -10.837297056227843 ], [ -61.514051886356789, -10.836853808557759 ], [ -61.514233151916891, -10.836519893356213 ], [ -61.514536352520189, -10.836485841459737 ], [ -61.51468309324629, -10.836948775942467 ], [ -61.514903978374065, -10.83680841472626 ], [ -61.515262319201774, -10.836842073414081 ], [ -61.515420927515784, -10.837117290721325 ], [ -61.515434635776586, -10.837466810185953 ], [ -61.515205398386904, -10.837340716507804 ], [ -61.514726628071955, -10.837384255243327 ], [ -61.514596022965115, -10.83768900049076 ], [ -61.514683093246482, -10.837906546727201 ], [ -61.515093721873576, -10.837680154195031 ], [ -61.51525033274276, -10.837776003978567 ], [ -61.515640737870257, -10.837688871548819 ], [ -61.515679746762245, -10.837342989482876 ], [ -61.515989018155622, -10.837558266441803 ], [ -61.516119622728546, -10.83707939179822 ], [ -61.5160325526573, -10.836644144660282 ], [ -61.515684283779443, -10.836252340616102 ], [ -61.515423628728939, -10.836231595734899 ], [ -61.515120927228942, -10.835606073785186 ], [ -61.515510132974711, -10.835076765164297 ], [ -61.515510132229672, -10.834772138126494 ], [ -61.514900653137836, -10.833770843583016 ], [ -61.514596023174335, -10.833770843054936 ] ], [ [ -61.510087583830916, -10.836565541221608 ], [ -61.510043928299851, -10.836852626001631 ], [ -61.509817056632386, -10.836883407856416 ], [ -61.50991698359104, -10.83656605001231 ], [ -61.510087583830916, -10.836565541221608 ] ], [ [ -61.510606393771099, -10.835552341196331 ], [ -61.510391183086846, -10.836210656326491 ], [ -61.510121726699012, -10.836100740504421 ], [ -61.510353794116938, -10.83565130547403 ], [ -61.510606393771099, -10.835552341196331 ] ], [ [ -61.510547791056773, -10.836947404188557 ], [ -61.510460990453481, -10.837034784605873 ], [ -61.510330581008766, -10.836992244603199 ], [ -61.510414587912443, -10.83680945319615 ], [ -61.510547791056773, -10.836947404188557 ] ], [ [ -61.511275849119151, -10.8360022877515 ], [ -61.511363521359229, -10.835980422126982 ], [ -61.511298143478484, -10.83608878297011 ], [ -61.511275849119151, -10.8360022877515 ] ], [ [ -61.51153673389252, -10.836299660190939 ], [ -61.511674935597121, -10.836329300244818 ], [ -61.511509339107867, -10.836403771491993 ], [ -61.51153673389252, -10.836299660190939 ] ], [ [ -61.512031570114956, -10.837330606076529 ], [ -61.512134951916003, -10.837301072500551 ], [ -61.512061268335735, -10.837423594403818 ], [ -61.512031570114956, -10.837330606076529 ] ], [ [ -61.512342391227399, -10.836731163132734 ], [ -61.513246439024918, -10.836861791233089 ], [ -61.512898156783862, -10.837123040801353 ], [ -61.512969091214011, -10.837368300117038 ], [ -61.512726646156167, -10.837405443788059 ], [ -61.51241115064132, -10.837239031932015 ], [ -61.512636820619562, -10.837122911853971 ], [ -61.512549761211218, -10.83694890118673 ], [ -61.512201533133037, -10.836894591468093 ], [ -61.512342391227399, -10.836731163132734 ] ], [ [ -61.51254986791006, -10.835947478612022 ], [ -61.512584100363021, -10.836097563713082 ], [ -61.512441483529763, -10.83611183607449 ], [ -61.512384921368728, -10.835928106375178 ], [ -61.51254986791006, -10.835947478612022 ] ], [ [ -61.513420549642404, -10.835207495442123 ], [ -61.513163481011141, -10.835130414346983 ], [ -61.513192805019081, -10.834688859539432 ], [ -61.513459872075757, -10.834979714170107 ], [ -61.513420549642404, -10.835207495442123 ] ], [ [ -61.513278569239581, -10.835250971920097 ], [ -61.513326964512558, -10.835396436984006 ], [ -61.513186314860555, -10.835418215371256 ], [ -61.513144863887469, -10.835310153511717 ], [ -61.513278569239581, -10.835250971920097 ] ], [ [ -61.513681789381565, -10.836644116054755 ], [ -61.513199779247941, -10.836696121625589 ], [ -61.513149683054507, -10.83651101525205 ], [ -61.513455615194182, -10.836423555322035 ], [ -61.513681789381565, -10.836644116054755 ] ], [ [ -61.513653188812349, -10.83596331251133 ], [ -61.513797329951743, -10.835963312511621 ], [ -61.513698986508032, -10.836151659572151 ], [ -61.513653188812349, -10.83596331251133 ] ], [ [ -61.513943523850052, -10.835684888116802 ], [ -61.513786661094876, -10.835760154712993 ], [ -61.513694180367018, -10.835488480122113 ], [ -61.513880657930024, -10.835437332802428 ], [ -61.513943523850052, -10.835684888116802 ] ], [ [ -61.51384020763355, -10.836205366962675 ], [ -61.514023525056899, -10.836368022893193 ], [ -61.51371985602605, -10.836570701137118 ], [ -61.51384020763355, -10.836205366962675 ] ], [ [ -61.514539092625448, -10.836474555200219 ], [ -61.514579585312241, -10.836040830141739 ], [ -61.514720085630792, -10.836441277815773 ], [ -61.514539092625448, -10.836474555200219 ] ], [ [ -61.515752620187719, -10.836697520876834 ], [ -61.515684588870982, -10.836595673537698 ], [ -61.515814664717546, -10.836649213196933 ], [ -61.515752620187719, -10.836697520876834 ] ], [ [ -61.5157317586239, -10.837155971428798 ], [ -61.515827986795372, -10.837127186791802 ], [ -61.515761746403143, -10.83724945425439 ], [ -61.5157317586239, -10.837155971428798 ] ] ], [ [ [ -61.526393891146554, -10.835207385264212 ], [ -61.526350367518319, -10.834989824581989 ], [ -61.526089157304341, -10.834902754510647 ], [ -61.525740981432897, -10.834989824582014 ], [ -61.525748558492104, -10.835346740169193 ], [ -61.525523317127863, -10.835338104339279 ], [ -61.525523317662056, -10.835512130513903 ], [ -61.526176216502328, -10.835512119765115 ], [ -61.526393891146554, -10.835207385264212 ] ] ], [ [ [ -61.509241213786957, -10.834206193411434 ], [ -61.509169867803621, -10.834705525247511 ], [ -61.509157417484829, -10.834818189758321 ], [ -61.509371703607812, -10.834989698809443 ], [ -61.509411832538994, -10.834711371216329 ], [ -61.509657233451108, -10.834519394547227 ], [ -61.510068264178557, -10.834641418524077 ], [ -61.510231505122057, -10.834461623542884 ], [ -61.510460068626472, -10.834467278909486 ], [ -61.510242404321289, -10.83407558883253 ], [ -61.509866713577537, -10.834146707496238 ], [ -61.509894113162879, -10.833770843054792 ], [ -61.509311939746205, -10.83377084308052 ], [ -61.509284749654128, -10.833917703205659 ], [ -61.509284750778299, -10.834119037978292 ], [ -61.509524014107861, -10.83421409071328 ], [ -61.509241213786957, -10.834206193411434 ] ] ], [ [ [ -61.519733157382554, -10.829852565128265 ], [ -61.520211916617015, -10.829809030092585 ], [ -61.520342521189946, -10.829460760556023 ], [ -61.520212031901806, -10.829243199873549 ], [ -61.519733157169718, -10.829678553984515 ], [ -61.519733157382554, -10.829852565128265 ] ] ], [ [ [ -61.526211197884223, -10.82944114245179 ], [ -61.526219866824356, -10.829809029564329 ], [ -61.526479015412015, -10.829626171198074 ], [ -61.526617626225907, -10.829709537282882 ], [ -61.526508487604936, -10.82996734396189 ], [ -61.526350482804482, -10.829983294952038 ], [ -61.526394017840211, -10.83041852059179 ], [ -61.526834370085602, -10.830114080614404 ], [ -61.527351673339517, -10.830331449992377 ], [ -61.527545928068122, -10.830039081190524 ], [ -61.528527108429678, -10.829330144699988 ], [ -61.52863850859287, -10.828119744378105 ], [ -61.529963903571485, -10.828112195571219 ], [ -61.530225090105766, -10.828459443458501 ], [ -61.530385844761781, -10.828222134934387 ], [ -61.530919255157336, -10.828284853298118 ], [ -61.529701270393666, -10.827937085917464 ], [ -61.52595866748306, -10.828067753382605 ], [ -61.526263085421505, -10.828410576294205 ], [ -61.525915132234481, -10.828546643060708 ], [ -61.525871597945986, -10.828764199985175 ], [ -61.526186858710169, -10.829044705854757 ], [ -61.525828062910414, -10.829243085377554 ], [ -61.526211197884223, -10.82944114245179 ] ], [ [ -61.528397029623314, -10.828721224316348 ], [ -61.52822489691674, -10.828780029497931 ], [ -61.528212391748255, -10.828202139254332 ], [ -61.528317933344994, -10.828235362219294 ], [ -61.528397029623314, -10.828721224316348 ] ] ], [ [ [ -61.521262780249863, -10.82576007292908 ], [ -61.520821533273441, -10.825586256349322 ], [ -61.520432347375966, -10.825912196476557 ], [ -61.520168507738383, -10.825673326420629 ], [ -61.520473189910895, -10.826205197443528 ], [ -61.520081437667265, -10.826631097205354 ], [ -61.520267025685335, -10.828193847579174 ], [ -61.519994356723267, -10.82815482398181 ], [ -61.519521690319593, -10.828456988807313 ], [ -61.519122743940585, -10.828458382596128 ], [ -61.518494965738547, -10.82818915387171 ], [ -61.518339920956628, -10.827893613767749 ], [ -61.51818999301171, -10.827990441175814 ], [ -61.517774069904043, -10.827806543696394 ], [ -61.517662560171019, -10.828058548758536 ], [ -61.517295195384676, -10.828111288418018 ], [ -61.517227209790079, -10.82840682904558 ], [ -61.516038887426014, -10.828979409216039 ], [ -61.515597328993721, -10.828981989131355 ], [ -61.51546935333343, -10.82913378857131 ], [ -61.515161967764044, -10.829025524695071 ], [ -61.515097459550766, -10.829241902139529 ], [ -61.514726628280364, -10.829199664309659 ], [ -61.514628156407653, -10.829417277131231 ], [ -61.514378347994942, -10.828981989131318 ], [ -61.514247679809316, -10.829200933638882 ], [ -61.51437130852829, -10.829434234874 ], [ -61.513833589723113, -10.829929860994795 ], [ -61.512819075302268, -10.830265177524225 ], [ -61.512332201318706, -10.830200970129978 ], [ -61.512266328415052, -10.830365211361132 ], [ -61.51155477858179, -10.830764345683679 ], [ -61.511331096653265, -10.830674398477704 ], [ -61.511461373913569, -10.830070354274191 ], [ -61.511243825426938, -10.83002682998732 ], [ -61.51114062009507, -10.830402694421188 ], [ -61.510677859090293, -10.830549250943363 ], [ -61.510011265641793, -10.831137433708395 ], [ -61.509969024700005, -10.831259328699995 ], [ -61.509834608200002, -10.831679368500007 ], [ -61.509711523699998, -10.832101090299998 ], [ -61.509634856799998, -10.83238353 ], [ -61.509537958900005, -10.832762161100002 ], [ -61.509458889179754, -10.833091813529183 ], [ -61.509458888965071, -10.833161227839398 ], [ -61.50961293913435, -10.83312923669866 ], [ -61.509697103598008, -10.833348611239918 ], [ -61.509401692857061, -10.833336697511816 ], [ -61.509345883926535, -10.8335947683318 ], [ -61.50932828385816, -10.833770718338821 ], [ -61.510503603662301, -10.833596578196087 ], [ -61.510372998555368, -10.833161352555411 ], [ -61.510029281350576, -10.832955616455783 ], [ -61.510169403093776, -10.832759133676293 ], [ -61.510535587428073, -10.833050358263572 ], [ -61.510634334928199, -10.833378903017728 ], [ -61.511398648356945, -10.833076806983005 ], [ -61.511471058302767, -10.833294368002738 ], [ -61.51124382542767, -10.833727183303035 ], [ -61.511464130089259, -10.8336189197188 ], [ -61.512070980232266, -10.833770717810655 ], [ -61.513352519012237, -10.833679287612579 ], [ -61.513507521123351, -10.833770718338672 ], [ -61.513855801408759, -10.833465973088964 ], [ -61.513676321060274, -10.833349108492285 ], [ -61.513600687745765, -10.83301546844339 ], [ -61.514232916810492, -10.832209483896648 ], [ -61.514421756872629, -10.832551737339895 ], [ -61.514421819951998, -10.832117781028566 ], [ -61.51433468680149, -10.831594091271432 ], [ -61.513551171444718, -10.831637626835148 ], [ -61.513420577744945, -10.83176822066533 ], [ -61.513507647282168, -10.831985781876206 ], [ -61.513909059769979, -10.832033508584761 ], [ -61.513959912932442, -10.832183177921195 ], [ -61.513525705923101, -10.832597249045829 ], [ -61.513035178303035, -10.832784334834052 ], [ -61.513018027551077, -10.831945057794492 ], [ -61.513209318422412, -10.831492098901437 ], [ -61.51359459140766, -10.831245681994597 ], [ -61.513608366242458, -10.831080368529696 ], [ -61.513855801409264, -10.831071546127182 ], [ -61.513473306805537, -10.830266989122869 ], [ -61.513948058550746, -10.830159545841544 ], [ -61.514291151766052, -10.830505590663432 ], [ -61.514182491972754, -10.830149413061875 ], [ -61.514402551991672, -10.829904680786555 ], [ -61.516032564066016, -10.829243074100946 ], [ -61.517328632751543, -10.828463349447311 ], [ -61.518283949975064, -10.828303893384568 ], [ -61.518278571874269, -10.828446268682976 ], [ -61.517877612438568, -10.828670284823037 ], [ -61.517599940634483, -10.82867724388174 ], [ -61.51794950491724, -10.82911253188025 ], [ -61.518078699869463, -10.829068934486267 ], [ -61.518098825168501, -10.828776565102448 ], [ -61.518736853059998, -10.828503284297275 ], [ -61.519194585278584, -10.82864847436316 ], [ -61.519384866224037, -10.829112468993822 ], [ -61.520356600957406, -10.828797444839882 ], [ -61.520342647881783, -10.829112469521849 ], [ -61.520473137704151, -10.829156004029462 ], [ -61.52082140711655, -10.828981864414837 ], [ -61.520958554729866, -10.82853171657873 ], [ -61.521118163789851, -10.828482306469546 ], [ -61.52221452825799, -10.828677119165121 ], [ -61.522270582151769, -10.828435804431701 ], [ -61.52286755379312, -10.828111163701413 ], [ -61.523128764007176, -10.827675938061475 ], [ -61.522693528934717, -10.827588868518225 ], [ -61.522445563716133, -10.827860377474693 ], [ -61.522388668400822, -10.827632403025842 ], [ -61.52191789772251, -10.827783680823421 ], [ -61.521561618007325, -10.827719473625221 ], [ -61.521384364922, -10.827945581117341 ], [ -61.521387362580576, -10.827153517633437 ], [ -61.521078013675215, -10.82732731374759 ], [ -61.520975008441155, -10.827183809343357 ], [ -61.521823409061504, -10.826022586694123 ], [ -61.521975033493597, -10.826160109165716 ], [ -61.521779304058342, -10.826326351955737 ], [ -61.521778104227344, -10.82680664662594 ], [ -61.521605163915815, -10.827196927952393 ], [ -61.52186624797293, -10.827196927952379 ], [ -61.522030416471679, -10.826852553138558 ], [ -61.52230159832969, -10.826892182702705 ], [ -61.522127521265688, -10.826554676873091 ], [ -61.522258063294103, -10.826500367381664 ], [ -61.522432202902749, -10.825890887631102 ], [ -61.522305548872808, -10.82566272251117 ], [ -61.52276139905635, -10.825203520968971 ], [ -61.522954624079411, -10.825194311998189 ], [ -61.522911204112617, -10.82502030141373 ], [ -61.522422605611119, -10.825277319423845 ], [ -61.522436153972002, -10.825009697002278 ], [ -61.523057081640566, -10.824527748163073 ], [ -61.523215834079195, -10.82454129077651 ], [ -61.523215834079195, -10.824410810386352 ], [ -61.522867669076852, -10.824410810914374 ], [ -61.522233739106838, -10.825141701353548 ], [ -61.521912538586257, -10.825259171044207 ], [ -61.521735769022428, -10.825150905992663 ], [ -61.521614761708939, -10.825669134753081 ], [ -61.521387477864273, -10.825629791913059 ], [ -61.521262780249863, -10.82576007292908 ] ], [ [ -61.510764813876662, -10.831811766449716 ], [ -61.510415737180288, -10.831854115367141 ], [ -61.510397328835353, -10.831733152268688 ], [ -61.510783951925575, -10.831633140860426 ], [ -61.511026141660849, -10.831724580152139 ], [ -61.511065445161556, -10.832082961876248 ], [ -61.510781401343941, -10.832327227842327 ], [ -61.510416648876593, -10.832334187405754 ], [ -61.509935391382257, -10.832561457426431 ], [ -61.50977054758242, -10.832481687515854 ], [ -61.509971586040457, -10.832251183761647 ], [ -61.510721278840975, -10.832072851947663 ], [ -61.510764813876662, -10.831811766449716 ] ], [ [ -61.5102425174505, -10.831942280713703 ], [ -61.510056805752015, -10.832024930730718 ], [ -61.510031260817584, -10.831840379148849 ], [ -61.510169914852376, -10.8318181094967 ], [ -61.5102425174505, -10.831942280713703 ] ], [ [ -61.510841367446055, -10.830704084608684 ], [ -61.51094420272392, -10.830636508116212 ], [ -61.510890296413727, -10.830766613272512 ], [ -61.510841367446055, -10.830704084608684 ] ], [ [ -61.51175991206788, -10.832941097464374 ], [ -61.511561898342116, -10.832839007446404 ], [ -61.51155087046866, -10.832677369599569 ], [ -61.512032516699797, -10.832597507825072 ], [ -61.512376262555946, -10.832898645846239 ], [ -61.512196865627089, -10.833030403421422 ], [ -61.51175991206788, -10.832941097464374 ] ], [ [ -61.512277092725242, -10.833287446763832 ], [ -61.512228089703079, -10.833181631710431 ], [ -61.512371496211024, -10.833258407823328 ], [ -61.512277092725242, -10.833287446763832 ] ], [ [ -61.512985208378808, -10.832856593597706 ], [ -61.512867850112208, -10.832839727884746 ], [ -61.512827095953909, -10.832698293363443 ], [ -61.512971872333694, -10.832742756910049 ], [ -61.512985208378808, -10.832856593597706 ] ], [ [ -61.519712366107733, -10.828555603732935 ], [ -61.519895620217966, -10.828653319860463 ], [ -61.519699434295333, -10.828743319241802 ], [ -61.519712366107733, -10.828555603732935 ] ], [ [ -61.520342645725314, -10.828503069865846 ], [ -61.520225312840694, -10.828638250299152 ], [ -61.520129409580349, -10.828602112632639 ], [ -61.520197216378982, -10.828421935810557 ], [ -61.520342645725314, -10.828503069865846 ] ], [ [ -61.520952136224174, -10.825890967725707 ], [ -61.520747236998488, -10.826060968419927 ], [ -61.520641333725237, -10.826034029484685 ], [ -61.520763171598666, -10.825809833678072 ], [ -61.520952136224174, -10.825890967725707 ] ], [ [ -61.520698656871261, -10.826298705432748 ], [ -61.520795731104705, -10.826289472653706 ], [ -61.520717875270968, -10.826406462958476 ], [ -61.520698656871261, -10.826298705432748 ] ], [ [ -61.522013440821773, -10.828409074596442 ], [ -61.521866374130084, -10.828328963596489 ], [ -61.521827366296456, -10.828544240563639 ], [ -61.521466438588654, -10.828401420056679 ], [ -61.521817651848039, -10.828026329104519 ], [ -61.52217618047829, -10.827982794057348 ], [ -61.52221421758933, -10.828156505063868 ], [ -61.522013440821773, -10.828409074596442 ] ], [ [ -61.522030949433585, -10.825392860630529 ], [ -61.522165931779803, -10.8252836218493 ], [ -61.522306252082302, -10.825453253033103 ], [ -61.522030949433585, -10.825392860630529 ] ] ], [ [ [ -61.529441470336806, -10.828807848989058 ], [ -61.529267330194209, -10.829286609664313 ], [ -61.529522516860069, -10.82919986317712 ], [ -61.529615599606544, -10.829373679207563 ], [ -61.529750367785191, -10.829233200343861 ], [ -61.529963764606727, -10.82933014469997 ], [ -61.530241126533461, -10.828866149615923 ], [ -61.530573255106162, -10.828807724271904 ], [ -61.530529720070504, -10.828677243882073 ], [ -61.529988215312208, -10.828537434103692 ], [ -61.529833274784728, -10.828328964124749 ], [ -61.529746216120579, -10.828459454735412 ], [ -61.529913361702882, -10.828782506325691 ], [ -61.52965441529723, -10.82898164510198 ], [ -61.529571949285817, -10.828764313953373 ], [ -61.529441470336806, -10.828807848989058 ] ] ], [ [ [ -61.524043115040598, -10.828241894053264 ], [ -61.523999590877963, -10.828590049093746 ], [ -61.525869191133438, -10.828110713183115 ], [ -61.525566841289006, -10.828024218874965 ], [ -61.524517281277127, -10.828372154613536 ], [ -61.524043115040598, -10.828241894053264 ] ] ], [ [ [ -61.519733030690972, -10.827632289057922 ], [ -61.519689496189528, -10.827240587704704 ], [ -61.51947183188414, -10.827109983125741 ], [ -61.518862445795712, -10.827327658304084 ], [ -61.518731852095826, -10.827545322205557 ], [ -61.518905980831434, -10.82780641792376 ], [ -61.519338586464301, -10.827654618802505 ], [ -61.519602436991029, -10.827762882888075 ], [ -61.519733030690972, -10.827632289057922 ] ] ], [ [ [ -61.523683589350448, -10.826315948451215 ], [ -61.523433635413724, -10.82597807167042 ], [ -61.523199825104605, -10.826397471051262 ], [ -61.52282414491448, -10.826631097205441 ], [ -61.522737075377364, -10.827022798558486 ], [ -61.523136858500507, -10.827073490084992 ], [ -61.523238077419236, -10.827286722164811 ], [ -61.523128890698494, -10.827501683950839 ], [ -61.523259369114236, -10.827545208237698 ], [ -61.523680019103544, -10.826811139497712 ], [ -61.523955916280073, -10.82671810495523 ], [ -61.524086650076001, -10.826892182174619 ], [ -61.524521885148751, -10.826848647666951 ], [ -61.524711503635878, -10.826375977316248 ], [ -61.525000770541205, -10.826369762274584 ], [ -61.524966159787638, -10.82590523181924 ], [ -61.525172630918448, -10.825846891411972 ], [ -61.5250443164499, -10.825586256877539 ], [ -61.524609070503857, -10.825629791913176 ], [ -61.524329941957788, -10.826051841684144 ], [ -61.523738302018465, -10.826369820066212 ], [ -61.523430879820026, -10.826826431999883 ], [ -61.523150181913714, -10.826584838031604 ], [ -61.523375273802529, -10.826288719071769 ], [ -61.523683589350448, -10.826315948451215 ] ], [ [ -61.522826444670493, -10.826756604952838 ], [ -61.522968020112884, -10.826698408266202 ], [ -61.522863026391583, -10.826846374171028 ], [ -61.522826444670493, -10.826756604952838 ] ] ], [ [ [ -61.515118443600102, -10.82310463459965 ], [ -61.515390261554501, -10.823150980710095 ], [ -61.51515959694563, -10.823419101753551 ], [ -61.514726512997051, -10.822800014594428 ], [ -61.514475565199533, -10.82277867402928 ], [ -61.514465291910369, -10.822582338887981 ], [ -61.514247742670968, -10.822756483370439 ], [ -61.514160673349487, -10.823017575277106 ], [ -61.514508953100822, -10.823627055027691 ], [ -61.515009955542773, -10.823798595763341 ], [ -61.514465418065285, -10.824193135207748 ], [ -61.514421883029677, -10.82454129077677 ], [ -61.514726502123992, -10.824497755741083 ], [ -61.5147707328995, -10.824281185270705 ], [ -61.515205387516353, -10.824367150634048 ], [ -61.515140263227501, -10.824141578132195 ], [ -61.515287929675416, -10.823760058352745 ], [ -61.515718433683141, -10.823987201747517 ], [ -61.515771458262563, -10.824149474927637 ], [ -61.516076074579082, -10.823976367113621 ], [ -61.516293762873964, -10.82406241613312 ], [ -61.51614156909104, -10.823809217221871 ], [ -61.516163157767124, -10.823278888709945 ], [ -61.515859612870244, -10.822932028379116 ], [ -61.515901948087404, -10.822538803852366 ], [ -61.515684388190955, -10.822495269344756 ], [ -61.515524725074947, -10.822706476220739 ], [ -61.515074908348758, -10.822800018405115 ], [ -61.515118443600102, -10.82310463459965 ] ], [ [ -61.514683088535243, -10.823061200478561 ], [ -61.514555696069593, -10.82311451826002 ], [ -61.514504824709562, -10.823031434723719 ], [ -61.514636224124111, -10.822920735492154 ], [ -61.514683088535243, -10.823061200478561 ] ], [ [ -61.515727925511605, -10.822930502946837 ], [ -61.515741204778344, -10.823109302058301 ], [ -61.51538607002643, -10.823119556865349 ], [ -61.515452131624365, -10.82289342719357 ], [ -61.515727925511605, -10.822930502946837 ] ] ], [ [ [ -61.522432329377608, -10.823235368752414 ], [ -61.522519399664077, -10.823365844813507 ], [ -61.5228675537941, -10.823452914884806 ], [ -61.522868597493449, -10.822494509863702 ], [ -61.523041693937003, -10.822321003957416 ], [ -61.522826628436505, -10.822066677089055 ], [ -61.522824018758797, -10.821581033067822 ], [ -61.522606469735038, -10.821450427960819 ], [ -61.522388731479438, -10.821669372473602 ], [ -61.52260542604256, -10.822146229583923 ], [ -61.522562934699607, -10.822625749207084 ], [ -61.522693212502681, -10.822674741575065 ], [ -61.522432329377608, -10.823235368752414 ] ] ], [ [ [ -61.516603162883477, -10.822323402183036 ], [ -61.51668570541829, -10.822669294991675 ], [ -61.516859718872084, -10.822712819278586 ], [ -61.517164464121855, -10.822233933886235 ], [ -61.516775258469202, -10.821718396858822 ], [ -61.516903253373862, -10.821493849028622 ], [ -61.516816183836717, -10.821189217746669 ], [ -61.516644799231372, -10.821341018678284 ], [ -61.516293878690114, -10.82123275331036 ], [ -61.516076214384725, -10.822495144100269 ], [ -61.516250239245508, -10.822538678607879 ], [ -61.516603162883477, -10.822323402183036 ] ] ], [ [ [ -61.513855927565267, -10.821145682710917 ], [ -61.513812393063773, -10.82140677895736 ], [ -61.514030004631216, -10.821571457705602 ], [ -61.513818601518977, -10.821883198397003 ], [ -61.513555242538189, -10.821782066565799 ], [ -61.513638125698755, -10.821581022318783 ], [ -61.513289961228892, -10.821363358417273 ], [ -61.513028761887639, -10.821581033067583 ], [ -61.513312089024382, -10.821795984118877 ], [ -61.513035101498694, -10.822139023843947 ], [ -61.51303656007083, -10.822170265879373 ], [ -61.513072296923404, -10.822277468922026 ], [ -61.513333391855802, -10.822277468393969 ], [ -61.514112011248351, -10.822060099014413 ], [ -61.514477130150048, -10.822107239065575 ], [ -61.514639442925827, -10.82232100342957 ], [ -61.514736002456075, -10.82211519519363 ], [ -61.515021060053719, -10.822016321072796 ], [ -61.515510143639204, -10.822233933358202 ], [ -61.515640800950742, -10.822145594484454 ], [ -61.515518812321176, -10.821822511432787 ], [ -61.515945483123318, -10.821493838279903 ], [ -61.515903358201776, -10.820579664889109 ], [ -61.51575463560377, -10.821227878155495 ], [ -61.515379642941035, -10.82114568323901 ], [ -61.515035901757592, -10.821491564781903 ], [ -61.514900642267307, -10.821319822853603 ], [ -61.514529810451769, -10.821449132417436 ], [ -61.514508826946347, -10.821102147675232 ], [ -61.513855927565267, -10.821145682710917 ] ], [ [ -61.514334804370016, -10.821885769827379 ], [ -61.514060205768061, -10.821933856381447 ], [ -61.514036037878924, -10.821739894632337 ], [ -61.514305744170656, -10.821630911175479 ], [ -61.514334804370016, -10.821885769827379 ] ] ], [ [ [ -61.526568094903652, -10.820970148514931 ], [ -61.526393891683725, -10.820753867390231 ], [ -61.526067557616827, -10.820761764756087 ], [ -61.526057288423431, -10.820512268515834 ], [ -61.526480961971231, -10.820274852932979 ], [ -61.526306821612721, -10.819230141141828 ], [ -61.526078339914228, -10.819316058751012 ], [ -61.5260456113987, -10.819186606106172 ], [ -61.525747408459914, -10.819114333446157 ], [ -61.5257844011849, -10.818228835321415 ], [ -61.525468207065252, -10.818441999573674 ], [ -61.525392585863912, -10.818054695178757 ], [ -61.524904101865019, -10.818050503508411 ], [ -61.52473967560951, -10.817793485492754 ], [ -61.524555533354423, -10.818250411826492 ], [ -61.524260801089895, -10.818446510499738 ], [ -61.524334417894494, -10.818690120296662 ], [ -61.524169002520857, -10.818837981791573 ], [ -61.523912509931947, -10.818751256277455 ], [ -61.523694845626302, -10.819099536034759 ], [ -61.523738369789314, -10.819230015896853 ], [ -61.524042999758024, -10.819230016424914 ], [ -61.524052310457229, -10.819036512684596 ], [ -61.524188432130728, -10.819018368122322 ], [ -61.524203812761073, -10.81934314585412 ], [ -61.524043923892989, -10.819490165226435 ], [ -61.523781915697725, -10.81944781632008 ], [ -61.52364658196845, -10.819665147469365 ], [ -61.523524819306388, -10.819631941457757 ], [ -61.523520590202608, -10.819360746776807 ], [ -61.523259484397016, -10.819404281812483 ], [ -61.523108765446679, -10.819696650647082 ], [ -61.52282413404037, -10.819752562097795 ], [ -61.522562934483076, -10.820579731596716 ], [ -61.522599927394303, -10.820899269958034 ], [ -61.522258189449524, -10.820710332354437 ], [ -61.522258189449552, -10.820927882816019 ], [ -61.522562808544869, -10.821319698137005 ], [ -61.522919768376191, -10.820516460454092 ], [ -61.523172299260615, -10.820274852930261 ], [ -61.523224513609264, -10.819906969979003 ], [ -61.523573838918594, -10.819800163584981 ], [ -61.523618382983408, -10.820141565648781 ], [ -61.523390100376879, -10.820318517033455 ], [ -61.523433635412566, -10.820536067494954 ], [ -61.523841045854667, -10.820358610880017 ], [ -61.524304027346176, -10.820975865603298 ], [ -61.524042202023253, -10.821188031611413 ], [ -61.523841459431367, -10.821129731729716 ], [ -61.523868859080814, -10.820927996784002 ], [ -61.523738380662344, -10.820884472497159 ], [ -61.523694845626785, -10.821493838279645 ], [ -61.523868974896807, -10.821885653072618 ], [ -61.524217139900117, -10.821885653600676 ], [ -61.524629044454016, -10.821244172045578 ], [ -61.524952173557246, -10.821060723395496 ], [ -61.52517470953682, -10.821107480344892 ], [ -61.525000896481103, -10.821276292160114 ], [ -61.525028296854359, -10.821478011999243 ], [ -61.52473968648291, -10.821537498032217 ], [ -61.524792778443576, -10.821801118272985 ], [ -61.524652616411636, -10.821885778317572 ], [ -61.525048530598909, -10.821869740184111 ], [ -61.524913748025348, -10.821972781493484 ], [ -61.524913260281011, -10.822343919249084 ], [ -61.524731188876665, -10.822498069448869 ], [ -61.524609081376077, -10.822408198745599 ], [ -61.524402212434559, -10.822755326569263 ], [ -61.523912520805396, -10.822582338888251 ], [ -61.523868985769759, -10.822886959421083 ], [ -61.52421855003017, -10.823061161922546 ], [ -61.52478046595796, -10.822909299082188 ], [ -61.525827936219606, -10.822930494456674 ], [ -61.52616602892185, -10.822321066322477 ], [ -61.526391591957207, -10.822490171530571 ], [ -61.526263412731595, -10.822625873924007 ], [ -61.526306947767281, -10.822843424385358 ], [ -61.526576146422421, -10.822735680735569 ], [ -61.527046916684156, -10.822930505205481 ], [ -61.527003381648555, -10.822538793103803 ], [ -61.526702876951205, -10.822244043560309 ], [ -61.526568031826216, -10.82162456810361 ], [ -61.526209144108655, -10.821578221786183 ], [ -61.526480961754942, -10.821406768208272 ], [ -61.526524496790628, -10.821232752782615 ], [ -61.526389889506717, -10.821159428147411 ], [ -61.526568094903652, -10.820970148514931 ] ], [ [ -61.523094953533381, -10.820009580109259 ], [ -61.523002398880998, -10.819980221752273 ], [ -61.523124827599226, -10.81990662274265 ], [ -61.523094953533381, -10.820009580109259 ] ], [ [ -61.524132394787337, -10.820303354653733 ], [ -61.524319789543917, -10.820277155758268 ], [ -61.524210930852441, -10.820446542208176 ], [ -61.524132394787337, -10.820303354653733 ] ], [ [ -61.524565483265413, -10.819752184907788 ], [ -61.524415729981769, -10.81978689194877 ], [ -61.524400590763847, -10.819646003177372 ], [ -61.524541096405358, -10.819631036412849 ], [ -61.524565483265413, -10.819752184907788 ] ], [ [ -61.524607306217739, -10.820319129687999 ], [ -61.524437240939385, -10.820105814468381 ], [ -61.524508615345916, -10.819950476456574 ], [ -61.524650355193629, -10.820051557499248 ], [ -61.524607306217739, -10.820319129687999 ] ], [ [ -61.524761897432754, -10.819307312237745 ], [ -61.524661810609395, -10.818991415013887 ], [ -61.525005425035218, -10.819358348035767 ], [ -61.524761897432754, -10.819307312237745 ] ], [ [ -61.52526033168548, -10.821059225316663 ], [ -61.525131702953459, -10.821009620227448 ], [ -61.525247312339133, -10.820874116414352 ], [ -61.525305325998801, -10.820923057838419 ], [ -61.52526033168548, -10.821059225316663 ] ], [ [ -61.525697459223281, -10.821537412669777 ], [ -61.525555277489474, -10.821707127244126 ], [ -61.525268249850868, -10.821338550228409 ], [ -61.525503180057314, -10.821303645433007 ], [ -61.525697459223281, -10.821537412669777 ] ], [ [ -61.526006316376844, -10.821962738719545 ], [ -61.526098870720041, -10.821933380325877 ], [ -61.526054632334855, -10.822065148141029 ], [ -61.526006316376844, -10.821962738719545 ] ], [ [ -61.526498244233267, -10.822334011553856 ], [ -61.526596214867183, -10.822327218195614 ], [ -61.526494315826504, -10.82247838909187 ], [ -61.526498244233267, -10.822334011553856 ] ], [ [ -61.526738058102978, -10.822485159154651 ], [ -61.526708361150192, -10.822621682246364 ], [ -61.526634675605727, -10.822455625359275 ], [ -61.526738058102978, -10.822485159154651 ] ] ], [ [ [ -61.520701734743554, -10.821013925172238 ], [ -61.520303409653778, -10.820897261376759 ], [ -61.520386056227437, -10.820710321605562 ], [ -61.520116852739754, -10.820158865742879 ], [ -61.520545730558013, -10.819758904650678 ], [ -61.520734400124034, -10.81979470255517 ], [ -61.520387256568888, -10.819318620217521 ], [ -61.520384766632233, -10.819079091970151 ], [ -61.520647266975971, -10.818968806210934 ], [ -61.52069086508839, -10.818578384940256 ], [ -61.520347084604843, -10.818240773750293 ], [ -61.520342521726533, -10.817749949928912 ], [ -61.519776692415718, -10.817793484964561 ], [ -61.519825589561265, -10.81805435961048 ], [ -61.519602436992727, -10.817880555563976 ], [ -61.519123656008126, -10.81792409059965 ], [ -61.519119104004666, -10.818371378874359 ], [ -61.518825130973859, -10.81857453569225 ], [ -61.518677106455939, -10.818526313864224 ], [ -61.518818795478047, -10.818402850747287 ], [ -61.518775260442396, -10.818141765249921 ], [ -61.518644781488376, -10.818141765249891 ], [ -61.518398037784166, -10.818570647823726 ], [ -61.518035290989054, -10.818533580570906 ], [ -61.518317039461756, -10.818738012432426 ], [ -61.518289958919453, -10.818983728435029 ], [ -61.518165896096178, -10.819012465963258 ], [ -61.518209431131893, -10.81931708649636 ], [ -61.51848510776361, -10.819323554285376 ], [ -61.518731503562705, -10.819574366850006 ], [ -61.518438555091407, -10.819922190808834 ], [ -61.517904685882378, -10.819970236748006 ], [ -61.517904686416543, -10.820318403065553 ], [ -61.518582108306418, -10.820052820997359 ], [ -61.518775375723116, -10.820274856753064 ], [ -61.519194602168945, -10.820334343279798 ], [ -61.519178650619914, -10.820531681295931 ], [ -61.518862445794504, -10.820405587632727 ], [ -61.518688316308257, -10.820579731599921 ], [ -61.518688253447593, -10.820970148519546 ], [ -61.519068454847108, -10.820817013726559 ], [ -61.519210736952786, -10.821580908351104 ], [ -61.519448316620881, -10.821179432860431 ], [ -61.519820216579419, -10.821493837751726 ], [ -61.520429707078812, -10.821667977894386 ], [ -61.520759055453809, -10.821615722865204 ], [ -61.520952127506902, -10.821842118037084 ], [ -61.521794004897501, -10.822022285578782 ], [ -61.522040503398749, -10.822408073500688 ], [ -61.522429924286008, -10.822146413525003 ], [ -61.522388668402044, -10.821885778317528 ], [ -61.521935977171708, -10.821704738052686 ], [ -61.521866247974096, -10.821537498032159 ], [ -61.521745956395968, -10.821711575823109 ], [ -61.521146277194823, -10.821525122149115 ], [ -61.521039082296546, -10.820928007532766 ], [ -61.520821417990945, -10.820797402953781 ], [ -61.520701734743554, -10.821013925172238 ] ], [ [ -61.518596591786327, -10.818792392572439 ], [ -61.518560011108463, -10.818702623304318 ], [ -61.518685890682107, -10.818756228461458 ], [ -61.518596591786327, -10.818792392572439 ] ], [ [ -61.519559017771833, -10.819404167316467 ], [ -61.52003789792208, -10.819970212946163 ], [ -61.519689622344863, -10.82010084185502 ], [ -61.519682516977845, -10.820292621450484 ], [ -61.519549292653153, -10.820314325361226 ], [ -61.519254145834417, -10.819665491498336 ], [ -61.518958711271381, -10.819510715028802 ], [ -61.519191405035237, -10.818716176646221 ], [ -61.519462636497046, -10.818775302417748 ], [ -61.519559017771833, -10.819404167316467 ] ], [ [ -61.519644887499744, -10.820447588371032 ], [ -61.519554362859871, -10.820882074280945 ], [ -61.519428613279963, -10.820748410137181 ], [ -61.519523853771851, -10.820359126634525 ], [ -61.519644887499744, -10.820447588371032 ] ], [ [ -61.519907234446464, -10.821091373277262 ], [ -61.519645163354916, -10.821188031619785 ], [ -61.519516473483499, -10.821015144222041 ], [ -61.519839538097514, -10.821005193645561 ], [ -61.519907234446464, -10.821091373277262 ] ], [ [ -61.51973315267221, -10.819143047268442 ], [ -61.519583340917265, -10.81917740147356 ], [ -61.519568201763384, -10.819036512647498 ], [ -61.519708828079871, -10.819020921899984 ], [ -61.51973315267221, -10.819143047268442 ] ], [ [ -61.519736981670228, -10.8183923718044 ], [ -61.519831117391888, -10.818353657168929 ], [ -61.51978558833995, -10.818495276135492 ], [ -61.519736981670228, -10.8183923718044 ] ], [ [ -61.520037370571551, -10.819665783216339 ], [ -61.519843098052235, -10.819460934932025 ], [ -61.51993743665841, -10.819297450717993 ], [ -61.520079011815973, -10.819355648864244 ], [ -61.520037370571551, -10.819665783216339 ] ] ], [ [ [ -61.521856691071775, -10.819667901548641 ], [ -61.521866258847268, -10.819056001527073 ], [ -61.521517398739633, -10.819272571488398 ], [ -61.52130041866446, -10.819143071070361 ], [ -61.521169813557471, -10.81923014114169 ], [ -61.521244365153223, -10.81955852596311 ], [ -61.520865068841985, -10.819665377530434 ], [ -61.521300407791934, -10.819883041431925 ], [ -61.521541504158186, -10.819764812750016 ], [ -61.521431024305834, -10.82036193810112 ], [ -61.521633637093927, -10.82042130536639 ], [ -61.521735758148765, -10.820666672073942 ], [ -61.521953318045661, -10.820623137566331 ], [ -61.521655115123416, -10.820333314503284 ], [ -61.521703784820716, -10.820163988226325 ], [ -61.521996863954072, -10.820274856752901 ], [ -61.522238857650635, -10.819978692685952 ], [ -61.522606343580819, -10.819926576995627 ], [ -61.522475801551664, -10.819762012455493 ], [ -61.522615654286774, -10.819471863016584 ], [ -61.522780494596226, -10.819491226110825 ], [ -61.522883688549662, -10.819202432387616 ], [ -61.523085239845983, -10.819186480861163 ], [ -61.523389447996237, -10.818880364220847 ], [ -61.523389974223065, -10.818707720713723 ], [ -61.523041704810389, -10.818577116134739 ], [ -61.522519399663132, -10.818664185678053 ], [ -61.52242996694487, -10.819369289982834 ], [ -61.522084049090054, -10.81953489074901 ], [ -61.522214591336926, -10.819676141268751 ], [ -61.522088577632722, -10.819837233431139 ], [ -61.521856691071775, -10.819667901548641 ] ], [ [ -61.521663634593708, -10.819202324412629 ], [ -61.521765950156883, -10.819203361169404 ], [ -61.521665897130937, -10.819303600141458 ], [ -61.521663634593708, -10.819202324412629 ] ] ], [ [ [ -61.514465291911051, -10.819273676177135 ], [ -61.513992428097303, -10.819447492761313 ], [ -61.513855812284348, -10.819143071598189 ], [ -61.513464112026782, -10.81918661047342 ], [ -61.513803081860125, -10.819515397961313 ], [ -61.513899462600634, -10.819839506924524 ], [ -61.514595896483854, -10.819621842494922 ], [ -61.514465291911051, -10.819273676177135 ] ] ], [ [ [ -61.515640737874186, -10.818968806211107 ], [ -61.515423062695881, -10.818620650642146 ], [ -61.514987827619606, -10.818838326348541 ], [ -61.514770163096841, -10.819012470330993 ], [ -61.514940063501804, -10.81941426642606 ], [ -61.514726628812454, -10.819534772423559 ], [ -61.515205387517355, -10.819578296710466 ], [ -61.515475908392546, -10.818992977568628 ], [ -61.515640737874186, -10.818968806211107 ] ], [ [ -61.515249050125483, -10.819099507474956 ], [ -61.515087362228634, -10.819133458943499 ], [ -61.515084093069788, -10.818992977548714 ], [ -61.515222338564627, -10.818966177098362 ], [ -61.515249050125483, -10.819099507474956 ] ] ], [ [ [ -61.523173709141886, -10.815921416072724 ], [ -61.522606469516091, -10.816095622956929 ], [ -61.523337245065612, -10.816509917967615 ], [ -61.523172425197806, -10.817009729605726 ], [ -61.523333211539239, -10.817026609442726 ], [ -61.523390089503621, -10.817227404256061 ], [ -61.52386885961576, -10.817227404784068 ], [ -61.523888984177717, -10.816935035457609 ], [ -61.524389001670535, -10.816835139356041 ], [ -61.523962968889606, -10.816678468877525 ], [ -61.523955929687247, -10.816356828787605 ], [ -61.523814158058372, -10.816278556467777 ], [ -61.523955929687297, -10.816052083537945 ], [ -61.523389175761253, -10.816137967473789 ], [ -61.523220074004804, -10.816062068548684 ], [ -61.523302904152317, -10.815921478430942 ], [ -61.523173709141886, -10.815921416072724 ] ] ], [ [ [ -61.524565431059152, -10.816443773613949 ], [ -61.524957235507671, -10.816182563928022 ], [ -61.524957235507678, -10.815965013466657 ], [ -61.524608966094938, -10.815747338816319 ], [ -61.524521948227232, -10.815920084378112 ], [ -61.524623548033212, -10.816176220850283 ], [ -61.524086660946693, -10.816008548502275 ], [ -61.524217266053782, -10.816443774142011 ], [ -61.524402679717042, -10.816313231405536 ], [ -61.524565431059152, -10.816443773613949 ] ] ], [ [ [ -61.53222771261558, -10.809260493256398 ], [ -61.532793541929294, -10.809434633399061 ], [ -61.532671860633876, -10.809013634680483 ], [ -61.533054763015699, -10.808999282514277 ], [ -61.533054752143443, -10.808607592438797 ], [ -61.532803853329071, -10.808694600161854 ], [ -61.532589759778773, -10.808590465333294 ], [ -61.532837076965173, -10.808433327578676 ], [ -61.532619527936454, -10.808346382224769 ], [ -61.53209710750847, -10.808564057403141 ], [ -61.532010037971332, -10.808999293791235 ], [ -61.53222771261558, -10.809260493256398 ] ] ], [ [ [ -61.532967808221706, -10.807997977221975 ], [ -61.533639771583971, -10.807955971931559 ], [ -61.534000295792012, -10.807422864503634 ], [ -61.533838498062728, -10.8073015418968 ], [ -61.533141948364367, -10.807693356689759 ], [ -61.532967808221706, -10.807997977221975 ] ] ], [ [ [ -61.542980855549096, -10.782355840684465 ], [ -61.543416090637919, -10.782225236105541 ], [ -61.543198415459635, -10.781877080538393 ], [ -61.542938134411173, -10.782137104604342 ], [ -61.542284294978359, -10.782094756244776 ], [ -61.542238394833596, -10.78232203615616 ], [ -61.541953826055561, -10.782299130701771 ], [ -61.541892490528717, -10.782051220681035 ], [ -61.541326534835527, -10.782704250837339 ], [ -61.541365883269009, -10.782861744422435 ], [ -61.541109662829079, -10.782920735250457 ], [ -61.540586376392021, -10.782694668842753 ], [ -61.540602446233123, -10.782458862434895 ], [ -61.541021663676148, -10.782442911283946 ], [ -61.541108733747471, -10.782225360823734 ], [ -61.540281683337597, -10.782399501494458 ], [ -61.540064018800983, -10.782617180767698 ], [ -61.540097547038677, -10.782944554383578 ], [ -61.539585133638475, -10.783357271751047 ], [ -61.540174501666364, -10.783587198234093 ], [ -61.540281694209334, -10.784097242639353 ], [ -61.540518341810028, -10.784166099571786 ], [ -61.540412299850473, -10.784314928566648 ], [ -61.540540541954861, -10.784541261068091 ], [ -61.540325229245148, -10.784619787785461 ], [ -61.540194561068084, -10.785012872453695 ], [ -61.540194624138202, -10.785142083495462 ], [ -61.540623486649579, -10.785081925575289 ], [ -61.540455834352294, -10.785490363780807 ], [ -61.540673383390171, -10.785490363780827 ], [ -61.540953732023915, -10.785181256297971 ], [ -61.541108849015821, -10.785446828217022 ], [ -61.54145701403219, -10.785446828745103 ], [ -61.541261287995972, -10.78519364068829 ], [ -61.541373273020454, -10.784958177203965 ], [ -61.541589034539243, -10.78503469434094 ], [ -61.541500677163782, -10.78527272795726 ], [ -61.541674804479534, -10.785403293181348 ], [ -61.541979434460238, -10.785316223638082 ], [ -61.541979433926166, -10.785098662428899 ], [ -61.541675888891824, -10.784969475469207 ], [ -61.541821427354556, -10.784635614223824 ], [ -61.542371249781439, -10.784489057960378 ], [ -61.542535413697188, -10.784057613111161 ], [ -61.542763075973994, -10.784097242111239 ], [ -61.543459606591462, -10.783793529205079 ], [ -61.543633776687386, -10.783879566932857 ], [ -61.543807905424551, -10.783574832960198 ], [ -61.543459625673464, -10.78266071118046 ], [ -61.543198426330925, -10.782530106601493 ], [ -61.542806715406492, -10.782573641637192 ], [ -61.542632586135262, -10.782704246216078 ], [ -61.542711809860933, -10.783019220816961 ], [ -61.542407220598008, -10.782756416695321 ], [ -61.542617990308884, -10.782144633909082 ], [ -61.542980855549096, -10.782355840684465 ] ], [ [ -61.540325210772068, -10.782921907686127 ], [ -61.540163542271671, -10.782912309150541 ], [ -61.540157450759139, -10.782818103717043 ], [ -61.540300902767846, -10.782799772316137 ], [ -61.540325210772068, -10.782921907686127 ] ], [ [ -61.54136995483266, -10.783792496861613 ], [ -61.541485887430298, -10.783564583313563 ], [ -61.541587308165461, -10.783794305111618 ], [ -61.540891184708741, -10.784097367357456 ], [ -61.540845273412586, -10.784324647404842 ], [ -61.540477657435666, -10.783931124648376 ], [ -61.540940609879058, -10.783357470623164 ], [ -61.541169306804939, -10.783464620612834 ], [ -61.541065261781455, -10.783619751312836 ], [ -61.54115238405123, -10.783836031897284 ], [ -61.54136995483266, -10.783792496861613 ] ], [ [ -61.540997342560786, -10.784523512967871 ], [ -61.540900368267224, -10.784508546062542 ], [ -61.541012480121189, -10.784339089478921 ], [ -61.540997342560786, -10.784523512967871 ] ], [ [ -61.542371377876869, -10.783749047717249 ], [ -61.54225471627894, -10.783977050405019 ], [ -61.54196835252025, -10.783785354765769 ], [ -61.542115160350797, -10.783662197564706 ], [ -61.542371377876869, -10.783749047717249 ] ], [ [ -61.542284301142331, -10.782791292485269 ], [ -61.54205203488641, -10.782784848427026 ], [ -61.542029511071213, -10.782645789321537 ], [ -61.542259979374656, -10.782669167211493 ], [ -61.542284301142331, -10.782791292485269 ] ] ], [ [ [ -61.542632459996071, -10.781441605463526 ], [ -61.542850115706926, -10.781181427064828 ], [ -61.543256781227335, -10.781273492260617 ], [ -61.543372670869971, -10.781441604935393 ], [ -61.543587957486558, -10.781354086476766 ], [ -61.543111356259836, -10.78104991538876 ], [ -61.541979560599835, -10.781006379824989 ], [ -61.541796110851365, -10.781417558518228 ], [ -61.541500675207594, -10.781659280641879 ], [ -61.541544210243281, -10.781833420784567 ], [ -61.541718235118346, -10.781833420256509 ], [ -61.542274577267911, -10.781402262160384 ], [ -61.542632459996071, -10.781441605463526 ] ] ], [ [ [ -61.504495884014659, -10.769730806113786 ], [ -61.504017009257282, -10.770209695725741 ], [ -61.504887699336003, -10.771646221910903 ], [ -61.50567121495174, -10.770993192164019 ], [ -61.506019494467679, -10.770340182117625 ], [ -61.505975959966122, -10.769948480764105 ], [ -61.505547442326879, -10.769974219323851 ], [ -61.505714749218171, -10.769513119658638 ], [ -61.505410015373357, -10.769251920721484 ], [ -61.504974769406971, -10.769382525828449 ], [ -61.504757104863316, -10.769556670195037 ], [ -61.504824053936716, -10.769805499819558 ], [ -61.504495884014659, -10.769730806113786 ] ], [ [ -61.505453657083898, -10.769687262060195 ], [ -61.50524220604003, -10.769815295741637 ], [ -61.505139519808935, -10.769777801277225 ], [ -61.505361400684684, -10.769558776178483 ], [ -61.505453657083898, -10.769687262060195 ] ], [ [ -61.505888579005152, -10.770341978804193 ], [ -61.505729347171972, -10.770507968465642 ], [ -61.505567232878668, -10.770494032382649 ], [ -61.505787113880672, -10.77025912813777 ], [ -61.505888579005152, -10.770341978804193 ] ] ], [ [ [ -61.519788146915019, -10.766112886693408 ], [ -61.519200433381663, -10.766291475431519 ], [ -61.518775375713801, -10.766160933189346 ], [ -61.518525630861518, -10.766417631948304 ], [ -61.518035290978233, -10.76650921294665 ], [ -61.517469335278093, -10.767031638134837 ], [ -61.517121054993041, -10.76759759359453 ], [ -61.516745706921576, -10.768679005646099 ], [ -61.515859344477576, -10.768989523869541 ], [ -61.51415036881918, -10.769208322821353 ], [ -61.513452531851385, -10.769116804170363 ], [ -61.512775628765567, -10.768760116331006 ], [ -61.512767425530576, -10.768598894658558 ], [ -61.511767051143593, -10.769163663995528 ], [ -61.511218089986755, -10.768977409950629 ], [ -61.51055714998293, -10.768315724132936 ], [ -61.509850589011876, -10.767031633902484 ], [ -61.509066958369964, -10.766465678438749 ], [ -61.508576607521, -10.766374096929237 ], [ -61.507872411910924, -10.766021122936047 ], [ -61.507804431465026, -10.765856187411305 ], [ -61.507640012438955, -10.765886561894842 ], [ -61.507630618564143, -10.764990819165437 ], [ -61.507760895895551, -10.764854767623266 ], [ -61.507804431465352, -10.764158321020254 ], [ -61.507499801474935, -10.764158321548333 ], [ -61.507107996786644, -10.764463071058408 ], [ -61.507151532594477, -10.765551328193972 ], [ -61.507417271453278, -10.76591876583476 ], [ -61.507228298844431, -10.766030265217506 ], [ -61.506255095710436, -10.765712282304367 ], [ -61.506019495002789, -10.765029021733568 ], [ -61.505670408761929, -10.765114905674753 ], [ -61.504919664333705, -10.764893905723325 ], [ -61.504147488469236, -10.76441953123412 ], [ -61.503281507175394, -10.764419187223959 ], [ -61.502401551193444, -10.764155922825379 ], [ -61.502231946899975, -10.763853575770366 ], [ -61.50201438698042, -10.763766506227098 ], [ -61.501867199059284, -10.763890151761212 ], [ -61.501709526472006, -10.763548830520678 ], [ -61.501448316258042, -10.763461760449321 ], [ -61.501404844287102, -10.764287532083832 ], [ -61.502106537405602, -10.76433457190458 ], [ -61.503635172932306, -10.764771592260873 ], [ -61.503799323443097, -10.764941826417889 ], [ -61.504060566898481, -10.764855788679805 ], [ -61.505202434154214, -10.765206942617445 ], [ -61.505690430532752, -10.765386381929726 ], [ -61.506019610262392, -10.765768992095534 ], [ -61.506672635797514, -10.766117272380878 ], [ -61.509167133749557, -10.766948710836269 ], [ -61.509879180169044, -10.767439168873283 ], [ -61.510416660270344, -10.768424640548062 ], [ -61.511461489721754, -10.769295329984615 ], [ -61.51280078274435, -10.768947112607345 ], [ -61.513638241505276, -10.769338865020202 ], [ -61.514812288467049, -10.769295392873287 ], [ -61.516729124647114, -10.768903514663444 ], [ -61.517120928563372, -10.768424640547931 ], [ -61.51743734927971, -10.767486596993686 ], [ -61.518277165076029, -10.766778879114446 ], [ -61.520037787358355, -10.766247877487528 ], [ -61.521285586229425, -10.765339669149645 ], [ -61.525827935698047, -10.763113366196077 ], [ -61.525784516456127, -10.763026410621366 ], [ -61.525305631063802, -10.763200550764054 ], [ -61.524354087240837, -10.763676855696005 ], [ -61.524086650065115, -10.763635901120715 ], [ -61.523938130355418, -10.76388381070233 ], [ -61.523317501960278, -10.764238923279883 ], [ -61.521300407782469, -10.764941952190682 ], [ -61.519788146915019, -10.766112886693408 ] ] ], [ [ [ -61.535538858348382, -10.760377529060326 ], [ -61.535623319257958, -10.759978957596793 ], [ -61.535231630066612, -10.760022492632451 ], [ -61.535231630066612, -10.760196508057113 ], [ -61.535446879853851, -10.760191535789209 ], [ -61.535399757869733, -10.760544589543116 ], [ -61.534708277275406, -10.760543726961663 ], [ -61.534403054544534, -10.760370710558952 ], [ -61.534185856867765, -10.760500191879501 ], [ -61.534012533808813, -10.760240168338802 ], [ -61.533843877455553, -10.760413972377513 ], [ -61.533141015967537, -10.760369586788556 ], [ -61.533009933404699, -10.760153035380627 ], [ -61.532571273626381, -10.760457498974398 ], [ -61.532090764960294, -10.760411728014555 ], [ -61.531792246989738, -10.76019663330306 ], [ -61.531613502862328, -10.760326893847022 ], [ -61.530795649487473, -10.760326893901714 ], [ -61.530533669786571, -10.760076504310868 ], [ -61.530529719550877, -10.75967420159804 ], [ -61.53039923023654, -10.759456537696666 ], [ -61.530466190363107, -10.760227791846583 ], [ -61.530094484986975, -10.760196633302984 ], [ -61.529397924416308, -10.760457843517015 ], [ -61.52785628367031, -10.761924734070366 ], [ -61.526350482790434, -10.762765199879308 ], [ -61.526350482790434, -10.762895680268885 ], [ -61.528004698886321, -10.762155584134423 ], [ -61.528875388729155, -10.761546094163052 ], [ -61.529461429388959, -10.760817542604363 ], [ -61.529925346457489, -10.760632163698288 ], [ -61.531313499432457, -10.760719960306176 ], [ -61.531575970786044, -10.760980201058409 ], [ -61.532358340276119, -10.760719960303481 ], [ -61.532488922819574, -10.761023673734909 ], [ -61.532838486822307, -10.761197876236572 ], [ -61.533141822224685, -10.761154278841898 ], [ -61.533274360674518, -10.760868630180665 ], [ -61.533465706116715, -10.760801635478447 ], [ -61.533578582428305, -10.761023736094007 ], [ -61.534632316331681, -10.760762525890232 ], [ -61.535581194069685, -10.760936666022559 ], [ -61.536591393006404, -10.760718990907385 ], [ -61.538759251675579, -10.760980201058329 ], [ -61.539971831865351, -10.760849838901722 ], [ -61.540673498654947, -10.761284883420688 ], [ -61.541287535553501, -10.761287282206039 ], [ -61.541370070096356, -10.761459024091398 ], [ -61.541676099069825, -10.761546156522025 ], [ -61.54207251723161, -10.761372277603773 ], [ -61.542501854893217, -10.761502559127038 ], [ -61.542850134644596, -10.761067219519255 ], [ -61.542805316421337, -10.760893130986897 ], [ -61.541026383192069, -10.761066989455673 ], [ -61.53984622858826, -10.760631983659966 ], [ -61.538321685335454, -10.760674332023306 ], [ -61.537483870838059, -10.760453332025808 ], [ -61.53740825572028, -10.760283702846506 ], [ -61.535802178748682, -10.760588104067359 ], [ -61.535538858348382, -10.760377529060326 ] ] ], [ [ [ -61.530616916284785, -10.756408959954024 ], [ -61.530617098880619, -10.755325034460842 ], [ -61.530921534873087, -10.753971008705449 ], [ -61.53074752139122, -10.753535772317642 ], [ -61.530529783149589, -10.755365513159884 ], [ -61.530616916284785, -10.756408959954024 ] ] ], [ [ [ -61.515205514182846, -10.714745941567907 ], [ -61.515379642922731, -10.714920070433658 ], [ -61.515849231716068, -10.715031312533874 ], [ -61.515902063350865, -10.715573095968692 ], [ -61.516076088508207, -10.715529556311058 ], [ -61.51620669282552, -10.71505068681755 ], [ -61.516034978225719, -10.714925168177349 ], [ -61.515945494014488, -10.714136565564981 ], [ -61.515690277352824, -10.71426684657944 ], [ -61.515336107886917, -10.714049495493631 ], [ -61.514900768399102, -10.714223635108231 ], [ -61.514987827601601, -10.714441185041295 ], [ -61.515327442275911, -10.714552187518894 ], [ -61.515205514182846, -10.714745941567907 ] ] ], [ [ [ -61.507352065500001, -10.352081919799994 ], [ -61.507268582353625, -10.352096122494281 ], [ -61.507107996940519, -10.352142743450162 ], [ -61.507107996940555, -10.352490899015987 ], [ -61.507453855056525, -10.353008347654651 ], [ -61.507412742190397, -10.353230994622333 ], [ -61.508065652619308, -10.353274529129957 ], [ -61.508326851977202, -10.353056854479638 ], [ -61.508292613503798, -10.352645676079865 ], [ -61.508544527155649, -10.352577969087287 ], [ -61.508603101105486, -10.352071408450104 ], [ -61.508979877512431, -10.352055548659241 ], [ -61.509164248651366, -10.351837935847104 ], [ -61.50950229794045, -10.352055548659221 ], [ -61.509465755097494, -10.351819674211967 ], [ -61.50989411272824, -10.351446068908871 ], [ -61.509819526451594, -10.351371481658218 ], [ -61.509635875100003, -10.351442144300009 ], [ -61.509363579099997, -10.351537447 ], [ -61.509046420199994, -10.351638418699997 ], [ -61.508630619, -10.351763254900005 ], [ -61.508215215699998, -10.351881130300006 ], [ -61.507937640100003, -10.351953441900001 ], [ -61.507565853400003, -10.352039421200006 ], [ -61.507352065500001, -10.352081919799994 ] ], [ [ -61.507678878435868, -10.35209938897319 ], [ -61.507809975916381, -10.352360083048836 ], [ -61.507532786240752, -10.352315024341287 ], [ -61.507678878435868, -10.35209938897319 ] ], [ [ -61.507906540571724, -10.352985644165305 ], [ -61.508048959790244, -10.353095736706639 ], [ -61.507907611888442, -10.353084562903275 ], [ -61.507906540571724, -10.352985644165305 ] ] ], [ [ [ -61.517730546174029, -10.335599315925135 ], [ -61.518054414376699, -10.335564975058332 ], [ -61.518122350106189, -10.335860514861963 ], [ -61.518421857426034, -10.335645075738054 ], [ -61.518775260007644, -10.33568638599645 ], [ -61.518598173695821, -10.335503711299644 ], [ -61.518688190469675, -10.335294684646648 ], [ -61.518439542409496, -10.335241537194856 ], [ -61.518470515291355, -10.335077009468284 ], [ -61.518209315932978, -10.334946404889354 ], [ -61.518035290890317, -10.334946404361277 ], [ -61.51806158262665, -10.335200858386139 ], [ -61.517687010210132, -10.335207622534023 ], [ -61.517730546174029, -10.335599315925135 ] ] ], [ [ [ -61.519002713742097, -10.331990089017307 ], [ -61.519058676701242, -10.332113902827153 ], [ -61.518961647276122, -10.332252468091077 ], [ -61.518547187057841, -10.332046007071442 ], [ -61.518522578799995, -10.332053420700005 ], [ -61.518375061099995, -10.332103466199991 ], [ -61.518294936226894, -10.332133923928042 ], [ -61.517599940533081, -10.332464782607882 ], [ -61.518673278361803, -10.332872458416633 ], [ -61.518949411539509, -10.333988508328169 ], [ -61.519038402713477, -10.333702860555988 ], [ -61.519297680969352, -10.333727298642224 ], [ -61.519496111833703, -10.333387599258762 ], [ -61.519733031326076, -10.333466088428203 ], [ -61.519776565828508, -10.333117922114093 ], [ -61.519647003296228, -10.332855982048427 ], [ -61.519950705971418, -10.331985907964562 ], [ -61.519667291503929, -10.331891516609357 ], [ -61.519570681500007, -10.33188789 ], [ -61.519374897700004, -10.331891060099997 ], [ -61.51918023910001, -10.331907435799993 ], [ -61.519051042100003, -10.331925468299996 ], [ -61.518914735156983, -10.33195107981771 ], [ -61.518862456567447, -10.332029432251137 ], [ -61.519002713742097, -10.331990089017307 ] ], [ [ -61.518591468356398, -10.332251299224692 ], [ -61.518727907236986, -10.332323716518712 ], [ -61.518540699347263, -10.332488039268435 ], [ -61.518591468356398, -10.332251299224692 ] ], [ [ -61.519080123171719, -10.332638931240663 ], [ -61.519094643959512, -10.332763184609869 ], [ -61.518779659517641, -10.332783060138713 ], [ -61.518847583732196, -10.332644949788625 ], [ -61.519080123171719, -10.332638931240663 ] ], [ [ -61.519123662080887, -10.332421348489936 ], [ -61.518975553322505, -10.332457989890875 ], [ -61.518958696693929, -10.332314814559069 ], [ -61.51909937614689, -10.332299223365817 ], [ -61.519123662080887, -10.332421348489936 ] ], [ [ -61.519254263314537, -10.333422669622722 ], [ -61.519049032865261, -10.333500135754067 ], [ -61.518958066521698, -10.333228823933689 ], [ -61.51922986050792, -10.333214083138326 ], [ -61.519254263314537, -10.333422669622722 ] ], [ [ -61.519249556109486, -10.333159069614258 ], [ -61.519213032929649, -10.333069301569827 ], [ -61.519338919930945, -10.333122904419254 ], [ -61.519249556109486, -10.333159069614258 ] ], [ [ -61.519720658565454, -10.332183801070491 ], [ -61.519622519149749, -10.332191320871212 ], [ -61.519713064351564, -10.332041808506624 ], [ -61.519720658565454, -10.332183801070491 ] ] ], [ [ [ -61.49995851996529, -10.763631708947829 ], [ -61.499924590009641, -10.763461760449301 ], [ -61.499489926189909, -10.763591260867734 ], [ -61.499465825386636, -10.763343406444646 ], [ -61.499968125284049, -10.763200420715462 ], [ -61.499576435853285, -10.762895804985611 ], [ -61.499550965477134, -10.763071812162897 ], [ -61.499315225639307, -10.763069945128271 ], [ -61.499289755245002, -10.763289487304206 ], [ -61.499097550460974, -10.763200550235258 ], [ -61.499134330077638, -10.763512515546189 ], [ -61.498966819224975, -10.763374690377914 ], [ -61.498879875816705, -10.763461749700509 ], [ -61.498879875282682, -10.763635775876002 ], [ -61.49918235975931, -10.763847828284515 ], [ -61.499028034164162, -10.764064578191586 ], [ -61.498705724269534, -10.763984181405347 ], [ -61.498137024688219, -10.764223063222383 ], [ -61.497741621882014, -10.764199276167936 ], [ -61.497486754141349, -10.764027715912931 ], [ -61.497527863795163, -10.764250364035876 ], [ -61.497404277252699, -10.764288582104037 ], [ -61.496716348543984, -10.763967299972869 ], [ -61.49679007831206, -10.763635901119953 ], [ -61.496200697688579, -10.763579989766884 ], [ -61.496180587812773, -10.763244085798894 ], [ -61.496049411515322, -10.76346065576236 ], [ -61.495332209021605, -10.763451861567622 ], [ -61.494656850694049, -10.762416919593106 ], [ -61.492784855030877, -10.762025104800109 ], [ -61.492214295943647, -10.762198900406204 ], [ -61.49113523165299, -10.762198900426807 ], [ -61.490259938219651, -10.761850964129275 ], [ -61.490869417848607, -10.762286189242459 ], [ -61.493709185134364, -10.762638375499401 ], [ -61.495333416645281, -10.763604616635105 ], [ -61.49544060799883, -10.763896996838806 ], [ -61.495874840609751, -10.764201922366489 ], [ -61.495571149507377, -10.766246608692539 ], [ -61.495954350000623, -10.766663623175557 ], [ -61.496006552058496, -10.766944438058882 ], [ -61.496224112214676, -10.766813828700245 ], [ -61.496089505364679, -10.766653563568978 ], [ -61.496311181514599, -10.766247991983263 ], [ -61.496180587812283, -10.766117398153039 ], [ -61.495784225923146, -10.766202069506049 ], [ -61.49570175461524, -10.766039780034104 ], [ -61.496078800281126, -10.764294828230263 ], [ -61.496421827983518, -10.764343880331475 ], [ -61.49661605342807, -10.764724151767775 ], [ -61.496877286145377, -10.764638113501514 ], [ -61.497879853176087, -10.764985424340148 ], [ -61.498749154916965, -10.764680616204039 ], [ -61.499140936844618, -10.764289833214024 ], [ -61.499686955642154, -10.764430950409048 ], [ -61.499882464817503, -10.764854819232774 ], [ -61.499928539713807, -10.764452464450997 ], [ -61.500088751303778, -10.764336241892931 ], [ -61.500762058564241, -10.764201793715628 ], [ -61.501404781222213, -10.76433233644665 ], [ -61.501404781222355, -10.763505295484999 ], [ -61.501251960979154, -10.763539091102061 ], [ -61.500969430865744, -10.763157015199642 ], [ -61.500795416613443, -10.763200555038811 ], [ -61.500834712744286, -10.763471745667976 ], [ -61.500547473831062, -10.763742617516449 ], [ -61.500272881165507, -10.763548831048711 ], [ -61.49995851996529, -10.763631708947829 ] ] ], [ [ [ -61.48899730692996, -10.749138734242072 ], [ -61.488555727384259, -10.749136153840094 ], [ -61.488344270524998, -10.748877523499983 ], [ -61.486864194564703, -10.748877524027943 ], [ -61.486589545255434, -10.7495564812262 ], [ -61.486279032665998, -10.749564879528561 ], [ -61.486304218635787, -10.749210527703937 ], [ -61.486797128922092, -10.748628564332519 ], [ -61.487342975574698, -10.748659723078084 ], [ -61.487778314527489, -10.748311454069437 ], [ -61.487778315061497, -10.748180962929244 ], [ -61.487422048439505, -10.748288721617772 ], [ -61.486842875884939, -10.748083994004395 ], [ -61.486820555146828, -10.747702078064901 ], [ -61.486298239100805, -10.747832683171854 ], [ -61.486024524419811, -10.748465812939706 ], [ -61.48577581867287, -10.748442173671192 ], [ -61.485582268728059, -10.748712224666972 ], [ -61.485518442678817, -10.748562176886368 ], [ -61.485819238456465, -10.748267908285142 ], [ -61.48581923792247, -10.748093882109098 ], [ -61.485157970244899, -10.747970047911414 ], [ -61.485079153720086, -10.747832683171858 ], [ -61.484687453405911, -10.748006827718806 ], [ -61.484635417531386, -10.748575581513172 ], [ -61.484514386893487, -10.748487114971761 ], [ -61.484513186852446, -10.748006812037744 ], [ -61.484337763610306, -10.747876155322137 ], [ -61.483990893080218, -10.747919752715077 ], [ -61.483929433634934, -10.748124128009099 ], [ -61.483479929384195, -10.748437662281257 ], [ -61.483207251568331, -10.748398638635484 ], [ -61.48312473054839, -10.748613915106599 ], [ -61.482776502531571, -10.748659504300406 ], [ -61.48248937232831, -10.748519344380558 ], [ -61.482424549097239, -10.748310811349651 ], [ -61.482554110781379, -10.748137427893381 ], [ -61.482293026689128, -10.748093892857749 ], [ -61.482156076968046, -10.748221918075092 ], [ -61.482077650628426, -10.74800172491852 ], [ -61.482858856031186, -10.747484402358369 ], [ -61.482423516544493, -10.746918447422701 ], [ -61.482162410711979, -10.746831377351363 ], [ -61.481958025147144, -10.747053611705818 ], [ -61.481782995396486, -10.747029156794643 ], [ -61.481733485729464, -10.746772919242806 ], [ -61.481988155318028, -10.746657111965481 ], [ -61.481857550211068, -10.746308956395278 ], [ -61.481513986112681, -10.746395682449144 ], [ -61.481255097141045, -10.746238778838762 ], [ -61.481302980651122, -10.746134753913221 ], [ -61.481726943148985, -10.74622180096269 ], [ -61.481684453481513, -10.745785779365924 ], [ -61.481857550211238, -10.745568860788897 ], [ -61.481451260877698, -10.745475323030371 ], [ -61.481422527071679, -10.745312982531857 ], [ -61.481718958868235, -10.745156231451721 ], [ -61.481901085246989, -10.745220455788392 ], [ -61.481944683342931, -10.744740301078467 ], [ -61.481944620282697, -10.744611090004293 ], [ -61.481347666411189, -10.744611090016212 ], [ -61.481327801329947, -10.744691222170605 ], [ -61.481161115761338, -10.746482971822818 ], [ -61.481335255904078, -10.746787717072499 ], [ -61.481564095780641, -10.746883708849055 ], [ -61.481363395503593, -10.747106145407308 ], [ -61.481117580725822, -10.747136122072961 ], [ -61.481283195619547, -10.749289024174137 ], [ -61.481381174900008, -10.749989465300002 ], [ -61.481617817200281, -10.751540054818108 ], [ -61.481805783345557, -10.752587290648535 ], [ -61.481827961599997, -10.752704366300003 ], [ -61.481952250886451, -10.753351948751506 ], [ -61.482143084158245, -10.753108877792739 ], [ -61.482322790993528, -10.753109119575415 ], [ -61.482249491654521, -10.753405042494203 ], [ -61.482453816207794, -10.753465458603936 ], [ -61.482423631797261, -10.753622717672537 ], [ -61.482728068341309, -10.753888377545064 ], [ -61.482547892999328, -10.753968542789666 ], [ -61.482006390142608, -10.753634029076384 ], [ -61.482045750100006, -10.753839105 ], [ -61.48217287939999, -10.754599728400006 ], [ -61.482189470165558, -10.754721664235621 ], [ -61.482380096761879, -10.755102908885318 ], [ -61.482684533304536, -10.755237963598081 ], [ -61.482628791367937, -10.755474953718689 ], [ -61.482293026448438, -10.755712528975959 ], [ -61.482295936849503, -10.755824572768585 ], [ -61.482304432, -10.755975264300004 ], [ -61.482314387199999, -10.756288318699999 ], [ -61.482321259699994, -10.756705874099993 ], [ -61.482322400896578, -10.756843384487889 ], [ -61.482380096762704, -10.759064597131202 ], [ -61.482873689337893, -10.759201229023475 ], [ -61.483033122297876, -10.759543482523524 ], [ -61.483496949113267, -10.759689932748611 ], [ -61.483424938153057, -10.760196518807208 ], [ -61.483555531855714, -10.760283577601852 ], [ -61.483990777826257, -10.760283577601852 ], [ -61.483949492651263, -10.760016745108201 ], [ -61.484121521575325, -10.759849259563177 ], [ -61.484339173902185, -10.760370658949885 ], [ -61.484513187383882, -10.760457718272532 ], [ -61.484470695812426, -10.760021735526729 ], [ -61.484585324982667, -10.759994677989662 ], [ -61.484815798027377, -10.760321490355965 ], [ -61.484992198903392, -10.761284883950225 ], [ -61.485330747476887, -10.760984330327958 ], [ -61.485536204345507, -10.761059311523478 ], [ -61.484948663627918, -10.76167682881519 ], [ -61.48494866386784, -10.761850839413936 ], [ -61.485345015615351, -10.761766167540781 ], [ -61.48529694415322, -10.761937909485276 ], [ -61.485470969038673, -10.761981443992898 ], [ -61.485988308563208, -10.761548329609449 ], [ -61.486360203984759, -10.76157152702975 ], [ -61.486472379245853, -10.761720233778838 ], [ -61.486646553350539, -10.76163419602663 ], [ -61.487139789359084, -10.761910083569244 ], [ -61.48695127550873, -10.762025104271872 ], [ -61.487038230322653, -10.762329724278199 ], [ -61.487299429666272, -10.762199119699243 ], [ -61.487303379311655, -10.761753292217414 ], [ -61.487798457178059, -10.761051143743641 ], [ -61.488997296057526, -10.761371954021511 ], [ -61.487930870249734, -10.760798101298006 ], [ -61.489389111620213, -10.758106821494776 ], [ -61.489519716486285, -10.757497460562368 ], [ -61.489045392985297, -10.756986976547573 ], [ -61.489040830560178, -10.75627846881491 ], [ -61.488780820417468, -10.755844536221593 ], [ -61.488997295524861, -10.754667672495193 ], [ -61.48864902435939, -10.754101719290331 ], [ -61.488126595345662, -10.753796982530515 ], [ -61.487558011120036, -10.753905261930232 ], [ -61.487212485721038, -10.753796982530458 ], [ -61.487065749596809, -10.754129312023139 ], [ -61.486602995221794, -10.754450008065483 ], [ -61.486651869473214, -10.754594229180899 ], [ -61.486369188989968, -10.754912942671085 ], [ -61.485819364579896, -10.75523363870751 ], [ -61.485818165045885, -10.755931606339397 ], [ -61.485471084294772, -10.756409084670548 ], [ -61.485605690799041, -10.756656424622047 ], [ -61.485384821632827, -10.756886783946094 ], [ -61.484905065769325, -10.756486577388291 ], [ -61.485296817492987, -10.755146557887446 ], [ -61.484594039826945, -10.755013383646467 ], [ -61.484278600970441, -10.754775032645087 ], [ -61.484513187385076, -10.754754628599883 ], [ -61.484519197709922, -10.754537276997224 ], [ -61.48473097781784, -10.754754628071849 ], [ -61.485298227815051, -10.754798225993312 ], [ -61.485460978088923, -10.754584393880235 ], [ -61.485819238697651, -10.75458048357587 ], [ -61.485914986029172, -10.754256138411813 ], [ -61.486298124090382, -10.753883923000336 ], [ -61.486341659126246, -10.753579177748401 ], [ -61.486341658349424, -10.753187481282348 ], [ -61.486038113157683, -10.752492338384737 ], [ -61.486123959259714, -10.752274163361269 ], [ -61.486582875286615, -10.752503182502323 ], [ -61.486820670399787, -10.75279555199471 ], [ -61.487744886379808, -10.752842992493576 ], [ -61.48803964052852, -10.753187366787635 ], [ -61.488528516986577, -10.753278342815632 ], [ -61.488823271170624, -10.753535647072983 ], [ -61.489867996772482, -10.753535647600998 ], [ -61.489826722419643, -10.752398114227658 ], [ -61.49018780025586, -10.751810091595503 ], [ -61.490390417200857, -10.751794246174214 ], [ -61.490347925601029, -10.751097053639539 ], [ -61.490651627415154, -10.750140039534402 ], [ -61.490264373884898, -10.750108440642473 ], [ -61.49039041720124, -10.749791759249026 ], [ -61.490151538739838, -10.749825395422821 ], [ -61.489780926701982, -10.749356408892302 ], [ -61.489388302962645, -10.749398757817788 ], [ -61.48906527495474, -10.749303669305935 ], [ -61.48899730692996, -10.749138734242072 ] ], [ [ -61.481631502446781, -10.748740386508063 ], [ -61.481747504602296, -10.748707274876949 ], [ -61.481677191645247, -10.748831408575104 ], [ -61.481631502446781, -10.748740386508063 ] ], [ [ -61.48216294756125, -10.747787651309176 ], [ -61.481938401752998, -10.74796070786415 ], [ -61.481685670705119, -10.747652795419347 ], [ -61.481819213174063, -10.747530048112999 ], [ -61.48216294756125, -10.747787651309176 ] ], [ [ -61.482084958155305, -10.752094924525899 ], [ -61.481980163022371, -10.75204096715966 ], [ -61.482114824969521, -10.751991951276747 ], [ -61.482084958155305, -10.752094924525899 ] ], [ [ -61.482172028761482, -10.747140188985382 ], [ -61.482201528354729, -10.747244038278124 ], [ -61.482079464273141, -10.74716954694483 ], [ -61.482172028761482, -10.747140188985382 ] ], [ [ -61.482079305595242, -10.751651565940177 ], [ -61.482302633358167, -10.751624297666643 ], [ -61.482510699712456, -10.751837815082933 ], [ -61.482429849823284, -10.751965931143038 ], [ -61.482097442315926, -10.751964132138065 ], [ -61.482079305595242, -10.751651565940177 ] ], [ [ -61.483860287973769, -10.750705870282649 ], [ -61.484114957474382, -10.750807862894584 ], [ -61.483773217902474, -10.750836600104888 ], [ -61.483610338472062, -10.751141282999789 ], [ -61.483511892435459, -10.750967205740007 ], [ -61.483001976554434, -10.750947310020811 ], [ -61.482989461137585, -10.750444784783836 ], [ -61.482519884156609, -10.75042061370309 ], [ -61.482554110247023, -10.749878818571448 ], [ -61.482183718642602, -10.749092474576235 ], [ -61.482221961212005, -10.748893349567595 ], [ -61.482467040709942, -10.748877398784655 ], [ -61.482476349073799, -10.748683894705541 ], [ -61.482607752705967, -10.748663629028346 ], [ -61.482855032682892, -10.748910457130927 ], [ -61.482902517188755, -10.749443354248301 ], [ -61.483076542079104, -10.749443353720245 ], [ -61.483719949801682, -10.749012195524559 ], [ -61.483947231922578, -10.749051538927226 ], [ -61.483963362645113, -10.74889334957065 ], [ -61.484329659870603, -10.748649403737984 ], [ -61.48464390774555, -10.749095073434823 ], [ -61.485074154758557, -10.748834169010159 ], [ -61.485287635769453, -10.748945104938219 ], [ -61.485296939443622, -10.749138709912243 ], [ -61.485079268972228, -10.749138733713833 ], [ -61.48504900040885, -10.749376058777312 ], [ -61.484643918615554, -10.749269338820834 ], [ -61.484295638086117, -10.750140044450799 ], [ -61.484376167694876, -10.750503117641632 ], [ -61.484218742261497, -10.750662397607467 ], [ -61.483947358045079, -10.750488319819532 ], [ -61.483860287973769, -10.750705870282649 ] ], [ [ -61.482424157781516, -10.751401059272149 ], [ -61.482251735624715, -10.751455703816317 ], [ -61.482206873928199, -10.751358263726686 ], [ -61.482328060752458, -10.751269022569884 ], [ -61.482424157781516, -10.751401059272149 ] ], [ [ -61.482945989165032, -10.758629009549541 ], [ -61.482748371222478, -10.758660530806438 ], [ -61.482739925328616, -10.75847484480493 ], [ -61.482879652949201, -10.758464198873956 ], [ -61.482945989165032, -10.758629009549541 ] ], [ [ -61.482892784072163, -10.748829796848076 ], [ -61.482862805500233, -10.748736316995791 ], [ -61.482985348355598, -10.748800438886821 ], [ -61.482892784072163, -10.748829796848076 ] ], [ [ -61.483050316200035, -10.749212190204807 ], [ -61.483048054219168, -10.748980314364337 ], [ -61.483234666746696, -10.749209853015364 ], [ -61.483050316200035, -10.749212190204807 ] ], [ [ -61.483947359462412, -10.754537049625226 ], [ -61.483766874092886, -10.754621568323369 ], [ -61.483111693513756, -10.754269336032925 ], [ -61.483517078687463, -10.754234443612612 ], [ -61.483947359462412, -10.754537049625226 ] ], [ [ -61.483736388979018, -10.751515368859907 ], [ -61.483758618389757, -10.751408898570487 ], [ -61.483844831257727, -10.75152538359923 ], [ -61.483736388979018, -10.751515368859907 ] ], [ [ -61.484687326993146, -10.757497449813542 ], [ -61.484557765874321, -10.75736609845301 ], [ -61.484730862562898, -10.757279660668694 ], [ -61.484677772306846, -10.757125228721783 ], [ -61.484838017390139, -10.756899389173149 ], [ -61.48520987603608, -10.757105605887288 ], [ -61.485161777152079, -10.757770607256152 ], [ -61.48473091087596, -10.757932744604059 ], [ -61.484684844570062, -10.758461988002519 ], [ -61.48440272460811, -10.758863112195394 ], [ -61.483951793825135, -10.758510702900118 ], [ -61.484040396947528, -10.757961069531985 ], [ -61.484676199034361, -10.757878857119611 ], [ -61.484687326993146, -10.757497449813542 ] ], [ [ -61.484339699369421, -10.75906322554081 ], [ -61.484071619896135, -10.759105677003419 ], [ -61.483949657248822, -10.758929018889317 ], [ -61.484256640117586, -10.758849320150309 ], [ -61.484339699369421, -10.75906322554081 ] ], [ [ -61.484863892916742, -10.748437075327617 ], [ -61.484953735592818, -10.748400748829281 ], [ -61.484942319328525, -10.748570198354468 ], [ -61.484863892916742, -10.748437075327617 ] ], [ [ -61.48492113339573, -10.748066183902875 ], [ -61.485019586696225, -10.748065123192164 ], [ -61.484921133395019, -10.748208547182919 ], [ -61.48492113339573, -10.748066183902875 ] ], [ [ -61.485243676015017, -10.748655656700951 ], [ -61.485213809496805, -10.748552682868683 ], [ -61.485336240279722, -10.748626298708441 ], [ -61.485243676015017, -10.748655656700951 ] ], [ [ -61.485688757318314, -10.761415522930115 ], [ -61.485531087205189, -10.761582794924522 ], [ -61.485335013660524, -10.761603369951912 ], [ -61.485412716181841, -10.761421515846118 ], [ -61.485688757318314, -10.761415522930115 ] ], [ [ -61.486030499051388, -10.74999451191926 ], [ -61.48588131789775, -10.750332284033229 ], [ -61.485736730168107, -10.750239045796354 ], [ -61.485896701718794, -10.749969966316723 ], [ -61.486030499051388, -10.74999451191926 ] ], [ [ -61.48708616108069, -10.759774700145499 ], [ -61.487115683817954, -10.75963474422856 ], [ -61.487222091421167, -10.759844160867445 ], [ -61.48708616108069, -10.759774700145499 ] ], [ [ -61.488140045388832, -10.750993137450669 ], [ -61.488126594812321, -10.750749519284955 ], [ -61.48793034333314, -10.750572665782252 ], [ -61.488382817159156, -10.750401430297995 ], [ -61.488607549600133, -10.750619292027169 ], [ -61.488385176823748, -10.751119020170478 ], [ -61.488140045388832, -10.750993137450669 ] ], [ [ -61.488348509517863, -10.754329388342562 ], [ -61.488378199269206, -10.754236399809368 ], [ -61.488452784407876, -10.754358559091065 ], [ -61.488348509517863, -10.754329388342562 ] ], [ [ -61.489482276323812, -10.75299807569111 ], [ -61.489586769957874, -10.752953625584544 ], [ -61.489505243319968, -10.753093954239521 ], [ -61.489482276323812, -10.75299807569111 ] ] ], [ [ [ -61.490912964286558, -10.751663651815889 ], [ -61.491128029898768, -10.751831024885226 ], [ -61.49112607711227, -10.752154587390148 ], [ -61.490967955031614, -10.752355815474848 ], [ -61.490651742668582, -10.752360326881529 ], [ -61.490303473010407, -10.752795681601432 ], [ -61.490434015299819, -10.753134379409611 ], [ -61.490290957683023, -10.75355941208344 ], [ -61.48986812289688, -10.753579307352187 ], [ -61.490032252327147, -10.754210372157146 ], [ -61.489258632397686, -10.754450008065563 ], [ -61.489215097896043, -10.754580602423825 ], [ -61.489257432864328, -10.755191510656326 ], [ -61.488997422183907, -10.755755934420144 ], [ -61.489384998484745, -10.756094229342921 ], [ -61.489302167967807, -10.756626645882225 ], [ -61.489519831741958, -10.757018449926493 ], [ -61.489693856629074, -10.757061985490182 ], [ -61.489702534220235, -10.756824705443563 ], [ -61.490695161915745, -10.755451199919117 ], [ -61.490654052717943, -10.755054400832861 ], [ -61.490825767799002, -10.754972298904082 ], [ -61.491043442977634, -10.754449878472302 ], [ -61.491040048667799, -10.753736205362282 ], [ -61.491348187985139, -10.753666252707971 ], [ -61.491625529211809, -10.753290388222988 ], [ -61.491827073377586, -10.753230902351257 ], [ -61.491914143449009, -10.752665071603206 ], [ -61.491615938971677, -10.752345403918886 ], [ -61.492044748556147, -10.752229596530887 ], [ -61.492144366618753, -10.751943440687278 ], [ -61.492784844406053, -10.751402425953863 ], [ -61.493011827814229, -10.750904181628924 ], [ -61.493350799870157, -10.750618795306357 ], [ -61.493350799092632, -10.749922353607376 ], [ -61.493133124448313, -10.749748224213423 ], [ -61.492785778557547, -10.750051783341821 ], [ -61.491872018183287, -10.749922301998396 ], [ -61.491304779073275, -10.750052969463045 ], [ -61.49125668224125, -10.750500255970255 ], [ -61.490825893437503, -10.751141350258107 ], [ -61.490912964286558, -10.751663651815889 ] ] ], [ [ [ -61.49174001417753, -10.746396026994914 ], [ -61.490782347774612, -10.746483097066301 ], [ -61.490347008287827, -10.746570166609565 ], [ -61.490249638652919, -10.74687484950803 ], [ -61.490077680032705, -10.746751810927028 ], [ -61.490129206987874, -10.746570166609553 ], [ -61.489259916026199, -10.746483034180443 ], [ -61.48910860604542, -10.746579941759686 ], [ -61.488866806205088, -10.746439562030508 ], [ -61.488815080105148, -10.746600783293516 ], [ -61.488649141896673, -10.74661370164517 ], [ -61.488813011377765, -10.746810036913178 ], [ -61.488562071825392, -10.746831376823515 ], [ -61.488555531172189, -10.74741213004927 ], [ -61.488126721468817, -10.747571472429815 ], [ -61.487865511009893, -10.747876222610097 ], [ -61.487821976219216, -10.748180838213782 ], [ -61.488093167193284, -10.748184743653828 ], [ -61.48821378067035, -10.748354977828377 ], [ -61.488736085846142, -10.748529118499079 ], [ -61.48859487569262, -10.74831425461479 ], [ -61.488823156162354, -10.748137298250668 ], [ -61.488823155917615, -10.747789147608209 ], [ -61.488661531098082, -10.747769252332972 ], [ -61.488646064788149, -10.747579996744966 ], [ -61.488968595404103, -10.747446769416106 ], [ -61.489299906788197, -10.747826935646188 ], [ -61.489084492787747, -10.748442059176432 ], [ -61.489432772539196, -10.749008003891422 ], [ -61.48980450360569, -10.749106617819097 ], [ -61.489868112026009, -10.749356283648709 ], [ -61.490196283419266, -10.749325124912401 ], [ -61.4903905324541, -10.749748098969727 ], [ -61.491042159090902, -10.749835231927165 ], [ -61.491348338844077, -10.749705596265501 ], [ -61.491565874034272, -10.749922239112363 ], [ -61.491561764656964, -10.74973218578614 ], [ -61.491865536906445, -10.749445589694902 ], [ -61.493056354431502, -10.749182206409792 ], [ -61.493481404733757, -10.749399819212316 ], [ -61.493541070578303, -10.749198094887708 ], [ -61.493873220054844, -10.749008003891285 ], [ -61.49456978087057, -10.747614877823498 ], [ -61.494574019534483, -10.747213082167969 ], [ -61.494700385732912, -10.747179532393165 ], [ -61.494656850697282, -10.746961981930644 ], [ -61.494163491588516, -10.746824909097777 ], [ -61.493960290126672, -10.746570166609597 ], [ -61.493774693150229, -10.746609190752512 ], [ -61.493524950639916, -10.746396026994976 ], [ -61.492656993886492, -10.746721982344289 ], [ -61.492299740200707, -10.74669819182942 ], [ -61.49174001417753, -10.746396026994914 ] ], [ [ -61.489726131541907, -10.746961919579409 ], [ -61.489779935679337, -10.747092396100706 ], [ -61.489693047905689, -10.747134935950189 ], [ -61.489628737701501, -10.747041030014204 ], [ -61.489726131541907, -10.746961919579409 ] ], [ [ -61.491130640885551, -10.749138694359916 ], [ -61.490986226426891, -10.749494204614837 ], [ -61.490610701394083, -10.749319630095444 ], [ -61.490883110078819, -10.749000813193698 ], [ -61.491130640885551, -10.749138694359916 ] ], [ [ -61.491000006262325, -10.748311564246453 ], [ -61.490871911598816, -10.748274789197332 ], [ -61.490951300978125, -10.748139538621192 ], [ -61.49104114361139, -10.748175865217727 ], [ -61.491000006262325, -10.748311564246453 ] ], [ [ -61.491105297461999, -10.749362481778354 ], [ -61.491211168294214, -10.749385021500235 ], [ -61.491091384174489, -10.749456896406054 ], [ -61.491105297461999, -10.749362481778354 ] ], [ [ -61.492266662654316, -10.748301458022615 ], [ -61.492359226828569, -10.748272099931192 ], [ -61.492314999873017, -10.748403884232474 ], [ -61.492266662654316, -10.748301458022615 ] ], [ [ -61.492426957023397, -10.7487862617948 ], [ -61.492396978327768, -10.748692782056548 ], [ -61.492519521149895, -10.748756903708097 ], [ -61.492426957023397, -10.7487862617948 ] ], [ [ -61.493221237948113, -10.748659091775986 ], [ -61.493654986731123, -10.748617293279313 ], [ -61.493480596308395, -10.748876337375179 ], [ -61.493221237948113, -10.748659091775986 ] ], [ [ -61.49365619702322, -10.747874721256675 ], [ -61.493587692161611, -10.747997618217203 ], [ -61.493490713116593, -10.747982651585428 ], [ -61.493505848535307, -10.747798227478198 ], [ -61.49365619702322, -10.747874721256675 ] ] ], [ [ [ -61.481382058500003, -10.744472358400007 ], [ -61.481347697328559, -10.744610965301082 ], [ -61.481944620282789, -10.744610965289045 ], [ -61.481853021300317, -10.744455993276359 ], [ -61.481949733727596, -10.744350060342827 ], [ -61.48222516862333, -10.744401870658368 ], [ -61.482336550854249, -10.744610964760991 ], [ -61.48264118031949, -10.744523905966341 ], [ -61.482424622810399, -10.744349688981613 ], [ -61.482554110782232, -10.744001599504855 ], [ -61.482293015818492, -10.743914529961529 ], [ -61.481882250804574, -10.7441409418602 ], [ -61.481511121007088, -10.744088913450106 ], [ -61.481502398706652, -10.744109625841858 ], [ -61.481389758149341, -10.744447487796409 ], [ -61.481382058500003, -10.744472358400007 ] ] ], [ [ [ -61.496049971839774, -10.741520102472093 ], [ -61.495658282638473, -10.741302427293759 ], [ -61.49565174209274, -10.741534900136454 ], [ -61.495484142248877, -10.741607177514775 ], [ -61.49552767753157, -10.741955328112823 ], [ -61.495920776468424, -10.74212953061353 ], [ -61.49613704137704, -10.74195533886156 ], [ -61.496049971839774, -10.741520102472093 ] ], [ [ -61.495875930256538, -10.741781191759944 ], [ -61.495910184645375, -10.741931281595964 ], [ -61.495723271772086, -10.741988953097806 ], [ -61.495713365388774, -10.741844461842007 ], [ -61.495875930256538, -10.741781191759944 ] ] ], [ [ [ -61.495745352708845, -10.736774658868177 ], [ -61.496002613585269, -10.736938322902081 ], [ -61.496006562922965, -10.737253544260568 ], [ -61.49635472795994, -10.737210008696794 ], [ -61.496453171766326, -10.736948861375526 ], [ -61.496877148387938, -10.737253543732486 ], [ -61.496964207589684, -10.737166598905256 ], [ -61.496791110836732, -10.736948167678861 ], [ -61.496964181070425, -10.736775690668715 ], [ -61.497138473850335, -10.736948799010824 ], [ -61.497747838231817, -10.736861728939482 ], [ -61.497660779030049, -10.736644179005268 ], [ -61.4971756630231, -10.73672866865415 ], [ -61.496441798031427, -10.7362958987199 ], [ -61.49624425591842, -10.736442572913125 ], [ -61.496137041912213, -10.736121758049176 ], [ -61.495701817673059, -10.736121758049142 ], [ -61.495614748135736, -10.736295887443053 ], [ -61.495745352708845, -10.736774658868177 ] ] ], [ [ [ -61.497391007068089, -10.735057188458095 ], [ -61.497399684064028, -10.735381537726733 ], [ -61.497922093622584, -10.735642747412665 ], [ -61.498226723090518, -10.735076803225784 ], [ -61.498096117983664, -10.734380345873674 ], [ -61.49755174274781, -10.73437032158126 ], [ -61.497486638887864, -10.733901471758115 ], [ -61.497429769751292, -10.734145078002914 ], [ -61.497138473849795, -10.734249751515419 ], [ -61.497182411595752, -10.734401900187175 ], [ -61.496877264169818, -10.734598021051976 ], [ -61.497391007068089, -10.735057188458095 ] ], [ [ -61.497577759467802, -10.734795609207806 ], [ -61.497652282872281, -10.734767000853292 ], [ -61.49760762480107, -10.734898585400463 ], [ -61.497577759467802, -10.734795609207806 ] ], [ [ -61.497858486105642, -10.735088336384862 ], [ -61.497975247788659, -10.735464540866785 ], [ -61.497767957126179, -10.735369286624531 ], [ -61.497716818058848, -10.735096687857954 ], [ -61.497858486105642, -10.735088336384862 ] ] ], [ [ [ -61.497486628018521, -10.733378926085962 ], [ -61.497515453496071, -10.733123742709211 ], [ -61.497747849102012, -10.733204785415214 ], [ -61.497970179413286, -10.733076579058118 ], [ -61.498225440043768, -10.733640198658085 ], [ -61.498575003376224, -10.733335401799007 ], [ -61.498272867543591, -10.733124596127077 ], [ -61.498444398269349, -10.732856516406624 ], [ -61.498358738425168, -10.73259535780212 ], [ -61.498074028400389, -10.732852251460899 ], [ -61.497835023550778, -10.732769560830773 ], [ -61.497443208229789, -10.732987236009082 ], [ -61.497312550934062, -10.733377656758931 ], [ -61.497486628018521, -10.733378926085962 ] ] ], [ [ [ -61.489214971254775, -10.669730828653968 ], [ -61.488953876263281, -10.669600224074985 ], [ -61.488518536773888, -10.670470799544214 ], [ -61.488953761040655, -10.670470799544258 ], [ -61.489302040792168, -10.67016606504327 ], [ -61.489129100382421, -10.669906372540117 ], [ -61.489214971254775, -10.669730828653968 ] ] ], [ [ [ -61.493699388552066, -10.669386876737281 ], [ -61.493960290142731, -10.668947198012038 ], [ -61.493568600911324, -10.668860127940713 ], [ -61.493481531373909, -10.669251829294103 ], [ -61.493615086112484, -10.66963510964562 ], [ -61.4932203206262, -10.670253124365789 ], [ -61.493674888899989, -10.670131099884578 ], [ -61.493525065875964, -10.67055786961542 ], [ -61.493728957858956, -10.670466955118487 ], [ -61.493787559403124, -10.670601467009799 ], [ -61.494265046259287, -10.670557869087371 ], [ -61.494569780107945, -10.670296670150146 ], [ -61.494428097062141, -10.670158912370455 ], [ -61.494526256473392, -10.669904969324826 ], [ -61.494265161208475, -10.669904974308807 ], [ -61.494265980981268, -10.670252062945098 ], [ -61.494077609047679, -10.670257824577011 ], [ -61.493829282894389, -10.670013581950352 ], [ -61.493873220071272, -10.669513153475753 ], [ -61.493699388552066, -10.669386876737281 ] ] ], [ [ [ -61.493002645447774, -10.669774238973394 ], [ -61.493133123931038, -10.669687179650799 ], [ -61.49300251882422, -10.668729512084884 ], [ -61.492393154948168, -10.668511847655358 ], [ -61.492502330573956, -10.668683263669946 ], [ -61.492436690517764, -10.668990619080118 ], [ -61.492727609351718, -10.668939866408698 ], [ -61.492880150130965, -10.669136165974148 ], [ -61.492741435233697, -10.669556563795057 ], [ -61.493002645447774, -10.669774238973394 ] ] ], [ [ [ -61.495788761640817, -10.668816468188568 ], [ -61.495875831712205, -10.668511847655424 ], [ -61.495604461792368, -10.668642390410756 ], [ -61.495353526506591, -10.66851184818344 ], [ -61.495135862195418, -10.668729522833742 ], [ -61.4952664673025, -10.669251818545321 ], [ -61.495527551426747, -10.669164748473962 ], [ -61.495587229473252, -10.668787823384548 ], [ -61.495788761640817, -10.668816468188568 ] ] ], [ [ [ -61.485632712356427, -10.668618688359221 ], [ -61.485732283623555, -10.668903537732159 ], [ -61.486123983188691, -10.668860013973275 ], [ -61.485995803226267, -10.668778030779439 ], [ -61.485993389482722, -10.668381243076192 ], [ -61.485825592819715, -10.668552802784292 ], [ -61.485695669014149, -10.668485202223396 ], [ -61.485862836553132, -10.668164836695857 ], [ -61.48568875945486, -10.668163567369799 ], [ -61.485427549240903, -10.66855525797485 ], [ -61.485632712356427, -10.668618688359221 ] ] ], [ [ [ -61.484959822312852, -10.668586207449799 ], [ -61.484730989204074, -10.66868587383061 ], [ -61.484992188017152, -10.668860002696492 ], [ -61.485122677902204, -10.668860003224582 ], [ -61.485126915696213, -10.668501737712376 ], [ -61.485296817511106, -10.668424663616594 ], [ -61.485253283009307, -10.668250637441105 ], [ -61.484874814273311, -10.668146684364403 ], [ -61.484600257474412, -10.667728217013066 ], [ -61.484208568775941, -10.668207091656665 ], [ -61.484426117331601, -10.668424652867872 ], [ -61.48448976672168, -10.668219353493399 ], [ -61.484713836344795, -10.668176561360692 ], [ -61.484959822312852, -10.668586207449799 ] ] ], [ [ [ -61.48659875741486, -10.668109922392468 ], [ -61.486646530239646, -10.668511722939185 ], [ -61.486775725957536, -10.668511785297426 ], [ -61.486994683902203, -10.668076383331202 ], [ -61.486745986258896, -10.667969531871172 ], [ -61.486733474222113, -10.667771752048788 ], [ -61.486521795306857, -10.667902033596688 ], [ -61.486254704051419, -10.66772821754118 ], [ -61.486211179882986, -10.66872939811752 ], [ -61.486515799318191, -10.66859878748236 ], [ -61.486492342854305, -10.668087916474621 ], [ -61.48659875741486, -10.668109922392468 ] ] ], [ [ [ -61.482423516558143, -10.667249332148698 ], [ -61.481814130412971, -10.667162262077346 ], [ -61.481378791457303, -10.667858811371227 ], [ -61.481459676548191, -10.668182247865719 ], [ -61.481468532635859, -10.66820594992693 ], [ -61.482031701237013, -10.667989301983217 ], [ -61.482597645299869, -10.667553962903265 ], [ -61.482423516558143, -10.667249332148698 ] ] ], [ [ [ -61.49474404687426, -10.668076497298731 ], [ -61.494656977336867, -10.668555268723416 ], [ -61.495005130998813, -10.668772933152939 ], [ -61.494947114814472, -10.668518190721539 ], [ -61.495179282008635, -10.668598792482188 ], [ -61.4952603431909, -10.668417077454835 ], [ -61.495485425786342, -10.668511785297325 ], [ -61.49574522660523, -10.668424652867557 ], [ -61.49559251603317, -10.668209701824333 ], [ -61.495707784750927, -10.667582338930137 ], [ -61.496082600374791, -10.667243515934505 ], [ -61.496224238086882, -10.667379812011479 ], [ -61.496354716570956, -10.667292752688937 ], [ -61.496224175043274, -10.666954042695403 ], [ -61.496354717104907, -10.666770446228696 ], [ -61.495856733985988, -10.666674171529094 ], [ -61.495875831712624, -10.666465700978987 ], [ -61.495356165394099, -10.666704602085927 ], [ -61.494918187016616, -10.666509236014607 ], [ -61.495135514376237, -10.667941832168255 ], [ -61.49474404687426, -10.668076497298731 ] ], [ [ -61.49552761447309, -10.667152680542072 ], [ -61.495287313883722, -10.667204534015923 ], [ -61.495277183660654, -10.666956015471284 ], [ -61.495420528637688, -10.666956005593468 ], [ -61.49552761447309, -10.667152680542072 ] ], [ [ -61.495527668932993, -10.668337699022823 ], [ -61.495406252278308, -10.668357071207833 ], [ -61.495323643920152, -10.668041659952996 ], [ -61.4954754673984, -10.668056771020723 ], [ -61.495527668932993, -10.668337699022823 ] ] ], [ [ [ -61.485689305235368, -10.6645925897514 ], [ -61.485434458704674, -10.664349373684203 ], [ -61.485296818045896, -10.663810063802876 ], [ -61.484905128811917, -10.663897133874213 ], [ -61.484861593776316, -10.66437589455064 ], [ -61.485688748587187, -10.66476770934359 ], [ -61.486111597903019, -10.664787605228575 ], [ -61.486254714918012, -10.665594875549337 ], [ -61.486385193403393, -10.665507816226718 ], [ -61.486343590632806, -10.665309226587635 ], [ -61.486559334355796, -10.66524658971073 ], [ -61.486300548448746, -10.665077552729571 ], [ -61.486405343461371, -10.664795161413522 ], [ -61.486688655901709, -10.664941912372473 ], [ -61.487072574776434, -10.664791881143914 ], [ -61.487065055933414, -10.665024203841138 ], [ -61.486733600034427, -10.665116120427463 ], [ -61.48677712447904, -10.665333664807275 ], [ -61.487386499757697, -10.665203060228288 ], [ -61.487517105140569, -10.665028914531547 ], [ -61.487473569829056, -10.664724299552075 ], [ -61.48711906082049, -10.664721719660422 ], [ -61.48699468443678, -10.664550159409313 ], [ -61.48627071510677, -10.664708348695772 ], [ -61.486733474498941, -10.664419424026971 ], [ -61.48664641501847, -10.664158344616315 ], [ -61.486048505335127, -10.664589183567896 ], [ -61.485689305235368, -10.6645925897514 ] ] ], [ [ [ -61.487647720839092, -10.662634492595727 ], [ -61.487952454688127, -10.662199153515832 ], [ -61.487952455222015, -10.661850987197887 ], [ -61.487693601738087, -10.661947689157087 ], [ -61.487647709972357, -10.661807452162195 ], [ -61.487081880595078, -10.662112197411895 ], [ -61.487168950666536, -10.662939238373507 ], [ -61.487430034793853, -10.662765098230803 ], [ -61.487274688390784, -10.662429107313162 ], [ -61.487647720839092, -10.662634492595727 ] ] ], [ [ [ -61.487038334691853, -10.658194044729701 ], [ -61.486739468953331, -10.658411395815046 ], [ -61.486646519370829, -10.658237579765373 ], [ -61.486363745799565, -10.658575821751286 ], [ -61.486037860970299, -10.658671743466432 ], [ -61.486036913653358, -10.658324649308669 ], [ -61.48516632815808, -10.658411719908001 ], [ -61.484948600804088, -10.658761268991428 ], [ -61.484992188015461, -10.658890479528266 ], [ -61.485292865236751, -10.658878405140511 ], [ -61.485165667923923, -10.659237780375378 ], [ -61.484585888956808, -10.658918430837952 ], [ -61.484729579325773, -10.658542262129126 ], [ -61.484339162480381, -10.658585860050639 ], [ -61.484184131686185, -10.658837865152647 ], [ -61.483947358026121, -10.658847069736611 ], [ -61.483972973948497, -10.659051444957228 ], [ -61.483692377242711, -10.65923630516067 ], [ -61.483424926731416, -10.659195350549968 ], [ -61.483285827520248, -10.659415831460826 ], [ -61.482934459955743, -10.659408514317144 ], [ -61.482597656702183, -10.659151815514308 ], [ -61.482281434399411, -10.659234374170435 ], [ -61.482034298604091, -10.658940892743351 ], [ -61.48208390017038, -10.658566133515254 ], [ -61.482627918373396, -10.658261322184879 ], [ -61.48298946115667, -10.658324524592674 ], [ -61.483163664341674, -10.657803498205789 ], [ -61.482972555638881, -10.657694754892775 ], [ -61.482989461156819, -10.657453948595194 ], [ -61.482776023614605, -10.657376863792638 ], [ -61.482945925587416, -10.656975052454071 ], [ -61.482641528680581, -10.656666257701046 ], [ -61.482739921437094, -10.656341654863327 ], [ -61.483120066543513, -10.656017162076814 ], [ -61.482926961149857, -10.655774295029797 ], [ -61.482945926121488, -10.655451336954524 ], [ -61.482254747025529, -10.655492006774502 ], [ -61.482169135100008, -10.655623508100009 ], [ -61.481624866499999, -10.656408451899996 ], [ -61.481587801650761, -10.656457819520943 ], [ -61.481500090476395, -10.656950892000824 ], [ -61.481335129801558, -10.656844458095753 ], [ -61.481259743837072, -10.656894767123237 ], [ -61.481068067126841, -10.6571500648318 ], [ -61.480636786369217, -10.657840103840975 ], [ -61.480612045600004, -10.657896066 ], [ -61.480559575199997, -10.658044358800002 ], [ -61.480530745, -10.658144124399991 ], [ -61.480499369800008, -10.658277872799996 ], [ -61.48046813229999, -10.658457551199994 ], [ -61.480441798400001, -10.658699005 ], [ -61.480432792800002, -10.658837653799997 ], [ -61.480425971800003, -10.658996565400003 ], [ -61.480415549499995, -10.659420819699994 ], [ -61.480406032600008, -10.659662535899997 ], [ -61.480404463668449, -10.659691393372713 ], [ -61.480377923136757, -10.66125413438799 ], [ -61.480391727195787, -10.661412500243904 ], [ -61.480402806683159, -10.661512305693371 ], [ -61.480432693700003, -10.661713486799997 ], [ -61.480484715200006, -10.661950619400008 ], [ -61.480526440399991, -10.662107506400005 ], [ -61.480588752300001, -10.662315576299992 ], [ -61.480859682200006, -10.663144073200003 ], [ -61.480926871800001, -10.663382364400004 ], [ -61.480978943514593, -10.663614169983919 ], [ -61.48098593247316, -10.663635170169268 ], [ -61.48098720006945, -10.663650925338505 ], [ -61.480988579300003, -10.663657065200006 ], [ -61.481012982099998, -10.663805007699997 ], [ -61.481074934799999, -10.664343532600007 ], [ -61.481115573400004, -10.6648853898 ], [ -61.481159875052889, -10.665797129988217 ], [ -61.481161115744662, -10.665812550727811 ], [ -61.4813499719899, -10.665731507472371 ], [ -61.482293015805197, -10.666378505663435 ], [ -61.482713323077149, -10.666220214565833 ], [ -61.482821376739786, -10.666521657882967 ], [ -61.482467103770944, -10.666684645481025 ], [ -61.482725952437114, -10.666895953670695 ], [ -61.482597772455918, -10.66716225080058 ], [ -61.482684831126384, -10.667292741412471 ], [ -61.482989472021828, -10.66733627644815 ], [ -61.483076694018308, -10.667119633599476 ], [ -61.483555427485499, -10.667423346519451 ], [ -61.483470606588426, -10.667025912423824 ], [ -61.483860162143714, -10.666639710860327 ], [ -61.483869467718797, -10.666185002240546 ], [ -61.484164917985055, -10.666204365520713 ], [ -61.484469652643376, -10.666030220356907 ], [ -61.484167515410256, -10.665862963650484 ], [ -61.484228520833248, -10.665693489508005 ], [ -61.484469652367849, -10.665638410585062 ], [ -61.484252103277178, -10.665420860122611 ], [ -61.483512007395142, -10.665899751066361 ], [ -61.483509399379479, -10.666472454183801 ], [ -61.483284590252367, -10.666505044376256 ], [ -61.483037556712198, -10.666216423842611 ], [ -61.482989808975042, -10.66589568560898 ], [ -61.483120065728336, -10.665333779302502 ], [ -61.482680188224464, -10.665227551865504 ], [ -61.482902454127668, -10.664940580690043 ], [ -61.482902391083961, -10.664767834587574 ], [ -61.482687140480657, -10.664729272515665 ], [ -61.482693390834989, -10.664356293050314 ], [ -61.482897842124316, -10.664160617585386 ], [ -61.483381287343384, -10.664201753880006 ], [ -61.483729556761837, -10.664071149300979 ], [ -61.483854232353622, -10.663275096837101 ], [ -61.484382582573936, -10.662765092657157 ], [ -61.484295523092662, -10.662591083332186 ], [ -61.483984537961966, -10.66258850290442 ], [ -61.483762644473956, -10.662415084746353 ], [ -61.483784762509863, -10.661914139230099 ], [ -61.484145688462732, -10.661554697839032 ], [ -61.484426117333051, -10.66154611723219 ], [ -61.484208441620908, -10.661110880842633 ], [ -61.483819235083338, -10.660812899327093 ], [ -61.483959743659341, -10.66030349653883 ], [ -61.484382593164391, -10.660370670741065 ], [ -61.484476191132778, -10.659702848087594 ], [ -61.484948499975651, -10.65937039723935 ], [ -61.485132355270046, -10.659502504459478 ], [ -61.484730988390424, -10.659761311082002 ], [ -61.484774512837348, -10.660196530598352 ], [ -61.484832986316583, -10.659994704695517 ], [ -61.485166223806488, -10.659891785348654 ], [ -61.485238800903737, -10.659724113494628 ], [ -61.485558028260741, -10.65989178587669 ], [ -61.485843554702811, -10.659595621228613 ], [ -61.486071076732081, -10.659576702085017 ], [ -61.486428855059536, -10.65989178587666 ], [ -61.486675011610181, -10.659820564563093 ], [ -61.486734883575231, -10.660283663555784 ], [ -61.487299429687425, -10.659978855948003 ], [ -61.487218898387361, -10.659615778055072 ], [ -61.487585161452678, -10.659452068910038 ], [ -61.48790871914899, -10.659799383470224 ], [ -61.487691371093987, -10.65989191059276 ], [ -61.487430160602422, -10.660327266539188 ], [ -61.487386625844408, -10.660588346447355 ], [ -61.48751711573243, -10.660631880954941 ], [ -61.487711358861809, -10.660208906958646 ], [ -61.488213676303197, -10.660196530598279 ], [ -61.488518410963856, -10.659891780284939 ], [ -61.489302040794563, -10.658672815626606 ], [ -61.488866806190025, -10.658411719908093 ], [ -61.48844108362421, -10.658842878087212 ], [ -61.487885535121151, -10.658863154348373 ], [ -61.487911243863991, -10.65835298673737 ], [ -61.48812659483162, -10.65815049841726 ], [ -61.487647825191196, -10.657976369551363 ], [ -61.487398092083424, -10.65827660337531 ], [ -61.487038334691853, -10.658194044729701 ] ], [ [ -61.481988281422289, -10.665159649908555 ], [ -61.482027255952715, -10.665519863257462 ], [ -61.481785883097928, -10.665739179298372 ], [ -61.481557042724369, -10.665474380459179 ], [ -61.481552804978172, -10.66524671997983 ], [ -61.481412928405533, -10.665206645764769 ], [ -61.481552804978207, -10.665115990157101 ], [ -61.481509269942585, -10.664811369623175 ], [ -61.48118761871104, -10.665008640857568 ], [ -61.481300900556192, -10.6647048110061 ], [ -61.481509269942634, -10.664680639800412 ], [ -61.481712463400982, -10.664338827258439 ], [ -61.481944620575739, -10.664332353950952 ], [ -61.481950713367866, -10.663838325892826 ], [ -61.482174807310969, -10.6634380190913 ], [ -61.482534046456159, -10.663199874749118 ], [ -61.482830163436709, -10.663119405331162 ], [ -61.483164253265286, -10.663503822117962 ], [ -61.483066372642391, -10.663635861308816 ], [ -61.482946052206671, -10.663505318553133 ], [ -61.482728377028366, -10.663722993731488 ], [ -61.48272576875403, -10.664078027142123 ], [ -61.482419071284454, -10.664736232582644 ], [ -61.482162421288656, -10.664767840148578 ], [ -61.482179327534396, -10.665095710939079 ], [ -61.481988281422289, -10.665159649908555 ] ], [ [ -61.482510699695318, -10.666073794814839 ], [ -61.482350218970879, -10.666208335367818 ], [ -61.482206157643681, -10.666035682837284 ], [ -61.482287925782082, -10.665986996136334 ], [ -61.482510699695318, -10.666073794814839 ] ], [ [ -61.482645418585072, -10.662972788146348 ], [ -61.482748816522204, -10.66294325463698 ], [ -61.482693571117601, -10.663075139300938 ], [ -61.482645418585072, -10.662972788146348 ] ], [ [ -61.48302239473449, -10.663138306987452 ], [ -61.483106408922765, -10.663065998776785 ], [ -61.483101379949481, -10.663210441121327 ], [ -61.48302239473449, -10.663138306987452 ] ], [ [ -61.483260413951882, -10.663248175268107 ], [ -61.483290094774546, -10.663341163683885 ], [ -61.483124303981619, -10.663277533393547 ], [ -61.483260413951882, -10.663248175268107 ] ], [ [ -61.483338393409234, -10.663808567365866 ], [ -61.483172907069644, -10.66387296265893 ], [ -61.48323145287069, -10.663644379533721 ], [ -61.483339157425, -10.663659014464303 ], [ -61.483338393409234, -10.663808567365866 ] ], [ [ -61.483266797520514, -10.662563373918273 ], [ -61.483409467884414, -10.662553602425028 ], [ -61.483267986479831, -10.662664536159959 ], [ -61.483266797520514, -10.662563373918273 ] ], [ [ -61.483347484086195, -10.662848101379312 ], [ -61.483254909080905, -10.662818743256402 ], [ -61.483377342173384, -10.662745109632818 ], [ -61.483347484086195, -10.662848101379312 ] ], [ [ -61.483458550757447, -10.663677940291004 ], [ -61.483612340476995, -10.663616132610665 ], [ -61.483511061027691, -10.663765342644371 ], [ -61.483458550757447, -10.663677940291004 ] ], [ [ -61.483573731146357, -10.662335945480883 ], [ -61.483679608995011, -10.662358485252362 ], [ -61.483563268826025, -10.662444498824131 ], [ -61.483573731146357, -10.662335945480883 ] ], [ [ -61.484296164191512, -10.659455063782268 ], [ -61.484231989502057, -10.659618324589292 ], [ -61.484090348728678, -10.659610805048237 ], [ -61.484187129579205, -10.659369660736374 ], [ -61.484296164191512, -10.659455063782268 ] ], [ [ -61.484383699118801, -10.659108088873156 ], [ -61.484425186272908, -10.659012097089278 ], [ -61.484567673451444, -10.659150662543063 ], [ -61.484383699118801, -10.659108088873156 ] ], [ [ -61.484417747628655, -10.659275888442476 ], [ -61.484533753185239, -10.659242776604431 ], [ -61.484460035448372, -10.65940883355821 ], [ -61.484417747628655, -10.659275888442476 ] ], [ [ -61.486254706333668, -10.659413016710475 ], [ -61.486090166313559, -10.659530492710577 ], [ -61.486098763132539, -10.659114352856955 ], [ -61.486204641124047, -10.65913689265377 ], [ -61.486254706333668, -10.659413016710475 ] ], [ [ -61.486783102254229, -10.659528357560809 ], [ -61.486887540988626, -10.659505238786329 ], [ -61.486806062181962, -10.659624232628927 ], [ -61.486783102254229, -10.659528357560809 ] ], [ [ -61.487987620656277, -10.659014678297513 ], [ -61.488093177057834, -10.658981455578093 ], [ -61.488033295904479, -10.659105700040065 ], [ -61.487987620656277, -10.659014678297513 ] ], [ [ -61.488605602137355, -10.659238861255972 ], [ -61.48835455454995, -10.659325892785047 ], [ -61.48824607177891, -10.659225451504701 ], [ -61.488508252782196, -10.659064682567305 ], [ -61.488605602137355, -10.659238861255972 ] ], [ [ -61.488665141791842, -10.658906430966569 ], [ -61.488763604518788, -10.658905370248426 ], [ -61.488664069431394, -10.659048896128219 ], [ -61.488665141791842, -10.658906430966569 ] ] ], [ [ [ -61.491130638911727, -10.658977550127467 ], [ -61.491304652435254, -10.658803420733573 ], [ -61.491130523693236, -10.658411719908178 ], [ -61.490776003107534, -10.658496209540424 ], [ -61.490651627434175, -10.658281114273107 ], [ -61.490477613098307, -10.658324654910841 ], [ -61.490347008803447, -10.65858584877396 ], [ -61.490869417830936, -10.658977549599459 ], [ -61.490989000224019, -10.658754182073487 ], [ -61.491130638911727, -10.658977550127467 ] ] ], [ [ [ -61.483903822711071, -10.657018603856093 ], [ -61.483989693914914, -10.657585957053145 ], [ -61.483468473167612, -10.658977560876439 ], [ -61.484208442155293, -10.65858573480665 ], [ -61.483904813725374, -10.658368250712972 ], [ -61.484208453022056, -10.658368059100264 ], [ -61.484326272709104, -10.657980413331625 ], [ -61.485253283011453, -10.657976244307266 ], [ -61.485177883498686, -10.657691240929864 ], [ -61.485471001463509, -10.657802102061748 ], [ -61.48538812576458, -10.657661513843967 ], [ -61.485555400329964, -10.657606736209081 ], [ -61.485558154879563, -10.65788918498464 ], [ -61.485688644234827, -10.657976243779196 ], [ -61.485819237941328, -10.657758579877639 ], [ -61.485736406043237, -10.657095558389587 ], [ -61.485993378617991, -10.65710554359384 ], [ -61.486123983191185, -10.656844344128558 ], [ -61.485949843582389, -10.656670317953193 ], [ -61.485688759452493, -10.656670317953219 ], [ -61.48538859015823, -10.656931184143787 ], [ -61.485209747976022, -10.656626782917543 ], [ -61.484871751179959, -10.656757325676832 ], [ -61.484514596739032, -10.656626720559672 ], [ -61.48407795226607, -10.656844458623906 ], [ -61.483903822711071, -10.657018603856093 ] ], [ [ -61.484339699225075, -10.657800732423709 ], [ -61.484134817990643, -10.657784622697184 ], [ -61.484141485733133, -10.657553269761536 ], [ -61.484283967762607, -10.657604170857704 ], [ -61.484339699225075, -10.657800732423709 ] ] ], [ [ [ -61.486934123838516, -10.656639777172208 ], [ -61.487256009870016, -10.657149078101433 ], [ -61.487560639368184, -10.657062019306876 ], [ -61.487517115733056, -10.656931528695321 ], [ -61.487268406242329, -10.656911632800353 ], [ -61.487342964189928, -10.656626772168801 ], [ -61.487015996367184, -10.656573506126046 ], [ -61.486907625233819, -10.656278503160255 ], [ -61.486559460165871, -10.656496177810554 ], [ -61.486690054406232, -10.656800797816084 ], [ -61.486934123838516, -10.656639777172208 ] ] ], [ [ [ -61.486907729584459, -10.656060702209734 ], [ -61.487252072462148, -10.656006694532065 ], [ -61.486994810522503, -10.656191432560902 ], [ -61.487081869727206, -10.65640898249506 ], [ -61.488344270544175, -10.65653958813011 ], [ -61.488048830853735, -10.65625433135366 ], [ -61.487941326678531, -10.655894672646355 ], [ -61.487964966771521, -10.655558177706673 ], [ -61.488344270544289, -10.65545133695468 ], [ -61.487386614976749, -10.655494872518227 ], [ -61.487185428003102, -10.655749123175854 ], [ -61.48682067037975, -10.65579961723985 ], [ -61.486907729584459, -10.656060702209734 ] ], [ [ -61.487634508853915, -10.655897023665705 ], [ -61.487560702945153, -10.655810266727624 ], [ -61.487691308052504, -10.655842811364016 ], [ -61.487634508853915, -10.655897023665705 ] ] ], [ [ [ -61.48494854862907, -10.654449905890022 ], [ -61.485079142335785, -10.653796994850286 ], [ -61.484948652978936, -10.653709936055741 ], [ -61.484382708381844, -10.654232231239755 ], [ -61.48494854862907, -10.654449905890022 ] ] ], [ [ [ -61.484687327549352, -10.650357613065157 ], [ -61.484644909303697, -10.64987891879233 ], [ -61.484774397086952, -10.649791668350202 ], [ -61.484469652371168, -10.649443502032135 ], [ -61.484165033202608, -10.649704712246161 ], [ -61.484208568238294, -10.649965797744144 ], [ -61.484463685657431, -10.649820044944679 ], [ -61.484509075953689, -10.650019442729636 ], [ -61.484339173879178, -10.650139948635577 ], [ -61.484556837657323, -10.650401147572772 ], [ -61.484687327549352, -10.650357613065157 ] ] ], [ [ [ -61.485383888120246, -10.649269237173407 ], [ -61.485427423156011, -10.648659871390159 ], [ -61.484818058737474, -10.648834011532808 ], [ -61.484774523701915, -10.649486912351781 ], [ -61.485383888120246, -10.649269237173407 ] ], [ [ -61.485068014571908, -10.648907648022076 ], [ -61.48516124081975, -10.648834192083282 ], [ -61.485170913727629, -10.649007807648529 ], [ -61.485068014571908, -10.648907648022076 ] ] ], [ [ [ -61.484208453023314, -10.650880158737264 ], [ -61.483883256562386, -10.650919677021877 ], [ -61.483860161871561, -10.650662483030853 ], [ -61.48372967197966, -10.650662483558902 ], [ -61.483403966141168, -10.65109657452683 ], [ -61.483099625917568, -10.651137352179283 ], [ -61.483163199066077, -10.650858490489 ], [ -61.483511881586232, -10.650575412959524 ], [ -61.483133412009714, -10.650471459494867 ], [ -61.483120077131737, -10.650140063130868 ], [ -61.482946052203943, -10.650140062602812 ], [ -61.48283476356238, -10.650453669858935 ], [ -61.482728261810706, -10.650227133202193 ], [ -61.482412038552383, -10.650179086753903 ], [ -61.482125702017242, -10.649940497572857 ], [ -61.482249365018255, -10.64953056135467 ], [ -61.482083899912539, -10.649380241326121 ], [ -61.482297998814524, -10.64926954244306 ], [ -61.482554110801829, -10.64935630724483 ], [ -61.482858856051578, -10.648834011532731 ], [ -61.482609239167751, -10.649134245894567 ], [ -61.48181413040993, -10.649312897453093 ], [ -61.481856477197766, -10.64961904525456 ], [ -61.481718565807007, -10.649751053870355 ], [ -61.481335140669465, -10.649487037595785 ], [ -61.480768351745546, -10.649485850942236 ], [ -61.480630580504219, -10.649363935416369 ], [ -61.480650239432379, -10.648897164026765 ], [ -61.481161000526932, -10.648703281181788 ], [ -61.481596340299703, -10.648224390632432 ], [ -61.481255001251199, -10.647937885893869 ], [ -61.481256978605593, -10.647672756984644 ], [ -61.481596340017447, -10.647832580996441 ], [ -61.481564475138391, -10.647634648042008 ], [ -61.481901085267161, -10.647571370782407 ], [ -61.482205829983144, -10.647048961103149 ], [ -61.482162295481309, -10.646831399891934 ], [ -61.481988166204943, -10.64678786538434 ], [ -61.481857676311485, -10.646787864856281 ], [ -61.481818692484801, -10.646959606817692 ], [ -61.481494786548446, -10.646955537274991 ], [ -61.481127461771194, -10.646678830150469 ], [ -61.481117465491643, -10.646439585098921 ], [ -61.480862601493577, -10.646654679850696 ], [ -61.480652014627076, -10.646596118134907 ], [ -61.480466853518173, -10.646357487448897 ], [ -61.480638632272829, -10.646136108645841 ], [ -61.480464492132157, -10.645926620978994 ], [ -61.480682103735028, -10.645655943180088 ], [ -61.480343129181904, -10.645457642577757 ], [ -61.480203566670959, -10.644955332700691 ], [ -61.480638569517495, -10.643957957104119 ], [ -61.480381596458642, -10.643619792528233 ], [ -61.480337772083416, -10.64320739445418 ], [ -61.480682104553708, -10.643043721348279 ], [ -61.480819247762362, -10.64246297394652 ], [ -61.481248060017961, -10.64199888048489 ], [ -61.481390334765216, -10.641539743269615 ], [ -61.481683410090106, -10.6413893957174 ], [ -61.481724000987931, -10.641025158385279 ], [ -61.481634597258939, -10.641134641960074 ], [ -61.480886460323596, -10.642242614409639 ], [ -61.480551614374306, -10.642303756710385 ], [ -61.480093214048914, -10.642762171039822 ], [ -61.480032407899721, -10.642828548973968 ], [ -61.480238205678397, -10.642980591305793 ], [ -61.480233434750296, -10.643156850196091 ], [ -61.479811529634233, -10.643130921860044 ], [ -61.479375682403088, -10.643846961250906 ], [ -61.479323902899999, -10.643960988100005 ], [ -61.479251194700005, -10.644136035300004 ], [ -61.479174686900002, -10.644339996 ], [ -61.479109344900003, -10.6445409368 ], [ -61.479054769400001, -10.644745636700002 ], [ -61.479024562800006, -10.644883640199994 ], [ -61.478992018600003, -10.645069098699993 ], [ -61.47896272429999, -10.645318042499996 ], [ -61.478959925759789, -10.645360138426822 ], [ -61.479094706115617, -10.646639014307832 ], [ -61.479140450100005, -10.646802480099998 ], [ -61.479231517900004, -10.647090885099994 ], [ -61.47923945801206, -10.647113460671301 ], [ -61.479679721245716, -10.648111390422827 ], [ -61.480007738300003, -10.648705255399998 ], [ -61.480397313200008, -10.649383428799997 ], [ -61.4806639026, -10.649832172099993 ], [ -61.480813617, -10.650072400199992 ], [ -61.480968559, -10.650309127599995 ], [ -61.481282934699998, -10.650780072400002 ], [ -61.481486644, -10.651099130400009 ], [ -61.481597962900004, -10.651285557699996 ], [ -61.481661015500009, -10.651399330799997 ], [ -61.481720039, -10.651514621299999 ], [ -61.481827554399999, -10.6517493103 ], [ -61.481892758800001, -10.651908480799992 ], [ -61.481917825791307, -10.651975201431435 ], [ -61.481984333205077, -10.652088541415258 ], [ -61.482353561650164, -10.653221156108275 ], [ -61.482385644499999, -10.653303038700008 ], [ -61.48250967029999, -10.653618545800008 ], [ -61.482585031900008, -10.653830927899996 ], [ -61.482622090299998, -10.653952079199994 ], [ -61.482657237799998, -10.654089947599999 ], [ -61.482682512348937, -10.654230212306226 ], [ -61.482684494190622, -10.654236291588592 ], [ -61.482684188044708, -10.654239511815524 ], [ -61.482685349, -10.654245954699993 ], [ -61.482694173200002, -10.65432827270001 ], [ -61.48269822120001, -10.654415269 ], [ -61.482695756600002, -10.654506935300002 ], [ -61.482684859700008, -10.654603262099998 ], [ -61.482662789400003, -10.654704055399998 ], [ -61.482626347199989, -10.654809209299996 ], [ -61.48254604240001, -10.654985938099999 ], [ -61.482455515700003, -10.655159543300003 ], [ -61.482390419, -10.655273780400002 ], [ -61.482329434932765, -10.655373985513545 ], [ -61.482293026669844, -10.65545121223872 ], [ -61.483207136335686, -10.655451212238678 ], [ -61.4832477213223, -10.654937440797905 ], [ -61.483480858023036, -10.654426266732971 ], [ -61.484034302293637, -10.654058085457816 ], [ -61.484448973708659, -10.653327091510393 ], [ -61.484861467691367, -10.65344860059766 ], [ -61.484838010494876, -10.652937724079381 ], [ -61.485470957657022, -10.652752050775694 ], [ -61.485470958190866, -10.652621559635985 ], [ -61.485269408650822, -10.652692678829284 ], [ -61.485122688772087, -10.652403884985679 ], [ -61.484947715647053, -10.652489768404592 ], [ -61.484643803379775, -10.652229744843019 ], [ -61.48430481764823, -10.652205573064073 ], [ -61.484513186872533, -10.651663778102495 ], [ -61.484208453023314, -10.650880158737264 ] ], [ [ -61.479989781175718, -10.646362499788408 ], [ -61.480018169748313, -10.646259623941685 ], [ -61.480094065295482, -10.646391670626576 ], [ -61.479989781175718, -10.646362499788408 ] ], [ [ -61.480413332211199, -10.64575166010462 ], [ -61.480454436903059, -10.645659734653485 ], [ -61.480529415675036, -10.645782180118948 ], [ -61.480413332211199, -10.64575166010462 ] ], [ [ -61.483512005512992, -10.652273188507726 ], [ -61.483307652067197, -10.652299208006502 ], [ -61.483314284177119, -10.652023488310288 ], [ -61.483412426223431, -10.652031839772084 ], [ -61.483512005512992, -10.652273188507726 ] ], [ [ -61.484157605953484, -10.652401774434782 ], [ -61.484125432341507, -10.652296698944077 ], [ -61.484247542959679, -10.652372281975657 ], [ -61.484157605953484, -10.652401774434782 ] ] ], [ [ [ -61.473422472895415, -10.474283320577786 ], [ -61.473382078108848, -10.47465458774993 ], [ -61.473402182970631, -10.474764683716241 ], [ -61.473558111698345, -10.474690354212102 ], [ -61.47378172374183, -10.475034127078715 ], [ -61.473617943023378, -10.475081173255166 ], [ -61.473424764626081, -10.474881299495983 ], [ -61.473500025899995, -10.475251377700006 ], [ -61.473550849607918, -10.475473632404704 ], [ -61.473753369353361, -10.475383029521279 ], [ -61.473847229713272, -10.475825655067711 ], [ -61.474151964102759, -10.476043329717989 ], [ -61.474369523598142, -10.475782130780821 ], [ -61.474239266627109, -10.475604037645681 ], [ -61.47423891849143, -10.474302042787221 ], [ -61.473886641165308, -10.474026973155009 ], [ -61.474021243846742, -10.473605492965349 ], [ -61.473760044492948, -10.473431353350689 ], [ -61.473456261500608, -10.473647841866679 ], [ -61.473237739213445, -10.473561957929661 ], [ -61.473422472895415, -10.474283320577786 ] ], [ [ -61.473529582912612, -10.474219023362508 ], [ -61.473625608606426, -10.474247927190387 ], [ -61.473504137160688, -10.47432495246213 ], [ -61.473529582912612, -10.474219023362508 ] ] ], [ [ [ -61.474935479942815, -10.473082940831057 ], [ -61.474979014098103, -10.472778213319646 ], [ -61.47480488534913, -10.47251711760169 ], [ -61.474282580069314, -10.472517117073629 ], [ -61.474717919565983, -10.473213552399468 ], [ -61.474935479942815, -10.473082940831057 ] ], [ [ -61.47480435625895, -10.472692237208134 ], [ -61.474764622724429, -10.472831692833592 ], [ -61.474713806862518, -10.472748537700625 ], [ -61.47480435625895, -10.472692237208134 ] ] ], [ [ [ -61.505891902302615, -10.35269081967653 ], [ -61.506019494553584, -10.352491012986421 ], [ -61.505801830764717, -10.352273349085245 ], [ -61.505418868886181, -10.352278324541416 ], [ -61.50419740200001, -10.352349192400006 ], [ -61.504091456099999, -10.352353401700002 ], [ -61.503985526100003, -10.352354265699999 ], [ -61.503773338400002, -10.352348035599993 ], [ -61.503348666599997, -10.352321107299998 ], [ -61.503082707254549, -10.352308666155889 ], [ -61.502795482039843, -10.35231239540796 ], [ -61.502718614, -10.352316098200001 ], [ -61.502619946199999, -10.352326037 ], [ -61.502514860699996, -10.352341370900003 ], [ -61.502430212699998, -10.352360325899996 ], [ -61.502348083299999, -10.352387339500003 ], [ -61.502294740300009, -10.352409695099997 ], [ -61.5022255409, -10.35244445409999 ], [ -61.502136705600002, -10.352499103399989 ], [ -61.502087867800007, -10.352534228299996 ], [ -61.502033876899993, -10.352577647400006 ], [ -61.50197454180001, -10.352631168099995 ], [ -61.501909943400008, -10.352696960700007 ], [ -61.501874198742996, -10.352738471353909 ], [ -61.501667551039809, -10.353039052098122 ], [ -61.5016564676, -10.353059067500007 ], [ -61.501621066699997, -10.353129787900002 ], [ -61.501586825300002, -10.353206300200004 ], [ -61.501562877642002, -10.353267574112428 ], [ -61.501666106625819, -10.353405134237132 ], [ -61.501968111393282, -10.353253244831283 ], [ -61.502259497730556, -10.353377551023954 ], [ -61.502232072945752, -10.353796950086208 ], [ -61.502404281581128, -10.353816046870698 ], [ -61.502449748124164, -10.354058160300196 ], [ -61.502835401555124, -10.353571634763224 ], [ -61.502928634049816, -10.35379696083519 ], [ -61.503102647696927, -10.353840485121829 ], [ -61.502842553216823, -10.353317997165137 ], [ -61.502896289189486, -10.352882776703206 ], [ -61.503100351494304, -10.352964812547768 ], [ -61.502972168552006, -10.353143924551164 ], [ -61.503900914786193, -10.353368067675953 ], [ -61.503929928480723, -10.353709879486729 ], [ -61.504432187027525, -10.353780808467198 ], [ -61.504626489051475, -10.354014624736404 ], [ -61.504887584159277, -10.353927555193129 ], [ -61.50489781539784, -10.353709942384508 ], [ -61.505540724800554, -10.353971089700721 ], [ -61.506019495086633, -10.353971090228759 ], [ -61.506231989993047, -10.353579587286827 ], [ -61.506736641930054, -10.353626826310764 ], [ -61.506803240834941, -10.353796949558005 ], [ -61.507064335942673, -10.353884020157395 ], [ -61.506890258782192, -10.353612159018322 ], [ -61.507064335409474, -10.353187573557131 ], [ -61.506890321373469, -10.353144057108491 ], [ -61.506847649801308, -10.353447608359506 ], [ -61.50639218815855, -10.353352519604558 ], [ -61.506374034904951, -10.353162679483708 ], [ -61.50654191498149, -10.353056968450124 ], [ -61.506237181121342, -10.352752234477565 ], [ -61.505891902302615, -10.35269081967653 ] ], [ [ -61.503217252367385, -10.352723464759004 ], [ -61.503116519874169, -10.352865711694998 ], [ -61.503118774095732, -10.35272346475883 ], [ -61.503217252367385, -10.352723464759004 ] ], [ [ -61.503392882411688, -10.353224651428739 ], [ -61.503326582396049, -10.353032074236284 ], [ -61.503509099515405, -10.35301978737467 ], [ -61.50371278974815, -10.353229622229602 ], [ -61.503392882411688, -10.353224651428739 ] ], [ [ -61.504214511824543, -10.353476063157096 ], [ -61.504156417919731, -10.353628166779719 ], [ -61.504107897982337, -10.353525277980635 ], [ -61.504214511824543, -10.353476063157096 ] ], [ [ -61.50470885645187, -10.353533466328084 ], [ -61.504672331151994, -10.353443697969007 ], [ -61.504849295912528, -10.35336383523993 ], [ -61.504974778039937, -10.353535830717467 ], [ -61.50470885645187, -10.353533466328084 ] ], [ [ -61.504839941556376, -10.353046870174822 ], [ -61.504717866689731, -10.353121440334426 ], [ -61.504747329030046, -10.353017511214629 ], [ -61.504839941556376, -10.353046870174822 ] ], [ [ -61.505055700269054, -10.352805553347313 ], [ -61.505188221845479, -10.352849288334387 ], [ -61.505083915076902, -10.352878460013489 ], [ -61.505055700269054, -10.352805553347313 ] ], [ [ -61.505742284396852, -10.353376490310058 ], [ -61.505642718724097, -10.353520004861652 ], [ -61.505643790039059, -10.353377551055917 ], [ -61.505742284396852, -10.353376490310058 ] ] ] ] } }
]
}
