{
"type": "FeatureCollection",
"name": "roosevelt",
"crs": { "type": "name", "properties": { "name": "urn:ogc:def:crs:OGC:1.3:CRS84" } },
"features": [
{ "type": "Feature", "properties": { "patch_id": null, "area_ha": null, "lon_centro": null, "lat_centro": null }, "geometry": { "type": "Polygon", "coordinates": [ [ [ -60.525512822273662, -11.537889785495816 ], [ -60.525197294837234, -11.537657445043948 ], [ -60.524885794347838, -11.536965837239753 ], [ -60.524836194885893, -11.535378736641588 ], [ -60.524847539701561, -11.534084438237953 ], [ -60.524622182100664, -11.533226546433507 ], [ -60.524113760073838, -11.533263967017602 ], [ -60.522989057174932, -11.533567535939625 ], [ -60.522289747638787, -11.533645079510814 ], [ -60.521783706840175, -11.533411111246183 ], [ -60.521149553975469, -11.533301312500093 ], [ -60.521208296852727, -11.533844623414092 ], [ -60.520950054000849, -11.534322596505461 ], [ -60.520590730447097, -11.534256896857627 ], [ -60.51964105872247, -11.533914750465277 ], [ -60.518980418932749, -11.534410161090337 ], [ -60.518302093740196, -11.534508750931318 ], [ -60.517727227796868, -11.534879627596082 ], [ -60.518057858481633, -11.535801052433131 ], [ -60.518535023612195, -11.536911624970973 ], [ -60.518526032545203, -11.537934533129334 ], [ -60.518604470597076, -11.538645029944277 ], [ -60.518750820836324, -11.538855053411609 ], [ -60.525716099109715, -11.538851876182939 ], [ -60.525865931961548, -11.538665257140941 ], [ -60.525512822273662, -11.537889785495816 ] ] ] } },
{ "type": "Feature", "properties": { "patch_id": 1141.0, "area_ha": 1.3174, "lon_centro": -60.527814, "lat_centro": -11.535509 }, "geometry": { "type": "Polygon", "coordinates": [ [ [ -60.527830777889626, -11.537862964149181 ], [ -60.527231319818085, -11.537405700048879 ], [ -60.52713456651108, -11.536988269524741 ], [ -60.527229983774596, -11.536624227059258 ], [ -60.527874313452713, -11.535903773811752 ], [ -60.528004918032906, -11.535250758854303 ], [ -60.528179121906312, -11.532767982536644 ], [ -60.528005044957837, -11.531593929754976 ], [ -60.527916772830203, -11.535121723112452 ], [ -60.52769324721833, -11.535877295056538 ], [ -60.527047274709368, -11.536731053221741 ], [ -60.527047274709489, -11.537253370495097 ], [ -60.527177879816549, -11.537558115744803 ], [ -60.528036037866407, -11.538361618710866 ], [ -60.528266255708608, -11.538864166814811 ], [ -60.528483803959553, -11.538951226144064 ], [ -60.527830777889626, -11.537862964149181 ] ] ] } },
{ "type": "Feature", "properties": { "patch_id": null, "area_ha": null, "lon_centro": null, "lat_centro": null }, "geometry": { "type": "Polygon", "coordinates": [ [ [ -60.529528117482045, -11.531451986910325 ], [ -60.528656537837918, -11.53186212033704 ], [ -60.528039349326534, -11.532232661150115 ], [ -60.527528369881587, -11.532562349759425 ], [ -60.526911544265865, -11.532891135904876 ], [ -60.526275559711877, -11.532990106256525 ], [ -60.525765308859057, -11.533236287848275 ], [ -60.525677523508946, -11.533590454945518 ], [ -60.525757078526944, -11.534175698701549 ], [ -60.525728409998869, -11.53503142592543 ], [ -60.525695533119396, -11.536367296287269 ], [ -60.525774721844435, -11.536994291690418 ], [ -60.52591815048514, -11.537538325186649 ], [ -60.526065787122334, -11.537602215408262 ], [ -60.526829895820484, -11.537379074934432 ], [ -60.527253831448967, -11.537320054006608 ], [ -60.527422454955811, -11.537404999704416 ], [ -60.527962804343062, -11.538557857350266 ], [ -60.527959879296361, -11.538891870540491 ], [ -60.529547774185737, -11.538884511526843 ], [ -60.529869335654411, -11.538427945047253 ], [ -60.529851088869094, -11.538093751231703 ], [ -60.53000055362287, -11.537948881115199 ], [ -60.530491103196361, -11.537535506128892 ], [ -60.530645862461697, -11.536785235343729 ], [ -60.530757369043322, -11.536138983568517 ], [ -60.530933477889334, -11.535368016409803 ], [ -60.530748796094358, -11.534698368286508 ], [ -60.53056101152093, -11.534383610021752 ], [ -60.530564845049781, -11.533945216708132 ], [ -60.530207708025102, -11.533629018204341 ], [ -60.529956234717844, -11.533334595556198 ], [ -60.529789803383068, -11.532999141317083 ], [ -60.52983871432123, -11.532247970370323 ], [ -60.530351699067424, -11.531688642420674 ], [ -60.530521780973537, -11.531606578847981 ], [ -60.530400060038851, -11.531000098586508 ], [ -60.529528117482045, -11.531451986910325 ] ] ] } },
{ "type": "Feature", "properties": { "patch_id": 1140.0, "area_ha": 0.4215, "lon_centro": -60.527874, "lat_centro": -11.529531 }, "geometry": { "type": "Polygon", "coordinates": [ [ [ -60.528135523140932, -11.530723218299471 ], [ -60.527831087783994, -11.529848130476578 ], [ -60.527961382998761, -11.528546466516044 ], [ -60.527787242856164, -11.528111116159328 ], [ -60.527526159564623, -11.527936986758776 ], [ -60.527873237825084, -11.528544897422776 ], [ -60.527700300242842, -11.529808879395668 ], [ -60.52804737796292, -11.530765184152344 ], [ -60.528048579993474, -11.53159380511598 ], [ -60.528135523140932, -11.530723218299471 ] ] ] } },
{ "type": "Feature", "properties": { "patch_id": 1139.0, "area_ha": 0.3602, "lon_centro": -60.525904, "lat_centro": -11.52559 }, "geometry": { "type": "Polygon", "coordinates": [ [ [ -60.526829472607062, -11.52610851526066 ], [ -60.524739917280961, -11.524758929154835 ], [ -60.525262326816453, -11.525281224416354 ], [ -60.526678860824653, -11.526119927379447 ], [ -60.527003612749645, -11.52654374097839 ], [ -60.526829472607062, -11.52610851526066 ] ] ] } },
{ "type": "Feature", "properties": { "patch_id": null, "area_ha": null, "lon_centro": null, "lat_centro": null }, "geometry": { "type": "Polygon", "coordinates": [ [ [ -60.674031553132224, -11.359413196742176 ], [ -60.673724303727482, -11.358816860816523 ], [ -60.67332611076526, -11.358439773404369 ], [ -60.672949673908967, -11.358128847448871 ], [ -60.672861761774492, -11.357974176528614 ], [ -60.672641892599046, -11.357598496813962 ], [ -60.672487288657386, -11.357421302450419 ], [ -60.67217736758866, -11.357154894565985 ], [ -60.672111210922459, -11.357066385357026 ], [ -60.671823402252613, -11.356822148552348 ], [ -60.671536307989122, -11.35648993061672 ], [ -60.671249214369865, -11.356157712525251 ], [ -60.670983697388394, -11.355913651335717 ], [ -60.670605481109575, -11.355822675710947 ], [ -60.669981360837518, -11.355817742182479 ], [ -60.669535560820165, -11.355814217426119 ], [ -60.669156809567113, -11.355789225654863 ], [ -60.66859884519679, -11.355872798818943 ], [ -60.667997015687654, -11.355868037394517 ], [ -60.667596868755574, -11.35573289138174 ], [ -60.667350606514525, -11.355862921906041 ], [ -60.667437621016504, -11.356127569638568 ], [ -60.667591684441533, -11.356370751437801 ], [ -60.667700452957476, -11.356701561097049 ], [ -60.667674766157361, -11.357119293002162 ], [ -60.667627861797989, -11.357404877418436 ], [ -60.66762464354089, -11.357800790524214 ], [ -60.667821142605924, -11.358308267346009 ], [ -60.667929911686443, -11.358639077077807 ], [ -60.668462731412646, -11.358907252863531 ], [ -60.668795476231459, -11.35910785512038 ], [ -60.669061708198036, -11.359263937680746 ], [ -60.669617535408101, -11.359444307346706 ], [ -60.669994326517667, -11.359711246753864 ], [ -60.670148036419569, -11.359998418385048 ], [ -60.67025698724121, -11.360307232667747 ], [ -60.670433702513741, -11.360506599677469 ], [ -60.671504176602639, -11.360449072461021 ], [ -60.672106552706794, -11.360387842902478 ], [ -60.672466946759613, -11.359928760629993 ], [ -60.672647410992106, -11.359666226365663 ], [ -60.6728945674366, -11.359426215348341 ], [ -60.673296507001623, -11.359341403046631 ], [ -60.673363734756343, -11.359297940591505 ], [ -60.673895492589345, -11.359698079379378 ], [ -60.674031553132224, -11.359413196742176 ] ] ] } },
{ "type": "Feature", "properties": { "patch_id": 1118.0, "area_ha": 3.1267, "lon_centro": -60.67141, "lat_centro": -11.357335 }, "geometry": { "type": "Polygon", "coordinates": [ [ [ -60.673151928951533, -11.356497461323706 ], [ -60.673324867718833, -11.35606054020125 ], [ -60.673281448065474, -11.355930061365356 ], [ -60.673076176400912, -11.356274109469908 ], [ -60.67293306323085, -11.356147736543686 ], [ -60.672715503489137, -11.356191271051566 ], [ -60.6726448535819, -11.356706735958324 ], [ -60.672217483505371, -11.3568051067118 ], [ -60.671931872847182, -11.356713691479545 ], [ -60.671896523870721, -11.356850951140144 ], [ -60.671496522490486, -11.356800761550856 ], [ -60.671412085343675, -11.35690893860979 ], [ -60.671017637098124, -11.35684429658653 ], [ -60.671052692315627, -11.357108292378312 ], [ -60.670554781921027, -11.356784818745702 ], [ -60.670538625381724, -11.356583086372499 ], [ -60.670233995568651, -11.356583086900255 ], [ -60.670190471955351, -11.357366603104916 ], [ -60.670321076527557, -11.357758407682653 ], [ -60.670703568543942, -11.357695496648876 ], [ -60.670743891458997, -11.357912787203134 ], [ -60.670495216670339, -11.357932672478256 ], [ -60.670538751706019, -11.358193758039292 ], [ -60.67093045158974, -11.358498502761211 ], [ -60.672236491826133, -11.357801941640554 ], [ -60.672105886665541, -11.357584392192921 ], [ -60.671931012049967, -11.35771381177203 ], [ -60.671506422733472, -11.357475389442433 ], [ -60.671525274776734, -11.357329081114051 ], [ -60.671714071344589, -11.357366592361544 ], [ -60.671777728301166, -11.357116920222166 ], [ -60.67258996971789, -11.356800942010677 ], [ -60.672937654276573, -11.356803033908662 ], [ -60.673150738409042, -11.356974776512684 ], [ -60.673203742531072, -11.35672542725804 ], [ -60.673455472771451, -11.356713566826508 ], [ -60.673151928951533, -11.356497461323706 ] ], [ [ -60.670511246923368, -11.357524914356754 ], [ -60.670511246919226, -11.357295465105805 ], [ -60.670655078010981, -11.357287072708351 ], [ -60.670669791143617, -11.35745427704053 ], [ -60.670511246923368, -11.357524914356754 ] ], [ [ -60.671186307306144, -11.358019407148644 ], [ -60.671136903537935, -11.357963525618873 ], [ -60.671281480245504, -11.357824370964803 ], [ -60.671322373748673, -11.35797619902832 ], [ -60.671186307306144, -11.358019407148644 ] ], [ [ -60.671211802840091, -11.357397882493391 ], [ -60.671203343670321, -11.357212163649317 ], [ -60.671389300498895, -11.357204821781462 ], [ -60.671409022825749, -11.357368366994841 ], [ -60.671211802840091, -11.357397882493391 ] ], [ [ -60.671477344140058, -11.357879937506031 ], [ -60.671464880567328, -11.357681546515881 ], [ -60.671602644596433, -11.357680537558538 ], [ -60.671477344140058, -11.357879937506031 ] ] ] } },
{ "type": "Feature", "properties": { "patch_id": null, "area_ha": null, "lon_centro": null, "lat_centro": null }, "geometry": { "type": "Polygon", "coordinates": [ [ [ -60.698810567969538, -11.348103318557644 ], [ -60.69858167602775, -11.348849432000401 ], [ -60.698135525139506, -11.348889943913836 ], [ -60.697822761037266, -11.348975490545872 ], [ -60.69746224226563, -11.349456610454945 ], [ -60.697411312472049, -11.350248105747381 ], [ -60.697270163193316, -11.351170878481204 ], [ -60.696466308844705, -11.351340575289059 ], [ -60.696156365859437, -11.351074189468727 ], [ -60.695938407758263, -11.350456570166596 ], [ -60.695052811472387, -11.349701750880289 ], [ -60.694117694666481, -11.349562458007899 ], [ -60.693134465390848, -11.349862725269748 ], [ -60.692310813217418, -11.352495914707537 ], [ -60.690520881757919, -11.353317781150304 ], [ -60.689316506686374, -11.353396330725912 ], [ -60.688729879022773, -11.354271607716656 ], [ -60.687869030702615, -11.355980613338678 ], [ -60.687409043643669, -11.357736754270944 ], [ -60.687280265011651, -11.357119831184789 ], [ -60.686660390235375, -11.356587041072164 ], [ -60.686259164372814, -11.356583891305199 ], [ -60.68554480982057, -11.356710263102462 ], [ -60.685140390203408, -11.357103029850078 ], [ -60.685579810248193, -11.357898367755311 ], [ -60.685438615326142, -11.358821126211334 ], [ -60.684230668730422, -11.359339558790097 ], [ -60.68476528592403, -11.359387753921453 ], [ -60.685834876284716, -11.359440150465721 ], [ -60.687028634543466, -11.360681348692172 ], [ -60.686801471002831, -11.361207489778698 ], [ -60.686930603393499, -11.361780422137684 ], [ -60.686521208915558, -11.362789062557367 ], [ -60.686516595675897, -11.363360944528893 ], [ -60.686559048152141, -11.363625240222488 ], [ -60.685479144932522, -11.364848578914588 ], [ -60.685338296907453, -11.365727345314633 ], [ -60.685558366286678, -11.366081024398607 ], [ -60.685825148763115, -11.366171108452015 ], [ -60.686046994268395, -11.366304832865218 ], [ -60.686223902808322, -11.36648219774629 ], [ -60.687248938503622, -11.366534244040615 ], [ -60.688230102451101, -11.366497954900835 ], [ -60.68862992412182, -11.366677068600227 ], [ -60.68983329195018, -11.366730505872592 ], [ -60.690189241828485, -11.366821285880906 ], [ -60.690769521287088, -11.366737849597188 ], [ -60.691041266866677, -11.36621205463809 ], [ -60.691131848473042, -11.366036789548891 ], [ -60.69162614936004, -11.365556732447875 ], [ -60.691584400448264, -11.365204454404214 ], [ -60.691138224774761, -11.365244950519605 ], [ -60.690825086972673, -11.365374476794544 ], [ -60.690465949418694, -11.365679617190583 ], [ -60.690241620964066, -11.365853833000987 ], [ -60.689886026631122, -11.365719062263912 ], [ -60.689397749778372, -11.365451268771807 ], [ -60.689401294698406, -11.365011358728605 ], [ -60.689450839299084, -11.364395834406539 ], [ -60.689812456514616, -11.363782757975244 ], [ -60.690618473028408, -11.363349140753197 ], [ -60.690932671054071, -11.363087641093498 ], [ -60.691338156754924, -11.362562893414399 ], [ -60.691879509925549, -11.361775246312398 ], [ -60.692686225913462, -11.361253639425858 ], [ -60.693538581869767, -11.360600405331091 ], [ -60.693632696466175, -11.359985227257667 ], [ -60.694334668386517, -11.35862690939538 ], [ -60.694270448030203, -11.358296452299042 ], [ -60.693899286631407, -11.357325681212 ], [ -60.693308759026806, -11.355913253981088 ], [ -60.693266830234897, -11.355582971412344 ], [ -60.692785460503707, -11.354457358873992 ], [ -60.69267577741514, -11.354236530776213 ], [ -60.692568746787579, -11.353685769141004 ], [ -60.69274936680786, -11.353401222505422 ], [ -60.693086194324188, -11.353095901182893 ], [ -60.693399670545247, -11.352922378422633 ], [ -60.69429304360149, -11.352709397386485 ], [ -60.695273987084512, -11.352695070938815 ], [ -60.695762781719175, -11.352896864869882 ], [ -60.696072725887149, -11.353163251386805 ], [ -60.696537819760742, -11.353540835121944 ], [ -60.697117366342319, -11.353545363210923 ], [ -60.69763163021284, -11.353351407050503 ], [ -60.698059378372562, -11.352826818807484 ], [ -60.698421665126581, -11.352125742279723 ], [ -60.698893461159351, -11.351667487169236 ], [ -60.699385254432826, -11.351495348741624 ], [ -60.700032901960846, -11.351346422275983 ], [ -60.700279855336312, -11.351128377953021 ], [ -60.700350073090647, -11.350710981344832 ], [ -60.700332363475908, -11.350138919447783 ], [ -60.700403285244874, -11.349633539953869 ], [ -60.700939830495841, -11.349439749997032 ], [ -60.701725085996756, -11.348807955612886 ], [ -60.702066299746555, -11.34795272792037 ], [ -60.701799877066591, -11.347818669351351 ], [ -60.701176992819946, -11.347659835251273 ], [ -60.700285926901302, -11.347586897224257 ], [ -60.699282708020263, -11.347601069937037 ], [ -60.698658592903037, -11.347596200583917 ], [ -60.698189449001532, -11.347724521694438 ], [ -60.697919679046265, -11.348008377564128 ], [ -60.698810567969538, -11.348103318557644 ] ] ] } },
{ "type": "Feature", "properties": { "patch_id": null, "area_ha": null, "lon_centro": null, "lat_centro": null }, "geometry": { "type": "Polygon", "coordinates": [ [ [ -60.674893737882911, -11.357550283129873 ], [ -60.674761957255001, -11.35730727970912 ], [ -60.674764274351659, -11.357021341000092 ], [ -60.674588448426888, -11.356711999961641 ], [ -60.674258374629872, -11.356181474794043 ], [ -60.673904942193339, -11.355782745202177 ], [ -60.67355133241113, -11.355406010638415 ], [ -60.673308638574142, -11.355096141428847 ], [ -60.673090553443657, -11.354500509671331 ], [ -60.673117301323032, -11.353950804040794 ], [ -60.673188272025691, -11.353445440787882 ], [ -60.672966978158179, -11.353245723915308 ], [ -60.672275457811473, -11.353306254227196 ], [ -60.671717319722724, -11.353411829687715 ], [ -60.67149602712437, -11.353212111916044 ], [ -60.671293098949192, -11.353496465322875 ], [ -60.67086602233681, -11.353933023964689 ], [ -60.670218544982802, -11.354059886935987 ], [ -60.669526844772257, -11.354142405497139 ], [ -60.669013820662336, -11.354182342167899 ], [ -60.668366521409467, -11.354287205602898 ], [ -60.667986164144565, -11.354460169390409 ], [ -60.668028956758548, -11.354680473923107 ], [ -60.668450141751109, -11.354969761756996 ], [ -60.668760592610042, -11.355170186872201 ], [ -60.66920567685051, -11.355261693406712 ], [ -60.669896486867138, -11.355289152214825 ], [ -60.670163430757086, -11.355357252373071 ], [ -60.670609944371371, -11.355272795148993 ], [ -60.67083337963723, -11.355208571036915 ], [ -60.671302004520115, -11.355146284056955 ], [ -60.671702688780059, -11.35521543950134 ], [ -60.672076444471394, -11.355856294769234 ], [ -60.672299166492763, -11.355880050565867 ], [ -60.67279079617262, -11.355729956392592 ], [ -60.673036165009222, -11.355709897110641 ], [ -60.673191660324854, -11.355777114776783 ], [ -60.673166873505274, -11.356084872467903 ], [ -60.672875140508332, -11.356324532358451 ], [ -60.672716790900367, -11.356609238552542 ], [ -60.672825922514008, -11.356896056985191 ], [ -60.67320253621341, -11.357184987517158 ], [ -60.67337764726107, -11.357582310189391 ], [ -60.673620699420532, -11.357848189190159 ], [ -60.673955766005434, -11.357762847567956 ], [ -60.674179024796572, -11.357720616436122 ], [ -60.67431223127101, -11.357787657834489 ], [ -60.674977551761359, -11.358210845250415 ], [ -60.674893737882911, -11.357550283129873 ] ] ] } },
{ "type": "Feature", "properties": { "patch_id": 1117.0, "area_ha": 0.5659, "lon_centro": -60.657846, "lat_centro": -11.34791 }, "geometry": { "type": "Polygon", "coordinates": [ [ [ -60.658348826283834, -11.347484264444967 ], [ -60.657611478925496, -11.347897188407797 ], [ -60.657521649719207, -11.347745474131115 ], [ -60.657161968421725, -11.347828035632972 ], [ -60.65686875050303, -11.347571333988451 ], [ -60.65691227465183, -11.347788883987175 ], [ -60.657323268917338, -11.347884530783693 ], [ -60.657782975365365, -11.348354839450872 ], [ -60.658044070147128, -11.34826776990727 ], [ -60.658144899098339, -11.347797702369034 ], [ -60.658566490040357, -11.347875965329443 ], [ -60.658348826283834, -11.347484264444967 ] ] ] } },
{ "type": "Feature", "properties": { "patch_id": 1116.0, "area_ha": 1.8238, "lon_centro": -60.69069, "lat_centro": -11.347797 }, "geometry": { "type": "Polygon", "coordinates": [ [ [ -60.6951359205354, -11.347963149311422 ], [ -60.68874106855224, -11.347614525226223 ], [ -60.688257384900275, -11.347397193847113 ], [ -60.687125600294323, -11.347571333989759 ], [ -60.687865685013612, -11.347788883985878 ], [ -60.69513592053567, -11.348093629763223 ], [ -60.6951359205354, -11.347963149311422 ] ] ] } },
{ "type": "Feature", "properties": { "patch_id": null, "area_ha": null, "lon_centro": null, "lat_centro": null }, "geometry": { "type": "Polygon", "coordinates": [ [ [ -60.693459229163764, -11.346895674569993 ], [ -60.693339727244549, -11.346509792989869 ], [ -60.693118950653037, -11.346244102705302 ], [ -60.692728175460424, -11.346329034054744 ], [ -60.692467250215365, -11.346898913848662 ], [ -60.692286546969129, -11.347194458957594 ], [ -60.692174656665649, -11.347248575845821 ], [ -60.69172992358277, -11.34711311384755 ], [ -60.691722756168652, -11.346618126397992 ], [ -60.691802891039686, -11.346354790111462 ], [ -60.691871969296223, -11.346080368776349 ], [ -60.691841539646958, -11.345706182474492 ], [ -60.691708951165793, -11.345562164765203 ], [ -60.691618467236268, -11.345726433803284 ], [ -60.691648896586869, -11.346100620071292 ], [ -60.691523386955083, -11.346462587445842 ], [ -60.691077771441741, -11.346437102537646 ], [ -60.691034253134276, -11.346304780232126 ], [ -60.690979943700654, -11.346128379573102 ], [ -60.690880082635033, -11.346072605481435 ], [ -60.690612519280897, -11.346081509213622 ], [ -60.69017681132825, -11.346210079130836 ], [ -60.689987084572032, -11.346241588715834 ], [ -60.68967458820164, -11.346294133499134 ], [ -60.689559247760819, -11.346777162253421 ], [ -60.689568092348921, -11.347063191471664 ], [ -60.68941038382529, -11.347270926704876 ], [ -60.688930094473108, -11.347399145058199 ], [ -60.688317040663442, -11.347405339004396 ], [ -60.687089428050719, -11.347604684740594 ], [ -60.687656308617171, -11.347796103430419 ], [ -60.693872930847625, -11.348119741881135 ], [ -60.694998124133811, -11.348183530844921 ], [ -60.695255869142954, -11.348009569248946 ], [ -60.695056143648827, -11.347898023370666 ], [ -60.69336309252612, -11.3477638031393 ], [ -60.693464103023707, -11.347676605248278 ], [ -60.693459229163764, -11.346895674569993 ] ] ] } },
{ "type": "Feature", "properties": { "patch_id": null, "area_ha": null, "lon_centro": null, "lat_centro": null }, "geometry": { "type": "Polygon", "coordinates": [ [ [ -60.658612610011303, -11.348549464385025 ], [ -60.658898168250872, -11.348155794975863 ], [ -60.659185876978157, -11.347498184473279 ], [ -60.659191135548141, -11.346852996191775 ], [ -60.658810408250169, -11.346160751458992 ], [ -60.658635442432526, -11.345748761838577 ], [ -60.658581264094934, -11.34510310196055 ], [ -60.658659504730259, -11.344619800575435 ], [ -60.658618273164898, -11.344208872493892 ], [ -60.658237191043661, -11.343560617967253 ], [ -60.657885111656682, -11.343000579343151 ], [ -60.65768031036643, -11.342603017168219 ], [ -60.657003842518719, -11.341732452221919 ], [ -60.65639736874288, -11.341390357036261 ], [ -60.65630653969405, -11.341594935754287 ], [ -60.656659092800567, -11.342096321966666 ], [ -60.656848554810971, -11.342552419906152 ], [ -60.656845326027955, -11.342948330349556 ], [ -60.656615859937119, -11.343753044178509 ], [ -60.65651052953703, -11.343913514743996 ], [ -60.656449059044526, -11.344162319441692 ], [ -60.655961694760542, -11.343791840136124 ], [ -60.655652522648744, -11.343437440561951 ], [ -60.65525503383143, -11.342979688939364 ], [ -60.654900807201905, -11.342683587958103 ], [ -60.654576419312455, -11.342373059604164 ], [ -60.654339989818936, -11.342209873044725 ], [ -60.653820279477507, -11.342161748112941 ], [ -60.653167436278423, -11.342039242086839 ], [ -60.652782297275749, -11.341889535911797 ], [ -60.652337962019637, -11.341710029811237 ], [ -60.652041499253038, -11.341619685366044 ], [ -60.651699860348685, -11.341602302380874 ], [ -60.651623288026002, -11.341880313710313 ], [ -60.651620172089459, -11.342261559388314 ], [ -60.651499022029164, -11.342539215812284 ], [ -60.651614539151637, -11.34295073424069 ], [ -60.651834909572209, -11.343260437492948 ], [ -60.652250247169626, -11.343351728452859 ], [ -60.652887993662553, -11.343503445415655 ], [ -60.653376071168481, -11.343785949053796 ], [ -60.653701297088524, -11.343993835553889 ], [ -60.654384941013852, -11.343984607702609 ], [ -60.655097824932653, -11.344034267796614 ], [ -60.655378714335967, -11.344212471741383 ], [ -60.655892925100801, -11.344935108251128 ], [ -60.655977892911757, -11.345449033548269 ], [ -60.655976576662724, -11.345610330264478 ], [ -60.656018761455336, -11.345903951267289 ], [ -60.656149863104915, -11.346227607440927 ], [ -60.656384860986918, -11.346566753463046 ], [ -60.656734666897066, -11.347405397581104 ], [ -60.656953969364196, -11.347847068807644 ], [ -60.657440743016792, -11.348290864751352 ], [ -60.657748845301725, -11.348777233997573 ], [ -60.658014881389207, -11.348955318596746 ], [ -60.658612610011303, -11.348549464385025 ] ] ] } },
{ "type": "Feature", "properties": { "patch_id": null, "area_ha": null, "lon_centro": null, "lat_centro": null }, "geometry": { "type": "Polygon", "coordinates": [ [ [ -60.656867881988241, -11.341093475501475 ], [ -60.65716386854676, -11.341242468707431 ], [ -60.658029123321079, -11.341740591764371 ], [ -60.657794604105064, -11.341342793905977 ], [ -60.658043125858455, -11.340934165728903 ], [ -60.658497224776227, -11.340827786968541 ], [ -60.658566181560957, -11.340571708563653 ], [ -60.658196138180465, -11.340392800445629 ], [ -60.65775138171238, -11.340264624043494 ], [ -60.65739649727896, -11.340049174636771 ], [ -60.657196916133557, -11.33992294367421 ], [ -60.656664501416905, -11.33961076619706 ], [ -60.656279721392025, -11.339417074812266 ], [ -60.655937366252701, -11.339487677266954 ], [ -60.655898843348325, -11.339656010656228 ], [ -60.656007834276046, -11.339957494367296 ], [ -60.65629435668648, -11.340355706011408 ], [ -60.656867881988241, -11.341093475501475 ] ] ] } },
{ "type": "Feature", "properties": { "patch_id": null, "area_ha": null, "lon_centro": null, "lat_centro": null }, "geometry": { "type": "Polygon", "coordinates": [ [ [ -60.652793252461549, -11.339638658897528 ], [ -60.653071676043027, -11.33920827737 ], [ -60.653052141570676, -11.338870843917876 ], [ -60.652868679890418, -11.338590763940587 ], [ -60.65256550894631, -11.338412381675496 ], [ -60.652150896637671, -11.338233112704385 ], [ -60.652047363436267, -11.338173632082622 ], [ -60.651662589483493, -11.337979935655868 ], [ -60.651538565204149, -11.337700328082075 ], [ -60.651538984505088, -11.337649006536328 ], [ -60.651550007852272, -11.337209166674031 ], [ -60.651566723482162, -11.33698200374733 ], [ -60.651404654016474, -11.336812075409219 ], [ -60.65128650226336, -11.336723149832398 ], [ -60.651160382043415, -11.336700149937538 ], [ -60.651017965240072, -11.336852991284026 ], [ -60.650986630022679, -11.337050709264716 ], [ -60.651221136407905, -11.337448510075035 ], [ -60.651272483430112, -11.337529572029311 ], [ -60.651456182495401, -11.337780325978303 ], [ -60.651602674740836, -11.33803811596486 ], [ -60.651495906943396, -11.338374544228419 ], [ -60.65150243781828, -11.338484578077178 ], [ -60.651589854070004, -11.338697905292708 ], [ -60.651804649561527, -11.338780267722965 ], [ -60.652056113392618, -11.338921578759431 ], [ -60.65220236704485, -11.339208695261116 ], [ -60.652370849513737, -11.339503320697533 ], [ -60.652465815885854, -11.339702043624518 ], [ -60.652621296262588, -11.339769269545771 ], [ -60.652793252461549, -11.339638658897528 ] ] ] } },
{ "type": "Feature", "properties": { "patch_id": null, "area_ha": null, "lon_centro": null, "lat_centro": null }, "geometry": { "type": "Polygon", "coordinates": [ [ [ -60.634469485622056, -11.334411247019682 ], [ -60.634398450225468, -11.334014747514177 ], [ -60.634059962413076, -11.333616105046829 ], [ -60.633660231757602, -11.333436932771955 ], [ -60.633333587100729, -11.333404986631441 ], [ -60.63310769295736, -11.333769777805395 ], [ -60.632702892761678, -11.334206454636311 ], [ -60.63244921188469, -11.334336397127409 ], [ -60.632282629061692, -11.334716326980329 ], [ -60.632606739385764, -11.335056199674399 ], [ -60.633007919745275, -11.335059416421672 ], [ -60.633751932758436, -11.3349334039089 ], [ -60.634469485622056, -11.334411247019682 ] ] ] } },
{ "type": "Feature", "properties": { "patch_id": null, "area_ha": null, "lon_centro": null, "lat_centro": null }, "geometry": { "type": "Polygon", "coordinates": [ [ [ -60.636271586236411, -11.333912436507706 ], [ -60.636555705786378, -11.33369474931599 ], [ -60.636291507146666, -11.333296703528221 ], [ -60.635934783164004, -11.33330851176386 ], [ -60.635755155333989, -11.333468378643337 ], [ -60.635470794442902, -11.333715391255136 ], [ -60.635511993780774, -11.334126315939493 ], [ -60.635600662563355, -11.334185682418127 ], [ -60.63582293751643, -11.334260782851288 ], [ -60.636271586236411, -11.333912436507706 ] ] ] } },
{ "type": "Feature", "properties": { "patch_id": null, "area_ha": null, "lon_centro": null, "lat_centro": null }, "geometry": { "type": "Polygon", "coordinates": [ [ [ -60.63101313376071, -11.333694323492567 ], [ -60.630703402046727, -11.333413221260532 ], [ -60.629830622760501, -11.332936967203565 ], [ -60.629076592704038, -11.332476328616451 ], [ -60.628916294035939, -11.332093776610412 ], [ -60.628859157675905, -11.331814701178192 ], [ -60.62859182881779, -11.331797890529442 ], [ -60.628174465772972, -11.331955842983577 ], [ -60.627979977270748, -11.332115585103089 ], [ -60.627963425749243, -11.332320748507094 ], [ -60.627976228035315, -11.332570139776575 ], [ -60.627855909798605, -11.332745141533549 ], [ -60.627543642358397, -11.332771960826557 ], [ -60.627216758546147, -11.332769334290195 ], [ -60.626888543769603, -11.332928000853304 ], [ -60.62678344616883, -11.333059132299782 ], [ -60.626750462021676, -11.333454795536181 ], [ -60.626836102870918, -11.333880740258207 ], [ -60.626980330456234, -11.334409803986834 ], [ -60.627009805296964, -11.334439368918842 ], [ -60.627756477594545, -11.333990784643285 ], [ -60.628306481217976, -11.333965875146246 ], [ -60.628560283802678, -11.333821273467297 ], [ -60.629184579473879, -11.333796958940763 ], [ -60.629420621924645, -11.334004150721755 ], [ -60.629613298156798, -11.334064353814375 ], [ -60.630179369413234, -11.3338929293531 ], [ -60.630432446312234, -11.333836304331847 ], [ -60.630788324094723, -11.33392714450526 ], [ -60.630950558975712, -11.334075086815259 ], [ -60.631381816781058, -11.334034554673575 ], [ -60.63101313376071, -11.333694323492567 ] ] ] } },
{ "type": "Feature", "properties": { "patch_id": null, "area_ha": null, "lon_centro": null, "lat_centro": null }, "geometry": { "type": "Polygon", "coordinates": [ [ [ -60.735501689684718, -11.217882596690815 ], [ -60.73524003880982, -11.217147351707869 ], [ -60.735184281327236, -11.216677643303033 ], [ -60.734830539496194, -11.216322992764871 ], [ -60.734651840214717, -11.216380295888435 ], [ -60.734443205247118, -11.216466701750614 ], [ -60.733966520942204, -11.216639061469049 ], [ -60.733875341767934, -11.216902341106183 ], [ -60.733632653722324, -11.217545762748458 ], [ -60.73374805157642, -11.217986594028114 ], [ -60.734040549481897, -11.21857542276196 ], [ -60.734421941624241, -11.219194257245636 ], [ -60.734776371584005, -11.219460923116159 ], [ -60.735071158867768, -11.219756465853452 ], [ -60.735501689684718, -11.217882596690815 ] ] ] } },
{ "type": "Feature", "properties": { "patch_id": null, "area_ha": null, "lon_centro": null, "lat_centro": null }, "geometry": { "type": "Polygon", "coordinates": [ [ [ -60.738504550083334, -11.204222766105051 ], [ -60.738401149467968, -11.204148656751888 ], [ -60.738224966111602, -11.203883348412178 ], [ -60.738153095266952, -11.203574834821078 ], [ -60.737828497636364, -11.203293736642431 ], [ -60.737530870092577, -11.203364807099694 ], [ -60.737396282048834, -11.203481108545748 ], [ -60.737408626439368, -11.20380383618264 ], [ -60.737343741371866, -11.204507273227525 ], [ -60.736941571697024, -11.204650876275782 ], [ -60.736601209018822, -11.204486978666129 ], [ -60.736500090433132, -11.204119582506426 ], [ -60.736414965629692, -11.203605655870462 ], [ -60.736224388002839, -11.20328157689671 ], [ -60.736046952319917, -11.20317757512969 ], [ -60.735646495922957, -11.203101212120764 ], [ -60.735586171678719, -11.203218075910682 ], [ -60.734765269872547, -11.203725128732563 ], [ -60.734331339779423, -11.204132460023628 ], [ -60.734239139383057, -11.204527719393834 ], [ -60.733819717550261, -11.204979155139027 ], [ -60.733698152794382, -11.205330195746727 ], [ -60.73372226143335, -11.206048971092667 ], [ -60.734609900230922, -11.206510329672378 ], [ -60.734772826570314, -11.206570226959593 ], [ -60.735011616499754, -11.206425387684748 ], [ -60.735382941706781, -11.206428205493356 ], [ -60.73550222238277, -11.20637044989895 ], [ -60.736097027551033, -11.206286971343062 ], [ -60.736377979648019, -11.206450419254681 ], [ -60.736376039864162, -11.206699712485314 ], [ -60.736505723597993, -11.207213977165607 ], [ -60.736785307670409, -11.207553396633093 ], [ -60.737096994272527, -11.207585090633479 ], [ -60.737156520697866, -11.207570876830278 ], [ -60.737633872471925, -11.207310522738801 ], [ -60.737770401199285, -11.206944928075336 ], [ -60.737652717152095, -11.206797384132102 ], [ -60.737327546851581, -11.20658960644692 ], [ -60.737285268893586, -11.206295982278675 ], [ -60.737302402995276, -11.20600280853534 ], [ -60.737333135463437, -11.205871054878402 ], [ -60.738080004096688, -11.205334103926187 ], [ -60.738452126611058, -11.205234267338417 ], [ -60.738736156813282, -11.20500177610953 ], [ -60.739035609300068, -11.204696075341364 ], [ -60.73917224844989, -11.204315815058539 ], [ -60.738504550083334, -11.204222766105051 ] ] ] } },
{ "type": "Feature", "properties": { "patch_id": 1112.0, "area_ha": 0.5995, "lon_centro": -60.738205, "lat_centro": -11.204873 }, "geometry": { "type": "Polygon", "coordinates": [ [ [ -60.738529176061306, -11.204632405561615 ], [ -60.738670956234103, -11.204471671748399 ], [ -60.738453407318985, -11.204428136712734 ], [ -60.738080601601084, -11.204693697224458 ], [ -60.737913904385714, -11.204625397569746 ], [ -60.737974395663421, -11.204471671748395 ], [ -60.737800381783941, -11.204471671748381 ], [ -60.737843916819742, -11.205255177730642 ], [ -60.738279140912965, -11.205298712766295 ], [ -60.738670955699426, -11.204950443224806 ], [ -60.738529176061306, -11.204632405561615 ] ], [ [ -60.738285438851449, -11.205078583509057 ], [ -60.738107428733336, -11.205042617496142 ], [ -60.738222324576668, -11.204843786043522 ], [ -60.738409441507685, -11.204952212688266 ], [ -60.738285438851449, -11.205078583509057 ] ] ] } },
{ "type": "Feature", "properties": { "patch_id": null, "area_ha": null, "lon_centro": null, "lat_centro": null }, "geometry": { "type": "Polygon", "coordinates": [ [ [ -60.733439149, -11.162227311276892 ], [ -60.733667257503583, -11.161539773392125 ], [ -60.733908622783922, -11.161057647998778 ], [ -60.734002276728866, -11.16047174881194 ], [ -60.734021790669658, -11.15987062363733 ], [ -60.734084377618899, -11.159460471621506 ], [ -60.733865826793732, -11.15891620686666 ], [ -60.733437093978438, -11.158663656143442 ], [ -60.732666799582397, -11.158408520833479 ], [ -60.732399945139882, -11.158347840955567 ], [ -60.731907942631231, -11.158593425474956 ], [ -60.731174003624965, -11.159394453527078 ], [ -60.730799322545806, -11.159831571075914 ], [ -60.729995909705309, -11.160016132487307 ], [ -60.729563191306156, -11.160276826507729 ], [ -60.728920967712405, -11.160741243741159 ], [ -60.728621903099807, -11.16100294911392 ], [ -60.728412283885682, -11.161221336882024 ], [ -60.728809830726298, -11.161664305052071 ], [ -60.729505874365309, -11.161918888503351 ], [ -60.73012766598503, -11.16217290795648 ], [ -60.730750142457048, -11.162338940564352 ], [ -60.732337007018472, -11.162629595230904 ], [ -60.733003128340052, -11.162913275370645 ], [ -60.733313628895829, -11.163091607212843 ], [ -60.733357612228751, -11.163165265933555 ], [ -60.733552720719722, -11.162902768950348 ], [ -60.733439149, -11.162227311276892 ] ] ] } },
{ "type": "Feature", "properties": { "patch_id": null, "area_ha": null, "lon_centro": null, "lat_centro": null }, "geometry": { "type": "Polygon", "coordinates": [ [ [ -60.74742389869467, -11.1398117464809 ], [ -60.747249882991341, -11.14055348384108 ], [ -60.747503366710866, -11.141063784560435 ], [ -60.74743211121276, -11.141317448814425 ], [ -60.746915435866775, -11.141557992358486 ], [ -60.74656841296386, -11.141623824961471 ], [ -60.746399211514031, -11.141739876952157 ], [ -60.746376550869215, -11.142111228230418 ], [ -60.746306122212253, -11.142257352504343 ], [ -60.745896837391221, -11.142694237859201 ], [ -60.746040215430099, -11.143360142542429 ], [ -60.746176781412395, -11.143625144084817 ], [ -60.746620020543993, -11.143921779597649 ], [ -60.746964185598827, -11.144227447538659 ], [ -60.747490239205867, -11.144055413430454 ], [ -60.747651272801157, -11.143714431286682 ], [ -60.747555885526168, -11.143244424660644 ], [ -60.747301422178914, -11.142861215836341 ], [ -60.747305185173538, -11.142372399799521 ], [ -60.747187289326057, -11.14225419211134 ], [ -60.747119194157079, -11.142097250735141 ], [ -60.747190374978487, -11.141853362977876 ], [ -60.74747942848704, -11.141601333705459 ], [ -60.74779765451985, -11.141417961215927 ], [ -60.74801943903018, -11.140901450345677 ], [ -60.748280671605585, -11.140404788896172 ], [ -60.74835290372301, -11.140024031956923 ], [ -60.748385009807826, -11.139711412207076 ], [ -60.748159870798411, -11.139377308845832 ], [ -60.747468388150821, -11.139176582618537 ], [ -60.74742389869467, -11.1398117464809 ] ] ] } },
{ "type": "Feature", "properties": { "patch_id": null, "area_ha": null, "lon_centro": null, "lat_centro": null }, "geometry": { "type": "Polygon", "coordinates": [ [ [ -60.750905680517626, -11.123461525549684 ], [ -60.750950527962232, -11.122777476790878 ], [ -60.751190210455988, -11.122505516290699 ], [ -60.751349348662927, -11.122408937597232 ], [ -60.751626978084737, -11.122352352805809 ], [ -60.752102592847699, -11.122297248372876 ], [ -60.752182236753519, -11.12223918238981 ], [ -60.752124939939513, -11.121964999966728 ], [ -60.752067643183807, -11.121690817548988 ], [ -60.751753266120112, -11.121375604897427 ], [ -60.75147608750639, -11.121373531817859 ], [ -60.751179710347706, -11.121293099492558 ], [ -60.750923980176879, -11.121076094122332 ], [ -60.750847486099126, -11.120723552722902 ], [ -60.750929829187747, -11.120313538088325 ], [ -60.750932528587406, -11.119961589135508 ], [ -60.750815837966954, -11.119686962433279 ], [ -60.750483015772907, -11.1191956265566 ], [ -60.750068601415599, -11.1190165413038 ], [ -60.74929856904695, -11.118737024758083 ], [ -60.749064291427217, -11.118305087003062 ], [ -60.749106739036407, -11.117933882155668 ], [ -60.74918983313205, -11.117426104752163 ], [ -60.749193284096968, -11.116976392653651 ], [ -60.74909504361073, -11.116877888249164 ], [ -60.748797171236703, -11.116992981515185 ], [ -60.748657533746879, -11.11712881289913 ], [ -60.748119381149102, -11.117594075041914 ], [ -60.7478422068029, -11.117591999310118 ], [ -60.747486590668565, -11.117491566755101 ], [ -60.746972289340121, -11.117429052565237 ], [ -60.746536880489842, -11.11740623630987 ], [ -60.746043279476751, -11.117226553010235 ], [ -60.745609524337162, -11.116988656312504 ], [ -60.745195568061014, -11.116750907561888 ], [ -60.744761664153593, -11.116532562545979 ], [ -60.744524087549891, -11.116530780879364 ], [ -60.744225763570277, -11.116704527235161 ], [ -60.744144616498247, -11.116958117436035 ], [ -60.744001367958212, -11.117563209352312 ], [ -60.744000164806941, -11.117719630386118 ], [ -60.744173836291267, -11.118307546038338 ], [ -60.744309716515374, -11.118660533073804 ], [ -60.744444544304123, -11.119150388537687 ], [ -60.744560175668248, -11.119561884959356 ], [ -60.744383645726352, -11.119345469295819 ], [ -60.744069731774957, -11.118971592772233 ], [ -60.743675873739654, -11.118694884944389 ], [ -60.743239862402845, -11.118750274066159 ], [ -60.742964042194117, -11.118572220100829 ], [ -60.742763351709513, -11.118922680939058 ], [ -60.742599698395509, -11.11960583316503 ], [ -60.742712166252709, -11.120427934592392 ], [ -60.74298618173281, -11.120840620418285 ], [ -60.743437329702267, -11.121391512028751 ], [ -60.743632303871195, -11.121784050502759 ], [ -60.743806577239667, -11.122293756065709 ], [ -60.743862812645951, -11.122704806912237 ], [ -60.744038892274794, -11.122979881026019 ], [ -60.744393158698067, -11.123256292344648 ], [ -60.744926515029384, -11.12341672453163 ], [ -60.745303890026541, -11.123263125522312 ], [ -60.745583926158481, -11.122893704410654 ], [ -60.745785820051687, -11.122386820468313 ], [ -60.745768878039087, -11.122015171696617 ], [ -60.745913329654591, -11.121253657612217 ], [ -60.746073520405787, -11.121020213344586 ], [ -60.746293105960383, -11.120787214203293 ], [ -60.746531437642233, -11.120691231848603 ], [ -60.746768717440247, -11.120732117912953 ], [ -60.747322470845518, -11.120814482937195 ], [ -60.747383968923181, -11.120541190594048 ], [ -60.747464063574043, -11.120424467928066 ], [ -60.747919275562957, -11.120447432032453 ], [ -60.748175903481972, -11.120547123338449 ], [ -60.748530472572995, -11.120784424632584 ], [ -60.748883991470073, -11.121158594451842 ], [ -60.749235259743941, -11.121826054443309 ], [ -60.749209907220475, -11.122549355872041 ], [ -60.749403389249991, -11.123137419180896 ], [ -60.749518427982764, -11.123627126041617 ], [ -60.749416132394458, -11.124056544078153 ], [ -60.749194894343802, -11.124504625060359 ], [ -60.749250236445967, -11.125032992542728 ], [ -60.749445971300538, -11.125327765681902 ], [ -60.749821846609045, -11.125369688007909 ], [ -60.750317264875719, -11.125314735678726 ], [ -60.750890227556482, -11.125475455044146 ], [ -60.751422093438769, -11.125831404337838 ], [ -60.751739923738917, -11.125696905482277 ], [ -60.751821818477119, -11.125345548931428 ], [ -60.751844316778389, -11.124993747989738 ], [ -60.751510588441946, -11.124619728233991 ], [ -60.75135639883576, -11.124071067023673 ], [ -60.750905680517626, -11.123461525549684 ] ] ] } },
{ "type": "Feature", "properties": { "patch_id": null, "area_ha": null, "lon_centro": null, "lat_centro": null }, "geometry": { "type": "Polygon", "coordinates": [ [ [ -60.512626795828155, -11.537993651571623 ], [ -60.512459741830391, -11.537731255692034 ], [ -60.512390432409028, -11.537187855751407 ], [ -60.512318547879126, -11.536936713934356 ], [ -60.512046201190962, -11.536610784305145 ], [ -60.511783427773871, -11.536399760894215 ], [ -60.511381032163442, -11.536417189151292 ], [ -60.511006341398087, -11.536894151338702 ], [ -60.510728290695653, -11.537215362952006 ], [ -60.510882549405238, -11.53772817534643 ], [ -60.51119714159821, -11.538064906755595 ], [ -60.511755824160026, -11.538330660327846 ], [ -60.512295086453449, -11.538397913646461 ], [ -60.512485517231092, -11.538409984120214 ], [ -60.512824684255577, -11.538360697403157 ], [ -60.512626795828155, -11.537993651571623 ] ] ] } },
{ "type": "Feature", "properties": { "patch_id": null, "area_ha": null, "lon_centro": null, "lat_centro": null }, "geometry": { "type": "Polygon", "coordinates": [ [ [ -60.515846011558146, -11.538151699781059 ], [ -60.516061285704644, -11.537746436325849 ], [ -60.515885388614699, -11.537285632691841 ], [ -60.515793433750467, -11.536909056152556 ], [ -60.515235391288464, -11.536570245443052 ], [ -60.514952180769065, -11.53627554076065 ], [ -60.514703113138786, -11.535709724690358 ], [ -60.5145450804457, -11.535624863189945 ], [ -60.514507997764518, -11.536229984206976 ], [ -60.514565073000881, -11.536961174385315 ], [ -60.514299356216021, -11.537084162567515 ], [ -60.514419938155967, -11.537815896436268 ], [ -60.514860080551323, -11.538320717216157 ], [ -60.514964915964214, -11.538436439240218 ], [ -60.515324609339544, -11.538460395421087 ], [ -60.515846011558146, -11.538151699781059 ] ] ] } },
{ "type": "Feature", "properties": { "patch_id": null, "area_ha": null, "lon_centro": null, "lat_centro": null }, "geometry": { "type": "Polygon", "coordinates": [ [ [ -60.516767278922394, -11.535706508639789 ], [ -60.516547115260714, -11.535464537593803 ], [ -60.51629639196279, -11.535086603154475 ], [ -60.516160170608075, -11.534928858826087 ], [ -60.516186415246445, -11.535555399723968 ], [ -60.515993690072058, -11.535804277530014 ], [ -60.516467606931201, -11.536079735437292 ], [ -60.516602543600037, -11.536383609293734 ], [ -60.516569780022763, -11.536498153743453 ], [ -60.516687403660804, -11.536363457917284 ], [ -60.516767278922394, -11.535706508639789 ] ] ] } },
{ "type": "Feature", "properties": { "patch_id": null, "area_ha": null, "lon_centro": null, "lat_centro": null }, "geometry": { "type": "Polygon", "coordinates": [ [ [ -60.446663490852117, -11.529546580569189 ], [ -60.446684598310547, -11.529293159069374 ], [ -60.446435849400032, -11.529055922183177 ], [ -60.446174724997391, -11.528800019766784 ], [ -60.44617068951964, -11.52855256287949 ], [ -60.446465744339534, -11.528524228821963 ], [ -60.446908528147866, -11.528806469696637 ], [ -60.447001264113787, -11.528955737622727 ], [ -60.447126253555858, -11.52900632035025 ], [ -60.447327734491125, -11.528921493301569 ], [ -60.447367097838089, -11.528730087431049 ], [ -60.44706229347679, -11.528449059739128 ], [ -60.44678212982484, -11.528217732705397 ], [ -60.446685637551958, -11.527790082560324 ], [ -60.446651192639578, -11.527437204185103 ], [ -60.44663349510234, -11.527313337896297 ], [ -60.446308077428618, -11.526537285771939 ], [ -60.4462147275337, -11.526456053343146 ], [ -60.44610905775572, -11.526349970466676 ], [ -60.446021476645875, -11.526324458521957 ], [ -60.446043768686629, -11.526633931235551 ], [ -60.446029883501275, -11.52678226203393 ], [ -60.445772461236274, -11.526810926839884 ], [ -60.445521702135693, -11.526796351256671 ], [ -60.445314230406048, -11.526850196922172 ], [ -60.445168805293619, -11.526978814387864 ], [ -60.445018674189008, -11.526934195509437 ], [ -60.444830521017792, -11.526932540899193 ], [ -60.444611120888993, -11.526918240293018 ], [ -60.444597570527989, -11.527029460636202 ], [ -60.44491603278361, -11.527186899640563 ], [ -60.445038504235818, -11.527515809775348 ], [ -60.444979765058825, -11.527768899961545 ], [ -60.445029547885738, -11.52781263647914 ], [ -60.445312337804594, -11.527753267942321 ], [ -60.445480949263015, -11.527835162451682 ], [ -60.445541206790132, -11.528107855710529 ], [ -60.445638200523206, -11.528479840511148 ], [ -60.445460296979206, -11.528731883038249 ], [ -60.445389741080731, -11.528904457492324 ], [ -60.445450781490287, -11.52909056022027 ], [ -60.445981034853652, -11.529410684869241 ], [ -60.446122435395893, -11.529727390315321 ], [ -60.446297040532293, -11.529840265001528 ], [ -60.446485139947384, -11.529848104118711 ], [ -60.446663490852117, -11.529546580569189 ] ] ] } },
{ "type": "Feature", "properties": { "patch_id": null, "area_ha": null, "lon_centro": null, "lat_centro": null }, "geometry": { "type": "Polygon", "coordinates": [ [ [ -60.510226343178815, -11.521203516872536 ], [ -60.510693874485042, -11.520998749354854 ], [ -60.510803757179218, -11.520540392945209 ], [ -60.51046562334173, -11.520474866061821 ], [ -60.509999563662873, -11.520512628843917 ], [ -60.509832611247468, -11.520239796031088 ], [ -60.509943230056116, -11.51969793789274 ], [ -60.510052377671379, -11.519323084148599 ], [ -60.509972853781541, -11.51873784313077 ], [ -60.509849891784661, -11.518277492976841 ], [ -60.509744421204871, -11.518234835417234 ], [ -60.509611716294067, -11.518880890069001 ], [ -60.509397281458156, -11.519192210266654 ], [ -60.508995095061969, -11.519188764728982 ], [ -60.508719731052949, -11.519207282482668 ], [ -60.508420808123184, -11.519497000608775 ], [ -60.508437561112643, -11.519998195005821 ], [ -60.508752502426752, -11.520293173651329 ], [ -60.509023269598615, -11.520796544826078 ], [ -60.509084014281548, -11.521110222212874 ], [ -60.509483812808973, -11.521385050420529 ], [ -60.510226343178815, -11.521203516872536 ] ] ] } },
{ "type": "Feature", "properties": { "patch_id": null, "area_ha": null, "lon_centro": null, "lat_centro": null }, "geometry": { "type": "Polygon", "coordinates": [ [ [ -60.446801760013692, -11.516669501636065 ], [ -60.446746321074272, -11.516557675116772 ], [ -60.446492825842078, -11.516499779399759 ], [ -60.445900834869853, -11.516420354047316 ], [ -60.445543440700241, -11.516407936525301 ], [ -60.445380215543132, -11.516786599015479 ], [ -60.445380518986759, -11.516789178163322 ], [ -60.445425022296341, -11.517019264352651 ], [ -60.445459886223979, -11.517325754666281 ], [ -60.445412011478105, -11.517418117110045 ], [ -60.445062347239663, -11.517591332677346 ], [ -60.444685718026889, -11.517625136283533 ], [ -60.444186709497878, -11.517667142012234 ], [ -60.443847122698855, -11.517766218131703 ], [ -60.443526518171275, -11.517846904119834 ], [ -60.443262273734554, -11.517937363594807 ], [ -60.443241445935222, -11.518159859380903 ], [ -60.443325441105195, -11.51823482428779 ], [ -60.443767503122288, -11.518247989379356 ], [ -60.443908026532824, -11.518314172833426 ], [ -60.444206295151282, -11.518622978566244 ], [ -60.444308518562679, -11.518763051569982 ], [ -60.444635932511176, -11.518970051963429 ], [ -60.444973173542643, -11.519130746946081 ], [ -60.445291767852027, -11.51927272115789 ], [ -60.445774478829541, -11.518952221738594 ], [ -60.446062063504655, -11.518360936438395 ], [ -60.446436072259004, -11.5175755650732 ], [ -60.446608001422611, -11.517289447245492 ], [ -60.446667460893615, -11.516955950128029 ], [ -60.446801760013692, -11.516669501636065 ] ] ] } },
{ "type": "Feature", "properties": { "patch_id": 1154.0, "area_ha": 1.5192, "lon_centro": -60.516822, "lat_centro": -11.514127 }, "geometry": { "type": "Polygon", "coordinates": [ [ [ -60.51807892990481, -11.517662707598424 ], [ -60.5178180688551, -11.517136292694831 ], [ -60.517948325333087, -11.516748482591453 ], [ -60.517688317093892, -11.516706402503866 ], [ -60.517774185190497, -11.516356667270459 ], [ -60.517644699531488, -11.516312968428325 ], [ -60.517295299263623, -11.513918694530888 ], [ -60.517034089049744, -11.513309204031518 ], [ -60.516559775259324, -11.512711701915274 ], [ -60.516468134121467, -11.512046698739132 ], [ -60.516255280745845, -11.512133425002817 ], [ -60.515663352430749, -11.511993270997133 ], [ -60.515597433408239, -11.511480743275429 ], [ -60.515404251743064, -11.511471544437105 ], [ -60.515292814537339, -11.511263068097058 ], [ -60.515292815072563, -11.511959514771769 ], [ -60.515466943788091, -11.512133643644754 ], [ -60.516366101688156, -11.512323598101565 ], [ -60.516163515251009, -11.512568994529083 ], [ -60.516456562643832, -11.512719304015627 ], [ -60.516468260500794, -11.512917274814447 ], [ -60.516848377938274, -11.513241724426109 ], [ -60.517073793455957, -11.513733921394911 ], [ -60.517337759256705, -11.514439546201185 ], [ -60.517338961749886, -11.515398782589553 ], [ -60.517643706999962, -11.517053113944977 ], [ -60.517989372380804, -11.517699327579114 ], [ -60.518078930439742, -11.518533294415708 ], [ -60.51807892990481, -11.517662707598424 ] ] ] } },
{ "type": "Feature", "properties": { "patch_id": null, "area_ha": null, "lon_centro": null, "lat_centro": null }, "geometry": { "type": "Polygon", "coordinates": [ [ [ -60.443718557429854, -11.514295006311587 ], [ -60.443635736796992, -11.514090155936211 ], [ -60.443316562067331, -11.514013124162283 ], [ -60.443137321838805, -11.514067218294642 ], [ -60.443033255453244, -11.514131251471506 ], [ -60.443040230799546, -11.51440038318348 ], [ -60.443161183083689, -11.514549899139233 ], [ -60.443273818337275, -11.514578724177071 ], [ -60.443565023459151, -11.514627675400245 ], [ -60.443718557429854, -11.514295006311587 ] ] ] } },
{ "type": "Feature", "properties": { "patch_id": null, "area_ha": null, "lon_centro": null, "lat_centro": null }, "geometry": { "type": "Polygon", "coordinates": [ [ [ -60.520569716697949, -11.51976266090062 ], [ -60.520892726413109, -11.519139096411458 ], [ -60.521383247550609, -11.518725732357726 ], [ -60.521637993802102, -11.518644394637658 ], [ -60.521997115839298, -11.518730964766249 ], [ -60.522397476547255, -11.518943149842032 ], [ -60.522822297578458, -11.518779750958142 ], [ -60.523099308710641, -11.518573337569725 ], [ -60.523485083814577, -11.518033812784591 ], [ -60.523784541063534, -11.517681448248739 ], [ -60.523999143557489, -11.517349238093939 ], [ -60.524026890431692, -11.516597889778369 ], [ -60.523778542975187, -11.515948577470761 ], [ -60.523527637700568, -11.515591526184741 ], [ -60.52314844767502, -11.515379523697581 ], [ -60.522363965106933, -11.515518983034903 ], [ -60.522066338026782, -11.515662588622538 ], [ -60.521811228899274, -11.51578567883284 ], [ -60.52174882333518, -11.51565988315188 ], [ -60.521856673330547, -11.515431151644966 ], [ -60.5222400678242, -11.51516301298933 ], [ -60.522263063944472, -11.514954435641851 ], [ -60.522626203922691, -11.514581737060704 ], [ -60.522907048949556, -11.513936931618241 ], [ -60.52310431903711, -11.513166149958325 ], [ -60.522957791596717, -11.512977006210203 ], [ -60.522492838707876, -11.512889537308068 ], [ -60.522152879810477, -11.513032783026278 ], [ -60.521853792745127, -11.51334339505024 ], [ -60.521324240273849, -11.513380637760102 ], [ -60.520924436436196, -11.513105825675202 ], [ -60.520545434966216, -11.512872945104469 ], [ -60.520293072631119, -11.512682898285602 ], [ -60.519724297976644, -11.512364889980672 ], [ -60.519344749636623, -11.512194635420364 ], [ -60.518626341584728, -11.512042367614498 ], [ -60.517823082344336, -11.511910251491242 ], [ -60.516999389774476, -11.511694449884114 ], [ -60.516472223552, -11.511460300404341 ], [ -60.515924257656827, -11.511184218069269 ], [ -60.515523363617454, -11.511034654243922 ], [ -60.515310775170718, -11.511137224908371 ], [ -60.515201639585371, -11.51151208291728 ], [ -60.515198156568552, -11.511908720467646 ], [ -60.515277692675078, -11.512493962145372 ], [ -60.514782226519642, -11.513470959037722 ], [ -60.514714873340523, -11.513908805134163 ], [ -60.514644952169441, -11.514638910228509 ], [ -60.514746571195765, -11.515119954518291 ], [ -60.514868991119464, -11.515642931005596 ], [ -60.515096148778852, -11.516292065791495 ], [ -60.515261821651549, -11.516711025795935 ], [ -60.515281155328083, -11.516919963205062 ], [ -60.515236069036682, -11.517232736271652 ], [ -60.515233134521843, -11.517566746719055 ], [ -60.515673804901958, -11.518008933701687 ], [ -60.516601885233719, -11.518392651935509 ], [ -60.516981805287081, -11.51852116003414 ], [ -60.517275954928444, -11.518774198828824 ], [ -60.517631776011818, -11.519236536506513 ], [ -60.517882491766386, -11.519614467627552 ], [ -60.518024619895847, -11.520304630512664 ], [ -60.517768405514261, -11.520552970041791 ], [ -60.517199070859306, -11.52029758130419 ], [ -60.517074446479889, -11.520025112785721 ], [ -60.516906936584292, -11.519814909706948 ], [ -60.516400924602159, -11.519580937888797 ], [ -60.516170645467412, -11.519286689401884 ], [ -60.51600387018523, -11.518992983370129 ], [ -60.515899498251414, -11.518825073831461 ], [ -60.515646585239679, -11.518697649567043 ], [ -60.51545717576861, -11.518570767772284 ], [ -60.515057923383075, -11.518233320415733 ], [ -60.514870715848431, -11.517855930596529 ], [ -60.514766711843443, -11.517646269574579 ], [ -60.514682591482462, -11.517582918971206 ], [ -60.514257586731908, -11.517767180997053 ], [ -60.513810496236083, -11.51805563944308 ], [ -60.513471262520795, -11.518115370265752 ], [ -60.513259952729861, -11.518071808784038 ], [ -60.513112696798636, -11.517966163437361 ], [ -60.513305775694327, -11.517675534033497 ], [ -60.513521306521319, -11.51723895603546 ], [ -60.513459822506213, -11.517008781155003 ], [ -60.51314267549435, -11.516964314740564 ], [ -60.512634469549432, -11.516980845371309 ], [ -60.512085581240605, -11.516809132471851 ], [ -60.511748552986269, -11.5166183543381 ], [ -60.511158800693231, -11.516279272986962 ], [ -60.510778887707161, -11.516150758425123 ], [ -60.5103358401904, -11.515979948653815 ], [ -60.509727496877019, -11.515348425847034 ], [ -60.509381359034037, -11.514990550512474 ], [ -60.509183761214523, -11.51459219277597 ], [ -60.509092276216542, -11.514163428061048 ], [ -60.508608093467451, -11.513856562853645 ], [ -60.508239504464925, -11.513644634329557 ], [ -60.508072924348625, -11.513330050493002 ], [ -60.508212166184826, -11.513143349213779 ], [ -60.508528939447174, -11.51322957107673 ], [ -60.508749357386932, -11.513440230197997 ], [ -60.508874155238814, -11.513691824580162 ], [ -60.5089190631561, -11.513399929331564 ], [ -60.508942252267211, -11.513170479460603 ], [ -60.509176194749372, -11.513047219952647 ], [ -60.509577086193445, -11.513196792412167 ], [ -60.509860731304514, -11.513439307879905 ], [ -60.510386606904781, -11.513819598023698 ], [ -60.510882937060721, -11.513949108724574 ], [ -60.511253641036781, -11.513920965048868 ], [ -60.511770470100231, -11.512923282346209 ], [ -60.512348777742332, -11.512155772681213 ], [ -60.512044606257604, -11.511840013789092 ], [ -60.511572107764628, -11.511407990525772 ], [ -60.511141210564702, -11.511059831322848 ], [ -60.510434407650813, -11.510792819576176 ], [ -60.50986473309186, -11.510579172904821 ], [ -60.50954796190986, -11.510492953015451 ], [ -60.50925125562879, -11.510532167430306 ], [ -60.508897956370063, -11.510988439680844 ], [ -60.508509596678849, -11.511820199317558 ], [ -60.508292594126843, -11.512423777393078 ], [ -60.508162741355754, -11.512746260518329 ], [ -60.508001505118735, -11.513026720427474 ], [ -60.507829409070062, -11.513338402811195 ], [ -60.507644705976489, -11.513879625232684 ], [ -60.507320850885996, -11.514597110276629 ], [ -60.507170472080524, -11.514846346714247 ], [ -60.506956958849621, -11.515053287642994 ], [ -60.506375316655394, -11.514996108598165 ], [ -60.505847421536984, -11.51484544246542 ], [ -60.505455641982451, -11.514862959578917 ], [ -60.504800007611387, -11.514794704350747 ], [ -60.504144926411946, -11.514663821268323 ], [ -60.503967398990319, -11.514390896056188 ], [ -60.503981021676289, -11.51404654149318 ], [ -60.504261260092548, -11.513474826942595 ], [ -60.504751327715177, -11.513113682560466 ], [ -60.505358825867809, -11.512638720222602 ], [ -60.505809316775967, -11.511964077760677 ], [ -60.506088261014447, -11.511538488785616 ], [ -60.505998252792807, -11.510942720075475 ], [ -60.505779402846834, -11.510554617813177 ], [ -60.505390021561645, -11.510300754496203 ], [ -60.50492471621812, -11.510255010503851 ], [ -60.504456926017532, -11.510491084929196 ], [ -60.503671538301028, -11.510734872131705 ], [ -60.502877684573484, -11.510738498238332 ], [ -60.502729515787301, -11.510737226494353 ], [ -60.502296606394857, -11.510618686659161 ], [ -60.502016829175105, -11.511138210551087 ], [ -60.502033941966381, -11.511597652214572 ], [ -60.501660201460965, -11.511970229406455 ], [ -60.501110872435603, -11.51185068771138 ], [ -60.500900308435099, -11.511723616859818 ], [ -60.5006070127341, -11.511376626508607 ], [ -60.500301382397843, -11.511227861596595 ], [ -60.499907949219285, -11.511433250959893 ], [ -60.499464180720537, -11.511345929101076 ], [ -60.498643744007566, -11.510764759241168 ], [ -60.49801187466219, -11.510404417540887 ], [ -60.496506200585259, -11.509514633811747 ], [ -60.495884551385096, -11.509196130375619 ], [ -60.495930855755695, -11.508747674517341 ], [ -60.495796873709672, -11.50833942110815 ], [ -60.495355513846143, -11.507980714698506 ], [ -60.495316505489363, -11.507604594069612 ], [ -60.495312202311169, -11.506894741109889 ], [ -60.494766490346386, -11.506368120834152 ], [ -60.494089993662421, -11.506268350854917 ], [ -60.493615595805672, -11.506055496797284 ], [ -60.493114070227271, -11.505320485745994 ], [ -60.492864325012285, -11.504838165864143 ], [ -60.492738066250752, -11.504753570741398 ], [ -60.492650442946001, -11.505086846423229 ], [ -60.492268338730305, -11.505208816097483 ], [ -60.491955835796055, -11.50464244750076 ], [ -60.491687145906425, -11.503909441211039 ], [ -60.491479366736982, -11.503469236193039 ], [ -60.491038944808921, -11.503006149417649 ], [ -60.490637526996146, -11.502919182186886 ], [ -60.490004206780178, -11.502725830861845 ], [ -60.490049869458225, -11.502350440938201 ], [ -60.490052089628279, -11.502099937674538 ], [ -60.490395742063924, -11.501539224486912 ], [ -60.490822947538923, -11.501104491902185 ], [ -60.490809363737213, -11.500248422764564 ], [ -60.490899760033493, -11.499602018341184 ], [ -60.491306165151258, -11.499125351265256 ], [ -60.491838270399477, -11.498795904204474 ], [ -60.492408641096233, -11.498926077318734 ], [ -60.493738216120725, -11.499375938005754 ], [ -60.494158026970524, -11.499776212380025 ], [ -60.494342611861228, -11.500445862540715 ], [ -60.494594942779372, -11.500635926142959 ], [ -60.495463675359161, -11.500539014838134 ], [ -60.496182399888745, -11.500649580590633 ], [ -60.4967535159509, -11.500696244841953 ], [ -60.497602558674437, -11.500432141912245 ], [ -60.498661786621625, -11.500336857689806 ], [ -60.499698742909274, -11.500366640298099 ], [ -60.50072925309351, -11.501127059841965 ], [ -60.500918275492133, -11.501295698471273 ], [ -60.501554920004082, -11.50111326869307 ], [ -60.501878029144514, -11.500479291161364 ], [ -60.502137085918022, -11.499907394688684 ], [ -60.50231009651921, -11.499491337659045 ], [ -60.502852593082388, -11.499182834174839 ], [ -60.503479936950413, -11.498854179723107 ], [ -60.504157527974598, -11.498828671881434 ], [ -60.50446599959453, -11.498653860116992 ], [ -60.504736275719935, -11.49800898621252 ], [ -60.504877072424179, -11.497644843359382 ], [ -60.504807587532888, -11.497122320835604 ], [ -60.504681143186893, -11.497058606344742 ], [ -60.504098711137956, -11.497095370238824 ], [ -60.503538456798864, -11.497017499123613 ], [ -60.503243513110284, -11.496858393038726 ], [ -60.503331947729158, -11.49643117114384 ], [ -60.503864589640479, -11.496039071547667 ], [ -60.503202370844591, -11.495521908016784 ], [ -60.502959699525725, -11.495436319723067 ], [ -60.502472149601125, -11.495515648389128 ], [ -60.502107178025888, -11.496097076548365 ], [ -60.5017443214794, -11.496438436039984 ], [ -60.501149283519965, -11.496704733492486 ], [ -60.500881947950262, -11.497015595428781 ], [ -60.50046451649149, -11.497544377738514 ], [ -60.500651234745192, -11.497973959148798 ], [ -60.500774087081801, -11.498444746552019 ], [ -60.500875957777609, -11.498894476891476 ], [ -60.500270607005923, -11.499129367280167 ], [ -60.499267062332613, -11.498911981453602 ], [ -60.498814665319074, -11.498605379907515 ], [ -60.498341287736274, -11.498277720638292 ], [ -60.497770728677864, -11.4981684342566 ], [ -60.496554886251488, -11.498022285493482 ], [ -60.494893178196669, -11.498028874325255 ], [ -60.494487887767043, -11.498380295945477 ], [ -60.494038694851646, -11.498908792928848 ], [ -60.493814882655904, -11.499084320840961 ], [ -60.493348723801091, -11.499137720340931 ], [ -60.492853079267284, -11.498935123039056 ], [ -60.492548575435485, -11.498661101613235 ], [ -60.492158484725167, -11.498490727521199 ], [ -60.491767193216717, -11.498456042485136 ], [ -60.491439122234844, -11.498453216833575 ], [ -60.490993160036524, -11.498616390282542 ], [ -60.490821152019414, -11.498917623152948 ], [ -60.490375836160865, -11.4990077319361 ], [ -60.48968563251551, -11.499262744075972 ], [ -60.489364906246649, -11.499625324259718 ], [ -60.48917376534709, -11.499696745284144 ], [ -60.489005178169748, -11.499611784231895 ], [ -60.488657698823445, -11.499410457751534 ], [ -60.488524377279504, -11.498929140490199 ], [ -60.488527153321279, -11.498616011704428 ], [ -60.48847599689806, -11.498417240491138 ], [ -60.488787342237686, -11.497918880788177 ], [ -60.488875058320019, -11.497575168980054 ], [ -60.488826584486439, -11.497073706541954 ], [ -60.488648618687833, -11.496852965207442 ], [ -60.488563585811882, -11.496893985748054 ], [ -60.488434463555244, -11.497132956156406 ], [ -60.488430669973923, -11.497560898841302 ], [ -60.488353166140364, -11.497946452169233 ], [ -60.487970979043425, -11.498078855502769 ], [ -60.48751721071865, -11.497928803489804 ], [ -60.487097320926338, -11.497538959639241 ], [ -60.48635772451528, -11.497396878317737 ], [ -60.485797944929359, -11.497266785906156 ], [ -60.485217185695738, -11.497115634580219 ], [ -60.48492151498494, -11.497040012839953 ], [ -60.484752282413844, -11.497028113088 ], [ -60.484497831276776, -11.497078107648692 ], [ -60.484228255882741, -11.497639452599083 ], [ -60.484047142561913, -11.497773587230402 ], [ -60.484034057004024, -11.498055310759169 ], [ -60.484122814164536, -11.498786764912452 ], [ -60.484194113503115, -11.499100532609901 ], [ -60.484191610653014, -11.49938234756665 ], [ -60.484209068456053, -11.49980003405428 ], [ -60.484186233938743, -11.499987727823903 ], [ -60.484232566484998, -11.500729253904449 ], [ -60.484438478048688, -11.50137821322374 ], [ -60.484434213440949, -11.501858342421448 ], [ -60.484365708774092, -11.502421423670155 ], [ -60.484403590372523, -11.502922793775225 ], [ -60.48465721258453, -11.502966738749492 ], [ -60.485080349133689, -11.502991271139372 ], [ -60.485565686711126, -11.503162477755879 ], [ -60.4857736409962, -11.503581809834001 ], [ -60.486070523227056, -11.503521743318798 ], [ -60.486369443738418, -11.50323204915124 ], [ -60.486310392573657, -11.502730495822416 ], [ -60.486272322201252, -11.502250000468225 ], [ -60.486846399600907, -11.501962680982027 ], [ -60.487037264566688, -11.501922574776682 ], [ -60.487347902487066, -11.502697698346608 ], [ -60.487388938187657, -11.502844190293509 ], [ -60.488276804982135, -11.502977112740137 ], [ -60.488721109156685, -11.503001822512982 ], [ -60.489035084637848, -11.503401190880057 ], [ -60.489391208333785, -11.503821799434649 ], [ -60.48968364915968, -11.504262735443652 ], [ -60.489764797882316, -11.504660095572703 ], [ -60.491787332958637, -11.505742251522289 ], [ -60.492859980450085, -11.506523938483939 ], [ -60.493404948944878, -11.507134062930977 ], [ -60.494546280138678, -11.507331783183252 ], [ -60.494869189236837, -11.507919117051145 ], [ -60.495173057305863, -11.508266202149869 ], [ -60.495446838545135, -11.50842513566519 ], [ -60.49563604571108, -11.508572902660314 ], [ -60.495751261968607, -11.508709594347989 ], [ -60.495803439936267, -11.508793551160215 ], [ -60.495801592931578, -11.509002304707824 ], [ -60.495672468374629, -11.509241278274089 ], [ -60.495502672629989, -11.50929200921574 ], [ -60.495100689338962, -11.509267672061901 ], [ -60.495058448251349, -11.509256869958021 ], [ -60.495256576242156, -11.509592606481547 ], [ -60.495519221073465, -11.509814075133942 ], [ -60.495814447764097, -11.509941877805701 ], [ -60.496047005497225, -11.509975194656525 ], [ -60.496861189104749, -11.510065708045738 ], [ -60.497533358904469, -11.510656045088995 ], [ -60.498164858787682, -11.511058138593393 ], [ -60.498649483660223, -11.511312829411994 ], [ -60.499283016291365, -11.51148529163755 ], [ -60.499576771340479, -11.511780094480361 ], [ -60.499699161696405, -11.512303071342391 ], [ -60.499674489649905, -11.512699522235568 ], [ -60.500114755773268, -11.513183477164278 ], [ -60.500644302429428, -11.513146273614188 ], [ -60.500984267018033, -11.51300305535046 ], [ -60.501447362549044, -11.513299311721756 ], [ -60.501876219904659, -11.51387711337823 ], [ -60.502370976588345, -11.514184079175839 ], [ -60.502578594392801, -11.514645156745795 ], [ -60.503400525078874, -11.515059315641144 ], [ -60.503747574997028, -11.515312819182816 ], [ -60.503860863649891, -11.515668701464874 ], [ -60.504358289319981, -11.516873401454436 ], [ -60.505449422668484, -11.517968371545111 ], [ -60.505657415690038, -11.518387697429739 ], [ -60.505971615571511, -11.518766180159165 ], [ -60.506349687406455, -11.51910345635515 ], [ -60.506539459984367, -11.51918859228911 ], [ -60.506772856468046, -11.519127962560324 ], [ -60.506714875258318, -11.518501152541438 ], [ -60.506783899411289, -11.51787543156275 ], [ -60.506598728686434, -11.517268408071514 ], [ -60.506475220489889, -11.516870684262161 ], [ -60.506794757055019, -11.516643775966687 ], [ -60.507049686777997, -11.516541575988754 ], [ -60.507345847448377, -11.516564991794381 ], [ -60.507956025805953, -11.516987763606833 ], [ -60.508290660016208, -11.51744992774983 ], [ -60.50824207129677, -11.518159333375923 ], [ -60.508090770878383, -11.518512947698909 ], [ -60.507958981939446, -11.51905462309993 ], [ -60.508125379967453, -11.519390083100562 ], [ -60.508552412682519, -11.51897620041648 ], [ -60.508681625734305, -11.518726782156694 ], [ -60.508876364274101, -11.518248276811391 ], [ -60.509025640957518, -11.518124292925323 ], [ -60.509195901267852, -11.518021365816724 ], [ -60.509474205598913, -11.517668838395055 ], [ -60.509602497961147, -11.517523797228133 ], [ -60.510191514843463, -11.517946384152134 ], [ -60.510378347957051, -11.518365526852692 ], [ -60.510652425026841, -11.51849313638259 ], [ -60.510905150950137, -11.518641440076252 ], [ -60.511394396164867, -11.518374224855133 ], [ -60.511736568966917, -11.517980487075725 ], [ -60.512372149677354, -11.517923293778933 ], [ -60.512836002374478, -11.518136033599903 ], [ -60.512936149393475, -11.518784082957383 ], [ -60.512783201268519, -11.519325581362013 ], [ -60.512348091503029, -11.520657997968529 ], [ -60.512282383743937, -11.520907961762868 ], [ -60.51272452189874, -11.521183148394561 ], [ -60.513359008569481, -11.521251208102836 ], [ -60.514224140644849, -11.52157176527589 ], [ -60.514200586480449, -11.521842967454763 ], [ -60.513480140777709, -11.521920314325047 ], [ -60.512380324828619, -11.521806518357318 ], [ -60.511999852897929, -11.521740630569463 ], [ -60.511767740499813, -11.521655135134166 ], [ -60.511278672932754, -11.521901474242943 ], [ -60.510832491974533, -11.522085548164114 ], [ -60.510279551519346, -11.522373092566669 ], [ -60.510233538380895, -11.522790241253063 ], [ -60.510462709288419, -11.523209747108709 ], [ -60.511474364147801, -11.523719462448865 ], [ -60.51193601934164, -11.524182712548924 ], [ -60.512335825195294, -11.524457538251696 ], [ -60.512902956602979, -11.524963444547632 ], [ -60.513256754484516, -11.525655419247538 ], [ -60.513592324274491, -11.52601320288265 ], [ -60.514076073142029, -11.526372254037089 ], [ -60.514730271750878, -11.526607499357011 ], [ -60.51530089954845, -11.526716765519186 ], [ -60.515809491006699, -11.526658482523485 ], [ -60.516491465598342, -11.526142381546212 ], [ -60.517149151666338, -11.525980983985042 ], [ -60.518143880781807, -11.526010358884498 ], [ -60.51885865652693, -11.526580148987025 ], [ -60.519048622438753, -11.526644402823337 ], [ -60.519517076404071, -11.526335243164366 ], [ -60.520090272244765, -11.526152240142073 ], [ -60.520535175078983, -11.526114282192102 ], [ -60.520809631833565, -11.526200133116301 ], [ -60.522535194010956, -11.527383980058959 ], [ -60.522831553513178, -11.527386506908078 ], [ -60.524180853239429, -11.52802432778781 ], [ -60.524180487397906, -11.528066079347409 ], [ -60.525115929289512, -11.527614747562207 ], [ -60.525753911934416, -11.527286143450221 ], [ -60.527104682320029, -11.527756945394808 ], [ -60.527308695621933, -11.528635531874331 ], [ -60.527007217469816, -11.529217532373762 ], [ -60.526154252865481, -11.529920100541915 ], [ -60.525261506862982, -11.530330043490515 ], [ -60.524668048972281, -11.53040849631078 ], [ -60.524449043209742, -11.531241723525746 ], [ -60.524909270341887, -11.53187196598706 ], [ -60.525374254812888, -11.531959437506575 ], [ -60.526093998353936, -11.531965568986495 ], [ -60.527624009705697, -11.531310520890765 ], [ -60.528092648713489, -11.530980471300282 ], [ -60.528815313226197, -11.53065258194812 ], [ -60.529157302006773, -11.530279697847755 ], [ -60.529377388622706, -11.529321208857327 ], [ -60.528958029798972, -11.528858339130819 ], [ -60.528159461985361, -11.528183468981686 ], [ -60.528163479742808, -11.527724200436092 ], [ -60.528801460529792, -11.527395588948078 ], [ -60.529430678845387, -11.528069017202546 ], [ -60.530115376340873, -11.527239741715078 ], [ -60.530418670150759, -11.526448977357717 ], [ -60.530426696914226, -11.52553043856892 ], [ -60.530049677330027, -11.525067930890202 ], [ -60.529715360717077, -11.524564031089385 ], [ -60.529764265649092, -11.523812859501511 ], [ -60.529602216405557, -11.522976385213118 ], [ -60.52943432947356, -11.522807938860314 ], [ -60.529139068095212, -11.52268016453314 ], [ -60.528501099361051, -11.52300877912994 ], [ -60.527818966954612, -11.52354579035063 ], [ -60.526965293374808, -11.524331868408378 ], [ -60.526580974315031, -11.524704390624224 ], [ -60.525985701020744, -11.524991606807905 ], [ -60.52573131461542, -11.525031195772026 ], [ -60.525011223304958, -11.525066818623129 ], [ -60.523811940803689, -11.524221508786621 ], [ -60.523428716161433, -11.524468771367349 ], [ -60.523131078995327, -11.524612376134527 ], [ -60.522771034374024, -11.524630184639364 ], [ -60.522369751137632, -11.524522377215403 ], [ -60.522076139983938, -11.524206714239424 ], [ -60.521930158243372, -11.523954941813974 ], [ -60.521700235880459, -11.523618944374203 ], [ -60.521597506314372, -11.523263154169983 ], [ -60.521665403534499, -11.522762677747224 ], [ -60.522028007401801, -11.522452609587264 ], [ -60.522198999431694, -11.522266171415957 ], [ -60.522053567142031, -11.521951771941866 ], [ -60.521632766931617, -11.521655902134031 ], [ -60.521189335334782, -11.521526857323012 ], [ -60.520640430142606, -11.521355157742624 ], [ -60.520345176016413, -11.5212273755926 ], [ -60.519901746056313, -11.521098329071767 ], [ -60.519840805752935, -11.520805527185944 ], [ -60.520521705951225, -11.520409447575652 ], [ -60.520569716697949, -11.51976266090062 ] ] ] } },
{ "type": "Feature", "properties": { "patch_id": null, "area_ha": null, "lon_centro": null, "lat_centro": null }, "geometry": { "type": "Polygon", "coordinates": [ [ [ -60.448332376334861, -11.513862325996197 ], [ -60.448599042514346, -11.513502810536885 ], [ -60.448724934192406, -11.513104946686358 ], [ -60.448650764022169, -11.512983677880397 ], [ -60.448268582338621, -11.512590635834915 ], [ -60.448017516626088, -11.512263692027853 ], [ -60.447910236929744, -11.511641103225257 ], [ -60.447734931670382, -11.511259154071414 ], [ -60.447531489048245, -11.510867679719899 ], [ -60.447252455105676, -11.510512655375614 ], [ -60.447055491280956, -11.510445978901272 ], [ -60.446914300695028, -11.510454018274583 ], [ -60.446939341368015, -11.510806814067237 ], [ -60.447075761151346, -11.511327596978079 ], [ -60.447288275636076, -11.51175626445878 ], [ -60.447527840481357, -11.512315065741149 ], [ -60.44665087882553, -11.512539327421504 ], [ -60.445999186487903, -11.512821233983296 ], [ -60.445996673957147, -11.513099561216325 ], [ -60.446349542023725, -11.513612966442466 ], [ -60.446704672125755, -11.513875876865962 ], [ -60.447560312501892, -11.513929778370063 ], [ -60.447933840416979, -11.514239240657508 ], [ -60.448332376334861, -11.513862325996197 ] ] ] } },
{ "type": "Feature", "properties": { "patch_id": 1153.0, "area_ha": 1.5104, "lon_centro": -60.503547, "lat_centro": -11.511735 }, "geometry": { "type": "Polygon", "coordinates": [ [ [ -60.504387778117213, -11.512210946253967 ], [ -60.504365394206076, -11.511829023560251 ], [ -60.504183083052595, -11.511879185186327 ], [ -60.503943521040043, -11.511680848443298 ], [ -60.504060648421429, -11.51139366246159 ], [ -60.503886519705837, -11.511263068624254 ], [ -60.503573761043143, -11.511414231480543 ], [ -60.503277029206522, -11.511088928481547 ], [ -60.502362908939276, -11.511088928028386 ], [ -60.502591253590339, -11.511352793399823 ], [ -60.502449979014415, -11.511567688709345 ], [ -60.502711178336497, -11.511698293288637 ], [ -60.503015808100436, -11.511741828851974 ], [ -60.503017702730261, -11.51158677287844 ], [ -60.503283128080092, -11.511437406975229 ], [ -60.503610336415882, -11.511583502477478 ], [ -60.503560413080656, -11.511732313055559 ], [ -60.503320679724546, -11.511785488592077 ], [ -60.503557401849456, -11.512028372812916 ], [ -60.503538344014373, -11.512394853859332 ], [ -60.504191264955303, -11.512438388894912 ], [ -60.504626604420004, -11.512307784315617 ], [ -60.504624239773726, -11.512176709083146 ], [ -60.504387778117213, -11.512210946253967 ] ], [ [ -60.502584895001689, -11.511283799115542 ], [ -60.502614454514237, -11.511180062384826 ], [ -60.502706941736612, -11.511209401911547 ], [ -60.502584895001689, -11.511283799115542 ] ], [ [ -60.502920735512348, -11.511457766525401 ], [ -60.502798460804563, -11.511355439459049 ], [ -60.502966289705441, -11.511306801862547 ], [ -60.502920735512348, -11.511457766525401 ] ] ] } },
{ "type": "Feature", "properties": { "patch_id": 1152.0, "area_ha": 0.4615, "lon_centro": -60.502502, "lat_centro": -11.509309 }, "geometry": { "type": "Polygon", "coordinates": [ [ [ -60.502885213885911, -11.508825106626809 ], [ -60.502493514049554, -11.508825106099087 ], [ -60.502439948300292, -11.509456206249215 ], [ -60.502014617765383, -11.509434597126095 ], [ -60.501927559121022, -11.509608622846143 ], [ -60.502406317601555, -11.509782752246892 ], [ -60.502798132927005, -11.509347401802458 ], [ -60.502680068415678, -11.509062539370412 ], [ -60.502972273065375, -11.509086191676143 ], [ -60.502885213885911, -11.508825106626809 ] ] ] } },
{ "type": "Feature", "properties": { "patch_id": 1155.0, "area_ha": 34.7114, "lon_centro": -60.501032, "lat_centro": -11.510371 }, "geometry": { "type": "Polygon", "coordinates": [ [ [ -60.519775510533698, -11.520840713625409 ], [ -60.518669380294703, -11.520962182198039 ], [ -60.518601350332176, -11.520405414845593 ], [ -60.518209535546461, -11.519578259909924 ], [ -60.518166127428671, -11.519926426299113 ], [ -60.518514058550913, -11.520496376123528 ], [ -60.518409368700034, -11.521045159459074 ], [ -60.518262398228281, -11.521034294960637 ], [ -60.518209535546191, -11.520753705872986 ], [ -60.517940322458919, -11.520904866907051 ], [ -60.517017683385049, -11.52061614608237 ], [ -60.516813450828586, -11.520396768413706 ], [ -60.516859948905562, -11.520057134560183 ], [ -60.516568681905675, -11.520039575556337 ], [ -60.515945713691899, -11.518968769410451 ], [ -60.515684629860061, -11.518838164303455 ], [ -60.51639257397796, -11.520139707303873 ], [ -60.516137822169881, -11.520087388691993 ], [ -60.516032794655437, -11.519752400580234 ], [ -60.515489097236227, -11.519534283950692 ], [ -60.514596138478609, -11.51875109475977 ], [ -60.514009021586936, -11.518567061393384 ], [ -60.514117242194018, -11.51840281394669 ], [ -60.513173397031217, -11.51803741751181 ], [ -60.51302919419674, -11.517668019980565 ], [ -60.51324654148091, -11.517488453559832 ], [ -60.513115999566089, -11.517281518444277 ], [ -60.513246541480946, -11.517140297912258 ], [ -60.512454740692561, -11.51705985291407 ], [ -60.512027571374638, -11.516661413047535 ], [ -60.511626207756869, -11.516657223516495 ], [ -60.511287464876148, -11.516313132234432 ], [ -60.511066863824063, -11.516408517025036 ], [ -60.51080859037603, -11.516182527655115 ], [ -60.510643118026948, -11.516318155877965 ], [ -60.510377667040082, -11.51606473041738 ], [ -60.510416764162869, -11.51587778187773 ], [ -60.510111304697595, -11.515920131540058 ], [ -60.509868776725959, -11.515777420217997 ], [ -60.509763738092907, -11.515311815671993 ], [ -60.509589598485384, -11.515137686271306 ], [ -60.509358999695529, -11.515220500271589 ], [ -60.509202354245055, -11.515019059009203 ], [ -60.509217134213657, -11.514879110505941 ], [ -60.509415458342808, -11.514832816384203 ], [ -60.509371923307185, -11.51457173080761 ], [ -60.508936583842697, -11.514266986085623 ], [ -60.508710895137249, -11.51441814818204 ], [ -60.508457813937639, -11.514179915486544 ], [ -60.508250428924534, -11.51444106338899 ], [ -60.507935393509591, -11.514223450522209 ], [ -60.50792191614795, -11.514423555782562 ], [ -60.507674172403519, -11.514484661263953 ], [ -60.507412973081685, -11.514789405985889 ], [ -60.507584683027304, -11.515001959299992 ], [ -60.507538756096544, -11.515224412540842 ], [ -60.507325776630715, -11.51509415123552 ], [ -60.506842432730615, -11.515135289589262 ], [ -60.506716297023509, -11.515007081691943 ], [ -60.506149616232307, -11.515049430823256 ], [ -60.505149035739556, -11.514702336442152 ], [ -60.503604147680292, -11.514866583437055 ], [ -60.503233494170239, -11.514397591192374 ], [ -60.503025838994759, -11.514332130430692 ], [ -60.50284286990555, -11.513702485261412 ], [ -60.50283361675686, -11.513388631076996 ], [ -60.503146413207155, -11.513047879922034 ], [ -60.503233483278557, -11.512699724273547 ], [ -60.503025472545623, -11.512913210468668 ], [ -60.502537049086122, -11.512960934487587 ], [ -60.502435438026858, -11.513128610991799 ], [ -60.502024533116334, -11.512895474205122 ], [ -60.50192744310057, -11.512482049622905 ], [ -60.501693349854229, -11.512475094477882 ], [ -60.501579162815275, -11.51230790948018 ], [ -60.501266466426124, -11.512349223772208 ], [ -60.499864878270039, -11.51169146385036 ], [ -60.498162267840932, -11.510643685011221 ], [ -60.497573939534298, -11.510000552589554 ], [ -60.497007984070692, -11.509652272304203 ], [ -60.496246726158489, -11.509424704025605 ], [ -60.496008932560251, -11.509091984354024 ], [ -60.495963131787995, -11.508607420178462 ], [ -60.495494277553121, -11.508237225258545 ], [ -60.49526657121757, -11.507519044286735 ], [ -60.494744162216541, -11.506735424914257 ], [ -60.494612830260131, -11.506821309090741 ], [ -60.493373413548156, -11.506507856654849 ], [ -60.493089819969597, -11.506125933887107 ], [ -60.492584754165208, -11.505851140224243 ], [ -60.492393259399094, -11.505429373316368 ], [ -60.492142010350605, -11.505277798882506 ], [ -60.491914384898529, -11.50455867313072 ], [ -60.491472886657895, -11.504512559317885 ], [ -60.491053971527606, -11.50427613611908 ], [ -60.491087208329446, -11.503818576996562 ], [ -60.490534342925415, -11.503983765314889 ], [ -60.490564787366495, -11.503252610790989 ], [ -60.490390658650476, -11.503078481917884 ], [ -60.489532487240275, -11.502840923671934 ], [ -60.489405504648282, -11.502180061619082 ], [ -60.490172972580872, -11.501989980862682 ], [ -60.490327956346242, -11.501780880768372 ], [ -60.490695393017262, -11.501685235445558 ], [ -60.490738927509625, -11.501249999150241 ], [ -60.490478763318691, -11.499769013509368 ], [ -60.491130743366192, -11.499029598437135 ], [ -60.491174278401893, -11.498812047894623 ], [ -60.490651984335472, -11.499247398439095 ], [ -60.490375434462315, -11.49969618362047 ], [ -60.489998958809828, -11.499508608465318 ], [ -60.490388509019922, -11.499938166403243 ], [ -60.490554883935388, -11.501445759468787 ], [ -60.490304420896372, -11.501727709924047 ], [ -60.489858687572223, -11.501681171317438 ], [ -60.48965067852491, -11.501467685070372 ], [ -60.489548268980499, -11.501829399957021 ], [ -60.489388055757566, -11.501728832967023 ], [ -60.489068460244447, -11.501813462206428 ], [ -60.489084596154257, -11.501293534185834 ], [ -60.488829940090291, -11.501047150874738 ], [ -60.488825651593714, -11.500852402091034 ], [ -60.489129544274007, -11.501032272395916 ], [ -60.48930227186775, -11.500858194571004 ], [ -60.489171666760832, -11.500509914285681 ], [ -60.488876248278196, -11.500529293638889 ], [ -60.488736327295669, -11.50007456445665 ], [ -60.488515712341396, -11.500169953306029 ], [ -60.488431582046005, -11.499987494385296 ], [ -60.488214011456002, -11.499943959349618 ], [ -60.487717851004305, -11.500496898360344 ], [ -60.486990222263479, -11.500988455877415 ], [ -60.486625482512757, -11.500848302063478 ], [ -60.48647249454946, -11.50059698435685 ], [ -60.485356746170581, -11.500363368625777 ], [ -60.485654655598466, -11.499706779605408 ], [ -60.485993609157397, -11.49946494879406 ], [ -60.485989460470535, -11.499274877157054 ], [ -60.486298354416888, -11.499029598241947 ], [ -60.48635442943241, -11.498788270731348 ], [ -60.486603110548224, -11.498724852659906 ], [ -60.487125520095084, -11.498115362486619 ], [ -60.486952499288513, -11.49785411423791 ], [ -60.487038450013792, -11.497593066895748 ], [ -60.486780000048412, -11.497788290045563 ], [ -60.486472620920054, -11.497636601931376 ], [ -60.486328539454554, -11.497967311759213 ], [ -60.486119752798643, -11.498026020601374 ], [ -60.48612422515609, -11.497549532387737 ], [ -60.485590407227058, -11.497545023885964 ], [ -60.485514723765519, -11.497288321645973 ], [ -60.485245340236226, -11.497382022375351 ], [ -60.484557079350381, -11.496940041360602 ], [ -60.484774445222897, -11.497292595026067 ], [ -60.484817940970558, -11.498067947185429 ], [ -60.484687684457732, -11.498507178009376 ], [ -60.484859559508124, -11.498675650309558 ], [ -60.484731219493511, -11.499073133473075 ], [ -60.484904240289069, -11.499377840558621 ], [ -60.484723874808132, -11.499419454329226 ], [ -60.484557079350893, -11.499247398251038 ], [ -60.484494714345608, -11.499691357176774 ], [ -60.484121728994239, -11.499552143500679 ], [ -60.484164062161085, -11.499988948903173 ], [ -60.483947588851684, -11.500335649507582 ], [ -60.485220012299393, -11.500513692569909 ], [ -60.485340709993324, -11.500901604971132 ], [ -60.485635421486926, -11.500644297687135 ], [ -60.485960107872629, -11.500687832714648 ], [ -60.48780207597769, -11.501740307094591 ], [ -60.487996347169535, -11.502164121005453 ], [ -60.488290678874442, -11.501990043183607 ], [ -60.488846916795609, -11.502175657459849 ], [ -60.489511378845478, -11.50305871552383 ], [ -60.489998947919254, -11.50403612701141 ], [ -60.490651973454391, -11.504515012403759 ], [ -60.491371948660436, -11.50478775961955 ], [ -60.493264075595029, -11.506648229151399 ], [ -60.494400985026232, -11.50686813887903 ], [ -60.494861499427735, -11.507100436844532 ], [ -60.495397303770055, -11.50825903674064 ], [ -60.495870081598866, -11.508722720413944 ], [ -60.495919724198345, -11.509216807525334 ], [ -60.496137387949844, -11.509565076541111 ], [ -60.496843865531289, -11.50969958512985 ], [ -60.497462605501738, -11.510052537582741 ], [ -60.497826570379281, -11.510459671375314 ], [ -60.497835265233086, -11.51065345296047 ], [ -60.499334611900174, -11.511402123699499 ], [ -60.500220216930671, -11.512014897893971 ], [ -60.500229692730436, -11.512177189950696 ], [ -60.500514276993385, -11.512276617226888 ], [ -60.500577972480748, -11.512438389422799 ], [ -60.500853825438341, -11.512444412415869 ], [ -60.50096978780185, -11.512656064601126 ], [ -60.501611960574607, -11.512906798617047 ], [ -60.501622813337022, -11.513091414957778 ], [ -60.501924583257718, -11.513239882755631 ], [ -60.501971082730421, -11.513439694715398 ], [ -60.502406433087209, -11.513787975000715 ], [ -60.502615179170583, -11.513758898314167 ], [ -60.502580584121958, -11.513918580635456 ], [ -60.502938594773781, -11.514504753455782 ], [ -60.50284178344409, -11.514745745785415 ], [ -60.503339721168686, -11.514842015141438 ], [ -60.503407749799976, -11.515094026598479 ], [ -60.50355164840407, -11.514987436911605 ], [ -60.503930159335951, -11.515224631177745 ], [ -60.505018535227748, -11.515442306356091 ], [ -60.505937875931529, -11.515224936779211 ], [ -60.506324526383743, -11.515269197902967 ], [ -60.506953242712036, -11.515494417100701 ], [ -60.507282357082723, -11.515921191748312 ], [ -60.507461494235756, -11.515836356246499 ], [ -60.508065987724812, -11.516138866926637 ], [ -60.508360326996332, -11.516008324677113 ], [ -60.508990139511894, -11.516142770441554 ], [ -60.50949569020473, -11.516425470489429 ], [ -60.509328503759384, -11.516704822390261 ], [ -60.509864228714044, -11.516641768785105 ], [ -60.510155669437161, -11.516922497568578 ], [ -60.510818610875965, -11.517013471159974 ], [ -60.511244056221265, -11.517357848452935 ], [ -60.5114416363229, -11.517341909857132 ], [ -60.512743288422172, -11.518063607837984 ], [ -60.51276778246995, -11.518228549166247 ], [ -60.513377262077114, -11.518576828923845 ], [ -60.513696660161166, -11.518582852501964 ], [ -60.514183097924459, -11.518966046996969 ], [ -60.514025861082132, -11.519729593430554 ], [ -60.513856158362074, -11.519708865016735 ], [ -60.513725553790231, -11.519926529453068 ], [ -60.513769088290815, -11.520144090735622 ], [ -60.513940963121293, -11.520138422606466 ], [ -60.513899693933013, -11.520448846727309 ], [ -60.514290463139339, -11.520491690200748 ], [ -60.514130584562807, -11.520845200727914 ], [ -60.513899693398947, -11.520666635781524 ], [ -60.513943228433718, -11.521101861520323 ], [ -60.514334917371762, -11.521101861520334 ], [ -60.514649325808989, -11.520844840336895 ], [ -60.514770084772735, -11.521019189312497 ], [ -60.514726848183429, -11.521406606242261 ], [ -60.514819914668216, -11.521232789999063 ], [ -60.515031593433122, -11.521406606242264 ], [ -60.515378471933204, -11.521406669089309 ], [ -60.515549440972656, -11.52119132830471 ], [ -60.516076318798426, -11.521232466627259 ], [ -60.516076318798426, -11.521101986158275 ], [ -60.515863214819632, -11.52102689407106 ], [ -60.515859689203211, -11.520665830376943 ], [ -60.516256570762884, -11.520449159361025 ], [ -60.516468260502535, -11.520710046199229 ], [ -60.516642274262203, -11.52075358123488 ], [ -60.516716159826785, -11.520572514810688 ], [ -60.517034205073863, -11.520927720849839 ], [ -60.517300411409771, -11.520886420395938 ], [ -60.518166116001346, -11.52123246609951 ], [ -60.518644896795251, -11.521232466099516 ], [ -60.519259598238584, -11.521015096554901 ], [ -60.520253315681067, -11.521014320874942 ], [ -60.519775510533698, -11.520840713625409 ] ], [ [ -60.485648089134507, -11.499355551037631 ], [ -60.485471304208616, -11.499160328707459 ], [ -60.485359753111773, -11.499368804718275 ], [ -60.485096570581575, -11.499408443354026 ], [ -60.485007390989246, -11.49834885208168 ], [ -60.485292927709608, -11.498453636049515 ], [ -60.485336272243288, -11.498650716682928 ], [ -60.485166569850136, -11.498724853187705 ], [ -60.485616336634649, -11.498861921871676 ], [ -60.485950202451335, -11.49916028885098 ], [ -60.485648089134507, -11.499355551037631 ] ], [ [ -60.486033023328645, -11.497733678918742 ], [ -60.485940533807472, -11.497763018103596 ], [ -60.485910608604279, -11.497660151709711 ], [ -60.486033023328645, -11.497733678918742 ] ], [ [ -60.486572947509792, -11.498446910665251 ], [ -60.486575727075, -11.498305443414788 ], [ -60.486719547956504, -11.498297074771855 ], [ -60.486733822531768, -11.498463759124711 ], [ -60.486572947509792, -11.498446910665251 ] ], [ [ -60.489949959281986, -11.50316521612109 ], [ -60.489901010018279, -11.503103921466174 ], [ -60.489995547696019, -11.503025176204201 ], [ -60.489949959281986, -11.50316521612109 ] ], [ [ -60.49038957224073, -11.503907102128496 ], [ -60.4902593261615, -11.503991531775656 ], [ -60.490082458289812, -11.503879248418933 ], [ -60.490129437009742, -11.503600891076337 ], [ -60.489934684799323, -11.503413526945399 ], [ -60.490297596217069, -11.503165750203193 ], [ -60.490431879103291, -11.503291034241984 ], [ -60.49038957224073, -11.503907102128496 ] ], [ [ -60.490830245466306, -11.504113190822784 ], [ -60.490922733974195, -11.504083851536581 ], [ -60.49095229248779, -11.504187590641658 ], [ -60.490830245466306, -11.504113190822784 ] ], [ [ -60.507835782545023, -11.51490012830754 ], [ -60.507694217651135, -11.514907643098979 ], [ -60.507686597813638, -11.51480916416614 ], [ -60.507835782545023, -11.51490012830754 ] ], [ [ -60.508624902189595, -11.515807643035547 ], [ -60.508531540981913, -11.515838672993329 ], [ -60.508502268150806, -11.51539809110233 ], [ -60.508617185356208, -11.515274189763403 ], [ -60.508756005144207, -11.515296886016831 ], [ -60.508624902189595, -11.515807643035547 ] ], [ [ -60.509234890529115, -11.515892597644818 ], [ -60.509084435997487, -11.515914565181371 ], [ -60.509073685390021, -11.5158174819056 ], [ -60.509234890529115, -11.515892597644818 ] ], [ [ -60.50915459675366, -11.515656101654356 ], [ -60.50922654569947, -11.515562801035742 ], [ -60.50928466310318, -11.515611711246693 ], [ -60.50915459675366, -11.515656101654356 ] ], [ [ -60.511888299127087, -11.517411671181339 ], [ -60.511616704076111, -11.517261704214725 ], [ -60.511590876146279, -11.516945699055514 ], [ -60.512028208814009, -11.517225886700695 ], [ -60.511888299127087, -11.517411671181339 ] ], [ [ -60.514973529327534, -11.520573102040848 ], [ -60.514907872084635, -11.520387101962642 ], [ -60.515004332979224, -11.520368032942953 ], [ -60.51516273140745, -11.520534549361463 ], [ -60.514973529327534, -11.520573102040848 ] ], [ [ -60.515214295515435, -11.52010570297214 ], [ -60.51516633071504, -11.52000347940484 ], [ -60.51526970566632, -11.519973964332946 ], [ -60.515214295515435, -11.52010570297214 ] ], [ [ -60.515353422018102, -11.521001821394476 ], [ -60.515261694349718, -11.520642859036029 ], [ -60.515446822086503, -11.520678047830586 ], [ -60.515554471127615, -11.520884816621791 ], [ -60.515353422018102, -11.521001821394476 ] ], [ [ -60.51590934387503, -11.520238343973009 ], [ -60.515601391041514, -11.520241804830327 ], [ -60.515678592719134, -11.519918992964216 ], [ -60.515989372949839, -11.520100589551753 ], [ -60.51590934387503, -11.520238343973009 ] ] ] } },
{ "type": "Feature", "properties": { "patch_id": null, "area_ha": null, "lon_centro": null, "lat_centro": null }, "geometry": { "type": "Polygon", "coordinates": [ [ [ -60.439788161220783, -11.504179595094545 ], [ -60.439577010162836, -11.504122068271101 ], [ -60.439457387313198, -11.504086222541412 ], [ -60.439352881608627, -11.503939170510906 ], [ -60.439207114972739, -11.503673457567539 ], [ -60.438954892372074, -11.503476395079256 ], [ -60.438736498171963, -11.503439680160575 ], [ -60.438587522328234, -11.50352883247146 ], [ -60.43852238964444, -11.503709185526208 ], [ -60.438591870900559, -11.503828094776127 ], [ -60.438739965760426, -11.503836356536096 ], [ -60.438824375617124, -11.503864934009369 ], [ -60.438901100990037, -11.503963030854212 ], [ -60.438928125742571, -11.504095483923813 ], [ -60.438997355504831, -11.504242225717679 ], [ -60.439073514604722, -11.504402945873354 ], [ -60.439171594442385, -11.504480354461361 ], [ -60.43936208357124, -11.504482030237787 ], [ -60.439659343870204, -11.504380264499593 ], [ -60.439788161220783, -11.504179595094545 ] ] ] } },
{ "type": "Feature", "properties": { "patch_id": null, "area_ha": null, "lon_centro": null, "lat_centro": null }, "geometry": { "type": "Polygon", "coordinates": [ [ [ -60.441637603521407, -11.503305140083659 ], [ -60.441738512786451, -11.503069430580553 ], [ -60.441725848356874, -11.502909268851244 ], [ -60.441516017680136, -11.502705622163123 ], [ -60.44141063094537, -11.502655984990868 ], [ -60.441276772299261, -11.502633932400943 ], [ -60.441176806041838, -11.502765269310954 ], [ -60.4411463849017, -11.503008556838541 ], [ -60.441222167913097, -11.503211025589625 ], [ -60.441262863946122, -11.503392309806173 ], [ -60.441374174299362, -11.5035672559739 ], [ -60.441637603521407, -11.503305140083659 ] ] ] } },
{ "type": "Feature", "properties": { "patch_id": 1151.0, "area_ha": 0.3364, "lon_centro": -60.484988, "lat_centro": -11.501818 }, "geometry": { "type": "Polygon", "coordinates": [ [ [ -60.485035953852311, -11.501380615526529 ], [ -60.484731220029168, -11.501685349506705 ], [ -60.484818290100613, -11.502164131747374 ], [ -60.485122919334906, -11.502207655513553 ], [ -60.485147396709849, -11.501884709737558 ], [ -60.485297048051137, -11.501772316426344 ], [ -60.485035953852311, -11.501380615526529 ] ] ] } },
{ "type": "Feature", "properties": { "patch_id": null, "area_ha": null, "lon_centro": null, "lat_centro": null }, "geometry": { "type": "Polygon", "coordinates": [ [ [ -60.465013115036008, -11.49918993639568 ], [ -60.46441101984184, -11.499059435675255 ], [ -60.464192005821573, -11.49869740928408 ], [ -60.464166296468626, -11.498613679478614 ], [ -60.463865716943204, -11.498496241416055 ], [ -60.46350033316196, -11.498524374021063 ], [ -60.463114718677829, -11.498447947571179 ], [ -60.462934952978777, -11.498430724248955 ], [ -60.462632224257298, -11.498553345657031 ], [ -60.46237702399992, -11.498686819071546 ], [ -60.462070219123596, -11.49867370731423 ], [ -60.461907870504064, -11.498484404390789 ], [ -60.462031581877284, -11.498261060629922 ], [ -60.46211254156033, -11.498084316263894 ], [ -60.461839963458864, -11.497794889659698 ], [ -60.461634676915878, -11.497673060976021 ], [ -60.461211697936704, -11.497632840460753 ], [ -60.461072813912928, -11.497777764885054 ], [ -60.460856015625765, -11.498349976906949 ], [ -60.460753562307872, -11.498563067103555 ], [ -60.46085714390793, -11.498814487458322 ], [ -60.461151307932042, -11.499057131162258 ], [ -60.461467012060439, -11.499258209546454 ], [ -60.461836472028423, -11.499365812190108 ], [ -60.462180971699716, -11.49930618525266 ], [ -60.462519291730246, -11.49934566721871 ], [ -60.462824321203556, -11.499557089602535 ], [ -60.46308888974184, -11.499559394579194 ], [ -60.463107381185658, -11.49926728510105 ], [ -60.462792470112532, -11.498977490195331 ], [ -60.462772847161716, -11.498805088396931 ], [ -60.463358832607931, -11.498961547524361 ], [ -60.463737287523486, -11.499246676239956 ], [ -60.464338354744342, -11.499491990105646 ], [ -60.464749587409742, -11.499662582536883 ], [ -60.464850076928634, -11.499668676517071 ], [ -60.465143484651122, -11.499405055341676 ], [ -60.465013115036008, -11.49918993639568 ] ] ] } },
{ "type": "Feature", "properties": { "patch_id": 1149.0, "area_ha": 0.4189, "lon_centro": -60.487808, "lat_centro": -11.498555 }, "geometry": { "type": "Polygon", "coordinates": [ [ [ -60.487735126063313, -11.498202557922845 ], [ -60.487386857204406, -11.49863779385808 ], [ -60.487647951404206, -11.498942527838224 ], [ -60.488344501083652, -11.498463642973558 ], [ -60.487735126063313, -11.498202557922845 ] ] ] } },
{ "type": "Feature", "properties": { "patch_id": null, "area_ha": null, "lon_centro": null, "lat_centro": null }, "geometry": { "type": "Polygon", "coordinates": [ [ [ -60.449351193494017, -11.498416454326254 ], [ -60.449326804459346, -11.498186601818956 ], [ -60.449232360061266, -11.498097050534785 ], [ -60.448942232188486, -11.497995347121316 ], [ -60.448799461527024, -11.497983658390748 ], [ -60.44864058205453, -11.497997923792283 ], [ -60.448490264076128, -11.498236683813454 ], [ -60.44854045083207, -11.498539829149044 ], [ -60.448729621385084, -11.49868762020189 ], [ -60.448929985698541, -11.49876766139082 ], [ -60.449321823754211, -11.498739779183932 ], [ -60.449351193494017, -11.498416454326254 ] ] ] } },
{ "type": "Feature", "properties": { "patch_id": 1148.0, "area_ha": 0.3893, "lon_centro": -60.484394, "lat_centro": -11.49831 }, "geometry": { "type": "Polygon", "coordinates": [ [ [ -60.48449122451855, -11.498286905108746 ], [ -60.484687558087657, -11.498115487323656 ], [ -60.484208788173895, -11.497723672530295 ], [ -60.48412172952893, -11.497941233287493 ], [ -60.484387483777908, -11.498313992708923 ], [ -60.484121729529086, -11.498637793858196 ], [ -60.484513417944846, -11.498898993330409 ], [ -60.484517375186059, -11.498627264093011 ], [ -60.484685196252073, -11.498506708547998 ], [ -60.48449122451855, -11.498286905108746 ] ] ] } },
{ "type": "Feature", "properties": { "patch_id": null, "area_ha": null, "lon_centro": null, "lat_centro": null }, "geometry": { "type": "Polygon", "coordinates": [ [ [ -60.450828777238506, -11.496519211211968 ], [ -60.450676208017747, -11.49700846864789 ], [ -60.450611397917747, -11.497154035375909 ], [ -60.450437944413068, -11.497611795294407 ], [ -60.450425858990968, -11.497778699749096 ], [ -60.450413585670823, -11.497966478834572 ], [ -60.450378644179267, -11.498321069706112 ], [ -60.450397836712042, -11.498540438666369 ], [ -60.450372726058575, -11.498978620691179 ], [ -60.450572574630712, -11.499116066141218 ], [ -60.450770450885898, -11.49947269521285 ], [ -60.451042030446459, -11.499871721982062 ], [ -60.451104775000076, -11.499955776358927 ], [ -60.451156467318611, -11.500091924711457 ], [ -60.451275318452829, -11.499821573224516 ], [ -60.451025561268921, -11.499349670621683 ], [ -60.450933510914076, -11.498993968002416 ], [ -60.450916008543018, -11.498586727199978 ], [ -60.450918168632931, -11.498346668799217 ], [ -60.450909558258168, -11.498127392413165 ], [ -60.450688357058688, -11.498010636676817 ], [ -60.450531027232167, -11.497852687363745 ], [ -60.450490011908833, -11.497706194350705 ], [ -60.450669821683341, -11.497718206446516 ], [ -60.450764689163911, -11.497760789391309 ], [ -60.451032540223501, -11.49739779864414 ], [ -60.45110793276816, -11.497252324401556 ], [ -60.451227627193219, -11.496888036715015 ], [ -60.451301892789644, -11.496867810280376 ], [ -60.451208903291977, -11.496616481047029 ], [ -60.451189240474477, -11.496449298635651 ], [ -60.450853510546281, -11.496122778176703 ], [ -60.450828777238506, -11.496519211211968 ] ] ] } },
{ "type": "Feature", "properties": { "patch_id": 1147.0, "area_ha": 1.3363, "lon_centro": -60.469088, "lat_centro": -11.494822 }, "geometry": { "type": "Polygon", "coordinates": [ [ [ -60.469689312303572, -11.494374071952974 ], [ -60.469798575890458, -11.494066729005761 ], [ -60.469411577989689, -11.49415345528821 ], [ -60.469102141686491, -11.493979658934379 ], [ -60.469058606650826, -11.494110139407502 ], [ -60.469485262835519, -11.494264638471016 ], [ -60.469443370816649, -11.494475475168485 ], [ -60.469014956139425, -11.494327939747432 ], [ -60.468816809222275, -11.494511727542019 ], [ -60.468666675854088, -11.49437147478308 ], [ -60.468492640296162, -11.494415009818772 ], [ -60.468492651187283, -11.494850235013898 ], [ -60.468661675151544, -11.494634793816271 ], [ -60.468796194602533, -11.494764744766796 ], [ -60.468656761371633, -11.495220249302639 ], [ -60.46836203518928, -11.495242175496458 ], [ -60.4683185110447, -11.495416190477622 ], [ -60.469145550355137, -11.495590330620248 ], [ -60.469589594901898, -11.494699988812721 ], [ -60.469842110390985, -11.494589035541511 ], [ -60.469689312303572, -11.494374071952974 ] ], [ [ -60.469077650402397, -11.495450651623679 ], [ -60.468978534938707, -11.495433971755409 ], [ -60.468985164848171, -11.495250866906032 ], [ -60.46916009388157, -11.495204978791765 ], [ -60.469077650402397, -11.495450651623679 ] ] ] } },
{ "type": "Feature", "properties": { "patch_id": 1150.0, "area_ha": 10.383, "lon_centro": -60.472313, "lat_centro": -11.491697 }, "geometry": { "type": "Polygon", "coordinates": [ [ [ -60.483443008943276, -11.50019187769627 ], [ -60.483425042052907, -11.499987493857379 ], [ -60.482822602907959, -11.499569074385969 ], [ -60.482685274310953, -11.498686743392014 ], [ -60.482902621625215, -11.498637783116473 ], [ -60.482902621090197, -11.498463756867128 ], [ -60.482610416305441, -11.498356815099182 ], [ -60.482467270733665, -11.497854266367762 ], [ -60.482175065913438, -11.497660254534406 ], [ -60.482031931803412, -11.497331857209215 ], [ -60.481623696715793, -11.497237832094998 ], [ -60.481335360341568, -11.496896506324775 ], [ -60.480269366889324, -11.496320658405761 ], [ -60.479946660434592, -11.495995720846377 ], [ -60.480029309271785, -11.495851665468654 ], [ -60.479618450429655, -11.495842466869826 ], [ -60.479115073522912, -11.495285710004929 ], [ -60.478852577167658, -11.495155042581194 ], [ -60.478162120596608, -11.495241831167185 ], [ -60.477874939812949, -11.495101677415478 ], [ -60.477552382883765, -11.494775267099362 ], [ -60.477591347274746, -11.494458544327161 ], [ -60.476875742983566, -11.494101065463973 ], [ -60.476807727523955, -11.493892589391145 ], [ -60.476564472869789, -11.493879297581065 ], [ -60.476067631917729, -11.493239563856013 ], [ -60.47584380706634, -11.493367590220261 ], [ -60.474953676480581, -11.492921526811401 ], [ -60.474844624213013, -11.492730893649769 ], [ -60.475066315206519, -11.492629948194494 ], [ -60.475022780170882, -11.492412397650577 ], [ -60.474674626252018, -11.492325327579239 ], [ -60.474608709126507, -11.492533110339394 ], [ -60.474307175695479, -11.492577339234236 ], [ -60.474195614493226, -11.492325327579213 ], [ -60.473305869795198, -11.491837243631577 ], [ -60.472816417562917, -11.491481046219469 ], [ -60.472802493352098, -11.491324021758761 ], [ -60.472302454885572, -11.491139989207937 ], [ -60.470726193995134, -11.489783438490376 ], [ -60.470828999009548, -11.489197143881336 ], [ -60.47104783595784, -11.489294607486022 ], [ -60.471061218290657, -11.48945189059082 ], [ -60.471669296316165, -11.489669628086405 ], [ -60.471844722582453, -11.4895389603687 ], [ -60.471888257068549, -11.489147259233572 ], [ -60.471539988209159, -11.488755455181943 ], [ -60.471361374013327, -11.488840128099467 ], [ -60.471148172888199, -11.488581315039227 ], [ -60.470896278034125, -11.488557159141953 ], [ -60.47106109192611, -11.488189499190531 ], [ -60.47076030373055, -11.488069412916778 ], [ -60.470538671498367, -11.487014053227435 ], [ -60.470669054396076, -11.488794984598639 ], [ -60.470595553262733, -11.489151703813937 ], [ -60.470190517577166, -11.489016664868206 ], [ -60.470360410661598, -11.489180673103277 ], [ -60.470342440819884, -11.489404104150438 ], [ -60.469933751528032, -11.489202782428396 ], [ -60.469929180998705, -11.488494244440153 ], [ -60.469698178507315, -11.488635037427072 ], [ -60.469406886934955, -11.488494244440121 ], [ -60.469548244619624, -11.488780895613123 ], [ -60.469444156099378, -11.488839946518791 ], [ -60.468753745926556, -11.488189499718139 ], [ -60.467491386631366, -11.488407112051814 ], [ -60.467404159820866, -11.48818949971805 ], [ -60.467186589224873, -11.488145964682353 ], [ -60.466925389901675, -11.488363639333016 ], [ -60.467325256900764, -11.488617195195323 ], [ -60.46713265473209, -11.48888599745125 ], [ -60.466968798573298, -11.48875545465401 ], [ -60.466512294905257, -11.488789097325546 ], [ -60.466424185007128, -11.488665662259969 ], [ -60.46653344768167, -11.488494233698333 ], [ -60.466185294295258, -11.488276569261627 ], [ -60.466299737746354, -11.488826584391704 ], [ -60.46570640890301, -11.488842524725349 ], [ -60.465532268760363, -11.488973129832317 ], [ -60.465537661048003, -11.489378580792172 ], [ -60.46509691840383, -11.489843830545665 ], [ -60.465183988475218, -11.490148451161808 ], [ -60.46550315150067, -11.490024309537938 ], [ -60.465575688322453, -11.49036612581242 ], [ -60.465638047642322, -11.489899498476465 ], [ -60.466152084183612, -11.489844765213578 ], [ -60.465967619652368, -11.490279067010412 ], [ -60.466185167930981, -11.490322591304444 ], [ -60.466344347435005, -11.490164265625618 ], [ -60.46635942354758, -11.490670871062072 ], [ -60.466707588358872, -11.490714406625424 ], [ -60.466813792174392, -11.490448855198347 ], [ -60.467141652606905, -11.490540328799776 ], [ -60.467254837307109, -11.490444585192014 ], [ -60.467404148929582, -11.490583801518378 ], [ -60.467236115263226, -11.48895781463554 ], [ -60.467786055104931, -11.48845448764289 ], [ -60.468685949082357, -11.488328554633052 ], [ -60.471872198331646, -11.49099049723476 ], [ -60.471975443149219, -11.491280361561207 ], [ -60.472255821721632, -11.491288937063048 ], [ -60.474761685432476, -11.49306529802349 ], [ -60.476086904626747, -11.493552758940904 ], [ -60.476807832109245, -11.494458419164838 ], [ -60.477179527868536, -11.494426421019766 ], [ -60.477809137929825, -11.495198514771124 ], [ -60.47802681310818, -11.4953291198782 ], [ -60.478873146724766, -11.495381230452892 ], [ -60.479855284606543, -11.496286890662754 ], [ -60.481968381526947, -11.497691548730648 ], [ -60.482506975445617, -11.498409588888086 ], [ -60.482728608387852, -11.499726169749978 ], [ -60.483251017389591, -11.500292113944166 ], [ -60.483860392409547, -11.500379184543254 ], [ -60.483443008943276, -11.50019187769627 ] ], [ [ -60.465628538716672, -11.489645535175502 ], [ -60.46568723821769, -11.48941755407416 ], [ -60.465868852584592, -11.489515130582523 ], [ -60.465628538716672, -11.489645535175502 ] ], [ [ -60.467028869729617, -11.4899239461747 ], [ -60.46666417968801, -11.489974435652751 ], [ -60.466776818621639, -11.490352959788943 ], [ -60.466494063157683, -11.490306085270685 ], [ -60.466331958571331, -11.489553840998582 ], [ -60.466802786479136, -11.489474861830132 ], [ -60.46714300189835, -11.489702487149302 ], [ -60.467028869729617, -11.4899239461747 ] ], [ [ -60.466819739906029, -11.489426461807179 ], [ -60.46670971839842, -11.489226869653853 ], [ -60.466848228902776, -11.48919458324913 ], [ -60.466969446559752, -11.489319929597283 ], [ -60.466819739906029, -11.489426461807179 ] ], [ [ -60.466876386906151, -11.490191775496186 ], [ -60.466827440725091, -11.490130481844028 ], [ -60.466911624086805, -11.490057561316526 ], [ -60.466876386906151, -11.490191775496186 ] ], [ [ -60.467046326830733, -11.489273686197006 ], [ -60.467016290666479, -11.489180161442182 ], [ -60.467111556973045, -11.489142114031944 ], [ -60.467046326830733, -11.489273686197006 ] ], [ [ -60.470369101891045, -11.48950752768355 ], [ -60.470398524697977, -11.489369009414776 ], [ -60.470534550800743, -11.489398348288084 ], [ -60.470493446850853, -11.489583245938208 ], [ -60.470369101891045, -11.48950752768355 ] ] ] } },
{ "type": "Feature", "properties": { "patch_id": null, "area_ha": null, "lon_centro": null, "lat_centro": null }, "geometry": { "type": "Polygon", "coordinates": [ [ [ -60.483652726324586, -11.500176228253032 ], [ -60.483464459081937, -11.499924080021181 ], [ -60.483108905860753, -11.49944084148842 ], [ -60.482903183485618, -11.498771006923475 ], [ -60.482928800700194, -11.498270185957049 ], [ -60.482786390544575, -11.497621775434 ], [ -60.482579000067425, -11.497139817435434 ], [ -60.481844511407438, -11.496423658755598 ], [ -60.48014179745558, -11.495093699926763 ], [ -60.479700293956647, -11.494755853062179 ], [ -60.479467845924134, -11.494712088573122 ], [ -60.479064775037109, -11.49481298449315 ], [ -60.478787582005722, -11.495040229478176 ], [ -60.478552719383778, -11.495267840501199 ], [ -60.477792250941633, -11.49509424370682 ], [ -60.477626272350406, -11.494717026174476 ], [ -60.477844614173073, -11.493967355547541 ], [ -60.477975692826128, -11.49350920292337 ], [ -60.477832923063815, -11.492902542849251 ], [ -60.477540696971751, -11.492440725868367 ], [ -60.477245684886043, -11.492292034982784 ], [ -60.475998241349693, -11.492135095379886 ], [ -60.475405431556311, -11.492150836474131 ], [ -60.475001434493294, -11.492356102463511 ], [ -60.4747476387764, -11.492333026394398 ], [ -60.474583339273742, -11.491767932918979 ], [ -60.474480675551526, -11.491412140130329 ], [ -60.474188456668493, -11.490950321215882 ], [ -60.473748083746891, -11.49048721793273 ], [ -60.473349111917663, -11.490128856363027 ], [ -60.4727399806156, -11.489601659107676 ], [ -60.472267213494604, -11.489211341714395 ], [ -60.471815333351827, -11.488852519900501 ], [ -60.471427786501351, -11.488400310990777 ], [ -60.470985839512949, -11.488114642616319 ], [ -60.470682022870314, -11.487767542585477 ], [ -60.470826203148569, -11.487027674390969 ], [ -60.47071314871696, -11.486650914732936 ], [ -60.470736733646348, -11.486379723587126 ], [ -60.470332464433532, -11.486616296656628 ], [ -60.470065485507909, -11.486885375438058 ], [ -60.469998359883256, -11.487291886301463 ], [ -60.469815014291257, -11.487676511734014 ], [ -60.469611993638985, -11.487893953504013 ], [ -60.469355408768649, -11.488183998039892 ], [ -60.469101338759835, -11.488192230358372 ], [ -60.469007494921946, -11.488034841222399 ], [ -60.468966935606289, -11.487836161620523 ], [ -60.468862323247798, -11.487699555538535 ], [ -60.468424906074034, -11.488092411607388 ], [ -60.4681181109083, -11.488079308585888 ], [ -60.467272455023313, -11.487967579051201 ], [ -60.465972133172706, -11.487810141869634 ], [ -60.4653152826275, -11.487887936903162 ], [ -60.464825882856346, -11.488175951907895 ], [ -60.46405723395948, -11.488920819322027 ], [ -60.463650062570323, -11.489480941524029 ], [ -60.463029747276714, -11.490206219271931 ], [ -60.461395573538205, -11.490693023678872 ], [ -60.460824685109742, -11.490625420646664 ], [ -60.460188806733555, -11.49072426163533 ], [ -60.459234146961613, -11.490966456890311 ], [ -60.458662323746438, -11.491003223514641 ], [ -60.457836897847827, -11.49099602393947 ], [ -60.457090888238838, -11.49157405392222 ], [ -60.456622453426142, -11.49188311139487 ], [ -60.456596980507037, -11.492363045797861 ], [ -60.456592297556938, -11.492884914408959 ], [ -60.456695124878422, -11.493219834090956 ], [ -60.456733333620136, -11.493679447995158 ], [ -60.456540039027914, -11.493990906247726 ], [ -60.456617017685907, -11.494847509773994 ], [ -60.45672171874326, -11.494973682134201 ], [ -60.457948355263667, -11.495088770514558 ], [ -60.458646615457937, -11.495115739260726 ], [ -60.459516442629457, -11.494893685572075 ], [ -60.460343003427425, -11.494775633984982 ], [ -60.460806951930437, -11.494967566172425 ], [ -60.461633139241172, -11.494891260497813 ], [ -60.461804703800659, -11.494642237898899 ], [ -60.461786530174308, -11.494308056274265 ], [ -60.461643048939358, -11.493784894823387 ], [ -60.462279495357251, -11.493623427517511 ], [ -60.463382319347311, -11.493382513582342 ], [ -60.464080018381182, -11.493472093104426 ], [ -60.464437583152666, -11.493725723076228 ], [ -60.464521309674588, -11.493830834216059 ], [ -60.464708060533418, -11.494249989387241 ], [ -60.464967456944926, -11.493646828041308 ], [ -60.465373887190452, -11.493170204401784 ], [ -60.466160913151867, -11.492738642966019 ], [ -60.466711577119192, -11.492701678131084 ], [ -60.467008447274132, -11.492641629480318 ], [ -60.467387925732105, -11.492811940493489 ], [ -60.467187553108651, -11.493916655230407 ], [ -60.466526209036445, -11.494495447740178 ], [ -60.465997080053278, -11.494490845787432 ], [ -60.465066187042652, -11.494440994263245 ], [ -60.464746469043284, -11.494688730120227 ], [ -60.46527111665069, -11.495194331594382 ], [ -60.466139449938943, -11.495139256222412 ], [ -60.467157992345527, -11.494855842342487 ], [ -60.467685070537691, -11.49509006646646 ], [ -60.468143991080687, -11.495845611158281 ], [ -60.467883291926682, -11.496594900714886 ], [ -60.467857462598985, -11.49711658975669 ], [ -60.467954147825303, -11.498140380930938 ], [ -60.468325898982108, -11.496807513533057 ], [ -60.468226227517455, -11.496117721069584 ], [ -60.468211217223221, -11.495428664462709 ], [ -60.468276018535185, -11.495283091797511 ], [ -60.468910416870791, -11.495351234258802 ], [ -60.469332790147575, -11.495459286675576 ], [ -60.469651760640389, -11.495295044937816 ], [ -60.469742013437667, -11.494669531666711 ], [ -60.469892965616566, -11.494357694060824 ], [ -60.469936786943443, -11.494191062012197 ], [ -60.469642710798666, -11.493937989118969 ], [ -60.469095212669401, -11.493620084992155 ], [ -60.46897064531116, -11.493347607537698 ], [ -60.468741930541483, -11.492886336244895 ], [ -60.468301565991148, -11.492423226019691 ], [ -60.468221753658312, -11.491879742134319 ], [ -60.468099797951176, -11.491315015553663 ], [ -60.46795593178414, -11.490833604836387 ], [ -60.468002176959182, -11.490395599042857 ], [ -60.468299044601892, -11.490335548498509 ], [ -60.468530739917668, -11.490462820565652 ], [ -60.468612603504425, -11.490776680091116 ], [ -60.468923740247114, -11.491489185845523 ], [ -60.469256509222859, -11.492149688015049 ], [ -60.469529418369497, -11.49240257705449 ], [ -60.470083250024615, -11.492010731223912 ], [ -60.470762673416303, -11.491776548588531 ], [ -60.471194880540871, -11.491968189134097 ], [ -60.47147604648498, -11.49248210584997 ], [ -60.47153777270605, -11.492680969224452 ], [ -60.471744303097168, -11.493256868036642 ], [ -60.472183744462278, -11.493824349469355 ], [ -60.472454051628034, -11.494369486624354 ], [ -60.472705614551053, -11.494643065075667 ], [ -60.473296195064307, -11.49487783076485 ], [ -60.473697405409609, -11.494985693476716 ], [ -60.474034189793166, -11.495197380255826 ], [ -60.474074845791442, -11.495385622521436 ], [ -60.473965111157533, -11.495823080342493 ], [ -60.473815278523702, -11.496009670699918 ], [ -60.473580039541403, -11.496279026714538 ], [ -60.473493144248749, -11.49652879256281 ], [ -60.473214642760865, -11.496902155977821 ], [ -60.47310732609764, -11.497068237952631 ], [ -60.473125698896119, -11.497381546666851 ], [ -60.473252133313849, -11.49744527341451 ], [ -60.47340289800691, -11.49715430854843 ], [ -60.473489421392919, -11.496946292819027 ], [ -60.473640557751885, -11.496613577682886 ], [ -60.473748060033444, -11.496426620387092 ], [ -60.474045864805255, -11.496262189968034 ], [ -60.474468056877505, -11.496391110652064 ], [ -60.474764931141898, -11.496331054570039 ], [ -60.475231500860048, -11.496230715763106 ], [ -60.475487717946578, -11.495982416551239 ], [ -60.475470086170972, -11.495585607242107 ], [ -60.475833059011684, -11.495233849381433 ], [ -60.476299626828727, -11.495133508394375 ], [ -60.476953709036302, -11.495368817578031 ], [ -60.477821862348584, -11.495334582058073 ], [ -60.477843027760606, -11.495334765309314 ], [ -60.478392399801848, -11.495443904772863 ], [ -60.479130590129806, -11.495742567741871 ], [ -60.479485946530367, -11.496246683956093 ], [ -60.479417621742591, -11.496788887344561 ], [ -60.479353196540345, -11.496892713397651 ], [ -60.479393484808611, -11.497122705911014 ], [ -60.481123866266103, -11.497722224146852 ], [ -60.48196399837618, -11.498460175079511 ], [ -60.482211493227972, -11.499193001246796 ], [ -60.481953050447572, -11.499691808705979 ], [ -60.481948782271843, -11.500171937037921 ], [ -60.482242506266154, -11.50046675136937 ], [ -60.482726909461668, -11.500742337262222 ], [ -60.483541518513512, -11.500780693634395 ], [ -60.483652726324586, -11.500176228253032 ] ] ] } },
{ "type": "Feature", "properties": { "patch_id": 1138.0, "area_ha": 0.8129, "lon_centro": -60.579788, "lat_centro": -11.513667 }, "geometry": { "type": "Polygon", "coordinates": [ [ [ -60.581553023336042, -11.513004470054678 ], [ -60.581166552209659, -11.512589965437282 ], [ -60.580512921698038, -11.512281796522867 ], [ -60.579988177297516, -11.511755477838642 ], [ -60.579704101900973, -11.511554772206644 ], [ -60.579334907527787, -11.511405553568931 ], [ -60.578954325770738, -11.511350191446171 ], [ -60.578404398508077, -11.511293419390435 ], [ -60.578129122367102, -11.511301567125855 ], [ -60.578758542140328, -11.511964467471421 ], [ -60.579094019538388, -11.512343065992836 ], [ -60.579139884870138, -11.513168134574448 ], [ -60.578691418615513, -11.513623721210189 ], [ -60.57815090978373, -11.513702734108145 ], [ -60.57790774135978, -11.513669392236542 ], [ -60.577702849365977, -11.512874317222476 ], [ -60.577304047557824, -11.512474311865795 ], [ -60.576787123049847, -11.512271664413213 ], [ -60.576396225443382, -11.512184895715622 ], [ -60.576592764419026, -11.512718924875438 ], [ -60.576915867018862, -11.513306203593981 ], [ -60.577092579896679, -11.513683481672796 ], [ -60.577257457502895, -11.514206807997951 ], [ -60.577529071682754, -11.514626632701338 ], [ -60.578157406047026, -11.514789281345413 ], [ -60.578342180952546, -11.514852624037824 ], [ -60.578988445172889, -11.514784930566524 ], [ -60.579018500619149, -11.51498352311777 ], [ -60.578898321666699, -11.515420963769497 ], [ -60.579118536652032, -11.515662895525477 ], [ -60.579582279989609, -11.51589641494663 ], [ -60.580281021928819, -11.515881351140839 ], [ -60.580682868102869, -11.515926450544756 ], [ -60.580733200567913, -11.516229602679365 ], [ -60.580773305868512, -11.516490913407162 ], [ -60.580898978614158, -11.516648545088891 ], [ -60.581045998707481, -11.516785476136922 ], [ -60.580980350106572, -11.517035468120071 ], [ -60.580608648061272, -11.517178523095588 ], [ -60.580359582076753, -11.517834112915375 ], [ -60.580548582654963, -11.518013149923894 ], [ -60.580874019729826, -11.518329030060507 ], [ -60.581318296429039, -11.518364043183707 ], [ -60.581742029383186, -11.518325811162301 ], [ -60.581855244584069, -11.5187025599748 ], [ -60.582180897955801, -11.517755310589552 ], [ -60.583451883015641, -11.515187417141144 ], [ -60.581981469959466, -11.515081244546218 ], [ -60.581072204124624, -11.514958853926043 ], [ -60.580607389183271, -11.514850597029834 ], [ -60.580434063171751, -11.514076663083163 ], [ -60.580678571616097, -11.51395342783105 ], [ -60.581186346849556, -11.513988967962366 ], [ -60.581738243801553, -11.513816092193181 ], [ -60.582173000136997, -11.513725754368945 ], [ -60.582796488820911, -11.513845766229469 ], [ -60.583060292256015, -11.513941910213104 ], [ -60.583089815633514, -11.514203133078727 ], [ -60.583024615715729, -11.514400934246149 ], [ -60.58319253713028, -11.514569355185355 ], [ -60.583627472974946, -11.514458138598595 ], [ -60.583829108988901, -11.514397178970853 ], [ -60.584195124344781, -11.513679920537076 ], [ -60.584079856413041, -11.513543254791493 ], [ -60.583667784395438, -11.513456319268007 ], [ -60.583160365561298, -11.51337903015278 ], [ -60.58259966935163, -11.513343053857817 ], [ -60.581942460750298, -11.513178014323548 ], [ -60.581553023336042, -11.513004470054678 ] ] ] } },
{ "type": "Feature", "properties": { "patch_id": null, "area_ha": null, "lon_centro": null, "lat_centro": null }, "geometry": { "type": "Polygon", "coordinates": [ [ [ -60.560296429287604, -11.51221734913541 ], [ -60.559983589790264, -11.511671900641 ], [ -60.559753442728365, -11.511356802220407 ], [ -60.559422137712929, -11.510498030567094 ], [ -60.559870262838295, -11.510084231596711 ], [ -60.559852874895299, -11.509645650366712 ], [ -60.559730008009069, -11.50916442884442 ], [ -60.559202254253115, -11.508992979630939 ], [ -60.558504799396772, -11.508861861543524 ], [ -60.558251507139509, -11.508776224867857 ], [ -60.557763028667019, -11.508960026310264 ], [ -60.557569276496167, -11.509334201342645 ], [ -60.557502890677782, -11.50966768960879 ], [ -60.557520815449784, -11.510043641246584 ], [ -60.55739002485354, -11.510480977978197 ], [ -60.557239687693077, -11.51073024991018 ], [ -60.557406687954455, -11.51100306387605 ], [ -60.557487935798278, -11.511400424948953 ], [ -60.557462983724164, -11.511838650111221 ], [ -60.557460460853029, -11.512130918686404 ], [ -60.557711953600425, -11.512425319898517 ], [ -60.55796362703289, -11.512698844660498 ], [ -60.558108920301564, -11.51303410987215 ], [ -60.558318798993263, -11.513244650095462 ], [ -60.558613530406824, -11.513435024542286 ], [ -60.558932852616408, -11.513228925803636 ], [ -60.559189030456572, -11.512980541080738 ], [ -60.55935981543405, -11.512814951087037 ], [ -60.559823711746752, -11.513027621476368 ], [ -60.560296429287604, -11.51221734913541 ] ] ] } },
{ "type": "Feature", "properties": { "patch_id": null, "area_ha": null, "lon_centro": null, "lat_centro": null }, "geometry": { "type": "Polygon", "coordinates": [ [ [ -60.558156924345028, -11.507470565323244 ], [ -60.558107516908535, -11.507063032609677 ], [ -60.558067522775879, -11.50679128493989 ], [ -60.557518156961002, -11.506671846990619 ], [ -60.557200643857108, -11.506669182253843 ], [ -60.556692713142276, -11.506654479795017 ], [ -60.556214010958158, -11.506932311465034 ], [ -60.55601066641848, -11.507191576789753 ], [ -60.555563624000122, -11.50748011184708 ], [ -60.55521435910515, -11.50747717807042 ], [ -60.555066907381928, -11.507392428128268 ], [ -60.554951026766474, -11.507328821175566 ], [ -60.554772996023537, -11.507108108468371 ], [ -60.554841547448511, -11.50652410578464 ], [ -60.555236391073414, -11.506151621974501 ], [ -60.555409516269492, -11.505714641920044 ], [ -60.555219730417789, -11.505629536668303 ], [ -60.554636183766682, -11.50579165722859 ], [ -60.554192840029131, -11.505652226533147 ], [ -60.553784494594815, -11.505137289071257 ], [ -60.553354261687417, -11.504705678506092 ], [ -60.552974512728696, -11.504556342002838 ], [ -60.55246433185583, -11.504802586214474 ], [ -60.552033946129903, -11.505613200189693 ], [ -60.551605363039563, -11.506215050551937 ], [ -60.551221008988009, -11.506598055601829 ], [ -60.550592234652683, -11.507093830593586 ], [ -60.550356953760065, -11.507373699880278 ], [ -60.550109010823007, -11.507893556284593 ], [ -60.550116432619568, -11.508258979185683 ], [ -60.550715552900733, -11.508744210458309 ], [ -60.551432542155084, -11.509063410687432 ], [ -60.5518324699038, -11.50932774765535 ], [ -60.552764298161875, -11.509283391546028 ], [ -60.553933030580716, -11.508771273590888 ], [ -60.554847657933436, -11.508267454043617 ], [ -60.555240881727087, -11.508082857439645 ], [ -60.556074569348439, -11.508371710505179 ], [ -60.556337182414843, -11.508603571946734 ], [ -60.556559442953436, -11.50860543826697 ], [ -60.557014277709847, -11.508640573738308 ], [ -60.557798472874701, -11.508532327888817 ], [ -60.558156924345028, -11.507470565323244 ] ] ] } },
{ "type": "Feature", "properties": { "patch_id": null, "area_ha": null, "lon_centro": null, "lat_centro": null }, "geometry": { "type": "Polygon", "coordinates": [ [ [ -60.52996146155543, -11.495155023606371 ], [ -60.530070022007003, -11.49484278209974 ], [ -60.530220550695326, -11.494572651216641 ], [ -60.530447616460719, -11.49402132313377 ], [ -60.530462201349565, -11.493562142418895 ], [ -60.530433453431918, -11.49321742049645 ], [ -60.529906938859142, -11.492910234190125 ], [ -60.52941053698882, -11.492791199576748 ], [ -60.528925901685838, -11.492536560565794 ], [ -60.528714605406734, -11.492493013702495 ], [ -60.528088660366201, -11.492665162491489 ], [ -60.527737235950283, -11.492912710165772 ], [ -60.527509893532297, -11.493495349090143 ], [ -60.527356722450556, -11.494068178418454 ], [ -60.527468765024722, -11.49457018751475 ], [ -60.527856970048006, -11.494959714389335 ], [ -60.528417328128185, -11.495027101280433 ], [ -60.528968377799735, -11.494948266060261 ], [ -60.529390701116277, -11.495066673900476 ], [ -60.529557665083743, -11.495339496733303 ], [ -60.529662040457254, -11.495507401497347 ], [ -60.529714046200915, -11.495612229788037 ], [ -60.53006301682219, -11.495646505015145 ], [ -60.52996146155543, -11.495155023606371 ] ] ] } },
{ "type": "Feature", "properties": { "patch_id": 1136.0, "area_ha": 0.733, "lon_centro": -60.583733, "lat_centro": -11.491917 }, "geometry": { "type": "Polygon", "coordinates": [ [ [ -60.585747541578868, -11.490093419839878 ], [ -60.58496099155758, -11.489655419303418 ], [ -60.584883319068567, -11.488833564174165 ], [ -60.584567655441596, -11.487787035726805 ], [ -60.583553707153207, -11.487124447407233 ], [ -60.581925376531416, -11.486108790925842 ], [ -60.581360464763051, -11.486159780242792 ], [ -60.581036491301639, -11.48774383612434 ], [ -60.580259057677047, -11.489546827297911 ], [ -60.581536619271986, -11.49197930320654 ], [ -60.581896149830406, -11.492845252977919 ], [ -60.582086821348696, -11.493654126202204 ], [ -60.581741262398786, -11.494458549085866 ], [ -60.580906436301348, -11.494716075721183 ], [ -60.580014926038736, -11.495000966390084 ], [ -60.579087500613682, -11.49453394140385 ], [ -60.577829614776384, -11.493103771886792 ], [ -60.577242296320264, -11.492472544635339 ], [ -60.576345793942693, -11.493341970947942 ], [ -60.575704717450094, -11.494046493888623 ], [ -60.57480320291053, -11.495500458806784 ], [ -60.574828383903643, -11.497504966718278 ], [ -60.575538062168889, -11.498680049210204 ], [ -60.577397923388048, -11.499029575988709 ], [ -60.57879853345986, -11.498623660189901 ], [ -60.580791111403286, -11.49830616718668 ], [ -60.58076054191293, -11.496927952692353 ], [ -60.581391280607875, -11.497434267331155 ], [ -60.582143680331761, -11.4985679372792 ], [ -60.583283154619679, -11.498994959170961 ], [ -60.584303105407656, -11.498544099778609 ], [ -60.585072604379612, -11.497673594656742 ], [ -60.585789802478523, -11.497971835774065 ], [ -60.586118874527699, -11.499101989554168 ], [ -60.585564962884483, -11.499514963106813 ], [ -60.58471506114283, -11.4998837240535 ], [ -60.585345814181949, -11.500390032777748 ], [ -60.586143419236976, -11.501190019418313 ], [ -60.586986565697771, -11.50161457318819 ], [ -60.587665708136377, -11.501411417718435 ], [ -60.588139217772941, -11.500496695378915 ], [ -60.586881257830129, -11.499066550970257 ], [ -60.586487908284333, -11.497198165900553 ], [ -60.58629888304484, -11.496194442614234 ], [ -60.586445687796719, -11.49552755422175 ], [ -60.58667905631426, -11.494638681036349 ], [ -60.587413323375117, -11.494589086954097 ], [ -60.587952873630321, -11.494203826217097 ], [ -60.587703606921835, -11.493645007980884 ], [ -60.587228796645455, -11.493056484454257 ], [ -60.586667424553085, -11.492689945278334 ], [ -60.586447094881827, -11.492047853200315 ], [ -60.585977030222438, -11.490902613967982 ], [ -60.585747541578868, -11.490093419839878 ] ] ] } },
{ "type": "Feature", "properties": { "patch_id": 1134.0, "area_ha": 1.2837, "lon_centro": -60.577284, "lat_centro": -11.4843 }, "geometry": { "type": "Polygon", "coordinates": [ [ [ -60.579779505203938, -11.490343176078639 ], [ -60.579909000101594, -11.490051956788008 ], [ -60.579746795113479, -11.48921548243899 ], [ -60.580004714109712, -11.488758303800624 ], [ -60.580431608151194, -11.488344283799346 ], [ -60.580671920711708, -11.487469394020222 ], [ -60.580998499498428, -11.486407315655935 ], [ -60.580967384136152, -11.485091730410742 ], [ -60.580425251906618, -11.484126834816141 ], [ -60.579733713184957, -11.483306846262415 ], [ -60.579508900751698, -11.482365461771952 ], [ -60.579224687718664, -11.480943386003153 ], [ -60.57754437866933, -11.481889830582402 ], [ -60.576819028862289, -11.482551905694974 ], [ -60.576136186260072, -11.483193453492868 ], [ -60.576545774987999, -11.484804474921791 ], [ -60.576604992890218, -11.485306042612006 ], [ -60.576853815630265, -11.485913576964153 ], [ -60.577417816180102, -11.486795146531934 ], [ -60.577644405074075, -11.487527764924089 ], [ -60.577808208619651, -11.488176348984915 ], [ -60.577927182953154, -11.489116854810518 ], [ -60.578368292930719, -11.489517205156769 ], [ -60.578829679411612, -11.49002211436799 ], [ -60.579251407952952, -11.490213521084739 ], [ -60.579779505203938, -11.490343176078639 ] ] ] } },
{ "type": "Feature", "properties": { "patch_id": 1132.0, "area_ha": 0.3868, "lon_centro": -60.575094, "lat_centro": -11.478297 }, "geometry": { "type": "Polygon", "coordinates": [ [ [ -60.574872597764809, -11.477483219380838 ], [ -60.574843792412665, -11.477138490798424 ], [ -60.575227983547279, -11.476765877561281 ], [ -60.574702589613189, -11.476323070052347 ], [ -60.575498615923337, -11.476058269781753 ], [ -60.575543888890643, -11.475714156624274 ], [ -60.575440646631769, -11.475410565752195 ], [ -60.575668410827021, -11.474765235669306 ], [ -60.575977448800799, -11.474517265113036 ], [ -60.576330420997479, -11.474081755608596 ], [ -60.57649557645572, -11.4733315134966 ], [ -60.576277171496102, -11.47288081946626 ], [ -60.576014208953765, -11.472690732253209 ], [ -60.575955613833884, -11.472116096443125 ], [ -60.575695346159229, -11.470370609376136 ], [ -60.575525154555933, -11.469231336865722 ], [ -60.575162964173643, -11.468267934219661 ], [ -60.575077790135403, -11.467087611675522 ], [ -60.575378285166423, -11.466599470456687 ], [ -60.575550988602799, -11.466204219480227 ], [ -60.575850323941424, -11.465851775807513 ], [ -60.575661800241946, -11.465620551108721 ], [ -60.574983280634655, -11.465761064627845 ], [ -60.574788521098149, -11.466260522714917 ], [ -60.574427650171224, -11.466382794314276 ], [ -60.573329398738565, -11.466102254352482 ], [ -60.571928778309875, -11.466529052243217 ], [ -60.571012446275525, -11.467252164655036 ], [ -60.570325352095999, -11.468394742426403 ], [ -60.569127434022583, -11.469867113376301 ], [ -60.568929980229179, -11.470679713234841 ], [ -60.568835848239083, -11.471785465983629 ], [ -60.569453389005382, -11.471352169646417 ], [ -60.570594340251368, -11.471591326598702 ], [ -60.571712701032503, -11.471997316245131 ], [ -60.57274640487865, -11.472402598203445 ], [ -60.573526842644497, -11.472722259118544 ], [ -60.574159303797146, -11.473019810251614 ], [ -60.574910850285569, -11.473005177770494 ], [ -60.574786952000821, -11.473881029869773 ], [ -60.574415904305994, -11.475193268179087 ], [ -60.574677797333948, -11.475508616941022 ], [ -60.574694325558369, -11.476051585683505 ], [ -60.573744999572959, -11.47567832638085 ], [ -60.572964375522034, -11.475379541030021 ], [ -60.572277926724993, -11.475206805985243 ], [ -60.571602508210205, -11.474981966059138 ], [ -60.570924501072469, -11.475059835332914 ], [ -60.570203537736369, -11.475210418503838 ], [ -60.569581660799798, -11.474912946819588 ], [ -60.569267576409153, -11.474513647730756 ], [ -60.568920314870986, -11.474281096477855 ], [ -60.568591805709879, -11.474330554747533 ], [ -60.568238465563425, -11.474807805497065 ], [ -60.567719020691214, -11.474907866534707 ], [ -60.567115003758104, -11.474996782478392 ], [ -60.567032578748986, -11.474735120012092 ], [ -60.566748010087323, -11.474597040224184 ], [ -60.566207937238104, -11.474634292508398 ], [ -60.565708405016338, -11.474880661966477 ], [ -60.565884014238229, -11.475383198934308 ], [ -60.56579335605398, -11.476081855742709 ], [ -60.566211741743558, -11.476659491022136 ], [ -60.566814241147384, -11.476748028184447 ], [ -60.567482384421218, -11.476586575165642 ], [ -60.568021298776408, -11.476685018769661 ], [ -60.568466846717726, -11.47656346395345 ], [ -60.568932397730357, -11.476577782345059 ], [ -60.569088725246765, -11.476860938483414 ], [ -60.569370973566109, -11.477270411970377 ], [ -60.570151864691915, -11.477537892338075 ], [ -60.570670599905, -11.477521334113071 ], [ -60.571338119540904, -11.477432940258778 ], [ -60.571883424089066, -11.47802206551493 ], [ -60.572483609260104, -11.478381987810536 ], [ -60.573192927101346, -11.47835657210587 ], [ -60.57386294754702, -11.477975899886909 ], [ -60.574362660025315, -11.477708639528851 ], [ -60.574622681532681, -11.478243193495157 ], [ -60.574367711945513, -11.478355903319065 ], [ -60.574017585769376, -11.478457382523098 ], [ -60.573634283032561, -11.478725610207125 ], [ -60.573040125759995, -11.478898131627679 ], [ -60.572606317946359, -11.478884083168101 ], [ -60.572317455714085, -11.479247045995223 ], [ -60.572144825743926, -11.479631853910911 ], [ -60.571655780406012, -11.479888759128198 ], [ -60.571285200855876, -11.479906551898372 ], [ -60.570955612634265, -11.480081271074697 ], [ -60.57055283749682, -11.480150989905191 ], [ -60.570540646014145, -11.480338790945769 ], [ -60.570760563391282, -11.480612037461865 ], [ -60.570747835779073, -11.480862468265157 ], [ -60.571031251239866, -11.481136243552612 ], [ -60.571188208114926, -11.481346331374301 ], [ -60.571133595711657, -11.48154421826222 ], [ -60.571195038222932, -11.481784827777641 ], [ -60.57189360249167, -11.481780205452516 ], [ -60.572667140821203, -11.481671814981826 ], [ -60.573371151080181, -11.481030452201024 ], [ -60.57372395831046, -11.480615825108476 ], [ -60.574018584696987, -11.480816617859546 ], [ -60.574513841402386, -11.481071274193924 ], [ -60.575286664602011, -11.481046382761193 ], [ -60.575809510038702, -11.480549653523695 ], [ -60.576360714638191, -11.480449843426547 ], [ -60.57663863457848, -11.480128541236756 ], [ -60.577084722033334, -11.479944343584108 ], [ -60.577713926278967, -11.479385858783944 ], [ -60.578555943833884, -11.478693430497886 ], [ -60.578929728842922, -11.478299847306063 ], [ -60.578351589210811, -11.477835728850218 ], [ -60.577569972313519, -11.477651775482439 ], [ -60.577384024788948, -11.477117838236747 ], [ -60.57680366261539, -11.476914676159378 ], [ -60.576093722947832, -11.477013169786142 ], [ -60.575517793263195, -11.47753033800462 ], [ -60.575146770166569, -11.477600327991695 ], [ -60.574872597764809, -11.477483219380838 ] ] ] } },
{ "type": "Feature", "properties": { "patch_id": null, "area_ha": null, "lon_centro": null, "lat_centro": null }, "geometry": { "type": "Polygon", "coordinates": [ [ [ -60.584252961388572, -11.441316130454688 ], [ -60.584020913561979, -11.441072266963257 ], [ -60.583865873121205, -11.440950013038337 ], [ -60.58361069090973, -11.440804936928949 ], [ -60.583421928038668, -11.440715397235637 ], [ -60.583142397902002, -11.44081206734438 ], [ -60.583019307529511, -11.440866038815543 ], [ -60.582939407490265, -11.441085331216705 ], [ -60.582881802550865, -11.441304807730386 ], [ -60.58284677279898, -11.441491477846336 ], [ -60.582845185899821, -11.441678424203754 ], [ -60.582764258491665, -11.442018681752593 ], [ -60.58268482455388, -11.442182989749044 ], [ -60.58260511042058, -11.442380288229678 ], [ -60.582637059622058, -11.442556514002302 ], [ -60.582725587495482, -11.442634228688297 ], [ -60.58284699832312, -11.442778200700578 ], [ -60.582857305794768, -11.442877264387578 ], [ -60.582856558932519, -11.442965239136726 ], [ -60.58288878836057, -11.443108474389081 ], [ -60.583032028075941, -11.443307614792843 ], [ -60.583120649624725, -11.44337433257934 ], [ -60.583207777628616, -11.443616999883989 ], [ -60.583374153344522, -11.443717352761926 ], [ -60.583551583582413, -11.443828794492303 ], [ -60.583817355905452, -11.444039944339835 ], [ -60.583884522339417, -11.444007506179437 ], [ -60.583865026656724, -11.443677416515866 ], [ -60.584079446343694, -11.443371253731403 ], [ -60.584213965433456, -11.443284383483929 ], [ -60.584368260695122, -11.443494612338995 ], [ -60.584535010089269, -11.443550977198118 ], [ -60.584626337676276, -11.443298785742742 ], [ -60.584641403584236, -11.442837009734125 ], [ -60.58455474081503, -11.442539358357131 ], [ -60.584434541846846, -11.442252427757454 ], [ -60.584381042478654, -11.441988043046823 ], [ -60.584349465310282, -11.441767829826103 ], [ -60.5845080511668, -11.441472203016149 ], [ -60.584252961388572, -11.441316130454688 ] ] ] } },
{ "type": "Feature", "properties": { "patch_id": null, "area_ha": null, "lon_centro": null, "lat_centro": null }, "geometry": { "type": "Polygon", "coordinates": [ [ [ -60.583830705857828, -11.439838962676333 ], [ -60.583608314144364, -11.439771140819568 ], [ -60.583039321425993, -11.439821430420077 ], [ -60.582906110568203, -11.439754344555713 ], [ -60.58262779479557, -11.439708055359214 ], [ -60.582181892377179, -11.439704371911255 ], [ -60.581803062184783, -11.43967924677262 ], [ -60.581078004351951, -11.439728242957372 ], [ -60.580621048285309, -11.439713468161278 ], [ -60.580208589149123, -11.43971005816732 ], [ -60.579931115379331, -11.43956479510001 ], [ -60.579898326881001, -11.439487540806038 ], [ -60.58017794951008, -11.439379876926658 ], [ -60.580390032853245, -11.439348637570861 ], [ -60.580504310675593, -11.439019654333023 ], [ -60.580372689126172, -11.438765621458442 ], [ -60.580251000787172, -11.438654639460481 ], [ -60.580027303323547, -11.43874077076882 ], [ -60.579903466111197, -11.438882715578016 ], [ -60.579666938820964, -11.439166697146419 ], [ -60.579698138588711, -11.439430897397255 ], [ -60.579718844986871, -11.439618027720591 ], [ -60.579506294165064, -11.439704250626956 ], [ -60.579394071087286, -11.439791303182703 ], [ -60.579337024841912, -11.439944797611021 ], [ -60.579257029106756, -11.440175085311417 ], [ -60.579288882720647, -11.440362307819719 ], [ -60.579454881049827, -11.440506649553335 ], [ -60.579610386223742, -11.440573921293495 ], [ -60.579777039060382, -11.440641285159426 ], [ -60.579987347806131, -11.440818985912653 ], [ -60.579906417602814, -11.441159242044874 ], [ -60.579950073433594, -11.441269579025008 ], [ -60.58018286481343, -11.441425470487189 ], [ -60.580895751480227, -11.441497350396169 ], [ -60.581086008311885, -11.441410942376377 ], [ -60.581332283331044, -11.441292004416352 ], [ -60.581579025138296, -11.441118082033437 ], [ -60.58180421850895, -11.440856000449632 ], [ -60.582063040964819, -11.440572201246836 ], [ -60.582399335851264, -11.440355027403827 ], [ -60.582824530906386, -11.440171580205986 ], [ -60.583482798281082, -11.44011103072468 ], [ -60.583851228418681, -11.440048086967147 ], [ -60.584164200404153, -11.439951692040534 ], [ -60.583830705857828, -11.439838962676333 ] ] ] } },
{ "type": "Feature", "properties": { "patch_id": null, "area_ha": null, "lon_centro": null, "lat_centro": null }, "geometry": { "type": "Polygon", "coordinates": [ [ [ -60.587863769659393, -11.437518733169144 ], [ -60.587541050409584, -11.437450087704898 ], [ -60.587073600070759, -11.43735825361647 ], [ -60.586751160847534, -11.437256616716004 ], [ -60.58647442993, -11.437023384624089 ], [ -60.586342616699369, -11.436791347266107 ], [ -60.5862220443002, -11.436548404929207 ], [ -60.586010801511073, -11.436480677206539 ], [ -60.585652684760205, -11.436642688509794 ], [ -60.585638834517667, -11.436961505827442 ], [ -60.585812161609965, -11.437556807921476 ], [ -60.586040854056584, -11.438196557212741 ], [ -60.586115811379543, -11.438560097582126 ], [ -60.586248184075778, -11.438726153898997 ], [ -60.586760319448139, -11.438807360478465 ], [ -60.587162004343895, -11.438766681554645 ], [ -60.587807166167941, -11.43893696421169 ], [ -60.588453260133377, -11.438997276678304 ], [ -60.588985458426251, -11.439342588793618 ], [ -60.58916056203342, -11.439728949477331 ], [ -60.589224562050532, -11.440070404275478 ], [ -60.589302874724886, -11.440038056376578 ], [ -60.589518030419129, -11.439643912592599 ], [ -60.589666858203699, -11.439183236279717 ], [ -60.58962533891107, -11.43881997129888 ], [ -60.58951684114264, -11.438467152400829 ], [ -60.589374156362027, -11.438202033288439 ], [ -60.588386679106705, -11.437644015990934 ], [ -60.587863769659393, -11.437518733169144 ] ] ] } },
{ "type": "Feature", "properties": { "patch_id": null, "area_ha": null, "lon_centro": null, "lat_centro": null }, "geometry": { "type": "Polygon", "coordinates": [ [ [ -60.584906603478466, -11.437857271635474 ], [ -60.584865929355367, -11.437395035440408 ], [ -60.584957812927044, -11.437076862135125 ], [ -60.584949835151825, -11.436702876749925 ], [ -60.584850813173524, -11.436548092938809 ], [ -60.584695494647661, -11.436458830437211 ], [ -60.584483693069878, -11.436457082868992 ], [ -60.584249689879194, -11.436444154308514 ], [ -60.583992272735763, -11.436563003858939 ], [ -60.583822356199221, -11.436880532627473 ], [ -60.583607569497332, -11.437230683697672 ], [ -60.583316522408708, -11.43737125008515 ], [ -60.582970950678131, -11.437368396859577 ], [ -60.5827704827961, -11.437344746266961 ], [ -60.582659288045384, -11.437310835171717 ], [ -60.582435032099859, -11.437462949757863 ], [ -60.582299955752994, -11.437615800724322 ], [ -60.582120195983826, -11.437779280115794 ], [ -60.581973318372299, -11.438009016661798 ], [ -60.581693043980962, -11.438193660542646 ], [ -60.58147956088758, -11.438389853587649 ], [ -60.581422142614628, -11.438587336062335 ], [ -60.581420088301037, -11.438829266434302 ], [ -60.581574192709922, -11.439061489586443 ], [ -60.581875269374194, -11.439052979636459 ], [ -60.582277980741495, -11.438891342376108 ], [ -60.5825681898298, -11.43884974905423 ], [ -60.582856439082271, -11.439039089206432 ], [ -60.583324635766722, -11.43904295550881 ], [ -60.583815594153016, -11.438992020847472 ], [ -60.583894466524548, -11.43889369332922 ], [ -60.584769569871128, -11.438241058090522 ], [ -60.584906603478466, -11.437857271635474 ] ] ] } },
{ "type": "Feature", "properties": { "patch_id": null, "area_ha": null, "lon_centro": null, "lat_centro": null }, "geometry": { "type": "Polygon", "coordinates": [ [ [ -60.589743436687421, -11.427493341083911 ], [ -60.589812178741553, -11.427273953099837 ], [ -60.589858533448094, -11.427065378583874 ], [ -60.589413206245197, -11.426995728694292 ], [ -60.588954500526938, -11.427189912159488 ], [ -60.588819154083929, -11.427375758641688 ], [ -60.588492910941049, -11.427724998709243 ], [ -60.588032435981972, -11.428128121400334 ], [ -60.58776322948858, -11.428323862654297 ], [ -60.587472379730876, -11.428442441730432 ], [ -60.587193421504679, -11.428473137165478 ], [ -60.586969826758185, -11.42854827899767 ], [ -60.586601877374463, -11.428556245459012 ], [ -60.586245168329746, -11.42855330642343 ], [ -60.586123573839146, -11.428431330338302 ], [ -60.586035141547548, -11.428342620439144 ], [ -60.585902493213119, -11.428209555560304 ], [ -60.585735844865702, -11.428142196314765 ], [ -60.585323400904691, -11.42813879691851 ], [ -60.585132409318412, -11.428313184810543 ], [ -60.58513017374635, -11.428577109762777 ], [ -60.585182928706956, -11.428929469171413 ], [ -60.585293282566063, -11.429062350587451 ], [ -60.585595373768285, -11.42893286899722 ], [ -60.585863557640707, -11.428858095829399 ], [ -60.586041912291023, -11.428859565672221 ], [ -60.586095320218057, -11.429134946987299 ], [ -60.586138139713213, -11.42934425516348 ], [ -60.586648582901894, -11.429623402481251 ], [ -60.586938037810178, -11.429669777849471 ], [ -60.587127819562888, -11.429638348303396 ], [ -60.587218207223685, -11.429496123344094 ], [ -60.587373151186057, -11.429629371497098 ], [ -60.587391908816961, -11.430047436965415 ], [ -60.587378527753188, -11.430311270505753 ], [ -60.587252557150236, -11.430706148428143 ], [ -60.587172292249846, -11.430969430913455 ], [ -60.587114135499185, -11.431254890796971 ], [ -60.587125375863515, -11.431243985749605 ], [ -60.587629609136741, -11.430940205139228 ], [ -60.588031282819323, -11.430899522729691 ], [ -60.588365421604237, -11.430935267300141 ], [ -60.588733281457323, -11.430938296134862 ], [ -60.589113590905193, -11.430787459619863 ], [ -60.589370908118916, -11.430679600935152 ], [ -60.589617728866735, -11.43049467188913 ], [ -60.589697247515431, -11.430319363510861 ], [ -60.589455727799248, -11.429877468975443 ], [ -60.589091217353001, -11.42947855276981 ], [ -60.589182348089984, -11.42924835175109 ], [ -60.589451833847193, -11.429019618458979 ], [ -60.589664188551183, -11.428955379859683 ], [ -60.590110169589678, -11.428948051599356 ], [ -60.590387176582681, -11.429148288637077 ], [ -60.590350760385633, -11.429499914813286 ], [ -60.59024876204613, -11.429697033917547 ], [ -60.590146391673322, -11.429938140606135 ], [ -60.59011118351345, -11.430146806796042 ], [ -60.590188377551215, -11.430246421021764 ], [ -60.590514436632112, -11.429919173113545 ], [ -60.590771009172684, -11.429899288267634 ], [ -60.591114529356673, -11.430144062710237 ], [ -60.591335801900833, -11.430343840804589 ], [ -60.591525119635023, -11.430367393017772 ], [ -60.592549925893692, -11.430463799877192 ], [ -60.593071712493767, -11.430721035403934 ], [ -60.593349373584246, -11.430844291819046 ], [ -60.593600840837361, -11.431429236310187 ], [ -60.593900797560828, -11.431552675572558 ], [ -60.594004001363963, -11.431212594582023 ], [ -60.593985327041821, -11.430783530646453 ], [ -60.594077661447663, -11.430410367131952 ], [ -60.594068741825325, -11.430146348900431 ], [ -60.593703480820103, -11.429835412606653 ], [ -60.593404454279131, -11.429602004117706 ], [ -60.593057682290947, -11.429742124872616 ], [ -60.592610027447648, -11.429947402179517 ], [ -60.592164044111449, -11.429954733946525 ], [ -60.591796370402996, -11.429929715822809 ], [ -60.591462789026458, -11.429827993779568 ], [ -60.59110756397726, -11.429649109607515 ], [ -60.590897532232077, -11.429438426236274 ], [ -60.590712304588799, -11.428931009365481 ], [ -60.590713326898175, -11.428810043266401 ], [ -60.590737015331122, -11.428645272857072 ], [ -60.590794609942115, -11.428425792879299 ], [ -60.590795167522494, -11.428359811364567 ], [ -60.590650532917287, -11.428325628773063 ], [ -60.590171482973311, -11.428288695300941 ], [ -60.590093731596845, -11.428255062648514 ], [ -60.589960802135295, -11.428154989970823 ], [ -60.58975253862949, -11.427735364841233 ], [ -60.589743436687421, -11.427493341083911 ] ] ] } },
{ "type": "Feature", "properties": { "patch_id": 1127.0, "area_ha": 0.4374, "lon_centro": -60.604326, "lat_centro": -11.415875 }, "geometry": { "type": "Polygon", "coordinates": [ [ [ -60.604713650905026, -11.415834259172133 ], [ -60.604452452115105, -11.415573060228676 ], [ -60.604147822320549, -11.415573059700892 ], [ -60.604118709763775, -11.415697200649619 ], [ -60.603756006999546, -11.415790734879227 ], [ -60.603756006999561, -11.41592121533956 ], [ -60.604053790427024, -11.415990147016918 ], [ -60.604017217213645, -11.416182425553552 ], [ -60.604286427840023, -11.415944175227276 ], [ -60.604800721511225, -11.416313030660534 ], [ -60.604713650905026, -11.415834259172133 ] ], [ [ -60.604406603018475, -11.415882799271104 ], [ -60.604317366695419, -11.41591894311154 ], [ -60.604237030677879, -11.415741413034352 ], [ -60.604406603018475, -11.415882799271104 ] ] ] } },
{ "type": "Feature", "properties": { "patch_id": null, "area_ha": null, "lon_centro": null, "lat_centro": null }, "geometry": { "type": "Polygon", "coordinates": [ [ [ -60.604613763989441, -11.416557943688193 ], [ -60.604564780046914, -11.41641732166495 ], [ -60.604590552659509, -11.416335048748596 ], [ -60.604691843215697, -11.416220399323986 ], [ -60.604810822938468, -11.415990417479195 ], [ -60.604881164440435, -11.41557857465248 ], [ -60.604718738142509, -11.415008112083591 ], [ -60.604547398504707, -11.414503563497776 ], [ -60.604393956058082, -11.413858939227465 ], [ -60.604238714431027, -11.413428757257655 ], [ -60.603997519435644, -11.4132783168518 ], [ -60.603779327955493, -11.413375514493467 ], [ -60.603411348178334, -11.413389004654537 ], [ -60.603002053085021, -11.413344418338857 ], [ -60.602061042263877, -11.412899564929621 ], [ -60.601789111144164, -11.412427186804541 ], [ -60.601534039335093, -11.411938449776823 ], [ -60.601427299698884, -11.411706623776269 ], [ -60.601155647642514, -11.411201254421151 ], [ -60.600324504728171, -11.410617074142811 ], [ -60.600149708711818, -11.410524912767611 ], [ -60.60001615787759, -11.410499075301415 ], [ -60.599763696347814, -11.410694969610379 ], [ -60.5994936825794, -11.410989699841664 ], [ -60.598652140299606, -11.411642677690439 ], [ -60.598365404583951, -11.411937269578207 ], [ -60.597984627005019, -11.412478540307392 ], [ -60.597966935591067, -11.412593871775579 ], [ -60.597964645640751, -11.412866047253623 ], [ -60.598287701343871, -11.413223370050263 ], [ -60.598562540444057, -11.413349345097927 ], [ -60.599062683741884, -11.413526654228061 ], [ -60.599469341836915, -11.413884660488156 ], [ -60.599866115298859, -11.414424048519308 ], [ -60.600000222623478, -11.414383904390323 ], [ -60.600524229822192, -11.413711829481487 ], [ -60.600625659214181, -11.413580686071072 ], [ -60.600776694065452, -11.413515934987192 ], [ -60.601110817535179, -11.413551661254699 ], [ -60.601602049269154, -11.413794880166583 ], [ -60.601951646298495, -11.413979202062345 ], [ -60.602090441385819, -11.414376256825204 ], [ -60.601726593676538, -11.414892926526862 ], [ -60.601775645311392, -11.41502530093973 ], [ -60.602374868312715, -11.415351885584162 ], [ -60.602832248368053, -11.415644316455127 ], [ -60.603177644004425, -11.415333702841206 ], [ -60.603278242040659, -11.415301531666698 ], [ -60.603486828661715, -11.415352726352216 ], [ -60.603593293887478, -11.415617543259591 ], [ -60.603632047456109, -11.415980786919642 ], [ -60.603705072484168, -11.416245330567884 ], [ -60.603920773640489, -11.416445053378757 ], [ -60.604154164689305, -11.416529443824915 ], [ -60.6047122165429, -11.416781453272783 ], [ -60.604613763989441, -11.416557943688193 ] ] ] } },
{ "type": "Feature", "properties": { "patch_id": null, "area_ha": null, "lon_centro": null, "lat_centro": null }, "geometry": { "type": "Polygon", "coordinates": [ [ [ -60.588935462625173, -11.397323724129551 ], [ -60.588858090123459, -11.397246105118075 ], [ -60.588445689815394, -11.397242719164945 ], [ -60.588233545660444, -11.397284967893949 ], [ -60.588198901784075, -11.397427653282449 ], [ -60.588074811826189, -11.397602597138533 ], [ -60.587884588179037, -11.3976890162965 ], [ -60.58788403146356, -11.397754997806716 ], [ -60.58793836953231, -11.397920409309449 ], [ -60.588059769101825, -11.398064376230012 ], [ -60.588180148219131, -11.398329309248012 ], [ -60.588525302971171, -11.398376134438287 ], [ -60.588815377200334, -11.398345523195452 ], [ -60.588847609385709, -11.398488757771831 ], [ -60.588911981055517, -11.398786223855788 ], [ -60.589021957196763, -11.398963089808849 ], [ -60.589246454335701, -11.398777972174807 ], [ -60.589428314531681, -11.398361552799486 ], [ -60.589408711733114, -11.398042458833787 ], [ -60.589167487646598, -11.397567578019428 ], [ -60.588935462625173, -11.397323724129551 ] ] ] } },
{ "type": "Feature", "properties": { "patch_id": null, "area_ha": null, "lon_centro": null, "lat_centro": null }, "geometry": { "type": "Polygon", "coordinates": [ [ [ -60.599651813773058, -11.387513509389006 ], [ -60.599653381985846, -11.387326560022492 ], [ -60.599492461844029, -11.387242762581705 ], [ -60.599140220461273, -11.387377357890401 ], [ -60.598810869962847, -11.387440654214048 ], [ -60.598593575832851, -11.387433380159436 ], [ -60.598249214371656, -11.387293094536624 ], [ -60.598156368604911, -11.387066881731338 ], [ -60.598074760884124, -11.38682976298708 ], [ -60.597925633413567, -11.386669076849994 ], [ -60.597758033728205, -11.386717197176461 ], [ -60.597783543747255, -11.386997848559421 ], [ -60.597719334703896, -11.38734375327725 ], [ -60.597570425035386, -11.387820938768197 ], [ -60.597657005110598, -11.388129583691686 ], [ -60.597796233710014, -11.388141719399744 ], [ -60.598226080733497, -11.388057250115596 ], [ -60.598553955236177, -11.388169906815124 ], [ -60.598802564349882, -11.388430385503357 ], [ -60.599034501492334, -11.388685228984682 ], [ -60.599256262210936, -11.388824512636836 ], [ -60.59969145252942, -11.388767579404508 ], [ -60.599821334914097, -11.388565181277155 ], [ -60.599588336046907, -11.388436804027185 ], [ -60.59929928600409, -11.388346461012194 ], [ -60.598989098314831, -11.388118472956068 ], [ -60.59894566908288, -11.387980646067772 ], [ -60.599035803406032, -11.387865905774618 ], [ -60.599449069884578, -11.387764802444927 ], [ -60.599651813773058, -11.387513509389006 ] ] ] } },
{ "type": "Feature", "properties": { "patch_id": 1119.0, "area_ha": 0.5628, "lon_centro": -60.596086, "lat_centro": -11.352824 }, "geometry": { "type": "Polygon", "coordinates": [ [ [ -60.597044213550674, -11.353185467625172 ], [ -60.597181878242154, -11.353169190982014 ], [ -60.597322661298094, -11.353201656410498 ], [ -60.59748815644101, -11.353230843424337 ], [ -60.597432961575322, -11.353084243385844 ], [ -60.597320358452571, -11.353055487474498 ], [ -60.597222209392584, -11.352985092153494 ], [ -60.597095472709654, -11.352959700729217 ], [ -60.596962237269601, -11.352868140741432 ], [ -60.596814431328461, -11.352832138161943 ], [ -60.596449171205215, -11.352655172013696 ], [ -60.595963120171497, -11.352447258508443 ], [ -60.595851683234542, -11.352417155720458 ], [ -60.595761344578953, -11.352677401134827 ], [ -60.595658363500391, -11.352534317309225 ], [ -60.595565659766891, -11.352463539629085 ], [ -60.595484350147125, -11.352534329276653 ], [ -60.59534438804625, -11.352778393054095 ], [ -60.595205645045233, -11.352923411209915 ], [ -60.595182622623582, -11.353145928086716 ], [ -60.595205643843165, -11.353344462262282 ], [ -60.595296798419163, -11.353407841600403 ], [ -60.595459379235322, -11.35336393097502 ], [ -60.595633004748258, -11.353264434149118 ], [ -60.595789084571294, -11.353187228412844 ], [ -60.596015691555642, -11.353044850529603 ], [ -60.596097105556055, -11.35282927448058 ], [ -60.596224445814563, -11.353013088797978 ], [ -60.596882419445869, -11.35313543195851 ], [ -60.597044213550674, -11.353185467625172 ] ] ] } },
{ "type": "Feature", "properties": { "patch_id": 1115.0, "area_ha": 0.2675, "lon_centro": -60.617532, "lat_centro": -11.347648 }, "geometry": { "type": "Polygon", "coordinates": [ [ [ -60.617338822685127, -11.347353659336191 ], [ -60.615905166122126, -11.347447296750259 ], [ -60.615118554438624, -11.347051198222641 ], [ -60.614808835556353, -11.346979097419474 ], [ -60.61404754523295, -11.346931181985582 ], [ -60.613482560300113, -11.347024045351827 ], [ -60.613303945443199, -11.346451911992576 ], [ -60.612980239353277, -11.346365777074043 ], [ -60.612878385550388, -11.346740771558739 ], [ -60.612480570797807, -11.347085531787535 ], [ -60.612534905639293, -11.347336517445569 ], [ -60.611981131010197, -11.347777448577725 ], [ -60.61154875617131, -11.347189340650408 ], [ -60.611168864297717, -11.347074910262661 ], [ -60.610928048103304, -11.347198232391923 ], [ -60.610812434232159, -11.34753135651218 ], [ -60.610484675018952, -11.347932357642517 ], [ -60.610084886914642, -11.34851372392861 ], [ -60.609979900313419, -11.349264509116306 ], [ -60.610323128930006, -11.350394745147831 ], [ -60.6111206013586, -11.351180682389966 ], [ -60.612086523080087, -11.35206541717765 ], [ -60.612828165111317, -11.352781303242924 ], [ -60.613374775301068, -11.353203305595919 ], [ -60.613909943634553, -11.353305072563021 ], [ -60.614544308191093, -11.353351964490573 ], [ -60.614928026599721, -11.35300708874108 ], [ -60.614863516838213, -11.352282766868669 ], [ -60.614614837414969, -11.351654389544136 ], [ -60.613673645791671, -11.351187438539073 ], [ -60.613718388991074, -11.350895497072257 ], [ -60.613197908230212, -11.350724253452842 ], [ -60.61294587761796, -11.35049950568102 ], [ -60.613035480504436, -11.349901704891519 ], [ -60.613150515005017, -11.349638171013698 ], [ -60.61288438071977, -11.349413309204323 ], [ -60.612520672737347, -11.349048465138758 ], [ -60.612609465405676, -11.348548092433807 ], [ -60.6128382605825, -11.348174125862926 ], [ -60.613262319131337, -11.348066204478883 ], [ -60.613103005597139, -11.348566006846049 ], [ -60.613115374687112, -11.348774895201425 ], [ -60.613396769992491, -11.348860688061336 ], [ -60.613692732661711, -11.348890921685038 ], [ -60.613985225841112, -11.349338703661306 ], [ -60.614207428504926, -11.349758078333833 ], [ -60.614626401634609, -11.350262560279504 ], [ -60.615128731912009, -11.350920827731271 ], [ -60.615605513883168, -11.351258745666776 ], [ -60.615971309283772, -11.351373057724512 ], [ -60.61612796260637, -11.351193374281159 ], [ -60.616215941707615, -11.350790427582913 ], [ -60.616246577668839, -11.350498371156123 ], [ -60.616378372005052, -11.349914828349771 ], [ -60.616564273043416, -11.349610107659934 ], [ -60.616737108808792, -11.34918000792833 ], [ -60.616726354351371, -11.348776262770247 ], [ -60.616673055320973, -11.34840001226976 ], [ -60.616747043062183, -11.347983032711593 ], [ -60.617774162155108, -11.348006559695026 ], [ -60.617904766727335, -11.347701825188246 ], [ -60.617338822685127, -11.347353659336191 ] ] ] } },
{ "type": "Feature", "properties": { "patch_id": null, "area_ha": null, "lon_centro": null, "lat_centro": null }, "geometry": { "type": "Polygon", "coordinates": [ [ [ -60.626860071206963, -11.334577473520971 ], [ -60.626862310132388, -11.334306207281159 ], [ -60.626754200103832, -11.333902077958019 ], [ -60.626697005422372, -11.333630334007479 ], [ -60.626646574363434, -11.333439296491674 ], [ -60.626649357847086, -11.333102046597599 ], [ -60.626591195114372, -11.332947606974473 ], [ -60.626248605708767, -11.333047501142055 ], [ -60.626164766467248, -11.33330344725972 ], [ -60.626028075304667, -11.333661616422924 ], [ -60.625894289301144, -11.333667872720428 ], [ -60.625701856744215, -11.33357834134994 ], [ -60.62565752375842, -11.333548656848109 ], [ -60.625381493470385, -11.333685745027413 ], [ -60.625186457465581, -11.333911468342489 ], [ -60.625029112151438, -11.334071506673936 ], [ -60.624805933407842, -11.334106371339255 ], [ -60.624590183841889, -11.334141295596115 ], [ -60.624440630743806, -11.334257404248076 ], [ -60.625017686143323, -11.334555326589008 ], [ -60.62571445805947, -11.334751562816264 ], [ -60.626144687023377, -11.334835674457574 ], [ -60.626501168786959, -11.334853204597218 ], [ -60.626790848139521, -11.33486286532518 ], [ -60.626860071206963, -11.334577473520971 ] ] ] } },
{ "type": "Feature", "properties": { "patch_id": null, "area_ha": null, "lon_centro": null, "lat_centro": null }, "geometry": { "type": "Polygon", "coordinates": [ [ [ -60.62352434173841, -11.332754304301545 ], [ -60.623518427255718, -11.332570956935049 ], [ -60.623355773606775, -11.332474331979352 ], [ -60.62323026580335, -11.332378005939347 ], [ -60.623074011381384, -11.33240607617871 ], [ -60.622909358176784, -11.332551390522253 ], [ -60.622854929984321, -11.332844231859418 ], [ -60.622831672827992, -11.332961356421851 ], [ -60.622927524637461, -11.333050111924361 ], [ -60.623314507583494, -11.332972575139037 ], [ -60.62352434173841, -11.332754304301545 ] ] ] } },
{ "type": "Feature", "properties": { "patch_id": 1146.0, "area_ha": 0.3753, "lon_centro": -60.46836, "lat_centro": -11.493039 }, "geometry": { "type": "Polygon", "coordinates": [ [ [ -60.468623129392682, -11.4929783423723 ], [ -60.468536059856405, -11.49280421297129 ], [ -60.468197105939609, -11.492692987582798 ], [ -60.468013765794275, -11.491977047293565 ], [ -60.468274976008637, -11.493631254015181 ], [ -60.468448989798212, -11.493457113605992 ], [ -60.468346371562809, -11.493149161422526 ], [ -60.468666664963294, -11.493413578836806 ], [ -60.468623129392682, -11.4929783423723 ] ] ] } },
{ "type": "Feature", "properties": { "patch_id": 1145.0, "area_ha": 0.4175, "lon_centro": -60.467734, "lat_centro": -11.491397 }, "geometry": { "type": "Polygon", "coordinates": [ [ [ -60.467883033786769, -11.49097573073151 ], [ -60.467491345366007, -11.490975741473225 ], [ -60.467534880401793, -11.491759247481498 ], [ -60.467854270949331, -11.491765270351893 ], [ -60.468013639428605, -11.491976922659754 ], [ -60.467883033786769, -11.49097573073151 ] ] ] } },
{ "type": "Feature", "properties": { "patch_id": 1144.0, "area_ha": 0.3904, "lon_centro": -60.466485, "lat_centro": -11.487964 }, "geometry": { "type": "Polygon", "coordinates": [ [ [ -60.466707714723164, -11.487623543726665 ], [ -60.466733896565898, -11.48800177495966 ], [ -60.46618998422543, -11.48805855028418 ], [ -60.46609809786024, -11.487580008690903 ], [ -60.465881938645396, -11.487543964718411 ], [ -60.465843151387809, -11.487550791275744 ], [ -60.466098224223835, -11.488145839521037 ], [ -60.46640796021093, -11.488148073511189 ], [ -60.466751238868184, -11.488363514171608 ], [ -60.466925263537739, -11.4883635146993 ], [ -60.466816529077136, -11.488094412395993 ], [ -60.467012333074173, -11.487710499905909 ], [ -60.466707714723164, -11.487623543726665 ] ] ] } },
{ "type": "Feature", "properties": { "patch_id": null, "area_ha": null, "lon_centro": null, "lat_centro": null }, "geometry": { "type": "Polygon", "coordinates": [ [ [ -60.471878252666912, -10.998341775014493 ], [ -60.472473837249964, -10.998112127916555 ], [ -60.473014810333019, -10.997324842083277 ], [ -60.473107345824282, -10.99691505579276 ], [ -60.473287419260778, -10.99668195003801 ], [ -60.473704175806006, -10.996538788594522 ], [ -60.474535440754266, -10.996516374174226 ], [ -60.476018898675761, -10.996587352769946 ], [ -60.477088845731181, -10.996420286560385 ], [ -60.477357953642169, -10.99618791696396 ], [ -60.476915260940494, -10.995890985882806 ], [ -60.476381535988736, -10.995827902256323 ], [ -60.475370949493076, -10.995995459597133 ], [ -60.474183536732845, -10.996014916083112 ], [ -60.473678493186839, -10.996069367972133 ], [ -60.472786622560768, -10.996237903299704 ], [ -60.470558944813433, -10.996424642814953 ], [ -60.46966582245097, -10.996739784703218 ], [ -60.469279244400887, -10.996824540807086 ], [ -60.468833308172513, -10.996908801828956 ], [ -60.468298084421427, -10.997021643411623 ], [ -60.468000543081033, -10.997107139692096 ], [ -60.467820966626171, -10.997281594865859 ], [ -60.468827051124535, -10.997641883138767 ], [ -60.470005959739204, -10.998619440577155 ], [ -60.471878252666912, -10.998341775014493 ] ] ] } },
{ "type": "Feature", "properties": { "patch_id": null, "area_ha": null, "lon_centro": null, "lat_centro": null }, "geometry": { "type": "Polygon", "coordinates": [ [ [ -60.463605259783378, -10.983507553013892 ], [ -60.46341160409753, -10.983593913764356 ], [ -60.463084023423143, -10.983723145186836 ], [ -60.462770654904531, -10.983925807829083 ], [ -60.462458288411227, -10.984011177520296 ], [ -60.462237586125845, -10.983789396918095 ], [ -60.462073356973036, -10.983905327434059 ], [ -60.461639397280408, -10.984326921449329 ], [ -60.461159791532587, -10.984880096892473 ], [ -60.461097803255974, -10.985187493924357 ], [ -60.46121488408491, -10.985379085131859 ], [ -60.461599440680139, -10.985528921319595 ], [ -60.462207834223491, -10.985533999092832 ], [ -60.462432547714847, -10.985286609912052 ], [ -60.462852045281885, -10.984820906344929 ], [ -60.463284751875101, -10.984545926139885 ], [ -60.463510465724951, -10.984181243156774 ], [ -60.464077847113217, -10.983775420941651 ], [ -60.463605259783378, -10.983507553013892 ] ] ] } },
{ "type": "Feature", "properties": { "patch_id": 1114.0, "area_ha": 0.8424, "lon_centro": -60.628447, "lat_centro": -11.332266 }, "geometry": { "type": "Polygon", "coordinates": [ [ [ -60.628875607139832, -11.331768116567183 ], [ -60.6283968262847, -11.331811651602884 ], [ -60.628048556818534, -11.332029327597681 ], [ -60.628048556885609, -11.332769297210341 ], [ -60.628266105754179, -11.332986972388685 ], [ -60.628412865576365, -11.332654634478262 ], [ -60.628962666391736, -11.332290410477492 ], [ -60.628875607139832, -11.331768116567183 ] ] ] } },
{ "type": "Feature", "properties": { "patch_id": null, "area_ha": null, "lon_centro": null, "lat_centro": null }, "geometry": { "type": "Polygon", "coordinates": [ [ [ -60.626020797638809, -11.331843221180433 ], [ -60.626110613074793, -11.331763291157234 ], [ -60.626281846482243, -11.331720675574527 ], [ -60.626194693677824, -11.331478018878366 ], [ -60.626180864110836, -11.331353263640208 ], [ -60.626212335454923, -11.33114088848078 ], [ -60.626199292487513, -11.330920823506245 ], [ -60.626111776800478, -11.330722155943635 ], [ -60.625978960386192, -11.330611108281529 ], [ -60.625801085278511, -11.330558354381672 ], [ -60.625562930055267, -11.330607763780113 ], [ -60.625273618439039, -11.330554113634339 ], [ -60.625221554145554, -11.33056102699476 ], [ -60.625197571890894, -11.330766130147184 ], [ -60.625373752091029, -11.331024166800272 ], [ -60.62551357380336, -11.331186595056892 ], [ -60.62569784940986, -11.331364044684914 ], [ -60.625658887974396, -11.331583691489111 ], [ -60.625553548401498, -11.331744148551797 ], [ -60.625522802807708, -11.331868545352561 ], [ -60.625648008749486, -11.332001528103744 ], [ -60.625729426748279, -11.332038842737456 ], [ -60.625788738896063, -11.33205398361612 ], [ -60.626020797638809, -11.331843221180433 ] ] ] } },
{ "type": "Feature", "properties": { "patch_id": 1113.0, "area_ha": 0.3954, "lon_centro": -60.625805, "lat_centro": -11.330945 }, "geometry": { "type": "Polygon", "coordinates": [ [ [ -60.626045829821642, -11.330636205639737 ], [ -60.625436454744907, -11.330723275183239 ], [ -60.625566750695057, -11.330901699235188 ], [ -60.625436454744971, -11.330984485397261 ], [ -60.625479989780658, -11.33120203592639 ], [ -60.625741073685866, -11.331245570962054 ], [ -60.625750665723807, -11.331061210764149 ], [ -60.626045934358373, -11.331245570434239 ], [ -60.626176423507765, -11.331158511633669 ], [ -60.626045829821642, -11.330636205639737 ] ] ] } },
{ "type": "Feature", "properties": { "patch_id": null, "area_ha": null, "lon_centro": null, "lat_centro": null }, "geometry": { "type": "Polygon", "coordinates": [ [ [ -60.624473557048553, -11.331170899141124 ], [ -60.624616163553611, -11.330996078292213 ], [ -60.624446141632724, -11.33089206277079 ], [ -60.624170961670316, -11.330926509133462 ], [ -60.624291462520972, -11.330729514633836 ], [ -60.624403746896817, -11.330627769906465 ], [ -60.624516394492481, -11.330482036063177 ], [ -60.624279692657502, -11.330355488196545 ], [ -60.624019129183083, -11.330419380064463 ], [ -60.623862330761028, -11.330513434508566 ], [ -60.623787010094219, -11.33063747238544 ], [ -60.623770031935493, -11.33089395552452 ], [ -60.623856940188709, -11.331165938520346 ], [ -60.62395967590615, -11.331320736969474 ], [ -60.624145827903661, -11.331270910673739 ], [ -60.624473557048553, -11.331170899141124 ] ] ] } },
{ "type": "Feature", "properties": { "patch_id": null, "area_ha": null, "lon_centro": null, "lat_centro": null }, "geometry": { "type": "Polygon", "coordinates": [ [ [ -60.575462190682963, -11.015013294859147 ], [ -60.575216911707763, -11.014757162587873 ], [ -60.575099219577929, -11.014629135955877 ], [ -60.574952564897949, -11.01441289525992 ], [ -60.574746624174693, -11.014186404748061 ], [ -60.574549697368653, -11.014067520379651 ], [ -60.574283590210683, -11.013938306940423 ], [ -60.574054658222494, -11.014102665458038 ], [ -60.57381519085056, -11.014345146110244 ], [ -60.574138101564571, -11.014787640771685 ], [ -60.574569211130878, -11.015309207078053 ], [ -60.574905221099328, -11.01536077272554 ], [ -60.575142286988715, -11.015411547084383 ], [ -60.575349669706476, -11.015462084008457 ], [ -60.575456987474006, -11.015648682730415 ], [ -60.575285899935558, -11.015999245275385 ], [ -60.575244560776213, -11.016213983203386 ], [ -60.575242158851033, -11.01650723907697 ], [ -60.575598199513827, -11.016529636871653 ], [ -60.575778381165975, -11.016276905226166 ], [ -60.575811026158739, -11.015915460065285 ], [ -60.575821640980799, -11.015827562339865 ], [ -60.576263770039851, -11.016212353389339 ], [ -60.576540494927734, -11.016253667898514 ], [ -60.576819700274456, -11.015991950742629 ], [ -60.576732010346596, -11.015825060806488 ], [ -60.576199230544319, -11.015635062951045 ], [ -60.575884289200722, -11.015427253555901 ], [ -60.575519235845903, -11.015297250106576 ], [ -60.575462190682963, -11.015013294859147 ] ] ] } },
{ "type": "Feature", "properties": { "patch_id": null, "area_ha": null, "lon_centro": null, "lat_centro": null }, "geometry": { "type": "Polygon", "coordinates": [ [ [ -60.586511528430286, -11.00572630474068 ], [ -60.586473464349162, -11.005540259712943 ], [ -60.586645725334805, -11.00504305726543 ], [ -60.587002711259032, -11.004948135484927 ], [ -60.587261153309434, -11.004803550538034 ], [ -60.587174732114256, -11.00448025832857 ], [ -60.586870003271542, -11.004233438562235 ], [ -60.586575009891213, -11.004006247807743 ], [ -60.586276912270385, -11.004160292926235 ], [ -60.586205185334499, -11.004462776119256 ], [ -60.58626200256225, -11.004776057124305 ], [ -60.586189001408592, -11.005234944785911 ], [ -60.58597819799423, -11.005604753441881 ], [ -60.585976685007537, -11.005790483771232 ], [ -60.586152789691965, -11.00603628190275 ], [ -60.586511528430286, -11.00572630474068 ] ] ] } },
{ "type": "Feature", "properties": { "patch_id": null, "area_ha": null, "lon_centro": null, "lat_centro": null }, "geometry": { "type": "Polygon", "coordinates": [ [ [ -60.586787402843434, -11.003440932549081 ], [ -60.586788437473928, -11.003313853807084 ], [ -60.586701221034055, -11.003088314509313 ], [ -60.586594136920908, -11.002872393231229 ], [ -60.586428484362465, -11.002558247267119 ], [ -60.586202273712942, -11.002390258697883 ], [ -60.58593608903756, -11.002270831824152 ], [ -60.585787120745529, -11.002338078990599 ], [ -60.58580452050203, -11.002631494742076 ], [ -60.586010863235998, -11.002809101575249 ], [ -60.5861680541746, -11.002947213944973 ], [ -60.58640455724305, -11.003066404835634 ], [ -60.586628301113997, -11.003537427268064 ], [ -60.586787402843434, -11.003440932549081 ] ] ] } },
{ "type": "Feature", "properties": { "patch_id": null, "area_ha": null, "lon_centro": null, "lat_centro": null }, "geometry": { "type": "Polygon", "coordinates": [ [ [ -60.583542399817496, -10.998527176248936 ], [ -60.583456222234588, -10.998174558302848 ], [ -60.583229618238121, -10.998055444865384 ], [ -60.583023598956707, -10.997838736086676 ], [ -60.58294731593223, -10.997486196866571 ], [ -60.582960476204399, -10.997085489756012 ], [ -60.582944273399882, -10.99664544544474 ], [ -60.58275692746318, -10.996565747816049 ], [ -60.582597749381783, -10.99667201622618 ], [ -60.582623447142467, -10.997161015477731 ], [ -60.582708906545783, -10.997601610767873 ], [ -60.582746410466754, -10.99785608247549 ], [ -60.582862268879488, -10.998208936600372 ], [ -60.582859400423445, -10.998560846054342 ], [ -60.58299656082653, -10.998728127652132 ], [ -60.583323060493875, -10.998730725295985 ], [ -60.583542399817496, -10.998527176248936 ] ] ] } },
{ "type": "Feature", "properties": { "patch_id": null, "area_ha": null, "lon_centro": null, "lat_centro": null }, "geometry": { "type": "Polygon", "coordinates": [ [ [ -60.584519683739451, -10.995162260164898 ], [ -60.584679895146799, -10.994928911806177 ], [ -60.584672468713876, -10.994625799546681 ], [ -60.584446025633227, -10.994487136909754 ], [ -60.584219264367974, -10.994387575247719 ], [ -60.583962423858793, -10.994336653838449 ], [ -60.583843061461572, -10.994413912081678 ], [ -60.583998257181385, -10.994796406318894 ], [ -60.584153930888455, -10.99512024890849 ], [ -60.584330905092983, -10.995258518566271 ], [ -60.584519683739451, -10.995162260164898 ] ] ] } },
{ "type": "Feature", "properties": { "patch_id": 1051.0, "area_ha": 0.3231, "lon_centro": -60.745455, "lat_centro": -11.120324 }, "geometry": { "type": "Polygon", "coordinates": [ [ [ -60.745698041201564, -11.120261618656585 ], [ -60.745506083079377, -11.119926632479759 ], [ -60.745244872722765, -11.120144310525383 ], [ -60.745157802794161, -11.120710138460749 ], [ -60.745938998701313, -11.120317866113469 ], [ -60.745698041201564, -11.120261618656585 ] ] ] } },
{ "type": "Feature", "properties": { "patch_id": 1050.0, "area_ha": 1.9968, "lon_centro": -60.746882, "lat_centro": -11.118693 }, "geometry": { "type": "Polygon", "coordinates": [ [ [ -60.749598261083896, -11.119926633007744 ], [ -60.748872061143672, -11.119604767826864 ], [ -60.748640490299366, -11.119099467329988 ], [ -60.748470971145444, -11.11935827989247 ], [ -60.74772547547547, -11.119403026445726 ], [ -60.747524712638203, -11.119344733171314 ], [ -60.747508568492997, -11.119099466802155 ], [ -60.747317477661952, -11.118991982675755 ], [ -60.747377963386093, -11.118751186516775 ], [ -60.746816769404695, -11.118924982798301 ], [ -60.745963662165714, -11.11861068686564 ], [ -60.745070605961679, -11.116922704274563 ], [ -60.744374172151119, -11.116182619412204 ], [ -60.744504777792685, -11.116791995994571 ], [ -60.744931443137197, -11.116990036559859 ], [ -60.745027198220889, -11.117401486493915 ], [ -60.745557765684609, -11.118113020821951 ], [ -60.74541901354209, -11.118228652171611 ], [ -60.745784244005584, -11.118597335795885 ], [ -60.745767282414178, -11.118838131399137 ], [ -60.747135950330687, -11.11915207772857 ], [ -60.747464115392617, -11.119577568006754 ], [ -60.747291019541848, -11.11983943774729 ], [ -60.747595649443191, -11.119882972255125 ], [ -60.747624724195603, -11.119584692457469 ], [ -60.748379379357459, -11.119448653780667 ], [ -60.748988875054003, -11.119882972255088 ], [ -60.749399772078313, -11.119979243422007 ], [ -60.749424236289784, -11.120144182996874 ], [ -60.749859575767509, -11.120448927718705 ], [ -60.749946529955665, -11.120361868919264 ], [ -60.749598261083896, -11.119926633007744 ] ] ] } },
{ "type": "Feature", "properties": { "patch_id": 1049.0, "area_ha": 1.2992, "lon_centro": -60.742101, "lat_centro": -11.113735 }, "geometry": { "type": "Polygon", "coordinates": [ [ [ -60.743503345212552, -11.114876568342092 ], [ -60.742384895126797, -11.114293026436997 ], [ -60.7418097211592, -11.113493447282037 ], [ -60.741892548893233, -11.113004561808291 ], [ -60.741660423512052, -11.11299809691762 ], [ -60.741370128465313, -11.112656281522913 ], [ -60.741039791890636, -11.112599452416402 ], [ -60.740808125651505, -11.112274965987686 ], [ -60.74076063743172, -11.111872640136815 ], [ -60.74015127369006, -11.111524370595474 ], [ -60.740534404710992, -11.111852902508796 ], [ -60.740630159617012, -11.112264352285099 ], [ -60.741880991623837, -11.113764253949972 ], [ -60.742066815794566, -11.114223428890174 ], [ -60.74311164523759, -11.114963513224687 ], [ -60.743351526553404, -11.11497324348549 ], [ -60.743547006473172, -11.115311794037831 ], [ -60.744197598032336, -11.115790222582062 ], [ -60.743503345212552, -11.114876568342092 ] ], [ [ -60.741553040993544, -11.113183803037545 ], [ -60.741504686233405, -11.113081007416625 ], [ -60.741599988854745, -11.113042871084964 ], [ -60.741553040993544, -11.113183803037545 ] ] ] } },
{ "type": "Feature", "properties": { "patch_id": null, "area_ha": null, "lon_centro": null, "lat_centro": null }, "geometry": { "type": "Polygon", "coordinates": [ [ [ -60.729531781090458, -11.108782295632139 ], [ -60.728965515386726, -11.109041996131866 ], [ -60.727959030069762, -11.108623773939774 ], [ -60.727426546904709, -11.108355780295067 ], [ -60.726625666538375, -11.108232410191206 ], [ -60.725971903283046, -11.108286131607075 ], [ -60.725876908159634, -11.109048001828047 ], [ -60.726464920466583, -11.109815033137119 ], [ -60.726786806513964, -11.110433401779394 ], [ -60.727317475333912, -11.110936026089416 ], [ -60.727791251416406, -11.111115586383567 ], [ -60.728265028207673, -11.111295146043171 ], [ -60.728649490006191, -11.111503361166234 ], [ -60.728791615460466, -11.112325684133454 ], [ -60.728757832988236, -11.112853375523114 ], [ -60.728842608906078, -11.113411292355043 ], [ -60.729495476704471, -11.113474881484397 ], [ -60.73018076413554, -11.113186749278734 ], [ -60.730603999631612, -11.112222039496842 ], [ -60.73030998510567, -11.111838526479959 ], [ -60.73049360644481, -11.111135982264718 ], [ -60.731089345276821, -11.110905832077746 ], [ -60.731244174486449, -11.110085748165911 ], [ -60.730893489146801, -11.109349843813929 ], [ -60.730537589928616, -11.109288499161332 ], [ -60.730181464145474, -11.109256482795312 ], [ -60.729974725948473, -11.109108271413728 ], [ -60.729771844019368, -11.108461472514106 ], [ -60.729531781090458, -11.108782295632139 ] ] ] } },
{ "type": "Feature", "properties": { "patch_id": null, "area_ha": null, "lon_centro": null, "lat_centro": null }, "geometry": { "type": "Polygon", "coordinates": [ [ [ -60.746428907484443, -11.115997554381421 ], [ -60.745430835040722, -11.115765205681043 ], [ -60.744858646903232, -11.115506716871744 ], [ -60.744377204441527, -11.115033816293975 ], [ -60.743768956706901, -11.114315542109097 ], [ -60.743190784574551, -11.113548608480039 ], [ -60.742582693002831, -11.112810780382265 ], [ -60.741866995839302, -11.11190593719509 ], [ -60.741229665716794, -11.111109226924279 ], [ -60.740888324304748, -11.110441837521281 ], [ -60.739562603650675, -11.109053344596324 ], [ -60.739073540139387, -11.10828707610821 ], [ -60.737957893464667, -11.106616628760092 ], [ -60.739238921378309, -11.104807758135987 ], [ -60.738983063472205, -11.104610299498253 ], [ -60.7374436160488, -11.106554102350175 ], [ -60.736986018076315, -11.106843967509974 ], [ -60.736651272933209, -11.106606806382377 ], [ -60.736453903203227, -11.106527107484318 ], [ -60.735859683864824, -11.106561745604843 ], [ -60.735484742470177, -11.10640249569791 ], [ -60.735069151289714, -11.106379815132463 ], [ -60.734374890341954, -11.106550573082792 ], [ -60.734334390564058, -11.106667590123644 ], [ -60.734728525168727, -11.106905200473017 ], [ -60.734944635760343, -11.107121917085589 ], [ -60.73506055339498, -11.107494308884432 ], [ -60.735076730295539, -11.107963718373902 ], [ -60.735331078966482, -11.108356705591715 ], [ -60.7357229543139, -11.108887603142561 ], [ -60.736212159462703, -11.10963432299986 ], [ -60.736644537576005, -11.11004820260383 ], [ -60.737215047445062, -11.110521781650974 ], [ -60.73756838874435, -11.110915512328589 ], [ -60.737882587897907, -11.111250287410099 ], [ -60.738215379816857, -11.11174163159609 ], [ -60.738431345649332, -11.111977899403016 ], [ -60.738786196899355, -11.112176103623982 ], [ -60.739300484682147, -11.112238629703008 ], [ -60.739616795884416, -11.112299667539455 ], [ -60.739913309578363, -11.112360556340867 ], [ -60.740169776296433, -11.112479805204012 ], [ -60.740148021033022, -11.112733840077079 ], [ -60.740265753404685, -11.112871600455113 ], [ -60.740640254497542, -11.113089504233976 ], [ -60.740797432251291, -11.113247114446779 ], [ -60.741031994917734, -11.113639950425599 ], [ -60.741207465698167, -11.113993235152629 ], [ -60.741521070309972, -11.114406218225229 ], [ -60.74193667503274, -11.114428892185042 ], [ -60.74217379809528, -11.114489333387725 ], [ -60.742292133979419, -11.114548882841163 ], [ -60.742387361860622, -11.115038441106213 ], [ -60.742619219621652, -11.115783223535091 ], [ -60.743330893903163, -11.115925440487572 ], [ -60.744240699677043, -11.116049588244474 ], [ -60.744458477829127, -11.116051221581372 ], [ -60.744924633125429, -11.115937394592621 ], [ -60.745713999519914, -11.116275726510752 ], [ -60.746099009850695, -11.116415488646632 ], [ -60.746791792015742, -11.116440233639212 ], [ -60.74729671806147, -11.116434239283985 ], [ -60.747713979089738, -11.116241826408956 ], [ -60.746428907484443, -11.115997554381421 ] ] ] } },
{ "type": "Feature", "properties": { "patch_id": 1048.0, "area_ha": 2.4734, "lon_centro": -60.737989, "lat_centro": -11.108961 }, "geometry": { "type": "Polygon", "coordinates": [ [ [ -60.739285012151029, -11.110622093427187 ], [ -60.739498185043516, -11.110045448145499 ], [ -60.739236911718287, -11.109652364061668 ], [ -60.739062897797858, -11.109608829025973 ], [ -60.738962367117665, -11.109939522721042 ], [ -60.738671675484497, -11.110043075188422 ], [ -60.738199113939494, -11.109495136735225 ], [ -60.737843790042753, -11.108520442390224 ], [ -60.737149841059228, -11.107612998297794 ], [ -60.73727783457943, -11.106909646070449 ], [ -60.737103821192093, -11.106866121778779 ], [ -60.736873601756315, -11.107036021232394 ], [ -60.736668470835326, -11.106648446600385 ], [ -60.736710805430022, -11.107085230729577 ], [ -60.736556876251115, -11.1071752207533 ], [ -60.735884724850969, -11.106822587270837 ], [ -60.73558008406517, -11.106822587270837 ], [ -60.735536559907921, -11.106909532154042 ], [ -60.735860492899917, -11.106961643971694 ], [ -60.73627665551443, -11.10734488251069 ], [ -60.736784006087603, -11.107360712613591 ], [ -60.737277961869488, -11.108259129003638 ], [ -60.737620142038764, -11.108548691180204 ], [ -60.737800381763343, -11.109347494151404 ], [ -60.738664982854786, -11.110290092552296 ], [ -60.738671082477026, -11.11065354522148 ], [ -60.739212690304385, -11.110749192081315 ], [ -60.73967237741897, -11.111306570228608 ], [ -60.740064192740057, -11.111567780442597 ], [ -60.739285012151029, -11.110622093427187 ] ] ] } },
{ "type": "Feature", "properties": { "patch_id": null, "area_ha": null, "lon_centro": null, "lat_centro": null }, "geometry": { "type": "Polygon", "coordinates": [ [ [ -60.713290460093766, -11.10836602190027 ], [ -60.713025713075083, -11.108041379408572 ], [ -60.71272944301851, -11.107951137705429 ], [ -60.712549898556269, -11.108125753455869 ], [ -60.712517231967439, -11.108506795889866 ], [ -60.712722130310567, -11.108889644032644 ], [ -60.712927943190451, -11.109155178831475 ], [ -60.713192919336116, -11.109450493234664 ], [ -60.713549267886343, -11.109453201068444 ], [ -60.713462693877389, -11.109129912451644 ], [ -60.713290460093766, -11.10836602190027 ] ] ] } },
{ "type": "Feature", "properties": { "patch_id": 1046.0, "area_ha": 2.9466, "lon_centro": -60.738241, "lat_centro": -11.101854 }, "geometry": { "type": "Polygon", "coordinates": [ [ [ -60.737277961333589, -11.101250102177497 ], [ -60.737314499306414, -11.10144244349315 ], [ -60.73710382104052, -11.101511315415296 ], [ -60.737234098833213, -11.101647228054278 ], [ -60.737183848370016, -11.102137715437147 ], [ -60.736276655513521, -11.103121984050768 ], [ -60.736837447498893, -11.10277593822018 ], [ -60.736973100743363, -11.102904308344565 ], [ -60.737248075116938, -11.10259573130808 ], [ -60.737408555562595, -11.102817238273227 ], [ -60.737795225291698, -11.102686938832049 ], [ -60.737930986868953, -11.10286077383668 ], [ -60.738235605899426, -11.102860773836701 ], [ -60.737848355844072, -11.102481041462585 ], [ -60.737903468724902, -11.102267227136023 ], [ -60.738061465756893, -11.10225128333734 ], [ -60.737942543650348, -11.102096864810072 ], [ -60.739406014478639, -11.101426352127447 ], [ -60.740755607873041, -11.101337352719707 ], [ -60.741239534239007, -11.101554722238635 ], [ -60.742110224074146, -11.101293512552425 ], [ -60.737277961333589, -11.101250102177497 ] ] ] } },
{ "type": "Feature", "properties": { "patch_id": 1045.0, "area_ha": 0.2597, "lon_centro": -60.734282, "lat_centro": -11.101625 }, "geometry": { "type": "Polygon", "coordinates": [ [ [ -60.734362031950205, -11.101729646677642 ], [ -60.734535127867986, -11.101598257802438 ], [ -60.734448057796691, -11.101293637213015 ], [ -60.73419472599381, -11.101477962153329 ], [ -60.734056242475674, -11.101250102177371 ], [ -60.733838693515587, -11.101250102177362 ], [ -60.734311479479267, -11.101844295906178 ], [ -60.734665848315331, -11.102730168201992 ], [ -60.734362031950205, -11.101729646677642 ] ] ] } },
{ "type": "Feature", "properties": { "patch_id": null, "area_ha": null, "lon_centro": null, "lat_centro": null }, "geometry": { "type": "Polygon", "coordinates": [ [ [ -60.751293553407876, -11.102561358013102 ], [ -60.751692939862515, -11.102114601457711 ], [ -60.752904905938273, -11.101556585669838 ], [ -60.753462516200294, -11.10113056053904 ], [ -60.753524748647358, -11.100759500793938 ], [ -60.753626724529397, -11.10036918355642 ], [ -60.753292716226085, -11.100034275783608 ], [ -60.752919563278766, -11.099640414052198 ], [ -60.752922853332493, -11.099210253040768 ], [ -60.753262392697408, -11.098821708185746 ], [ -60.75376045624747, -11.0984147910972 ], [ -60.754119939943095, -11.098006839698229 ], [ -60.754361238870587, -11.097519791002052 ], [ -60.754145714540989, -11.097224875621427 ], [ -60.753809616013591, -11.09716370797849 ], [ -60.753216158522477, -11.097100620607787 ], [ -60.752900006898699, -11.097020046889298 ], [ -60.752347938522149, -11.096722620011878 ], [ -60.752092524209587, -11.096466513781667 ], [ -60.751719825492216, -11.096013993389464 ], [ -60.751285792827126, -11.09581521530338 ], [ -60.750632949344038, -11.095751680178832 ], [ -60.749880074938595, -11.095824273600824 ], [ -60.749205189441788, -11.096053878500063 ], [ -60.748568548478495, -11.096459752040715 ], [ -60.748189263944525, -11.096867547732357 ], [ -60.74798769997274, -11.097335332899583 ], [ -60.748043044512428, -11.097863700057852 ], [ -60.747642911128423, -11.098408215445861 ], [ -60.747222229657858, -11.099050345407969 ], [ -60.746585429494729, -11.099475765562469 ], [ -60.746266578792039, -11.099747133044135 ], [ -60.745829095819474, -11.099998058354862 ], [ -60.745077111997887, -11.099953321380895 ], [ -60.744841800112823, -11.099658252629681 ], [ -60.744726020496493, -11.099266309934569 ], [ -60.744330082798832, -11.099263344890367 ], [ -60.744032078634582, -11.099397989339881 ], [ -60.743953791947945, -11.099280080269596 ], [ -60.743798570081452, -11.098868288246269 ], [ -60.743406387418311, -11.098376505943822 ], [ -60.74299305754257, -11.098060548808046 ], [ -60.741965278037583, -11.097837754620768 ], [ -60.741786806732506, -11.097875524202232 ], [ -60.741469607842888, -11.09793180727411 ], [ -60.741567389344773, -11.098088970409297 ], [ -60.741745109422801, -11.098148964109422 ], [ -60.742040408218863, -11.098366269173848 ], [ -60.742136537365475, -11.098738511122392 ], [ -60.742092886654085, -11.099266135259255 ], [ -60.74197004805275, -11.099793165643543 ], [ -60.741968394939711, -11.100008244515248 ], [ -60.741886652374987, -11.100340045379323 ], [ -60.741488609488997, -11.100610812965504 ], [ -60.741115023702122, -11.100275597396585 ], [ -60.740483778623208, -11.099977555994647 ], [ -60.740070902007339, -11.099602937251555 ], [ -60.739875189798546, -11.099308162738241 ], [ -60.739481209075386, -11.099051007614435 ], [ -60.73908542356866, -11.099028483149061 ], [ -60.738669239477275, -11.099084019866327 ], [ -60.738312897260215, -11.099081344230909 ], [ -60.73793525294014, -11.099274045202403 ], [ -60.737496410873824, -11.099700930230101 ], [ -60.737098968519241, -11.099893481160077 ], [ -60.736682632709417, -11.099968567365385 ], [ -60.736443413651394, -11.100181859993997 ], [ -60.736182137253891, -11.100688291728146 ], [ -60.736318153898573, -11.101021726728474 ], [ -60.736631589739311, -11.101454263713123 ], [ -60.736704901700669, -11.102217408386515 ], [ -60.736323484861899, -11.102898919919602 ], [ -60.736203949219849, -11.102995789573468 ], [ -60.736299317379874, -11.10346579484451 ], [ -60.736574969249446, -11.103663404062903 ], [ -60.737266209798285, -11.103883690533278 ], [ -60.737958807134724, -11.103928002530402 ], [ -60.739206627645437, -11.103859160585523 ], [ -60.739445096153645, -11.103743628929331 ], [ -60.739905696336535, -11.103062706701525 ], [ -60.739868660077867, -11.102730015416869 ], [ -60.739792330690392, -11.102357921746508 ], [ -60.7399147236817, -11.101889551092992 ], [ -60.740212581250333, -11.101774464205773 ], [ -60.740370957217522, -11.101775652715094 ], [ -60.740902919741522, -11.102112057650006 ], [ -60.741220123298838, -11.102055776095833 ], [ -60.741497883087142, -11.101979644595396 ], [ -60.741857085625384, -11.101610817359459 ], [ -60.742255280094554, -11.101320496874509 ], [ -60.742493445090609, -11.101244067404691 ], [ -60.743622024187502, -11.101232972132539 ], [ -60.74415594279963, -11.101315187386612 ], [ -60.744830993008357, -11.1010660443585 ], [ -60.745265926982398, -11.101147516348133 ], [ -60.745560781455744, -11.101423477031275 ], [ -60.745893430042756, -11.1019343660245 ], [ -60.746362259096955, -11.102759134996496 ], [ -60.746276918820655, -11.103560202105857 ], [ -60.746291914408431, -11.104186035997197 ], [ -60.746524679922118, -11.104813500090083 ], [ -60.746839336128936, -11.105089608606072 ], [ -60.747233032262862, -11.10538586222226 ], [ -60.747546939828901, -11.105759733700504 ], [ -60.747781058661822, -11.106211223274421 ], [ -60.748229800650016, -11.107074948748181 ], [ -60.748272394782305, -11.106684190951652 ], [ -60.748772877791723, -11.105964442933287 ], [ -60.748893610922636, -11.105711146040699 ], [ -60.749291057307303, -11.105518579622126 ], [ -60.749651605726825, -11.104973767594693 ], [ -60.749673950320023, -11.104641519302589 ], [ -60.750053994395543, -11.104135959848477 ], [ -60.750115183840329, -11.103901770948793 ], [ -60.750038091944589, -11.103627440951511 ], [ -60.749702437580957, -11.103507609308132 ], [ -60.749389277821194, -11.103035976358038 ], [ -60.751293553407876, -11.102561358013102 ] ] ] } },
{ "type": "Feature", "properties": { "patch_id": 1052.0, "area_ha": 0.4099, "lon_centro": -60.750391, "lat_centro": -11.120208 }, "geometry": { "type": "Polygon", "coordinates": [ [ [ -60.750635491822862, -11.120196493999334 ], [ -60.750643090526431, -11.119926621735912 ], [ -60.750251401967446, -11.119665422265953 ], [ -60.75020786746633, -11.120231263812201 ], [ -60.750337271528672, -11.120363416843828 ], [ -60.750033715910213, -11.120536123507145 ], [ -60.749990192288088, -11.120710149204591 ], [ -60.750120681511767, -11.120753672968384 ], [ -60.75050745126255, -11.120320557615312 ], [ -60.750643091060766, -11.120535998317852 ], [ -60.750773695633356, -11.120318333883558 ], [ -60.750635491822862, -11.120196493999334 ] ] ] } },
{ "type": "Feature", "properties": { "patch_id": null, "area_ha": null, "lon_centro": null, "lat_centro": null }, "geometry": { "type": "Polygon", "coordinates": [ [ [ -60.75063345104131, -11.117651998685208 ], [ -60.750753814692033, -11.117447583652677 ], [ -60.751451548214064, -11.116827078356803 ], [ -60.751393427781508, -11.116660436059734 ], [ -60.751175872987275, -11.116629478562771 ], [ -60.750899598484011, -11.116510089481485 ], [ -60.75061372505705, -11.116351520710113 ], [ -60.750316678313794, -11.11635907576715 ], [ -60.750108348199731, -11.116416178820966 ], [ -60.750196989836766, -11.116475503451129 ], [ -60.750284281862591, -11.116710802500867 ], [ -60.750172992549714, -11.117022831330653 ], [ -60.750002008427025, -11.117373521103914 ], [ -60.750049629018939, -11.117618300315835 ], [ -60.750166693390391, -11.117844045269738 ], [ -60.750274158764178, -11.118030610722345 ], [ -60.75063345104131, -11.117651998685208 ] ] ] } },
{ "type": "Feature", "properties": { "patch_id": 1047.0, "area_ha": 1.1587, "lon_centro": -60.748163, "lat_centro": -11.102976 }, "geometry": { "type": "Polygon", "coordinates": [ [ [ -60.748814630444933, -11.102730293918517 ], [ -60.74810663197735, -11.102769319521801 ], [ -60.747900383817573, -11.102512618212343 ], [ -60.747334554424526, -11.102643226321034 ], [ -60.747334554573875, -11.102947843907652 ], [ -60.747537160013422, -11.103007209246378 ], [ -60.74772635901661, -11.103383193736493 ], [ -60.748509885195183, -11.103339658700806 ], [ -60.748776241352012, -11.10312228919404 ], [ -60.749119364816138, -11.103209054121582 ], [ -60.749206434353077, -11.103034924722927 ], [ -60.748814630444933, -11.102730293918517 ] ], [ [ -60.74789501305839, -11.10320884337321 ], [ -60.747846122863514, -11.103147536105274 ], [ -60.747952037621793, -11.103057814457099 ], [ -60.74789501305839, -11.10320884337321 ] ], [ [ -60.748551108443195, -11.103083563448521 ], [ -60.748460154676955, -11.103119529933219 ], [ -60.748381531615756, -11.102985731830866 ], [ -60.748509972954722, -11.10294784769575 ], [ -60.748551108443195, -11.103083563448521 ] ] ] } },
{ "type": "Feature", "properties": { "patch_id": 1043.0, "area_ha": 0.6961, "lon_centro": -60.750063, "lat_centro": -11.101987 }, "geometry": { "type": "Polygon", "coordinates": [ [ [ -60.750947836314467, -11.10172898757039 ], [ -60.75046906626357, -11.10177252313385 ], [ -60.7499963764648, -11.102074689080554 ], [ -60.749603008984352, -11.102076923979478 ], [ -60.749433425646899, -11.102009572132904 ], [ -60.749337039460379, -11.101641906754926 ], [ -60.749163015193432, -11.101598382991169 ], [ -60.749032420815233, -11.101728990576971 ], [ -60.749106416874284, -11.101894251469368 ], [ -60.748858280672664, -11.101946665753852 ], [ -60.748858280822162, -11.102120678229863 ], [ -60.74931802944522, -11.10202925430575 ], [ -60.749511295478896, -11.102207747773365 ], [ -60.74977240122972, -11.102207747773353 ], [ -60.750372452415398, -11.10202334221413 ], [ -60.750599682249046, -11.102338353408152 ], [ -60.75094783577994, -11.102251294080846 ], [ -60.750947836314467, -11.10172898757039 ] ] ] } },
{ "type": "Feature", "properties": { "patch_id": 1044.0, "area_ha": 1.5096, "lon_centro": -60.751836, "lat_centro": -11.10168 }, "geometry": { "type": "Polygon", "coordinates": [ [ [ -60.752945911005604, -11.101486821936227 ], [ -60.753081053062232, -11.101250102178168 ], [ -60.752863504103757, -11.101250102178158 ], [ -60.752757297264878, -11.101472131217804 ], [ -60.752436207669334, -11.101454864605177 ], [ -60.752471562562846, -11.101250102178218 ], [ -60.751557453033612, -11.101250102178112 ], [ -60.751561641894462, -11.101377286649559 ], [ -60.751331287048849, -11.101470571537458 ], [ -60.751122091798564, -11.101337172777201 ], [ -60.750860892997366, -11.101641906754985 ], [ -60.751045758356021, -11.101885019935603 ], [ -60.750947962534383, -11.102164213265445 ], [ -60.751349358470932, -11.102211938132378 ], [ -60.75151391799816, -11.102381888443759 ], [ -60.751731467105522, -11.102251280338097 ], [ -60.751653712484305, -11.102014233861206 ], [ -60.751982727194402, -11.101732766658341 ], [ -60.753076050366793, -11.101815554170999 ], [ -60.753079054094201, -11.101811064899374 ], [ -60.752945911005604, -11.101486821936227 ] ], [ [ -60.751665777494985, -11.101383305561745 ], [ -60.751760303470256, -11.101283318706264 ], [ -60.75181834713915, -11.101332238456276 ], [ -60.751773340340797, -11.101468393906256 ], [ -60.751665777494985, -11.101383305561745 ] ] ] } },
{ "type": "Feature", "properties": { "patch_id": 1042.0, "area_ha": 0.8313, "lon_centro": -60.747659, "lat_centro": -11.101456 }, "geometry": { "type": "Polygon", "coordinates": [ [ [ -60.748988770587857, -11.101293637741454 ], [ -60.748727560373716, -11.101250102706205 ], [ -60.74668152903871, -11.10125010217833 ], [ -60.746717433135615, -11.101394011066256 ], [ -60.746922634788234, -11.10130505138841 ], [ -60.746985946817958, -11.101505876875459 ], [ -60.746732574908648, -11.101454362100144 ], [ -60.746637994537295, -11.101685338617285 ], [ -60.746986158947081, -11.101859467488097 ], [ -60.747383119870598, -11.101337352720812 ], [ -60.74764732655089, -11.101460132611541 ], [ -60.747508694716288, -11.101598382463292 ], [ -60.747552229751975, -11.101772397944575 ], [ -60.747745380447078, -11.101637438965183 ], [ -60.747987464767441, -11.101772397416749 ], [ -60.748226604842671, -11.101433747701627 ], [ -60.748645635936526, -11.101337352721014 ], [ -60.749119364816508, -11.101554722766174 ], [ -60.748988770587857, -11.101293637741454 ] ] ] } },
{ "type": "Feature", "properties": { "patch_id": 951.0, "area_ha": 1.9762, "lon_centro": -60.75245, "lat_centro": -11.100767 }, "geometry": { "type": "Polygon", "coordinates": [ [ [ -60.753516518760243, -11.100205261849915 ], [ -60.752790082819978, -11.100818584135199 ], [ -60.752537006373089, -11.100676128185437 ], [ -60.752906913069594, -11.100379273791146 ], [ -60.752863377884168, -11.100161726286396 ], [ -60.752558747975499, -11.100205261849908 ], [ -60.752374272635571, -11.10059701432292 ], [ -60.752210352349124, -11.10024879635769 ], [ -60.751905722440426, -11.100205261849862 ], [ -60.751844949578924, -11.100416183474414 ], [ -60.751426847776521, -11.100466474549457 ], [ -60.751492537353755, -11.100860885133239 ], [ -60.751383313425279, -11.101075848117755 ], [ -60.751600988069249, -11.101249977516385 ], [ -60.752471573441341, -11.101249976988615 ], [ -60.752513777998978, -11.10101197275976 ], [ -60.752675588960273, -11.100984934996415 ], [ -60.752863504103694, -11.101249977516352 ], [ -60.753124598976306, -11.101249976988507 ], [ -60.753472868532896, -11.100945229259988 ], [ -60.7535314731008, -11.100656317428911 ], [ -60.753690543561753, -11.100640487016909 ], [ -60.753516518760243, -11.100205261849915 ] ] ] } },
{ "type": "Feature", "properties": { "patch_id": 950.0, "area_ha": 0.4646, "lon_centro": -60.749739, "lat_centro": -11.100442 }, "geometry": { "type": "Polygon", "coordinates": [ [ [ -60.750164205672768, -11.100248796357626 ], [ -60.74994575954868, -11.100334680822863 ], [ -60.749640500620963, -11.100118128919902 ], [ -60.749032420964483, -11.100205261321923 ], [ -60.749032410086208, -11.100422811310924 ], [ -60.749341674338865, -11.100294603903933 ], [ -60.749933196429339, -11.100658074011683 ], [ -60.749685446499662, -11.10094523226673 ], [ -60.750164205138248, -11.100814637903783 ], [ -60.750164205672768, -11.100248796357626 ] ] ] } },
{ "type": "Feature", "properties": { "patch_id": 949.0, "area_ha": 1.9396, "lon_centro": -60.752642, "lat_centro": -11.098157 }, "geometry": { "type": "Polygon", "coordinates": [ [ [ -60.753298728241354, -11.09776729932463 ], [ -60.752996410087476, -11.097641683855281 ], [ -60.753037517493063, -11.097201333116834 ], [ -60.752602293888849, -11.097201343860938 ], [ -60.752534296485003, -11.097409818452816 ], [ -60.752210478567847, -11.097462554074905 ], [ -60.752123409030972, -11.097723753544823 ], [ -60.752178107774213, -11.097887536782514 ], [ -60.752459163889405, -11.097874131446233 ], [ -60.752508678154769, -11.098173924787694 ], [ -60.752234814776351, -11.098149914060766 ], [ -60.752123361526259, -11.097941372920165 ], [ -60.751949268353954, -11.098028509538581 ], [ -60.752036010958889, -11.098414889167273 ], [ -60.751905733318381, -11.098637875376189 ], [ -60.75213785989984, -11.098600805289134 ], [ -60.752210478568124, -11.098812015518876 ], [ -60.752425396800511, -11.098703788565448 ], [ -60.752600388569832, -11.098787568478574 ], [ -60.752297567862513, -11.098899147921088 ], [ -60.752297548639525, -11.099116760768551 ], [ -60.752471562563379, -11.0991602958042 ], [ -60.752631021368067, -11.098948644844969 ], [ -60.75284339976475, -11.098954159514436 ], [ -60.752776434031965, -11.099377970982548 ], [ -60.752950447955683, -11.099421506018198 ], [ -60.752898505981364, -11.098587917298493 ], [ -60.753342263276977, -11.098071919912433 ], [ -60.753298728241354, -11.09776729932463 ] ] ] } },
{ "type": "Feature", "properties": { "patch_id": 946.0, "area_ha": 1.6395, "lon_centro": -60.75009, "lat_centro": -11.094731 }, "geometry": { "type": "Polygon", "coordinates": [ [ [ -60.750730224247434, -11.094555128782156 ], [ -60.750860765710314, -11.094371555798263 ], [ -60.750649636637874, -11.094212236560669 ], [ -60.750643091066479, -11.093936216185677 ], [ -60.750494669560915, -11.094184132230858 ], [ -60.750164331738276, -11.094328034569775 ], [ -60.750243771183868, -11.094471940633218 ], [ -60.750405407358265, -11.094383812322116 ], [ -60.750415524090172, -11.094523763297321 ], [ -60.750145773683528, -11.094607295136377 ], [ -60.749868775766124, -11.094434475911502 ], [ -60.749902995460047, -11.094240961435316 ], [ -60.749733097401538, -11.094207426266859 ], [ -60.749731117658953, -11.09388690975762 ], [ -60.749902995460189, -11.093675005971603 ], [ -60.749685446498127, -11.093631470935962 ], [ -60.749424173176038, -11.094808185671418 ], [ -60.749641911997251, -11.095546898587811 ], [ -60.749971633494802, -11.095267624355698 ], [ -60.750556031872975, -11.095242142066265 ], [ -60.7508607657102, -11.094937408088409 ], [ -60.750730224247434, -11.094555128782156 ] ] ] } },
{ "type": "Feature", "properties": { "patch_id": 953.0, "area_ha": 3.0724, "lon_centro": -60.739747, "lat_centro": -11.100671 }, "geometry": { "type": "Polygon", "coordinates": [ [ [ -60.740891243075623, -11.100466471535571 ], [ -60.74038496567205, -11.10031992261467 ], [ -60.740238217540771, -11.099726375929192 ], [ -60.739934883122032, -11.099595708491879 ], [ -60.739454712966001, -11.100031124211206 ], [ -60.739306165042386, -11.100714387682418 ], [ -60.739108733712513, -11.100732671753438 ], [ -60.73923691187094, -11.100466343846083 ], [ -60.73914995698896, -11.100205261849329 ], [ -60.738602059004094, -11.100685967696133 ], [ -60.738366337225223, -11.100684146713863 ], [ -60.738322802189558, -11.100901697231585 ], [ -60.738461312440322, -11.100974575880155 ], [ -60.738148598937698, -11.101248708755332 ], [ -60.739977007326594, -11.101249977517121 ], [ -60.739977138865278, -11.101032364687747 ], [ -60.740368948866092, -11.101249977516984 ], [ -60.741108918253879, -11.101249977516952 ], [ -60.740891243075623, -11.100466471535571 ] ], [ [ -60.738778151573854, -11.100830767980661 ], [ -60.738675044365728, -11.100671933180376 ], [ -60.738816368918783, -11.100646511174833 ], [ -60.738889280447864, -11.100769731045277 ], [ -60.738778151573854, -11.100830767980661 ] ], [ [ -60.739611399374823, -11.100198369730474 ], [ -60.739591464257323, -11.100093407263611 ], [ -60.739688687495025, -11.100080813754472 ], [ -60.739611399374823, -11.100198369730474 ] ], [ [ -60.740209260181494, -11.100590611765096 ], [ -60.73994001795743, -11.100568351983894 ], [ -60.73996255587862, -11.100472811773631 ], [ -60.740209260181494, -11.100590611765096 ] ], [ [ -60.740505973435894, -11.101177842476876 ], [ -60.740441441297484, -11.100690486948706 ], [ -60.740677824491542, -11.100885771360389 ], [ -60.740674216921278, -11.101118011302482 ], [ -60.740505973435894, -11.101177842476876 ] ] ] } },
{ "type": "Feature", "properties": { "patch_id": 954.0, "area_ha": 0.4268, "lon_centro": -60.73364, "lat_centro": -11.100315 }, "geometry": { "type": "Polygon", "coordinates": [ [ [ -60.733621936339354, -11.100336525496818 ], [ -60.73366442662067, -11.099552225042284 ], [ -60.733403343158422, -11.099203955500879 ], [ -60.733533948800137, -11.100596962725993 ], [ -60.733795158479857, -11.101249977517135 ], [ -60.734010402250085, -11.10120598623724 ], [ -60.733621936339354, -11.100336525496818 ] ] ] } },
{ "type": "Feature", "properties": { "patch_id": null, "area_ha": null, "lon_centro": null, "lat_centro": null }, "geometry": { "type": "Polygon", "coordinates": [ [ [ -60.734764799363667, -11.10220281923821 ], [ -60.735065522903582, -11.101716239870001 ], [ -60.734992516672079, -11.100913990577482 ], [ -60.734857255504039, -11.100482792643907 ], [ -60.734821883196872, -11.099935024068349 ], [ -60.734232352453397, -11.099363533439925 ], [ -60.733739092822582, -11.099144732133661 ], [ -60.733403604364646, -11.099005332068998 ], [ -60.733070530022339, -11.098553091603749 ], [ -60.732778860342478, -11.097866518949521 ], [ -60.732783687909958, -11.097240838851068 ], [ -60.732629086818939, -11.096750834291234 ], [ -60.732414794808967, -11.096299487719607 ], [ -60.73211935592429, -11.096101727484642 ], [ -60.73179989557741, -11.096451287755762 ], [ -60.731500985671516, -11.096703234173269 ], [ -60.73134200962928, -11.096780251477274 ], [ -60.730891520473051, -11.096151142846217 ], [ -60.730893784955256, -11.095857855655323 ], [ -60.730739036510229, -11.095387403325153 ], [ -60.730366377050267, -11.094934863177944 ], [ -60.730011098975268, -11.094795311432813 ], [ -60.729357969491055, -11.094770836426965 ], [ -60.728247257236433, -11.095036214023846 ], [ -60.72784815546531, -11.095443829668955 ], [ -60.727664545518863, -11.09614637362772 ], [ -60.727580521607635, -11.096771454222305 ], [ -60.727478363865316, -11.097181308608631 ], [ -60.727397665670374, -11.097376235521311 ], [ -60.727159048787279, -11.097511310184311 ], [ -60.726942345733924, -11.097372800069632 ], [ -60.726511058079176, -11.09682204563096 ], [ -60.726355409278959, -11.096468906860679 ], [ -60.726062093569411, -11.095997407661878 ], [ -60.723888275768971, -11.095492153788072 ], [ -60.723929836918259, -11.095238271892276 ], [ -60.723550980676634, -11.095587373014411 ], [ -60.723687283512788, -11.09588170577589 ], [ -60.724320010502126, -11.095984253504696 ], [ -60.724457374057671, -11.096141719359263 ], [ -60.724533834586886, -11.096494260528415 ], [ -60.724590195976845, -11.096885756962392 ], [ -60.724746145371086, -11.097199791473333 ], [ -60.724882601322413, -11.097474571653189 ], [ -60.725237424628318, -11.097672786788902 ], [ -60.725260551070271, -11.097242783469857 ], [ -60.725143739896502, -11.096987705304585 ], [ -60.725224136599564, -11.096831884067953 ], [ -60.725521386133074, -11.096795021432543 ], [ -60.725695468465453, -11.097324281588426 ], [ -60.726090036686323, -11.097503242311248 ], [ -60.72644470984099, -11.09772100860712 ], [ -60.72661970183902, -11.098132954125294 ], [ -60.726754495940639, -11.098622810489083 ], [ -60.7268929208605, -11.098643408758154 ], [ -60.726957302233828, -11.09799862700846 ], [ -60.727018960643733, -11.09770578880827 ], [ -60.727355048176292, -11.097766985397957 ], [ -60.727627814755181, -11.098336096855276 ], [ -60.72770306956474, -11.09884505749431 ], [ -60.727939419468527, -11.099003269107849 ], [ -60.728596336485758, -11.098538937904298 ], [ -60.729073419939063, -11.098288338602398 ], [ -60.729548387496017, -11.098311472796139 ], [ -60.729979985484249, -11.098823119458421 ], [ -60.730255930300018, -11.098981627896558 ], [ -60.730829882830449, -11.099005506221522 ], [ -60.731288377072929, -11.098598334194135 ], [ -60.731547243221328, -11.098404747705091 ], [ -60.732040046583521, -11.098682209523561 ], [ -60.732354077061949, -11.099036539316591 ], [ -60.732550384210896, -11.099253107218169 ], [ -60.732868338788187, -11.099099071657845 ], [ -60.732987571681882, -11.099041308218819 ], [ -60.733185086242635, -11.09910145574788 ], [ -60.733262161176754, -11.099375786822725 ], [ -60.733355865004661, -11.100060869559826 ], [ -60.733371588550966, -11.100588936259587 ], [ -60.733449418092142, -11.100765504833104 ], [ -60.734095926649729, -11.101650284354728 ], [ -60.734486737226838, -11.1023180491768 ], [ -60.734764799363667, -11.10220281923821 ] ] ] } },
{ "type": "Feature", "properties": { "patch_id": 952.0, "area_ha": 14.1039, "lon_centro": -60.748535, "lat_centro": -11.099112 }, "geometry": { "type": "Polygon", "coordinates": [ [ [ -60.751862072064291, -11.097897904431571 ], [ -60.751385613764711, -11.097815824050496 ], [ -60.751446856690954, -11.097648939989783 ], [ -60.751687932072684, -11.097593031484978 ], [ -60.751687942799933, -11.097419019567074 ], [ -60.751426837047568, -11.097419019567056 ], [ -60.751201054115107, -11.097613794755951 ], [ -60.750857808511391, -11.097279759241687 ], [ -60.750965120917179, -11.096778875812143 ], [ -60.751358850577432, -11.096818604464383 ], [ -60.751252707782982, -11.097070614092159 ], [ -60.75142672170783, -11.097070614092171 ], [ -60.751557326814883, -11.096678923432844 ], [ -60.751138119387967, -11.09661944447631 ], [ -60.751121976458307, -11.096243573076132 ], [ -60.750877939978366, -11.096230467156008 ], [ -60.750730172015516, -11.09589529331862 ], [ -60.749772516569905, -11.095721152648045 ], [ -60.749752381737103, -11.095969992453979 ], [ -60.749250095990206, -11.096112971019362 ], [ -60.749206561640719, -11.096417599301224 ], [ -60.749337039995929, -11.096461123592839 ], [ -60.749549677281102, -11.096202147853433 ], [ -60.749839451772395, -11.09625581885555 ], [ -60.74972898153441, -11.096635263735502 ], [ -60.750063801717872, -11.096696385914882 ], [ -60.750033727318602, -11.096983554764874 ], [ -60.750290984531375, -11.097234255174373 ], [ -60.750337354036546, -11.097505917082657 ], [ -60.750178783437995, -11.097717299357612 ], [ -60.749764397939636, -11.097787934899383 ], [ -60.749554841391955, -11.097636694217467 ], [ -60.749553297345976, -11.097986482394159 ], [ -60.749890596793222, -11.098135341640976 ], [ -60.749903121677484, -11.098376665162251 ], [ -60.75007301967895, -11.098366665308278 ], [ -60.750099802641202, -11.0988108126508 ], [ -60.749294042549508, -11.098530194709531 ], [ -60.749598250360442, -11.098158986950493 ], [ -60.74951272418722, -11.098026876992186 ], [ -60.749336448458081, -11.098158010436105 ], [ -60.749031523460445, -11.098114393997813 ], [ -60.748727549496266, -11.09781083436012 ], [ -60.748553535571581, -11.097810834360123 ], [ -60.748587755163399, -11.097960813826168 ], [ -60.748292314479379, -11.098072045101935 ], [ -60.748074650713718, -11.0984637459777 ], [ -60.748292199139442, -11.098594340340682 ], [ -60.748297714059291, -11.09843549509181 ], [ -60.74853846606203, -11.098348960608597 ], [ -60.748422930999126, -11.09863788612039 ], [ -60.749151343098482, -11.099310622698527 ], [ -60.749092399544075, -11.099545279804211 ], [ -60.748634294366688, -11.099549657007527 ], [ -60.74850858969819, -11.09933449827785 ], [ -60.748118185215198, -11.099334560608513 ], [ -60.74793773377629, -11.099506121976003 ], [ -60.747856848782639, -11.099160420465829 ], [ -60.7475957647871, -11.099116885430165 ], [ -60.747664891930505, -11.09945187157329 ], [ -60.746681518159853, -11.099465166243352 ], [ -60.746010560537457, -11.100191967197516 ], [ -60.745680223217832, -11.100248796357469 ], [ -60.745561045382999, -11.100723172838533 ], [ -60.745327279751855, -11.100403767248411 ], [ -60.745549571869276, -11.100335808161235 ], [ -60.745549491892064, -11.100205261321761 ], [ -60.74494011673314, -11.100118191778268 ], [ -60.743677600698753, -11.100466472063564 ], [ -60.742937515970659, -11.100945232267076 ], [ -60.743590415286917, -11.100901697231372 ], [ -60.743673310248845, -11.100761252917971 ], [ -60.743938695572204, -11.101075837373996 ], [ -60.744536883718453, -11.100684084384927 ], [ -60.74454831229049, -11.10090169723129 ], [ -60.744765872128191, -11.100988766774831 ], [ -60.745258853355914, -11.100673777820493 ], [ -60.745419002125615, -11.100901696703463 ], [ -60.745884145532663, -11.100779910621249 ], [ -60.74624616780342, -11.101249976988788 ], [ -60.748727560373943, -11.10124997698883 ], [ -60.749337039994941, -11.101075837373783 ], [ -60.749598250358815, -11.100858159183126 ], [ -60.749511180137688, -11.100597076642964 ], [ -60.74917260690011, -11.100897632080793 ], [ -60.748988875050607, -11.100727682277739 ], [ -60.748572317814144, -11.100997576354183 ], [ -60.747960061981239, -11.10075527289588 ], [ -60.747987453354931, -11.100553530863166 ], [ -60.74777587816213, -11.100233499807112 ], [ -60.747943932031433, -11.100075562892943 ], [ -60.748248664103464, -11.100161601624794 ], [ -60.748276731053309, -11.100033293973324 ], [ -60.748771084531484, -11.100030996517745 ], [ -60.748838966364161, -11.099691293082165 ], [ -60.749380585909194, -11.099639180668902 ], [ -60.749734011529441, -11.099378276116116 ], [ -60.75026608329096, -11.099340460156276 ], [ -60.750773811512929, -11.099900390882823 ], [ -60.75138318667161, -11.099726251268011 ], [ -60.751339651635924, -11.099552235786989 ], [ -60.750908866534786, -11.09934651859361 ], [ -60.750863193344422, -11.09863288570002 ], [ -60.75125259244308, -11.098637874848421 ], [ -60.751355815976318, -11.098217408710388 ], [ -60.75190560709995, -11.098071919912499 ], [ -60.751862072064291, -11.097897904431571 ] ], [ [ -60.746268406024562, -11.100456576981383 ], [ -60.746214526806014, -11.100302362955604 ], [ -60.746396823517792, -11.100291700027073 ], [ -60.746268406024562, -11.100456576981383 ] ], [ [ -60.746682300030209, -11.100508820971244 ], [ -60.746508380684311, -11.100466299634212 ], [ -60.746682120838344, -11.10029331094915 ], [ -60.746682300030209, -11.100508820971244 ] ], [ [ -60.746713510500683, -11.099852472126909 ], [ -60.746641820278434, -11.099715752059872 ], [ -60.746865619479586, -11.099599549897807 ], [ -60.746899195624344, -11.099813437514642 ], [ -60.746713510500683, -11.099852472126909 ] ], [ [ -60.747246587374022, -11.100944171317829 ], [ -60.747030801115514, -11.100684193994919 ], [ -60.747232906975952, -11.100472811804689 ], [ -60.74763858176501, -11.100380381021054 ], [ -60.747639299823057, -11.100553416945822 ], [ -60.747811012857859, -11.100635497246554 ], [ -60.747769473597614, -11.100859945215452 ], [ -60.747246587374022, -11.100944171317829 ] ], [ [ -60.74720858181135, -11.10120622327706 ], [ -60.747149519239329, -11.101123083464772 ], [ -60.747328507040216, -11.101076160806395 ], [ -60.74720858181135, -11.10120622327706 ] ], [ [ -60.747707811378753, -11.099962103524849 ], [ -60.747620162325653, -11.099838651511911 ], [ -60.747818477415976, -11.099772020781216 ], [ -60.747944047029272, -11.099944011770877 ], [ -60.747707811378753, -11.099962103524849 ] ], [ [ -60.74835718971395, -11.101158655114684 ], [ -60.748252906279781, -11.101129496988658 ], [ -60.74828261832544, -11.10103649216099 ], [ -60.74835718971395, -11.101158655114684 ] ], [ [ -60.74841481178413, -11.099921151256765 ], [ -60.748331725318387, -11.099827195011152 ], [ -60.748476814137909, -11.099770845875035 ], [ -60.74841481178413, -11.099921151256765 ] ], [ [ -60.748723041103609, -11.098548532810954 ], [ -60.74868627683194, -11.098458088303412 ], [ -60.74881925418358, -11.098422597360429 ], [ -60.748723041103609, -11.098548532810954 ] ], [ [ -60.750074157536297, -11.098036907830821 ], [ -60.750036027660194, -11.09793632510717 ], [ -60.750125305285358, -11.097900176937562 ], [ -60.750074157536297, -11.098036907830821 ] ], [ [ -60.750211982829164, -11.096819528399445 ], [ -60.750295528342114, -11.096549297884378 ], [ -60.750380889074968, -11.09659190074885 ], [ -60.750211982829164, -11.096819528399445 ] ], [ [ -60.750217758841472, -11.097919496209265 ], [ -60.750218701136774, -11.097690834417309 ], [ -60.750416226653634, -11.097704265311711 ], [ -60.750425514523599, -11.097984970714695 ], [ -60.750217758841472, -11.097919496209265 ] ], [ [ -60.750297215645631, -11.099082911171591 ], [ -60.750252319968205, -11.098985497007771 ], [ -60.750642499380433, -11.098769584703465 ], [ -60.750686689210376, -11.099072960473581 ], [ -60.750297215645631, -11.099082911171591 ] ], [ [ -60.750508180532655, -11.097222150933439 ], [ -60.750372299633653, -11.097240689076999 ], [ -60.750383786073201, -11.096828491852042 ], [ -60.750508180532655, -11.097222150933439 ] ], [ [ -60.750556918390622, -11.098680349457419 ], [ -60.750372290373214, -11.098618262725264 ], [ -60.750599569005978, -11.098377696513049 ], [ -60.750723741689626, -11.098405390044727 ], [ -60.750556918390622, -11.098680349457419 ] ], [ [ -60.750668809486093, -11.097710470124065 ], [ -60.750525010823367, -11.097703877615613 ], [ -60.75066322602062, -11.097387729769521 ], [ -60.750817294319575, -11.097453007443148 ], [ -60.750668809486093, -11.097710470124065 ] ], [ [ -60.750717195821991, -11.098154849215392 ], [ -60.750669676791958, -11.098048798854 ], [ -60.750753697113986, -11.098012368506041 ], [ -60.750717195821991, -11.098154849215392 ] ], [ [ -60.750904087885992, -11.098338300201201 ], [ -60.750847504598084, -11.098387053625057 ], [ -60.750774012280978, -11.098197715157527 ], [ -60.750904087885992, -11.098338300201201 ] ] ] } },
{ "type": "Feature", "properties": { "patch_id": 948.0, "area_ha": 3.0204, "lon_centro": -60.729225, "lat_centro": -11.096894 }, "geometry": { "type": "Polygon", "coordinates": [ [ [ -60.73244544615676, -11.09772376428811 ], [ -60.731853898394206, -11.097536330144035 ], [ -60.731400616178973, -11.096940134173852 ], [ -60.730776662785644, -11.096715993623002 ], [ -60.730442845394364, -11.096417713745796 ], [ -60.729903970040269, -11.096280152204855 ], [ -60.729833344017102, -11.09606943293255 ], [ -60.728965400180691, -11.096308266061111 ], [ -60.728875573232408, -11.096112967968216 ], [ -60.728614478355965, -11.0961565035317 ], [ -60.727700253332173, -11.096809531611711 ], [ -60.72756260564541, -11.097305326393792 ], [ -60.72726567497687, -11.097548438576217 ], [ -60.726911987507677, -11.097547227048748 ], [ -60.726872961591447, -11.097419019038162 ], [ -60.726790526839757, -11.097547227027956 ], [ -60.726590569527389, -11.097496194683487 ], [ -60.726357583891684, -11.097261791368325 ], [ -60.726307005593469, -11.096940122901898 ], [ -60.72595885205817, -11.096722458467461 ], [ -60.726350667379357, -11.097505964449859 ], [ -60.726611866715388, -11.097680104064732 ], [ -60.7277436731828, -11.097680104064743 ], [ -60.72817901281423, -11.097070611023343 ], [ -60.72810808529767, -11.096912417644642 ], [ -60.728900097631261, -11.096630909615891 ], [ -60.729136898784098, -11.096765868315551 ], [ -60.729522678778643, -11.096679122204392 ], [ -60.729615784176488, -11.096809403351244 ], [ -60.73026366530091, -11.096766173972821 ], [ -60.730844726902532, -11.096943912675894 ], [ -60.732271421352621, -11.097984849314155 ], [ -60.73257605126372, -11.098071919913286 ], [ -60.73244544615676, -11.09772376428811 ] ], [ [ -60.727669666016887, -11.097540749878963 ], [ -60.727859570650651, -11.09710395351533 ], [ -60.727917612567005, -11.097152872495704 ], [ -60.727669666016887, -11.097540749878963 ] ] ] } },
{ "type": "Feature", "properties": { "patch_id": null, "area_ha": null, "lon_centro": null, "lat_centro": null }, "geometry": { "type": "Polygon", "coordinates": [ [ [ -60.746769899848452, -11.098655885580245 ], [ -60.747330508401859, -11.097838818414084 ], [ -60.747651753850093, -11.097254605900339 ], [ -60.74785331823098, -11.096786821049532 ], [ -60.747679792905352, -11.096179355090925 ], [ -60.747305903388551, -11.095883252242302 ], [ -60.746932314444791, -11.095548043676319 ], [ -60.746481938465649, -11.094899399462401 ], [ -60.746247527527061, -11.094487016097515 ], [ -60.745854144952993, -11.09415165867558 ], [ -60.745221705118411, -11.094010050149707 ], [ -60.744784681140715, -11.094202317515757 ], [ -60.74430746337778, -11.094472498384464 ], [ -60.744144138690906, -11.095116550520183 ], [ -60.74469244197735, -11.095902806939037 ], [ -60.745082824310956, -11.096629219469431 ], [ -60.745078323268409, -11.097215799588986 ], [ -60.744736526165561, -11.097897623469908 ], [ -60.744634840746201, -11.098248830287984 ], [ -60.744492960935936, -11.098677951169705 ], [ -60.744844801827711, -11.099267199346603 ], [ -60.745179998431155, -11.099445693112999 ], [ -60.74557563653299, -11.099487762436613 ], [ -60.746092906411867, -11.099159219261493 ], [ -60.746769899848452, -11.098655885580245 ] ] ] } },
{ "type": "Feature", "properties": { "patch_id": 947.0, "area_ha": 1.4558, "lon_centro": -60.724574, "lat_centro": -11.095513 }, "geometry": { "type": "Polygon", "coordinates": [ [ [ -60.72569751562871, -11.095982362861109 ], [ -60.72539278125705, -11.095808223246179 ], [ -60.724730162865001, -11.095804032981842 ], [ -60.723704219192228, -11.095174571934997 ], [ -60.723564607819121, -11.094715426316933 ], [ -60.72347735502408, -11.092804305257165 ], [ -60.723303215416102, -11.094327917590018 ], [ -60.723692767896488, -11.095280030369198 ], [ -60.723651495701773, -11.095633968660062 ], [ -60.724449807796319, -11.095814122160041 ], [ -60.724957535359636, -11.096286982923427 ], [ -60.725276973411624, -11.096293007566443 ], [ -60.725871771108814, -11.09672233328002 ], [ -60.725875897823734, -11.096451123199603 ], [ -60.726002260878339, -11.096417588558168 ], [ -60.72569751562871, -11.095982362861109 ] ] ] } },
{ "type": "Feature", "properties": { "patch_id": null, "area_ha": null, "lon_centro": null, "lat_centro": null }, "geometry": { "type": "Polygon", "coordinates": [ [ [ -60.743525032513404, -11.090658541377264 ], [ -60.743108072287761, -11.090816738172808 ], [ -60.743165547670941, -11.091066479188513 ], [ -60.743385329882358, -11.091449423508209 ], [ -60.743830747672753, -11.091452758224804 ], [ -60.744112508127159, -11.091498863367551 ], [ -60.744274815482022, -11.091632066284907 ], [ -60.744736093492087, -11.091503530303552 ], [ -60.744606292722715, -11.091003937229873 ], [ -60.744208342259462, -11.090619660163906 ], [ -60.743525032513404, -11.090658541377264 ] ] ] } },
{ "type": "Feature", "properties": { "patch_id": null, "area_ha": null, "lon_centro": null, "lat_centro": null }, "geometry": { "type": "Polygon", "coordinates": [ [ [ -60.718938365944659, -11.087907077973297 ], [ -60.718802373687573, -11.08757363994081 ], [ -60.718868584759754, -11.086694234589412 ], [ -60.718894293923142, -11.085931843559576 ], [ -60.718764215394856, -11.084835864872611 ], [ -60.718415022098078, -11.083914209884064 ], [ -60.718181722060017, -11.083364947620266 ], [ -60.717867117998551, -11.083088818663255 ], [ -60.71681765721619, -11.083119982685519 ], [ -60.715846012491589, -11.083327713318296 ], [ -60.715349912576343, -11.083480383086306 ], [ -60.715030756341889, -11.083790820047552 ], [ -60.714967725487092, -11.084259624750388 ], [ -60.71502301168821, -11.084787986220654 ], [ -60.715060780349049, -11.085022913543643 ], [ -60.714959980284092, -11.085256790848572 ], [ -60.714722281999869, -11.08527454293562 ], [ -60.714624823292766, -11.085078270089497 ], [ -60.714587054993416, -11.084843342780367 ], [ -60.714511214680876, -11.084412592715214 ], [ -60.714375836247768, -11.084000944852116 ], [ -60.714199500144275, -11.083764967331629 ], [ -60.713587665457077, -11.083525688433655 ], [ -60.713054557559815, -11.083345665679579 ], [ -60.712817468992171, -11.083285207553777 ], [ -60.712402374300225, -11.083203845734936 ], [ -60.712084280224801, -11.083377413350075 ], [ -60.712101490918336, -11.083709951579847 ], [ -60.712199099544641, -11.083886672594383 ], [ -60.712176567384653, -11.084238462727697 ], [ -60.712430715325183, -11.084651011999828 ], [ -60.712789161738392, -11.084379983312356 ], [ -60.71300827956712, -11.084205664504196 ], [ -60.713402820684955, -11.084384636979271 ], [ -60.713816094250106, -11.084700624931246 ], [ -60.714070852763264, -11.085034964289726 ], [ -60.714227393777207, -11.08527079194274 ], [ -60.714483368467228, -11.085448712981917 ], [ -60.714878671810872, -11.085529922649982 ], [ -60.715116218453105, -11.085531722756448 ], [ -60.715293771036812, -11.085611281833373 ], [ -60.715390015505413, -11.085963972826976 ], [ -60.715506359443168, -11.08627770925097 ], [ -60.716553098660711, -11.086598493394952 ], [ -60.717420921023844, -11.087015687121895 ], [ -60.717654069305389, -11.087584502454982 ], [ -60.718026547250886, -11.088056605144356 ], [ -60.718022147554521, -11.088623622242032 ], [ -60.71817747978907, -11.089015867317872 ], [ -60.718274183324802, -11.08930990127633 ], [ -60.718828922345217, -11.089255439436462 ], [ -60.718991383996539, -11.088728725047966 ], [ -60.719172427590422, -11.088358578846767 ], [ -60.719666109871689, -11.088518741445228 ], [ -60.718938365944659, -11.087907077973297 ] ] ] } },
{ "type": "Feature", "properties": { "patch_id": 944.0, "area_ha": 1.3851, "lon_centro": -60.714636, "lat_centro": -11.085205 }, "geometry": { "type": "Polygon", "coordinates": [ [ [ -60.715610846644076, -11.085690507043463 ], [ -60.715379723055428, -11.085098604471247 ], [ -60.714497582052623, -11.085311770311108 ], [ -60.714073671985467, -11.084750324185825 ], [ -60.713246506307904, -11.084097298650757 ], [ -60.711940570569297, -11.083444272587844 ], [ -60.712375920926078, -11.083923033321687 ], [ -60.712695349474536, -11.08397259241503 ], [ -60.713709343581044, -11.084590942178384 ], [ -60.714064472498471, -11.084904964256991 ], [ -60.714334986654109, -11.0854902940779 ], [ -60.715263686699295, -11.085540294430196 ], [ -60.715945782974075, -11.086317459755508 ], [ -60.716598808509211, -11.086752810112172 ], [ -60.716814065888229, -11.086752355039847 ], [ -60.715610846644076, -11.085690507043463 ] ] ] } },
{ "type": "Feature", "properties": { "patch_id": null, "area_ha": null, "lon_centro": null, "lat_centro": null }, "geometry": { "type": "Polygon", "coordinates": [ [ [ -60.751199973995455, -11.094093833967442 ], [ -60.750847973378086, -11.093524144506805 ], [ -60.750493131162031, -11.093325957105767 ], [ -60.750119241166196, -11.093029857855557 ], [ -60.749805639479163, -11.092616885307912 ], [ -60.749986801002578, -11.092227160763661 ], [ -60.750265896933342, -11.091975044141508 ], [ -60.75066631417117, -11.091391416885438 ], [ -60.75078943047972, -11.090825273432991 ], [ -60.750514375095506, -11.090549466557526 ], [ -60.750120093260939, -11.090331431192713 ], [ -60.74982344714865, -11.090290109049466 ], [ -60.749506106937595, -11.090365955258255 ], [ -60.749068042642094, -11.090695099622838 ], [ -60.748569689930022, -11.091141115875081 ], [ -60.748151869201543, -11.091411748185507 ], [ -60.747811436058619, -11.091917604088302 ], [ -60.747807092208902, -11.092484632783602 ], [ -60.74812024123306, -11.092956264990752 ], [ -60.748831568164462, -11.093137564282094 ], [ -60.749224055517978, -11.093590234618897 ], [ -60.749178772984507, -11.094332942613734 ], [ -60.749154184938412, -11.094958482048414 ], [ -60.749329210590076, -11.095370420357815 ], [ -60.749684203650375, -11.09554905670041 ], [ -60.750258607561591, -11.095514238743343 ], [ -60.750755021783462, -11.095322406506112 ], [ -60.751115401922249, -11.094797142167103 ], [ -60.751199973995455, -11.094093833967442 ] ] ] } },
{ "type": "Feature", "properties": { "patch_id": 945.0, "area_ha": 0.43, "lon_centro": -60.74929, "lat_centro": -11.090934 }, "geometry": { "type": "Polygon", "coordinates": [ [ [ -60.749685320282467, -11.090758158581785 ], [ -60.749250096140734, -11.090540483403444 ], [ -60.74885828135421, -11.091106324949603 ], [ -60.749293504961365, -11.091367524419546 ], [ -60.749308574114799, -11.09116567999649 ], [ -60.749685319748046, -11.090975719842561 ], [ -60.749685320282467, -11.090758158581785 ] ] ] } },
{ "type": "Feature", "properties": { "patch_id": null, "area_ha": null, "lon_centro": null, "lat_centro": null }, "geometry": { "type": "Polygon", "coordinates": [ [ [ -60.750866466625666, -11.088518491168022 ], [ -60.750985991745829, -11.088421613505426 ], [ -60.751285177967276, -11.088130537157138 ], [ -60.751665192618063, -11.08762497044879 ], [ -60.7516287390496, -11.087214066987478 ], [ -60.751492109002783, -11.086958847554902 ], [ -60.751395818791849, -11.086606159531389 ], [ -60.751517435328545, -11.086235542664854 ], [ -60.751876156166318, -11.085925355225376 ], [ -60.751997024590736, -11.085652501869646 ], [ -60.75175992006421, -11.085592072457464 ], [ -60.751304610677337, -11.085588677372586 ], [ -60.750828458911528, -11.085722003283722 ], [ -60.750549968449732, -11.085895910742513 ], [ -60.750447848026738, -11.086305780222187 ], [ -60.750069628487836, -11.086576712344526 ], [ -60.749414262647846, -11.086845575228185 ], [ -60.748699357812818, -11.087133545730323 ], [ -60.748677616084635, -11.087387583423942 ], [ -60.748774501573358, -11.087662060782554 ], [ -60.749069199384437, -11.087957568990555 ], [ -60.74946347733038, -11.088175604988448 ], [ -60.749877103364028, -11.088452446579327 ], [ -60.749854165473621, -11.088862906482646 ], [ -60.750866466625666, -11.088518491168022 ] ] ] } },
{ "type": "Feature", "properties": { "patch_id": null, "area_ha": null, "lon_centro": null, "lat_centro": null }, "geometry": { "type": "Polygon", "coordinates": [ [ [ -60.753831491051912, -11.086526544775026 ], [ -60.75393047182861, -11.08652728212784 ], [ -60.754366435149294, -11.086471867666701 ], [ -60.754508739770571, -11.085984079409053 ], [ -60.75433236583833, -11.085748118839007 ], [ -60.75373773616441, -11.085841459343081 ], [ -60.753538132577994, -11.086055065357547 ], [ -60.753831491051912, -11.086526544775026 ] ] ] } },
{ "type": "Feature", "properties": { "patch_id": null, "area_ha": null, "lon_centro": null, "lat_centro": null }, "geometry": { "type": "Polygon", "coordinates": [ [ [ -60.761447816592458, -11.084666894324466 ], [ -60.761012896952479, -11.084585449512927 ], [ -60.760617272233965, -11.084543403918682 ], [ -60.759786133478812, -11.084498122897889 ], [ -60.759154445556554, -11.08425878190738 ], [ -60.758878194190764, -11.084139405214502 ], [ -60.758838899952501, -11.084100005243851 ], [ -60.758285802222247, -11.083939462636698 ], [ -60.757493066606891, -11.084050892823289 ], [ -60.757413286306395, -11.084128515422766 ], [ -60.757050696748415, -11.084947085102236 ], [ -60.756850350416336, -11.085258458133762 ], [ -60.756650600053426, -11.085491619577777 ], [ -60.756606236134161, -11.08611701592087 ], [ -60.756641056589409, -11.086743001376229 ], [ -60.756715767686309, -11.087330175746441 ], [ -60.756911642534966, -11.087605388426457 ], [ -60.757386753075941, -11.087608922912491 ], [ -60.758143184717667, -11.08706703759826 ], [ -60.7587391581798, -11.086797712805268 ], [ -60.759611384422435, -11.086647763345484 ], [ -60.760245459830983, -11.086574258203148 ], [ -60.760839347312228, -11.086578669225236 ], [ -60.761161444865017, -11.085877116853233 ], [ -60.761797899121895, -11.085490761479303 ], [ -60.761720499582033, -11.085255538802143 ], [ -60.761447816592458, -11.084666894324466 ] ] ] } },
{ "type": "Feature", "properties": { "patch_id": null, "area_ha": null, "lon_centro": null, "lat_centro": null }, "geometry": { "type": "Polygon", "coordinates": [ [ [ -60.762104194978306, -11.081660446739813 ], [ -60.76265967064591, -11.081508135097739 ], [ -60.763450022334986, -11.081709536593204 ], [ -60.763962043127634, -11.082065305424042 ], [ -60.763681927340102, -11.082454309589146 ], [ -60.76312644994146, -11.082606622862391 ], [ -60.762609672146326, -11.082876546247803 ], [ -60.762447140599441, -11.083422853233351 ], [ -60.762481379650978, -11.084127052160676 ], [ -60.762636179882215, -11.084597497278413 ], [ -60.763027939921649, -11.085147916417979 ], [ -60.763186309427056, -11.085149091194761 ], [ -60.763741791883682, -11.084996778761861 ], [ -60.764061800230486, -11.084568962729616 ], [ -60.764460397859303, -11.084219944948467 ], [ -60.765375178980783, -11.083679211004283 ], [ -60.765773477034578, -11.08336929686323 ], [ -60.765859787561517, -11.082431340965165 ], [ -60.76574279283043, -11.082195825544208 ], [ -60.765627282873709, -11.081764780444153 ], [ -60.765356968690746, -11.080863291060224 ], [ -60.765162869754803, -11.080353447546974 ], [ -60.764609178872938, -11.080271129030191 ], [ -60.764371628325748, -11.080269368718925 ], [ -60.763975710836256, -11.080266434451961 ], [ -60.763739051780931, -11.080147355981865 ], [ -60.763621465183697, -11.079990051980053 ], [ -60.76374172587542, -11.079795402992955 ], [ -60.76386139219904, -11.079678965708165 ], [ -60.764101021621585, -11.079406985039599 ], [ -60.763785774094472, -11.079209108111 ], [ -60.763469635632603, -11.079128548580902 ], [ -60.762677507082536, -11.079161783619883 ], [ -60.761725525754201, -11.079389370882403 ], [ -60.761166782137394, -11.079971845517568 ], [ -60.761046519850368, -11.080166493129781 ], [ -60.761161427615519, -11.080675750234567 ], [ -60.76147488950312, -11.081108264798376 ], [ -60.761748760396415, -11.081540485428553 ], [ -60.762104194978306, -11.081660446739813 ] ] ] } },
{ "type": "Feature", "properties": { "patch_id": null, "area_ha": null, "lon_centro": null, "lat_centro": null }, "geometry": { "type": "Polygon", "coordinates": [ [ [ -60.79435499189244, -10.993675562116765 ], [ -60.793973656957355, -10.993056827405523 ], [ -60.79367985364906, -10.99264405019624 ], [ -60.79323784141576, -10.992200865175121 ], [ -60.792823770785823, -10.991992536630207 ], [ -60.792351638998106, -10.991607795518059 ], [ -60.791788269749219, -10.991515708499703 ], [ -60.791369398994242, -10.991952641401545 ], [ -60.79184087488602, -10.992425374331802 ], [ -60.792728605387154, -10.992813134583498 ], [ -60.792845384274628, -10.993077968322215 ], [ -60.793137877636276, -10.993666727206213 ], [ -60.793668948708088, -10.994110559245202 ], [ -60.79435499189244, -10.993675562116765 ] ] ] } },
{ "type": "Feature", "properties": { "patch_id": null, "area_ha": null, "lon_centro": null, "lat_centro": null }, "geometry": { "type": "Polygon", "coordinates": [ [ [ -60.747450972295496, -11.084699545802147 ], [ -60.747412877497766, -11.084503722881724 ], [ -60.747355885056407, -11.08419043578845 ], [ -60.747359328246397, -11.083740723270422 ], [ -60.747480199196573, -11.083467872334234 ], [ -60.747559831697188, -11.083409805560436 ], [ -60.748035680655903, -11.083315589810704 ], [ -60.748510482128502, -11.083358242391615 ], [ -60.748670045947151, -11.083203002706323 ], [ -60.748435488022217, -11.082810174708465 ], [ -60.748118455486512, -11.082846915538216 ], [ -60.747781028464999, -11.082961719097582 ], [ -60.747025942467054, -11.083327602432632 ], [ -60.746549494481911, -11.083500027352139 ], [ -60.746090295559185, -11.084004995272663 ], [ -60.746545151580733, -11.084067055868568 ], [ -60.746801150479172, -11.084244953107113 ], [ -60.746975270745629, -11.084774207433622 ], [ -60.74727056297835, -11.084991505671647 ], [ -60.747450972295496, -11.084699545802147 ] ] ] } },
{ "type": "Feature", "properties": { "patch_id": 943.0, "area_ha": 1.7688, "lon_centro": -60.70505, "lat_centro": -11.079427 }, "geometry": { "type": "Polygon", "coordinates": [ [ [ -60.705279594781715, -11.078698954227471 ], [ -60.704583149539815, -11.07830713837863 ], [ -60.704886694486731, -11.07861331695192 ], [ -60.704705577380572, -11.079077856639458 ], [ -60.704321939325965, -11.079090769020659 ], [ -60.704409009397359, -11.07948245968376 ], [ -60.70451944621739, -11.079177201368568 ], [ -60.704713406504339, -11.079260881469263 ], [ -60.704234858377639, -11.080396694905033 ], [ -60.704621517520742, -11.080050649556833 ], [ -60.704844359754226, -11.080222555290105 ], [ -60.705148989674477, -11.080135484690949 ], [ -60.705293852170279, -11.07983823329611 ], [ -60.705540794279237, -11.079743666662896 ], [ -60.705574744885162, -11.079530184430538 ], [ -60.706063214546383, -11.079656599826366 ], [ -60.705279594781715, -11.078698954227471 ] ], [ [ -60.705061133698578, -11.078958978341719 ], [ -60.704975956549752, -11.078829604916386 ], [ -60.705062025869303, -11.078786930430198 ], [ -60.705193071305509, -11.078873580276797 ], [ -60.705061133698578, -11.078958978341719 ] ] ] } },
{ "type": "Feature", "properties": { "patch_id": null, "area_ha": null, "lon_centro": null, "lat_centro": null }, "geometry": { "type": "Polygon", "coordinates": [ [ [ -60.708039333372973, -11.08039414585188 ], [ -60.707429264165, -11.079930006728381 ], [ -60.706807471443391, -11.079700417562158 ], [ -60.70585106950611, -11.079223866538198 ], [ -60.702691217810411, -11.076990301525679 ], [ -60.702556163457999, -11.076539547908061 ], [ -60.702578704511822, -11.076187760504162 ], [ -60.702681187125549, -11.075738815241982 ], [ -60.702466801643673, -11.075307011056585 ], [ -60.702588773403335, -11.074897320700012 ], [ -60.702571114420955, -11.074623440352132 ], [ -60.702196541874187, -11.074425056098185 ], [ -60.701920027444366, -11.074344737733391 ], [ -60.701761517899662, -11.07436308406661 ], [ -60.701580771954426, -11.074694113265693 ], [ -60.701343846829296, -11.074614095839358 ], [ -60.700870607693716, -11.074375852119896 ], [ -60.70061572056072, -11.074061058308306 ], [ -60.700519037748151, -11.073767022921944 ], [ -60.700660500205153, -11.073396588705034 ], [ -60.700958639396589, -11.073242433567779 ], [ -60.701593895660359, -11.073012632089878 ], [ -60.701991616961315, -11.072781020873123 ], [ -60.702666460812296, -11.072551518142509 ], [ -60.703005102333854, -11.07228034910562 ], [ -60.703205791755686, -11.071929916857583 ], [ -60.703109411386166, -11.07159677762535 ], [ -60.702733926827648, -11.071515707454129 ], [ -60.702357374948797, -11.071571501698765 ], [ -60.702296008823609, -11.071825227290816 ], [ -60.702153634183183, -11.072312975572101 ], [ -60.701776013310649, -11.072505633641615 ], [ -60.701337940293861, -11.072834703677671 ], [ -60.700822977853171, -11.072869888335321 ], [ -60.700368772978635, -11.072729555671144 ], [ -60.700369994299152, -11.072573138939482 ], [ -60.700275907216295, -11.071946718050242 ], [ -60.699961181128835, -11.071690128078631 ], [ -60.69934801258966, -11.07162679612763 ], [ -60.698734233532363, -11.071641671263517 ], [ -60.698614550567989, -11.071758078315922 ], [ -60.698731789347192, -11.071954504383276 ], [ -60.698924387055158, -11.072640335774757 ], [ -60.698450236766412, -11.07251940164733 ], [ -60.698116328958747, -11.072184450794092 ], [ -60.697743291603743, -11.071790541636236 ], [ -60.697508051558259, -11.071495449270378 ], [ -60.69725087767182, -11.07147393453239 ], [ -60.696932639145828, -11.071667039074592 ], [ -60.696693730659469, -11.071841195267192 ], [ -60.696294631686456, -11.072248767252599 ], [ -60.695898131912514, -11.072323953969514 ], [ -60.695542903621138, -11.072184370065933 ], [ -60.695306900946711, -11.071987036482037 ], [ -60.694873108108268, -11.071768639380426 ], [ -60.694598282764396, -11.071473243041982 ], [ -60.694581089952891, -11.071140707658023 ], [ -60.694764135043833, -11.070516403472752 ], [ -60.694688324190189, -11.070085654572871 ], [ -60.694531194459344, -11.069928029350391 ], [ -60.694452017582769, -11.069927424773839 ], [ -60.694171990787574, -11.070296796767188 ], [ -60.693970987229633, -11.07068632512015 ], [ -60.693575255118837, -11.070663749091482 ], [ -60.693356752808839, -11.070759845643618 ], [ -60.693573111862989, -11.07093747709154 ], [ -60.693887677266908, -11.071213624468633 ], [ -60.694023175984235, -11.071605722953128 ], [ -60.693957822856035, -11.072367797503953 ], [ -60.694290806730095, -11.072820064096028 ], [ -60.694128165066324, -11.073366310617068 ], [ -60.693590499473061, -11.073772819289424 ], [ -60.693015694267139, -11.073866192291463 ], [ -60.692402066051464, -11.073861501556818 ], [ -60.691886950605451, -11.073916222350421 ], [ -60.691806087026215, -11.074130688550971 ], [ -60.691823582663936, -11.074424119496808 ], [ -60.69223589576432, -11.074857441667072 ], [ -60.692968752714165, -11.074804385082668 ], [ -60.693307557120285, -11.074513677290041 ], [ -60.693965828823373, -11.073873452908364 ], [ -60.694225759538575, -11.073543034722688 ], [ -60.694743323472188, -11.073175477507892 ], [ -60.69492346286868, -11.07292266179334 ], [ -60.695222827428807, -11.072612096666555 ], [ -60.695403272008065, -11.072320176458673 ], [ -60.695680699474934, -11.072283187910097 ], [ -60.695894766786772, -11.07275409862647 ], [ -60.695911195979704, -11.073184394365819 ], [ -60.695907371679468, -11.07367319508808 ], [ -60.696397951521206, -11.074224429208332 ], [ -60.69677481235319, -11.074129539239465 ], [ -60.697389818966961, -11.073958252764024 ], [ -60.697705767185305, -11.074058428998566 ], [ -60.697940703281667, -11.074392625725507 ], [ -60.698194364586968, -11.074863837746884 ], [ -60.69813329947263, -11.07507845747117 ], [ -60.697676341704316, -11.075290057269333 ], [ -60.697381257166654, -11.075053167445883 ], [ -60.696790019062, -11.074716251484066 ], [ -60.696589779140929, -11.075008021386255 ], [ -60.696824255511821, -11.075400874978644 ], [ -60.697077609515539, -11.075911191810347 ], [ -60.69746799801041, -11.076618086340217 ], [ -60.69807934103715, -11.076916048749336 ], [ -60.698533091619048, -11.077115042082111 ], [ -60.698793174451239, -11.076765067505699 ], [ -60.699272373657564, -11.076240784108409 ], [ -60.699770907556235, -11.075775306705459 ], [ -60.700306280452317, -11.075662067387789 ], [ -60.701074304136036, -11.076176303691996 ], [ -60.703241048900232, -11.077561532292572 ], [ -60.704599042797483, -11.078578861018979 ], [ -60.704428498584747, -11.078870862983258 ], [ -60.704176028970416, -11.079514200690722 ], [ -60.704062657120531, -11.080090160088762 ], [ -60.704099196688063, -11.080481504053115 ], [ -60.704711928831976, -11.08060348661953 ], [ -60.704820039358822, -11.080702075709294 ], [ -60.705104095046991, -11.081085526293629 ], [ -60.70570784625037, -11.081090118942171 ], [ -60.706005611420807, -11.080984840309052 ], [ -60.706048478329215, -11.080564769960363 ], [ -60.706071930906397, -11.080095668647878 ], [ -60.706262345870265, -11.079794040015875 ], [ -60.70648001521748, -11.079805471577085 ], [ -60.706983646629304, -11.079955949975414 ], [ -60.707812298729131, -11.080314207469003 ], [ -60.708027532471533, -11.080638472987664 ], [ -60.708123691201436, -11.081000940446867 ], [ -60.708159931597827, -11.08143138937139 ], [ -60.708008574331195, -11.081801752831629 ], [ -60.70782699069423, -11.082240323117793 ], [ -60.707884624908466, -11.082465624515462 ], [ -60.708079988410788, -11.08279951593633 ], [ -60.708285097667279, -11.08315303470771 ], [ -60.708541599102936, -11.083262527071891 ], [ -60.7087205943443, -11.08315634357805 ], [ -60.708940017406277, -11.082942923622085 ], [ -60.709001839054949, -11.082630539576639 ], [ -60.708912303602034, -11.082688519516372 ], [ -60.708535051382583, -11.08283230368164 ], [ -60.708506881131363, -11.082636556180628 ], [ -60.708419096723858, -11.082469685775026 ], [ -60.708233325995593, -11.082174974112974 ], [ -60.708294615094786, -11.081931022975395 ], [ -60.708493480827947, -11.081815213767044 ], [ -60.708869666047342, -11.081808294766358 ], [ -60.709187074510695, -11.081722715473429 ], [ -60.709149995509577, -11.081399803479613 ], [ -60.708039333372973, -11.08039414585188 ] ] ] } },
{ "type": "Feature", "properties": { "patch_id": 942.0, "area_ha": 5.0341, "lon_centro": -60.700565, "lat_centro": -11.075141 }, "geometry": { "type": "Polygon", "coordinates": [ [ [ -60.702721033898513, -11.076979143611624 ], [ -60.702558257993154, -11.076650084173144 ], [ -60.702754551998751, -11.076347933850579 ], [ -60.702754551836414, -11.076043316523773 ], [ -60.702554817933489, -11.076073557803312 ], [ -60.702406271551141, -11.075738571274053 ], [ -60.702058117470351, -11.075738571274101 ], [ -60.702372698123398, -11.076215918685882 ], [ -60.702413997563831, -11.076443784201881 ], [ -60.702273036005721, -11.07649982942757 ], [ -60.701207423365645, -11.075987411463792 ], [ -60.701089050240711, -11.075774021003935 ], [ -60.70118729055249, -11.075607966167002 ], [ -60.700938603848201, -11.075675150198203 ], [ -60.700971877492911, -11.075036239158385 ], [ -60.70123082558834, -11.074954815974333 ], [ -60.701230825053997, -11.074780789745576 ], [ -60.700709117957366, -11.074866766392173 ], [ -60.700540809934218, -11.074621471438858 ], [ -60.70014244969709, -11.072821723884145 ], [ -60.699141270079807, -11.072908793955465 ], [ -60.699141270079807, -11.07303927440492 ], [ -60.699334601136094, -11.072960780914107 ], [ -60.699718395717802, -11.073400961016194 ], [ -60.699533085400972, -11.073518284454863 ], [ -60.699663363078983, -11.0737848040706 ], [ -60.69956271617891, -11.073980050972811 ], [ -60.698967129937401, -11.074127774954194 ], [ -60.699054200543451, -11.075999667574138 ], [ -60.699271748983051, -11.076086726901782 ], [ -60.699489435038451, -11.075956121266946 ], [ -60.699762316017051, -11.075453423760884 ], [ -60.699978389555604, -11.075350534914669 ], [ -60.700769785933559, -11.075658150846166 ], [ -60.700926195665893, -11.075999656302558 ], [ -60.702145187541916, -11.076870357543685 ], [ -60.703755972984808, -11.07787166283619 ], [ -60.703927697073119, -11.07782767314027 ], [ -60.702721033898513, -11.076979143611624 ] ], [ [ -60.700316180579165, -11.075064811157297 ], [ -60.699831515417976, -11.075257107189003 ], [ -60.699230476057394, -11.074296143548356 ], [ -60.699812725693867, -11.073978986345347 ], [ -60.700011970793526, -11.074432395546314 ], [ -60.700292256431126, -11.074485130869332 ], [ -60.700316180579165, -11.075064811157297 ] ], [ [ -60.700166909274564, -11.074162109713953 ], [ -60.700151132644535, -11.074020957599881 ], [ -60.700290511704203, -11.074003937856094 ], [ -60.700316652949233, -11.074127394030405 ], [ -60.700166909274564, -11.074162109713953 ] ] ] } },
{ "type": "Feature", "properties": { "patch_id": 955.0, "area_ha": 4.9665, "lon_centro": -60.69741, "lat_centro": -11.073355 }, "geometry": { "type": "Polygon", "coordinates": [ [ [ -60.698967003733593, -11.075085545738892 ], [ -60.698788326852686, -11.075017520342092 ], [ -60.698967003199321, -11.074824221611081 ], [ -60.698967003733806, -11.074127774954137 ], [ -60.69860575467326, -11.074123508938351 ], [ -60.698271643443029, -11.073780927941884 ], [ -60.698282124717608, -11.073581417288686 ], [ -60.698662258484283, -11.073474624761653 ], [ -60.698705792985649, -11.073256960327004 ], [ -60.698357524111721, -11.072299303983865 ], [ -60.697965813239634, -11.072168698876848 ], [ -60.697748148938189, -11.072299303456033 ], [ -60.697512532701857, -11.072939035278619 ], [ -60.697269252669017, -11.072821724411812 ], [ -60.697159842394157, -11.073029504826915 ], [ -60.696963616021897, -11.073038213502914 ], [ -60.696529052613641, -11.072560514197813 ], [ -60.695554824300899, -11.07229234770921 ], [ -60.694482895060645, -11.07142860274252 ], [ -60.694178276012984, -11.071385067706844 ], [ -60.694831290671296, -11.071950897985584 ], [ -60.69507634907567, -11.072009316696795 ], [ -60.695223116869272, -11.072386248870082 ], [ -60.69592963162625, -11.072520757583442 ], [ -60.696006747511412, -11.072734529155401 ], [ -60.69625459504821, -11.072751397872945 ], [ -60.696050282547155, -11.072865258919659 ], [ -60.696114392202539, -11.073139581496937 ], [ -60.69591967797458, -11.073387565434089 ], [ -60.696604556454119, -11.074060302652367 ], [ -60.696572702975466, -11.074214720368103 ], [ -60.697182067271513, -11.073866440082721 ], [ -60.69721114737564, -11.073742299698802 ], [ -60.697525323139267, -11.073692605066743 ], [ -60.697994291399873, -11.07405641144933 ], [ -60.698052883311341, -11.074258254875909 ], [ -60.698428568363731, -11.074361268875164 ], [ -60.698314104936742, -11.07460654643274 ], [ -60.698569215897429, -11.074765504336469 ], [ -60.69857531515089, -11.075128966860758 ], [ -60.698827210410364, -11.075327256177756 ], [ -60.698792989794988, -11.075607841509406 ], [ -60.698967003733479, -11.075738446616436 ], [ -60.698967003733593, -11.075085545738892 ] ], [ [ -60.696599665260493, -11.07325011848136 ], [ -60.696350769909124, -11.072979812742535 ], [ -60.696677492882081, -11.07295897869208 ], [ -60.69687743963388, -11.073300600790482 ], [ -60.696599665260493, -11.07325011848136 ] ], [ [ -60.69699148064214, -11.073859608979118 ], [ -60.696840283439684, -11.073675663954292 ], [ -60.697066272871886, -11.073654788907469 ], [ -60.69699148064214, -11.073859608979118 ] ], [ [ -60.697824879458345, -11.073692362270027 ], [ -60.697693317451417, -11.073575101089615 ], [ -60.697883778430878, -11.073474929881403 ], [ -60.697965821959677, -11.073561785633236 ], [ -60.697824879458345, -11.073692362270027 ] ], [ [ -60.698031418379976, -11.073465120856657 ], [ -60.697931889588972, -11.073461558355032 ], [ -60.697942265106342, -11.073268488059878 ], [ -60.698270567209299, -11.073213448404813 ], [ -60.698031418379976, -11.073465120856657 ] ] ] } },
{ "type": "Feature", "properties": { "patch_id": null, "area_ha": null, "lon_centro": null, "lat_centro": null }, "geometry": { "type": "Polygon", "coordinates": [ [ [ -60.736860142211491, -10.99062046091986 ], [ -60.736713062967823, -10.990443381743276 ], [ -60.73658093783515, -10.990251748508454 ], [ -60.736298266771968, -10.990337635994209 ], [ -60.736222378390693, -10.990557051153253 ], [ -60.736294911136426, -10.990777571487666 ], [ -60.736561845771853, -10.990808889738407 ], [ -60.736860142211491, -10.99062046091986 ] ] ] } },
{ "type": "Feature", "properties": { "patch_id": null, "area_ha": null, "lon_centro": null, "lat_centro": null }, "geometry": { "type": "Polygon", "coordinates": [ [ [ -60.737877048213321, -10.985729797065469 ], [ -60.738116752757747, -10.985438272435285 ], [ -60.738297424439814, -10.985102312437917 ], [ -60.73829965838538, -10.984809021593819 ], [ -60.738077924301038, -10.98469004977138 ], [ -60.73761715690992, -10.984774615137265 ], [ -60.737318867435036, -10.984963046027575 ], [ -60.737138530153459, -10.985255011652615 ], [ -60.737151472123237, -10.985504419086928 ], [ -60.737283037405874, -10.985769374437778 ], [ -60.737877048213321, -10.985729797065469 ] ] ] } },
{ "type": "Feature", "properties": { "patch_id": 857.0, "area_ha": 5.6165, "lon_centro": -60.728492, "lat_centro": -10.968906 }, "geometry": { "type": "Polygon", "coordinates": [ [ [ -60.730616985559287, -10.970688530734131 ], [ -60.730267904195756, -10.970817949713325 ], [ -60.729629026711045, -10.970453983690716 ], [ -60.729268588463462, -10.969688652943608 ], [ -60.72931092308206, -10.969077723142489 ], [ -60.72841462267958, -10.968759694559488 ], [ -60.728309680877913, -10.968545762341215 ], [ -60.728396687333252, -10.968119952357737 ], [ -60.728109182855057, -10.968069675062976 ], [ -60.728048407582136, -10.96785875288773 ], [ -60.727868065278578, -10.967899709162083 ], [ -60.727713581324508, -10.967754090935804 ], [ -60.727700138170142, -10.967379868023148 ], [ -60.727448228280714, -10.967399242003676 ], [ -60.72749246167735, -10.967008821555757 ], [ -60.728048407785501, -10.966552573072336 ], [ -60.728048470662586, -10.965900945046764 ], [ -60.72783074327743, -10.96563846659642 ], [ -60.727395497334129, -10.965725536667785 ], [ -60.727177769949179, -10.96624656314386 ], [ -60.727436433457619, -10.966777152627198 ], [ -60.727078243810581, -10.967490586079943 ], [ -60.726785954628184, -10.967598811436812 ], [ -60.727003693420961, -10.968206919256351 ], [ -60.727522162627864, -10.968631764419609 ], [ -60.727264903635124, -10.968816409755684 ], [ -60.727719452758357, -10.968824975813334 ], [ -60.727923992957663, -10.969044019593573 ], [ -60.727787260448487, -10.969122537686015 ], [ -60.727917917762788, -10.969295283876273 ], [ -60.728512356399101, -10.969528794820118 ], [ -60.729877005241818, -10.971689711365757 ], [ -60.730046493573724, -10.971517968380169 ], [ -60.730268705273794, -10.97155910573092 ], [ -60.730791114294348, -10.970949626503362 ], [ -60.730616985559287, -10.970688530734131 ] ], [ [ -60.727601615009959, -10.966417587819246 ], [ -60.727356410138384, -10.966172839695059 ], [ -60.727511292429035, -10.965862040752711 ], [ -60.72778276041042, -10.965931133475737 ], [ -60.727743789026974, -10.966335015895309 ], [ -60.727601615009959, -10.966417587819246 ] ], [ [ -60.727526684775789, -10.968075323867181 ], [ -60.727411517689653, -10.967700431892197 ], [ -60.727509977676782, -10.96770043189581 ], [ -60.727526684775789, -10.968075323867181 ] ], [ [ -60.7276978274813, -10.96673183194719 ], [ -60.727606854915045, -10.966767798225671 ], [ -60.727561118573384, -10.966676758906509 ], [ -60.7276978274813, -10.96673183194719 ] ], [ [ -60.72792113959261, -10.968260319167063 ], [ -60.727863503138522, -10.968167084304026 ], [ -60.728000719365575, -10.96810996992936 ], [ -60.72792113959261, -10.968260319167063 ] ], [ [ -60.72955766940224, -10.97089974049563 ], [ -60.729535141540936, -10.970717130245427 ], [ -60.729630489259819, -10.970694429710344 ], [ -60.72974639797819, -10.970819044510499 ], [ -60.72955766940224, -10.97089974049563 ] ] ] } },
{ "type": "Feature", "properties": { "patch_id": 856.0, "area_ha": 1.7266, "lon_centro": -60.726368, "lat_centro": -10.963053 }, "geometry": { "type": "Polygon", "coordinates": [ [ [ -60.72761306809943, -10.96385353013398 ], [ -60.727383939554727, -10.963892555750441 ], [ -60.727100650222468, -10.963657441302907 ], [ -60.726766888995797, -10.963175173798957 ], [ -60.726785891014707, -10.962765142970415 ], [ -60.726455545699338, -10.962751859655118 ], [ -60.725880966825557, -10.962218572775024 ], [ -60.725741050693088, -10.961676777822625 ], [ -60.725392885692585, -10.961633243314784 ], [ -60.725305827028528, -10.9622426193697 ], [ -60.725514190643096, -10.962310304183143 ], [ -60.726263586406318, -10.96354865916795 ], [ -60.726438308143166, -10.963201483628026 ], [ -60.726743802212219, -10.963441259844608 ], [ -60.72691662281462, -10.964419360409146 ], [ -60.727131872033461, -10.96445790545692 ], [ -60.727090762957395, -10.964767640694502 ], [ -60.727221241905134, -10.964767640694491 ], [ -60.727166942696464, -10.96424893107222 ], [ -60.727308311976593, -10.964201685230782 ], [ -60.727324447417764, -10.963999953872575 ], [ -60.72747005926891, -10.964003896598605 ], [ -60.727526113314006, -10.964245220266461 ], [ -60.727743661799103, -10.964114625903415 ], [ -60.72761306809943, -10.96385353013398 ] ], [ [ -60.726115525913563, -10.962714721980374 ], [ -60.726095600252577, -10.962609734335356 ], [ -60.726192839327268, -10.962597176219024 ], [ -60.726115525913563, -10.962714721980374 ] ], [ [ -60.726290549762361, -10.963062943026666 ], [ -60.726185325456193, -10.962735843395315 ], [ -60.72663107736652, -10.962860675926127 ], [ -60.726655404012256, -10.963026355442311 ], [ -60.726290549762361, -10.963062943026666 ] ], [ [ -60.727106772226293, -10.964011725948751 ], [ -60.726965543623862, -10.963738094635326 ], [ -60.727161676217612, -10.963781218439555 ], [ -60.727221363355945, -10.963984110921977 ], [ -60.727106772226293, -10.964011725948751 ] ] ] } },
{ "type": "Feature", "properties": { "patch_id": null, "area_ha": null, "lon_centro": null, "lat_centro": null }, "geometry": { "type": "Polygon", "coordinates": [ [ [ -60.719662424146037, -10.939603663197104 ], [ -60.72019922138697, -10.939270370966147 ], [ -60.719933794181721, -10.93904841067148 ], [ -60.719625531290291, -10.938606151851287 ], [ -60.719467568817592, -10.937915706350047 ], [ -60.719217991869407, -10.937561877039816 ], [ -60.718759095342996, -10.93741179741002 ], [ -60.718387327985909, -10.937511676869484 ], [ -60.717986106294866, -10.937582005306997 ], [ -60.717807810452044, -10.937610003457936 ], [ -60.717776448676027, -10.937829747346798 ], [ -60.717805341770891, -10.937932619775252 ], [ -60.718024452924205, -10.938388878848968 ], [ -60.718420402725165, -10.939007776607125 ], [ -60.718686052871426, -10.939200409213887 ], [ -60.719118862336281, -10.938881007313382 ], [ -60.719428918941304, -10.939088636251098 ], [ -60.719232642304931, -10.939527127209296 ], [ -60.718725298244998, -10.939889967929115 ], [ -60.719662424146037, -10.939603663197104 ] ] ] } },
{ "type": "Feature", "properties": { "patch_id": 854.0, "area_ha": 0.3861, "lon_centro": -60.798873, "lat_centro": -10.989012 }, "geometry": { "type": "Polygon", "coordinates": [ [ [ -60.798792955837818, -10.988581430396874 ], [ -60.798618826379624, -10.9887555738344 ], [ -60.798662362139723, -10.989408481624773 ], [ -60.798836375572442, -10.989452005915973 ], [ -60.798851440013834, -10.989250165476012 ], [ -60.799097585786484, -10.989234330737604 ], [ -60.799271725394959, -10.989016666303735 ], [ -60.798792955837818, -10.988581430396874 ] ] ] } },
{ "type": "Feature", "properties": { "patch_id": 853.0, "area_ha": 0.3363, "lon_centro": -60.803627, "lat_centro": -10.988259 }, "geometry": { "type": "Polygon", "coordinates": [ [ [ -60.803842904674454, -10.988015474405533 ], [ -60.803668775406344, -10.987971939897699 ], [ -60.803283273666949, -10.988230570697405 ], [ -60.80301586517232, -10.988189614548174 ], [ -60.803494739690187, -10.988494234603261 ], [ -60.804058290458407, -10.988406712508818 ], [ -60.803842904674454, -10.988015474405533 ] ] ] } },
{ "type": "Feature", "properties": { "patch_id": null, "area_ha": null, "lon_centro": null, "lat_centro": null }, "geometry": { "type": "Polygon", "coordinates": [ [ [ -60.793092659519637, -10.987770715562254 ], [ -60.792947068662485, -10.987388346040179 ], [ -60.792474942823475, -10.987003606399496 ], [ -60.792058916325139, -10.987059249708691 ], [ -60.791731290339158, -10.987203529559952 ], [ -60.791520222314197, -10.987641972834636 ], [ -60.791696150916913, -10.987936567824422 ], [ -60.791960698902095, -10.988290469765101 ], [ -60.792791010721309, -10.988413824885424 ], [ -60.793092659519637, -10.987770715562254 ] ] ] } },
{ "type": "Feature", "properties": { "patch_id": 855.0, "area_ha": 13.8085, "lon_centro": -60.802435, "lat_centro": -10.987327 }, "geometry": { "type": "Polygon", "coordinates": [ [ [ -60.806540792723183, -10.983357163255686 ], [ -60.806368849700725, -10.98348664504071 ], [ -60.806011666847525, -10.98346495246329 ], [ -60.805192616954827, -10.983226620482011 ], [ -60.805318781932044, -10.983457788237398 ], [ -60.804869935619713, -10.983909886317173 ], [ -60.803146459404246, -10.985055092507844 ], [ -60.802014548476947, -10.985925793221174 ], [ -60.801256527502844, -10.986739663669006 ], [ -60.800926172585363, -10.98688356400586 ], [ -60.800490832912807, -10.987449522772138 ], [ -60.800601310087181, -10.987698358249023 ], [ -60.799881342604003, -10.987971939369732 ], [ -60.799963982517653, -10.988297512270641 ], [ -60.799707202461356, -10.988233149583708 ], [ -60.799663667959955, -10.98849424587568 ], [ -60.800177406831438, -10.988997037031337 ], [ -60.800316693495226, -10.98949555169604 ], [ -60.800699195933312, -10.989650307738515 ], [ -60.801139664047263, -10.990704483005967 ], [ -60.80141824, -10.99044794 ], [ -60.80151193, -10.99054306 ], [ -60.80187676, -10.99093405 ], [ -60.801884035043734, -10.990971389667997 ], [ -60.801927363104461, -10.991019267199924 ], [ -60.802066893904815, -10.990641811149539 ], [ -60.802232108543343, -10.990583913039659 ], [ -60.802232435720477, -10.98963158370959 ], [ -60.802406248497256, -10.988842640083163 ], [ -60.802191183430992, -10.988805880241072 ], [ -60.802101566340696, -10.988024902161767 ], [ -60.802319177891889, -10.987884858553935 ], [ -60.802067280508751, -10.987773637533735 ], [ -60.80186168385606, -10.987229120719578 ], [ -60.802330857338539, -10.986337209708537 ], [ -60.802539609589232, -10.986209235353096 ], [ -60.802928668925794, -10.986361018383285 ], [ -60.802894446144613, -10.986036899826669 ], [ -60.803194527185838, -10.985971600329693 ], [ -60.803277075920185, -10.986448099199119 ], [ -60.803605227580611, -10.98654752946616 ], [ -60.803668890707044, -10.986752833704296 ], [ -60.804452395174039, -10.986883438811232 ], [ -60.804551985845777, -10.986555046059372 ], [ -60.804757140614349, -10.986491619658169 ], [ -60.804638214238359, -10.986119534551845 ], [ -60.80488775640535, -10.986186877712655 ], [ -60.805540771065985, -10.985707992848146 ], [ -60.805540771066013, -10.985490442336808 ], [ -60.805165093162749, -10.98530035759217 ], [ -60.804800675459823, -10.984706811694739 ], [ -60.804452521348743, -10.984837416801696 ], [ -60.804428067428418, -10.985437706338574 ], [ -60.80399796368205, -10.985263566199965 ], [ -60.804159328784962, -10.984639343391976 ], [ -60.804974826477043, -10.984097196000544 ], [ -60.805530808353438, -10.983491609955179 ], [ -60.806890356637915, -10.983487716773462 ], [ -60.806540792723183, -10.983357163255686 ] ], [ [ -60.800213043478244, -10.988879218846881 ], [ -60.800128024251315, -10.988727630309715 ], [ -60.800374689311731, -10.988674840470686 ], [ -60.800577901018265, -10.988973211330404 ], [ -60.800213043478244, -10.988879218846881 ] ], [ [ -60.800249624872002, -10.988394918838825 ], [ -60.80024201734691, -10.988122307285172 ], [ -60.800481357296249, -10.988070746451228 ], [ -60.800491259807835, -10.988320700185431 ], [ -60.800249624872002, -10.988394918838825 ] ], [ [ -60.80171433567002, -10.988753172766064 ], [ -60.801441203402916, -10.988797003845916 ], [ -60.801188677855819, -10.988537832500194 ], [ -60.80099985528075, -10.988775187733324 ], [ -60.800535285828929, -10.988275906690571 ], [ -60.800695110057433, -10.988126337004211 ], [ -60.800977708210098, -10.988168833896879 ], [ -60.801273053389409, -10.988407227393186 ], [ -60.801492141189215, -10.988234056309169 ], [ -60.80171433567002, -10.988753172766064 ] ] ] } },
{ "type": "Feature", "properties": { "patch_id": null, "area_ha": null, "lon_centro": null, "lat_centro": null }, "geometry": { "type": "Polygon", "coordinates": [ [ [ -60.794339870544434, -10.987721100882402 ], [ -60.794548320164054, -10.987634617372029 ], [ -60.795087662762796, -10.986963897059379 ], [ -60.795567632785257, -10.986292744965828 ], [ -60.794829210873367, -10.98578875122651 ], [ -60.794352726638394, -10.985990618678304 ], [ -60.794112632089046, -10.986340858805448 ], [ -60.793631787231064, -10.987129328715952 ], [ -60.794339870544434, -10.987721100882402 ] ] ] } },
{ "type": "Feature", "properties": { "patch_id": 852.0, "area_ha": 0.5582, "lon_centro": -60.797875, "lat_centro": -10.986679 }, "geometry": { "type": "Polygon", "coordinates": [ [ [ -60.797966022917237, -10.986400644453139 ], [ -60.798096279966764, -10.986317483347852 ], [ -60.798096279432571, -10.986056387055699 ], [ -60.797791650016919, -10.985969328256678 ], [ -60.797870874582614, -10.986432196992796 ], [ -60.797661044909979, -10.9863611435777 ], [ -60.797486852554599, -10.986493016977777 ], [ -60.797745864270098, -10.986790727017773 ], [ -60.797617520748901, -10.987144649025572 ], [ -60.797749442584923, -10.987167855347188 ], [ -60.797791650017174, -10.987405858711726 ], [ -60.798181061024508, -10.986926521387263 ], [ -60.797966022917237, -10.986400644453139 ] ] ] } },
{ "type": "Feature", "properties": { "patch_id": null, "area_ha": null, "lon_centro": null, "lat_centro": null }, "geometry": { "type": "Polygon", "coordinates": [ [ [ -60.811291699913994, -10.981595846215289 ], [ -60.810921720018811, -10.981446524002896 ], [ -60.810519569525731, -10.981634288976123 ], [ -60.809927278377003, -10.981439367643386 ], [ -60.809512988776184, -10.981260392861106 ], [ -60.80924604201789, -10.98122913885932 ], [ -60.808874333254721, -10.981314458479556 ], [ -60.808623527268416, -10.981107327818322 ], [ -60.808253766322778, -10.980928672235756 ], [ -60.807927558982691, -10.980882324261341 ], [ -60.807823770692927, -10.980866910507325 ], [ -60.807588132972491, -10.980615890408799 ], [ -60.80744100842491, -10.980438838087696 ], [ -60.807364848377688, -10.980702277631126 ], [ -60.807271247698843, -10.981317575847623 ], [ -60.807447407735545, -10.981582833649771 ], [ -60.807358028635726, -10.981626187601234 ], [ -60.807225096686714, -10.98153723349321 ], [ -60.806763466836593, -10.981739230368396 ], [ -60.806969527904592, -10.981975371924802 ], [ -60.807323363907571, -10.982300574553665 ], [ -60.80740982020076, -10.982653182049757 ], [ -60.80728794081466, -10.983077618090006 ], [ -60.807093689410472, -10.983252210085904 ], [ -60.806677125570573, -10.983381201110044 ], [ -60.806561743394425, -10.982925722923385 ], [ -60.806593377768124, -10.982661962837359 ], [ -60.806446469751528, -10.982455579521149 ], [ -60.806148646402541, -10.982585426095094 ], [ -60.80592275989455, -10.983023777207748 ], [ -60.805371855587858, -10.983254459467179 ], [ -60.804350870827498, -10.982821778586048 ], [ -60.803122096165943, -10.9823875944373 ], [ -60.802604023169195, -10.982193195353169 ], [ -60.802011847739287, -10.981983594205182 ], [ -60.800854253052755, -10.981960563149007 ], [ -60.800139648460672, -10.982248716042539 ], [ -60.799543998919638, -10.982508395507475 ], [ -60.798697550051926, -10.982560935864838 ], [ -60.79794102525468, -10.982496797262579 ], [ -60.797473138971746, -10.981540125089392 ], [ -60.79681285001007, -10.980508730047269 ], [ -60.796329909840132, -10.979581280111038 ], [ -60.795992347501361, -10.979065528422881 ], [ -60.794408701835593, -10.978452753053867 ], [ -60.792541103970223, -10.97810189718458 ], [ -60.791623511972283, -10.977743259397247 ], [ -60.79126512285022, -10.978033976205333 ], [ -60.791217217175458, -10.978488270564307 ], [ -60.791200521740031, -10.978737469206839 ], [ -60.790765739461385, -10.979320947968469 ], [ -60.790479703931972, -10.979861508266557 ], [ -60.790462680359504, -10.980154701926812 ], [ -60.790473159474317, -10.980741412544528 ], [ -60.790305204645087, -10.981370824912762 ], [ -60.789782017333515, -10.98186566391078 ], [ -60.789319943697798, -10.98212629213138 ], [ -60.789066861578952, -10.982227114016764 ], [ -60.789196184489867, -10.982800021932476 ], [ -60.789640470316925, -10.982935242938309 ], [ -60.789968419120186, -10.982746969396109 ], [ -60.790267555876596, -10.982441159271811 ], [ -60.790329325158844, -10.982118958986957 ], [ -60.790865718456587, -10.981844202838156 ], [ -60.791462134042341, -10.981481886020694 ], [ -60.791794222922718, -10.980736336781144 ], [ -60.791945696956653, -10.980326791475298 ], [ -60.792395103315457, -10.979772748753891 ], [ -60.793229858601194, -10.979294829100088 ], [ -60.793719757986501, -10.97928371535694 ], [ -60.794431963031904, -10.979318209784902 ], [ -60.794697488836768, -10.979540122648631 ], [ -60.795366147977475, -10.979442306261944 ], [ -60.796016592201958, -10.979798999762844 ], [ -60.79610281669342, -10.980180938051326 ], [ -60.796116135758574, -10.980386357330543 ], [ -60.796513938627434, -10.980785218069895 ], [ -60.796910654897559, -10.981330729828041 ], [ -60.796369152497512, -10.982294758941984 ], [ -60.795766208673086, -10.983536993482465 ], [ -60.795688295839717, -10.984035069811837 ], [ -60.795775282020223, -10.984314352411674 ], [ -60.796467760764067, -10.985008667570815 ], [ -60.796969140074921, -10.985452276976989 ], [ -60.79732144310784, -10.985982801740789 ], [ -60.796366516037821, -10.986650516344346 ], [ -60.795828047639276, -10.98720391866728 ], [ -60.795286963270613, -10.988109282310536 ], [ -60.795254228326357, -10.988519690190582 ], [ -60.795184182483766, -10.989956440437952 ], [ -60.795088589427642, -10.990835701049591 ], [ -60.795202973222217, -10.991423166538937 ], [ -60.795647166733538, -10.991573046831702 ], [ -60.796300248805352, -10.991577781840832 ], [ -60.796804250076178, -10.991669430491664 ], [ -60.797426558807807, -10.991820599263523 ], [ -60.797728203391927, -10.991177484196834 ], [ -60.797553790459858, -10.990677579388429 ], [ -60.797645241068714, -10.990355591626711 ], [ -60.798208829745214, -10.990418337436422 ], [ -60.798383026205968, -10.990947572339264 ], [ -60.798738164907988, -10.991096803325313 ], [ -60.798862780507854, -10.990305745296034 ], [ -60.798894206135842, -10.990071317891296 ], [ -60.799813368461962, -10.990224630367205 ], [ -60.800227226272796, -10.990462280193153 ], [ -60.800820284845891, -10.990554566419837 ], [ -60.801504573378629, -10.99035419216661 ], [ -60.802066209372995, -10.990680904146178 ], [ -60.802425476852413, -10.990272854289426 ], [ -60.802580636160243, -10.989364685828994 ], [ -60.802761354327913, -10.989014008590596 ], [ -60.8033284163212, -10.988607458536674 ], [ -60.804130573232911, -10.988525256512508 ], [ -60.80472081087661, -10.98899882992707 ], [ -60.805019834435065, -10.988707668883379 ], [ -60.805230451718188, -10.988327873391903 ], [ -60.804909117365717, -10.987621586409333 ], [ -60.80452429264087, -10.987472148497302 ], [ -60.804046941229998, -10.987791353472884 ], [ -60.803125393908097, -10.987960688983662 ], [ -60.802383695090406, -10.987896665851514 ], [ -60.802118481688886, -10.987630761722901 ], [ -60.802033117437752, -10.98713150196745 ], [ -60.802303541228291, -10.986693477341438 ], [ -60.803372425383749, -10.986671867649783 ], [ -60.80435051916858, -10.986884254476177 ], [ -60.804918008616276, -10.986419039366341 ], [ -60.805157441724013, -10.986156779520272 ], [ -60.806617866815323, -10.985375350977685 ], [ -60.807451866473478, -10.985000047690221 ], [ -60.807398560068187, -10.984178366581205 ], [ -60.807518816027091, -10.983973909130317 ], [ -60.808706866587613, -10.983894473515324 ], [ -60.809299485600484, -10.984045402222913 ], [ -60.81003944939377, -10.984344051100878 ], [ -60.810424923315814, -10.984405490222594 ], [ -60.810843974542024, -10.983939192843504 ], [ -60.811263024420541, -10.983472894620506 ], [ -60.811599933437506, -10.982067377156923 ], [ -60.811291699913994, -10.981595846215289 ] ] ] } },
{ "type": "Feature", "properties": { "patch_id": null, "area_ha": null, "lon_centro": null, "lat_centro": null }, "geometry": { "type": "Polygon", "coordinates": [ [ [ -60.787734908539662, -10.985685901629033 ], [ -60.7875598593738, -10.985273985026847 ], [ -60.787770711818297, -10.984864875328295 ], [ -60.788515887874844, -10.984459650545993 ], [ -60.789228975622649, -10.984376839006474 ], [ -60.790326436722054, -10.984502140172911 ], [ -60.791365838882847, -10.984451025561741 ], [ -60.790743986825213, -10.984241187614586 ], [ -60.79017975917688, -10.984266420896844 ], [ -60.789497884498061, -10.984144139683295 ], [ -60.788996520625794, -10.983700520505476 ], [ -60.788852683338391, -10.983083509498233 ], [ -60.788201370655528, -10.982844121382939 ], [ -60.787544596960949, -10.983337984052728 ], [ -60.787242506556048, -10.984039746726015 ], [ -60.786197204230561, -10.984882758713313 ], [ -60.784737403935573, -10.985576089149857 ], [ -60.784585260005777, -10.986073618325713 ], [ -60.785058247166369, -10.986341047884599 ], [ -60.786067749633411, -10.986319066678217 ], [ -60.786541176266041, -10.986527834156201 ], [ -60.787580365114145, -10.986506064075055 ], [ -60.787734908539662, -10.985685901629033 ] ] ] } },
{ "type": "Feature", "properties": { "patch_id": null, "area_ha": null, "lon_centro": null, "lat_centro": null }, "geometry": { "type": "Polygon", "coordinates": [ [ [ -60.814165253438148, -10.984432390888545 ], [ -60.814225055611168, -10.984374156304792 ], [ -60.814198608697914, -10.98393398393357 ], [ -60.814023304440326, -10.983551406248379 ], [ -60.813638045877802, -10.983460641163147 ], [ -60.813221374822767, -10.983604306938705 ], [ -60.813040456355751, -10.983984324105428 ], [ -60.813244364628432, -10.984513768482758 ], [ -60.813597995467234, -10.984868296249196 ], [ -60.814165253438148, -10.984432390888545 ] ] ] } },
{ "type": "Feature", "properties": { "patch_id": 851.0, "area_ha": 2.9793, "lon_centro": -60.809237, "lat_centro": -10.983068 }, "geometry": { "type": "Polygon", "coordinates": [ [ [ -60.810983191016547, -10.98198690326824 ], [ -60.810939230788648, -10.981659359725986 ], [ -60.810438011263166, -10.98225895465281 ], [ -60.809639389468288, -10.982658086117645 ], [ -60.808939259818821, -10.98281244857951 ], [ -60.808022394273301, -10.982704200054096 ], [ -60.807695303971592, -10.98312965538944 ], [ -60.806977553225757, -10.983400764478393 ], [ -60.80693401838176, -10.98383598631429 ], [ -60.807054904306185, -10.98362250115327 ], [ -60.807717522849806, -10.983531241064586 ], [ -60.808007576014674, -10.983232520286997 ], [ -60.80871381644225, -10.983052660819503 ], [ -60.808860671563551, -10.983393514025618 ], [ -60.808675420342745, -10.983487716773409 ], [ -60.808893084112484, -10.983705380679385 ], [ -60.8092894323431, -10.983533638354377 ], [ -60.809459050450677, -10.983923056385557 ], [ -60.810024890614486, -10.984097196000359 ], [ -60.810286089954097, -10.983792575945914 ], [ -60.809953947046083, -10.983646026186159 ], [ -60.809727174886014, -10.983243527736613 ], [ -60.809816516756598, -10.982945912397152 ], [ -60.810199030757367, -10.982921750037285 ], [ -60.810262682838896, -10.9826729113519 ], [ -60.811285107176957, -10.982094132521924 ], [ -60.810983191016547, -10.98198690326824 ] ] ] } },
{ "type": "Feature", "properties": { "patch_id": 849.0, "area_ha": 0.3212, "lon_centro": -60.816599, "lat_centro": -10.977113 }, "geometry": { "type": "Polygon", "coordinates": [ [ [ -60.816903426251208, -10.97682697076703 ], [ -60.816642320460645, -10.97682697076703 ], [ -60.816564854832528, -10.977083990424953 ], [ -60.816424540858876, -10.976914040838295 ], [ -60.8162940401753, -10.976957575873984 ], [ -60.816250516548124, -10.977218671636816 ], [ -60.816598681001452, -10.97752340561407 ], [ -60.816654725471558, -10.977282083629319 ], [ -60.816990484914086, -10.977044531494103 ], [ -60.816903426251208, -10.97682697076703 ] ] ] } },
{ "type": "Feature", "properties": { "patch_id": 850.0, "area_ha": 2.6318, "lon_centro": -60.815287, "lat_centro": -10.976451 }, "geometry": { "type": "Polygon", "coordinates": [ [ [ -60.816555250389193, -10.976217480267609 ], [ -60.816021274780283, -10.976561250868373 ], [ -60.815858574521101, -10.97626101477543 ], [ -60.815467959178193, -10.976044766622179 ], [ -60.815693746365604, -10.975196676150983 ], [ -60.81629392487811, -10.974737288527017 ], [ -60.815815154782548, -10.974737289054836 ], [ -60.815524882791713, -10.975035568520227 ], [ -60.8151621401217, -10.975085568812309 ], [ -60.815157576592789, -10.975358731373476 ], [ -60.814713334588696, -10.976156352746674 ], [ -60.814557263145787, -10.976260670881755 ], [ -60.814204369337155, -10.976086874632676 ], [ -60.814476741363897, -10.976579046610105 ], [ -60.814194354885352, -10.977153302230194 ], [ -60.813856088858628, -10.977479999664821 ], [ -60.814027967654759, -10.977735440233539 ], [ -60.814073764230578, -10.978219966712668 ], [ -60.814166805317534, -10.977595309779351 ], [ -60.814683128557917, -10.97721866089228 ], [ -60.814751116996213, -10.977010186754443 ], [ -60.815375531811057, -10.976773446996075 ], [ -60.815771515323831, -10.977131590293036 ], [ -60.816511600056018, -10.976826845571196 ], [ -60.816685739664521, -10.97652211106611 ], [ -60.816555250389193, -10.976217480267609 ] ], [ [ -60.814704445146482, -10.976730005092413 ], [ -60.814518712694621, -10.976770258982077 ], [ -60.814707465685146, -10.976443607539936 ], [ -60.814901452980692, -10.976520737860456 ], [ -60.814704445146482, -10.976730005092413 ] ], [ [ -60.815373489569531, -10.976476111042182 ], [ -60.814816083706738, -10.976182460184988 ], [ -60.815040089560135, -10.975588246678415 ], [ -60.815331101543912, -10.975305353913075 ], [ -60.815466822288798, -10.975357407540113 ], [ -60.815336280798768, -10.975999690638107 ], [ -60.815685083626803, -10.97643366777746 ], [ -60.815373489569531, -10.976476111042182 ] ], [ [ -60.814982491748893, -10.976739564736565 ], [ -60.814933147788864, -10.976683676544985 ], [ -60.815080213645551, -10.976609482636762 ], [ -60.814982491748893, -10.976739564736565 ] ] ] } },
{ "type": "Feature", "properties": { "patch_id": null, "area_ha": null, "lon_centro": null, "lat_centro": null }, "geometry": { "type": "Polygon", "coordinates": [ [ [ -60.8152433207581, -10.974078542407169 ], [ -60.815308617167723, -10.973272375659128 ], [ -60.815105463201583, -10.972640275825748 ], [ -60.814545886632239, -10.97203495036192 ], [ -60.814060198581764, -10.971474152922427 ], [ -60.813483735272058, -10.971147360609107 ], [ -60.812993304466772, -10.971231835437509 ], [ -60.812680653012286, -10.971361584622173 ], [ -60.811817662575741, -10.971648706154545 ], [ -60.810956398550367, -10.97170118040126 ], [ -60.81059889629109, -10.97187460293013 ], [ -60.810196759834561, -10.972062370037664 ], [ -60.809766343580755, -10.972059274495185 ], [ -60.809618032259344, -10.972043541657342 ], [ -60.809499512886219, -10.9720133570162 ], [ -60.809425195169318, -10.972027488444553 ], [ -60.80939432266495, -10.97218859283382 ], [ -60.808978640316937, -10.972200268177936 ], [ -60.808786559860053, -10.97208155772471 ], [ -60.808386800797656, -10.971946686518907 ], [ -60.808133947615524, -10.972018196754384 ], [ -60.80788076995119, -10.972133702510288 ], [ -60.808071228073992, -10.972472392268035 ], [ -60.808173391695547, -10.972707784191277 ], [ -60.8083363288494, -10.972752955122246 ], [ -60.808619082794472, -10.9726523279482 ], [ -60.808753525159695, -10.972535967176539 ], [ -60.808858175441223, -10.972434057984554 ], [ -60.80900745956076, -10.972317803861788 ], [ -60.809126195108853, -10.972318658180829 ], [ -60.809259340343196, -10.972378280293686 ], [ -60.809273425820201, -10.972481043928417 ], [ -60.80907950773237, -10.972611643075 ], [ -60.809076697632449, -10.97299293990188 ], [ -60.80928286422418, -10.973214413938059 ], [ -60.809760617280745, -10.972836533787417 ], [ -60.810028961246907, -10.972677137377719 ], [ -60.810533588349927, -10.972680766339739 ], [ -60.810990450063883, -10.973124032811514 ], [ -60.811018838199885, -10.973300229593459 ], [ -60.811135738546199, -10.973550393002222 ], [ -60.811149716678031, -10.973667821960428 ], [ -60.811177996912122, -10.973858684032082 ], [ -60.811159051193059, -10.974415858038542 ], [ -60.811170545383924, -10.974870588470596 ], [ -60.811242595918621, -10.975164427656456 ], [ -60.811319830234353, -10.974754333291596 ], [ -60.811486548548096, -10.974286217878381 ], [ -60.811548508145719, -10.973934677780939 ], [ -60.811493998594521, -10.973274313186529 ], [ -60.811614677987926, -10.973011191440001 ], [ -60.811942173570927, -10.972881550442397 ], [ -60.812283215846477, -10.972927999203151 ], [ -60.812474003616714, -10.973222691364652 ], [ -60.812379015545432, -10.974028642743487 ], [ -60.812048172241084, -10.974612907995784 ], [ -60.811749279112796, -10.974889414971734 ], [ -60.811717867351447, -10.975123846185918 ], [ -60.812129775981113, -10.975625453022575 ], [ -60.812290880475565, -10.9759199322024 ], [ -60.812406055358771, -10.976404740158467 ], [ -60.812357642331939, -10.976932370638188 ], [ -60.812281271983515, -10.977225143060419 ], [ -60.811788778955972, -10.977588254337206 ], [ -60.811031609172112, -10.977612141852649 ], [ -60.810378119056409, -10.977666105457722 ], [ -60.809859073691527, -10.977603706745899 ], [ -60.809412401826762, -10.977791150754925 ], [ -60.810584505466217, -10.977858248814156 ], [ -60.811208527635891, -10.977774740807739 ], [ -60.811490422158428, -10.977791433979093 ], [ -60.811873944586758, -10.97811684484105 ], [ -60.812138729637958, -10.978441401805735 ], [ -60.812542602224298, -10.978018988962123 ], [ -60.812795352511209, -10.977962141159757 ], [ -60.813357200127371, -10.978259499799853 ], [ -60.813667701087468, -10.97842305736159 ], [ -60.813755459963339, -10.978599680731746 ], [ -60.813784173401409, -10.978731881703066 ], [ -60.814336791125832, -10.978266536322529 ], [ -60.814768296229602, -10.978122973998918 ], [ -60.815258199713398, -10.978111825022337 ], [ -60.815405544435194, -10.978259543620325 ], [ -60.81544748358538, -10.978611830907306 ], [ -60.815207957537766, -10.978888767212529 ], [ -60.81549093231223, -10.978758803722227 ], [ -60.815757663011723, -10.978819382590073 ], [ -60.815665266626524, -10.979273368383554 ], [ -60.815737537671922, -10.979537876841345 ], [ -60.816285304154711, -10.979732467355989 ], [ -60.81655656272175, -10.979177101874772 ], [ -60.816545276914937, -10.978693039489805 ], [ -60.816593144709358, -10.978238733683977 ], [ -60.816936996136128, -10.97790387982988 ], [ -60.817326450864918, -10.977422691356333 ], [ -60.81744702024104, -10.977174232034479 ], [ -60.81709425309154, -10.976702386754789 ], [ -60.816830648023149, -10.976216514639241 ], [ -60.816816883135964, -10.976069754835128 ], [ -60.816848722133173, -10.975776661010144 ], [ -60.817105347927935, -10.975191856894313 ], [ -60.817195801079272, -10.975001846013219 ], [ -60.817049425964406, -10.974722140340994 ], [ -60.81684271314316, -10.974573996962672 ], [ -60.816219559163848, -10.974540195492398 ], [ -60.8152433207581, -10.974078542407169 ] ] ] } },
{ "type": "Feature", "properties": { "patch_id": null, "area_ha": null, "lon_centro": null, "lat_centro": null }, "geometry": { "type": "Polygon", "coordinates": [ [ [ -60.793329536213726, -10.971867276862261 ], [ -60.792946807486373, -10.971439192241203 ], [ -60.792218582405859, -10.971565906479192 ], [ -60.791626438024004, -10.971356290488229 ], [ -60.791287693080243, -10.971001852687449 ], [ -60.790992384459422, -10.970794388480844 ], [ -60.790412795936042, -10.970892844918826 ], [ -60.789772532322921, -10.971166850193576 ], [ -60.789916697801189, -10.971739865240369 ], [ -60.790716407435788, -10.971980322227045 ], [ -60.791337908650661, -10.972234150667113 ], [ -60.79195777729484, -10.97270795444085 ], [ -60.792357416676268, -10.972857511083431 ], [ -60.792785215758009, -10.973212593874464 ], [ -60.793005556694823, -10.973522174834226 ], [ -60.79307617288827, -10.974006661157858 ], [ -60.793163155394382, -10.974285943630527 ], [ -60.793214213467465, -10.973406360099151 ], [ -60.79320525037479, -10.972614336836001 ], [ -60.793329536213726, -10.971867276862261 ] ] ] } },
{ "type": "Feature", "properties": { "patch_id": 848.0, "area_ha": 0.7303, "lon_centro": -60.792402, "lat_centro": -10.972159 }, "geometry": { "type": "Polygon", "coordinates": [ [ [ -60.792828551527947, -10.971776906628447 ], [ -60.792523921572155, -10.971733371064888 ], [ -60.792411741314474, -10.971925587737067 ], [ -60.792088560341625, -10.971907511735445 ], [ -60.792085231743975, -10.972178469429656 ], [ -60.791696755894478, -10.971994581278885 ], [ -60.791740290930207, -10.972473342005298 ], [ -60.792461248688809, -10.972338378708281 ], [ -60.793002680796604, -10.972560412076543 ], [ -60.792828551527947, -10.971776906628447 ] ] ] } },
{ "type": "Feature", "properties": { "patch_id": 847.0, "area_ha": 1.263, "lon_centro": -60.813726, "lat_centro": -10.971872 }, "geometry": { "type": "Polygon", "coordinates": [ [ [ -60.814247789076468, -10.97142862634397 ], [ -60.813943043826796, -10.971298021236958 ], [ -60.813613890488753, -10.971432983959781 ], [ -60.813290122713042, -10.97125448620122 ], [ -60.813159529014463, -10.972386282677624 ], [ -60.813420612524602, -10.972429806968773 ], [ -60.813553285830928, -10.972116352583878 ], [ -60.813638414406839, -10.972386282677608 ], [ -60.81398657886227, -10.972560411547846 ], [ -60.814334847739545, -10.971646187071215 ], [ -60.814247789076468, -10.97142862634397 ] ] ] } },
{ "type": "Feature", "properties": { "patch_id": null, "area_ha": null, "lon_centro": null, "lat_centro": null }, "geometry": { "type": "Polygon", "coordinates": [ [ [ -60.807251502667192, -10.971923847473663 ], [ -60.807282430314508, -10.971755410894703 ], [ -60.80726931894872, -10.971520660089338 ], [ -60.807159302748481, -10.971343875606056 ], [ -60.806958504755059, -10.971401093720985 ], [ -60.806854287092435, -10.971444341242806 ], [ -60.80674823028442, -10.971736897815758 ], [ -60.806598404866982, -10.971926476915005 ], [ -60.806692929781171, -10.9721911461072 ], [ -60.80681870739943, -10.972243383110749 ], [ -60.807168195596965, -10.972150570942391 ], [ -60.807251502667192, -10.971923847473663 ] ] ] } },
{ "type": "Feature", "properties": { "patch_id": null, "area_ha": null, "lon_centro": null, "lat_centro": null }, "geometry": { "type": "Polygon", "coordinates": [ [ [ -60.758531887160174, -10.970835849596076 ], [ -60.75868129566836, -10.97070495907257 ], [ -60.758713631354375, -10.970353223222149 ], [ -60.758641746025262, -10.970044717085299 ], [ -60.758568865922371, -10.969868193813282 ], [ -60.758377255474777, -10.969690796693847 ], [ -60.757859358054979, -10.969481666507289 ], [ -60.757161707209853, -10.969491195393379 ], [ -60.756864439181619, -10.969547668414009 ], [ -60.756833539761523, -10.969708761992548 ], [ -60.756934773850972, -10.970061481028448 ], [ -60.757170243711279, -10.970327195310803 ], [ -60.75742088713222, -10.970549024529888 ], [ -60.757567752104784, -10.970755423894884 ], [ -60.758099829165999, -10.971052652755246 ], [ -60.758531887160174, -10.970835849596076 ] ] ] } },
{ "type": "Feature", "properties": { "patch_id": null, "area_ha": null, "lon_centro": null, "lat_centro": null }, "geometry": { "type": "Polygon", "coordinates": [ [ [ -60.788454280130445, -10.960817850936026 ], [ -60.788247157769298, -10.960728352902189 ], [ -60.787685592158496, -10.960401628719367 ], [ -60.787985248696238, -10.960022491183263 ], [ -60.788519093225283, -10.960085028117415 ], [ -60.789026306170598, -10.959736726724444 ], [ -60.789710522263725, -10.959536366427637 ], [ -60.790101181878569, -10.95889390015579 ], [ -60.789119927873799, -10.959121439308422 ], [ -60.788643487914264, -10.959323305686429 ], [ -60.788286647963844, -10.959408712083698 ], [ -60.787872187352995, -10.959259046188158 ], [ -60.787197783061387, -10.958139546906358 ], [ -60.785951138152576, -10.958130496073238 ], [ -60.78532388833176, -10.958653910227746 ], [ -60.784461799384893, -10.958823636194522 ], [ -60.783984266451426, -10.959172145036996 ], [ -60.784245946647488, -10.959907338296698 ], [ -60.784743557472702, -10.960849567887941 ], [ -60.785422975686075, -10.961294480029018 ], [ -60.785657815334552, -10.961648166286921 ], [ -60.785950056260575, -10.962266254520962 ], [ -60.786428247713935, -10.961829752887624 ], [ -60.787143024256636, -10.961512294791799 ], [ -60.788454280130445, -10.960817850936026 ] ] ] } },
{ "type": "Feature", "properties": { "patch_id": 751.0, "area_ha": 0.548, "lon_centro": -60.683775, "lat_centro": -10.917539 }, "geometry": { "type": "Polygon", "coordinates": [ [ [ -60.684687627332821, -10.917227506930871 ], [ -60.683812210624296, -10.917575442868456 ], [ -60.68290177669197, -10.917531066096414 ], [ -60.6825094765126, -10.917358049181349 ], [ -60.682293211776141, -10.917532137739004 ], [ -60.682690089036697, -10.917534361401904 ], [ -60.683512066105258, -10.917836872244983 ], [ -60.683540112448924, -10.917708564566997 ], [ -60.683947427333045, -10.917749801645801 ], [ -60.685035792353716, -10.917314451816882 ], [ -60.684687627332821, -10.917227506930871 ] ] ] } },
{ "type": "Feature", "properties": { "patch_id": null, "area_ha": null, "lon_centro": null, "lat_centro": null }, "geometry": { "type": "Polygon", "coordinates": [ [ [ -60.685549083148857, -10.916117780007845 ], [ -60.685318357756579, -10.916211356659028 ], [ -60.685184419266221, -10.916261670603994 ], [ -60.685078906986405, -10.916473513667418 ], [ -60.685225184543214, -10.916745921401818 ], [ -60.685335787350922, -10.91683474769845 ], [ -60.685498890835774, -10.916850646518361 ], [ -60.685756927049084, -10.916104687186007 ], [ -60.685549083148857, -10.916117780007845 ] ] ] } },
{ "type": "Feature", "properties": { "patch_id": 750.0, "area_ha": 1.1302, "lon_centro": -60.678414, "lat_centro": -10.91543 }, "geometry": { "type": "Polygon", "coordinates": [ [ [ -60.681030568538496, -10.91618265480313 ], [ -60.680508159515611, -10.915834385789269 ], [ -60.679768168301827, -10.915964990896214 ], [ -60.679077828122935, -10.916484832127297 ], [ -60.678665206396424, -10.916437411074273 ], [ -60.677942190796408, -10.915841159807586 ], [ -60.677809039503487, -10.915277856915035 ], [ -60.677983116042149, -10.914484788411922 ], [ -60.677547777090538, -10.914092984362371 ], [ -60.677373752210542, -10.914092983834582 ], [ -60.677194885876823, -10.914310315163315 ], [ -60.676720726675484, -10.914180053905845 ], [ -60.676981926018613, -10.914441138935269 ], [ -60.677665980956377, -10.91446102539353 ], [ -60.677809102567636, -10.916095470818444 ], [ -60.678394262104348, -10.916321722532771 ], [ -60.678679792410158, -10.916617890718635 ], [ -60.679027968302812, -10.916617890718634 ], [ -60.680014563084953, -10.915970889693584 ], [ -60.680454429438271, -10.915921393033923 ], [ -60.680709795929921, -10.916023283885663 ], [ -60.681291779286461, -10.916661426281985 ], [ -60.681030568538496, -10.91618265480313 ] ] ] } },
{ "type": "Feature", "properties": { "patch_id": null, "area_ha": null, "lon_centro": null, "lat_centro": null }, "geometry": { "type": "Polygon", "coordinates": [ [ [ -60.685124989435408, -10.917229105687007 ], [ -60.684145118086903, -10.917295014637135 ], [ -60.683594637208571, -10.917481490990719 ], [ -60.682586568316545, -10.917356537574641 ], [ -60.682230231017812, -10.917383167994089 ], [ -60.682005273533001, -10.917689426323117 ], [ -60.681663660064686, -10.91773083243743 ], [ -60.681487653121359, -10.917465530698127 ], [ -60.681327508418605, -10.917068365186832 ], [ -60.68112364699158, -10.916568214170459 ], [ -60.680431162176106, -10.915932375439091 ], [ -60.679941172770057, -10.915972655129311 ], [ -60.679511673255114, -10.915866744100837 ], [ -60.679409516595697, -10.915645996369646 ], [ -60.679399005518384, -10.915088651766617 ], [ -60.680127194392931, -10.914947524504997 ], [ -60.68008450224184, -10.914712562884908 ], [ -60.67964084965174, -10.914518555871876 ], [ -60.678873273068596, -10.913999464627636 ], [ -60.678328036668127, -10.913511388452989 ], [ -60.677399529876375, -10.912697776652847 ], [ -60.677404542653115, -10.912052561359014 ], [ -60.677574249086518, -10.911217952581795 ], [ -60.677132996008851, -10.910715999650595 ], [ -60.676040376385551, -10.910018459378719 ], [ -60.67538786952872, -10.909969510823666 ], [ -60.674779533466534, -10.909964890886869 ], [ -60.673923979961003, -10.909313139498334 ], [ -60.673023918257364, -10.908661048157995 ], [ -60.672240733290892, -10.908244480311271 ], [ -60.671212845782563, -10.908764596524469 ], [ -60.6709712223495, -10.909305355762996 ], [ -60.670164519498712, -10.910003127250995 ], [ -60.669126929630735, -10.909863245992872 ], [ -60.668626688342222, -10.909316840530641 ], [ -60.668510390325906, -10.909007994834619 ], [ -60.668354839556017, -10.908024271076513 ], [ -60.668699640871651, -10.907572288784491 ], [ -60.669327034641938, -10.907034468271897 ], [ -60.670144226353145, -10.906894039219756 ], [ -60.670516071549514, -10.906779549889416 ], [ -60.670696059964861, -10.906531617651497 ], [ -60.670743540611895, -10.906150694303664 ], [ -60.670717405898507, -10.905695887071863 ], [ -60.670525549946191, -10.905562444704831 ], [ -60.6704180352111, -10.906030900036921 ], [ -60.670104055041108, -10.906336471851956 ], [ -60.669853992498062, -10.906055938388278 ], [ -60.669606672082701, -10.905423471000052 ], [ -60.669504296913715, -10.905232049876242 ], [ -60.669156659256764, -10.904144211024207 ], [ -60.669028037805923, -10.903512646922952 ], [ -60.668498130818385, -10.902966017463323 ], [ -60.667847243838764, -10.902711761720036 ], [ -60.667313911135054, -10.90260504756422 ], [ -60.666157424864679, -10.902493585623141 ], [ -60.665607998387657, -10.902548058232123 ], [ -60.664909973121098, -10.902630726586144 ], [ -60.664481188289514, -10.902436816257458 ], [ -60.663934738695467, -10.902110025651329 ], [ -60.663149296309228, -10.901986717418064 ], [ -60.662362022152173, -10.902098028682108 ], [ -60.661989723835767, -10.902271164019998 ], [ -60.661750155597318, -10.902547964899274 ], [ -60.661391432734831, -10.902882514647638 ], [ -60.660741472266082, -10.90251093452315 ], [ -60.660655545874995, -10.902114331626983 ], [ -60.660436202138371, -10.90170204520083 ], [ -60.660258732612277, -10.901627366403634 ], [ -60.659694127995714, -10.901725706615693 ], [ -60.659841006173025, -10.901917469531309 ], [ -60.660267722109133, -10.90237533424353 ], [ -60.660543318098149, -10.903183997118528 ], [ -60.66021254711702, -10.903738728855952 ], [ -60.65988108657119, -10.904381442810973 ], [ -60.659668664977936, -10.9049810717143 ], [ -60.659485801740104, -10.905595590860212 ], [ -60.659600827083437, -10.906065739687795 ], [ -60.660101159270461, -10.906597491679243 ], [ -60.660588605825495, -10.906879845031897 ], [ -60.660984736810072, -10.907454794127736 ], [ -60.661158196183919, -10.908042706863764 ], [ -60.661422399566113, -10.908411342310037 ], [ -60.661766407765469, -10.908062016869366 ], [ -60.662302152795029, -10.907860801835731 ], [ -60.663282784827544, -10.9076923105982 ], [ -60.663535590488451, -10.907620916183831 ], [ -60.663954239801448, -10.907213498233334 ], [ -60.663868194393281, -10.906831559037832 ], [ -60.663931551526247, -10.906318777110057 ], [ -60.664255793568501, -10.906599880175463 ], [ -60.664443638818682, -10.907246560894604 ], [ -60.664275848714389, -10.907831870036665 ], [ -60.664154287533151, -10.908197560783105 ], [ -60.66583028434065, -10.910190081981924 ], [ -60.665887687879732, -10.910439820214831 ], [ -60.667127507686558, -10.9112851617827 ], [ -60.668227080229762, -10.911088233311231 ], [ -60.669561765412162, -10.911186386072229 ], [ -60.670979994401613, -10.911989078601019 ], [ -60.671928910978941, -10.912084286345999 ], [ -60.673175949405014, -10.912005780062316 ], [ -60.674270049557435, -10.912512699243166 ], [ -60.675368943332423, -10.912403728837365 ], [ -60.676401192042171, -10.913232798041001 ], [ -60.676573088788508, -10.91402600440213 ], [ -60.676896098687095, -10.914468401848326 ], [ -60.677307680041103, -10.914970130816835 ], [ -60.677772916509561, -10.916205509160548 ], [ -60.678244764145724, -10.916590376173708 ], [ -60.678806779219244, -10.916829278203576 ], [ -60.679610983538446, -10.91645409190863 ], [ -60.680622232886151, -10.916168461882819 ], [ -60.68088772070795, -10.916375782570233 ], [ -60.681149567624949, -10.917052351702907 ], [ -60.681411870602581, -10.917670264743998 ], [ -60.681647001712932, -10.917965344364085 ], [ -60.681825511974708, -10.91790803755042 ], [ -60.682064056442528, -10.917763196153249 ], [ -60.682628580092363, -10.917679483489419 ], [ -60.682864622351644, -10.91785725013562 ], [ -60.683127839230437, -10.918357850242785 ], [ -60.683925452097874, -10.918833167026532 ], [ -60.684400040817351, -10.918866089740598 ], [ -60.684818232149915, -10.918517297106028 ], [ -60.685000151048364, -10.9180200666577 ], [ -60.685152393297578, -10.91752261142317 ], [ -60.685538179950051, -10.917525530209485 ], [ -60.685656883557442, -10.917526428199917 ], [ -60.686757389887482, -10.917212122745449 ], [ -60.687236970996963, -10.916599820989738 ], [ -60.687152937043052, -10.915953928416178 ], [ -60.687308578304084, -10.915016548565934 ], [ -60.68704422065899, -10.914662591951943 ], [ -60.686597042980303, -10.914923180535116 ], [ -60.685937820299181, -10.915739432115497 ], [ -60.685518271693311, -10.916264196182146 ], [ -60.685396842725659, -10.916615235763304 ], [ -60.685452332627115, -10.917114262918073 ], [ -60.685124989435408, -10.917229105687007 ] ] ] } },
{ "type": "Feature", "properties": { "patch_id": 749.0, "area_ha": 65.9062, "lon_centro": -60.666648, "lat_centro": -10.906703 }, "geometry": { "type": "Polygon", "coordinates": [ [ [ -60.676807670613861, -10.911393811623022 ], [ -60.676625518108573, -10.911478648287524 ], [ -60.676459390328532, -10.911219671480346 ], [ -60.676224775070999, -10.911199256605636 ], [ -60.676261836429319, -10.911014241597869 ], [ -60.676459390328624, -10.911001871645235 ], [ -60.676415855292959, -10.910827856159313 ], [ -60.675893434865003, -10.910610180980951 ], [ -60.675535550253841, -10.910693061403187 ], [ -60.675240409330073, -10.910218365659913 ], [ -60.675016523798305, -10.910346392086383 ], [ -60.674630929701543, -10.910000691009371 ], [ -60.674377821690996, -10.910151970052173 ], [ -60.6741703234757, -10.910081565914812 ], [ -60.674326173047099, -10.909826539595215 ], [ -60.674081095273678, -10.909723536992265 ], [ -60.674021439202278, -10.909521805616984 ], [ -60.673673274177581, -10.90956534012482 ], [ -60.673666236156528, -10.91001759640932 ], [ -60.673432058993818, -10.910031855604092 ], [ -60.6734990073696, -10.909042908953126 ], [ -60.673237808560387, -10.908825245046241 ], [ -60.672584887414914, -10.908781710010535 ], [ -60.672193082736051, -10.909304134510322 ], [ -60.672227308966058, -10.909497645388983 ], [ -60.672062477857736, -10.909521805089105 ], [ -60.672018942822056, -10.909695820575321 ], [ -60.672280037775536, -10.909782890118818 ], [ -60.672410632011839, -10.909695820575298 ], [ -60.672332239904151, -10.909458528739915 ], [ -60.672512299760513, -10.909441075030344 ], [ -60.672976365670536, -10.910040191983461 ], [ -60.672671968357221, -10.910044225517142 ], [ -60.672589433508868, -10.910303038668479 ], [ -60.672323688071906, -10.910261900695454 ], [ -60.672461889268668, -10.910531763635833 ], [ -60.672149547701224, -10.910740790676423 ], [ -60.672190473765845, -10.910965235731309 ], [ -60.671932672784088, -10.91134909102683 ], [ -60.671354342161848, -10.911345767844118 ], [ -60.671320972383867, -10.911089004045204 ], [ -60.670915969393306, -10.911343811938448 ], [ -60.670325512400446, -10.910796273021502 ], [ -60.670408020371049, -10.910087760552715 ], [ -60.670234006359671, -10.910087760552727 ], [ -60.67009706468081, -10.910346392091986 ], [ -60.669972680885103, -10.910087761080467 ], [ -60.669555250624278, -10.91011800199929 ], [ -60.669406714550774, -10.909695945231659 ], [ -60.66872628582275, -10.909636466977448 ], [ -60.668448943232271, -10.90878169873894 ], [ -60.668061690506498, -10.908663056225087 ], [ -60.668106758650197, -10.908069858739495 ], [ -60.668595023938451, -10.90739466217177 ], [ -60.668840759317213, -10.907344924030635 ], [ -60.668860879996799, -10.907096088316957 ], [ -60.66949379549331, -10.907083717907469 ], [ -60.669754994836751, -10.906909578292606 ], [ -60.669949225620527, -10.906529301337047 ], [ -60.670408020371873, -10.906430692900237 ], [ -60.670408020371887, -10.906169607342504 ], [ -60.669186410501283, -10.906843829668075 ], [ -60.668977905263624, -10.906793909270842 ], [ -60.668971364194789, -10.906430817556513 ], [ -60.668732492174342, -10.906420923413661 ], [ -60.668710153980832, -10.906256677413786 ], [ -60.668411949787782, -10.906271488849258 ], [ -60.668429853933468, -10.906091612791162 ], [ -60.668710153980889, -10.906082412614913 ], [ -60.668568373734693, -10.905701001027214 ], [ -60.668187859682227, -10.905777792021384 ], [ -60.668105325511469, -10.905993070156345 ], [ -60.667892999384314, -10.905929982290361 ], [ -60.667848762164965, -10.90575829198416 ], [ -60.668098709304545, -10.905594799311906 ], [ -60.668927829159323, -10.90569059729391 ], [ -60.66871135355575, -10.905213263910936 ], [ -60.668797223518432, -10.904863545528784 ], [ -60.668623083909935, -10.90421053073733 ], [ -60.668492604931572, -10.904166995701663 ], [ -60.668166428593018, -10.904471423795325 ], [ -60.667930762465581, -10.90422053207533 ], [ -60.6677959182324, -10.903513970166596 ], [ -60.667448837513078, -10.903297722294834 ], [ -60.667446316323257, -10.903101699559478 ], [ -60.667635171290492, -10.903015322171749 ], [ -60.667970058375118, -10.903426775439128 ], [ -60.667949387959212, -10.903174652991837 ], [ -60.668274803624833, -10.903209100260787 ], [ -60.668187733553566, -10.902817409595897 ], [ -60.667534718889044, -10.902556199909654 ], [ -60.66653211850376, -10.902469066982924 ], [ -60.665358082362964, -10.90273033952448 ], [ -60.665315348716987, -10.902946829153581 ], [ -60.665156412496621, -10.902932071521352 ], [ -60.665053221855977, -10.902686805016568 ], [ -60.664835651064507, -10.902773875087869 ], [ -60.664922384081052, -10.903509936584056 ], [ -60.664617986756944, -10.904602221402307 ], [ -60.664946176565905, -10.904570224693044 ], [ -60.665052137549274, -10.904952053770733 ], [ -60.664913011022456, -10.905546963529757 ], [ -60.664748591864154, -10.905516581807227 ], [ -60.664558320127476, -10.905935988989219 ], [ -60.664223416448763, -10.906060199304877 ], [ -60.664096483684588, -10.905689944300416 ], [ -60.664313114844596, -10.905473036027971 ], [ -60.664064421166273, -10.905322555919382 ], [ -60.66405294864515, -10.905167523890025 ], [ -60.664182510271743, -10.904994036723393 ], [ -60.664188605348762, -10.904499985900644 ], [ -60.664574325058908, -10.904123346753535 ], [ -60.664617923692752, -10.903602308951863 ], [ -60.664444920049903, -10.903384792434357 ], [ -60.66448725498779, -10.902991538994849 ], [ -60.664099679292953, -10.90265327088475 ], [ -60.664138975236618, -10.90233852420338 ], [ -60.663660100714708, -10.902120849552798 ], [ -60.662745969352173, -10.901990244445741 ], [ -60.66248477000854, -10.902033778953633 ], [ -60.662120358340061, -10.90249672119204 ], [ -60.661327743013999, -10.903096713332557 ], [ -60.660656298510503, -10.902686804488585 ], [ -60.66061276400886, -10.902817295683604 ], [ -60.661004270083929, -10.903169991666948 ], [ -60.660913068431903, -10.904659377306096 ], [ -60.6603088194327, -10.904949440792057 ], [ -60.660046797141092, -10.904820021764099 ], [ -60.659524387583573, -10.905211711901927 ], [ -60.659998863111497, -10.905328884276253 ], [ -60.659872668403139, -10.905995353287468 ], [ -60.660046808011835, -10.906256552757943 ], [ -60.660231844396968, -10.906163814597239 ], [ -60.660308018225891, -10.906343622829265 ], [ -60.661023783819715, -10.906656944525114 ], [ -60.661487594389534, -10.907024256371123 ], [ -60.661483464189224, -10.90743199872097 ], [ -60.661866601670454, -10.907455917078892 ], [ -60.661526998995058, -10.90778040828746 ], [ -60.661570523390147, -10.908172093799553 ], [ -60.661918688416421, -10.907997954184646 ], [ -60.662005741354555, -10.907737775264781 ], [ -60.662354049643703, -10.90782381351416 ], [ -60.662655583780847, -10.907683443196806 ], [ -60.662831640451301, -10.907823876369841 ], [ -60.663219743239104, -10.907693514064304 ], [ -60.663398890499735, -10.907823813514113 ], [ -60.663660089843177, -10.907780279006261 ], [ -60.663694019934439, -10.90752325842106 ], [ -60.664008380999114, -10.907606138335755 ], [ -60.664095439665886, -10.90725797249037 ], [ -60.663880025798576, -10.906915344037133 ], [ -60.663964898157744, -10.906606226412189 ], [ -60.663866568525037, -10.906483124686391 ], [ -60.664051344723433, -10.906388262032939 ], [ -60.664435168782227, -10.906672286489442 ], [ -60.664574143003321, -10.907262284953267 ], [ -60.664390300465996, -10.907671383809326 ], [ -60.664139101135518, -10.907823943319409 ], [ -60.664313230637397, -10.908302698906448 ], [ -60.664661406534023, -10.908172093799397 ], [ -60.664782027354519, -10.907914787674983 ], [ -60.665096756890733, -10.907997953656725 ], [ -60.665185356485345, -10.907822314399176 ], [ -60.665065727098039, -10.907669559667289 ], [ -60.66527089703343, -10.907780278478349 ], [ -60.665374087933678, -10.907360871841041 ], [ -60.665633993754099, -10.907394487613113 ], [ -60.66570516307236, -10.907607691033906 ], [ -60.665482146395767, -10.908012890347578 ], [ -60.665227477027514, -10.908085153529989 ], [ -60.665314547328478, -10.908433304541202 ], [ -60.666054632064395, -10.909173399619743 ], [ -60.666316414018077, -10.908782688999576 ], [ -60.667095073865376, -10.908985827305566 ], [ -60.667225661389857, -10.909534608922108 ], [ -60.667033610323692, -10.909773121176793 ], [ -60.666707668470252, -10.909869960718218 ], [ -60.667232042541627, -10.909904768702406 ], [ -60.667491288241671, -10.910087635368749 ], [ -60.667936622603733, -10.909960934361992 ], [ -60.668269421441465, -10.910102930133085 ], [ -60.66857967500426, -10.910566521288846 ], [ -60.668903247879179, -10.910383654255886 ], [ -60.669160331305932, -10.9104419401207 ], [ -60.669360696454298, -10.910660490520105 ], [ -60.669015025361034, -10.910914801574167 ], [ -60.669813356785596, -10.910877290490642 ], [ -60.671148231238327, -10.91204671197373 ], [ -60.672018827561189, -10.912090247009441 ], [ -60.672705404394399, -10.911702335795596 ], [ -60.673330057310828, -10.911570061507952 ], [ -60.674543964020685, -10.912351457223291 ], [ -60.675956300435836, -10.912577709452908 ], [ -60.676360771344498, -10.912893606532538 ], [ -60.676673241822982, -10.913342270462385 ], [ -60.67663365660399, -10.913526903714029 ], [ -60.676762851827249, -10.913526966042676 ], [ -60.676851205649136, -10.913135213049802 ], [ -60.676475522437499, -10.912945129603916 ], [ -60.676198507363488, -10.912443961581079 ], [ -60.676459390555458, -10.912394988216871 ], [ -60.676317588938126, -10.912212080136799 ], [ -60.676449417564001, -10.912094151126414 ], [ -60.676807670613719, -10.912177317608295 ], [ -60.676679490956793, -10.912041721321469 ], [ -60.676894740151042, -10.911916118137871 ], [ -60.676807670613861, -10.911393811623022 ] ], [ [ -60.662407512715916, -10.906235691968279 ], [ -60.662417694557952, -10.906051247412547 ], [ -60.662602859093759, -10.906102298346612 ], [ -60.66265847847778, -10.906345408331582 ], [ -60.662407512715916, -10.906235691968279 ] ], [ [ -60.664870696632335, -10.906128873662702 ], [ -60.664684367438454, -10.906008579414788 ], [ -60.664835518467548, -10.905865768739424 ], [ -60.664966203979517, -10.905942380411812 ], [ -60.664870696632335, -10.906128873662702 ] ], [ [ -60.665026996980401, -10.907070236611656 ], [ -60.665069342645289, -10.906838451419171 ], [ -60.665255953372508, -10.906881880602466 ], [ -60.665026996980401, -10.907070236611656 ] ], [ [ -60.665231761000136, -10.905965364829175 ], [ -60.665245640427237, -10.905870932057621 ], [ -60.66535154132746, -10.905893460981982 ], [ -60.665231761000136, -10.905965364829175 ] ], [ [ -60.665416089403493, -10.906175947327606 ], [ -60.665438611397484, -10.906271488918232 ], [ -60.66533165457183, -10.906293459717636 ], [ -60.665416089403493, -10.906175947327606 ] ], [ [ -60.665607716857409, -10.906556913946087 ], [ -60.665525598319086, -10.906375880508605 ], [ -60.665715967672995, -10.906347812474568 ], [ -60.665607716857409, -10.906556913946087 ] ], [ [ -60.666264205174265, -10.906886843223322 ], [ -60.666119973260678, -10.906727544652371 ], [ -60.666403839244232, -10.906639406843178 ], [ -60.666264205174265, -10.906886843223322 ] ], [ [ -60.6664037241245, -10.906124886750463 ], [ -60.666218111368167, -10.905927548174301 ], [ -60.666490553724401, -10.905822306571132 ], [ -60.666577061206539, -10.905864771293455 ], [ -60.6664037241245, -10.906124886750463 ] ], [ [ -60.666666087287389, -10.908572761667285 ], [ -60.66653582760074, -10.908525490722251 ], [ -60.666658943338469, -10.908392003879849 ], [ -60.666666087287389, -10.908572761667285 ] ], [ [ -60.666859621544504, -10.906600580882289 ], [ -60.66675531653258, -10.906571424032727 ], [ -60.666785007421588, -10.906478417576629 ], [ -60.666859621544504, -10.906600580882289 ] ], [ [ -60.667234391364453, -10.909847402387982 ], [ -60.667345866933026, -10.909614774433431 ], [ -60.667441222949634, -10.909637474084716 ], [ -60.667447759369402, -10.909826526548267 ], [ -60.667234391364453, -10.909847402387982 ] ], [ [ -60.667350962503384, -10.90311796521268 ], [ -60.667321094569601, -10.903014981278858 ], [ -60.66739562445958, -10.902986386689092 ], [ -60.667350962503384, -10.90311796521268 ] ], [ [ -60.667446646873245, -10.903557335120114 ], [ -60.667361254117033, -10.903599936079907 ], [ -60.667318076316278, -10.903469657636293 ], [ -60.667446646873245, -10.903557335120114 ] ], [ [ -60.667881997205733, -10.909608920596661 ], [ -60.667838892231366, -10.909781911145128 ], [ -60.667643171616724, -10.909562617312563 ], [ -60.667881997205733, -10.909608920596661 ] ], [ [ -60.668041122756897, -10.909462326851148 ], [ -60.667759492616689, -10.909452387041087 ], [ -60.667766123744713, -10.909356358429454 ], [ -60.668041122756897, -10.909462326851148 ] ], [ [ -60.668223124723902, -10.905444374420149 ], [ -60.668324451015117, -10.90537830035561 ], [ -60.668359574446413, -10.905478038177701 ], [ -60.668223124723902, -10.905444374420149 ] ], [ [ -60.668618548192796, -10.90725558618688 ], [ -60.668581974271063, -10.907165797129618 ], [ -60.668725770742583, -10.907129550823999 ], [ -60.668618548192796, -10.90725558618688 ] ], [ [ -60.671577324499509, -10.9115866585874 ], [ -60.671510993748228, -10.911779162283739 ], [ -60.671198760486106, -10.911803278922145 ], [ -60.671306656088923, -10.911564501031151 ], [ -60.671577324499509, -10.9115866585874 ] ], [ [ -60.672157534904372, -10.911849836168487 ], [ -60.671703525844677, -10.911630638062869 ], [ -60.672144358320878, -10.911352386316153 ], [ -60.67245416704715, -10.911393686966399 ], [ -60.672689126531765, -10.911014871918946 ], [ -60.67288951740391, -10.911001871645347 ], [ -60.672933739935296, -10.910785300641788 ], [ -60.673369051094802, -10.911348791643315 ], [ -60.672157534904372, -10.911849836168487 ] ], [ [ -60.672967404568773, -10.909410575299868 ], [ -60.672784712329907, -10.909515027078983 ], [ -60.672798317586299, -10.909157473350824 ], [ -60.673020221079582, -10.909129868899562 ], [ -60.672967404568773, -10.909410575299868 ] ], [ [ -60.673705418548579, -10.910784258802032 ], [ -60.673400488810366, -10.910779812383229 ], [ -60.673259191280394, -10.9106127791497 ], [ -60.67339126805831, -10.910401468639694 ], [ -60.67379436175716, -10.91025146587481 ], [ -60.673847936488656, -10.910608696028696 ], [ -60.673705418548579, -10.910784258802032 ] ], [ [ -60.673762643545693, -10.909952039536963 ], [ -60.673896934864182, -10.909905945251547 ], [ -60.673932058965683, -10.910005681745494 ], [ -60.673762643545693, -10.909952039536963 ] ], [ [ -60.674087302015522, -10.911862802828747 ], [ -60.673843863993909, -10.911594233553412 ], [ -60.674223801547882, -10.911488531758677 ], [ -60.674283286849459, -10.911871212058704 ], [ -60.674087302015522, -10.911862802828747 ] ], [ [ -60.674658448038457, -10.910637772735665 ], [ -60.674298770506816, -10.91068130777326 ], [ -60.67425525720747, -10.910407264224387 ], [ -60.674587367306842, -10.910219272306191 ], [ -60.674658448038457, -10.910637772735665 ] ], [ [ -60.674792668786829, -10.910807970281253 ], [ -60.674651040057114, -10.910815486241191 ], [ -60.674643435154486, -10.910717012293242 ], [ -60.674792668786829, -10.910807970281253 ] ], [ [ -60.674809784759603, -10.912177098412453 ], [ -60.674718316148102, -10.912052146217089 ], [ -60.67506038188985, -10.91182936075039 ], [ -60.675196568693572, -10.912092033238094 ], [ -60.674809784759603, -10.912177098412453 ] ], [ [ -60.675811025772319, -10.912436255417907 ], [ -60.675634650100037, -10.91235657362941 ], [ -60.6757577664564, -10.912179551999142 ], [ -60.675985165931692, -10.912136179646945 ], [ -60.676024103038444, -10.912253764027223 ], [ -60.675811025772319, -10.912436255417907 ] ], [ [ -60.67608147151477, -10.911986183349171 ], [ -60.676083728790559, -10.911843920421468 ], [ -60.676182152463802, -10.911843920421742 ], [ -60.67608147151477, -10.911986183349171 ] ] ] } },
{ "type": "Feature", "properties": { "patch_id": null, "area_ha": null, "lon_centro": null, "lat_centro": null }, "geometry": { "type": "Polygon", "coordinates": [ [ [ -60.674993195688955, -10.904430540626365 ], [ -60.675039188693297, -10.904240246941102 ], [ -60.674982574927313, -10.903887861236809 ], [ -60.674701238709453, -10.903812401426434 ], [ -60.674358388376319, -10.904015106025435 ], [ -60.674370945791793, -10.904308497883266 ], [ -60.674427444798056, -10.904675547520249 ], [ -60.674649660812221, -10.904721229215181 ], [ -60.674993195688955, -10.904430540626365 ] ] ] } },
{ "type": "Feature", "properties": { "patch_id": null, "area_ha": null, "lon_centro": null, "lat_centro": null }, "geometry": { "type": "Polygon", "coordinates": [ [ [ -60.672327638123342, -10.903750378485684 ], [ -60.672521319306568, -10.903649196605357 ], [ -60.672701075751839, -10.903430590297686 ], [ -60.672585572648764, -10.903019098049553 ], [ -60.672439483081412, -10.902724691876619 ], [ -60.671967891123785, -10.902310493749667 ], [ -60.671612144221292, -10.90226379564459 ], [ -60.671419376744964, -10.902247665631416 ], [ -60.671507486146446, -10.902365653754138 ], [ -60.671578590511103, -10.902762143805571 ], [ -60.671560101840306, -10.903231276845853 ], [ -60.671779805607137, -10.903599566857395 ], [ -60.672001905948321, -10.903659914166193 ], [ -60.672327638123342, -10.903750378485684 ] ] ] } },
{ "type": "Feature", "properties": { "patch_id": null, "area_ha": null, "lon_centro": null, "lat_centro": null }, "geometry": { "type": "Polygon", "coordinates": [ [ [ -60.736210506950165, -10.882619676300417 ], [ -60.736433058197285, -10.882621317951548 ], [ -60.736805969676851, -10.882360090428556 ], [ -60.736795118117762, -10.881832054500975 ], [ -60.736530382130042, -10.881522127873547 ], [ -60.736101557407949, -10.881328314276999 ], [ -60.735878453488411, -10.88139999566148 ], [ -60.735713256529657, -10.881662754705212 ], [ -60.73575588392039, -10.881912381547155 ], [ -60.73554285342243, -10.882614750380602 ], [ -60.736210506950165, -10.882619676300417 ] ] ] } },
{ "type": "Feature", "properties": { "patch_id": null, "area_ha": null, "lon_centro": null, "lat_centro": null }, "geometry": { "type": "Polygon", "coordinates": [ [ [ -60.730898140834697, -10.878767441089122 ], [ -60.731719668068514, -10.880005405727928 ], [ -60.732383654455127, -10.880494270003323 ], [ -60.732857871487859, -10.88057110017227 ], [ -60.73383320918979, -10.881091592452972 ], [ -60.734202795653715, -10.881270306138209 ], [ -60.734564083000706, -10.880583698337434 ], [ -60.734331350566833, -10.879966032835792 ], [ -60.734229045607215, -10.879759961807887 ], [ -60.733832890497638, -10.879170420707895 ], [ -60.73342422763946, -10.878272813362264 ], [ -60.732638779996876, -10.878149690033164 ], [ -60.731896512065937, -10.878202868609106 ], [ -60.731450752043102, -10.87828756733497 ], [ -60.730887742351214, -10.878180748681208 ], [ -60.730860954017508, -10.877799250569803 ], [ -60.73099858672186, -10.877257648364528 ], [ -60.731506907094563, -10.876748115790146 ], [ -60.731970051317347, -10.876326240732855 ], [ -60.731898419518686, -10.875988407404641 ], [ -60.731337188051832, -10.87564695718352 ], [ -60.730712841109188, -10.875803662990293 ], [ -60.730444677298316, -10.875948334900492 ], [ -60.730102553373598, -10.876063129011484 ], [ -60.729849003530674, -10.876237239092744 ], [ -60.729594787460691, -10.876499336246862 ], [ -60.729503105216828, -10.876850627335841 ], [ -60.729634079853476, -10.877188899559936 ], [ -60.729855405184104, -10.877351855317418 ], [ -60.730898140834697, -10.878767441089122 ] ] ] } },
{ "type": "Feature", "properties": { "patch_id": null, "area_ha": null, "lon_centro": null, "lat_centro": null }, "geometry": { "type": "Polygon", "coordinates": [ [ [ -60.755736033422345, -10.94400661635585 ], [ -60.755505660401965, -10.943066326112538 ], [ -60.754913388031298, -10.942885984071921 ], [ -60.753818327446098, -10.942467293139897 ], [ -60.752905107032802, -10.941551308784229 ], [ -60.753059915354534, -10.940701846412107 ], [ -60.753154479289414, -10.939969264861546 ], [ -60.752682480330058, -10.9395844872348 ], [ -60.751733400466811, -10.93948950771836 ], [ -60.750813337582755, -10.939482732252989 ], [ -60.750540691391656, -10.94021400014798 ], [ -60.75047425159174, -10.941152104169921 ], [ -60.751210932452032, -10.941861476430994 ], [ -60.752093361788468, -10.942923893677044 ], [ -60.752502245216526, -10.943806836684921 ], [ -60.753059751757043, -10.944661542614632 ], [ -60.753442938973208, -10.945016336386638 ], [ -60.755161289782905, -10.945439615347953 ], [ -60.755736033422345, -10.94400661635585 ] ] ] } },
{ "type": "Feature", "properties": { "patch_id": null, "area_ha": null, "lon_centro": null, "lat_centro": null }, "geometry": { "type": "Polygon", "coordinates": [ [ [ -60.759383669128695, -10.940484336869559 ], [ -60.759920327792635, -10.940165631030387 ], [ -60.76146653497176, -10.939795664133998 ], [ -60.762386385478464, -10.939831737365891 ], [ -60.76387147141461, -10.939695959855189 ], [ -60.763486514927671, -10.939575815420774 ], [ -60.762537424848539, -10.939480868842216 ], [ -60.761468296360079, -10.93956102701264 ], [ -60.760728066898544, -10.939320949745245 ], [ -60.760406877387318, -10.938614644629796 ], [ -60.759343702551078, -10.937902896638892 ], [ -60.758747909500251, -10.938191836982666 ], [ -60.758653801286037, -10.938865764006055 ], [ -60.758912100356774, -10.94004090796577 ], [ -60.759383669128695, -10.940484336869559 ] ] ] } }
]
}
