{
"type": "FeatureCollection",
"name": "tubarao_latunde",
"crs": { "type": "name", "properties": { "name": "urn:ogc:def:crs:OGC:1.3:CRS84" } },
"features": [
{ "type": "Feature", "properties": { "area_ha": 341.51 }, "geometry": { "type": "MultiPolygon", "coordinates": [ [ [ [ -60.674935663682, -12.648702945023897 ], [ -60.674674580396562, -12.648790015095269 ], [ -60.674979326183923, -12.64979120701533 ], [ -60.675481752663266, -12.649906112129214 ], [ -60.675719410313462, -12.650139476030487 ], [ -60.676067574609036, -12.650052406486845 ], [ -60.675936980441584, -12.6497042513721 ], [ -60.675805524289089, -12.649833751915674 ], [ -60.675639306781889, -12.649764762463331 ], [ -60.675546278477448, -12.64922540627083 ], [ -60.676111120584402, -12.649051100138751 ], [ -60.676285249787732, -12.648441734809994 ], [ -60.676154760669839, -12.648441735337727 ], [ -60.675835611618567, -12.648696481076207 ], [ -60.675675886216872, -12.648311129702913 ], [ -60.675240535860183, -12.648441734809916 ], [ -60.67528704686935, -12.648607218274886 ], [ -60.675122174326241, -12.64882937008279 ], [ -60.674935663682, -12.648702945023897 ] ], [ [ -60.67553435826833, -12.648597776499718 ], [ -60.675618621068658, -12.648524905294215 ], [ -60.675583522846935, -12.648659074637576 ], [ -60.67553435826833, -12.648597776499718 ] ] ], [ [ [ -60.677547765822084, -12.648572215274031 ], [ -60.67756036120776, -12.648374423818854 ], [ -60.677731422890723, -12.648358729306135 ], [ -60.678113721285683, -12.648833425488029 ], [ -60.678127541901596, -12.648624567529151 ], [ -60.678505547546187, -12.648746354888941 ], [ -60.678598932948184, -12.648529003632056 ], [ -60.678723327774435, -12.648746354888933 ], [ -60.679071492070392, -12.648702820380977 ], [ -60.679289166711399, -12.648311015802426 ], [ -60.679202108116968, -12.647962849945488 ], [ -60.678675387951372, -12.647960452623328 ], [ -60.678636141713916, -12.64778870927503 ], [ -60.678505663535368, -12.647788709275043 ], [ -60.678448398381079, -12.647966624374975 ], [ -60.677678497857642, -12.647919314382031 ], [ -60.677330217572376, -12.648485145202724 ], [ -60.677547765822084, -12.648572215274031 ] ], [ [ -60.678750639874536, -12.648196341516277 ], [ -60.678429838545746, -12.648611366698782 ], [ -60.678248917328922, -12.648540827814115 ], [ -60.678409076511969, -12.6480975190848 ], [ -60.678750639874536, -12.648196341516277 ] ], [ [ -60.678898124875637, -12.648041236287504 ], [ -60.678939889598858, -12.648136824032457 ], [ -60.678811331952886, -12.648092604623494 ], [ -60.678898124875637, -12.648041236287504 ] ] ], [ [ [ -60.677243020572689, -12.647527374418003 ], [ -60.677025472322484, -12.64748396402531 ], [ -60.6768086369025, -12.647613465091821 ], [ -60.676633646062001, -12.647396894481664 ], [ -60.676241842175919, -12.647571024191588 ], [ -60.676285377253564, -12.647875665445799 ], [ -60.676589995037553, -12.648006259810391 ], [ -60.676599514915559, -12.647800444059079 ], [ -60.677243020572689, -12.647527374418003 ] ] ], [ [ [ -60.673897905244367, -12.646020749251319 ], [ -60.673849562867225, -12.645823795251081 ], [ -60.674021427396362, -12.645524876677619 ], [ -60.673807727424069, -12.645317776469815 ], [ -60.673760217719959, -12.644784791813684 ], [ -60.673590668430357, -12.644840349686573 ], [ -60.67367314764865, -12.644610651671018 ], [ -60.673412064361031, -12.6444365115283 ], [ -60.673237924218434, -12.644871737242335 ], [ -60.673617105185528, -12.645020920877762 ], [ -60.673412064898606, -12.645176493234429 ], [ -60.673803816220342, -12.645557680266936 ], [ -60.673524639023341, -12.645569887198803 ], [ -60.673281343266787, -12.645263677733741 ], [ -60.672976714541967, -12.645437806606225 ], [ -60.673281459254333, -12.645873043062746 ], [ -60.673583763781352, -12.645824512474356 ], [ -60.673324994827603, -12.646526079340161 ], [ -60.673412064361564, -12.646700208740413 ], [ -60.673823787503629, -12.646700058132661 ], [ -60.674065089896693, -12.647048489025767 ], [ -60.674195568076101, -12.647048489025767 ], [ -60.674110773090263, -12.646825101031913 ], [ -60.674301814932399, -12.646708784302703 ], [ -60.674478661968706, -12.647214736512527 ], [ -60.674497814586047, -12.647534345160343 ], [ -60.674262516847847, -12.647863410811627 ], [ -60.673847414718558, -12.647745174239146 ], [ -60.673978019825704, -12.648398075131507 ], [ -60.674413243254037, -12.648572215274164 ], [ -60.674630918432442, -12.648354540095834 ], [ -60.674627942464184, -12.647927846422855 ], [ -60.674748172309336, -12.647856384509266 ], [ -60.674979314706675, -12.64818039942538 ], [ -60.67516775261705, -12.647996361153474 ], [ -60.675327594992041, -12.64822393446102 ], [ -60.67558870015656, -12.64822393446102 ], [ -60.675632224252958, -12.647571034096547 ], [ -60.675196884835721, -12.647222754338944 ], [ -60.674699053371782, -12.647170019586909 ], [ -60.674630918432804, -12.64683093849013 ], [ -60.674463776988269, -12.646849107663069 ], [ -60.674630981896634, -12.646483926785669 ], [ -60.674423317680024, -12.64641724340794 ], [ -60.674456778290271, -12.646221447990765 ], [ -60.673897905244367, -12.646020749251319 ] ], [ [ -60.674063965614366, -12.646743703025878 ], [ -60.673935482150085, -12.646656839111477 ], [ -60.674020588413285, -12.646614242718631 ], [ -60.674063965614366, -12.646743703025878 ] ], [ [ -60.674065929349666, -12.646394484106182 ], [ -60.674011528282229, -12.646263439979613 ], [ -60.674108365681022, -12.646222354533016 ], [ -60.674239227869705, -12.646308427272549 ], [ -60.674065929349666, -12.646394484106182 ] ], [ [ -60.674135903024755, -12.648195281372375 ], [ -60.674037661754731, -12.648338723242913 ], [ -60.674037661753907, -12.648196341466042 ], [ -60.674135903024755, -12.648195281372375 ] ], [ [ -60.674855778642801, -12.647699602255118 ], [ -60.674589932603062, -12.647673449203598 ], [ -60.674800239080909, -12.647355468406516 ], [ -60.674935727147727, -12.647561555748672 ], [ -60.674855778642801, -12.647699602255118 ] ], [ [ -60.675356726143129, -12.648086990581483 ], [ -60.675008234082298, -12.64763016979003 ], [ -60.675472728536434, -12.647707537854641 ], [ -60.675545805662793, -12.647917832097322 ], [ -60.675356726143129, -12.648086990581483 ] ] ], [ [ [ -60.684078021172837, -12.64569902756315 ], [ -60.683816926947308, -12.645742563126584 ], [ -60.683814497143807, -12.646139373228701 ], [ -60.683555727672797, -12.646264983026807 ], [ -60.683425122565943, -12.647004953989727 ], [ -60.68399095060564, -12.646656683611878 ], [ -60.683900905126585, -12.646491190161349 ], [ -60.684078021172681, -12.646438998525973 ], [ -60.684078021172837, -12.64569902756315 ] ], [ [ -60.683667270827627, -12.646691134161141 ], [ -60.683652038686311, -12.646550225815734 ], [ -60.683792452638194, -12.646534644217915 ], [ -60.683816933149892, -12.646656774559947 ], [ -60.683667270827627, -12.646691134161141 ] ] ], [ [ [ -60.675586476943032, -12.646206657424516 ], [ -60.67537114096671, -12.646569603633363 ], [ -60.675654055236144, -12.646604986273084 ], [ -60.675714367537751, -12.646308705609984 ], [ -60.676104654131088, -12.646467719078901 ], [ -60.675893561394808, -12.646569728276205 ], [ -60.676011548224608, -12.646995472190797 ], [ -60.67565405523618, -12.646621415714273 ], [ -60.675458211038169, -12.646874473525854 ], [ -60.675458211038169, -12.647004953990043 ], [ -60.675746699419612, -12.646932765355512 ], [ -60.675937096430637, -12.647309699239695 ], [ -60.676633541012784, -12.647222628640581 ], [ -60.677025345394455, -12.64700495398996 ], [ -60.676894751226861, -12.64683093901799 ], [ -60.676641694360534, -12.647025386944387 ], [ -60.676503235641526, -12.646878702528054 ], [ -60.676633529536133, -12.646613149411426 ], [ -60.676559055284208, -12.646458882237848 ], [ -60.676807670216263, -12.646482533561937 ], [ -60.676904108100871, -12.64615841038523 ], [ -60.677068880430362, -12.64613425327661 ], [ -60.677068880430383, -12.645873167705528 ], [ -60.67681703801739, -12.646023150762213 ], [ -60.67645940087052, -12.645176607662538 ], [ -60.675998186047408, -12.645822902718836 ], [ -60.675588816144838, -12.645481352384463 ], [ -60.675535206704737, -12.645764217837019 ], [ -60.675197001361326, -12.646003762069986 ], [ -60.675586476943032, -12.646206657424516 ] ], [ [ -60.675676797294813, -12.645959525713673 ], [ -60.675760515562047, -12.646139373443955 ], [ -60.67561621198972, -12.646175409656937 ], [ -60.675590964297854, -12.646041470451348 ], [ -60.675676797294813, -12.645959525713673 ] ], [ [ -60.676403386533501, -12.64676362747849 ], [ -60.67624674609511, -12.647178874951633 ], [ -60.676077583355713, -12.647027671537705 ], [ -60.676130028760937, -12.646755954492505 ], [ -60.676403386533501, -12.64676362747849 ] ], [ [ -60.67645759183646, -12.646396249257938 ], [ -60.676232324435091, -12.646391398940263 ], [ -60.676202445699126, -12.646298388530566 ], [ -60.676425372146362, -12.646181977513212 ], [ -60.67645759183646, -12.646396249257938 ] ], [ [ -60.676332872290203, -12.645548718241582 ], [ -60.676479840821884, -12.645528776684285 ], [ -60.676362929444785, -12.645651303333235 ], [ -60.676332872290203, -12.645548718241582 ] ] ], [ [ [ -60.678636257702607, -12.646308392891452 ], [ -60.678984421999665, -12.646264858383528 ], [ -60.679373672940407, -12.645828991276383 ], [ -60.679202224105588, -12.645786097634304 ], [ -60.67901460586868, -12.646023043327757 ], [ -60.678636141714492, -12.645524887420237 ], [ -60.678331523392124, -12.64561195749158 ], [ -60.678375058427847, -12.645873043062503 ], [ -60.678550038078704, -12.645700006980496 ], [ -60.678675828989157, -12.645818943854101 ], [ -60.678549199065628, -12.646134368024478 ], [ -60.678636257702607, -12.646308392891452 ] ] ], [ [ [ -60.674108624932138, -12.64609071824105 ], [ -60.674331119824032, -12.646005882307454 ], [ -60.674543859300947, -12.646221322820272 ], [ -60.675022733754055, -12.645873043062675 ], [ -60.674979209657764, -12.645568422983517 ], [ -60.674239230038985, -12.64530721224174 ], [ -60.674108624932138, -12.64609071824105 ] ], [ [ -60.674617833011474, -12.645833784550893 ], [ -60.674550155836272, -12.645631061959689 ], [ -60.674689098142807, -12.645617856137118 ], [ -60.674762175012098, -12.645741080323527 ], [ -60.674617833011474, -12.645833784550893 ] ] ], [ [ [ -60.676546586929533, -12.645307212241839 ], [ -60.677105726582852, -12.645451785236268 ], [ -60.677243147500391, -12.645960113133961 ], [ -60.677634846833406, -12.645916577570478 ], [ -60.677678370392435, -12.645394271570742 ], [ -60.677419709898892, -12.64532255768143 ], [ -60.677591300858602, -12.645176482491831 ], [ -60.677547776762225, -12.645046002555601 ], [ -60.677079530219387, -12.645220079861206 ], [ -60.676938391311211, -12.645046002555546 ], [ -60.676870267463372, -12.645254478021345 ], [ -60.676546586929533, -12.645307212241839 ] ], [ [ -60.677145154800264, -12.645463253844351 ], [ -60.677219290630347, -12.645384779949335 ], [ -60.677194318827745, -12.64552455206152 ], [ -60.677145154800264, -12.645463253844351 ] ] ], [ [ [ -60.675022860680848, -12.644392976492711 ], [ -60.674671595736299, -12.644941077354252 ], [ -60.674456905754653, -12.644958818056059 ], [ -60.674674464408142, -12.645263552035543 ], [ -60.674979198224264, -12.645045887266026 ], [ -60.674920239640372, -12.644738205916349 ], [ -60.675327594991387, -12.645089411892831 ], [ -60.67545808357356, -12.644871747984682 ], [ -60.675022860680848, -12.644392976492711 ] ] ], [ [ [ -60.671779384494727, -12.645010359644566 ], [ -60.671880173915589, -12.644894963382164 ], [ -60.672018899657047, -12.645132945354815 ], [ -60.672323561542889, -12.645089412420736 ], [ -60.672214203829199, -12.644869139368389 ], [ -60.672367096578625, -12.644784667171056 ], [ -60.672352808247176, -12.64457345594524 ], [ -60.672671841290892, -12.64469760784211 ], [ -60.672115254075436, -12.644368819480992 ], [ -60.672149432339673, -12.643957626663653 ], [ -60.671975408183791, -12.643957626135915 ], [ -60.671936162718211, -12.644129369484146 ], [ -60.671409453213755, -12.644175291446203 ], [ -60.671322383186286, -12.644741142877807 ], [ -60.671670651995079, -12.645176481964393 ], [ -60.671931746221873, -12.645176482492129 ], [ -60.671779384494727, -12.645010359644566 ] ], [ [ -60.67148097174195, -12.644651135678522 ], [ -60.671568084449802, -12.644777030391481 ], [ -60.671459736570483, -12.644766606582539 ], [ -60.67148097174195, -12.644651135678522 ] ], [ [ -60.672192765483075, -12.644649601971489 ], [ -60.672062701460725, -12.644693761017038 ], [ -60.67212912868392, -12.644601260664366 ], [ -60.672192765483075, -12.644649601971489 ] ] ], [ [ [ -60.677678486917571, -12.644958806785745 ], [ -60.677852509105058, -12.644697682411344 ], [ -60.677608731376459, -12.644727719390275 ], [ -60.677563999443059, -12.644408793401466 ], [ -60.677860195312398, -12.644623968421143 ], [ -60.678070186251091, -12.644566991992468 ], [ -60.677887956507647, -12.644421844590582 ], [ -60.677896045571096, -12.644088220500654 ], [ -60.677721916905114, -12.644001161699553 ], [ -60.677373752606997, -12.644088231243135 ], [ -60.677199612958468, -12.644305896544539 ], [ -60.677437987090826, -12.644423276025227 ], [ -60.677286682535758, -12.644697597099517 ], [ -60.677678486917571, -12.644958806785745 ] ] ], [ [ [ -60.673588879475552, -12.643845385809566 ], [ -60.673272915381958, -12.644049535162985 ], [ -60.673020249039837, -12.643827021028944 ], [ -60.673006263853864, -12.64398404433749 ], [ -60.672802573861553, -12.644044696207287 ], [ -60.672932868301714, -12.644310135445133 ], [ -60.672802574399093, -12.644610640928519 ], [ -60.672889643933068, -12.644915272278016 ], [ -60.673194273195477, -12.645132946928607 ], [ -60.673237796754499, -12.644958921213888 ], [ -60.672985954810166, -12.644634684078754 ], [ -60.673194273195605, -12.644610526500632 ], [ -60.673450545204979, -12.644262558919735 ], [ -60.67380375275571, -12.644523456956957 ], [ -60.673722271232975, -12.644308118460122 ], [ -60.673966271344852, -12.644412510620269 ], [ -60.674065089896139, -12.644741132135263 ], [ -60.674369708219366, -12.644697597099668 ], [ -60.674630917939318, -12.64452346683286 ], [ -60.674577483848161, -12.644304363384141 ], [ -60.67476152300307, -12.644044582306977 ], [ -60.674369835145697, -12.644044696207368 ], [ -60.674307310818648, -12.644488478355481 ], [ -60.673977903837667, -12.644218836877732 ], [ -60.673720874827026, -12.644304428053411 ], [ -60.673705963235371, -12.644265019858459 ], [ -60.673890822827147, -12.644088106600268 ], [ -60.67376021772025, -12.643522275779276 ], [ -60.673629739539159, -12.643522275779294 ], [ -60.673588879475552, -12.643845385809566 ] ] ], [ [ [ -60.682162595591208, -12.642782180701023 ], [ -60.682032001917314, -12.642956310444745 ], [ -60.682068954075312, -12.64323234490824 ], [ -60.681857861280896, -12.643304600601294 ], [ -60.682075472999095, -12.64379410387113 ], [ -60.681901396854222, -12.644305792520754 ], [ -60.682119098439607, -12.644479994323575 ], [ -60.682364048036021, -12.64445232848729 ], [ -60.682423487441255, -12.644779363325588 ], [ -60.682191726521168, -12.644865397902088 ], [ -60.682032001423892, -12.644567116635699 ], [ -60.682032001423956, -12.644915272277624 ], [ -60.682162606531008, -12.645045877384597 ], [ -60.682394569799975, -12.644965271308953 ], [ -60.682641375935283, -12.645263552035212 ], [ -60.68273240975256, -12.64468703303959 ], [ -60.682946110245787, -12.644654062063593 ], [ -60.68295785880057, -12.644368975641642 ], [ -60.683120509487587, -12.644219742905143 ], [ -60.68325085549553, -12.64430578177819 ], [ -60.683333636330929, -12.644134038456363 ], [ -60.683512065709557, -12.644218711706854 ], [ -60.683423703808941, -12.644044633886271 ], [ -60.682920620443142, -12.644205544121757 ], [ -60.682686107193781, -12.643872055449764 ], [ -60.682815505139018, -12.643609345850985 ], [ -60.682262995377883, -12.643679586396285 ], [ -60.68255429492509, -12.643304475957843 ], [ -60.682597829960855, -12.642869250244621 ], [ -60.682162595591208, -12.642782180701023 ] ], [ [ -60.682163686760781, -12.643001354709032 ], [ -60.682249808523999, -12.642870156798935 ], [ -60.682335780614117, -12.643085821371393 ], [ -60.682163686760781, -12.643001354709032 ] ] ], [ [ [ -60.671186747017614, -12.643565466996021 ], [ -60.67088703229188, -12.643478740743509 ], [ -60.670756427678327, -12.643696406058982 ], [ -60.671061161495452, -12.643957500965634 ], [ -60.671276075222472, -12.643806065739287 ], [ -60.671670536008186, -12.643913966457697 ], [ -60.671583465936912, -12.643435205707847 ], [ -60.671186747017614, -12.643565466996021 ] ], [ [ -60.671135647411639, -12.643716174910335 ], [ -60.670987421089627, -12.643810191594094 ], [ -60.670992138830798, -12.64370037043572 ], [ -60.671135647411639, -12.643716174910335 ] ] ], [ [ [ -60.675153338324229, -12.643478626843274 ], [ -60.674631034420329, -12.643304601128722 ], [ -60.674519375731606, -12.643600146676336 ], [ -60.674108625425177, -12.643652871019384 ], [ -60.674021554860296, -12.64404457156459 ], [ -60.674239103112527, -12.643957501493261 ], [ -60.674243672475036, -12.643730343874063 ], [ -60.674640436049664, -12.643744015511329 ], [ -60.674805069515422, -12.643957500965465 ], [ -60.675153338324229, -12.643478626843274 ] ] ], [ [ [ -60.674981104699818, -12.642278720196195 ], [ -60.67519431030744, -12.642215583501082 ], [ -60.674904723690098, -12.642109270971682 ], [ -60.674935663683677, -12.641911479459583 ], [ -60.674753486348131, -12.642018859021311 ], [ -60.674456905216474, -12.641824409388228 ], [ -60.674630695234541, -12.642212263812272 ], [ -60.674369835145242, -12.642433775244866 ], [ -60.674892128647876, -12.642564380351818 ], [ -60.674981104699818, -12.642278720196195 ] ] ], [ [ [ -60.68207284580869, -12.641910838217866 ], [ -60.681508924160148, -12.641953829056519 ], [ -60.681074103712824, -12.641606734210145 ], [ -60.680900090495726, -12.641650269245828 ], [ -60.681242237168995, -12.64215732905701 ], [ -60.681291894877717, -12.642477309752451 ], [ -60.681596524140659, -12.642433775244516 ], [ -60.68175731328995, -12.642109758684137 ], [ -60.682031874497362, -12.642259635101823 ], [ -60.68207284580869, -12.641910838217866 ] ], [ [ -60.681367603115049, -12.642211716441203 ], [ -60.681298361248999, -12.642070680584204 ], [ -60.681393493960172, -12.642047983240806 ], [ -60.681509517532319, -12.642171950875627 ], [ -60.681367603115049, -12.642211716441203 ] ] ], [ [ [ -60.67790841736376, -12.642089675279086 ], [ -60.677896173034561, -12.642259635102006 ], [ -60.678287872369154, -12.642259634574229 ], [ -60.678766746822369, -12.642041959923588 ], [ -60.678723211786703, -12.641911479459742 ], [ -60.678525784434093, -12.641986180954165 ], [ -60.678505536608398, -12.641824409388402 ], [ -60.677939708070141, -12.641737339317055 ], [ -60.677860677513415, -12.641877772554503 ], [ -60.677808976037731, -12.64173733931702 ], [ -60.677547892749089, -12.641737339317025 ], [ -60.67759142778484, -12.642129029994999 ], [ -60.67790841736376, -12.642089675279086 ] ] ], [ [ [ -60.678549198569513, -12.641824284745292 ], [ -60.678766746822404, -12.641867819780929 ], [ -60.67869142514418, -12.641626268486418 ], [ -60.678989369221306, -12.641608843708921 ], [ -60.679361210285528, -12.641796517857667 ], [ -60.679332829749072, -12.642041970666034 ], [ -60.679594028486541, -12.642259634574176 ], [ -60.679768052105288, -12.642129040737363 ], [ -60.679593912500167, -12.641476129103085 ], [ -60.679419899282863, -12.641389059031749 ], [ -60.679502795926958, -12.641633637321384 ], [ -60.679185806950841, -12.641643314284305 ], [ -60.678723338712018, -12.640997243710698 ], [ -60.678803407289344, -12.641407232855732 ], [ -60.678375058426795, -12.641519664138729 ], [ -60.678549198569513, -12.641824284745292 ] ] ], [ [ [ -60.672096004800743, -12.641192201451512 ], [ -60.67210601329014, -12.64138893438883 ], [ -60.672308537786449, -12.641248491167465 ], [ -60.672481595239859, -12.64136134085434 ], [ -60.672367223504182, -12.641606609567217 ], [ -60.672651750250211, -12.64157461163677 ], [ -60.672759038825312, -12.64191135481688 ], [ -60.672976586586017, -12.641737224522862 ], [ -60.672868817684602, -12.641549963707874 ], [ -60.673061093759927, -12.64134488283463 ], [ -60.673020122114508, -12.641084313781821 ], [ -60.672551579269644, -12.641019451312358 ], [ -60.672671841829235, -12.64091004899646 ], [ -60.672584771757947, -12.64069249846075 ], [ -60.67236722350399, -12.640692498460746 ], [ -60.672218073947349, -12.640918514664071 ], [ -60.671975397243905, -12.64082310409545 ], [ -60.671844803568305, -12.641040768905658 ], [ -60.672096004800743, -12.641192201451512 ] ], [ [ -60.672309272806991, -12.64109065310843 ], [ -60.672395250262198, -12.641207157435685 ], [ -60.672286902157346, -12.641196734489528 ], [ -60.672309272806991, -12.64109065310843 ] ], [ [ -60.6727358283472, -12.64117527311071 ], [ -60.672680196239071, -12.641306749417428 ], [ -60.67263257267755, -12.641204789295074 ], [ -60.6727358283472, -12.64117527311071 ] ] ], [ [ [ -60.671061045509326, -12.641867819781233 ], [ -60.67098334304324, -12.641543696508826 ], [ -60.67114798414223, -12.641477035650272 ], [ -60.671365790759069, -12.6416066095672 ], [ -60.671268001314708, -12.641081540712298 ], [ -60.67132225572356, -12.640823103567723 ], [ -60.670917089576371, -12.640885910490187 ], [ -60.670538752497805, -12.640648953589851 ], [ -60.670495217507657, -12.641171269952983 ], [ -60.670680631227356, -12.641354290511558 ], [ -60.670582287041753, -12.64182428474558 ], [ -60.670780840143188, -12.641515242763221 ], [ -60.671061045509326, -12.641867819781233 ] ], [ [ -60.670679243027998, -12.6409745204883 ], [ -60.671081698498384, -12.641049673266453 ], [ -60.670974102362614, -12.641214794246235 ], [ -60.671148240335881, -12.641301898170665 ], [ -60.670984624236887, -12.641388996722327 ], [ -60.670780899542336, -12.641292789797944 ], [ -60.670679243027998, -12.6409745204883 ] ] ], [ [ [ -60.680072574691714, -12.640601467282835 ], [ -60.679823615467981, -12.640871398896481 ], [ -60.679419888343553, -12.640692498988777 ], [ -60.678897479347434, -12.640997233861283 ], [ -60.679185967595075, -12.641142605655087 ], [ -60.679203515915681, -12.641301926639001 ], [ -60.67934893571492, -12.641013060648334 ], [ -60.679516360285156, -12.641001308270477 ], [ -60.679777948623268, -12.641235008176618 ], [ -60.679637574461196, -12.641432469424208 ], [ -60.680143761425548, -12.641491946046417 ], [ -60.68014645929722, -12.641632744755434 ], [ -60.67989872121256, -12.641779481123763 ], [ -60.680159983950219, -12.64212902946714 ], [ -60.680290472577369, -12.642085504820747 ], [ -60.680222321807776, -12.641880030709215 ], [ -60.680421078177758, -12.641911354816539 ], [ -60.680430598075723, -12.64174907416503 ], [ -60.68068228789862, -12.641693689496726 ], [ -60.68026533615091, -12.641264523277123 ], [ -60.680812904438071, -12.641301863789405 ], [ -60.681169082879208, -12.641129916474078 ], [ -60.681390249596703, -12.641267220827192 ], [ -60.681204835745369, -12.641389059031813 ], [ -60.681204836282802, -12.641563085273619 ], [ -60.681291905816749, -12.641737214673837 ], [ -60.681465919033826, -12.641737214673828 ], [ -60.681565584175679, -12.641365283126719 ], [ -60.681898705817169, -12.641170742646777 ], [ -60.681566136361319, -12.641118619342839 ], [ -60.681422394937535, -12.6406489639532 ], [ -60.68102253148777, -12.640799878139509 ], [ -60.680769474449299, -12.640561893881836 ], [ -60.680639718977922, -12.640778464484834 ], [ -60.680159878903247, -12.640344218703484 ], [ -60.679898784674997, -12.640387753211412 ], [ -60.680072574691714, -12.640601467282835 ] ], [ [ -60.68046017114186, -12.640682890848424 ], [ -60.68046474013881, -12.640953584031838 ], [ -60.680638550979886, -12.641002547538024 ], [ -60.679947223077654, -12.641171040032507 ], [ -60.679855433383672, -12.6410014730622 ], [ -60.68046017114186, -12.640682890848424 ] ], [ [ -60.681331281102509, -12.641533414312136 ], [ -60.681408780622135, -12.64147222926078 ], [ -60.681383879379901, -12.641606390380906 ], [ -60.681331281102509, -12.641533414312136 ] ] ], [ [ [ -60.673716682685367, -12.640387753211135 ], [ -60.67310731911023, -12.639952402854417 ], [ -60.673194389719093, -12.640518244417844 ], [ -60.673446231810537, -12.640672995833821 ], [ -60.673455599395787, -12.640866513960781 ], [ -60.673617144557504, -12.640886397634045 ], [ -60.673629739538534, -12.641084189139093 ], [ -60.673760217228526, -12.640953593874775 ], [ -60.673716682685367, -12.640387753211135 ] ] ], [ [ [ -60.678765823685033, -12.639995088346007 ], [ -60.678636269177865, -12.640213499167954 ], [ -60.678941013890274, -12.640648838782187 ], [ -60.679115285440346, -12.640214519632329 ], [ -60.67929063092668, -12.640236690450644 ], [ -60.679245759139889, -12.640387628568163 ], [ -60.679768052643091, -12.64051823367512 ], [ -60.680029262319813, -12.639995823989569 ], [ -60.679702700482672, -12.63998597730227 ], [ -60.679472674986286, -12.639797640603886 ], [ -60.679376237322323, -12.63947351746231 ], [ -60.679115038047428, -12.639342912883031 ], [ -60.67900083935367, -12.639771307744851 ], [ -60.67889736286903, -12.639560588061389 ], [ -60.678592733604653, -12.639517052497956 ], [ -60.678549199106421, -12.639647646862494 ], [ -60.678765823685033, -12.639995088346007 ] ], [ [ -60.678890456387556, -12.640119621829454 ], [ -60.678962228763389, -12.640252771750939 ], [ -60.67884616602425, -12.640222269524118 ], [ -60.678890456387556, -12.640119621829454 ] ], [ [ -60.679265066669778, -12.639650565498998 ], [ -60.679356116575107, -12.63994003427085 ], [ -60.679127622081026, -12.639976054150527 ], [ -60.679265066669778, -12.639650565498998 ] ], [ [ -60.679431800214601, -12.640305443583394 ], [ -60.679326686213692, -12.640269599751937 ], [ -60.679453546586963, -12.640043251457488 ], [ -60.679624979469594, -12.640059232042301 ], [ -60.679431800214601, -12.640305443583394 ] ] ], [ [ [ -60.674500313328018, -12.637819186106704 ], [ -60.674358989144231, -12.637560624453171 ], [ -60.674630917944214, -12.637514326027123 ], [ -60.674544972608309, -12.637296806491502 ], [ -60.674717988506529, -12.637209570964497 ], [ -60.674761523542251, -12.636861415321974 ], [ -60.674413370179643, -12.637079090500341 ], [ -60.674277735641084, -12.637383491926318 ], [ -60.674146621788729, -12.637353934119608 ], [ -60.674152033042859, -12.637122625535962 ], [ -60.673852317214042, -12.637383491926363 ], [ -60.673629623553794, -12.637035555992366 ], [ -60.673499123491595, -12.637035555992354 ], [ -60.673368465862268, -12.63746951259802 ], [ -60.673589180348685, -12.637566507934654 ], [ -60.673542669466435, -12.638080271677939 ], [ -60.673673147650305, -12.63808027167795 ], [ -60.67375045653619, -12.637866499653033 ], [ -60.673889742628461, -12.63795129052407 ], [ -60.673476783343169, -12.6386891839944 ], [ -60.673150854145533, -12.638515746677353 ], [ -60.673160516382055, -12.638844268567926 ], [ -60.673020249038615, -12.638994507427023 ], [ -60.673236799969487, -12.639168606829939 ], [ -60.672846109387557, -12.639255832457994 ], [ -60.672889643931796, -12.639734603033361 ], [ -60.673194262257532, -12.639778138069021 ], [ -60.673170974784853, -12.639442226333449 ], [ -60.673409292016458, -12.639278421059599 ], [ -60.673760228660328, -12.639429857255948 ], [ -60.673762123647087, -12.639187732653738 ], [ -60.67396628427889, -12.639168709895507 ], [ -60.674065078955778, -12.639386322220258 ], [ -60.674292427299051, -12.639453759106672 ], [ -60.674161551234512, -12.639643468426529 ], [ -60.673673274573915, -12.639691192640504 ], [ -60.673760333706213, -12.639995812719617 ], [ -60.673836597368989, -12.63985994051704 ], [ -60.674108498006518, -12.63990874317602 ], [ -60.674272914237164, -12.639768227455917 ], [ -60.674413243256133, -12.640039348282997 ], [ -60.674674452978195, -12.639908753010509 ], [ -60.674698080042788, -12.639560310560773 ], [ -60.674892139587634, -12.639647532434198 ], [ -60.675159663251996, -12.639473716208339 ], [ -60.675458084112236, -12.639821673104615 ], [ -60.67550161914793, -12.639517052497837 ], [ -60.675308352631696, -12.639361114518669 ], [ -60.675284254636345, -12.638868256295906 ], [ -60.675545153646461, -12.638559167812648 ], [ -60.675240535857739, -12.638515746677426 ], [ -60.675220288340419, -12.638677518267011 ], [ -60.675000663025713, -12.638723729577581 ], [ -60.674848604552281, -12.638036861812777 ], [ -60.674631045849374, -12.638080386503178 ], [ -60.674657644202682, -12.638466953142069 ], [ -60.674461369033374, -12.638397164112275 ], [ -60.674500313328018, -12.637819186106704 ] ], [ [ -60.673387836728352, -12.639041074583773 ], [ -60.673485689048618, -12.639054872062609 ], [ -60.67338154949006, -12.639203078646281 ], [ -60.673387836728352, -12.639041074583773 ] ], [ [ -60.67353174701914, -12.638758858472626 ], [ -60.673637776622556, -12.638669451918684 ], [ -60.673580909641593, -12.638820156569034 ], [ -60.67353174701914, -12.638758858472626 ] ], [ [ -60.673886659902465, -12.63806434183771 ], [ -60.674040605549479, -12.638045312214176 ], [ -60.673960326785874, -12.63820426498441 ], [ -60.673886659902465, -12.63806434183771 ] ], [ [ -60.67389713010683, -12.637751218530388 ], [ -60.673995585977771, -12.637738727847575 ], [ -60.673920068780014, -12.63785625719513 ], [ -60.67389713010683, -12.637751218530388 ] ], [ [ -60.674038711980195, -12.638833427915584 ], [ -60.674180541268491, -12.638836135541162 ], [ -60.674034873317574, -12.638977802470388 ], [ -60.674038711980195, -12.638833427915584 ] ], [ [ -60.674168266239676, -12.638313888377832 ], [ -60.674311967934926, -12.638305786962519 ], [ -60.674212998133051, -12.638502209030506 ], [ -60.674168266239676, -12.638313888377832 ] ], [ [ -60.674201701553422, -12.637542615394791 ], [ -60.674306305541364, -12.637498624130428 ], [ -60.674224814009541, -12.637638582007741 ], [ -60.674201701553422, -12.637542615394791 ] ], [ [ -60.674257158936257, -12.637984998075007 ], [ -60.674367560138329, -12.638118094286629 ], [ -60.674198193653737, -12.638130777041992 ], [ -60.674257158936257, -12.637984998075007 ] ], [ [ -60.674544499821621, -12.639341430072655 ], [ -60.674399639771124, -12.639433757739582 ], [ -60.674283762400897, -12.639386281960473 ], [ -60.67444874118268, -12.63923540753162 ], [ -60.674544499821621, -12.639341430072655 ] ], [ [ -60.674593690721494, -12.639449085378299 ], [ -60.674690727298838, -12.639436079200976 ], [ -60.674613737311049, -12.639553756813452 ], [ -60.674593690721494, -12.639449085378299 ] ], [ [ -60.674720263522772, -12.639032330003268 ], [ -60.675041395918257, -12.63884617452854 ], [ -60.675236270004888, -12.639071572604543 ], [ -60.675022860679533, -12.639125237176772 ], [ -60.675036409732677, -12.63943687664819 ], [ -60.674720263522772, -12.639032330003268 ] ] ], [ [ [ -60.682118944569879, -12.637296765678999 ], [ -60.681944931350777, -12.63729676567902 ], [ -60.682249665661601, -12.638167341221124 ], [ -60.682597829424701, -12.637906142277354 ], [ -60.682118944569879, -12.637296765678999 ] ] ], [ [ [ -60.671714081984867, -12.634902339244499 ], [ -60.67123531257517, -12.635076478859443 ], [ -60.671235312575199, -12.635294029395183 ], [ -60.671537718736992, -12.635409965674411 ], [ -60.671452976814784, -12.635729379224127 ], [ -60.672149421402644, -12.63520695932381 ], [ -60.672149421402672, -12.6350329438238 ], [ -60.671714081984867, -12.634902339244499 ] ] ], [ [ [ -60.675500621841053, -12.634989243319554 ], [ -60.67532760592826, -12.635294029395014 ], [ -60.675699203224923, -12.635305566528892 ], [ -60.675893561392122, -12.63577291478734 ], [ -60.676067701534791, -12.635816449823018 ], [ -60.67632622242207, -12.635380583175658 ], [ -60.676074156769438, -12.635396038584858 ], [ -60.676028305371275, -12.635240489492565 ], [ -60.676198179719705, -12.635206959323668 ], [ -60.676241714217994, -12.635032933081508 ], [ -60.675941142659198, -12.635016311962721 ], [ -60.675893445408995, -12.634641129030687 ], [ -60.675458211035171, -12.634641128502945 ], [ -60.675500621841053, -12.634989243319554 ] ], [ [ -60.67585002832385, -12.635032904492821 ], [ -60.675708047500969, -12.635115505642066 ], [ -60.675592955009179, -12.634935744246814 ], [ -60.67577271782789, -12.634906117240011 ], [ -60.67585002832385, -12.635032904492821 ] ] ], [ [ [ -60.67079983529748, -12.633204347683129 ], [ -60.670886904831455, -12.633030218282821 ], [ -60.670752267535121, -12.632798782138408 ], [ -60.670843369795868, -12.632638506119511 ], [ -60.670669346172083, -12.632551447318352 ], [ -60.67049521745659, -12.632682042134066 ], [ -60.670608392438012, -12.633016794309144 ], [ -60.670277530851124, -12.632812657532339 ], [ -60.670059867148922, -12.63307375331852 ], [ -60.670320960843824, -12.633422022333706 ], [ -60.67079983529748, -12.633204347683129 ] ] ], [ [ [ -60.673629728597895, -12.633639697511923 ], [ -60.673760217722744, -12.633639698039659 ], [ -60.673817204155334, -12.632916425308997 ], [ -60.674413242720554, -12.632769008068681 ], [ -60.673978008883097, -12.632638517389861 ], [ -60.67357668539649, -12.63285200287927 ], [ -60.673586077042934, -12.632507901012593 ], [ -60.673281459739407, -12.632246691777711 ], [ -60.673412000900143, -12.632671309676208 ], [ -60.673281459251115, -12.632812532362003 ], [ -60.673510408039725, -12.632995563786048 ], [ -60.673281459788633, -12.633247893461069 ], [ -60.673629728597895, -12.633639697511923 ] ], [ [ -60.673455535934991, -12.63321508993252 ], [ -60.673586141044545, -12.633247271320151 ], [ -60.673528964822367, -12.633301451724197 ], [ -60.673455535934991, -12.63321508993252 ] ] ], [ [ [ -60.677221683707884, -12.632561014596339 ], [ -60.677243147497201, -12.632899602433117 ], [ -60.677417287639891, -12.632986672504463 ], [ -60.677678468182236, -12.632769043093116 ], [ -60.677439640228933, -12.632846298928287 ], [ -60.677350337726303, -12.632520155708628 ], [ -60.67776552436446, -12.632725460188825 ], [ -60.677939580609646, -12.632594867925876 ], [ -60.677852511075734, -12.632333771612565 ], [ -60.677386220270435, -12.63235742292952 ], [ -60.677460695754782, -12.632072561398545 ], [ -60.677025461379912, -12.632116096961953 ], [ -60.677015398428551, -12.632442496335946 ], [ -60.676720727069075, -12.632507911755194 ], [ -60.676851332176106, -12.632725462290459 ], [ -60.677221683707884, -12.632561014596339 ] ] ], [ [ [ -60.676720727068819, -12.631637086398765 ], [ -60.676851216194322, -12.63163708587102 ], [ -60.676863799783852, -12.631091014665692 ], [ -60.677019936416009, -12.631086423559767 ], [ -60.677068891372713, -12.631288805585656 ], [ -60.677504230253398, -12.630809931463476 ], [ -60.677330206629335, -12.630722975820568 ], [ -60.677212962824917, -12.630872854383757 ], [ -60.67672072706867, -12.630853580399796 ], [ -60.676706742587136, -12.631097673721532 ], [ -60.676372446783326, -12.631027720542441 ], [ -60.676328912285094, -12.631245281820188 ], [ -60.676417273578565, -12.631419473542023 ], [ -60.676744015136009, -12.631257639654228 ], [ -60.676720727068819, -12.631637086398765 ] ] ], [ [ [ -60.680246948976972, -12.628589759072879 ], [ -60.680072925302014, -12.628676818876146 ], [ -60.680045681349448, -12.628974618888785 ], [ -60.679724644529465, -12.628850968759133 ], [ -60.679855249636574, -12.629373264543835 ], [ -60.680418516779163, -12.629155073306308 ], [ -60.680292913649978, -12.629073639285217 ], [ -60.680246948976972, -12.628589759072879 ] ] ], [ [ [ -60.672367223499869, -12.624105525228156 ], [ -60.672715376869078, -12.624061990192478 ], [ -60.672769731322724, -12.62383904338202 ], [ -60.672954933700062, -12.624097632563663 ], [ -60.672846108892308, -12.624323200406504 ], [ -60.672976703060954, -12.624366734914407 ], [ -60.673209833787773, -12.623894443162214 ], [ -60.673499006973771, -12.623800790720864 ], [ -60.67341194837821, -12.62358322997067 ], [ -60.673067830060624, -12.623610132584838 ], [ -60.672976587083262, -12.623234949157572 ], [ -60.672763938629615, -12.623321675405228 ], [ -60.672497817668336, -12.623191414649629 ], [ -60.672236618877065, -12.62340907961762 ], [ -60.672236618392809, -12.623931385085502 ], [ -60.672367223499869, -12.624105525228156 ] ] ], [ [ [ -60.723869043322587, -12.577131231075672 ], [ -60.723937057756466, -12.576878587423836 ], [ -60.724391464217668, -12.576739406417897 ], [ -60.723956124797837, -12.576173576129461 ], [ -60.723476688409569, -12.576172390134795 ], [ -60.723086831566725, -12.575955838100024 ], [ -60.722991389241663, -12.576364688635175 ], [ -60.722650126239543, -12.576781672825787 ], [ -60.723148131187394, -12.576965657481171 ], [ -60.723390274357811, -12.577218291282554 ], [ -60.723650077083434, -12.577218354134635 ], [ -60.723869043322587, -12.577131231075672 ] ] ], [ [ [ -60.786820704847791, -12.493065078602449 ], [ -60.786603157068058, -12.492978122441157 ], [ -60.786515143691162, -12.493151158451347 ], [ -60.785993666568736, -12.493108727548202 ], [ -60.786135534490299, -12.493378708823524 ], [ -60.785993667105906, -12.493543963994846 ], [ -60.786211214885441, -12.493674558358506 ], [ -60.786387212339335, -12.493404975971737 ], [ -60.786733635313446, -12.493718093394161 ], [ -60.786820704847791, -12.493065078602449 ] ] ], [ [ [ -60.669146469934908, -12.644829306256762 ], [ -60.669450249188898, -12.644915272278164 ], [ -60.66961462896581, -12.644527360101081 ], [ -60.669772174979606, -12.644587409549365 ], [ -60.669755121364751, -12.644828202206801 ], [ -60.669929134043883, -12.644654072806512 ], [ -60.669842075449274, -12.64421883687757 ], [ -60.669337674689189, -12.644655651857656 ], [ -60.669095770663326, -12.64469739837388 ], [ -60.66844907029455, -12.644392976492437 ], [ -60.668623199498043, -12.644697596572129 ], [ -60.66895974226594, -12.644804325893862 ], [ -60.668971490722711, -12.645002342349526 ], [ -60.669146469934908, -12.644829306256762 ] ] ], [ [ [ -60.641936106110279, -12.64326095166609 ], [ -60.641849152560241, -12.642651575592257 ], [ -60.641631488320883, -12.642912785278568 ], [ -60.641631488320932, -12.643260940923932 ], [ -60.641757827603655, -12.643358141323752 ], [ -60.641457348178363, -12.64356581081357 ], [ -60.641500883214157, -12.644131641637319 ], [ -60.641718431469165, -12.643957501494624 ], [ -60.641655768779806, -12.64372162458079 ], [ -60.641936106110279, -12.64326095166609 ] ] ], [ [ [ -60.669058560793616, -12.643130460458073 ], [ -60.669088644437146, -12.643418382531417 ], [ -60.668899447674065, -12.643419437669145 ], [ -60.668619050606736, -12.643073050539058 ], [ -60.668840822152646, -12.642867857025744 ], [ -60.668666618010178, -12.642042073823903 ], [ -60.668188906014223, -12.641790950556125 ], [ -60.668405408333705, -12.641650144603052 ], [ -60.668277078255691, -12.641470291774647 ], [ -60.668492478405064, -12.641476004460326 ], [ -60.668492478405085, -12.641301988959933 ], [ -60.668368955559387, -12.64127543021571 ], [ -60.668361873298146, -12.641084313781603 ], [ -60.668144314104985, -12.641214919416363 ], [ -60.668096199229709, -12.641836432173067 ], [ -60.667883114830218, -12.641911479459317 ], [ -60.667866881470118, -12.642200283278482 ], [ -60.667708974687599, -12.64221622470899 ], [ -60.667914573318328, -12.642313679489655 ], [ -60.667989311733663, -12.642582707062166 ], [ -60.667665439652012, -12.64256450499431 ], [ -60.667665439652012, -12.642694985459121 ], [ -60.667973160842564, -12.642877782341568 ], [ -60.667839516332265, -12.643044658962035 ], [ -60.667981024196855, -12.643177574645998 ], [ -60.667970184902011, -12.64382689638647 ], [ -60.668176856666037, -12.643619938482892 ], [ -60.668623083511356, -12.644349316814518 ], [ -60.668593368334101, -12.643879248576592 ], [ -60.66884075868979, -12.643957501493466 ], [ -60.668826240660252, -12.643745849583746 ], [ -60.669275977259829, -12.643740857507353 ], [ -60.669599916739756, -12.643836095550601 ], [ -60.669624516257528, -12.644044571564763 ], [ -60.669755005377979, -12.644044571037046 ], [ -60.670057176030269, -12.643391029450134 ], [ -60.669881566643774, -12.643247190688744 ], [ -60.670016204653074, -12.642825590566032 ], [ -60.669930553317542, -12.642695047780288 ], [ -60.669580981714546, -12.642869240390251 ], [ -60.669672615236848, -12.643198360884321 ], [ -60.669558500837887, -12.643425312653129 ], [ -60.669335877541329, -12.643462799296625 ], [ -60.669231282199185, -12.643086863101439 ], [ -60.669058560793616, -12.643130460458073 ] ], [ [ -60.668420856431155, -12.642653747532984 ], [ -60.668315587334874, -12.642790222011094 ], [ -60.668277243915007, -12.642689989788074 ], [ -60.668420856431155, -12.642653747532984 ] ], [ [ -60.668457107502228, -12.643673190163277 ], [ -60.668357840382875, -12.643595470965357 ], [ -60.668410838901913, -12.643522456217671 ], [ -60.668579673231861, -12.643565720025512 ], [ -60.668457107502228, -12.643673190163277 ] ], [ [ -60.668502365903485, -12.643090703921288 ], [ -60.668442969105435, -12.643214952141269 ], [ -60.668396944016742, -12.643123906963755 ], [ -60.668502365903485, -12.643090703921288 ] ], [ [ -60.668441292023466, -12.642268416443725 ], [ -60.668575588016949, -12.642196519201175 ], [ -60.668545531412704, -12.642299105619102 ], [ -60.668441292023466, -12.642268416443725 ] ] ], [ [ [ -60.670234006755663, -12.638820491926907 ], [ -60.670133401308277, -12.639281852774369 ], [ -60.669580981712272, -12.639604112744413 ], [ -60.669537446185153, -12.639865208140531 ], [ -60.669710379198165, -12.640040972418266 ], [ -60.66949391114958, -12.640083007961268 ], [ -60.669450376113915, -12.640257023461567 ], [ -60.66990563494894, -12.640213336046591 ], [ -60.670059866613386, -12.640648838782571 ], [ -60.670623131969762, -12.640430647134151 ], [ -60.670329165509443, -12.640331307389205 ], [ -60.670223324384338, -12.64012471181543 ], [ -60.670300250685564, -12.639503817053766 ], [ -60.670451554473203, -12.639342798454846 ], [ -60.670234229956201, -12.639251881359304 ], [ -60.670451555010651, -12.639168647569788 ], [ -60.670364600923676, -12.638776957418953 ], [ -60.670234006755663, -12.638820491926907 ] ] ], [ [ [ -60.668536013441155, -12.639821673104926 ], [ -60.668411990564067, -12.639371508141247 ], [ -60.668623083512628, -12.639342787712575 ], [ -60.668651193763111, -12.639078649621545 ], [ -60.668971363260596, -12.639038053205242 ], [ -60.668449070293164, -12.638820491926841 ], [ -60.668187860570399, -12.639168762393465 ], [ -60.668264856036942, -12.639625777597258 ], [ -60.668152614901217, -12.639693930015401 ], [ -60.667970185392313, -12.639560577711206 ], [ -60.668057254972354, -12.639865208140613 ], [ -60.668318338262772, -12.639995813247594 ], [ -60.668338585796619, -12.639834041604827 ], [ -60.668536013441155, -12.639821673104926 ] ] ], [ [ [ -60.667360630939896, -12.638949703816355 ], [ -60.667491299508477, -12.639299252676929 ], [ -60.667752382308073, -12.639212192424585 ], [ -60.667715429978863, -12.638979692798072 ], [ -60.668164416354678, -12.63852715910769 ], [ -60.668492478405774, -12.638646227141836 ], [ -60.668501210843594, -12.638452400403782 ], [ -60.668710153046767, -12.63834149263454 ], [ -60.668456025545481, -12.638184442548129 ], [ -60.668405408334628, -12.637775651070749 ], [ -60.667873596233591, -12.637684391838199 ], [ -60.667708858702937, -12.63751444138444 ], [ -60.667426046919232, -12.637896295496269 ], [ -60.667143019222806, -12.637906256177745 ], [ -60.667099484187169, -12.638254411820897 ], [ -60.667468463672641, -12.638371906150834 ], [ -60.667360630939896, -12.638949703816355 ] ] ], [ [ [ -60.669189154960193, -12.636948485920856 ], [ -60.668536140901551, -12.637514326956818 ], [ -60.66871015358435, -12.637644921321447 ], [ -60.669530638051995, -12.637211475326758 ], [ -60.669798540415037, -12.637209570436941 ], [ -60.669885599547477, -12.637079090500112 ], [ -60.669757269432914, -12.636942648293774 ], [ -60.669929392119634, -12.636775251790551 ], [ -60.67014296215617, -12.636850726772744 ], [ -60.670103390709301, -12.637166035401295 ], [ -60.670886905367851, -12.637122500893346 ], [ -60.67077651837635, -12.636829292738311 ], [ -60.671061056449481, -12.636861290151563 ], [ -60.671583465401248, -12.636556556171978 ], [ -60.671191650617857, -12.63559889928746 ], [ -60.67106116149376, -12.635598899815193 ], [ -60.670625822075955, -12.635773039430095 ], [ -60.67047061818031, -12.636242725662909 ], [ -60.669580981220072, -12.636643740143427 ], [ -60.669515728674185, -12.637069129782711 ], [ -60.669363179119522, -12.636904950357431 ], [ -60.669189154960193, -12.636948485920856 ] ], [ [ -60.668833107516178, -12.637348957408991 ], [ -60.668897654800546, -12.637246308432267 ], [ -60.668949171401358, -12.637379459440977 ], [ -60.668833107516178, -12.637348957408991 ] ], [ [ -60.670093882979955, -12.636604269648055 ], [ -60.670186205919329, -12.636633610493465 ], [ -60.670064196070548, -12.636707731854003 ], [ -60.670093882979955, -12.636604269648055 ] ], [ [ -60.671148179043527, -12.636676533061406 ], [ -60.671006263780995, -12.636726301982863 ], [ -60.670921976420203, -12.63659365167746 ], [ -60.671079707456627, -12.636538817010361 ], [ -60.671148179043527, -12.636676533061406 ] ] ], [ [ [ -60.668536140362846, -12.632116096433831 ], [ -60.66878663795567, -12.632692281379008 ], [ -60.668535986274527, -12.63246430401848 ], [ -60.668101626879711, -12.632506807730984 ], [ -60.668055836293739, -12.632377244326975 ], [ -60.667665428710819, -12.632464377246873 ], [ -60.667651735372047, -12.6326919615886 ], [ -60.667317043382965, -12.632464377246837 ], [ -60.667164355971572, -12.632541754367628 ], [ -60.667099368204646, -12.632290237104211 ], [ -60.666833855550905, -12.632331374831081 ], [ -60.666363852263288, -12.63208458377729 ], [ -60.666968752159136, -12.631724156470513 ], [ -60.667055822230523, -12.631376000827398 ], [ -60.666664970466194, -12.631418431822588 ], [ -60.66653340180256, -12.631158325649027 ], [ -60.666138941154415, -12.631222694320888 ], [ -60.665880503186678, -12.631114790613363 ], [ -60.665775388863203, -12.631536848882197 ], [ -60.665577049686611, -12.631375938506354 ], [ -60.665358083246268, -12.631550131223513 ], [ -60.665401618331849, -12.631898307355607 ], [ -60.665919447615849, -12.632626369813167 ], [ -60.665924038760167, -12.632943148211654 ], [ -60.666315842605165, -12.6332914172269 ], [ -60.666838157990426, -12.633422022333873 ], [ -60.667012287194403, -12.633378487825972 ], [ -60.666988747254813, -12.633014514237196 ], [ -60.667449056231959, -12.633247945040234 ], [ -60.667700557561915, -12.633027469903283 ], [ -60.667708974685361, -12.633291417754567 ], [ -60.668428823283946, -12.633260251232834 ], [ -60.668362000220476, -12.633639698039941 ], [ -60.668733597702158, -12.633520630013532 ], [ -60.668842177378423, -12.633988040646488 ], [ -60.669107397613743, -12.633727073206657 ], [ -60.669350711448907, -12.633790186767218 ], [ -60.669319771005355, -12.633987978325186 ], [ -60.669711459405633, -12.633944443289591 ], [ -60.67014680922501, -12.633422033603873 ], [ -60.67010328566549, -12.633291542924661 ], [ -60.66988476244606, -12.633464578503359 ], [ -60.669637924396994, -12.633361087671327 ], [ -60.669624389334516, -12.632856192040252 ], [ -60.669111750876063, -12.632842642267168 ], [ -60.668885500825084, -12.632291735737811 ], [ -60.669058433383015, -12.632028911476329 ], [ -60.668927828764126, -12.631680746077167 ], [ -60.668536140362846, -12.632116096433831 ] ], [ [ -60.666238545626115, -12.631423314355896 ], [ -60.666237014134687, -12.63164197404676 ], [ -60.665884641970578, -12.631409406148736 ], [ -60.666238545626115, -12.631423314355896 ] ], [ [ -60.665992044665749, -12.632038100868167 ], [ -60.666247720175974, -12.632237502408062 ], [ -60.665977228265916, -12.632276687106909 ], [ -60.665992044665749, -12.632038100868167 ] ], [ [ -60.666219264161242, -12.632547257629225 ], [ -60.666133496952746, -12.632369645603028 ], [ -60.666453355465649, -12.632413918226913 ], [ -60.666490518162391, -12.632506429593846 ], [ -60.666219264161242, -12.632547257629225 ] ], [ [ -60.666606182049513, -12.632632052944535 ], [ -60.666537514273138, -12.632452158553235 ], [ -60.666678653171623, -12.632426740308508 ], [ -60.666751645924293, -12.632551944178584 ], [ -60.666606182049513, -12.632632052944535 ] ], [ [ -60.667442815705364, -12.632771231459357 ], [ -60.667448296201776, -12.632942076683083 ], [ -60.667351196043718, -12.632903211506013 ], [ -60.667442815705364, -12.632771231459357 ] ] ], [ [ [ -60.669067166068473, -12.631312654868154 ], [ -60.669232573476549, -12.631245281820455 ], [ -60.668971490719301, -12.631158325649126 ], [ -60.668845786837494, -12.631332121969212 ], [ -60.668623199495286, -12.631158326176868 ], [ -60.668057254970293, -12.631419535863108 ], [ -60.668057255507719, -12.631637097141523 ], [ -60.668318338264832, -12.631680621434812 ], [ -60.668504212097886, -12.631506543634597 ], [ -60.669014909774184, -12.631593550835667 ], [ -60.669067166068473, -12.631312654868154 ] ] ], [ [ [ -60.666247028030838, -12.630813138224816 ], [ -60.666359272598555, -12.631114665443423 ], [ -60.66670179088355, -12.630889837123169 ], [ -60.666925217123662, -12.630940525828491 ], [ -60.667273496871708, -12.630505186214139 ], [ -60.667055833169456, -12.630026415249391 ], [ -60.666650403095083, -12.630422005746318 ], [ -60.666489877705729, -12.630244090427711 ], [ -60.666054632390541, -12.630200555392019 ], [ -60.666062294365034, -12.630557491875143 ], [ -60.665793433652638, -12.6308970015352 ], [ -60.665967457277581, -12.630984060336438 ], [ -60.666247028030838, -12.630813138224816 ] ], [ [ -60.666304237538348, -12.630821222423387 ], [ -60.666392210708722, -12.630799690752946 ], [ -60.66632643952817, -12.6309073453964 ], [ -60.666304237538348, -12.630821222423387 ] ], [ [ -60.666523739722237, -12.630720405559224 ], [ -60.666621248067976, -12.630670752297878 ], [ -60.666576404730648, -12.630808859935788 ], [ -60.666523739722237, -12.630720405559224 ] ], [ [ -60.666821466940377, -12.630285245017173 ], [ -60.666960146929, -12.630354884105207 ], [ -60.666801194008414, -12.63052011475367 ], [ -60.666821466940377, -12.630285245017173 ] ] ], [ [ [ -60.668623146974369, -12.630201823441594 ], [ -60.668839678525231, -12.630764886596577 ], [ -60.668797350576583, -12.63111466597104 ], [ -60.669014898298322, -12.630853466499431 ], [ -60.668937347707853, -12.630473499843706 ], [ -60.66927610904979, -12.630505175471669 ], [ -60.669331377530959, -12.630287562622337 ], [ -60.669711470345078, -12.630461639908237 ], [ -60.669798529477795, -12.630331159971462 ], [ -60.669673459928447, -12.630215722824076 ], [ -60.670016204656214, -12.630156895186257 ], [ -60.670016204656228, -12.630026414721744 ], [ -60.669625352764335, -12.630068845721016 ], [ -60.669580854299554, -12.629939344650465 ], [ -60.669224537226867, -12.630003192030729 ], [ -60.669101979845856, -12.629808740071173 ], [ -60.668840885611978, -12.629852274579054 ], [ -60.668855384403116, -12.630010689344141 ], [ -60.668623146974369, -12.630201823441594 ] ], [ [ -60.669086947844825, -12.630016449063211 ], [ -60.669145313003774, -12.630065361243592 ], [ -60.669015240337551, -12.630205254233195 ], [ -60.669086947844825, -12.630016449063211 ] ] ], [ [ [ -60.642458653995597, -12.630722850651152 ], [ -60.642676202257135, -12.630679315615483 ], [ -60.642669304667066, -12.630411305249689 ], [ -60.643024482542501, -12.630548710508467 ], [ -60.643021921933219, -12.630330519465922 ], [ -60.642589248164079, -12.630157020355337 ], [ -60.642532189416784, -12.630357170206985 ], [ -60.642308984697998, -12.630452566092991 ], [ -60.642284386936304, -12.629852274577948 ], [ -60.642153908745712, -12.629852274577933 ], [ -60.641979768603107, -12.630157019827607 ], [ -60.642110374247537, -12.630505186215048 ], [ -60.642458653995597, -12.630722850651152 ] ] ], [ [ [ -60.665009802472852, -12.629373389186597 ], [ -60.66536654668753, -12.629540975788467 ], [ -60.665209433509936, -12.630013122637537 ], [ -60.665091334189142, -12.629996513262414 ], [ -60.665053326569989, -12.629678134963971 ], [ -60.664759839876751, -12.630108976571931 ], [ -60.664600807498552, -12.630049532147565 ], [ -60.664619278892687, -12.629808677222268 ], [ -60.664458137179984, -12.630019950805316 ], [ -60.664182636795218, -12.6299393446502 ], [ -60.664062550981299, -12.630113422479612 ], [ -60.664051904769863, -12.629852274578877 ], [ -60.663834229591558, -12.629765204507491 ], [ -60.663441881963244, -12.630025229296139 ], [ -60.663193798403618, -12.629962996160771 ], [ -60.663137669020905, -12.629634599400463 ], [ -60.662890189580125, -12.629812515287135 ], [ -60.662354101837963, -12.629505262865212 ], [ -60.662528305439686, -12.629895684972576 ], [ -60.663005772173712, -12.629982817365061 ], [ -60.66310495284803, -12.629890414453138 ], [ -60.663181320036244, -12.630069824587499 ], [ -60.663571240873928, -12.630219515189438 ], [ -60.663529611260238, -12.630418105400581 ], [ -60.663979251724058, -12.630468104349793 ], [ -60.664052020749743, -12.63063578005116 ], [ -60.664760111502353, -12.630857298817327 ], [ -60.665402909543161, -12.631288868435128 ], [ -60.665662700551842, -12.631201849942252 ], [ -60.665619166053638, -12.630853580399316 ], [ -60.665367323006848, -12.630742353396283 ], [ -60.665340903092563, -12.63048205804032 ], [ -60.665880375780738, -12.630287510029826 ], [ -60.665836841232178, -12.630026414721611 ], [ -60.665625299312204, -12.629967519416574 ], [ -60.665763501914967, -12.629848374209534 ], [ -60.666141586481906, -12.629895684972428 ], [ -60.666150318603592, -12.629614788524412 ], [ -60.666359261660311, -12.629590939722728 ], [ -60.666186245721676, -12.629286153898612 ], [ -60.666228656553415, -12.629025108901239 ], [ -60.666098178364521, -12.629025108901258 ], [ -60.66615137543527, -12.629440700681942 ], [ -60.665940718416202, -12.629723924935449 ], [ -60.665630168882799, -12.629667417057535 ], [ -60.665619166053972, -12.629460459257922 ], [ -60.665445025911339, -12.629373389186537 ], [ -60.665009802472852, -12.629373389186597 ] ], [ [ -60.664899523308748, -12.630552724397745 ], [ -60.664848898512041, -12.630686239560388 ], [ -60.664783536386921, -12.630585816624247 ], [ -60.664899523308748, -12.630552724397745 ] ], [ [ -60.6652265142693, -12.630375674424041 ], [ -60.665154011398371, -12.630509075820351 ], [ -60.66508590684564, -12.630421809185217 ], [ -60.6652265142693, -12.630375674424041 ] ] ], [ [ [ -60.666228656553493, -12.62885084411637 ], [ -60.666054866519758, -12.628368122056804 ], [ -60.666141586482297, -12.628154408187866 ], [ -60.665749898078957, -12.628241478259186 ], [ -60.665786431595862, -12.628390257744753 ], [ -60.665572157647709, -12.628555605672508 ], [ -60.665183943101333, -12.628328538613165 ], [ -60.665445152829335, -12.628720239009386 ], [ -60.665953842466564, -12.628542323088785 ], [ -60.666228656553493, -12.62885084411637 ] ] ], [ [ [ -60.644200055905813, -12.627283697793789 ], [ -60.64411298535034, -12.627675398154224 ], [ -60.6443305336132, -12.627762468225587 ], [ -60.644359548477219, -12.627550816221682 ], [ -60.644893843827255, -12.627480423012241 ], [ -60.645157710229213, -12.627631862590775 ], [ -60.645149234647405, -12.627364223496874 ], [ -60.645288303913681, -12.627283592514891 ], [ -60.6452447803007, -12.626891892680284 ], [ -60.645114824379633, -12.627064846888155 ], [ -60.64507062921971, -12.626891892152587 ], [ -60.644722475849584, -12.626978962223902 ], [ -60.644984219219722, -12.627413127177256 ], [ -60.644655525065218, -12.627314874203302 ], [ -60.644504800671236, -12.62702249725956 ], [ -60.644200055905813, -12.627283697793789 ] ] ], [ [ [ -60.634763572520121, -12.625561448824275 ], [ -60.634404672878141, -12.625759971571915 ], [ -60.63431760232411, -12.626543487227284 ], [ -60.634491742466821, -12.626674092334271 ], [ -60.634676575618194, -12.626581749790629 ], [ -60.634751534067767, -12.626717689689777 ], [ -60.634868910469088, -12.626505975333229 ], [ -60.635143349389111, -12.626630619618533 ], [ -60.635231711159108, -12.626282401652798 ], [ -60.635054595112919, -12.626186674564334 ], [ -60.635101106052183, -12.625977656403096 ], [ -60.634960964881628, -12.625914823820448 ], [ -60.635144641087926, -12.625672911153409 ], [ -60.634926965909706, -12.625237560796705 ], [ -60.634747926527425, -12.625454892160391 ], [ -60.634535277502174, -12.625281095832367 ], [ -60.634763572520121, -12.625561448824275 ] ], [ [ -60.634579346091215, -12.626411821364847 ], [ -60.63444920468293, -12.626369307459049 ], [ -60.634492577279104, -12.626239846010172 ], [ -60.634666406884747, -12.626324455044031 ], [ -60.634579346091215, -12.626411821364847 ] ], [ [ -60.634973273078089, -12.626433842264676 ], [ -60.63490467899004, -12.626372069538926 ], [ -60.634989623245126, -12.626277979533622 ], [ -60.635145292279816, -12.626367990072527 ], [ -60.634973273078089, -12.626433842264676 ] ] ], [ [ [ -60.660525693797922, -12.626282277012123 ], [ -60.66083032306976, -12.626369346555725 ], [ -60.661309197038825, -12.626238751670311 ], [ -60.661265662488127, -12.626021191439902 ], [ -60.660912818540424, -12.626089091853885 ], [ -60.661141364301741, -12.625343729602555 ], [ -60.661352732559664, -12.62528097119171 ], [ -60.661226214546296, -12.625000175467363 ], [ -60.661439802146724, -12.624932700588699 ], [ -60.661181032920467, -12.624622949838198 ], [ -60.661396267595499, -12.624540875585318 ], [ -60.661590624787294, -12.624117062264128 ], [ -60.661788082916601, -12.624149060264283 ], [ -60.661748522186095, -12.62379021652028 ], [ -60.662005757557729, -12.62353958050725 ], [ -60.661439929546326, -12.623322019228436 ], [ -60.661655329865873, -12.62366446285049 ], [ -60.661648237828899, -12.623950887893281 ], [ -60.660917509118583, -12.624584535262798 ], [ -60.660931799949559, -12.624795746545926 ], [ -60.660569229317247, -12.624497455514705 ], [ -60.660629816353911, -12.624825327812392 ], [ -60.660351490197286, -12.624934084118623 ], [ -60.660525693797922, -12.626282277012123 ] ] ], [ [ [ -60.661222138391317, -12.62371370937989 ], [ -60.661309196987048, -12.623539580507275 ], [ -60.660612763868599, -12.623452624335382 ], [ -60.660264484067007, -12.623757359915359 ], [ -60.660308019156446, -12.62427967611368 ], [ -60.660482031846563, -12.624323200407014 ], [ -60.660461504102202, -12.624114545119822 ], [ -60.660873846683728, -12.624018464830677 ], [ -60.660839830417217, -12.623682034191299 ], [ -60.661222138391317, -12.62371370937989 ] ] ], [ [ [ -60.669929198044379, -12.623323287807581 ], [ -60.669822939259085, -12.623173087368656 ], [ -60.670146809765008, -12.622973614300861 ], [ -60.670146809765008, -12.622843133836403 ], [ -60.669845663948784, -12.622896052239659 ], [ -60.669791983868976, -12.622788193340657 ], [ -60.670233879836417, -12.622625334015536 ], [ -60.669669342995626, -12.62232065108743 ], [ -60.669232700931246, -12.62266899369372 ], [ -60.669374024531351, -12.622824450687947 ], [ -60.669276236504331, -12.622973625043301 ], [ -60.669579075517014, -12.623036234406438 ], [ -60.669493911145395, -12.623278359550573 ], [ -60.669782401059607, -12.623336775983711 ], [ -60.669842191430845, -12.623583104800236 ], [ -60.669929198044379, -12.623323287807581 ] ] ], [ [ [ -60.660131191823353, -12.623103703741785 ], [ -60.65987374839186, -12.622844632769397 ], [ -60.659959611418991, -12.622407783479316 ], [ -60.659743354854278, -12.622407721158535 ], [ -60.659437317905287, -12.62266899369329 ], [ -60.659219579269802, -12.623146485874532 ], [ -60.659740644537095, -12.623234886836347 ], [ -60.659866788960642, -12.623053528504641 ], [ -60.660046797466542, -12.623191288951887 ], [ -60.660131191823353, -12.623103703741785 ] ] ], [ [ [ -60.643938718293292, -12.623278359551652 ], [ -60.643786357794212, -12.622981631453776 ], [ -60.643808113186502, -12.622364248442937 ], [ -60.643434341365165, -12.62243802662705 ], [ -60.643416413840164, -12.62205950372098 ], [ -60.643198750081794, -12.622233633702839 ], [ -60.643155215101665, -12.622538274687518 ], [ -60.643661403115516, -12.622815415365904 ], [ -60.643938718293292, -12.623278359551652 ] ], [ [ -60.643548807441171, -12.622557348642673 ], [ -60.643700924207344, -12.622550632258708 ], [ -60.643564177896643, -12.622655925928319 ], [ -60.643548807441171, -12.622557348642673 ] ] ], [ [ [ -60.639585214727141, -12.621014537697066 ], [ -60.6395416906295, -12.620884057757758 ], [ -60.638932316103954, -12.621275872551026 ], [ -60.639062921211, -12.621580493160783 ], [ -60.639541679691355, -12.621580493160778 ], [ -60.63958521418968, -12.621449898795905 ], [ -60.639367868818404, -12.621183375344545 ], [ -60.639585214727141, -12.621014537697066 ] ] ], [ [ [ -60.639889959495733, -12.620971012279121 ], [ -60.63987240566626, -12.620716521010026 ], [ -60.640181100957989, -12.620662481209729 ], [ -60.64036884536921, -12.620796862518656 ], [ -60.640238251200238, -12.620492242436811 ], [ -60.639857068429798, -12.620622784703762 ], [ -60.639759354869902, -12.620492241909048 ], [ -60.639237061834223, -12.620448697261663 ], [ -60.639498271567533, -12.620840397554371 ], [ -60.639711681297008, -12.620917461962753 ], [ -60.639541807084399, -12.621101722790433 ], [ -60.639628865736654, -12.621275747383303 ], [ -60.639889959495733, -12.620971012279121 ] ], [ [ -60.639575820152011, -12.620792798070491 ], [ -60.639545653888256, -12.620655693751878 ], [ -60.639635775614217, -12.620615919775174 ], [ -60.63980345998435, -12.620753951053956 ], [ -60.639575820152011, -12.620792798070491 ] ] ], [ [ [ -60.643733636827918, -12.620472358623433 ], [ -60.643755183635513, -12.620365701276921 ], [ -60.644112857955598, -12.620317986743746 ], [ -60.643977689708827, -12.620119471636066 ], [ -60.644112858436792, -12.619839216374181 ], [ -60.643895310170059, -12.619839216374189 ], [ -60.64354702988485, -12.620405171837852 ], [ -60.643503494849249, -12.620796862518528 ], [ -60.644156509446375, -12.621232212347488 ], [ -60.64472182460652, -12.620882575406313 ], [ -60.644591754766978, -12.620579312508283 ], [ -60.644527226121831, -12.620751776318652 ], [ -60.64442022903031, -12.6207167625323 ], [ -60.644461138722065, -12.620143961623846 ], [ -60.644200055419915, -12.620405171837868 ], [ -60.644330349893295, -12.620670611415026 ], [ -60.644223593866265, -12.62081268388456 ], [ -60.643733636827918, -12.620472358623433 ] ], [ [ -60.644157472149239, -12.62091784896692 ], [ -60.644416769513754, -12.620841501587105 ], [ -60.644286464342834, -12.621057011965938 ], [ -60.644157472149239, -12.62091784896692 ] ] ], [ [ [ -60.640717125654575, -12.620796862518672 ], [ -60.640978335868567, -12.620709792447284 ], [ -60.640817647259027, -12.620334798971676 ], [ -60.641152476011349, -12.620317977126271 ], [ -60.641326615616698, -12.620100312690125 ], [ -60.641021986877874, -12.620056892080118 ], [ -60.640885073254694, -12.620230708332496 ], [ -60.640673706592523, -12.620143962151436 ], [ -60.640551148748798, -12.620294882000099 ], [ -60.640325426307179, -12.620231032222753 ], [ -60.640238367173836, -12.620405047197663 ], [ -60.640486983698203, -12.620468465478346 ], [ -60.640543112423615, -12.620796862518681 ], [ -60.640717125654575, -12.620796862518672 ] ] ], [ [ [ -60.63849683883587, -12.619447276412989 ], [ -60.63840976876461, -12.619055585731875 ], [ -60.638107795575465, -12.619163492869243 ], [ -60.637930999345052, -12.619055586259602 ], [ -60.637713335642047, -12.619490822190899 ], [ -60.637887475247474, -12.61988262676971 ], [ -60.638105023514754, -12.619926161805404 ], [ -60.638161152182519, -12.619597764740226 ], [ -60.638366233728796, -12.619664951591352 ], [ -60.63849683883587, -12.619447276412989 ] ], [ [ -60.638302413771854, -12.619176792287938 ], [ -60.638245150321517, -12.619443211968665 ], [ -60.637848403589395, -12.619502958323579 ], [ -60.638302413771854, -12.619176792287938 ] ] ], [ [ [ -60.663192125870189, -12.61707841104638 ], [ -60.66309426090028, -12.61722698959284 ], [ -60.663669610826034, -12.617274713801304 ], [ -60.663747222979744, -12.617478845061681 ], [ -60.66346864767587, -12.618171346527113 ], [ -60.663249740535129, -12.618202617803565 ], [ -60.663139087616571, -12.618054217591638 ], [ -60.66292012075786, -12.618184885019575 ], [ -60.662920120757846, -12.618315365484586 ], [ -60.663160081407845, -12.618399837694415 ], [ -60.662920120757967, -12.618620235376259 ], [ -60.663061520855443, -12.618776277460828 ], [ -60.662920120758024, -12.618837910554609 ], [ -60.662963655793725, -12.619098996126596 ], [ -60.663105531244838, -12.619173513894539 ], [ -60.662956574163921, -12.619507911494535 ], [ -60.662796263767156, -12.619559827598835 ], [ -60.662831632087325, -12.619273198590603 ], [ -60.662431714243816, -12.619486746935944 ], [ -60.662354154356287, -12.619229726403326 ], [ -60.662223496730945, -12.619492204662127 ], [ -60.662354101839377, -12.619892106019758 ], [ -60.662223560187599, -12.620230907054051 ], [ -60.662341019271487, -12.620395948423555 ], [ -60.661919218213328, -12.620297369789153 ], [ -60.661962222522945, -12.619882740668203 ], [ -60.661831744866475, -12.619795681339253 ], [ -60.661439929545509, -12.620013356517624 ], [ -60.661110587172203, -12.620483042798972 ], [ -60.660917509117539, -12.620361636802915 ], [ -60.660961044690652, -12.620840408295781 ], [ -60.66113506832054, -12.620927467097049 ], [ -60.66141357779297, -12.620803694064573 ], [ -60.661482045973138, -12.621145205124135 ], [ -60.661696189103282, -12.620973236782895 ], [ -60.661918698962531, -12.621058072204017 ], [ -60.662876458809116, -12.62075332748204 ], [ -60.662752435418469, -12.620346697474622 ], [ -60.663094133505346, -12.620100311588176 ], [ -60.663236486350463, -12.619466936190859 ], [ -60.663660088969642, -12.619142540795586 ], [ -60.663625286153945, -12.618731030056203 ], [ -60.663964834701353, -12.618533040662886 ], [ -60.663921299665695, -12.618402560197946 ], [ -60.663636800175581, -12.618433726768208 ], [ -60.663573082838106, -12.618237774777768 ], [ -60.663964834164311, -12.617227103492501 ], [ -60.663747689796281, -12.617162847203623 ], [ -60.663747159523382, -12.616965904020866 ], [ -60.663050725864593, -12.616965904020887 ], [ -60.663192125870189, -12.61707841104638 ] ], [ [ -60.661970954851249, -12.620603036494042 ], [ -60.662069948082504, -12.620588207378146 ], [ -60.66203035526113, -12.620787788034093 ], [ -60.661970954851249, -12.620603036494042 ] ], [ [ -60.663284505957499, -12.618734899062719 ], [ -60.663283845222026, -12.618539631982099 ], [ -60.663426309355486, -12.618734899072164 ], [ -60.663284505957499, -12.618734899062719 ] ] ], [ [ [ -60.637800278265672, -12.617357719340799 ], [ -60.637365043881012, -12.617444789939839 ], [ -60.637234450191258, -12.617618919971195 ], [ -60.637626254095181, -12.618228294886558 ], [ -60.637843824239006, -12.618228294886556 ], [ -60.638017953443871, -12.618010620235966 ], [ -60.637802903566836, -12.617756380094718 ], [ -60.637800278265672, -12.617357719340799 ] ], [ [ -60.637574550308585, -12.618003555205489 ], [ -60.63760203533505, -12.61779597031026 ], [ -60.637743426137526, -12.617853309967884 ], [ -60.637756865403652, -12.617967186052933 ], [ -60.637574550308585, -12.618003555205489 ] ] ], [ [ [ -60.634581457654967, -12.616770801559339 ], [ -60.635101106054449, -12.616965779380042 ], [ -60.635026111061251, -12.616758605604609 ], [ -60.635231722099235, -12.616835173745256 ], [ -60.63536237972319, -12.616659765581065 ], [ -60.635116258042977, -12.616067312726081 ], [ -60.635354024872768, -12.616005270121414 ], [ -60.635754131589621, -12.616225683773591 ], [ -60.635821290408515, -12.616007848766998 ], [ -60.63605887683935, -12.616008008595276 ], [ -60.63575414252746, -12.615703388513024 ], [ -60.635101232963521, -12.615659852949594 ], [ -60.634991813966494, -12.615963902377645 ], [ -60.634752941740466, -12.615921063691317 ], [ -60.634317602800166, -12.616269333881382 ], [ -60.634356547137799, -12.616411970707324 ], [ -60.634099927680687, -12.616748114943825 ], [ -60.634274056348282, -12.61696577885232 ], [ -60.634581457654967, -12.616770801559339 ] ] ], [ [ [ -60.661352860010481, -12.615920949265144 ], [ -60.662163793473965, -12.616372230292701 ], [ -60.66235416529382, -12.616965779378829 ], [ -60.66261524859609, -12.616878709307493 ], [ -60.662530453324656, -12.616524717334991 ], [ -60.6627458537032, -12.616399823915129 ], [ -60.662745853703235, -12.616182273378772 ], [ -60.662602457590793, -12.616221579420642 ], [ -60.662484643489258, -12.61605166827179 ], [ -60.662193342269212, -12.616121908233664 ], [ -60.662484642951995, -12.615746912279691 ], [ -60.66211087127386, -12.615646560876968 ], [ -60.661614069686962, -12.615050362451353 ], [ -60.661352860010481, -12.615920949265144 ] ], [ [ -60.661740515395515, -12.615760673289454 ], [ -60.661923747177802, -12.615703575503545 ], [ -60.661811947337512, -12.615886913446829 ], [ -60.661740515395515, -12.615760673289454 ] ] ], [ [ [ -60.665357955843959, -12.613221890953451 ], [ -60.66491662676335, -12.613262847605517 ], [ -60.664835535416017, -12.613047750810692 ], [ -60.664356777471191, -12.61352662546066 ], [ -60.664826144158759, -12.613756046095482 ], [ -60.664879186424088, -12.613918326354142 ], [ -60.66530251666002, -12.61352174422114 ], [ -60.665488560950919, -12.613613581632187 ], [ -60.665357955843959, -12.613221890953451 ] ], [ [ -60.664782609139067, -12.613407765811955 ], [ -60.664678329712011, -12.613564919330974 ], [ -60.66467398882984, -12.613415790040722 ], [ -60.664782609139067, -12.613407765811955 ] ], [ [ -60.665002776234651, -12.613476173142349 ], [ -60.665074555396629, -12.613609329952325 ], [ -60.664958490022187, -12.613578827950573 ], [ -60.665002776234651, -12.613476173142349 ] ] ], [ [ [ -60.66028518081395, -12.612886721407264 ], [ -60.660191705683083, -12.61312835698498 ], [ -60.659872668259638, -12.613091285846179 ], [ -60.659785598188492, -12.614005396953457 ], [ -60.659983235390435, -12.61374402740555 ], [ -60.660274999311191, -12.613657178996727 ], [ -60.660568178889534, -12.613786997646995 ], [ -60.660351553652241, -12.613874916488262 ], [ -60.660351553652227, -12.614005396953418 ], [ -60.660786777098778, -12.613961861917716 ], [ -60.660873847170109, -12.613787846416939 ], [ -60.660701981022441, -12.613752026505979 ], [ -60.660709089933185, -12.613331431574506 ], [ -60.66096091724161, -12.613308836382711 ], [ -60.661120535766607, -12.613010114382654 ], [ -60.661309197527004, -12.613047626168669 ], [ -60.661250234692453, -12.612827016322806 ], [ -60.661526872168039, -12.612873496768316 ], [ -60.661385068039912, -12.612669906068882 ], [ -60.661526872705451, -12.612612275811941 ], [ -60.6614833376698, -12.612438260311219 ], [ -60.661045342189063, -12.612633238413052 ], [ -60.660656287963732, -12.612394725803261 ], [ -60.660561068839847, -12.612839911580123 ], [ -60.660177402571371, -12.612481795874574 ], [ -60.660046808402178, -12.612699345883374 ], [ -60.66028518081395, -12.612886721407264 ] ], [ [ -60.660321623001252, -12.613573947636471 ], [ -60.660035963165853, -12.613420883230463 ], [ -60.660302594050442, -12.613309141464669 ], [ -60.660526218207146, -12.613481619072722 ], [ -60.660321623001252, -12.613573947636471 ] ], [ [ -60.660917191279694, -12.612825482340771 ], [ -60.660747507440526, -12.612970685923804 ], [ -60.660853562852068, -12.612777141298601 ], [ -60.660917191279694, -12.612825482340771 ] ] ], [ [ [ -60.664452138306295, -12.612653072388769 ], [ -60.664705046281192, -12.612873485498092 ], [ -60.664966139985765, -12.612786426696866 ], [ -60.664835535416167, -12.612394725275735 ], [ -60.664574336139999, -12.612351190767765 ], [ -60.663877892020231, -12.612699460949965 ], [ -60.664052020746148, -12.613004090605141 ], [ -60.664226044916731, -12.61300409113289 ], [ -60.664168011984252, -12.612802141393416 ], [ -60.664400185059456, -12.612786415954528 ], [ -60.664452138306295, -12.612653072388769 ] ] ], [ [ [ -60.653559960641168, -12.612046331090882 ], [ -60.653211691830926, -12.611741700267887 ], [ -60.652950598065516, -12.6118722952939 ], [ -60.652689387911124, -12.612525319639863 ], [ -60.652819981543125, -12.612960555569952 ], [ -60.653211680892987, -12.612786415954979 ], [ -60.653077043315541, -12.612408475586662 ], [ -60.653298750964424, -12.612264120168186 ], [ -60.653137204215533, -12.612066203786432 ], [ -60.653559960641168, -12.612046331090882 ] ] ], [ [ [ -60.657869929709427, -12.612481670705094 ], [ -60.65813113944499, -12.612394610199162 ], [ -60.658348814564569, -12.611959261019386 ], [ -60.658218336903786, -12.6116981647047 ], [ -60.658121193871501, -12.611981028830902 ], [ -60.657945749778904, -12.6120419367906 ], [ -60.657695905537992, -12.611654630196727 ], [ -60.657304101154772, -12.611959374918662 ], [ -60.657304101154786, -12.612133390419764 ], [ -60.657540829673003, -12.612054895830038 ], [ -60.657608846404528, -12.612438135669466 ], [ -60.657869929709427, -12.612481670705094 ] ], [ [ -60.657747487674577, -12.611982468626787 ], [ -60.657690616639449, -12.61213317969885 ], [ -60.657641459658436, -12.612071882153851 ], [ -60.657747487674577, -12.611982468626787 ] ] ], [ [ [ -60.634265850521352, -12.611923376762388 ], [ -60.634404545008444, -12.611785119663331 ], [ -60.634295720800296, -12.611385402351729 ], [ -60.634578685090553, -12.611045025271167 ], [ -60.634491731525394, -12.610827464518048 ], [ -60.634170766176993, -12.611333943311401 ], [ -60.633925787475661, -12.611349874895414 ], [ -60.634311020959565, -12.611639689791286 ], [ -60.634099927679465, -12.61187219094891 ], [ -60.634404672391923, -12.612220460492081 ], [ -60.634535150054624, -12.612089969282511 ], [ -60.634265850521352, -12.611923376762388 ] ] ], [ [ [ -60.641457221263714, -12.60921666767087 ], [ -60.64134796274822, -12.609386431579001 ], [ -60.640804323110835, -12.60947786836943 ], [ -60.640847857670614, -12.609782498494319 ], [ -60.641054816683749, -12.609728727927848 ], [ -60.641109056947137, -12.609956638109271 ], [ -60.6414572212636, -12.609913103601361 ], [ -60.641587825833319, -12.60960836909385 ], [ -60.641457221263714, -12.60921666767087 ] ] ], [ [ [ -60.636102411340453, -12.604819515170414 ], [ -60.636058876842149, -12.604514883818409 ], [ -60.635231827130511, -12.604558419381796 ], [ -60.635144768533792, -12.604689013218854 ], [ -60.635327372323111, -12.604769539792221 ], [ -60.635231838605193, -12.605037190348812 ], [ -60.635362432237685, -12.605385459364243 ], [ -60.63561923002554, -12.605170181455367 ], [ -60.63592827173504, -12.605211319749319 ], [ -60.636102411340453, -12.604819515170414 ] ] ], [ [ [ -60.625131710338991, -12.642956206417026 ], [ -60.625522475086832, -12.643390819808038 ], [ -60.625475399395384, -12.64453560511077 ], [ -60.624682824138034, -12.645986248765935 ], [ -60.623999798874976, -12.646221447988612 ], [ -60.623812123375565, -12.647074624708596 ], [ -60.622845407533084, -12.647909421645696 ], [ -60.622563143190355, -12.647962839579145 ], [ -60.622253806675594, -12.649759809667733 ], [ -60.621561837371551, -12.650400801556032 ], [ -60.621605021787914, -12.651180482899299 ], [ -60.621414998325989, -12.651690921565852 ], [ -60.620576820773046, -12.652483538439361 ], [ -60.618906729143475, -12.652924658105293 ], [ -60.618470838407227, -12.652882308973487 ], [ -60.617475517181191, -12.65370689584835 ], [ -60.614858733202716, -12.653665876769114 ], [ -60.614335010018706, -12.653840079757991 ], [ -60.613663949777099, -12.654653953318611 ], [ -60.612941888877486, -12.655059060756637 ], [ -60.612027664562774, -12.655842680978257 ], [ -60.611313057704827, -12.656874240161436 ], [ -60.609807377249147, -12.657845302511632 ], [ -60.609807377249176, -12.658149923124169 ], [ -60.611374522545169, -12.657540432097001 ], [ -60.61226543163955, -12.656594198451096 ], [ -60.613072377997185, -12.656190846518925 ], [ -60.613529202329048, -12.655591041243154 ], [ -60.613986624685666, -12.655407215349108 ], [ -60.614363911645235, -12.654977888558212 ], [ -60.614683174317172, -12.65497186552011 ], [ -60.615321682395724, -12.654455468162451 ], [ -60.617251752360872, -12.654623584706918 ], [ -60.620250839289035, -12.653493908374625 ], [ -60.621300510678189, -12.653404603707999 ], [ -60.621692315060002, -12.653230464093035 ], [ -60.621704910190687, -12.653076206898573 ], [ -60.622065080629518, -12.6528036889848 ], [ -60.623128971237264, -12.652272693308266 ], [ -60.623414666653787, -12.651802383179048 ], [ -60.623912601879411, -12.651706737844517 ], [ -60.623956136915133, -12.651402117233182 ], [ -60.623775101510795, -12.65149598312734 ], [ -60.623449949927391, -12.651212036144289 ], [ -60.623303422050867, -12.650701204555384 ], [ -60.623568296178171, -12.648474580076391 ], [ -60.624796754133108, -12.646978241507091 ], [ -60.625958748065678, -12.64604719303151 ], [ -60.626144636851116, -12.645587956241565 ], [ -60.626524703483639, -12.645263563307452 ], [ -60.626415345128827, -12.644869139453016 ], [ -60.626524703483753, -12.64469771099821 ], [ -60.626224549469015, -12.644448535022283 ], [ -60.62578460787779, -12.643130449714105 ], [ -60.625406238446146, -12.642983026233722 ], [ -60.625175117378653, -12.642390354107722 ], [ -60.625001104694455, -12.642346829814157 ], [ -60.625131710338991, -12.642956206417026 ] ] ], [ [ [ -60.624086868944161, -12.637644921323369 ], [ -60.624315795991222, -12.63787066288611 ], [ -60.62399979887298, -12.638254411822745 ], [ -60.624522092382087, -12.63821087678706 ], [ -60.624686839873846, -12.637779715485378 ], [ -60.624913907165777, -12.637906142279412 ], [ -60.624913907165826, -12.637688570255486 ], [ -60.62467074197707, -12.637631754263882 ], [ -60.624478557346627, -12.637296765676513 ], [ -60.624391614731188, -12.637383721851398 ], [ -60.62455887900677, -12.637713935172739 ], [ -60.624317952068246, -12.637583986522776 ], [ -60.624086741488355, -12.636817869542044 ], [ -60.623869193765614, -12.636730810212809 ], [ -60.624086868944161, -12.637644921323369 ] ] ], [ [ [ -60.611635848742289, -12.637601386288207 ], [ -60.612020851454226, -12.63770254855252 ], [ -60.612114723196221, -12.637906131010155 ], [ -60.612288746822351, -12.637775537172841 ], [ -60.612201677288482, -12.637383835747322 ], [ -60.612013246786802, -12.637595047253781 ], [ -60.611686412283063, -12.637314421577239 ], [ -60.611679267799019, -12.637079091025353 ], [ -60.611200498385571, -12.637514440854302 ], [ -60.61120049838555, -12.63764492132397 ], [ -60.611461581682128, -12.637644921323959 ], [ -60.611603005848437, -12.637465510468063 ], [ -60.611635848742289, -12.637601386288207 ] ] ], [ [ [ -60.629417816287656, -12.631559523664009 ], [ -60.629267538187484, -12.631332465790081 ], [ -60.62913405236452, -12.63160172210201 ], [ -60.628654456824144, -12.631088400064927 ], [ -60.628657920772213, -12.630897115433434 ], [ -60.628382210459577, -12.630837854243918 ], [ -60.628570850701031, -12.630374695005369 ], [ -60.62830362279319, -12.630343612425378 ], [ -60.628396710558462, -12.629982879684318 ], [ -60.627977592353396, -12.630010473744557 ], [ -60.628048430273182, -12.62976520450596 ], [ -60.627892334078318, -12.629795447800701 ], [ -60.62783106573869, -12.629595292906322 ], [ -60.628309651425575, -12.629286193946964 ], [ -60.628483780630013, -12.628981573864031 ], [ -60.628157979123962, -12.628971681098372 ], [ -60.627963731413018, -12.628728925670252 ], [ -60.628004895237801, -12.628546223507275 ], [ -60.627707231697009, -12.628432594575687 ], [ -60.627614129894894, -12.62815355805296 ], [ -60.627830754611828, -12.628023688104976 ], [ -60.627830755095296, -12.62784966293656 ], [ -60.62742264748973, -12.627755638143828 ], [ -60.627351869703062, -12.627544917686826 ], [ -60.627091866527152, -12.627459347461686 ], [ -60.627613079917197, -12.626935427187505 ], [ -60.626873100286332, -12.626978962750844 ], [ -60.626693944832873, -12.627109223529398 ], [ -60.62626360978696, -12.627022497786458 ], [ -60.625859211486919, -12.62782977991418 ], [ -60.625318316961653, -12.628178060205734 ], [ -60.625479862632233, -12.626674206231279 ], [ -60.625179708292734, -12.626468564517575 ], [ -60.625044512813197, -12.625585841081618 ], [ -60.624913918644296, -12.625411701466666 ], [ -60.624696359440605, -12.625498771010328 ], [ -60.624609289369282, -12.625716321549975 ], [ -60.624824524097242, -12.625982653212308 ], [ -60.624478684744787, -12.626195321937763 ], [ -60.62454134607173, -12.626387673267907 ], [ -60.62424755750628, -12.626744465257348 ], [ -60.624043333905831, -12.62676128704466 ], [ -60.62399979887028, -12.627327117869747 ], [ -60.624173597534465, -12.627680225947691 ], [ -60.623869130306602, -12.628068606653043 ], [ -60.62386919376349, -12.628241353618803 ], [ -60.624068808086555, -12.628102540632595 ], [ -60.624559621288462, -12.628443792738278 ], [ -60.624739544385449, -12.62894187443106 ], [ -60.624674580897896, -12.62968602683787 ], [ -60.624556387452266, -12.630132863581048 ], [ -60.624348079156398, -12.630200554862524 ], [ -60.623912729337221, -12.630897104691099 ], [ -60.623819076908184, -12.631521421429229 ], [ -60.623607983550322, -12.631637211039548 ], [ -60.623780916640051, -12.631986991447793 ], [ -60.623259703750804, -12.633204462619119 ], [ -60.623433843408172, -12.633857373220168 ], [ -60.623645197069855, -12.633770626526552 ], [ -60.623737381596918, -12.633899408054539 ], [ -60.623477378981441, -12.634684549639919 ], [ -60.623564449052878, -12.635076364960959 ], [ -60.623866568314426, -12.635330717976903 ], [ -60.623999798872468, -12.636121195074931 ], [ -60.624923427463045, -12.636299524276506 ], [ -60.625131582881828, -12.636556545431562 ], [ -60.625252425856729, -12.636386308319295 ], [ -60.625741073381263, -12.636295335217589 ], [ -60.625715932968347, -12.636040318757868 ], [ -60.626721042608892, -12.63565200190984 ], [ -60.626524831478726, -12.63594716882878 ], [ -60.626428393739459, -12.636576048838503 ], [ -60.6261519525507, -12.636895751473357 ], [ -60.625871794467947, -12.636904950883274 ], [ -60.625697665751353, -12.637209685861441 ], [ -60.625784735335301, -12.637514316216269 ], [ -60.625915213523612, -12.63751431621629 ], [ -60.626192679803616, -12.637137381839995 ], [ -60.627047124451181, -12.636556545431505 ], [ -60.627009722659196, -12.636193028780152 ], [ -60.627656614463852, -12.635642319415282 ], [ -60.627633326524162, -12.635393467632211 ], [ -60.627830625679266, -12.635295060556849 ], [ -60.627874417047025, -12.635511704575395 ], [ -60.628135511281641, -12.635468169011979 ], [ -60.628440245592834, -12.635337564432691 ], [ -60.628464843581575, -12.635129088165749 ], [ -60.62870145580689, -12.63511988925433 ], [ -60.628875595412353, -12.634379907544783 ], [ -60.628309981982426, -12.634123409346229 ], [ -60.628657920771559, -12.63372676811294 ], [ -60.628543571496003, -12.633349833761677 ], [ -60.62896266602133, -12.633378487827555 ], [ -60.629136805678165, -12.633160822361786 ], [ -60.629136677136771, -12.632857098560434 ], [ -60.629223959592842, -12.632986670405009 ], [ -60.629600665551237, -12.632958905824374 ], [ -60.629659354046403, -12.633465568640979 ], [ -60.62983337767308, -12.63355262744248 ], [ -60.630138111984394, -12.63316081264918 ], [ -60.630197902822935, -12.632827413351986 ], [ -60.630704067448143, -12.632768997328116 ], [ -60.631052347196203, -12.632420727784876 ], [ -60.630922071908536, -12.632284809762517 ], [ -60.631008812160601, -12.632072550654405 ], [ -60.630676764718139, -12.631969550278708 ], [ -60.630138111984806, -12.631245395718848 ], [ -60.629789958615518, -12.631288930754472 ], [ -60.629697861373458, -12.631506262119487 ], [ -60.629528748401512, -12.631288930754451 ], [ -60.629417816287656, -12.631559523664009 ] ], [ [ -60.623825650089465, -12.6335092090887 ], [ -60.623550031020955, -12.633589823916051 ], [ -60.62348338468842, -12.633319716509058 ], [ -60.623796643480006, -12.633166835738793 ], [ -60.623825650089465, -12.6335092090887 ] ], [ [ -60.624348070517321, -12.63263850837534 ], [ -60.624112359820252, -12.633017040475407 ], [ -60.623841764110722, -12.633101461289659 ], [ -60.624274246675959, -12.63241391669942 ], [ -60.624348070517321, -12.63263850837534 ] ], [ [ -60.624217410593339, -12.634239835700438 ], [ -60.624103160554192, -12.634416498620539 ], [ -60.62391918377844, -12.63439473379432 ], [ -60.62402868732287, -12.634168141563139 ], [ -60.624217410593339, -12.634239835700438 ] ], [ [ -60.62460928937071, -12.631332465789916 ], [ -60.624726359918633, -12.631793826528742 ], [ -60.624317894060795, -12.632048301471897 ], [ -60.624061251072121, -12.631928664585555 ], [ -60.624091007602836, -12.631191729995589 ], [ -60.62439148679227, -12.631027605588606 ], [ -60.624352217811534, -12.630756379649995 ], [ -60.624565627419607, -12.630679315616256 ], [ -60.624708826564493, -12.630307383312518 ], [ -60.625044512327833, -12.63015690486827 ], [ -60.625056260229485, -12.629741203933429 ], [ -60.625736250239939, -12.629419033654605 ], [ -60.626045943378067, -12.629460425404067 ], [ -60.625828270369041, -12.629547529327571 ], [ -60.625734618508233, -12.630041230177055 ], [ -60.625523525603725, -12.63015701014668 ], [ -60.625621796938873, -12.630258058993761 ], [ -60.625469977085551, -12.630702040020998 ], [ -60.624870499584652, -12.630984185504618 ], [ -60.624773356028101, -12.631267050719678 ], [ -60.62460928937071, -12.631332465789916 ] ], [ [ -60.624845959866981, -12.634593171635762 ], [ -60.625455506507365, -12.63473664921224 ], [ -60.625567051516626, -12.63507647037283 ], [ -60.625218779871055, -12.635294154035824 ], [ -60.625244270560465, -12.635585607571835 ], [ -60.624865471747128, -12.635685625544717 ], [ -60.624522433875761, -12.635603600466121 ], [ -60.624826837632412, -12.635424759142786 ], [ -60.62438023973273, -12.635420251064355 ], [ -60.624162610064552, -12.635177517956572 ], [ -60.624845959866981, -12.634593171635762 ] ], [ [ -60.624556233477911, -12.628237289215026 ], [ -60.624526179424798, -12.628134696597879 ], [ -60.624648558883372, -12.628207949272042 ], [ -60.624556233477911, -12.628237289215026 ] ], [ [ -60.624850084187095, -12.635894249619053 ], [ -60.624913716762038, -12.635942589384646 ], [ -60.624729210568987, -12.636032419871718 ], [ -60.624850084187095, -12.635894249619053 ] ], [ [ -60.625131287045626, -12.627590067832172 ], [ -60.625003603156756, -12.627595298819029 ], [ -60.624953149321392, -12.627024769347786 ], [ -60.625129084428202, -12.627146131655492 ], [ -60.625131287045626, -12.627590067832172 ] ], [ [ -60.625175117918531, -12.632290236574647 ], [ -60.624979221066809, -12.632254593943237 ], [ -60.625180545175859, -12.632072741856017 ], [ -60.625653874497942, -12.632029932887836 ], [ -60.625697660526086, -12.632159607680684 ], [ -60.625183281453943, -12.632484689632268 ], [ -60.625175117918531, -12.632290236574647 ] ], [ [ -60.625947142801536, -12.634379855975222 ], [ -60.625995828606719, -12.634525338854022 ], [ -60.625858590708162, -12.634558215082286 ], [ -60.625834276649996, -12.63445162741516 ], [ -60.625947142801536, -12.634379855975222 ] ], [ [ -60.627004240561796, -12.627499901137584 ], [ -60.626797289630318, -12.627714549731829 ], [ -60.626350717821637, -12.627762520354805 ], [ -60.626326093536278, -12.628101674265594 ], [ -60.625965903683259, -12.628172063814215 ], [ -60.62609808548833, -12.627786316745595 ], [ -60.626331626076592, -12.627597526983074 ], [ -60.626916774308583, -12.627415219100746 ], [ -60.627004240561796, -12.627499901137584 ] ], [ [ -60.626961017441282, -12.635467190174875 ], [ -60.626917643544509, -12.635337728471026 ], [ -60.627046127173671, -12.635424595130536 ], [ -60.626961017441282, -12.635467190174875 ] ], [ [ -60.627596974441772, -12.634059232043752 ], [ -60.627451534010163, -12.634055290014647 ], [ -60.627437648044541, -12.633857435539491 ], [ -60.627094830313169, -12.634058541695762 ], [ -60.627193961935092, -12.633612104018679 ], [ -60.627521187328846, -12.633380721892198 ], [ -60.627699854165726, -12.633467297553807 ], [ -60.627596974441772, -12.634059232043752 ] ], [ [ -60.627093100026165, -12.634471985128087 ], [ -60.627347047312632, -12.634207887576396 ], [ -60.627485355133864, -12.634431498788132 ], [ -60.627093100026165, -12.634471985128087 ] ], [ [ -60.627413798941511, -12.628247547401063 ], [ -60.627519555000859, -12.628270073256143 ], [ -60.627403289706621, -12.628355711592397 ], [ -60.627413798941511, -12.628247547401063 ] ], [ [ -60.628216564157327, -12.633232646496975 ], [ -60.628073543985707, -12.633604631973325 ], [ -60.627924907014354, -12.633482658930577 ], [ -60.62803413974811, -12.63316727640696 ], [ -60.628216564157327, -12.633232646496975 ] ], [ [ -60.628397281257094, -12.635076978570371 ], [ -60.628223533450011, -12.635162444935473 ], [ -60.628180159578463, -12.635032983256497 ], [ -60.628323117536247, -12.63497000981917 ], [ -60.628397281257094, -12.635076978570371 ] ], [ [ -60.628200282669162, -12.63355003017654 ], [ -60.628440010872012, -12.633465620218498 ], [ -60.628350530240482, -12.633704191747924 ], [ -60.628200282669162, -12.63355003017654 ] ], [ [ -60.62896272948025, -12.633193731760098 ], [ -60.628850105110935, -12.633234715612879 ], [ -60.628801977430165, -12.633047029647768 ], [ -60.628901095516319, -12.633034282315561 ], [ -60.62896272948025, -12.633193731760098 ] ], [ [ -60.62944399194047, -12.632807535687007 ], [ -60.629577106001719, -12.632771231402776 ], [ -60.629515271452888, -12.632919001850304 ], [ -60.62944399194047, -12.632807535687007 ] ], [ [ -60.630490657882468, -12.632561452712261 ], [ -60.630520534089662, -12.632468441144281 ], [ -60.630594807669397, -12.632590605618235 ], [ -60.630490657882468, -12.632561452712261 ] ] ], [ [ [ -60.614315588468003, -12.625153392067128 ], [ -60.614317592510751, -12.625354627812195 ], [ -60.61376906548719, -12.625542306045473 ], [ -60.613669401699376, -12.62591423851241 ], [ -60.613401564703736, -12.625987102928876 ], [ -60.613312888621216, -12.625877351393244 ], [ -60.613507727824057, -12.625585830339128 ], [ -60.613159564049752, -12.6252375613235 ], [ -60.613028970418156, -12.625716332292447 ], [ -60.613333715130629, -12.626195206942811 ], [ -60.613725403539597, -12.626282277014148 ], [ -60.6137546469649, -12.6261146005745 ], [ -60.614334894039018, -12.62593399672876 ], [ -60.614248134603784, -12.625590069454509 ], [ -60.614404409841647, -12.625418304777343 ], [ -60.615336210797473, -12.625498645844283 ], [ -60.615299246450718, -12.625266155557842 ], [ -60.615510340002203, -12.625193901122355 ], [ -60.615157765725336, -12.625191629066713 ], [ -60.61503157058354, -12.625063421180913 ], [ -60.615058884861249, -12.625308689984251 ], [ -60.614764266516552, -12.625322052591779 ], [ -60.614726709360212, -12.624976350581852 ], [ -60.61411734577235, -12.62471514036779 ], [ -60.613943206167093, -12.625063306757394 ], [ -60.614030275701104, -12.625193901122399 ], [ -60.614315588468003, -12.625153392067128 ] ], [ [ -60.613273948384716, -12.625558122276745 ], [ -60.613176876530439, -12.625702908114638 ], [ -60.613175703353463, -12.625557062226589 ], [ -60.613273948384716, -12.625558122276745 ] ], [ [ -60.614203291698416, -12.625716485223307 ], [ -60.614074856567356, -12.625857135007411 ], [ -60.614118179858046, -12.625673890517568 ], [ -60.614203291698416, -12.625716485223307 ] ], [ [ -60.614339159480927, -12.625029891897341 ], [ -60.614461539098905, -12.624956637593803 ], [ -60.614431485630064, -12.625059231639815 ], [ -60.614339159480927, -12.625029891897341 ] ] ], [ [ [ -60.629391561640162, -12.62382949966789 ], [ -60.629354608256975, -12.623974920123009 ], [ -60.629789831163961, -12.623931395829425 ], [ -60.62951895842729, -12.623476399306766 ], [ -60.629615691558818, -12.623234949155725 ], [ -60.629372524833663, -12.623221657392095 ], [ -60.629310946309204, -12.622973738941694 ], [ -60.628962792935738, -12.623017273977341 ], [ -60.628962793473143, -12.6232783702944 ], [ -60.629132667623068, -12.623398958739278 ], [ -60.629136933615925, -12.623670185615429 ], [ -60.629391561640162, -12.62382949966789 ] ], [ [ -60.629381866915168, -12.623371651856429 ], [ -60.629419200007476, -12.623616871684259 ], [ -60.629318101290856, -12.623600885000938 ], [ -60.629381866915168, -12.623371651856429 ] ] ], [ [ [ -60.628323174638894, -12.623304494192055 ], [ -60.628325872222035, -12.623163695488309 ], [ -60.628701455809804, -12.623321894587992 ], [ -60.628875071716024, -12.623059327456884 ], [ -60.628788525881269, -12.62271252872763 ], [ -60.628596479151874, -12.622757536051113 ], [ -60.628570850702964, -12.622581923620636 ], [ -60.628440906815385, -12.622711343333831 ], [ -60.628092092222225, -12.622668993691963 ], [ -60.628353302436459, -12.623583104802005 ], [ -60.628570850702744, -12.623452624334034 ], [ -60.628323174638894, -12.623304494192055 ] ], [ [ -60.628745118294681, -12.62293009000909 ], [ -60.628700921566832, -12.623059623618978 ], [ -60.628484830589358, -12.622885818991721 ], [ -60.628579013957548, -12.622822694205462 ], [ -60.628745118294681, -12.62293009000909 ] ] ], [ [ [ -60.627264926544413, -12.622364248442237 ], [ -60.626981238116976, -12.622659100907878 ], [ -60.626786041633046, -12.622668984077199 ], [ -60.627003705392568, -12.623147753917634 ], [ -60.627234741009723, -12.622997872279326 ], [ -60.62752600984679, -12.623278359552357 ], [ -60.627568205999296, -12.622953280468838 ], [ -60.627797863689956, -12.622886606558557 ], [ -60.627952120468599, -12.62295423559361 ], [ -60.627961487115321, -12.623147754445307 ], [ -60.62809196531051, -12.623104219409662 ], [ -60.627961359666244, -12.622712517985502 ], [ -60.627656965046434, -12.622577963021309 ], [ -60.627720366688095, -12.622375660571374 ], [ -60.628048430275051, -12.622277053731963 ], [ -60.62796136020372, -12.62214657326391 ], [ -60.62768587039978, -12.62224354979055 ], [ -60.627439066687018, -12.622103038228238 ], [ -60.62754942621855, -12.622438950351217 ], [ -60.627264926544413, -12.622364248442237 ] ], [ [ -60.627470008036106, -12.62286678582428 ], [ -60.627285045233073, -12.622874300702476 ], [ -60.627277393323503, -12.622775822186915 ], [ -60.627427336467065, -12.622712466422081 ], [ -60.627470008036106, -12.62286678582428 ] ] ], [ [ [ -60.612592200974078, -12.618924918305019 ], [ -60.61211473413011, -12.619055585730786 ], [ -60.611959532849134, -12.619351132172556 ], [ -60.611679372835731, -12.619273261436794 ], [ -60.611571204705207, -12.619489262079723 ], [ -60.611331103488141, -12.619534471123082 ], [ -60.611548767728763, -12.6196649510648 ], [ -60.612131416044122, -12.619662691616842 ], [ -60.612223024766173, -12.620096050413959 ], [ -60.611853523916317, -12.620056891551119 ], [ -60.611500219048473, -12.620361292991554 ], [ -60.611418046650712, -12.62023103169377 ], [ -60.611214070781728, -12.620371551620636 ], [ -60.611156836436685, -12.620231031693791 ], [ -60.61080868306027, -12.620274566729412 ], [ -60.610762491884671, -12.620544988985683 ], [ -60.610311137673669, -12.620509975630068 ], [ -60.610155541554064, -12.620361637328454 ], [ -60.609807377718717, -12.620448697300587 ], [ -60.609807377240195, -12.621624028197687 ], [ -60.610334622309011, -12.621495657137155 ], [ -60.610871156725466, -12.621720297095594 ], [ -60.610900316922155, -12.621904408160997 ], [ -60.610737906067214, -12.622096083587566 ], [ -60.610348793146763, -12.622194406042654 ], [ -60.609807377240358, -12.621885363049193 ], [ -60.609807377778367, -12.624627956400797 ], [ -60.609992792983363, -12.62485450985303 ], [ -60.609807377241019, -12.624889280510315 ], [ -60.60980737724126, -12.625977531764612 ], [ -60.610286146659966, -12.625846926129903 ], [ -60.61050381090039, -12.625585716443593 ], [ -60.610329734215753, -12.625246913651498 ], [ -60.610503810900518, -12.625019885617304 ], [ -60.610349916298496, -12.625051052642018 ], [ -60.610349916295121, -12.624901523908051 ], [ -60.610590753728978, -12.624846651989049 ], [ -60.610981404624191, -12.625019823299008 ], [ -60.611010803877264, -12.624886222083283 ], [ -60.611200371471249, -12.624889155872866 ], [ -60.611246346921099, -12.624100528081426 ], [ -60.611485205783801, -12.623800621008471 ], [ -60.611679383774586, -12.624105525230794 ], [ -60.611968976808001, -12.624121293900263 ], [ -60.612071188157792, -12.624410269952701 ], [ -60.612201676810962, -12.624366745055342 ], [ -60.612230920445128, -12.62402491885088 ], [ -60.612438474834491, -12.623927087424292 ], [ -60.612767632274839, -12.624018464767589 ], [ -60.612994285549689, -12.623075409192566 ], [ -60.613377123255084, -12.623060684374709 ], [ -60.613551263397795, -12.622755939124954 ], [ -60.613508852493233, -12.6221030772597 ], [ -60.613681931959981, -12.621973701650447 ], [ -60.613508778303903, -12.621753907780937 ], [ -60.613681868025452, -12.621624037785498 ], [ -60.613727678304585, -12.621095894967379 ], [ -60.613986613217612, -12.620753338226137 ], [ -60.613682197767652, -12.61992086017664 ], [ -60.613899543146609, -12.619316785202805 ], [ -60.613594809372053, -12.619099121294207 ], [ -60.613159574986213, -12.619055585730802 ], [ -60.613153046871119, -12.61919305008395 ], [ -60.61301944755094, -12.619182001819054 ], [ -60.613028842970699, -12.618924980623785 ], [ -60.612787429061491, -12.61906497199138 ], [ -60.612592200974078, -12.618924918305019 ] ], [ [ -60.611035752951352, -12.624719204751774 ], [ -60.610991249406219, -12.624850591692059 ], [ -60.610943426684941, -12.624748544435791 ], [ -60.611035752951352, -12.624719204751774 ] ], [ [ -60.611056417077442, -12.621861105776999 ], [ -60.610983820419769, -12.621754796892152 ], [ -60.611126777594841, -12.621691820485857 ], [ -60.611200496212454, -12.621798259126091 ], [ -60.611056417077442, -12.621861105776999 ] ], [ [ -60.611438503614764, -12.620887946327787 ], [ -60.61136511639998, -12.621010473329706 ], [ -60.611335241946364, -12.620917461307032 ], [ -60.611438503614764, -12.620887946327787 ] ], [ [ -60.611469744804779, -12.621775073630614 ], [ -60.611363791137357, -12.621708451331077 ], [ -60.611497080518312, -12.621516642398058 ], [ -60.6116799079022, -12.621666206604441 ], [ -60.611469744804779, -12.621775073630614 ] ], [ [ -60.611997478270638, -12.620903335183854 ], [ -60.611887268464187, -12.620842968556676 ], [ -60.611935642356848, -12.620755561533473 ], [ -60.612071653876271, -12.620797501470067 ], [ -60.611997478270638, -12.620903335183854 ] ], [ [ -60.612151950485092, -12.621189001220442 ], [ -60.612076096964884, -12.621319063776157 ], [ -60.612022973376902, -12.621251382622861 ], [ -60.612151950485092, -12.621189001220442 ] ], [ [ -60.612530865209486, -12.621154715199745 ], [ -60.612106141528621, -12.620833967332269 ], [ -60.61229369897687, -12.620799096576324 ], [ -60.612550075848063, -12.620971011147075 ], [ -60.612530865209486, -12.621154715199745 ] ], [ [ -60.612250237119319, -12.621406133859443 ], [ -60.612190836918273, -12.621322985013236 ], [ -60.612462054248503, -12.621233316885043 ], [ -60.612463005776831, -12.621362934136647 ], [ -60.612250237119319, -12.621406133859443 ] ], [ [ -60.612478107212311, -12.61982590180062 ], [ -60.612738516971731, -12.620093962907715 ], [ -60.612457474124021, -12.620114061247222 ], [ -60.612478107212311, -12.61982590180062 ] ], [ [ -60.613546328289026, -12.619970009006497 ], [ -60.613581193991109, -12.620104202931167 ], [ -60.61349710796717, -12.62003249839788 ], [ -60.613546328289026, -12.619970009006497 ] ] ], [ [ [ -60.619733365371445, -12.614658547128561 ], [ -60.619820435442826, -12.615006702775544 ], [ -60.620168704790622, -12.615093772319149 ], [ -60.620375749186181, -12.614876160004275 ], [ -60.62060395011536, -12.615093772319105 ], [ -60.620550633937597, -12.614852779154306 ], [ -60.620729718813351, -12.614660656543185 ], [ -60.620778206227541, -12.614832562632849 ], [ -60.621082940539658, -12.614919632176452 ], [ -60.621344034246846, -12.614745503303535 ], [ -60.621256964712892, -12.614397336914596 ], [ -60.620846616613456, -12.614371536691934 ], [ -60.620734555222505, -12.614223197299598 ], [ -60.62047346097777, -12.614310266843235 ], [ -60.620569926902363, -12.614610823061977 ], [ -60.620255774861853, -12.614440872477937 ], [ -60.620018113076199, -12.614674245939092 ], [ -60.619733365371445, -12.614658547128561 ] ], [ [ -60.620129319074806, -12.614648416389953 ], [ -60.620222015856271, -12.614618790470402 ], [ -60.620159192983131, -12.614741428166361 ], [ -60.620129319074806, -12.614648416389953 ] ] ], [ [ [ -60.620429925941629, -12.612568740778046 ], [ -60.621140985765315, -12.612976282366104 ], [ -60.621048276821554, -12.613101194711023 ], [ -60.620865265360948, -12.612960681265195 ], [ -60.620821741800157, -12.613178242019456 ], [ -60.620995881405619, -12.613700651705434 ], [ -60.62121355658401, -12.613831256812423 ], [ -60.621399316457158, -12.613328496169212 ], [ -60.621692315069915, -12.613178231277383 ], [ -60.621756094858696, -12.612885854159831 ], [ -60.622040594818003, -12.612786426698376 ], [ -60.622040595355315, -12.612655935487904 ], [ -60.621823036145635, -12.612655936015605 ], [ -60.621475598897376, -12.613046646811439 ], [ -60.621474650829178, -12.612655936015566 ], [ -60.621125823453674, -12.612741820163603 ], [ -60.621039289535048, -12.612481795345136 ], [ -60.620818969305461, -12.61258970440581 ], [ -60.620429925941615, -12.612438260309462 ], [ -60.620429925941629, -12.612568740778046 ] ] ], [ [ [ -60.630965405111432, -12.61291713496011 ], [ -60.631008928672244, -12.613352370891894 ], [ -60.631574768166459, -12.612699345884577 ], [ -60.63150284983287, -12.612453904907328 ], [ -60.631835978380515, -12.612481670706236 ], [ -60.631969566207836, -12.611890034743558 ], [ -60.632184258665966, -12.611959250278144 ], [ -60.632140723630322, -12.611785234774937 ], [ -60.631773504098476, -12.611688965771737 ], [ -60.63157477910427, -12.611436955017263 ], [ -60.631226615264012, -12.611524015040104 ], [ -60.631665997702804, -12.611945499850147 ], [ -60.631183068814686, -12.612046445516624 ], [ -60.631008940086176, -12.612307645675369 ], [ -60.631194350983314, -12.61268679479827 ], [ -60.630965405111432, -12.61291713496011 ] ], [ [ -60.63156145142036, -12.61219375542872 ], [ -60.631444691887538, -12.612330458672918 ], [ -60.631463594797886, -12.612179949041996 ], [ -60.63156145142036, -12.61219375542872 ] ] ], [ [ [ -60.620995881880944, -12.611959365406358 ], [ -60.621358454753441, -12.611965714027338 ], [ -60.62143123176196, -12.61217692545697 ], [ -60.621711381348916, -12.612055519231326 ], [ -60.621692442513364, -12.612394611377386 ], [ -60.62191010621693, -12.612568740250254 ], [ -60.62234534006776, -12.612394611377361 ], [ -60.622301816506955, -12.612220585658907 ], [ -60.622088574390958, -12.612190527023685 ], [ -60.62212767636435, -12.611915840409226 ], [ -60.621766592898389, -12.61186807570679 ], [ -60.621387580758061, -12.611611095159518 ], [ -60.621466554468761, -12.611859394480641 ], [ -60.621170010610413, -12.611828770337874 ], [ -60.620995881880944, -12.611959365406358 ] ] ], [ [ [ -60.63318556448634, -12.611872180206833 ], [ -60.633131850080417, -12.611568494325587 ], [ -60.633446774163062, -12.611654515770581 ], [ -60.633272634557812, -12.611219279311262 ], [ -60.632997131418456, -12.611256350570255 ], [ -60.632880935205613, -12.611001604660657 ], [ -60.632793876071851, -12.611262689707438 ], [ -60.632901643982585, -12.611362994914876 ], [ -60.632750277583028, -12.611522631374148 ], [ -60.632897998513783, -12.611587853046334 ], [ -60.632880946143324, -12.611785110135454 ], [ -60.63318556448634, -12.611872180206833 ] ] ], [ [ [ -60.627874290135104, -12.611132209239697 ], [ -60.627613206826979, -12.611045139168363 ], [ -60.627743811934124, -12.611698040064342 ], [ -60.628005011210689, -12.611915714714959 ], [ -60.628165686461919, -12.611722295523636 ], [ -60.628614385741344, -12.611741575100016 ], [ -60.628791297844948, -12.611459525862552 ], [ -60.62908726537465, -12.611682804791197 ], [ -60.62904986300434, -12.612002785313956 ], [ -60.629310946311946, -12.611959250278334 ], [ -60.629485086454672, -12.611741575099941 ], [ -60.62936707450622, -12.611500247995899 ], [ -60.629702761633062, -12.611523899921588 ], [ -60.6295286214905, -12.611001604132765 ], [ -60.629140976823372, -12.611028507776613 ], [ -60.629136806169534, -12.610783928954412 ], [ -60.628745117754406, -12.610870999025794 ], [ -60.628523271951323, -12.611289718000492 ], [ -60.628179162290778, -12.611306349382415 ], [ -60.628091133286745, -12.611479385526316 ], [ -60.627846986076058, -12.611421013459877 ], [ -60.627874290135104, -12.611132209239697 ] ], [ [ -60.629015724070683, -12.611049203604008 ], [ -60.628971222330186, -12.611180593135067 ], [ -60.628923396247281, -12.611078543677452 ], [ -60.629015724070683, -12.611049203604008 ] ], [ [ -60.629326501812002, -12.611172683225712 ], [ -60.629354599614921, -12.611393410969118 ], [ -60.629108491429953, -12.611580750889621 ], [ -60.629136806169406, -12.61130634938244 ], [ -60.629012782393339, -12.611204339329438 ], [ -60.629326501812002, -12.611172683225712 ] ] ], [ [ [ -60.632841549457403, -12.610338448164077 ], [ -60.633226542824993, -12.610217333898801 ], [ -60.632793865134097, -12.610087368911632 ], [ -60.632677564024355, -12.610255044759789 ], [ -60.63244559578628, -12.610261508526584 ], [ -60.632358526252283, -12.610479069807555 ], [ -60.63248913082203, -12.610740269279445 ], [ -60.632808891272298, -12.610643352071726 ], [ -60.633011435281446, -12.61078380378734 ], [ -60.632841549457403, -12.610338448164077 ] ] ], [ [ [ -60.612272452955267, -12.609427388194176 ], [ -60.61215814225978, -12.609173132633932 ], [ -60.611941425128343, -12.609259098704579 ], [ -60.611766337876084, -12.609042528054641 ], [ -60.611536401980921, -12.609081880561291 ], [ -60.611026759221815, -12.608760586054903 ], [ -60.611069766368246, -12.608520107098855 ], [ -60.610721612986012, -12.608476572063154 ], [ -60.610774811063109, -12.608653158464012 ], [ -60.610634542914724, -12.608694247241491 ], [ -60.610591007879094, -12.608955332817903 ], [ -60.610799167849521, -12.60892365672022 ], [ -60.610939288164573, -12.609347148138943 ], [ -60.611145216972687, -12.609366808029863 ], [ -60.611200487441373, -12.609782497967959 ], [ -60.61168878043987, -12.609830222562339 ], [ -60.611635849272801, -12.610087254487272 ], [ -60.611938691035682, -12.610106328036483 ], [ -60.611853524451213, -12.610304929665611 ], [ -60.612195222963329, -12.610638383537097 ], [ -60.612158269163729, -12.610870874387329 ], [ -60.612290213725608, -12.610894075360822 ], [ -60.612463003476158, -12.611306224216243 ], [ -60.612559323696082, -12.61098210055575 ], [ -60.612767632283976, -12.610914418913588 ], [ -60.613002592289504, -12.61049211761412 ], [ -60.613420658293826, -12.610479059066231 ], [ -60.613420658293848, -12.610305043561372 ], [ -60.61322757846181, -12.61033937977974 ], [ -60.612985318874557, -12.610043833875055 ], [ -60.612883144020167, -12.61036177066687 ], [ -60.612674545063662, -12.610230426030123 ], [ -60.612816700187786, -12.609884860542596 ], [ -60.613028842972952, -12.609913103602548 ], [ -60.613072388945966, -12.609695553589756 ], [ -60.612272452955267, -12.609427388194176 ] ], [ [ -60.611130998363251, -12.609005604995769 ], [ -60.611048708239039, -12.609206774990179 ], [ -60.61099142738702, -12.609022717046622 ], [ -60.611130998363251, -12.609005604995769 ] ], [ [ -60.611997445524459, -12.609809328286627 ], [ -60.612000256373108, -12.609666774208463 ], [ -60.612142699167549, -12.609658480037737 ], [ -60.612158205715708, -12.609825432392189 ], [ -60.611997445524459, -12.609809328286627 ] ], [ [ -60.61240305811431, -12.60986273854139 ], [ -60.612282729750547, -12.609682975891124 ], [ -60.612531692407011, -12.60961455206067 ], [ -60.61255002103492, -12.609815418131625 ], [ -60.61240305811431, -12.60986273854139 ] ], [ [ -60.612329605264947, -12.610889364807941 ], [ -60.612402669731757, -12.61069447214742 ], [ -60.612497818293932, -12.61072058337751 ], [ -60.612506550863003, -12.61087097075853 ], [ -60.612329605264947, -12.610889364807941 ] ], [ [ -60.612767430417463, -12.610647897589889 ], [ -60.612686879324983, -12.610696535521791 ], [ -60.612615272539493, -12.61055823679324 ], [ -60.61271249759934, -12.610479121392919 ], [ -60.612767430417463, -12.610647897589889 ] ] ], [ [ [ -60.611250987583098, -12.60827587236578 ], [ -60.611243917448284, -12.60795415216286 ], [ -60.610852218092916, -12.608041221706495 ], [ -60.611025234170263, -12.608171865811101 ], [ -60.610895753128631, -12.608302307282885 ], [ -60.611418162619536, -12.608781192147491 ], [ -60.611635721831924, -12.608476572063234 ], [ -60.611250987583098, -12.60827587236578 ] ] ], [ [ [ -60.620255658894543, -12.606343355315817 ], [ -60.619656808300206, -12.606517433147001 ], [ -60.619080223868771, -12.606256285772142 ], [ -60.618867559879817, -12.606386546540058 ], [ -60.618601443504687, -12.606212750736441 ], [ -60.618437827243163, -12.606430363080079 ], [ -60.618296582289553, -12.606256285244378 ], [ -60.618034834789142, -12.606342169929086 ], [ -60.617687091790245, -12.606125680137355 ], [ -60.617425993421826, -12.606190976866634 ], [ -60.617425881576381, -12.605603259709316 ], [ -60.616777878064141, -12.606125336326444 ], [ -60.616468121728794, -12.605864470451046 ], [ -60.616211070529232, -12.605847838679823 ], [ -60.615989225399431, -12.605298514459539 ], [ -60.615856093598175, -12.605438335149307 ], [ -60.615504359215095, -12.605383006250618 ], [ -60.61546680497144, -12.605167909352538 ], [ -60.615294083303318, -12.605080776962261 ], [ -60.615075117024681, -12.605342040051871 ], [ -60.615031581516732, -12.605690205142546 ], [ -60.615423385900634, -12.6058208097218 ], [ -60.615656501479435, -12.605730801849347 ], [ -60.615597536980545, -12.606038485427902 ], [ -60.615815201221736, -12.606125554971483 ], [ -60.616285120509872, -12.606096741285448 ], [ -60.615945817266038, -12.606473960422635 ], [ -60.615989341364504, -12.606604440363833 ], [ -60.616637424113193, -12.60625839466827 ], [ -60.616860042077896, -12.606430300221129 ], [ -60.617251741433556, -12.606299695641816 ], [ -60.617288589465794, -12.606040391409106 ], [ -60.617411598632422, -12.606194576784445 ], [ -60.617338927470229, -12.606212750736402 ], [ -60.617121263702117, -12.606430415931122 ], [ -60.617121263766492, -12.606647986669207 ], [ -60.617428984236909, -12.606813583546664 ], [ -60.616816518453099, -12.607431721742911 ], [ -60.616816507042515, -12.607910491433874 ], [ -60.617251741433186, -12.607823421890261 ], [ -60.617546720606086, -12.60747904461566 ], [ -60.61773062682559, -12.607562211676219 ], [ -60.617769865255475, -12.607434003302478 ], [ -60.618253047253638, -12.607388071533538 ], [ -60.618292285669035, -12.607259863142996 ], [ -60.61956973836066, -12.607039853579424 ], [ -60.61973323846636, -12.607213931390767 ], [ -60.619753482735426, -12.607052159371317 ], [ -60.620029947915576, -12.606975937427594 ], [ -60.620125117240455, -12.607073972333234 ], [ -60.619987494494097, -12.607492241595386 ], [ -60.619575519709407, -12.6079471969338 ], [ -60.619460837163793, -12.607903381745482 ], [ -60.619559097786286, -12.607475255501097 ], [ -60.619341539111332, -12.607431731735254 ], [ -60.619170873692269, -12.607971296048849 ], [ -60.618922494159847, -12.608164872118426 ], [ -60.617692114261899, -12.608389158185087 ], [ -60.617545930688983, -12.608300602275049 ], [ -60.617643556754111, -12.607997686671096 ], [ -60.617338938407869, -12.607954151635422 ], [ -60.617208269849186, -12.608042490240956 ], [ -60.617332622050661, -12.608432713666149 ], [ -60.616703213272388, -12.608071217911371 ], [ -60.6166422618711, -12.607736476984769 ], [ -60.61641968032815, -12.607866737769307 ], [ -60.616032887337703, -12.607780011492682 ], [ -60.615991997297229, -12.608062061840661 ], [ -60.615858631229052, -12.607823547056094 ], [ -60.615684607052359, -12.607823546528374 ], [ -60.615718069575308, -12.608062875776879 ], [ -60.61537483941278, -12.608258553074551 ], [ -60.615194393679452, -12.60809872550567 ], [ -60.615379734899442, -12.608041097068678 ], [ -60.615336210801019, -12.607910617127436 ], [ -60.614813895401717, -12.607997687198703 ], [ -60.614650279403179, -12.608215299542509 ], [ -60.614291369945015, -12.607910617127365 ], [ -60.614003887386239, -12.607897548598602 ], [ -60.61384634576919, -12.607738922626158 ], [ -60.613899543149579, -12.607431720465211 ], [ -60.613485442623507, -12.607254868654838 ], [ -60.613619801306278, -12.607065589641756 ], [ -60.61372553044697, -12.607170396355336 ], [ -60.613912463557924, -12.607087555554363 ], [ -60.614111213271372, -12.60728576619773 ], [ -60.614118637351829, -12.607518738959737 ], [ -60.614291359007915, -12.607475141605056 ], [ -60.614305174089104, -12.607266283282462 ], [ -60.614552568748749, -12.607257475886945 ], [ -60.614596104257693, -12.60686577574358 ], [ -60.614024168226294, -12.607037337595449 ], [ -60.613856358716809, -12.606818279755871 ], [ -60.613943078722777, -12.606517495458204 ], [ -60.613597238688655, -12.606566027544375 ], [ -60.613702083845276, -12.606311232299925 ], [ -60.6140301487942, -12.606256160606288 ], [ -60.614030148256916, -12.606082134359472 ], [ -60.613808441075854, -12.605965290520276 ], [ -60.614117218865623, -12.605864345285278 ], [ -60.614117229802815, -12.605559725201212 ], [ -60.61369556468896, -12.60583085320474 ], [ -60.613594798437688, -12.605516189637791 ], [ -60.613028969875884, -12.605559724673482 ], [ -60.613202060145163, -12.605820085426377 ], [ -60.613116029010143, -12.606082019935938 ], [ -60.613248084107951, -12.606127249116289 ], [ -60.613386964807916, -12.605810888997476 ], [ -60.613680871353822, -12.606038649141873 ], [ -60.613203647420214, -12.606298634897239 ], [ -60.612494172427525, -12.606121498016254 ], [ -60.612288863332395, -12.605908005486476 ], [ -60.612592412596825, -12.606559406628584 ], [ -60.612554381322418, -12.606993984155219 ], [ -60.611766453841561, -12.606169215172773 ], [ -60.611720546444957, -12.60670020121319 ], [ -60.611461709129344, -12.606952731919103 ], [ -60.611809861974933, -12.607213931391106 ], [ -60.611947048220145, -12.606720230326035 ], [ -60.612089731209203, -12.606673774188817 ], [ -60.612201474956237, -12.606860349491784 ], [ -60.612071199091446, -12.607039791248416 ], [ -60.612522700966039, -12.6071330842887 ], [ -60.612678414954274, -12.607382359315073 ], [ -60.612511444717882, -12.60751845747272 ], [ -60.61230497791572, -12.607459325382585 ], [ -60.612201688233128, -12.607214056556556 ], [ -60.611897058948848, -12.607301126100174 ], [ -60.612038865215183, -12.607445699858271 ], [ -60.611853524450559, -12.607692827525479 ], [ -60.612201493587456, -12.607784240609416 ], [ -60.61198412902035, -12.60791061659955 ], [ -60.611897059422496, -12.608215352384461 ], [ -60.612027653118922, -12.608737657111792 ], [ -60.612178386541785, -12.608401745399089 ], [ -60.612473195577721, -12.608390436735201 ], [ -60.612724213689653, -12.608694122076086 ], [ -60.61344260595034, -12.608747619586476 ], [ -60.613594925340472, -12.609216543031797 ], [ -60.613787493658783, -12.60907758725781 ], [ -60.613943089659429, -12.609173007468405 ], [ -60.614722275371996, -12.608989374607406 ], [ -60.614975971936417, -12.609139971453892 ], [ -60.615032873111517, -12.609390745493718 ], [ -60.615423269460727, -12.609129482438659 ], [ -60.615592583593781, -12.608652821621281 ], [ -60.615775141062734, -12.608764048212505 ], [ -60.615815212159625, -12.608998867853375 ], [ -60.616424451089728, -12.608956363974876 ], [ -60.616598831864422, -12.609129472432617 ], [ -60.616715027502224, -12.60896179653103 ], [ -60.617174564170256, -12.608828630719792 ], [ -60.617011716204829, -12.609250309997602 ], [ -60.616207027480776, -12.609477753245692 ], [ -60.616337632587822, -12.609608358352739 ], [ -60.616571458948151, -12.609571046171013 ], [ -60.616598842801878, -12.609695428424024 ], [ -60.616898055443983, -12.609536580334598 ], [ -60.616816517980276, -12.609956638638101 ], [ -60.617282810393604, -12.610063591651951 ], [ -60.617425690656184, -12.610256911533142 ], [ -60.61733893840848, -12.610566129137426 ], [ -60.617503695697323, -12.610588723665854 ], [ -60.617513078551234, -12.610783804315759 ], [ -60.617736509029342, -12.610733108728201 ], [ -60.617948312940484, -12.610914408894992 ], [ -60.618646706476383, -12.610601314040476 ], [ -60.618850590003497, -12.610663698275149 ], [ -60.619036688832118, -12.61113208407329 ], [ -60.619210817500083, -12.610958058354592 ], [ -60.618904669452917, -12.610395555020713 ], [ -60.619117558061731, -12.610305242300541 ], [ -60.619297888108882, -12.610435524030313 ], [ -60.619341423144604, -12.610174313816277 ], [ -60.619146584920927, -12.609839268540199 ], [ -60.619171548204093, -12.609598352236029 ], [ -60.619288499347064, -12.609576682319302 ], [ -60.619341550586491, -12.609826044272959 ], [ -60.619646168394326, -12.610000173673612 ], [ -60.619430933502677, -12.609168011109189 ], [ -60.619863843098408, -12.609216552516658 ], [ -60.619950913106933, -12.608955446713836 ], [ -60.619820619154936, -12.608742011551714 ], [ -60.620000581227927, -12.608156466947467 ], [ -60.620236719098948, -12.607876155798994 ], [ -60.620603939179567, -12.607779886854463 ], [ -60.620734544286591, -12.607605746711771 ], [ -60.620663728353186, -12.607315882380016 ], [ -60.620908684429338, -12.607344536497706 ], [ -60.620787445341868, -12.606846272312426 ], [ -60.621039289536469, -12.606778581034028 ], [ -60.621329511924941, -12.606392788797141 ], [ -60.622084130392629, -12.606169090534609 ], [ -60.621822931115972, -12.605559725201546 ], [ -60.621300615716144, -12.605603260237201 ], [ -60.620691136154129, -12.606299820280173 ], [ -60.62076561338715, -12.606671752619414 ], [ -60.620516985074268, -12.606648101093214 ], [ -60.620246799718913, -12.606962756174179 ], [ -60.620070268420157, -12.606634713762173 ], [ -60.620255658894543, -12.606343355315817 ] ], [ [ -60.612204117557951, -12.60813328887871 ], [ -60.612327455757203, -12.607999796081431 ], [ -60.612338389747073, -12.608169248518681 ], [ -60.612204117557951, -12.60813328887871 ] ], [ [ -60.612723442793296, -12.606291124264038 ], [ -60.612810087771976, -12.606341731465708 ], [ -60.612682248365005, -12.606442896311124 ], [ -60.612723442793296, -12.606291124264038 ] ], [ [ -60.612942423919328, -12.60708196961007 ], [ -60.612694095834733, -12.607022390227826 ], [ -60.612700778053949, -12.606790117691483 ], [ -60.612798701916695, -12.606798463919997 ], [ -60.612942423919328, -12.60708196961007 ] ], [ [ -60.612941836354977, -12.607561611024259 ], [ -60.612781165934827, -12.607544810677769 ], [ -60.61278706388611, -12.607391093080729 ], [ -60.612883213527539, -12.607403840920647 ], [ -60.612941836354977, -12.607561611024259 ] ], [ [ -60.612773939054577, -12.608452128862083 ], [ -60.612870981106767, -12.608439135302843 ], [ -60.612793982373148, -12.608556809943725 ], [ -60.612773939054577, -12.608452128862083 ] ], [ [ -60.613290180627764, -12.607910502703744 ], [ -60.613638984496127, -12.608257415563937 ], [ -60.613508686327151, -12.608388397992817 ], [ -60.613420669231608, -12.608215362376995 ], [ -60.613243760197534, -12.608266949364417 ], [ -60.613028853910635, -12.608041222234283 ], [ -60.612831412031767, -12.608072388687336 ], [ -60.612910830690616, -12.607625629594111 ], [ -60.613269935868033, -12.60770518484528 ], [ -60.613290180627764, -12.607910502703744 ] ], [ [ -60.612997054229147, -12.607233591385633 ], [ -60.613169341175421, -12.607130764318415 ], [ -60.613290175354273, -12.607344637349053 ], [ -60.613193037542722, -12.607583990383457 ], [ -60.613093486056613, -12.607604200194153 ], [ -60.612997054229147, -12.607233591385633 ] ], [ [ -60.613466633590271, -12.607610868414811 ], [ -60.61358144986896, -12.607455860678799 ], [ -60.613557370791767, -12.607646828095886 ], [ -60.613466633590271, -12.607610868414811 ] ], [ [ -60.613812537075198, -12.608040496239717 ], [ -60.613604805317856, -12.60797674416691 ], [ -60.613658548927638, -12.607834958554138 ], [ -60.613802528026049, -12.607888837887621 ], [ -60.613812537075198, -12.608040496239717 ] ], [ [ -60.61360180011031, -12.6085888766337 ], [ -60.613788005325674, -12.608572716327014 ], [ -60.613619393630046, -12.608728583462696 ], [ -60.61360180011031, -12.6085888766337 ] ], [ [ -60.614291422459786, -12.608770577205775 ], [ -60.614069387319873, -12.608865990686599 ], [ -60.614032589065964, -12.608689125576502 ], [ -60.614165707313418, -12.608652821622435 ], [ -60.614291422459786, -12.608770577205775 ] ], [ [ -60.614065218686051, -12.608078201958497 ], [ -60.614181211778529, -12.608045110830451 ], [ -60.614130590548527, -12.608178633334575 ], [ -60.614065218686051, -12.608078201958497 ] ], [ [ -60.614598544531489, -12.608689125596014 ], [ -60.614742164494118, -12.608652884598014 ], [ -60.614635342782911, -12.608778920617707 ], [ -60.614598544531489, -12.608689125596014 ] ], [ [ -60.616511773267511, -12.608258886143032 ], [ -60.616296595813644, -12.608265742286338 ], [ -60.616414809729896, -12.608001465040466 ], [ -60.616551042600577, -12.608031090887566 ], [ -60.616511773267511, -12.608258886143032 ] ], [ [ -60.61708186648162, -12.609293606943941 ], [ -60.617185128960408, -12.609264091822959 ], [ -60.617111739704846, -12.609386618786278 ], [ -60.61708186648162, -12.609293606943941 ] ], [ [ -60.617470067660605, -12.609302256356923 ], [ -60.617305349042034, -12.609281856815549 ], [ -60.617316750681852, -12.609095621249372 ], [ -60.617413933913888, -12.609096436532132 ], [ -60.617470067660605, -12.609302256356923 ] ], [ [ -60.618122564314071, -12.60895543366893 ], [ -60.617644220482852, -12.609128412208868 ], [ -60.617508919073067, -12.609072187421013 ], [ -60.617905018538771, -12.608782223829564 ], [ -60.618122564314071, -12.60895543366893 ] ], [ [ -60.617948006090238, -12.606562645994718 ], [ -60.617861896077834, -12.606646915182621 ], [ -60.617720070907843, -12.606602735883063 ], [ -60.617831428645623, -12.606426523885743 ], [ -60.617948006090238, -12.606562645994718 ] ], [ [ -60.619210522125734, -12.608304047407733 ], [ -60.618910496124023, -12.608517710393523 ], [ -60.618591791583647, -12.608457273853874 ], [ -60.619075386452828, -12.608217471276825 ], [ -60.619210522125734, -12.608304047407733 ] ], [ [ -60.620038108450061, -12.606691601749139 ], [ -60.619858948280758, -12.606778361900828 ], [ -60.619373767086032, -12.606727935849634 ], [ -60.619912800850074, -12.606604745977066 ], [ -60.620038108450061, -12.606691601749139 ] ] ], [ [ [ -60.622780806928688, -12.604427814274212 ], [ -60.622171327839318, -12.605037294795496 ], [ -60.62216877868395, -12.605357408206661 ], [ -60.62199717628684, -12.60555959950751 ], [ -60.622258281472618, -12.605690204614486 ], [ -60.622737155455006, -12.605254864239074 ], [ -60.622650396469439, -12.604867393623456 ], [ -60.622780806928688, -12.604427814274212 ] ] ], [ [ [ -60.63384103028298, -12.603943807234586 ], [ -60.634271384805757, -12.603774148880145 ], [ -60.634003333200184, -12.603770599135038 ], [ -60.633707995853584, -12.603557113561319 ], [ -60.633446902142374, -12.603687707398391 ], [ -60.633446901605176, -12.604297084000352 ], [ -60.633698745812147, -12.604364775489353 ], [ -60.633882251962056, -12.604906574499696 ], [ -60.634099863688768, -12.604733827545957 ], [ -60.633928100361622, -12.604606950394942 ], [ -60.63384103028298, -12.603943807234586 ] ], [ [ -60.633698218650579, -12.604083311869763 ], [ -60.633772867408481, -12.604205762344145 ], [ -60.633668905958423, -12.604179411418075 ], [ -60.633698218650579, -12.604083311869763 ] ] ], [ [ [ -60.624870499577831, -12.603469918322999 ], [ -60.625088047317035, -12.603382858993735 ], [ -60.625000977783074, -12.603034692605169 ], [ -60.624391498220916, -12.60277348291886 ], [ -60.624284300116159, -12.602978789418907 ], [ -60.624043333899991, -12.603034692605146 ], [ -60.624260998141281, -12.60338284772396 ], [ -60.62426514728724, -12.603111632057225 ], [ -60.624425307844383, -12.603024646433552 ], [ -60.624811813423143, -12.603180942682378 ], [ -60.624870499577831, -12.603469918322999 ] ] ], [ [ [ -60.612288747368389, -12.602729822717171 ], [ -60.612245212332752, -12.602512272176586 ], [ -60.611984118082013, -12.602555807740002 ], [ -60.611865774454735, -12.60276930012564 ], [ -60.611548779133301, -12.60277347297508 ], [ -60.611548778662375, -12.60303456796691 ], [ -60.611857821360367, -12.602993429647947 ], [ -60.611984002118611, -12.603165173073862 ], [ -60.612288747368389, -12.602729822717171 ] ] ], [ [ [ -60.616552072039156, -12.601291971765461 ], [ -60.616685901934218, -12.601554376226163 ], [ -60.617034182219626, -12.601772051404499 ], [ -60.617121136327697, -12.601510966356452 ], [ -60.616861133021075, -12.601425395195289 ], [ -60.617034066256437, -12.601249756142414 ], [ -60.616753731032397, -12.601137352514709 ], [ -60.616816402015168, -12.600857941349101 ], [ -60.616119957407328, -12.60081440578568 ], [ -60.61598935230041, -12.601336701575578 ], [ -60.616511645828396, -12.601510841718255 ], [ -60.616552072039156, -12.601291971765461 ] ] ], [ [ [ -60.623259038234181, -12.600682615291243 ], [ -60.6229792413802, -12.600223116844868 ], [ -60.623092465098246, -12.600067377436734 ], [ -60.623390181464067, -12.600378930790548 ], [ -60.623520786100471, -12.60020480005721 ], [ -60.623486228406549, -12.599871230057845 ], [ -60.62369492671386, -12.599900045398163 ], [ -60.623660757451503, -12.599575921413082 ], [ -60.623912601892272, -12.599638835184146 ], [ -60.623477378435297, -12.599116539394936 ], [ -60.623535411822004, -12.599362023419866 ], [ -60.62306752130511, -12.599973948388483 ], [ -60.622650212757804, -12.600117845215244 ], [ -60.622746654672206, -12.600339005984406 ], [ -60.622492367845247, -12.600676845955029 ], [ -60.622345340608078, -12.60024845032226 ], [ -60.622258397907359, -12.60029197595003 ], [ -60.622171327365479, -12.600509535897601 ], [ -60.62232262969426, -12.600653376050678 ], [ -60.622084257831602, -12.601075502103367 ], [ -60.62221473550089, -12.601119026396972 ], [ -60.622379108762487, -12.600818184169654 ], [ -60.622969252322072, -12.600690139797949 ], [ -60.622911422972045, -12.601119026396942 ], [ -60.623085436214197, -12.601206096468283 ], [ -60.623232320179852, -12.601081714551212 ], [ -60.62338803376359, -12.601418059893492 ], [ -60.623216168759178, -12.601641457567023 ], [ -60.623688747437562, -12.601834802433382 ], [ -60.62357384590446, -12.602377478020358 ], [ -60.623216168222058, -12.602294596998727 ], [ -60.623090457702261, -12.60246839333691 ], [ -60.62269374779401, -12.602294596998734 ], [ -60.623076180567566, -12.602534742166739 ], [ -60.623042028079468, -12.60281689278804 ], [ -60.623390432107556, -12.602643783800609 ], [ -60.623703089297791, -12.60266596801943 ], [ -60.624043206998437, -12.602947497895025 ], [ -60.62402250966484, -12.602542572155642 ], [ -60.624173811568262, -12.602381656328012 ], [ -60.62391487650379, -12.602201690513333 ], [ -60.624260881705375, -12.602207411716913 ], [ -60.624076842372013, -12.601944772348597 ], [ -60.624186444241893, -12.601616489749544 ], [ -60.624435022319794, -12.601554376753588 ], [ -60.624219787358868, -12.601298287944754 ], [ -60.624260882177225, -12.601032080964373 ], [ -60.624132717284049, -12.600993542682041 ], [ -60.624130277070371, -12.600422590465024 ], [ -60.623861031238484, -12.600617050743589 ], [ -60.62356444850694, -12.60033552039364 ], [ -60.623638373915171, -12.600631049022898 ], [ -60.623390297427285, -12.600509661064043 ], [ -60.623259038234181, -12.600682615291243 ] ], [ [ -60.623041672347505, -12.600466063195443 ], [ -60.623009004907196, -12.600640203331665 ], [ -60.622932546219111, -12.600550473139121 ], [ -60.623041672347505, -12.600466063195443 ] ], [ [ -60.624043334436891, -12.601510852459988 ], [ -60.623953378228805, -12.60164962516405 ], [ -60.623869066856123, -12.601423896285379 ], [ -60.623443496966793, -12.601323286602662 ], [ -60.623394446541056, -12.601152555431502 ], [ -60.623607856642238, -12.60107549136124 ], [ -60.62362167192677, -12.600866633108552 ], [ -60.623772757864479, -12.600881972471383 ], [ -60.623738589187084, -12.601075502103331 ], [ -60.624043334436891, -12.601510852459988 ] ], [ [ -60.623530858889794, -12.601619690159044 ], [ -60.623544408812307, -12.601423607689684 ], [ -60.623685687779286, -12.601447927936327 ], [ -60.623694990170677, -12.601640846814561 ], [ -60.623530858889794, -12.601619690159044 ] ], [ [ -60.623860602308284, -12.60241864758283 ], [ -60.623997358637716, -12.602473733914419 ], [ -60.623906620841929, -12.602509693867853 ], [ -60.623860602308284, -12.60241864758283 ] ] ], [ [ [ -60.614857441372777, -12.600466125500271 ], [ -60.614813906337154, -12.600683676040594 ], [ -60.615083581394117, -12.600633710874892 ], [ -60.615075116551296, -12.601206096468603 ], [ -60.61546680497252, -12.60098842129028 ], [ -60.615443513651712, -12.600783114203113 ], [ -60.615728015186598, -12.600727211076251 ], [ -60.615899600906992, -12.600204276229148 ], [ -60.615615451866759, -12.600148088593061 ], [ -60.615466804972776, -12.599813099965251 ], [ -60.615249256693666, -12.599813099965274 ], [ -60.615205722195348, -12.60016126635459 ], [ -60.61564510445438, -12.600321645244248 ], [ -60.61550951025621, -12.600552091567737 ], [ -60.615118524687318, -12.600291985357607 ], [ -60.614857441372777, -12.600466125500271 ] ], [ [ -60.615281868872067, -12.600709239605104 ], [ -60.615376267727676, -12.600630750459246 ], [ -60.615331022250174, -12.600770535404502 ], [ -60.615281868872067, -12.600709239605104 ] ] ], [ [ [ -60.626437633960798, -12.600291860719086 ], [ -60.626584469304596, -12.599785381336988 ], [ -60.626785914246234, -12.599856510362349 ], [ -60.626872983780302, -12.59972591599745 ], [ -60.626524714969293, -12.599464820208105 ], [ -60.62628596999344, -12.599541996963973 ], [ -60.626263493281058, -12.599247133759922 ], [ -60.62604594601023, -12.599203600063021 ], [ -60.62595881201873, -12.599811706784271 ], [ -60.626089480575871, -12.600509535897462 ], [ -60.6262199587824, -12.600509535897453 ], [ -60.626200045924406, -12.600291696598454 ], [ -60.626437633960798, -12.600291860719086 ] ], [ [ -60.626346425728435, -12.599977109540504 ], [ -60.626224414395054, -12.600051243405504 ], [ -60.626254096184695, -12.599947769496659 ], [ -60.626346425728435, -12.599977109540504 ] ] ], [ [ [ -60.624726749854268, -12.599629743396624 ], [ -60.624435149220211, -12.599769564929987 ], [ -60.624826953604334, -12.60011772004872 ], [ -60.625024395935995, -12.599999483639625 ], [ -60.625175244826757, -12.600335395754788 ], [ -60.62531945493506, -12.600201013571517 ], [ -60.625673184982595, -12.600256900986716 ], [ -60.625697665254854, -12.600553070933122 ], [ -60.625958748568408, -12.600553070933152 ], [ -60.625849924644768, -12.600283968296782 ], [ -60.626002283604159, -12.600204790647762 ], [ -60.625615058184074, -12.599912191590207 ], [ -60.625610468283334, -12.599334214573348 ], [ -60.625410834880746, -12.599320922824576 ], [ -60.625175128863695, -12.598985934815682 ], [ -60.624957569648075, -12.599029469323632 ], [ -60.624870499576758, -12.599247019863091 ], [ -60.62500378111821, -12.599352580137779 ], [ -60.624783418568526, -12.599377750136762 ], [ -60.624726749854268, -12.599629743396624 ] ], [ [ -60.624844150631887, -12.599893337513615 ], [ -60.624616159637426, -12.599831268547435 ], [ -60.62462755460961, -12.599732099048838 ], [ -60.624959256201741, -12.599639260726669 ], [ -60.624844150631887, -12.599893337513615 ] ] ], [ [ [ -60.621122221487269, -12.598647660067197 ], [ -60.620952346366266, -12.598637654002466 ], [ -60.620938016273982, -12.598803965910427 ], [ -60.620647590179715, -12.598898864744186 ], [ -60.620386327453062, -12.599204878003922 ], [ -60.620473450037174, -12.599682369692257 ], [ -60.621252826574924, -12.599585294109525 ], [ -60.621247078604931, -12.599748630682342 ], [ -60.621082951473539, -12.599726029894162 ], [ -60.620898739090165, -12.600183033941224 ], [ -60.620691136623137, -12.600335510987366 ], [ -60.620691136689992, -12.600509546639733 ], [ -60.620927866113568, -12.600518111172535 ], [ -60.62101657866323, -12.600696911074451 ], [ -60.620696030374816, -12.600814061969974 ], [ -60.620429925938701, -12.600640265643188 ], [ -60.620373798354422, -12.600881592879306 ], [ -60.620125181159821, -12.600988536517285 ], [ -60.620196020513298, -12.601364420298632 ], [ -60.619863970475144, -12.601293291178212 ], [ -60.619852245115062, -12.60155443908077 ], [ -60.61964629529681, -12.601380361249532 ], [ -60.619689830869838, -12.601641457567172 ], [ -60.619948669680092, -12.601850560569105 ], [ -60.619863959538257, -12.602033261618429 ], [ -60.620212123860028, -12.601772051932109 ], [ -60.620081847993262, -12.601636144921065 ], [ -60.620190063068499, -12.601476989727182 ], [ -60.620473334074084, -12.601597911789415 ], [ -60.620338165595612, -12.601361191524092 ], [ -60.620443530934018, -12.601245854447683 ], [ -60.620714427363936, -12.601305534671294 ], [ -60.620734671188586, -12.60146730668238 ], [ -60.621179788380616, -12.601297069561706 ], [ -60.621866454744151, -12.601772061353147 ], [ -60.621909989713785, -12.601510955614556 ], [ -60.621681519321911, -12.601405799912097 ], [ -60.621909990251154, -12.601336701575326 ], [ -60.621953524749607, -12.60090146511518 ], [ -60.621779396081273, -12.600683801206628 ], [ -60.621648906937516, -12.600683800678929 ], [ -60.621619666248876, -12.600895012133003 ], [ -60.621435369922622, -12.600867946885218 ], [ -60.621301623794402, -12.600379094770028 ], [ -60.621561709428761, -12.600248439580126 ], [ -60.621302939952741, -12.600079307013814 ], [ -60.62147463935753, -12.599856624259099 ], [ -60.621258014572888, -12.599289830549427 ], [ -60.621344991412563, -12.599161053805204 ], [ -60.621518185867586, -12.599247019335488 ], [ -60.621866454746126, -12.598942284009311 ], [ -60.621621475093697, -12.598392260142688 ], [ -60.621909990251893, -12.598376319149841 ], [ -60.621978005329886, -12.598210754290072 ], [ -60.622563015249696, -12.597984514570866 ], [ -60.622475956652565, -12.597766953816841 ], [ -60.622024299832347, -12.597934138725378 ], [ -60.621648790974952, -12.597462208567141 ], [ -60.621126486508672, -12.597462208039412 ], [ -60.620988800562976, -12.598175743546545 ], [ -60.620647537667026, -12.598290642255277 ], [ -60.621016412080074, -12.598341805140441 ], [ -60.621122221487269, -12.598647660067197 ] ], [ [ -60.620835429413511, -12.599299371808408 ], [ -60.620987150581307, -12.599357939636121 ], [ -60.620830980103975, -12.599440663443191 ], [ -60.620835429413511, -12.599299371808408 ] ], [ [ -60.62099588336919, -12.598942359922374 ], [ -60.620860851577291, -12.599027072609266 ], [ -60.620823888938766, -12.598893027891 ], [ -60.620922159520923, -12.598835921870105 ], [ -60.62099588336919, -12.598942359922374 ] ], [ [ -60.621735972272269, -12.598071674751827 ], [ -60.621528956344164, -12.598418827102002 ], [ -60.621127483643143, -12.598202139695397 ], [ -60.621432061272159, -12.597898537774739 ], [ -60.621735972272269, -12.598071674751827 ] ], [ [ -60.621561828227236, -12.598985925803186 ], [ -60.621235905764706, -12.5989760415404 ], [ -60.62122550379555, -12.598735095700876 ], [ -60.621541593220805, -12.598780502620826 ], [ -60.621561828227236, -12.598985925803186 ] ], [ [ -60.621345207425009, -12.601216310347926 ], [ -60.621504826622335, -12.601012674159675 ], [ -60.621518839894726, -12.601248570752738 ], [ -60.621345207425009, -12.601216310347926 ] ], [ [ -60.621604790920571, -12.597701725741672 ], [ -60.621802832374705, -12.59773483034825 ], [ -60.621714791067106, -12.597887665638641 ], [ -60.621604790920571, -12.597701725741672 ] ] ], [ [ [ -60.619834729974194, -12.599632496089527 ], [ -60.619515690189395, -12.599638959822855 ], [ -60.619776889466515, -12.599987114941944 ], [ -60.62038626400318, -12.599812975326975 ], [ -60.62021456405683, -12.599600421649299 ], [ -60.62025566983322, -12.599247145029508 ], [ -60.619834729974194, -12.599632496089527 ] ] ], [ [ [ -60.622519596713374, -12.598071699066539 ], [ -60.622519607650332, -12.598419854185467 ], [ -60.62271268845673, -12.598385518043385 ], [ -60.622867577333302, -12.598641883804556 ], [ -60.62265021275747, -12.598724724073891 ], [ -60.622687166813321, -12.598913679672918 ], [ -60.62251960765051, -12.598985934287871 ], [ -60.62260667772204, -12.599856510362549 ], [ -60.622954831107549, -12.599769440291192 ], [ -60.622757399637592, -12.599389993125454 ], [ -60.623259576357356, -12.599247019863165 ], [ -60.623462957026192, -12.598905203333169 ], [ -60.623825531821097, -12.598942274613428 ], [ -60.623845746622742, -12.598779671223356 ], [ -60.62426088217785, -12.598637529363733 ], [ -60.623825647783619, -12.598550584458994 ], [ -60.623624789628231, -12.598675942733225 ], [ -60.623436156690907, -12.598371322394923 ], [ -60.623781996785617, -12.59824571404276 ], [ -60.623781996248333, -12.598071687796773 ], [ -60.623346646429034, -12.597766953289177 ], [ -60.622867876998725, -12.59794109395955 ], [ -60.622746680805044, -12.598154579561596 ], [ -60.622519596713374, -12.598071699066539 ] ], [ [ -60.622952409386471, -12.598478874198005 ], [ -60.622826500577858, -12.598414142557022 ], [ -60.622917179945581, -12.598369155749403 ], [ -60.622952409386471, -12.598478874198005 ] ], [ [ -60.623122517173918, -12.598361503711073 ], [ -60.623002809847549, -12.59843345536345 ], [ -60.623016758076211, -12.598338977895001 ], [ -60.623122517173918, -12.598361503711073 ] ], [ [ -60.623037603380261, -12.598765862391668 ], [ -60.623000806336819, -12.598632532600968 ], [ -60.623090390973999, -12.598596228394435 ], [ -60.623173087221659, -12.598681702415467 ], [ -60.623037603380261, -12.598765862391668 ] ], [ [ -60.623163108333756, -12.598285184662751 ], [ -60.623089410016306, -12.59806101097727 ], [ -60.623399706330062, -12.597988692890951 ], [ -60.623477902600776, -12.598200822142514 ], [ -60.623163108333756, -12.598285184662751 ] ], [ [ -60.623476254403485, -12.598594158361236 ], [ -60.623218481514179, -12.598816790919228 ], [ -60.623333298233256, -12.598531176616286 ], [ -60.623476254403485, -12.598594158361236 ] ] ], [ [ [ -60.624652697498945, -12.598245714042688 ], [ -60.624485138329177, -12.598173584030777 ], [ -60.624436146353027, -12.59785406278986 ], [ -60.62478330206882, -12.597549164214055 ], [ -60.624697650976039, -12.597331540613188 ], [ -60.624571736101068, -12.597546699813115 ], [ -60.624043333898655, -12.5975492781109 ], [ -60.623956263827331, -12.597810363686042 ], [ -60.624228723758392, -12.597992570658249 ], [ -60.624043333898783, -12.598158768610244 ], [ -60.624086857997554, -12.598289248550669 ], [ -60.624652697498945, -12.598245714042688 ] ], [ [ -60.624296765634632, -12.597775610934363 ], [ -60.624338184985781, -12.597683661607523 ], [ -60.624412835834427, -12.597806112108282 ], [ -60.624296765634632, -12.597775610934363 ] ] ], [ [ [ -60.626350679852187, -12.5970268582107 ], [ -60.626263620717729, -12.597157338150897 ], [ -60.626437749923561, -12.597331477765879 ], [ -60.626960054389556, -12.597244408222229 ], [ -60.627023019945455, -12.596855612509714 ], [ -60.627438939781996, -12.59680905786548 ], [ -60.627308345611866, -12.596678577925369 ], [ -60.627026065356368, -12.596712219641571 ], [ -60.626831723316535, -12.596555688200123 ], [ -60.626872983781126, -12.596330286370117 ], [ -60.626611901002917, -12.596243227040933 ], [ -60.62643776086032, -12.596765522829875 ], [ -60.626719501805347, -12.596731008881717 ], [ -60.62678145129658, -12.596995344058097 ], [ -60.626350679852187, -12.5970268582107 ] ] ], [ [ [ -60.62260667772096, -12.595372526327361 ], [ -60.622691122746943, -12.595640581272548 ], [ -60.622389002542768, -12.596112497294989 ], [ -60.622637620409364, -12.59608884528676 ], [ -60.622736941389824, -12.596552683137491 ], [ -60.622519607649927, -12.596591507326108 ], [ -60.622519607649927, -12.596765522830038 ], [ -60.623128971250942, -12.596896127937034 ], [ -60.623101005550048, -12.596597966672789 ], [ -60.62358497930984, -12.596469798682589 ], [ -60.623216168220758, -12.596983322647146 ], [ -60.623345649301974, -12.597113967149657 ], [ -60.623303238292173, -12.597418548365047 ], [ -60.623478669976933, -12.597505680755956 ], [ -60.623956136928442, -12.597505618436344 ], [ -60.623912601892805, -12.59733160293251 ], [ -60.623436341567327, -12.597207842609354 ], [ -60.623481810504792, -12.597104307266545 ], [ -60.623825531821545, -12.597157338151012 ], [ -60.623640836431186, -12.597025027806795 ], [ -60.623754691767708, -12.596781463839589 ], [ -60.623956263827125, -12.596939662972645 ], [ -60.624258328148422, -12.59680854353541 ], [ -60.624043557053987, -12.596587545654797 ], [ -60.624217347142711, -12.596373832147819 ], [ -60.623812737696191, -12.596282532545546 ], [ -60.623484332331877, -12.595998991639712 ], [ -60.623607856643545, -12.595677271577065 ], [ -60.622995606486413, -12.595772396837475 ], [ -60.622781897850487, -12.595504629952455 ], [ -60.62291129553568, -12.595241910478268 ], [ -60.62260667772096, -12.595372526327361 ] ], [ [ -60.623110030401243, -12.596252301309473 ], [ -60.62332217914296, -12.596408168294003 ], [ -60.623084982207587, -12.596438935035863 ], [ -60.623110030401243, -12.596252301309473 ] ], [ [ -60.623956014215437, -12.596461808751119 ], [ -60.623866307364366, -12.596643097301884 ], [ -60.623815632404053, -12.59650289292696 ], [ -60.623956014215437, -12.596461808751119 ] ] ], [ [ [ -60.624565754326255, -12.59580787668415 ], [ -60.624371615012706, -12.596128324791483 ], [ -60.624173939005281, -12.596069086898119 ], [ -60.624217463104145, -12.596243101874219 ], [ -60.624850284961049, -12.596341709238253 ], [ -60.624826964540439, -12.596547847651594 ], [ -60.625436328141362, -12.596591382687256 ], [ -60.625741072853799, -12.59633018321531 ], [ -60.625512679575486, -12.595979244566625 ], [ -60.625654002782575, -12.595807865942053 ], [ -60.625523514174184, -12.595720807140561 ], [ -60.625125600896475, -12.595935903485261 ], [ -60.625218652963213, -12.595677271577161 ], [ -60.625088058793047, -12.595633737069207 ], [ -60.624791196330534, -12.595892761252038 ], [ -60.624565754326255, -12.59580787668415 ] ], [ [ -60.625100640226101, -12.596353949085374 ], [ -60.625321976465379, -12.595996773159262 ], [ -60.625436457006906, -12.596069047568269 ], [ -60.625290984394518, -12.59620693902303 ], [ -60.625331224778634, -12.596413301289031 ], [ -60.625100640226101, -12.596353949085374 ] ] ], [ [ [ -60.627874290139012, -12.595415936724079 ], [ -60.627871736291752, -12.595241282292509 ], [ -60.627603418150919, -12.595135091351118 ], [ -60.627787220067766, -12.594893640935281 ], [ -60.627402485531505, -12.594954150695802 ], [ -60.627351869711234, -12.594414755542848 ], [ -60.626960181287899, -12.594719500792523 ], [ -60.626960181825211, -12.594893527038181 ], [ -60.627462387177609, -12.595166263296885 ], [ -60.627482601716061, -12.595328866652769 ], [ -60.627874290139012, -12.595415936724079 ] ] ], [ [ [ -60.622736232992281, -12.594631581970416 ], [ -60.622606677720881, -12.595154726510264 ], [ -60.622998365676239, -12.594849990621261 ], [ -60.622915561039179, -12.594665835124767 ], [ -60.623259576358578, -12.594153545328664 ], [ -60.622999490161973, -12.594066311237098 ], [ -60.623010440046279, -12.593859170603833 ], [ -60.623172506287339, -12.59384867544016 ], [ -60.623128971251717, -12.593587589864969 ], [ -60.622650212756163, -12.59350051979359 ], [ -60.622345404058223, -12.593937138690313 ], [ -60.622345467506619, -12.594196955725526 ], [ -60.622736232992281, -12.594631581970416 ] ], [ [ -60.622920821425332, -12.594541171602861 ], [ -60.622741745724547, -12.594426776897535 ], [ -60.62281445826666, -12.59424439379616 ], [ -60.62299842959461, -12.594318206221311 ], [ -60.622920821425332, -12.594541171602861 ] ], [ [ -60.622954002260926, -12.593675639331032 ], [ -60.622867221755548, -12.593804079651642 ], [ -60.622813387343307, -12.593721772873137 ], [ -60.622954002260926, -12.593675639331032 ] ] ], [ [ [ -60.583512088240369, -12.661981017005953 ], [ -60.583333915039546, -12.661880185467556 ], [ -60.583468553742186, -12.661676385649281 ], [ -60.583163924480111, -12.661502246034335 ], [ -60.583157353010193, -12.66182180713349 ], [ -60.582815655134148, -12.661981130898941 ], [ -60.582815655671588, -12.662155157148634 ], [ -60.583120273456707, -12.662416356620929 ], [ -60.583512088240369, -12.661981017005953 ] ], [ [ -60.582993934315354, -12.662252348219084 ], [ -60.583022513746094, -12.66214988064494 ], [ -60.583098084234251, -12.662281500096327 ], [ -60.582993934315354, -12.662252348219084 ] ] ], [ [ [ -60.583294413600676, -12.65714861730495 ], [ -60.583294413600775, -12.656539251440371 ], [ -60.583094168602777, -12.656525714741038 ], [ -60.583033202849485, -12.656190960413223 ], [ -60.58285917922931, -12.656147436647 ], [ -60.582765537818922, -12.656684672932919 ], [ -60.58242383981186, -12.657018012197979 ], [ -60.582597979954599, -12.657192152340659 ], [ -60.583031911581102, -12.657279284729851 ], [ -60.583294413600676, -12.65714861730495 ] ] ], [ [ [ -60.60955291547328, -12.641501483186824 ], [ -60.609546039574468, -12.641171373108429 ], [ -60.609241421781256, -12.641084313779062 ], [ -60.609402967476441, -12.641586851433422 ], [ -60.608936676531677, -12.64151966413576 ], [ -60.609011132178921, -12.641727733304524 ], [ -60.608797907452427, -12.641834240074937 ], [ -60.608588396734667, -12.64173732955296 ], [ -60.608714831370584, -12.642112523551976 ], [ -60.608370721068148, -12.642129154635139 ], [ -60.608588385307826, -12.642390239684245 ], [ -60.609167702054776, -12.642414502090389 ], [ -60.609339213486749, -12.642567151656358 ], [ -60.609110817212112, -12.643086914677866 ], [ -60.609244099541094, -12.643279431457707 ], [ -60.608936676532124, -12.643348135633824 ], [ -60.608588396784221, -12.643739837059634 ], [ -60.609095663324048, -12.643886199238571 ], [ -60.609067282176682, -12.644131652380651 ], [ -60.609284945878976, -12.644436386360692 ], [ -60.609807250325105, -12.644262246745699 ], [ -60.60958963861107, -12.643792837985513 ], [ -60.609807250325282, -12.64356568617502 ], [ -60.609708906746981, -12.643074250637495 ], [ -60.609807249788041, -12.642912774535201 ], [ -60.60963317364822, -12.642782789179467 ], [ -60.609807250325488, -12.642738520497279 ], [ -60.609807249788382, -12.641650258500785 ], [ -60.609763715290121, -12.641432594064407 ], [ -60.60955291547328, -12.641501483186824 ] ], [ [ -60.608977439315346, -12.641977592250045 ], [ -60.609154317802812, -12.642085463753434 ], [ -60.609204082424107, -12.641868143152209 ], [ -60.609365893585775, -12.641939653021232 ], [ -60.609191564120813, -12.642215901351488 ], [ -60.608888450405374, -12.642109984881595 ], [ -60.608977439315346, -12.641977592250045 ] ], [ [ -60.609434612735726, -12.642964770849378 ], [ -60.609398253068321, -12.643167164749443 ], [ -60.609334900080761, -12.642983090367622 ], [ -60.609434612735726, -12.642964770849378 ] ] ], [ [ [ -60.61021043938068, -12.642777672125998 ], [ -60.60998151738805, -12.642695110098824 ], [ -60.610112122495174, -12.643130335818247 ], [ -60.610239955335807, -12.643022433374666 ], [ -60.61037320578906, -12.643130335818265 ], [ -60.610426108087729, -12.642806211542526 ], [ -60.610634426941829, -12.642825590040827 ], [ -60.610852090644158, -12.64247732102516 ], [ -60.610556713168044, -12.642235603751757 ], [ -60.610503810896333, -12.641955014492478 ], [ -60.610168125081799, -12.641848061632421 ], [ -60.610068460539757, -12.64151966413578 ], [ -60.609807377245168, -12.641650269242808 ], [ -60.609807377245346, -12.642520845318899 ], [ -60.610459278564079, -12.642477473786867 ], [ -60.61021043938068, -12.642777672125998 ] ], [ [ -60.610276743294428, -12.642212035709749 ], [ -60.610246687904322, -12.642109445608472 ], [ -60.610369066997016, -12.64218269608625 ], [ -60.610276743294428, -12.642212035709749 ] ] ], [ [ [ -60.607542896811495, -12.641213733510856 ], [ -60.607034992929961, -12.64093659262114 ], [ -60.607108078114564, -12.640779568529322 ], [ -60.606254708611061, -12.640729281793803 ], [ -60.606193842365691, -12.640387753208216 ], [ -60.605866672713702, -12.640429609318796 ], [ -60.60575849200908, -12.640039472922888 ], [ -60.605279722596428, -12.640213613593229 ], [ -60.605105593879827, -12.640431278499255 ], [ -60.605142046496702, -12.6406659403803 ], [ -60.604931453249755, -12.640779568529176 ], [ -60.604974988285441, -12.64091004899935 ], [ -60.605216764953944, -12.64082600835677 ], [ -60.605236187560898, -12.641040653578635 ], [ -60.605572402815362, -12.641051159965324 ], [ -60.605279734072703, -12.641650155347635 ], [ -60.605540816830327, -12.641824284748395 ], [ -60.605489189622837, -12.641534209769812 ], [ -60.605696166093274, -12.641401145263519 ], [ -60.605758619465149, -12.641911365561635 ], [ -60.606150434248903, -12.642346705176397 ], [ -60.606455052579214, -12.642390240212071 ], [ -60.606842046267914, -12.641782983754126 ], [ -60.607267191950982, -12.642057727812523 ], [ -60.60727817521763, -12.64219959360995 ], [ -60.606890466395612, -12.642432506725752 ], [ -60.607278079459945, -12.642684978985557 ], [ -60.606977599926822, -12.642825715205772 ], [ -60.606977536466999, -12.642954927153729 ], [ -60.607226734074047, -12.642966702088408 ], [ -60.607282345176593, -12.643304475961065 ], [ -60.607468106270417, -12.642801713963177 ], [ -60.607804638684833, -12.642651450426017 ], [ -60.607816386543938, -12.642453433695186 ], [ -60.608152918970248, -12.642303170140696 ], [ -60.608280962317274, -12.642084978841577 ], [ -60.608109499915386, -12.642042085091461 ], [ -60.607892367149155, -12.642258574363176 ], [ -60.607722159211477, -12.642184713335237 ], [ -60.607723701911929, -12.64185258293576 ], [ -60.608109383397405, -12.641432480169188 ], [ -60.607817233101976, -12.641238571170357 ], [ -60.607804638685181, -12.641040778743339 ], [ -60.607630625461432, -12.641040778743351 ], [ -60.607542896811495, -12.641213733510856 ] ], [ [ -60.605429389723838, -12.640570343875847 ], [ -60.605292220804188, -12.640769962531847 ], [ -60.605288973764345, -12.640585924640179 ], [ -60.605429389723838, -12.640570343875847 ] ], [ [ -60.605574959102512, -12.640348282534188 ], [ -60.605651266331733, -12.640469569847054 ], [ -60.60554540739043, -12.640443311863656 ], [ -60.605574959102512, -12.640348282534188 ] ], [ [ -60.607454044741196, -12.64256950231176 ], [ -60.607284658839085, -12.642515848014638 ], [ -60.607418701189083, -12.642470157172468 ], [ -60.607454044741196, -12.64256950231176 ] ], [ [ -60.607670568537756, -12.641328254467661 ], [ -60.607797683636285, -12.641536641102475 ], [ -60.6077003864823, -12.641556368357202 ], [ -60.607670568537756, -12.641328254467661 ] ] ], [ [ [ -60.60875264760945, -12.640435066584873 ], [ -60.608936676531435, -12.640648838785184 ], [ -60.609151663284699, -12.640604787687545 ], [ -60.608725956375054, -12.64023058996368 ], [ -60.6086753503374, -12.639821798272374 ], [ -60.608252362035522, -12.640122362279834 ], [ -60.608109510853566, -12.640083007958625 ], [ -60.608022440782271, -12.640257148101295 ], [ -60.60824309218355, -12.640657496063433 ], [ -60.608240105022169, -12.640997118542861 ], [ -60.608718874434281, -12.640866513963523 ], [ -60.60875264760945, -12.640435066584873 ] ], [ [ -60.608487647045997, -12.640176974658468 ], [ -60.608416678193713, -12.640141894054871 ], [ -60.608494302175778, -12.639989014132668 ], [ -60.608588394076577, -12.640082974106978 ], [ -60.608487647045997, -12.640176974658468 ] ] ], [ [ [ -60.607586962970224, -12.638080385575861 ], [ -60.607282281718966, -12.637982586525078 ], [ -60.607630498543337, -12.637862596502433 ], [ -60.60750022272147, -12.637726690038317 ], [ -60.60757267306083, -12.637477244848228 ], [ -60.607804754664777, -12.637644920796342 ], [ -60.608065848900075, -12.637557851252685 ], [ -60.607848184660241, -12.637253231167856 ], [ -60.607643092769962, -12.637276882914476 ], [ -60.607631548546173, -12.637078239523536 ], [ -60.607848429869115, -12.636818786802854 ], [ -60.608196454007221, -12.636948360753335 ], [ -60.608239999981372, -12.636643740668539 ], [ -60.607669741156748, -12.636771948565169 ], [ -60.607586963507977, -12.636426064962459 ], [ -60.606637610242245, -12.636341732711214 ], [ -60.606237504318713, -12.636034249641341 ], [ -60.606284504342057, -12.636443209837312 ], [ -60.605976294104813, -12.636469599998042 ], [ -60.606118151663608, -12.636782286413872 ], [ -60.60593275955538, -12.637209685887617 ], [ -60.606050217789395, -12.637505216051947 ], [ -60.605925076771875, -12.637413972779321 ], [ -60.605192652524522, -12.637514441381771 ], [ -60.605215952024523, -12.637937423246868 ], [ -60.604670232096552, -12.637819186631408 ], [ -60.604060753022139, -12.638254526736745 ], [ -60.604190233451106, -12.638428513290492 ], [ -60.604009053892, -12.638536058772717 ], [ -60.603755891307316, -12.638123931881067 ], [ -60.603498935781076, -12.638046867844876 ], [ -60.603534039284128, -12.637716060216066 ], [ -60.603712345333371, -12.637688456359946 ], [ -60.603712345333371, -12.637514440853948 ], [ -60.603530000231736, -12.637485779744177 ], [ -60.603702952117658, -12.637257294989768 ], [ -60.6040606256188, -12.637253106003216 ], [ -60.603756209649774, -12.636910251607862 ], [ -60.604147695690187, -12.636991895789187 ], [ -60.604191230725846, -12.636817880283317 ], [ -60.603864196814499, -12.636646337897359 ], [ -60.604133405049097, -12.636388868941612 ], [ -60.604887802235027, -12.63642593979772 ], [ -60.605070922681847, -12.636241896310855 ], [ -60.605410211724703, -12.636382405289774 ], [ -60.605192536009049, -12.635947168828023 ], [ -60.604935783114058, -12.635829383020788 ], [ -60.605061931439494, -12.635642434320271 ], [ -60.603712345333946, -12.635163548927869 ], [ -60.602134565451685, -12.635511766898144 ], [ -60.602058013441209, -12.635250608257195 ], [ -60.601884000751426, -12.635207083963476 ], [ -60.601540894052739, -12.635642098996529 ], [ -60.601274510252082, -12.635424759141785 ], [ -60.601230975216446, -12.635772914790602 ], [ -60.601838326635345, -12.636157385189572 ], [ -60.601666325573341, -12.636295459855189 ], [ -60.601666326110724, -12.6365130211388 ], [ -60.601927408871227, -12.636774220610944 ], [ -60.602027395391872, -12.636473703889061 ], [ -60.602058140894457, -12.636730685575255 ], [ -60.602271841733319, -12.636807190698157 ], [ -60.60214521096588, -12.636948485390219 ], [ -60.602239934860798, -12.637218353870669 ], [ -60.602058141431982, -12.637383721852208 ], [ -60.60258055038431, -12.637731990867902 ], [ -60.603034848909275, -12.637784725177072 ], [ -60.603102981750922, -12.63816734175229 ], [ -60.603358058774248, -12.638282710111618 ], [ -60.60327976717663, -12.638405975179621 ], [ -60.602885306572617, -12.638298071495973 ], [ -60.603223578688841, -12.638536563619795 ], [ -60.60323357591961, -12.638776831723916 ], [ -60.603602568105195, -12.638807257095074 ], [ -60.60323358734491, -12.639081692408141 ], [ -60.603190051822523, -12.639299252679717 ], [ -60.603422246354945, -12.639218205606594 ], [ -60.603886601454832, -12.63964753243731 ], [ -60.604032238113049, -12.63955062183723 ], [ -60.604408916842033, -12.63969106747294 ], [ -60.604505824196892, -12.639507014614029 ], [ -60.604887791295866, -12.639603997929282 ], [ -60.604940693429967, -12.63927987356681 ], [ -60.605105466474299, -12.639255717643959 ], [ -60.605556034600738, -12.638633041231916 ], [ -60.605759910660304, -12.638776894570094 ], [ -60.606455052580102, -12.638776832251544 ], [ -60.606618673295507, -12.638646289466228 ], [ -60.607021135498997, -12.639429868528454 ], [ -60.607388466417234, -12.639481967990335 ], [ -60.607674149558228, -12.639865207615463 ], [ -60.607830242127058, -12.639726397409442 ], [ -60.608283524077834, -12.639995813250229 ], [ -60.608283524077969, -12.63921230724527 ], [ -60.607877418493693, -12.639205843595878 ], [ -60.607804638148366, -12.638907551253585 ], [ -60.607553770962461, -12.638799165445887 ], [ -60.607615979174234, -12.638608715128367 ], [ -60.607804765603518, -12.638733297215799 ], [ -60.607891708219746, -12.638646341039586 ], [ -60.607586962970224, -12.638080385575861 ] ], [ [ -60.602942191639592, -12.637664320376194 ], [ -60.602451036362005, -12.637298266498455 ], [ -60.603015909509992, -12.637166069783426 ], [ -60.60279813948393, -12.637296687056267 ], [ -60.603011646064232, -12.637547844693023 ], [ -60.602942191639592, -12.637664320376194 ] ], [ [ -60.603451786134521, -12.635945698465825 ], [ -60.603227483419268, -12.63594460130367 ], [ -60.603181458293776, -12.635853554368895 ], [ -60.60337395451544, -12.635820352800231 ], [ -60.603451786134521, -12.635945698465825 ] ], [ [ -60.603225439766874, -12.637956147306848 ], [ -60.603193899267637, -12.637852031525094 ], [ -60.603316066424085, -12.637918279717661 ], [ -60.603225439766874, -12.637956147306848 ] ], [ [ -60.603446969234405, -12.636192333963711 ], [ -60.603611586266375, -12.636173546870319 ], [ -60.603572346873051, -12.636421875983457 ], [ -60.603446969234405, -12.636192333963711 ] ], [ [ -60.603702952376096, -12.639382258409395 ], [ -60.603672897455446, -12.639279667194446 ], [ -60.603795276676635, -12.639352918915073 ], [ -60.603702952376096, -12.639382258409395 ] ], [ [ -60.604267053399106, -12.638859518932815 ], [ -60.604217710627097, -12.638753715809383 ], [ -60.604361232147212, -12.638830498472581 ], [ -60.604267053399106, -12.638859518932815 ] ], [ [ -60.604398107915578, -12.635667873845673 ], [ -60.604490675520807, -12.635599079721485 ], [ -60.604447267593741, -12.635729169034429 ], [ -60.604398107915578, -12.635667873845673 ] ], [ [ -60.604425138355552, -12.638836308045086 ], [ -60.604523381831918, -12.638835248001904 ], [ -60.604425138354777, -12.63897869132559 ], [ -60.604425138355552, -12.638836308045086 ] ], [ [ -60.604761451782821, -12.635762908361386 ], [ -60.604864712307823, -12.635733393551876 ], [ -60.604788474557253, -12.635855928589727 ], [ -60.604761451782821, -12.635762908361386 ] ], [ [ -60.60602657748985, -12.638541101688347 ], [ -60.6060489468871, -12.63839148059043 ], [ -60.606220173228181, -12.638508994958134 ], [ -60.60602657748985, -12.638541101688347 ] ], [ [ -60.606768215230851, -12.63846934927005 ], [ -60.606844719915202, -12.638509908331596 ], [ -60.60671853769896, -12.638564995426462 ], [ -60.606768215230851, -12.63846934927005 ] ], [ [ -60.607288351425616, -12.6364977737763 ], [ -60.607392667930455, -12.63647472883299 ], [ -60.607313506771753, -12.636596024238912 ], [ -60.607288351425616, -12.6364977737763 ] ], [ [ -60.607460948946212, -12.639224330782634 ], [ -60.607490500558008, -12.639085766498107 ], [ -60.607566807880978, -12.639250588834919 ], [ -60.607460948946212, -12.639224330782634 ] ] ], [ [ [ -60.604278427713794, -12.637166160568659 ], [ -60.604363057260692, -12.637562973276561 ], [ -60.604104287571225, -12.637731991395553 ], [ -60.604583046046656, -12.63786259650259 ], [ -60.604603263798033, -12.63748231774901 ], [ -60.604931325794666, -12.637601397030428 ], [ -60.604844267199162, -12.637427371310384 ], [ -60.604278427713794, -12.637166160568659 ] ] ], [ [ [ -60.61032979820947, -12.637383721851885 ], [ -60.610531240423683, -12.637399651935205 ], [ -60.610547461912027, -12.637601385760547 ], [ -60.610851441376553, -12.637375147345761 ], [ -60.611156836432457, -12.637470781181225 ], [ -60.611287441539496, -12.637340176074257 ], [ -60.611206906455408, -12.637149395638746 ], [ -60.611418046109193, -12.637035441566502 ], [ -60.611374511610933, -12.636861415319274 ], [ -60.61093927723293, -12.636774345775665 ], [ -60.610891296933502, -12.637143085638654 ], [ -60.610765983975597, -12.637165056580821 ], [ -60.610765021111575, -12.636948485390581 ], [ -60.610547472850349, -12.636861415319233 ], [ -60.610586417371465, -12.637178183973745 ], [ -60.61032979767208, -12.637253230640253 ], [ -60.61032979820947, -12.637383721851885 ] ] ], [ [ [ -60.605845562081392, -12.636208265147078 ], [ -60.60571092390451, -12.636048000228728 ], [ -60.605884274577008, -12.635949288967121 ], [ -60.60662919272346, -12.635947054933023 ], [ -60.60662919272351, -12.635642434320337 ], [ -60.606316410857652, -12.635706282033141 ], [ -60.606237377402572, -12.635468294177628 ], [ -60.605889213094848, -12.635511829741009 ], [ -60.605993348971268, -12.635752620876119 ], [ -60.605540943747954, -12.635990714605645 ], [ -60.605540943747997, -12.636208265147047 ], [ -60.605845562081392, -12.636208265147078 ] ] ], [ [ [ -60.60884947900562, -12.633900918998433 ], [ -60.608283650994714, -12.633857497858001 ], [ -60.607674160495407, -12.634292723577545 ], [ -60.607978789767849, -12.634336258085465 ], [ -60.608457535456779, -12.634032544516902 ], [ -60.608588066968068, -12.634124009493238 ], [ -60.608501326710531, -12.634379804390774 ], [ -60.608718885374181, -12.634510398228143 ], [ -60.608676463583947, -12.634075211879521 ], [ -60.60884947900562, -12.633900918998433 ] ] ], [ [ [ -60.606237504855528, -12.633857383962837 ], [ -60.60641151754561, -12.633987978327896 ], [ -60.606565538417861, -12.63378267113757 ], [ -60.606677418706077, -12.634007148086472 ], [ -60.606585785140972, -12.63420566424818 ], [ -60.606716273733525, -12.634249188014188 ], [ -60.60742271305029, -12.633730671089822 ], [ -60.607506038979132, -12.633913485762994 ], [ -60.607282248181292, -12.634031559392071 ], [ -60.607412834304192, -12.634292723049798 ], [ -60.607559684270932, -12.634002859079748 ], [ -60.607935243309313, -12.633770312838635 ], [ -60.607891708221047, -12.633422136759325 ], [ -60.60776123105105, -12.633422137816009 ], [ -60.607662428689281, -12.6337268304402 ], [ -60.607543428473008, -12.633596287643995 ], [ -60.607057645108696, -12.633603088357869 ], [ -60.606960418332669, -12.63344244140308 ], [ -60.607976218680484, -12.633160296903354 ], [ -60.607238810138398, -12.633030332180237 ], [ -60.607161133759313, -12.633243818368694 ], [ -60.6067163897104, -12.633248007358571 ], [ -60.606671288341019, -12.633467252652778 ], [ -60.606851027841344, -12.633522968153088 ], [ -60.606783213608495, -12.633758059815159 ], [ -60.606542238629501, -12.633509218100269 ], [ -60.606237504802657, -12.633683348029733 ], [ -60.606237504855528, -12.633857383962837 ] ] ], [ [ [ -60.608159023193046, -12.630023836449837 ], [ -60.607412939342197, -12.630026415246837 ], [ -60.606319548033852, -12.63041788623231 ], [ -60.606108190901445, -12.630287562614624 ], [ -60.605535917413299, -12.630461421280117 ], [ -60.604758604794768, -12.630331097650501 ], [ -60.604502296153598, -12.630461441725565 ], [ -60.6042348817383, -12.630287625460674 ], [ -60.603538321167647, -12.630635905746024 ], [ -60.603293414096761, -12.631020765930591 ], [ -60.603102981749139, -12.630940650467945 ], [ -60.602983625033609, -12.631197352666605 ], [ -60.602580550382982, -12.631114791138348 ], [ -60.60228706444429, -12.631371492798678 ], [ -60.601753384705283, -12.631332466316627 ], [ -60.601530694021015, -12.631549797160654 ], [ -60.600752089823082, -12.631506605931587 ], [ -60.600752089823054, -12.631724156473387 ], [ -60.600984056231091, -12.631730620121591 ], [ -60.601473268372651, -12.632084648022408 ], [ -60.601448650393962, -12.632290111937031 ], [ -60.601579244562778, -12.632377181480681 ], [ -60.601883873836677, -12.632377182008394 ], [ -60.601959339537707, -12.632203104191763 ], [ -60.602101664990855, -12.632464251551953 ], [ -60.602485327845088, -12.63231333344638 ], [ -60.602885190595174, -12.632377181480598 ], [ -60.602972249190955, -12.632290225831737 ], [ -60.60257196783197, -12.632035456972023 ], [ -60.602711039514425, -12.631941831651595 ], [ -60.602636563362729, -12.631744039194697 ], [ -60.603494670156572, -12.631375876187908 ], [ -60.604134921397232, -12.630857677048574 ], [ -60.604495986915175, -12.630940525303448 ], [ -60.605067357902115, -12.630766690762423 ], [ -60.60545375769987, -12.630853455232069 ], [ -60.605895417411666, -12.630636103955224 ], [ -60.606193853306237, -12.630722850125006 ], [ -60.607021263054733, -12.630332066476974 ], [ -60.607369299269315, -12.630374569839622 ], [ -60.60771492341501, -12.63017959488586 ], [ -60.608239989044549, -12.630243965260261 ], [ -60.608404365954236, -12.630073728103975 ], [ -60.608805944508298, -12.630026290081952 ], [ -60.60943543136208, -12.629488173889605 ], [ -60.609807250328785, -12.629547404689539 ], [ -60.609807250328913, -12.628850968756137 ], [ -60.609537177070926, -12.628947944309239 ], [ -60.609415550982803, -12.628850969283839 ], [ -60.608936677011393, -12.629329844498328 ], [ -60.608920444623912, -12.629575123562796 ], [ -60.608675466314679, -12.629503994291131 ], [ -60.608659234404655, -12.629705728670782 ], [ -60.608159023193046, -12.630023836449837 ] ], [ [ -60.602275813902402, -12.632116062579406 ], [ -60.602185973870348, -12.632180466513477 ], [ -60.602090296671548, -12.632102710567517 ], [ -60.602159491737403, -12.632018996740927 ], [ -60.602275813902402, -12.632116062579406 ] ], [ [ -60.609546168995386, -12.629068604605076 ], [ -60.609477630657715, -12.629216980824781 ], [ -60.60935277255647, -12.629130380319866 ], [ -60.609411141462495, -12.628983845927335 ], [ -60.609546168995386, -12.629068604605076 ] ] ], [ [ [ -60.609807250330753, -12.621580493162071 ], [ -60.609807250331009, -12.620448706872024 ], [ -60.609159249367096, -12.620622503205997 ], [ -60.60867545537468, -12.620361637328388 ], [ -60.608457727679721, -12.6207520589592 ], [ -60.608696165627059, -12.621027772600385 ], [ -60.608153046363867, -12.621624143255179 ], [ -60.608370391800939, -12.622184682225711 ], [ -60.608065976350893, -12.622625344760097 ], [ -60.608240115956278, -12.622930079267933 ], [ -60.608549685654317, -12.622932313324982 ], [ -60.608707254372199, -12.623080343661156 ], [ -60.608675466850507, -12.623452510437795 ], [ -60.608888551223558, -12.623682322349335 ], [ -60.608773785615142, -12.623839931608666 ], [ -60.608457780197021, -12.623800905146213 ], [ -60.607802108901701, -12.62415839616375 ], [ -60.606837472982789, -12.624057925843765 ], [ -60.606459496847542, -12.623770847095313 ], [ -60.606629192189153, -12.623583218698101 ], [ -60.606326887872982, -12.623196411413252 ], [ -60.606367981975346, -12.62284312309173 ], [ -60.606120306207082, -12.622695003771049 ], [ -60.605976283163486, -12.622364248969015 ], [ -60.605976294101374, -12.622755939125261 ], [ -60.606192919342377, -12.622929353524801 ], [ -60.606150434244249, -12.623496034731616 ], [ -60.606280728723057, -12.62358745769364 ], [ -60.606237504316091, -12.625455111336743 ], [ -60.606415677354597, -12.625599591659524 ], [ -60.606324574387529, -12.625890461693416 ], [ -60.606539974774314, -12.62592828357449 ], [ -60.606542250103402, -12.62654349797041 ], [ -60.607282334234526, -12.626935302021739 ], [ -60.608196454009807, -12.626587022264108 ], [ -60.608283523543804, -12.626412996016649 ], [ -60.608066898857899, -12.626020340964601 ], [ -60.608322765049799, -12.625762253286563 ], [ -60.608646452092593, -12.625765879604627 ], [ -60.609110805732541, -12.626151671379612 ], [ -60.609807250329652, -12.626064601835967 ], [ -60.609807250329915, -12.624889280510262 ], [ -60.60952710174481, -12.624836546696013 ], [ -60.609273557275642, -12.624528325388404 ], [ -60.60954074165798, -12.624454110587243 ], [ -60.609807250330093, -12.624584410623273 ], [ -60.609807249793406, -12.621841817271426 ], [ -60.60932380114776, -12.621599662914841 ], [ -60.609469612841117, -12.62149348543039 ], [ -60.609807250330753, -12.621580493162071 ] ], [ [ -60.607707052086084, -12.624802148122606 ], [ -60.607958688967173, -12.624900692469398 ], [ -60.608090290646324, -12.625725892978256 ], [ -60.607586974448694, -12.62528109635892 ], [ -60.607170735512739, -12.625372463533283 ], [ -60.606649438233262, -12.625268727851619 ], [ -60.606684474795316, -12.624516999765307 ], [ -60.607064554020823, -12.624671480166953 ], [ -60.607344413546777, -12.624479607657966 ], [ -60.607500009412476, -12.624889155345288 ], [ -60.607707052086084, -12.624802148122606 ] ], [ [ -60.609227015609406, -12.623854346363665 ], [ -60.608936860249457, -12.623718062867303 ], [ -60.609192461535564, -12.623583409889919 ], [ -60.609328428393319, -12.623747892067978 ], [ -60.609227015609406, -12.623854346363665 ] ] ], [ [ [ -60.608196581397635, -12.618881436032577 ], [ -60.608504302126164, -12.619151188420325 ], [ -60.608414256098193, -12.619664951592647 ], [ -60.608705525298049, -12.619427998055814 ], [ -60.609197759831908, -12.619447276414283 ], [ -60.609151248845158, -12.619020583306412 ], [ -60.60941060993499, -12.618752949885637 ], [ -60.609594265800325, -12.61885695566456 ], [ -60.60945909695419, -12.619273136271591 ], [ -60.609807250331365, -12.619229601235983 ], [ -60.609720180260233, -12.618010744874587 ], [ -60.609241305805625, -12.6175753950456 ], [ -60.608631931276044, -12.617575394517853 ], [ -60.60867546631178, -12.617880015130206 ], [ -60.608890701142414, -12.617972207057992 ], [ -60.608414256097817, -12.61818476037991 ], [ -60.608872925240739, -12.618239832032 ], [ -60.608892791412245, -12.618572740043492 ], [ -60.608196581397635, -12.618881436032577 ] ] ], [ [ [ -60.587517438975567, -12.617270649267267 ], [ -60.587607485094381, -12.617610272107623 ], [ -60.587343298833019, -12.617967085202496 ], [ -60.587700975292414, -12.617927739118727 ], [ -60.587822057319677, -12.61818476038081 ], [ -60.588039732498146, -12.617488324445643 ], [ -60.587517438975567, -12.617270649267267 ] ] ], [ [ [ -60.586646738798848, -12.614876108411778 ], [ -60.587299647829745, -12.615180842391933 ], [ -60.587645360916468, -12.614788512761017 ], [ -60.587343171928218, -12.614527942020105 ], [ -60.587005233152325, -12.614593685888735 ], [ -60.586997166302993, -12.614260894162291 ], [ -60.587169031248351, -12.614005510850264 ], [ -60.586907821571735, -12.6137007763424 ], [ -60.586733808332625, -12.6137007763424 ], [ -60.586646738798727, -12.614353687983755 ], [ -60.586886700559099, -12.614704679893578 ], [ -60.586646738798848, -12.614876108411778 ] ] ], [ [ [ -60.610547356877582, -12.608128292305526 ], [ -60.610451983845941, -12.60860991606719 ], [ -60.610329670761985, -12.608258896884802 ], [ -60.610158302511969, -12.608366807171123 ], [ -60.609807377236869, -12.608302431920444 ], [ -60.610068587450989, -12.608737657639599 ], [ -60.610503821841796, -12.60878119214752 ], [ -60.610677950509952, -12.608563528238873 ], [ -60.610547356877582, -12.608128292305526 ] ] ], [ [ [ -60.61073771661502, -12.607459325397326 ], [ -60.610677951047592, -12.607170520993087 ], [ -60.610460402771686, -12.607214056028754 ], [ -60.610460402771736, -12.60751867664086 ], [ -60.610808672120001, -12.608041096541127 ], [ -60.611069766368438, -12.607910491961865 ], [ -60.611156835902506, -12.607649292489802 ], [ -60.61073771661502, -12.607459325397326 ] ] ], [ [ [ -60.604147822598776, -12.60486303946533 ], [ -60.604452440410505, -12.604732445100224 ], [ -60.604365370876508, -12.604471348781356 ], [ -60.604151960767844, -12.604394285177765 ], [ -60.604278300267978, -12.604079522718386 ], [ -60.604104287562897, -12.603861858281988 ], [ -60.604007851682404, -12.604360122770274 ], [ -60.603799542313318, -12.604340743674344 ], [ -60.60379954285068, -12.604645375028893 ], [ -60.604079692914794, -12.604567492991881 ], [ -60.604147822598776, -12.60486303946533 ] ] ], [ [ [ -60.610155657521091, -12.603731128537673 ], [ -60.610635198344227, -12.603722556439156 ], [ -60.610677748712739, -12.603856432069945 ], [ -60.61051197345445, -12.603969248081631 ], [ -60.610242727592514, -12.603905393317936 ], [ -60.610155658058488, -12.604079419564988 ], [ -60.610396652595647, -12.604134480495446 ], [ -60.61041686773526, -12.604297084001344 ], [ -60.61066635234836, -12.60416654122541 ], [ -60.610764837415495, -12.604301437873804 ], [ -60.610729637613673, -12.60443417783261 ], [ -60.610329797663979, -12.604471348781638 ], [ -60.610286262628392, -12.604863039465016 ], [ -60.610715297533865, -12.604776292762539 ], [ -60.611024939765386, -12.60495017185548 ], [ -60.611418057591621, -12.604819503901593 ], [ -60.611461581690214, -12.604689023959981 ], [ -60.61121779848272, -12.604675484995445 ], [ -60.611019683876279, -12.604242266862691 ], [ -60.611505116725979, -12.604340619036979 ], [ -60.611981447197238, -12.603600008896882 ], [ -60.611330987520589, -12.603165298239345 ], [ -60.611026231333909, -12.603121762675938 ], [ -60.610852218091722, -12.603121762675947 ], [ -60.610938938105257, -12.603335476823368 ], [ -60.61081993482879, -12.603465534903009 ], [ -60.610634542913431, -12.603382972889889 ], [ -60.610509918947891, -12.603554534744273 ], [ -60.610199192556756, -12.60351357799691 ], [ -60.610155657521091, -12.603731128537673 ] ], [ [ -60.61141817355557, -12.603731253175292 ], [ -60.611385890207423, -12.604075025400803 ], [ -60.610769286202235, -12.604046004740864 ], [ -60.611026231333774, -12.603948803716012 ], [ -60.611002695004252, -12.60349775178763 ], [ -60.611592305059638, -12.603687601986456 ], [ -60.611596611047489, -12.60381592655245 ], [ -60.61141817355557, -12.603731253175292 ] ] ], [ [ [ -60.604104276625847, -12.603731128010187 ], [ -60.604498747811682, -12.603536146963215 ], [ -60.604747947300467, -12.603755284506699 ], [ -60.604539574469527, -12.604121675335822 ], [ -60.60475730216104, -12.604427688580882 ], [ -60.605018396411566, -12.604427689108565 ], [ -60.605027762233227, -12.604234169909587 ], [ -60.605192536016979, -12.604166489636505 ], [ -60.60510547741999, -12.603948928881112 ], [ -60.604931453240688, -12.603948928353384 ], [ -60.60488526520399, -12.604088749791678 ], [ -60.604761776104198, -12.604004485423708 ], [ -60.604931326340449, -12.603556988395187 ], [ -60.604844267206111, -12.603426508453035 ], [ -60.604060752997817, -12.60338296347893 ], [ -60.604104276625847, -12.603731128010187 ] ] ], [ [ [ -60.600490763639485, -12.602773482917833 ], [ -60.600142588379626, -12.602686412846452 ], [ -60.599968459644067, -12.602817008025751 ], [ -60.60031446487929, -12.603202995841604 ], [ -60.600186134352413, -12.603600523431121 ], [ -60.600795497952113, -12.60342638328841 ], [ -60.600485339245523, -12.603222467622565 ], [ -60.600490763639485, -12.602773482917833 ] ] ], [ [ [ -60.598096452640043, -12.602773482390006 ], [ -60.598351081878356, -12.603019752030812 ], [ -60.598357662854148, -12.603208708110127 ], [ -60.59882310527432, -12.603312608133574 ], [ -60.598923607381025, -12.603600522903426 ], [ -60.59909763156103, -12.603644058466774 ], [ -60.599106362384411, -12.603276092478104 ], [ -60.599358841775143, -12.603252243145812 ], [ -60.599358841775143, -12.603121762675386 ], [ -60.598880306440208, -12.603030731866822 ], [ -60.599315306739562, -12.602903962860392 ], [ -60.599271771703954, -12.602599342247364 ], [ -60.598662408103735, -12.602642877283007 ], [ -60.598662408103749, -12.602860427824806 ], [ -60.59880421465239, -12.602918055641755 ], [ -60.598626908618606, -12.603055012848948 ], [ -60.598096452640043, -12.602773482390006 ] ] ], [ [ [ -60.607151740059777, -12.603644058466466 ], [ -60.607630498551742, -12.603774663573432 ], [ -60.607457565318562, -12.603558612242958 ], [ -60.607493345878702, -12.603240960996414 ], [ -60.607804638694532, -12.603339313216731 ], [ -60.607978778299966, -12.60299104367331 ], [ -60.607348229619042, -12.602894194854432 ], [ -60.607278185750637, -12.602700162879827 ], [ -60.607412823373679, -12.602512272176412 ], [ -60.607151740059507, -12.602468737140686 ], [ -60.607064670525517, -12.602729833459332 ], [ -60.607337130787755, -12.603042634188441 ], [ -60.607108205561332, -12.603252357040766 ], [ -60.607151740059777, -12.603644058466466 ] ] ], [ [ [ -60.608127425873967, -12.602673120733275 ], [ -60.607935243801741, -12.602381667069404 ], [ -60.607717695523228, -12.602425202105076 ], [ -60.608240105014417, -12.603034567439304 ], [ -60.608424022907194, -12.602994935918282 ], [ -60.608588280273565, -12.603165172546262 ], [ -60.60863180437228, -12.60286055246179 ], [ -60.608127425873967, -12.602673120733275 ] ] ], [ [ [ -60.608262176710184, -12.602197844014656 ], [ -60.608065975808543, -12.602207526926753 ], [ -60.608196569978617, -12.602381541904267 ], [ -60.608491960390175, -12.602362163443054 ], [ -60.608457791129695, -12.602773357752984 ], [ -60.608718751028718, -12.60264378379807 ], [ -60.609068573185503, -12.602904025178811 ], [ -60.609589574619704, -12.60277336849493 ], [ -60.609546039584096, -12.602468726398788 ], [ -60.609241294871751, -12.602294596998151 ], [ -60.608993458188351, -12.602344940134204 ], [ -60.608893014586464, -12.602163991891095 ], [ -60.608716348542963, -12.602303813623456 ], [ -60.608464476090838, -12.602236969491246 ], [ -60.608588269336877, -12.601859246641416 ], [ -60.608327186022521, -12.601989851748407 ], [ -60.608262176710184, -12.602197844014656 ] ], [ [ -60.609332789401165, -12.602688684390497 ], [ -60.609236997311918, -12.602814620732042 ], [ -60.609200200044285, -12.602724825576425 ], [ -60.609332789401165, -12.602688684390497 ] ] ], [ [ [ -60.59548419683621, -12.598811721973773 ], [ -60.595353734455081, -12.59881179467174 ], [ -60.595179605249143, -12.598942399251017 ], [ -60.595262410366743, -12.599213616134021 ], [ -60.594961930070859, -12.599508230078458 ], [ -60.59546410717612, -12.599433527925099 ], [ -60.595266675857928, -12.599682380962914 ], [ -60.595440816000696, -12.599987126212612 ], [ -60.595614828708555, -12.600030650506419 ], [ -60.595516483712295, -12.599647723775188 ], [ -60.595658363744384, -12.599290679536395 ], [ -60.595490757646779, -12.599186844308116 ], [ -60.595746389637206, -12.599030448719388 ], [ -60.596180784172454, -12.599072879721644 ], [ -60.596182202593347, -12.598768196790253 ], [ -60.595934796303226, -12.598912059385839 ], [ -60.595701909716929, -12.598550584457735 ], [ -60.595571420570089, -12.598550583930043 ], [ -60.595527887501575, -12.598724638765397 ], [ -60.595694871308481, -12.598916520336292 ], [ -60.595523460114237, -12.598983537618347 ], [ -60.59548419683621, -12.598811721973773 ] ] ], [ [ [ -60.591130846931804, -12.599247019864551 ], [ -60.591522534818829, -12.598898750321029 ], [ -60.591284162287764, -12.598563694055624 ], [ -60.591348394676309, -12.598289362973949 ], [ -60.591087311895876, -12.598158768608796 ], [ -60.591152601539129, -12.598384336022649 ], [ -60.591000241824631, -12.598637529365195 ], [ -60.59113487945627, -12.59875438382446 ], [ -60.591000178376426, -12.598941006103367 ], [ -60.591136865020623, -12.599016891870379 ], [ -60.591130846931804, -12.599247019864551 ] ] ], [ [ [ -60.591827291542458, -12.59898580912277 ], [ -60.591795491295102, -12.598657189595022 ], [ -60.592132025387777, -12.598594003681329 ], [ -60.591982365480014, -12.598254289150232 ], [ -60.592436771105291, -12.598376319151148 ], [ -60.592350750863204, -12.598027313923266 ], [ -60.592523840639444, -12.597853909464902 ], [ -60.592436887064942, -12.597810488851234 ], [ -60.592248357847581, -12.597951006912528 ], [ -60.591783872466529, -12.597810488323473 ], [ -60.591753430272085, -12.597945260538816 ], [ -60.591261452038559, -12.598071698537501 ], [ -60.59175946294296, -12.598401653028567 ], [ -60.591566197825657, -12.598681178294973 ], [ -60.591609732324088, -12.59889873957917 ], [ -60.591827291542458, -12.59898580912277 ] ], [ [ -60.59178282264017, -12.598157919009028 ], [ -60.591654347334455, -12.5982473380017 ], [ -60.591696018566502, -12.598106534728752 ], [ -60.59178282264017, -12.598157919009028 ] ], [ [ -60.591904951962029, -12.597988692800527 ], [ -60.591979236226756, -12.598110857457257 ], [ -60.591875080569984, -12.598081705279629 ], [ -60.591904951962029, -12.597988692800527 ] ] ], [ [ [ -60.60889314148519, -12.597723418252899 ], [ -60.608916433130517, -12.597972260455084 ], [ -60.608739981632297, -12.597982959878731 ], [ -60.608544745239001, -12.597679883744892 ], [ -60.608414256561296, -12.597766943922153 ], [ -60.608505358597377, -12.597970753279839 ], [ -60.608327186021604, -12.598419854186073 ], [ -60.608511093584411, -12.598380222138742 ], [ -60.608675455370218, -12.598593993801019 ], [ -60.609067154729999, -12.59872459943575 ], [ -60.609166298796538, -12.59834327966262 ], [ -60.609468495217712, -12.598206368029205 ], [ -60.609502631984803, -12.598724599435721 ], [ -60.609807250336317, -12.598942274614055 ], [ -60.609807250336544, -12.597766953288618 ], [ -60.609599581583836, -12.597702475517647 ], [ -60.609589574621033, -12.597375127225536 ], [ -60.609284956806079, -12.597070392717859 ], [ -60.609023746592108, -12.597331602931868 ], [ -60.609240214891258, -12.597550777017732 ], [ -60.609090817390182, -12.597739121194319 ], [ -60.60889314148519, -12.597723418252899 ] ], [ [ -60.608537082061822, -12.598167426653443 ], [ -60.608578501878839, -12.598075476889592 ], [ -60.608653153866484, -12.598197927490949 ], [ -60.608537082061822, -12.598167426653443 ] ] ], [ [ [ -60.591914350140158, -12.597592699250933 ], [ -60.591578662520824, -12.597355255376026 ], [ -60.591566070392197, -12.597200997824086 ], [ -60.591204442281878, -12.597263816700204 ], [ -60.590695496574554, -12.597026857681383 ], [ -60.590782566645956, -12.597418548366488 ], [ -60.591379465008131, -12.59748196600459 ], [ -60.591392057145477, -12.597853898723097 ], [ -60.59178374557041, -12.597766828651778 ], [ -60.591914350140158, -12.597592699250933 ] ] ], [ [ [ -60.593057086179762, -12.597456802052987 ], [ -60.593002853465279, -12.597853898723086 ], [ -60.593263936245798, -12.597766839393552 ], [ -60.593176866711836, -12.597375137966848 ], [ -60.592617908310807, -12.597175631741798 ], [ -60.592741516355289, -12.596939662974011 ], [ -60.592654457220597, -12.596722112959508 ], [ -60.592175687787339, -12.596852717538818 ], [ -60.59253480807601, -12.596986899498308 ], [ -60.592262757858762, -12.59733147829505 ], [ -60.592872248358233, -12.597592688509028 ], [ -60.593057086179762, -12.597456802052987 ] ] ], [ [ [ -60.611722791369267, -12.595154840406522 ], [ -60.611506535144173, -12.595111253794398 ], [ -60.611287568983826, -12.595459585656187 ], [ -60.611348155385031, -12.595874528348096 ], [ -60.611135777142501, -12.595928589110668 ], [ -60.611113301407102, -12.595633736540865 ], [ -60.610956587657917, -12.595663732229333 ], [ -60.610892650576439, -12.595424593936652 ], [ -60.611330976585585, -12.595154726510772 ], [ -60.611374511621285, -12.594937175970175 ], [ -60.611069893268066, -12.594937175970193 ], [ -60.610818081685764, -12.595368337315431 ], [ -60.610480275340009, -12.595344694728681 ], [ -60.610330020816221, -12.595194424799862 ], [ -60.610460275404876, -12.59498059571284 ], [ -60.610416740836705, -12.594458290577807 ], [ -60.609937982340419, -12.594197080363749 ], [ -60.609807377700534, -12.594414746203849 ], [ -60.609807377233601, -12.595067656439467 ], [ -60.610126646762126, -12.595117214519691 ], [ -60.610242716653708, -12.595415936197089 ], [ -60.61076483742233, -12.595594431131628 ], [ -60.61064731697747, -12.595760121542249 ], [ -60.610155657519194, -12.595851411719188 ], [ -60.610155657519208, -12.596156032331281 ], [ -60.610581642314244, -12.59622372344656 ], [ -60.610416856796633, -12.596547847124503 ], [ -60.611006143717155, -12.596211104014746 ], [ -60.611109163352978, -12.596383838432269 ], [ -60.61080868305438, -12.596634917723593 ], [ -60.611093184971345, -12.596647285790628 ], [ -60.611200434928328, -12.596929047581407 ], [ -60.610895753125867, -12.596983322646606 ], [ -60.610852218627585, -12.597462094143225 ], [ -60.610969290562892, -12.597662357167071 ], [ -60.610844301364594, -12.597721224695928 ], [ -60.610678067010866, -12.597549278637999 ], [ -60.610421761129643, -12.597853679546427 ], [ -60.610416740836044, -12.59715746278926 ], [ -60.610069667431986, -12.597071891582923 ], [ -60.610242600693446, -12.5968091825039 ], [ -60.609980098953777, -12.596634980042488 ], [ -60.609807377234063, -12.596809182503874 ], [ -60.609807377234112, -12.597113803115921 ], [ -60.609960267275042, -12.597285345487581 ], [ -60.609807377234304, -12.597766953288607 ], [ -60.609807377234596, -12.598985809649703 ], [ -60.609997669836922, -12.598730822765635 ], [ -60.61040748529846, -12.599095474148662 ], [ -60.610416867734038, -12.599290554899357 ], [ -60.610852091192143, -12.599595300149051 ], [ -60.610777095163925, -12.599170445629385 ], [ -60.611026231334904, -12.599247019863677 ], [ -60.611174120842456, -12.598737657478651 ], [ -60.611635721834375, -12.59872459943564 ], [ -60.611766326941414, -12.598550459292925 ], [ -60.61161502451187, -12.598433089136323 ], [ -60.61154970160549, -12.597766104151781 ], [ -60.611766326941641, -12.597679758579579 ], [ -60.611743006516349, -12.597343014947739 ], [ -60.612027537155697, -12.597418548365532 ], [ -60.611468455865285, -12.596747477394642 ], [ -60.611592250247881, -12.596549240820158 ], [ -60.611455034496075, -12.596405960487324 ], [ -60.611755816310584, -12.596286699764761 ], [ -60.61215815319968, -12.596417242017411 ], [ -60.61215814226297, -12.596199692004586 ], [ -60.611973282998946, -12.596131178518094 ], [ -60.612083704031072, -12.595913399921754 ], [ -60.612236919669009, -12.595848547694095 ], [ -60.612635736130798, -12.596025489543436 ], [ -60.612634474098321, -12.59589430790002 ], [ -60.612359521583663, -12.595844457058634 ], [ -60.612201677298771, -12.595546666469616 ], [ -60.611991156349013, -12.595520787262929 ], [ -60.612158142263226, -12.59528533161774 ], [ -60.612114618164256, -12.595111316640589 ], [ -60.611720147045197, -12.595611044554072 ], [ -60.611569902076049, -12.595456873989729 ], [ -60.611722791369267, -12.595154840406522 ] ], [ [ -60.610016460704038, -12.594712945930997 ], [ -60.610121890363743, -12.594679744115368 ], [ -60.610062478117278, -12.594803992577305 ], [ -60.610016460704038, -12.594712945930997 ] ], [ [ -60.610072725535616, -12.598105102641858 ], [ -60.610175989605722, -12.598075587648216 ], [ -60.610102597313457, -12.59819811463626 ], [ -60.610072725535616, -12.598105102641858 ] ], [ [ -60.610320272483975, -12.597945157818144 ], [ -60.610412602752398, -12.597974497536731 ], [ -60.610290725546832, -12.598040185196133 ], [ -60.610320272483975, -12.597945157818144 ] ], [ [ -60.610852213354768, -12.598942375464897 ], [ -60.610685105379325, -12.598960055106851 ], [ -60.610703931999801, -12.59868779176788 ], [ -60.610846085811183, -12.598752899538125 ], [ -60.610852213354768, -12.598942375464897 ] ], [ [ -60.611288092537336, -12.597330121630991 ], [ -60.611183071853198, -12.597579273879674 ], [ -60.611043657859412, -12.597579273880012 ], [ -60.611042461238867, -12.597303884134869 ], [ -60.611288092537336, -12.597330121630991 ] ], [ [ -60.611304770334577, -12.597194246052707 ], [ -60.611294443211186, -12.597095626918764 ], [ -60.611411592669711, -12.597172278467172 ], [ -60.611304770334577, -12.597194246052707 ] ], [ [ -60.611344791067438, -12.598385136002083 ], [ -60.611452342942023, -12.598400475246827 ], [ -60.611341048698037, -12.598572237625572 ], [ -60.611344791067438, -12.598385136002083 ] ] ], [ [ [ -60.607609439246367, -12.596146264307338 ], [ -60.607544552493614, -12.595938520718013 ], [ -60.60771756808775, -12.595720795870069 ], [ -60.607543555378882, -12.595633736540718 ], [ -60.607359889682549, -12.595803687685017 ], [ -60.607325764240755, -12.595546666997073 ], [ -60.606891069121104, -12.59593729640852 ], [ -60.606626515569189, -12.595695637438169 ], [ -60.606629192733422, -12.595503131433679 ], [ -60.60615043470488, -12.595807867337623 ], [ -60.606106899201819, -12.596068962260032 ], [ -60.606402278916775, -12.596223723371743 ], [ -60.606498703586283, -12.596634917196022 ], [ -60.606890413883853, -12.596721987267347 ], [ -60.607099785447829, -12.596545108265964 ], [ -60.607108205022421, -12.596765522830713 ], [ -60.607804754656485, -12.596983197481274 ], [ -60.608176581547589, -12.596793354702189 ], [ -60.608262400896891, -12.5969423853824 ], [ -60.608153046415929, -12.597244418965005 ], [ -60.608283640048931, -12.597375012802338 ], [ -60.608457664231011, -12.597375013330037 ], [ -60.608370657612596, -12.596993937958034 ], [ -60.608544734302448, -12.596939662973329 ], [ -60.6084867006049, -12.596650644201317 ], [ -60.608803390954961, -12.596547333435415 ], [ -60.608677779556125, -12.596465899379208 ], [ -60.60863181531068, -12.59602555238952 ], [ -60.608457791665394, -12.596199681262457 ], [ -60.608506504901278, -12.596504101916853 ], [ -60.608031679422162, -12.596349676114704 ], [ -60.608046907794659, -12.596208766172435 ], [ -60.608239988585147, -12.596199576719536 ], [ -60.608196454017282, -12.596069086897444 ], [ -60.607609439246367, -12.596146264307338 ] ], [ [ -60.606744786972925, -12.596276785779498 ], [ -60.606759570957863, -12.596504374946063 ], [ -60.606606907793065, -12.596419964951576 ], [ -60.606744786972925, -12.596276785779498 ] ], [ [ -60.607333915595753, -12.596437688690195 ], [ -60.607151942391702, -12.596368406021881 ], [ -60.607317717912679, -12.596222780864233 ], [ -60.607500544408609, -12.596328815873704 ], [ -60.607333915595753, -12.596437688690195 ] ], [ [ -60.607845752053208, -12.596432728985905 ], [ -60.607719843159892, -12.596367995686215 ], [ -60.607810523266487, -12.596323007976496 ], [ -60.607845752053208, -12.596432728985905 ] ], [ [ -60.60781671258853, -12.596471272601484 ], [ -60.607966313502089, -12.596615159543456 ], [ -60.607825745764842, -12.596633374146512 ], [ -60.60781671258853, -12.596471272601484 ] ] ], [ [ [ -60.596006771463387, -12.595894832859702 ], [ -60.596441994387213, -12.596068962260464 ], [ -60.596454626207318, -12.595869864687149 ], [ -60.596669195353755, -12.595811941031009 ], [ -60.596529191891555, -12.596330183216352 ], [ -60.596703204601127, -12.596417242545817 ], [ -60.596954702796928, -12.596102573024028 ], [ -60.597095019922151, -12.596330172474451 ], [ -60.597312695100548, -12.595938481789956 ], [ -60.597164518380509, -12.595975279370755 ], [ -60.596966854935729, -12.595715684515097 ], [ -60.597356230136363, -12.595503006796761 ], [ -60.597217534473749, -12.59538006383668 ], [ -60.597269160065053, -12.595241921219264 ], [ -60.59696312330933, -12.59506771875839 ], [ -60.596824410722974, -12.595237732240976 ], [ -60.596529191353952, -12.594937175969541 ], [ -60.59661626142541, -12.595546541832439 ], [ -60.596827355825923, -12.595692087550617 ], [ -60.596485645381875, -12.595677272103641 ], [ -60.596006771463387, -12.595894832859702 ] ], [ [ -60.597162217206026, -12.595313162833573 ], [ -60.59708072446503, -12.595453132767176 ], [ -60.59705761702967, -12.595357166736065 ], [ -60.597162217206026, -12.595313162833573 ] ] ], [ [ [ -60.606106888264812, -12.594371221033972 ], [ -60.605889224490028, -12.594632421385411 ], [ -60.605976294631802, -12.594937062074601 ], [ -60.606455052590917, -12.594937051332625 ], [ -60.606498587089341, -12.594675955013985 ], [ -60.606326586157614, -12.594537891311701 ], [ -60.606629192196429, -12.594414641646553 ], [ -60.606106888264812, -12.594371221033972 ] ], [ [ -60.606203368098249, -12.594592960060291 ], [ -60.606233048851159, -12.594696436541291 ], [ -60.606111037221481, -12.594622299700724 ], [ -60.606203368098249, -12.594592960060291 ] ] ], [ [ [ -60.604887918739763, -12.593805254300566 ], [ -60.604974977337299, -12.594066350091591 ], [ -60.605149012457701, -12.594066350091566 ], [ -60.605224546432275, -12.593852520332623 ], [ -60.605491989282505, -12.59384898051575 ], [ -60.60545387420354, -12.594066361361257 ], [ -60.605671421949118, -12.594109885654984 ], [ -60.605772891684616, -12.593838761472835 ], [ -60.606281028407437, -12.594196955198532 ], [ -60.606411517018174, -12.594066361361216 ], [ -60.606152747456413, -12.593723192192128 ], [ -60.606193842377301, -12.593239309578854 ], [ -60.605976178135563, -12.593021634928229 ], [ -60.605622994514782, -12.593282500799365 ], [ -60.605540816842336, -12.593065169436191 ], [ -60.605410327693825, -12.593065169963888 ], [ -60.605400266767369, -12.593304498129422 ], [ -60.605236187551178, -12.593326380177913 ], [ -60.604887918739763, -12.593805254300566 ] ] ], [ [ [ -60.458958362643173, -12.805385538914157 ], [ -60.458155797388798, -12.805028060432001 ], [ -60.458044126894293, -12.804819583450428 ], [ -60.457608893117566, -12.80486310721772 ], [ -60.45800069695656, -12.805385413236566 ], [ -60.458653722491746, -12.805907833664604 ], [ -60.45900189767876, -12.805951368700233 ], [ -60.459088956267948, -12.805820774861537 ], [ -60.458958362643173, -12.805385538914157 ] ] ], [ [ [ -60.472497874771811, -12.774475663062269 ], [ -60.472497875309529, -12.774997969607249 ], [ -60.472975709698183, -12.77586792390912 ], [ -60.472759021499364, -12.776389811619669 ], [ -60.472976760164826, -12.77713117561423 ], [ -60.473324913476084, -12.776347544972166 ], [ -60.473233276167335, -12.775931364648306 ], [ -60.47336851199875, -12.775736786084025 ], [ -60.4733249129387, -12.775433423106184 ], [ -60.473011691001055, -12.775165664687032 ], [ -60.473295105722151, -12.775037723093977 ], [ -60.473673193761755, -12.775085028937756 ], [ -60.473576447504016, -12.774887122632446 ], [ -60.473760263295539, -12.774780294428879 ], [ -60.473499053619179, -12.774606268169297 ], [ -60.473273319542344, -12.774746676075415 ], [ -60.472976760164229, -12.774649803204957 ], [ -60.473086135055325, -12.77482654083544 ], [ -60.472965990096121, -12.774953396868945 ], [ -60.472718049581232, -12.774613123628436 ], [ -60.472802493048562, -12.774345057955287 ], [ -60.472497874771811, -12.774475663062269 ] ] ], [ [ [ -60.549387428353434, -12.662897146040489 ], [ -60.549424282774758, -12.663069382157442 ], [ -60.549728912038972, -12.663156451701084 ], [ -60.549701599405452, -12.662824112057677 ], [ -60.549946576278252, -12.662938777050414 ], [ -60.549962833706168, -12.662692446950135 ], [ -60.550335827780131, -12.662546445148472 ], [ -60.549772436135711, -12.66237294621849 ], [ -60.549552009775354, -12.662468057844659 ], [ -60.549467690886068, -12.662285876147134 ], [ -60.54920659665715, -12.66219880660349 ], [ -60.549076002489215, -12.66228587614714 ], [ -60.549075939027162, -12.662589228296907 ], [ -60.54920958440303, -12.662669033625688 ], [ -60.54903246799109, -12.662895252756245 ], [ -60.549387428353434, -12.662897146040489 ] ], [ [ -60.549424219314027, -12.662557699174807 ], [ -60.549554824422309, -12.662589887504961 ], [ -60.549497646606852, -12.662644063114231 ], [ -60.549424219314027, -12.662557699174807 ] ] ], [ [ [ -60.578200813889659, -12.659368914865993 ], [ -60.578070325306165, -12.659151354107966 ], [ -60.57767852146192, -12.660152545508037 ], [ -60.577924515196493, -12.660182887886025 ], [ -60.578157279391135, -12.660413744980355 ], [ -60.578374954032128, -12.660109010472359 ], [ -60.577898694801362, -12.659941832606943 ], [ -60.578200813889659, -12.659368914865993 ] ] ], [ [ [ -60.578679826743986, -12.656321451627404 ], [ -60.578853839962804, -12.656408521698763 ], [ -60.578814570783756, -12.656224374386809 ], [ -60.578959572215531, -12.656173119985898 ], [ -60.579277568988118, -12.656341109296246 ], [ -60.579289317243443, -12.656582661841396 ], [ -60.579642417473352, -12.656410755691816 ], [ -60.579855261768131, -12.656713266420699 ], [ -60.580203426068387, -12.656800337019742 ], [ -60.580007525864758, -12.656503608548721 ], [ -60.580136603582389, -12.656246749296798 ], [ -60.580278028144157, -12.656254263923714 ], [ -60.580464636282429, -12.65662619687701 ], [ -60.580354278750136, -12.656116144186196 ], [ -60.580637484626727, -12.656234443873482 ], [ -60.580784026171877, -12.656109799344408 ], [ -60.580942229875092, -12.656408584016045 ], [ -60.581117661817565, -12.656103776449001 ], [ -60.581030602685274, -12.655973296504278 ], [ -60.580656822003107, -12.655960004701928 ], [ -60.580464636282727, -12.655320270441505 ], [ -60.57968113256409, -12.654797850013457 ], [ -60.579671058456185, -12.655428996913168 ], [ -60.579262072022765, -12.655922806461492 ], [ -60.578984561054568, -12.655799156361518 ], [ -60.578679826743986, -12.656321451627404 ] ] ], [ [ [ -60.575980527071515, -12.655842576976861 ], [ -60.575936992035906, -12.655625004949286 ], [ -60.575696029814011, -12.655612647999297 ], [ -60.575675781821936, -12.655407329770931 ], [ -60.575414583084338, -12.655189665861984 ], [ -60.574935814168114, -12.655233190533933 ], [ -60.574979348711771, -12.65558135602121 ], [ -60.575259608865608, -12.655415790847297 ], [ -60.575545304175584, -12.655973171342234 ], [ -60.575980527071515, -12.655842576976861 ] ], [ [ -60.575504267791729, -12.655718934004884 ], [ -60.575673570154429, -12.655653756094853 ], [ -60.575636664643035, -12.65579675921585 ], [ -60.575504267791729, -12.655718934004884 ] ] ], [ [ [ -60.578549094713416, -12.655189665334387 ], [ -60.578385028671086, -12.65521132173278 ], [ -60.578287884499488, -12.654884920084722 ], [ -60.578039269111237, -12.6549085728038 ], [ -60.577939604214237, -12.654493104763709 ], [ -60.57771427361974, -12.654458228629444 ], [ -60.577896069178777, -12.653753009157297 ], [ -60.577373764734325, -12.653753009685007 ], [ -60.576894890280926, -12.653970684335638 ], [ -60.576708155349912, -12.654386152389593 ], [ -60.576241865283428, -12.654797736120793 ], [ -60.576546599056833, -12.654971864994035 ], [ -60.576792247849696, -12.654891391514118 ], [ -60.576720750675932, -12.655233086477455 ], [ -60.57720097700718, -12.655561021323928 ], [ -60.577156100495358, -12.655799031199486 ], [ -60.577460718821584, -12.655842566235105 ], [ -60.577717487583207, -12.655615407951055 ], [ -60.577896185162793, -12.655886100743061 ], [ -60.578156441232416, -12.655756600146779 ], [ -60.578418489606257, -12.655973171342092 ], [ -60.578246250944325, -12.65560043980796 ], [ -60.578602517013366, -12.655541723876516 ], [ -60.578810304927281, -12.655842566235068 ], [ -60.578906742511862, -12.655387836290599 ], [ -60.579289189827435, -12.655102480470033 ], [ -60.579637470067865, -12.654536525906643 ], [ -60.579593935569626, -12.654362499656758 ], [ -60.579289306303956, -12.654406035220097 ], [ -60.579102582269762, -12.654821502713668 ], [ -60.578853966886349, -12.654928455120436 ], [ -60.578931023791803, -12.65512519519196 ], [ -60.578723361779389, -12.655102595263074 ], [ -60.578781399968221, -12.655261008238258 ], [ -60.578588339352613, -12.655317873817877 ], [ -60.578549094713416, -12.655189665334387 ] ] ], [ [ [ -60.573411960504906, -12.654362499656484 ], [ -60.573150866274382, -12.654318965148509 ], [ -60.572976737608123, -12.654797736120907 ], [ -60.573237936345855, -12.655058935065551 ], [ -60.5736296351457, -12.655015411299242 ], [ -60.573273261460947, -12.654739643026584 ], [ -60.573411960504906, -12.654362499656484 ] ] ], [ [ [ -60.57504838726333, -12.652274285262434 ], [ -60.574935802736412, -12.652098678329468 ], [ -60.574734428745849, -12.652352933557038 ], [ -60.574065102023091, -12.652446958614796 ], [ -60.573164227766341, -12.653075720323761 ], [ -60.572890066081648, -12.653035717947644 ], [ -60.572889551016132, -12.652751703864382 ], [ -60.572628456784869, -12.652751703336722 ], [ -60.57258492174924, -12.65305632395251 ], [ -60.572712901315121, -12.65319390187768 ], [ -60.572280177037108, -12.653709360229199 ], [ -60.572584910810555, -12.653883489102542 ], [ -60.572821592136414, -12.653748587880765 ], [ -60.573063691158588, -12.653883489102498 ], [ -60.573532842598929, -12.653394693261077 ], [ -60.573890961880657, -12.653752883995445 ], [ -60.574372503599918, -12.65355791346224 ], [ -60.574736673510706, -12.653561017136255 ], [ -60.574935697692325, -12.653752883995402 ], [ -60.575066291860452, -12.653665814451767 ], [ -60.575098219032135, -12.653317596491249 ], [ -60.575371048049, -12.653752883995406 ], [ -60.575588712288472, -12.653709349487446 ], [ -60.575719317395631, -12.652838773408194 ], [ -60.575543885476584, -12.65275164101995 ], [ -60.575035351532506, -12.653036566298566 ], [ -60.574983196303471, -12.652784547661549 ], [ -60.57510010396868, -12.652698132576944 ], [ -60.575240431512299, -12.65279512355338 ], [ -60.575283966501686, -12.652446947345414 ], [ -60.575240431466064, -12.652272807202747 ], [ -60.57504838726333, -12.652274285262434 ] ], [ [ -60.573764215311741, -12.653263433015473 ], [ -60.574006932844846, -12.652975276746162 ], [ -60.574262569351134, -12.652980790189387 ], [ -60.574326318439354, -12.653230564943035 ], [ -60.574045118211501, -12.653463955323662 ], [ -60.573767116305376, -12.653517152121701 ], [ -60.573764215311741, -12.653263433015473 ] ] ], [ [ [ -60.573150749754213, -12.65157614348138 ], [ -60.572976610149055, -12.651053836945643 ], [ -60.572711108735433, -12.651094975360131 ], [ -60.57249785167739, -12.650923231838609 ], [ -60.572193106917759, -12.651097362186258 ], [ -60.572532019394956, -12.651208472756505 ], [ -60.572541386713191, -12.651576132739768 ], [ -60.572869672051048, -12.651429835739526 ], [ -60.573065098910703, -12.651793870235132 ], [ -60.573150749754213, -12.65157614348138 ] ] ], [ [ [ -60.574413349686061, -12.649399507691724 ], [ -60.574288984059834, -12.649616857411035 ], [ -60.574341031857941, -12.64939216205096 ], [ -60.574105841671297, -12.649287266998742 ], [ -60.574108521076887, -12.649051225304914 ], [ -60.573847437782725, -12.649007690269217 ], [ -60.573673297640092, -12.649225365447595 ], [ -60.57381186586926, -12.64938517396933 ], [ -60.573687581041611, -12.649452942459183 ], [ -60.573455506480556, -12.649181830939582 ], [ -60.573246813047376, -12.649365872423502 ], [ -60.573063680220876, -12.649094760340509 ], [ -60.572933202522854, -12.649138285597815 ], [ -60.572935881494267, -12.649330802067748 ], [ -60.572715527344691, -12.649443030845021 ], [ -60.572759061891105, -12.64966059117029 ], [ -60.572854422187703, -12.649527248593111 ], [ -60.573169813830802, -12.649539184610964 ], [ -60.573239239043666, -12.649965398737024 ], [ -60.573354135706104, -12.649536449581641 ], [ -60.573561629140414, -12.649539184637646 ], [ -60.573586227568846, -12.649704126205915 ], [ -60.573866374380486, -12.649669789716853 ], [ -60.573877437788106, -12.649860867347286 ], [ -60.573629762604611, -12.649965461053938 ], [ -60.573716832676006, -12.650313616705297 ], [ -60.573847310862597, -12.650313616705299 ], [ -60.573870936748641, -12.650008717282226 ], [ -60.574063988740775, -12.650052568858531 ], [ -60.57400843117162, -12.650478655120104 ], [ -60.573629762604746, -12.650531416517609 ], [ -60.573760304251742, -12.650739616462893 ], [ -60.573609515553528, -12.650997934256164 ], [ -60.573385755386319, -12.651003550395878 ], [ -60.573368424932724, -12.650836151025617 ], [ -60.573150877212413, -12.650749091695955 ], [ -60.573150877749939, -12.651358468303046 ], [ -60.573368552390981, -12.651750272882403 ], [ -60.573847310862206, -12.651924413025039 ], [ -60.574064986040561, -12.651837342953707 ], [ -60.574108778982222, -12.651620698902663 ], [ -60.574413266325926, -12.651706737846673 ], [ -60.57476431889912, -12.651555301378574 ], [ -60.574979232728417, -12.651663202283268 ], [ -60.57454795869544, -12.650859987735892 ], [ -60.575066291323701, -12.651053723053307 ], [ -60.574809347396929, -12.65067202889076 ], [ -60.574848616682878, -12.650487881482 ], [ -60.57470991786699, -12.650451885006428 ], [ -60.574761546074235, -12.650183125490624 ], [ -60.574587756583675, -12.650048573130121 ], [ -60.574935686216982, -12.64992181212588 ], [ -60.574848616683148, -12.649355970554609 ], [ -60.574413349686061, -12.649399507691724 ] ], [ [ -60.5745671168524, -12.649520717250894 ], [ -60.574630750562726, -12.649569055269483 ], [ -60.574500677900453, -12.649621882107652 ], [ -60.5745671168524, -12.649520717250894 ] ] ], [ [ [ -60.559254783533071, -12.649048363110937 ], [ -60.559567819164073, -12.649225240814207 ], [ -60.559611354199774, -12.649007690268604 ], [ -60.55931105584559, -12.648819942233176 ], [ -60.559913537898304, -12.648528164186207 ], [ -60.559219654858538, -12.648311130225592 ], [ -60.559001991106705, -12.648485260087487 ], [ -60.558983945651946, -12.648863794079492 ], [ -60.558731260716883, -12.648916431351459 ], [ -60.558523094287885, -12.648659410510898 ], [ -60.558392500656865, -12.64896404134177 ], [ -60.55862242138722, -12.648968211174106 ], [ -60.558653710333523, -12.649094635707272 ], [ -60.559254783533071, -12.649048363110937 ] ], [ [ -60.559387483819798, -12.648485468570613 ], [ -60.559374582301785, -12.648625317924914 ], [ -60.559295885195425, -12.648553661449 ], [ -60.559387483819798, -12.648485468570613 ] ] ], [ [ [ -60.574805081647639, -12.648790015090926 ], [ -60.574579369619663, -12.648897395692087 ], [ -60.574392563723734, -12.648733245503616 ], [ -60.574490943972336, -12.648489334104408 ], [ -60.575022756826073, -12.648441610171453 ], [ -60.574413393246218, -12.648093454520227 ], [ -60.574399941532988, -12.648294307992909 ], [ -60.573978042889614, -12.648485269841231 ], [ -60.573890972818283, -12.648702820385548 ], [ -60.574226658606023, -12.648809772745791 ], [ -60.574239253103762, -12.649138170742214 ], [ -60.574579369611087, -12.648987255143554 ], [ -60.574848616683262, -12.649051100670848 ], [ -60.574805081647639, -12.648790015090926 ] ] ], [ [ [ -60.574631068424537, -12.648049794850461 ], [ -60.574872477079019, -12.647909809060069 ], [ -60.575124472528728, -12.64796874765995 ], [ -60.575109942878292, -12.648267469501093 ], [ -60.57541457214711, -12.64826747002877 ], [ -60.57567322043019, -12.648049278699858 ], [ -60.575545188192862, -12.647788709798297 ], [ -60.575373809362006, -12.647940146557788 ], [ -60.575196896968897, -12.647745174234871 ], [ -60.575106720897409, -12.647876972545752 ], [ -60.574953731726353, -12.647818953071466 ], [ -60.574935697693583, -12.647483964548574 ], [ -60.574674603460146, -12.647658104163515 ], [ -60.574631068424537, -12.648049794850461 ] ] ], [ [ [ -60.558523307592907, -12.647010378293945 ], [ -60.558697118451299, -12.646961418959446 ], [ -60.558348965083368, -12.64687447352083 ], [ -60.5582761854034, -12.647172755360948 ], [ -60.55765240451268, -12.647266288841765 ], [ -60.557695940085779, -12.647483850129049 ], [ -60.558087743930997, -12.647788584109449 ], [ -60.558653583415435, -12.647745049601451 ], [ -60.558392691065592, -12.647261696647142 ], [ -60.558653583415548, -12.647309699244797 ], [ -60.558523307592907, -12.647010378293945 ] ] ], [ [ [ -60.575327502076156, -12.646917883923098 ], [ -60.575371037111807, -12.64674386841455 ], [ -60.574942685358614, -12.646718503912648 ], [ -60.575066291374029, -12.646526078360363 ], [ -60.574976245322979, -12.646360586047633 ], [ -60.57545810718328, -12.646308393423649 ], [ -60.575458107183273, -12.646177912950847 ], [ -60.575098579987419, -12.646129869979829 ], [ -60.574848732663803, -12.645916703264488 ], [ -60.574701905928187, -12.646249042624836 ], [ -60.574413393733785, -12.646308508302768 ], [ -60.57441339378321, -12.646569614379388 ], [ -60.574610821688523, -12.64653843629878 ], [ -60.574892267699695, -12.646961418431006 ], [ -60.575327502076156, -12.646917883923098 ] ] ], [ [ [ -60.559089592585629, -12.646307332726634 ], [ -60.558479570190201, -12.646264983021434 ], [ -60.558261895011846, -12.64652606860278 ], [ -60.558871269532496, -12.646700208217693 ], [ -60.559176014782174, -12.646613138146359 ], [ -60.55930661988927, -12.646134378442136 ], [ -60.559089592585629, -12.646307332726634 ] ] ], [ [ [ -60.556954636879745, -12.645787599839835 ], [ -60.55672012400953, -12.64603401678265 ], [ -60.556433296596957, -12.645524887414943 ], [ -60.556128678263853, -12.645829632664624 ], [ -60.5563463425039, -12.646395462968131 ], [ -60.556952243798101, -12.646081336483448 ], [ -60.557217043217328, -12.646526068075088 ], [ -60.557343240008208, -12.646310790035185 ], [ -60.557434729334091, -12.646438998531474 ], [ -60.55765227759543, -12.646395463495773 ], [ -60.557773120769681, -12.646051086046551 ], [ -60.557879746477781, -12.64611048173821 ], [ -60.557826544655093, -12.646308393424444 ], [ -60.558259207007687, -12.646090202296785 ], [ -60.558174698023578, -12.645699027557701 ], [ -60.557967096421109, -12.645590078595221 ], [ -60.557782893641118, -12.645133072621675 ], [ -60.557270470594879, -12.645199201269747 ], [ -60.557391067381772, -12.644828326844348 ], [ -60.557173519119722, -12.64482832684431 ], [ -60.557120202413756, -12.645119525320931 ], [ -60.556955843941424, -12.645133072093966 ], [ -60.556954636879745, -12.645787599839835 ] ], [ [ -60.557173750310177, -12.645263614906071 ], [ -60.557335065084629, -12.645283434613592 ], [ -60.557434718395477, -12.645568297290362 ], [ -60.557575055180642, -12.645340709062562 ], [ -60.557810312324229, -12.645410097901646 ], [ -60.557826546622394, -12.645568337145921 ], [ -60.557652404512311, -12.645655492522032 ], [ -60.557649963990272, -12.646008771494161 ], [ -60.557510066884817, -12.646134315605872 ], [ -60.557521672488562, -12.645742562593332 ], [ -60.557260589191273, -12.645699027557683 ], [ -60.557192386686303, -12.64583806860526 ], [ -60.556999315520414, -12.645602482519495 ], [ -60.557173391716837, -12.645481237470761 ], [ -60.557173750310177, -12.645263614906071 ] ] ], [ [ [ -60.559916110388677, -12.645916577575619 ], [ -60.560177309126964, -12.645481238488186 ], [ -60.560133774091376, -12.645133061352499 ], [ -60.559785621260026, -12.64500246698711 ], [ -60.559437340974725, -12.645524762782339 ], [ -60.559916110388677, -12.645916577575619 ] ] ], [ [ [ -60.563094933891747, -12.645342058997988 ], [ -60.563268297196721, -12.645481227746489 ], [ -60.563442436802085, -12.645132958202709 ], [ -60.563007202961188, -12.644828327372235 ], [ -60.562772109558438, -12.645250140063846 ], [ -60.562615398578657, -12.645220142165543 ], [ -60.562571863543049, -12.645481227746501 ], [ -60.562769320603152, -12.645492763963482 ], [ -60.562920016911306, -12.645742437960511 ], [ -60.562933468671694, -12.645410979076686 ], [ -60.563094933891747, -12.645342058997988 ] ] ], [ [ [ -60.567188890944074, -12.645138070509272 ], [ -60.567195182444458, -12.644808514413992 ], [ -60.56731261645384, -12.644731645939078 ], [ -60.567665335799227, -12.644871737246916 ], [ -60.567839475404561, -12.644654175960435 ], [ -60.567627933951414, -12.644551754533524 ], [ -60.567970080511671, -12.644262257489174 ], [ -60.567883126956154, -12.644175301837437 ], [ -60.567582684997923, -12.644477649942631 ], [ -60.567317171492491, -12.64443651205144 ], [ -60.567082571906163, -12.644823071909132 ], [ -60.566794751064535, -12.644828327372394 ], [ -60.566577087362063, -12.6451329582026 ], [ -60.56722999638091, -12.645350622111598 ], [ -60.567317054976407, -12.645220131424091 ], [ -60.567188890944074, -12.645138070509272 ] ] ], [ [ [ -60.560482182367899, -12.644218722453752 ], [ -60.560773113178463, -12.644183993194435 ], [ -60.560656321973248, -12.644436386890563 ], [ -60.560918823908928, -12.644523519278392 ], [ -60.560967522168248, -12.644247429978579 ], [ -60.561101065649879, -12.644222900580843 ], [ -60.561222161458971, -12.644523456434124 ], [ -60.56148336073462, -12.644436386890503 ], [ -60.561657371474169, -12.644089137716406 ], [ -60.561831767936368, -12.644392851854803 ], [ -60.562310526412269, -12.644523456961799 ], [ -60.562279625575464, -12.644280823839235 ], [ -60.562758876392913, -12.643994378136195 ], [ -60.562746003685412, -12.644218711712076 ], [ -60.562963551947327, -12.644305781783423 ], [ -60.563094156517046, -12.643913977203988 ], [ -60.561818291053655, -12.643846295156035 ], [ -60.561831641020106, -12.643609345845787 ], [ -60.561472707647724, -12.643738799282763 ], [ -60.561091672329759, -12.643478740738729 ], [ -60.561135207365467, -12.643739826319802 ], [ -60.561391827106277, -12.643901942045568 ], [ -60.561383271282658, -12.644122542139995 ], [ -60.56061277599914, -12.644001161694424 ], [ -60.560482182367899, -12.644218722453752 ] ], [ [ -60.562102371460035, -12.644135830509315 ], [ -60.561994533818378, -12.644301398532193 ], [ -60.561877548748612, -12.644123074765139 ], [ -60.562102371460035, -12.644135830509315 ] ] ], [ [ [ -60.570843392865875, -12.643522161882663 ], [ -60.57071279923472, -12.643217531052839 ], [ -60.569972819606477, -12.642825715204092 ], [ -60.569885749535189, -12.643217405891367 ], [ -60.57051855707364, -12.643316012250979 ], [ -60.570604600266449, -12.643437803400753 ], [ -60.570495240034688, -12.643652756248086 ], [ -60.570756323331914, -12.643652756248066 ], [ -60.570843392865875, -12.643522161882663 ] ] ], [ [ [ -60.56901504882179, -12.643217405891399 ], [ -60.569322900494988, -12.642955002247719 ], [ -60.569408155865126, -12.643130398136996 ], [ -60.56988562208133, -12.64295620641901 ], [ -60.569537353271876, -12.64234683033942 ], [ -60.569058583857334, -12.642520969954386 ], [ -60.56901504882179, -12.643217405891399 ] ], [ [ -60.56933482002264, -12.642797823253744 ], [ -60.569477701920114, -12.642896844925419 ], [ -60.569335899451936, -12.642896844925536 ], [ -60.56933482002264, -12.642797823253744 ] ] ], [ [ [ -60.56157043080637, -12.642782055535063 ], [ -60.5615280199507, -12.642564542362004 ], [ -60.56170103591348, -12.642259635107033 ], [ -60.561403372418653, -12.642102597106348 ], [ -60.561439825699566, -12.64182440938332 ], [ -60.56129022523308, -12.641915776617337 ], [ -60.561091661391067, -12.641824409910999 ], [ -60.561155909781128, -12.642185799474721 ], [ -60.560830462600876, -12.642564495287248 ], [ -60.560830462115533, -12.642869125606452 ], [ -60.561265696494964, -12.642956195150058 ], [ -60.56157043080637, -12.642782055535063 ] ] ], [ [ [ -60.557042914496449, -12.641432584375181 ], [ -60.557434718394767, -12.642041959401158 ], [ -60.557739347182981, -12.641911364514568 ], [ -60.557815724874246, -12.64155780263558 ], [ -60.558001976502212, -12.6418678821027 ], [ -60.558522978309902, -12.64178074971481 ], [ -60.558651023153864, -12.641562558778627 ], [ -60.558435919176915, -12.641301989482878 ], [ -60.558261895010588, -12.641258453919493 ], [ -60.558213939985208, -12.641473732499769 ], [ -60.557826428677608, -12.64112784934016 ], [ -60.557705333351883, -12.641384870188409 ], [ -60.557473844350817, -12.641430197465379 ], [ -60.557217054154499, -12.641258453919445 ], [ -60.557042914496449, -12.641432584375181 ] ], [ [ -60.55755755171738, -12.641658928613053 ], [ -60.5576221077634, -12.641556273898743 ], [ -60.55767362667676, -12.641689428290947 ], [ -60.55755755171738, -12.641658928613053 ] ] ], [ [ [ -60.56701243718063, -12.642085494964123 ], [ -60.567183889807531, -12.642041444089596 ], [ -60.566932238633512, -12.641799044859344 ], [ -60.566794646025038, -12.641389059554562 ], [ -60.566412893233526, -12.641280109810724 ], [ -60.566533424872787, -12.641040778741562 ], [ -60.566315876609693, -12.641040778741555 ], [ -60.566359411645543, -12.641911354821453 ], [ -60.566576959908303, -12.641867819785807 ], [ -60.566640909170594, -12.641684408586777 ], [ -60.56701243718063, -12.642085494964123 ] ] ], [ [ [ -60.561875186994804, -12.640474823805311 ], [ -60.561486132879537, -12.640669797607119 ], [ -60.561352882543034, -12.640518358313264 ], [ -60.561367173557308, -12.641034315302365 ], [ -60.560786927616803, -12.641040767999643 ], [ -60.560917521248221, -12.641171258687624 ], [ -60.561470042747871, -12.641144552839767 ], [ -60.561455972796885, -12.641255950822037 ], [ -60.561091699254654, -12.641258381544676 ], [ -60.560917532186551, -12.641476004465019 ], [ -60.561074396733112, -12.641489071312398 ], [ -60.561091672329283, -12.641693679643373 ], [ -60.561265812471994, -12.641780749714682 ], [ -60.561486132890607, -12.641629310655054 ], [ -60.561812334911444, -12.641783777343431 ], [ -60.561788232900156, -12.64217256503567 ], [ -60.561962246127528, -12.64212903 ], [ -60.562070790416783, -12.641442153371305 ], [ -60.562223572318423, -12.641606609044311 ], [ -60.562518961604404, -12.641630764773208 ], [ -60.562354188849042, -12.64195500479131 ], [ -60.562483374845463, -12.641998487209808 ], [ -60.56274587676959, -12.64186781978596 ], [ -60.562745876769704, -12.641258453919678 ], [ -60.562532658668928, -12.641184193336803 ], [ -60.56248466655579, -12.640866638598698 ], [ -60.562223456341833, -12.640736033491658 ], [ -60.561947496293691, -12.640786812969164 ], [ -60.561947457575258, -12.64090280399329 ], [ -60.562472199451761, -12.641369176913594 ], [ -60.561835808709944, -12.641198288317351 ], [ -60.561875186994804, -12.640474823805311 ] ], [ [ -60.561529336264016, -12.641383935852073 ], [ -60.56165518730338, -12.641437592623129 ], [ -60.56156613782175, -12.641473732486963 ], [ -60.561529336264016, -12.641383935852073 ] ], [ [ -60.561912256213198, -12.641548257785773 ], [ -60.561793437336931, -12.641629206013885 ], [ -60.561806497198901, -12.641525732983325 ], [ -60.561912256213198, -12.641548257785773 ] ] ], [ [ [ -60.564618010218439, -12.6407795685274 ], [ -60.5645744757202, -12.641171269956773 ], [ -60.565019219207628, -12.640914237879196 ], [ -60.565096884672606, -12.641084188616098 ], [ -60.565266770194825, -12.641074181684614 ], [ -60.565261668856323, -12.641277833737695 ], [ -60.565053361060428, -12.641389049329048 ], [ -60.565227384741007, -12.641432468901463 ], [ -60.565421731726069, -12.641008655321388 ], [ -60.565793329266484, -12.64117125921514 ], [ -60.565967468871833, -12.640866524707038 ], [ -60.565749805169169, -12.640605428912513 ], [ -60.565575781003176, -12.640605428384823 ], [ -60.565499958666621, -12.640818595669881 ], [ -60.565215470825969, -12.640827868231359 ], [ -60.565140303194255, -12.640431277500447 ], [ -60.564879220432367, -12.640300683135074 ], [ -60.564963850016795, -12.640610426860084 ], [ -60.564618010218439, -12.6407795685274 ] ] ], [ [ [ -60.559434900495219, -12.640426165012824 ], [ -60.559420012506799, -12.640555141862041 ], [ -60.558958456118553, -12.640692487714237 ], [ -60.559263189892761, -12.641214793723373 ], [ -60.559829029380055, -12.641301864322402 ], [ -60.559959632519657, -12.640953669341915 ], [ -60.559671121309378, -12.640795384135314 ], [ -60.560351449808181, -12.64077944389436 ], [ -60.560264379736893, -12.640431288241874 ], [ -60.559963900024478, -12.640484830872149 ], [ -60.559817775092931, -12.640074943713659 ], [ -60.559959634487356, -12.6399958132523 ], [ -60.559916110389942, -12.639647658127512 ], [ -60.559369208670745, -12.640247949656798 ], [ -60.55900199061675, -12.640213613063471 ], [ -60.5590890497499, -12.64043116308134 ], [ -60.559434900495219, -12.640426165012824 ] ], [ [ -60.559172897121016, -12.64082429714604 ], [ -60.559091559165488, -12.640786416411871 ], [ -60.559169105751074, -12.640642037987449 ], [ -60.559263724662529, -12.640734553149247 ], [ -60.559172897121016, -12.64082429714604 ] ] ], [ [ [ -60.551644558650089, -12.639604123091475 ], [ -60.551122149697598, -12.640082894065547 ], [ -60.551209219231595, -12.64021348843103 ], [ -60.551441185715831, -12.640132881768277 ], [ -60.551600918577336, -12.640344093010306 ], [ -60.5519056523516, -12.639995823994154 ], [ -60.551862117315991, -12.639691181893578 ], [ -60.551644558650089, -12.639604123091475 ] ] ], [ [ [ -60.551165557282864, -12.639038042467982 ], [ -60.551122022247199, -12.638864026957409 ], [ -60.550251448446566, -12.638907561993044 ], [ -60.550780419896782, -12.639157364028016 ], [ -60.550773857936719, -12.639952277689325 ], [ -60.550869789833406, -12.639662258439973 ], [ -60.551122021709723, -12.63947340356617 ], [ -60.55090846021988, -12.639243621561594 ], [ -60.551165557282864, -12.639038042467982 ] ] ], [ [ [ -60.563679177224138, -12.63909077598942 ], [ -60.563703774468955, -12.639255717645751 ], [ -60.563877787160258, -12.639081588244677 ], [ -60.563181354040765, -12.63860281674393 ], [ -60.562920144364199, -12.63903815635898 ], [ -60.56309184349788, -12.639347910873607 ], [ -60.562920143826915, -12.639429857788469 ], [ -60.563050748933946, -12.639560462895474 ], [ -60.563268296714007, -12.639473402502651 ], [ -60.563115402130101, -12.639084299820651 ], [ -60.563261398978213, -12.638944171343164 ], [ -60.563679177224138, -12.63909077598942 ] ] ], [ [ [ -60.565183954743418, -12.638472212164691 ], [ -60.565133348959563, -12.639055144436103 ], [ -60.564922755467656, -12.638864026958004 ], [ -60.564748615325065, -12.639255717645723 ], [ -60.56496617452742, -12.639386322225 ], [ -60.565488583479961, -12.638950983137612 ], [ -60.565357978373072, -12.638559270966688 ], [ -60.565183954743418, -12.638472212164691 ] ] ], [ [ [ -60.562174621346628, -12.638907742425044 ], [ -60.56252831756764, -12.639212182082444 ], [ -60.562612711713477, -12.639081061816531 ], [ -60.562354061449376, -12.638559281708226 ], [ -60.56213650224646, -12.638515747200241 ], [ -60.561925031383616, -12.638689563462696 ], [ -60.561875176057079, -12.638472211636817 ], [ -60.561701162827909, -12.638472211636829 ], [ -60.561657628329634, -12.638689772923712 ], [ -60.56196237304205, -12.639038042467474 ], [ -60.562174621346628, -12.638907742425044 ] ] ], [ [ [ -60.550730334320953, -12.637470896173497 ], [ -60.550773868874415, -12.638167341754594 ], [ -60.551078486729253, -12.637819071115864 ], [ -60.551036076323363, -12.637470942876366 ], [ -60.55120909231897, -12.637166160566277 ], [ -60.550947998078861, -12.637209696129698 ], [ -60.550730334320953, -12.637470896173497 ] ] ], [ [ [ -60.579116468794169, -12.636600142786635 ], [ -60.579463330467085, -12.636469475362217 ], [ -60.579290397364304, -12.636122820990959 ], [ -60.579341457168745, -12.635883832601015 ], [ -60.579724540681283, -12.635772914791579 ], [ -60.579868146953253, -12.635548579812198 ], [ -60.580072820429272, -12.635598785390545 ], [ -60.579898691762182, -12.635207084490187 ], [ -60.579594062971431, -12.635468284511704 ], [ -60.579615283803236, -12.635681593316711 ], [ -60.579289306300083, -12.635468294704156 ], [ -60.579115177095673, -12.635903644533149 ], [ -60.579199621788455, -12.636128167021521 ], [ -60.578984571988741, -12.636208389782833 ], [ -60.57894103695309, -12.636469475362262 ], [ -60.579116468794169, -12.636600142786635 ] ] ] ] } }
]
}
