{
"type": "FeatureCollection",
"name": "igarapé_lage",
"crs": { "type": "name", "properties": { "name": "urn:ogc:def:crs:OGC:1.3:CRS84" } },
"features": [
{ "type": "Feature", "properties": { "DN": 1 }, "geometry": { "type": "Polygon", "coordinates": [ [ [ -64.916956333981631, -10.613786930961444 ], [ -64.916956333981631, -10.614036930230496 ], [ -64.91670633450353, -10.614036930230496 ], [ -64.91670633450353, -10.614286929499546 ], [ -64.917706332415946, -10.614286929499546 ], [ -64.917706332415946, -10.613786930961444 ], [ -64.916956333981631, -10.613786930961444 ] ] ] } },
{ "type": "Feature", "properties": { "DN": 1 }, "geometry": { "type": "Polygon", "coordinates": [ [ [ -65.011456136704837, -10.619036915611511 ], [ -65.011206137226736, -10.619036915611511 ], [ -65.011206137226736, -10.619171684181856 ], [ -65.011456136704837, -10.619185633973686 ], [ -65.011456136704837, -10.619036915611511 ] ] ] } },
{ "type": "Feature", "properties": { "DN": 1 }, "geometry": { "type": "Polygon", "coordinates": [ [ [ -65.006206147664656, -10.61828691780436 ], [ -65.006206147664656, -10.61853691707341 ], [ -65.006456147142757, -10.61853691707341 ], [ -65.006456147142757, -10.61828691780436 ], [ -65.006206147664656, -10.61828691780436 ] ] ] } },
{ "type": "Feature", "properties": { "DN": 1 }, "geometry": { "type": "Polygon", "coordinates": [ [ [ -65.008206143489488, -10.618036918535308 ], [ -65.008206143489488, -10.61828691780436 ], [ -65.008456142967589, -10.61828691780436 ], [ -65.008456142967589, -10.618036918535308 ], [ -65.008206143489488, -10.618036918535308 ] ] ] } },
{ "type": "Feature", "properties": { "DN": 1 }, "geometry": { "type": "Polygon", "coordinates": [ [ [ -65.006456147142757, -10.618036918535308 ], [ -65.006456147142757, -10.61828691780436 ], [ -65.006706146620871, -10.61828691780436 ], [ -65.006706146620871, -10.618036918535308 ], [ -65.006456147142757, -10.618036918535308 ] ] ] } },
{ "type": "Feature", "properties": { "DN": 1 }, "geometry": { "type": "Polygon", "coordinates": [ [ [ -64.995456170106195, -10.618036918535308 ], [ -64.995456170106195, -10.61828691780436 ], [ -64.99595616906241, -10.61828691780436 ], [ -64.99595616906241, -10.618036918535308 ], [ -64.995456170106195, -10.618036918535308 ] ] ] } },
{ "type": "Feature", "properties": { "DN": 1 }, "geometry": { "type": "Polygon", "coordinates": [ [ [ -64.997956164887242, -10.618036918535308 ], [ -64.997706165409127, -10.618036918535308 ], [ -64.997706165409127, -10.617786919266258 ], [ -64.996956166974826, -10.617786919266258 ], [ -64.996956166974826, -10.618036918535308 ], [ -64.99620616854051, -10.618036918535308 ], [ -64.99620616854051, -10.61828691780436 ], [ -64.997206166452926, -10.61828691780436 ], [ -64.997206166452926, -10.618417595536588 ], [ -64.997456165931027, -10.618430113360727 ], [ -64.997456165931027, -10.61828691780436 ], [ -64.997706165409127, -10.61828691780436 ], [ -64.997706165409127, -10.618442631184868 ], [ -64.997956164887242, -10.61845514900901 ], [ -64.997956164887242, -10.618036918535308 ] ] ] } },
{ "type": "Feature", "properties": { "DN": 1 }, "geometry": { "type": "Polygon", "coordinates": [ [ [ -65.000206160190174, -10.617786919266258 ], [ -65.000206160190174, -10.61828691780436 ], [ -65.000956158624476, -10.61828691780436 ], [ -65.000956158624476, -10.617786919266258 ], [ -65.000206160190174, -10.617786919266258 ] ] ] } },
{ "type": "Feature", "properties": { "DN": 1 }, "geometry": { "type": "Polygon", "coordinates": [ [ [ -65.003456153405523, -10.617786919266258 ], [ -65.003456153405523, -10.618036918535308 ], [ -65.003956152361724, -10.618036918535308 ], [ -65.003956152361724, -10.617786919266258 ], [ -65.003456153405523, -10.617786919266258 ] ] ] } },
{ "type": "Feature", "properties": { "DN": 1 }, "geometry": { "type": "Polygon", "coordinates": [ [ [ -65.012956133573454, -10.619036915611511 ], [ -65.012706134095353, -10.619036915611511 ], [ -65.012706134095353, -10.618786916342462 ], [ -65.012206135139152, -10.618786916342462 ], [ -65.012206135139152, -10.61828691780436 ], [ -65.011956135661052, -10.61828691780436 ], [ -65.011956135661052, -10.617786919266258 ], [ -65.011706136182937, -10.617786919266258 ], [ -65.011706136182937, -10.616786922190055 ], [ -65.011456136704837, -10.616786922190055 ], [ -65.011456136704837, -10.616536922921004 ], [ -65.010956137748636, -10.616536922921004 ], [ -65.010956137748636, -10.617036921459105 ], [ -65.011206137226736, -10.617036921459105 ], [ -65.011206137226736, -10.617286920728157 ], [ -65.011456136704837, -10.617286920728157 ], [ -65.011456136704837, -10.618036918535308 ], [ -65.011706136182937, -10.618036918535308 ], [ -65.011706136182937, -10.61853691707341 ], [ -65.011456136704837, -10.61853691707341 ], [ -65.011456136704837, -10.618786916342462 ], [ -65.011956135661052, -10.618786916342462 ], [ -65.011956135661052, -10.619213533557348 ], [ -65.012956133573454, -10.619269332724672 ], [ -65.012956133573454, -10.619036915611511 ] ] ] } },
{ "type": "Feature", "properties": { "DN": 1 }, "geometry": { "type": "Polygon", "coordinates": [ [ [ -64.994206172715678, -10.617286920728157 ], [ -64.993706173759477, -10.617286920728157 ], [ -64.993706173759477, -10.618036918535308 ], [ -64.993456174281377, -10.618036918535308 ], [ -64.993456174281377, -10.618229828174478 ], [ -64.994206172715678, -10.618267381646898 ], [ -64.994206172715678, -10.617286920728157 ] ] ] } },
{ "type": "Feature", "properties": { "DN": 1 }, "geometry": { "type": "Polygon", "coordinates": [ [ [ -64.978706205073252, -10.617286920728157 ], [ -64.978456205595151, -10.617286920728157 ], [ -64.978456205595151, -10.61747821245708 ], [ -64.978706205073252, -10.61749074524298 ], [ -64.978706205073252, -10.617286920728157 ] ] ] } },
{ "type": "Feature", "properties": { "DN": 1 }, "geometry": { "type": "Polygon", "coordinates": [ [ [ -64.978206206117051, -10.617286920728157 ], [ -64.977706207160836, -10.617286920728157 ], [ -64.977706207160836, -10.61744061409938 ], [ -64.978206206117051, -10.617465679671181 ], [ -64.978206206117051, -10.617286920728157 ] ] ] } },
{ "type": "Feature", "properties": { "DN": 1 }, "geometry": { "type": "Polygon", "coordinates": [ [ [ -64.983206195679116, -10.613286932423343 ], [ -64.983206195679116, -10.613536931692394 ], [ -64.983456195157217, -10.613536931692394 ], [ -64.983456195157217, -10.613286932423343 ], [ -64.983206195679116, -10.613286932423343 ] ] ] } },
{ "type": "Feature", "properties": { "DN": 1 }, "geometry": { "type": "Polygon", "coordinates": [ [ [ -64.985206191503949, -10.612786933885241 ], [ -64.985206191503949, -10.613036933154293 ], [ -64.985456190982049, -10.613036933154293 ], [ -64.985456190982049, -10.612786933885241 ], [ -64.985206191503949, -10.612786933885241 ] ] ] } },
{ "type": "Feature", "properties": { "DN": 1 }, "geometry": { "type": "Polygon", "coordinates": [ [ [ -64.9819561982886, -10.611536937539988 ], [ -64.9819561982886, -10.611786936809038 ], [ -64.981456199332385, -10.611786936809038 ], [ -64.981456199332385, -10.612036936078088 ], [ -64.980956200376184, -10.612036936078088 ], [ -64.980956200376184, -10.613536931692394 ], [ -64.9817061988105, -10.613536931692394 ], [ -64.9817061988105, -10.613286932423343 ], [ -64.982956196201016, -10.613286932423343 ], [ -64.982956196201016, -10.613036933154293 ], [ -64.982706196722916, -10.613036933154293 ], [ -64.982706196722916, -10.612286935347139 ], [ -64.9822061977667, -10.612286935347139 ], [ -64.9822061977667, -10.612036936078088 ], [ -64.982706196722916, -10.612036936078088 ], [ -64.982706196722916, -10.611786936809038 ], [ -64.9822061977667, -10.611786936809038 ], [ -64.9822061977667, -10.611536937539988 ], [ -64.9819561982886, -10.611536937539988 ] ] ] } },
{ "type": "Feature", "properties": { "DN": 1 }, "geometry": { "type": "Polygon", "coordinates": [ [ [ -64.969456224383407, -10.616786922190055 ], [ -64.969206224905307, -10.616786922190055 ], [ -64.969206224905307, -10.61701436197299 ], [ -64.969456224383407, -10.617026902141415 ], [ -64.969456224383407, -10.616786922190055 ] ] ] } },
{ "type": "Feature", "properties": { "DN": 1 }, "geometry": { "type": "Polygon", "coordinates": [ [ [ -64.968956225427206, -10.616786922190055 ], [ -64.968706225949106, -10.616786922190055 ], [ -64.968706225949106, -10.61698928163614 ], [ -64.968956225427206, -10.617001821804564 ], [ -64.968956225427206, -10.616786922190055 ] ] ] } },
{ "type": "Feature", "properties": { "DN": 1 }, "geometry": { "type": "Polygon", "coordinates": [ [ [ -64.968456226471005, -10.616786922190055 ], [ -64.968206226992891, -10.616786922190055 ], [ -64.968206226992891, -10.61696420129929 ], [ -64.968456226471005, -10.616976741467715 ], [ -64.968456226471005, -10.616786922190055 ] ] ] } },
{ "type": "Feature", "properties": { "DN": 1 }, "geometry": { "type": "Polygon", "coordinates": [ [ [ -64.966456230646173, -10.616536922921004 ], [ -64.966456230646173, -10.616786922190055 ], [ -64.966706230124274, -10.616786922190055 ], [ -64.966706230124274, -10.616536922921004 ], [ -64.966456230646173, -10.616536922921004 ] ] ] } },
{ "type": "Feature", "properties": { "DN": 1 }, "geometry": { "type": "Polygon", "coordinates": [ [ [ -64.964206235343241, -10.616286923651952 ], [ -64.964456234821341, -10.616286923651952 ], [ -64.964456234821341, -10.615786925113852 ], [ -64.964706234299442, -10.615786925113852 ], [ -64.964706234299442, -10.6155369258448 ], [ -64.964206235343241, -10.6155369258448 ], [ -64.964206235343241, -10.616036924382902 ], [ -64.963956235865126, -10.616036924382902 ], [ -64.963956235865126, -10.616750995553108 ], [ -64.964206235343241, -10.616763543092267 ], [ -64.964206235343241, -10.616286923651952 ] ] ] } },
{ "type": "Feature", "properties": { "DN": 1 }, "geometry": { "type": "Polygon", "coordinates": [ [ [ -64.965706232211858, -10.614786928037647 ], [ -64.965706232211858, -10.615286926575749 ], [ -64.965956231689958, -10.615286926575749 ], [ -64.965956231689958, -10.6155369258448 ], [ -64.966206231168059, -10.6155369258448 ], [ -64.966206231168059, -10.614786928037647 ], [ -64.965706232211858, -10.614786928037647 ] ] ] } },
{ "type": "Feature", "properties": { "DN": 1 }, "geometry": { "type": "Polygon", "coordinates": [ [ [ -64.966206231168059, -10.614536928768597 ], [ -64.966206231168059, -10.614786928037647 ], [ -64.966456230646173, -10.614786928037647 ], [ -64.966456230646173, -10.614536928768597 ], [ -64.966206231168059, -10.614536928768597 ] ] ] } },
{ "type": "Feature", "properties": { "DN": 1 }, "geometry": { "type": "Polygon", "coordinates": [ [ [ -64.964456234821341, -10.614536928768597 ], [ -64.964456234821341, -10.614786928037647 ], [ -64.964706234299442, -10.614786928037647 ], [ -64.964706234299442, -10.614536928768597 ], [ -64.964456234821341, -10.614536928768597 ] ] ] } },
{ "type": "Feature", "properties": { "DN": 1 }, "geometry": { "type": "Polygon", "coordinates": [ [ [ -65.054206047460568, -10.621536908302021 ], [ -65.054206047460568, -10.621286909032969 ], [ -65.051456053201434, -10.621286909032969 ], [ -65.051456053201434, -10.621415201222812 ], [ -65.053642086911537, -10.621536908302021 ], [ -65.054206047460568, -10.621536908302021 ] ] ] } },
{ "type": "Feature", "properties": { "DN": 1 }, "geometry": { "type": "Polygon", "coordinates": [ [ [ -65.050456055289018, -10.621286909032969 ], [ -65.050456055289018, -10.621036909763919 ], [ -65.046956062595569, -10.621036909763919 ], [ -65.046956062595569, -10.621164664961372 ], [ -65.049151741459184, -10.621286909032969 ], [ -65.050456055289018, -10.621286909032969 ] ] ] } },
{ "type": "Feature", "properties": { "DN": 1 }, "geometry": { "type": "Polygon", "coordinates": [ [ [ -65.050956054245219, -10.621036909763919 ], [ -65.050956054245219, -10.621286909032969 ], [ -65.051206053723334, -10.621286909032969 ], [ -65.051206053723334, -10.621036909763919 ], [ -65.050956054245219, -10.621036909763919 ] ] ] } },
{ "type": "Feature", "properties": { "DN": 1 }, "geometry": { "type": "Polygon", "coordinates": [ [ [ -65.054456046938682, -10.621036909763919 ], [ -65.054456046938682, -10.621286909032969 ], [ -65.054706046416783, -10.621286909032969 ], [ -65.054706046416783, -10.621036909763919 ], [ -65.054456046938682, -10.621036909763919 ] ] ] } },
{ "type": "Feature", "properties": { "DN": 1 }, "geometry": { "type": "Polygon", "coordinates": [ [ [ -65.046206064161254, -10.620786910494868 ], [ -65.046206064161254, -10.621036909763919 ], [ -65.046706063117455, -10.621036909763919 ], [ -65.046706063117455, -10.620786910494868 ], [ -65.046206064161254, -10.620786910494868 ] ] ] } },
{ "type": "Feature", "properties": { "DN": 1 }, "geometry": { "type": "Polygon", "coordinates": [ [ [ -65.045706065205053, -10.621036909763919 ], [ -65.045706065205053, -10.620786910494868 ], [ -65.042456071989704, -10.620786910494868 ], [ -65.042456071989704, -10.620913997997818 ], [ -65.044662561002028, -10.621036909763919 ], [ -65.045706065205053, -10.621036909763919 ] ] ] } },
{ "type": "Feature", "properties": { "DN": 1 }, "geometry": { "type": "Polygon", "coordinates": [ [ [ -65.040206076686758, -10.620786910494868 ], [ -65.040206076686758, -10.620536911225818 ], [ -65.037956081383825, -10.620536911225818 ], [ -65.037956081383825, -10.620663327457553 ], [ -65.040174620931296, -10.620786910494868 ], [ -65.040206076686758, -10.620786910494868 ] ] ] } },
{ "type": "Feature", "properties": { "DN": 1 }, "geometry": { "type": "Polygon", "coordinates": [ [ [ -65.033706090256075, -10.620286911956766 ], [ -65.03345609077796, -10.620286911956766 ], [ -65.03345609077796, -10.620412520121754 ], [ -65.033706090256075, -10.620426454305154 ], [ -65.033706090256075, -10.620286911956766 ] ] ] } },
{ "type": "Feature", "properties": { "DN": 1 }, "geometry": { "type": "Polygon", "coordinates": [ [ [ -65.029456099128311, -10.619786913418665 ], [ -65.028956100172095, -10.619786913418665 ], [ -65.028956100172095, -10.620161704820562 ], [ -65.029456099128311, -10.620189573187361 ], [ -65.029456099128311, -10.619786913418665 ] ] ] } },
{ "type": "Feature", "properties": { "DN": 1 }, "geometry": { "type": "Polygon", "coordinates": [ [ [ -65.026956104347263, -10.620036912687716 ], [ -65.026956104347263, -10.619786913418665 ], [ -65.024456109566231, -10.619786913418665 ], [ -65.024456109566231, -10.619910803851123 ], [ -65.026717308475313, -10.620036912687716 ], [ -65.026956104347263, -10.620036912687716 ] ] ] } },
{ "type": "Feature", "properties": { "DN": 1 }, "geometry": { "type": "Polygon", "coordinates": [ [ [ -65.023706111131915, -10.619536914149613 ], [ -65.023706111131915, -10.619786913418665 ], [ -65.02395611061003, -10.619786913418665 ], [ -65.02395611061003, -10.619536914149613 ], [ -65.023706111131915, -10.619536914149613 ] ] ] } },
{ "type": "Feature", "properties": { "DN": 1 }, "geometry": { "type": "Polygon", "coordinates": [ [ [ -65.006706146620871, -10.617036921459105 ], [ -65.006706146620871, -10.618036918535308 ], [ -65.007706144533287, -10.618036918535308 ], [ -65.007706144533287, -10.61828691780436 ], [ -65.007956144011388, -10.61828691780436 ], [ -65.007956144011388, -10.618036918535308 ], [ -65.008206143489488, -10.618036918535308 ], [ -65.008206143489488, -10.617786919266258 ], [ -65.007956144011388, -10.617786919266258 ], [ -65.007956144011388, -10.617286920728157 ], [ -65.007206145577072, -10.617286920728157 ], [ -65.007206145577072, -10.617036921459105 ], [ -65.006706146620871, -10.617036921459105 ] ] ] } },
{ "type": "Feature", "properties": { "DN": 1 }, "geometry": { "type": "Polygon", "coordinates": [ [ [ -64.996456168018611, -10.616536922921004 ], [ -64.996456168018611, -10.617036921459105 ], [ -64.996706167496711, -10.617036921459105 ], [ -64.996706167496711, -10.617786919266258 ], [ -64.996956166974826, -10.617786919266258 ], [ -64.996956166974826, -10.616536922921004 ], [ -64.996456168018611, -10.616536922921004 ] ] ] } },
{ "type": "Feature", "properties": { "DN": 1 }, "geometry": { "type": "Polygon", "coordinates": [ [ [ -65.00995613983622, -10.616536922921004 ], [ -65.00995613983622, -10.616786922190055 ], [ -65.01020613931432, -10.616786922190055 ], [ -65.01020613931432, -10.617286920728157 ], [ -65.010456138792421, -10.617286920728157 ], [ -65.010456138792421, -10.617536919997207 ], [ -65.010706138270521, -10.617536919997207 ], [ -65.010706138270521, -10.616786922190055 ], [ -65.010456138792421, -10.616786922190055 ], [ -65.010456138792421, -10.616536922921004 ], [ -65.00995613983622, -10.616536922921004 ] ] ] } },
{ "type": "Feature", "properties": { "DN": 1 }, "geometry": { "type": "Polygon", "coordinates": [ [ [ -64.997206166452926, -10.616536922921004 ], [ -64.997206166452926, -10.616786922190055 ], [ -64.997706165409127, -10.616786922190055 ], [ -64.997706165409127, -10.616536922921004 ], [ -64.997206166452926, -10.616536922921004 ] ] ] } },
{ "type": "Feature", "properties": { "DN": 1 }, "geometry": { "type": "Polygon", "coordinates": [ [ [ -65.008206143489488, -10.616536922921004 ], [ -65.008206143489488, -10.616786922190055 ], [ -65.008456142967589, -10.616786922190055 ], [ -65.008456142967589, -10.616536922921004 ], [ -65.008206143489488, -10.616536922921004 ] ] ] } },
{ "type": "Feature", "properties": { "DN": 1 }, "geometry": { "type": "Polygon", "coordinates": [ [ [ -65.001706157058791, -10.616036924382902 ], [ -65.001706157058791, -10.616786922190055 ], [ -65.002206156015006, -10.616786922190055 ], [ -65.002206156015006, -10.616536922921004 ], [ -65.001956156536892, -10.616536922921004 ], [ -65.001956156536892, -10.616036924382902 ], [ -65.001706157058791, -10.616036924382902 ] ] ] } },
{ "type": "Feature", "properties": { "DN": 1 }, "geometry": { "type": "Polygon", "coordinates": [ [ [ -65.006706146620871, -10.616286923651952 ], [ -65.006706146620871, -10.616536922921004 ], [ -65.006956146098972, -10.616536922921004 ], [ -65.006956146098972, -10.616286923651952 ], [ -65.006706146620871, -10.616286923651952 ] ] ] } },
{ "type": "Feature", "properties": { "DN": 1 }, "geometry": { "type": "Polygon", "coordinates": [ [ [ -64.996956166974826, -10.616286923651952 ], [ -64.996956166974826, -10.616536922921004 ], [ -64.997206166452926, -10.616536922921004 ], [ -64.997206166452926, -10.616286923651952 ], [ -64.996956166974826, -10.616286923651952 ] ] ] } },
{ "type": "Feature", "properties": { "DN": 1 }, "geometry": { "type": "Polygon", "coordinates": [ [ [ -64.998206164365342, -10.616286923651952 ], [ -64.998206164365342, -10.616536922921004 ], [ -64.998456163843443, -10.616536922921004 ], [ -64.998456163843443, -10.616286923651952 ], [ -64.998206164365342, -10.616286923651952 ] ] ] } },
{ "type": "Feature", "properties": { "DN": 1 }, "geometry": { "type": "Polygon", "coordinates": [ [ [ -65.006956146098972, -10.616036924382902 ], [ -65.006956146098972, -10.616286923651952 ], [ -65.007206145577072, -10.616286923651952 ], [ -65.007206145577072, -10.616036924382902 ], [ -65.006956146098972, -10.616036924382902 ] ] ] } },
{ "type": "Feature", "properties": { "DN": 1 }, "geometry": { "type": "Polygon", "coordinates": [ [ [ -64.929706307364924, -10.614786928037647 ], [ -64.929456307886824, -10.614786928037647 ], [ -64.929456307886824, -10.615017929156485 ], [ -64.929706307364924, -10.615030498829322 ], [ -64.929706307364924, -10.614786928037647 ] ] ] } },
{ "type": "Feature", "properties": { "DN": 1 }, "geometry": { "type": "Polygon", "coordinates": [ [ [ -64.930206306321125, -10.614786928037647 ], [ -64.930206306321125, -10.615036927306699 ], [ -64.93045630579924, -10.615036927306699 ], [ -64.93045630579924, -10.614786928037647 ], [ -64.930206306321125, -10.614786928037647 ] ] ] } },
{ "type": "Feature", "properties": { "DN": 1 }, "geometry": { "type": "Polygon", "coordinates": [ [ [ -64.933706299014588, -10.612286935347139 ], [ -64.933706299014588, -10.612536934616191 ], [ -64.933456299536473, -10.612536934616191 ], [ -64.933456299536473, -10.612786933885241 ], [ -64.933206300058373, -10.612786933885241 ], [ -64.933206300058373, -10.613536931692394 ], [ -64.933456299536473, -10.613536931692394 ], [ -64.933456299536473, -10.613786930961444 ], [ -64.934956296405105, -10.613786930961444 ], [ -64.934956296405105, -10.613536931692394 ], [ -64.935206295883205, -10.613536931692394 ], [ -64.935206295883205, -10.612536934616191 ], [ -64.934456297448889, -10.612536934616191 ], [ -64.934456297448889, -10.612286935347139 ], [ -64.933706299014588, -10.612286935347139 ] ] ] } },
{ "type": "Feature", "properties": { "DN": 1 }, "geometry": { "type": "Polygon", "coordinates": [ [ [ -64.924206318846643, -10.612036936078088 ], [ -64.924206318846643, -10.612286935347139 ], [ -64.924456318324744, -10.612286935347139 ], [ -64.924456318324744, -10.612036936078088 ], [ -64.924206318846643, -10.612036936078088 ] ] ] } },
{ "type": "Feature", "properties": { "DN": 1 }, "geometry": { "type": "Polygon", "coordinates": [ [ [ -64.923456320412328, -10.60953694338758 ], [ -64.923456320412328, -10.609786942656632 ], [ -64.923706319890428, -10.609786942656632 ], [ -64.923706319890428, -10.60953694338758 ], [ -64.923456320412328, -10.60953694338758 ] ] ] } },
{ "type": "Feature", "properties": { "DN": 1 }, "geometry": { "type": "Polygon", "coordinates": [ [ [ -64.925206316759059, -10.609036944849478 ], [ -64.925206316759059, -10.60928694411853 ], [ -64.92545631623716, -10.60928694411853 ], [ -64.92545631623716, -10.609036944849478 ], [ -64.925206316759059, -10.609036944849478 ] ] ] } },
{ "type": "Feature", "properties": { "DN": 1 }, "geometry": { "type": "Polygon", "coordinates": [ [ [ -64.879706411744181, -10.612286935347139 ], [ -64.879206412787966, -10.612286935347139 ], [ -64.879206412787966, -10.612491485701572 ], [ -64.879300025273182, -10.612496164254248 ], [ -64.879706411744181, -10.612516462403411 ], [ -64.879706411744181, -10.612286935347139 ] ] ] } },
{ "type": "Feature", "properties": { "DN": 1 }, "geometry": { "type": "Polygon", "coordinates": [ [ [ -64.881206408612798, -10.612286935347139 ], [ -64.881206408612798, -10.612536934616191 ], [ -64.881706407569013, -10.612536934616191 ], [ -64.881706407569013, -10.612286935347139 ], [ -64.881206408612798, -10.612286935347139 ] ] ] } },
{ "type": "Feature", "properties": { "DN": 1 }, "geometry": { "type": "Polygon", "coordinates": [ [ [ -64.878706413831765, -10.612286935347139 ], [ -64.878206414875564, -10.612286935347139 ], [ -64.878206414875564, -10.612441507935266 ], [ -64.878706413831765, -10.612466496818419 ], [ -64.878706413831765, -10.612286935347139 ] ] ] } },
{ "type": "Feature", "properties": { "DN": 1 }, "geometry": { "type": "Polygon", "coordinates": [ [ [ -64.881956407047113, -10.612286935347139 ], [ -64.881956407047113, -10.612536934616191 ], [ -64.882206406525214, -10.612536934616191 ], [ -64.882206406525214, -10.612286935347139 ], [ -64.881956407047113, -10.612286935347139 ] ] ] } },
{ "type": "Feature", "properties": { "DN": 1 }, "geometry": { "type": "Polygon", "coordinates": [ [ [ -64.880706409656597, -10.612036936078088 ], [ -64.880706409656597, -10.612286935347139 ], [ -64.880956409134697, -10.612286935347139 ], [ -64.880956409134697, -10.612036936078088 ], [ -64.880706409656597, -10.612036936078088 ] ] ] } },
{ "type": "Feature", "properties": { "DN": 1 }, "geometry": { "type": "Polygon", "coordinates": [ [ [ -64.872956425835383, -10.612036936078088 ], [ -64.872706426357269, -10.612036936078088 ], [ -64.872706426357269, -10.612166630220583 ], [ -64.872956425835383, -10.612179124662161 ], [ -64.872956425835383, -10.612036936078088 ] ] ] } },
{ "type": "Feature", "properties": { "DN": 1 }, "geometry": { "type": "Polygon", "coordinates": [ [ [ -64.875206421138316, -10.612286935347139 ], [ -64.875206421138316, -10.612036936078088 ], [ -64.874706422182101, -10.612036936078088 ], [ -64.874706422182101, -10.612266585753195 ], [ -64.875113594270147, -10.612286935347139 ], [ -64.875206421138316, -10.612286935347139 ] ] ] } },
{ "type": "Feature", "properties": { "DN": 1 }, "geometry": { "type": "Polygon", "coordinates": [ [ [ -64.868956434185719, -10.611786936809038 ], [ -64.867956436273303, -10.611786936809038 ], [ -64.867956436273303, -10.611929170526164 ], [ -64.868956434185719, -10.61197917773778 ], [ -64.868956434185719, -10.611786936809038 ] ] ] } },
{ "type": "Feature", "properties": { "DN": 1 }, "geometry": { "type": "Polygon", "coordinates": [ [ [ -64.878956413309865, -10.611536937539988 ], [ -64.878956413309865, -10.611786936809038 ], [ -64.879706411744181, -10.611786936809038 ], [ -64.879706411744181, -10.611536937539988 ], [ -64.878956413309865, -10.611536937539988 ] ] ] } },
{ "type": "Feature", "properties": { "DN": 1 }, "geometry": { "type": "Polygon", "coordinates": [ [ [ -64.910706347029034, -10.613786930961444 ], [ -64.910706347029034, -10.614036930230496 ], [ -64.911206345985249, -10.614036930230496 ], [ -64.911206345985249, -10.613786930961444 ], [ -64.910706347029034, -10.613786930961444 ] ] ] } },
{ "type": "Feature", "properties": { "DN": 1 }, "geometry": { "type": "Polygon", "coordinates": [ [ [ -64.91645633502543, -10.613786930961444 ], [ -64.91645633502543, -10.614036930230496 ], [ -64.91670633450353, -10.614036930230496 ], [ -64.91670633450353, -10.613786930961444 ], [ -64.91645633502543, -10.613786930961444 ] ] ] } },
{ "type": "Feature", "properties": { "DN": 1 }, "geometry": { "type": "Polygon", "coordinates": [ [ [ -64.910456347550934, -10.613536931692394 ], [ -64.910456347550934, -10.613786930961444 ], [ -64.910706347029034, -10.613786930961444 ], [ -64.910706347029034, -10.613536931692394 ], [ -64.910456347550934, -10.613536931692394 ] ] ] } },
{ "type": "Feature", "properties": { "DN": 1 }, "geometry": { "type": "Polygon", "coordinates": [ [ [ -64.908456351726102, -10.613786930961444 ], [ -64.908706351204216, -10.613786930961444 ], [ -64.908706351204216, -10.613286932423343 ], [ -64.908456351726102, -10.613286932423343 ], [ -64.908456351726102, -10.613036933154293 ], [ -64.907206354335585, -10.613036933154293 ], [ -64.907206354335585, -10.613286932423343 ], [ -64.907956352769901, -10.613286932423343 ], [ -64.907956352769901, -10.613536931692394 ], [ -64.907206354335585, -10.613536931692394 ], [ -64.907206354335585, -10.613786930961444 ], [ -64.907456353813686, -10.613786930961444 ], [ -64.907456353813686, -10.613910797139503 ], [ -64.908456351726102, -10.613961142940456 ], [ -64.908456351726102, -10.613786930961444 ] ] ] } },
{ "type": "Feature", "properties": { "DN": 1 }, "geometry": { "type": "Polygon", "coordinates": [ [ [ -64.910206348072833, -10.614036930230496 ], [ -64.910206348072833, -10.613786930961444 ], [ -64.909706349116618, -10.613786930961444 ], [ -64.909706349116618, -10.613536931692394 ], [ -64.910456347550934, -10.613536931692394 ], [ -64.910456347550934, -10.613286932423343 ], [ -64.910206348072833, -10.613286932423343 ], [ -64.910206348072833, -10.613036933154293 ], [ -64.909206350160417, -10.613036933154293 ], [ -64.909206350160417, -10.613286932423343 ], [ -64.908956350682317, -10.613286932423343 ], [ -64.908956350682317, -10.613786930961444 ], [ -64.908706351204216, -10.613786930961444 ], [ -64.908706351204216, -10.613973729390693 ], [ -64.909961683459755, -10.614036930230496 ], [ -64.910206348072833, -10.614036930230496 ] ] ] } },
{ "type": "Feature", "properties": { "DN": 1 }, "geometry": { "type": "Polygon", "coordinates": [ [ [ -64.916206335547315, -10.612786933885241 ], [ -64.916206335547315, -10.613536931692394 ], [ -64.91645633502543, -10.613536931692394 ], [ -64.91645633502543, -10.612786933885241 ], [ -64.916206335547315, -10.612786933885241 ] ] ] } },
{ "type": "Feature", "properties": { "DN": 1 }, "geometry": { "type": "Polygon", "coordinates": [ [ [ -64.899456370514372, -10.612786933885241 ], [ -64.899456370514372, -10.613036933154293 ], [ -64.899206371036271, -10.613036933154293 ], [ -64.899206371036271, -10.613286932423343 ], [ -64.900206368948687, -10.613286932423343 ], [ -64.900206368948687, -10.613036933154293 ], [ -64.899706369992472, -10.613036933154293 ], [ -64.899706369992472, -10.612786933885241 ], [ -64.899456370514372, -10.612786933885241 ] ] ] } },
{ "type": "Feature", "properties": { "DN": 1 }, "geometry": { "type": "Polygon", "coordinates": [ [ [ -64.90245636425162, -10.613036933154293 ], [ -64.90245636425162, -10.612786933885241 ], [ -64.901456366339204, -10.612786933885241 ], [ -64.901456366339204, -10.612536934616191 ], [ -64.900706367904888, -10.612536934616191 ], [ -64.900706367904888, -10.613286932423343 ], [ -64.900956367382989, -10.613286932423343 ], [ -64.900956367382989, -10.613536931692394 ], [ -64.905706357466968, -10.613536931692394 ], [ -64.905706357466968, -10.613286932423343 ], [ -64.905956356945069, -10.613286932423343 ], [ -64.905956356945069, -10.613786930961444 ], [ -64.906956354857485, -10.613786930961444 ], [ -64.906956354857485, -10.613036933154293 ], [ -64.905206358510753, -10.613036933154293 ], [ -64.905206358510753, -10.612786933885241 ], [ -64.904706359554552, -10.612786933885241 ], [ -64.904706359554552, -10.613036933154293 ], [ -64.903706361642136, -10.613036933154293 ], [ -64.903706361642136, -10.612286935347139 ], [ -64.903456362164036, -10.612286935347139 ], [ -64.903456362164036, -10.612786933885241 ], [ -64.902956363207821, -10.612786933885241 ], [ -64.902956363207821, -10.613036933154293 ], [ -64.90245636425162, -10.613036933154293 ] ], [ [ -64.903456362164036, -10.613036933154293 ], [ -64.903456362164036, -10.613286932423343 ], [ -64.902956363207821, -10.613286932423343 ], [ -64.902956363207821, -10.613036933154293 ], [ -64.903456362164036, -10.613036933154293 ] ] ] } },
{ "type": "Feature", "properties": { "DN": 1 }, "geometry": { "type": "Polygon", "coordinates": [ [ [ -64.895456378864708, -10.612786933885241 ], [ -64.895456378864708, -10.613036933154293 ], [ -64.895706378342823, -10.613036933154293 ], [ -64.895706378342823, -10.612786933885241 ], [ -64.895456378864708, -10.612786933885241 ] ] ] } },
{ "type": "Feature", "properties": { "DN": 1 }, "geometry": { "type": "Polygon", "coordinates": [ [ [ -64.89770637416764, -10.612786933885241 ], [ -64.89770637416764, -10.613036933154293 ], [ -64.898206373123855, -10.613036933154293 ], [ -64.898206373123855, -10.612786933885241 ], [ -64.89770637416764, -10.612786933885241 ] ] ] } },
{ "type": "Feature", "properties": { "DN": 1 }, "geometry": { "type": "Polygon", "coordinates": [ [ [ -64.898456372601956, -10.612036936078088 ], [ -64.898456372601956, -10.612286935347139 ], [ -64.898206373123855, -10.612286935347139 ], [ -64.898206373123855, -10.612786933885241 ], [ -64.898956371558171, -10.612786933885241 ], [ -64.898956371558171, -10.612286935347139 ], [ -64.899206371036271, -10.612286935347139 ], [ -64.899206371036271, -10.612036936078088 ], [ -64.898456372601956, -10.612036936078088 ] ] ] } },
{ "type": "Feature", "properties": { "DN": 1 }, "geometry": { "type": "Polygon", "coordinates": [ [ [ -64.914456339200598, -10.610286941194733 ], [ -64.914456339200598, -10.610536940463783 ], [ -64.913956340244383, -10.610536940463783 ], [ -64.913956340244383, -10.611036939001885 ], [ -64.913706340766282, -10.611036939001885 ], [ -64.913706340766282, -10.612286935347139 ], [ -64.913956340244383, -10.612286935347139 ], [ -64.913956340244383, -10.613286932423343 ], [ -64.913706340766282, -10.613286932423343 ], [ -64.913706340766282, -10.613536931692394 ], [ -64.913456341288182, -10.613536931692394 ], [ -64.913456341288182, -10.613286932423343 ], [ -64.913206341810081, -10.613286932423343 ], [ -64.913206341810081, -10.613536931692394 ], [ -64.912956342331967, -10.613536931692394 ], [ -64.912956342331967, -10.613786930961444 ], [ -64.913206341810081, -10.613786930961444 ], [ -64.913206341810081, -10.614036930230496 ], [ -64.915706336591114, -10.614036930230496 ], [ -64.915706336591114, -10.614286929499546 ], [ -64.916206335547315, -10.614286929499546 ], [ -64.916206335547315, -10.613536931692394 ], [ -64.915956336069215, -10.613536931692394 ], [ -64.915956336069215, -10.612536934616191 ], [ -64.915706336591114, -10.612536934616191 ], [ -64.915706336591114, -10.612286935347139 ], [ -64.915956336069215, -10.612286935347139 ], [ -64.915956336069215, -10.611536937539988 ], [ -64.916206335547315, -10.611536937539988 ], [ -64.916206335547315, -10.611036939001885 ], [ -64.915956336069215, -10.611036939001885 ], [ -64.915956336069215, -10.610786939732835 ], [ -64.915706336591114, -10.610786939732835 ], [ -64.915706336591114, -10.610536940463783 ], [ -64.915456337113014, -10.610536940463783 ], [ -64.915456337113014, -10.610286941194733 ], [ -64.914456339200598, -10.610286941194733 ] ], [ [ -64.914956338156799, -10.612036936078088 ], [ -64.914456339200598, -10.612036936078088 ], [ -64.914456339200598, -10.611786936809038 ], [ -64.914706338678698, -10.611786936809038 ], [ -64.914706338678698, -10.611536937539988 ], [ -64.914956338156799, -10.611536937539988 ], [ -64.914956338156799, -10.612036936078088 ] ], [ [ -64.914956338156799, -10.613036933154293 ], [ -64.915206337634913, -10.613036933154293 ], [ -64.915206337634913, -10.613286932423343 ], [ -64.914706338678698, -10.613286932423343 ], [ -64.914706338678698, -10.612786933885241 ], [ -64.914956338156799, -10.612786933885241 ], [ -64.914956338156799, -10.613036933154293 ] ] ] } },
{ "type": "Feature", "properties": { "DN": 1 }, "geometry": { "type": "Polygon", "coordinates": [ [ [ -64.892456385127474, -10.611036939001885 ], [ -64.892456385127474, -10.611286938270936 ], [ -64.892206385649359, -10.611286938270936 ], [ -64.892206385649359, -10.611536937539988 ], [ -64.891456387215058, -10.611536937539988 ], [ -64.891456387215058, -10.611786936809038 ], [ -64.891206387736943, -10.611786936809038 ], [ -64.891206387736943, -10.612036936078088 ], [ -64.890956388258843, -10.612036936078088 ], [ -64.890956388258843, -10.612786933885241 ], [ -64.892456385127474, -10.612786933885241 ], [ -64.892456385127474, -10.612536934616191 ], [ -64.892706384605574, -10.612536934616191 ], [ -64.892706384605574, -10.611036939001885 ], [ -64.892456385127474, -10.611036939001885 ] ] ] } },
{ "type": "Feature", "properties": { "DN": 1 }, "geometry": { "type": "Polygon", "coordinates": [ [ [ -64.906456355901284, -10.611786936809038 ], [ -64.906456355901284, -10.612036936078088 ], [ -64.906706355379384, -10.612036936078088 ], [ -64.906706355379384, -10.611786936809038 ], [ -64.906456355901284, -10.611786936809038 ] ] ] } },
{ "type": "Feature", "properties": { "DN": 1 }, "geometry": { "type": "Polygon", "coordinates": [ [ [ -64.901456366339204, -10.611536937539988 ], [ -64.901456366339204, -10.611786936809038 ], [ -64.901706365817304, -10.611786936809038 ], [ -64.901706365817304, -10.611536937539988 ], [ -64.901456366339204, -10.611536937539988 ] ] ] } },
{ "type": "Feature", "properties": { "DN": 1 }, "geometry": { "type": "Polygon", "coordinates": [ [ [ -64.894456380952292, -10.611536937539988 ], [ -64.894456380952292, -10.611786936809038 ], [ -64.894706380430407, -10.611786936809038 ], [ -64.894706380430407, -10.611536937539988 ], [ -64.894456380952292, -10.611536937539988 ] ] ] } },
{ "type": "Feature", "properties": { "DN": 1 }, "geometry": { "type": "Polygon", "coordinates": [ [ [ -64.916206335547315, -10.611536937539988 ], [ -64.916206335547315, -10.611786936809038 ], [ -64.91645633502543, -10.611786936809038 ], [ -64.91645633502543, -10.611536937539988 ], [ -64.916206335547315, -10.611536937539988 ] ] ] } },
{ "type": "Feature", "properties": { "DN": 1 }, "geometry": { "type": "Polygon", "coordinates": [ [ [ -64.908206352248001, -10.610286941194733 ], [ -64.908206352248001, -10.610536940463783 ], [ -64.907956352769901, -10.610536940463783 ], [ -64.907956352769901, -10.610786939732835 ], [ -64.906956354857485, -10.610786939732835 ], [ -64.906956354857485, -10.611536937539988 ], [ -64.906706355379384, -10.611536937539988 ], [ -64.906706355379384, -10.611786936809038 ], [ -64.906956354857485, -10.611786936809038 ], [ -64.906956354857485, -10.612786933885241 ], [ -64.908206352248001, -10.612786933885241 ], [ -64.908206352248001, -10.611786936809038 ], [ -64.908456351726102, -10.611786936809038 ], [ -64.908456351726102, -10.612036936078088 ], [ -64.908706351204216, -10.612036936078088 ], [ -64.908706351204216, -10.612536934616191 ], [ -64.909206350160417, -10.612536934616191 ], [ -64.909206350160417, -10.612286935347139 ], [ -64.909456349638518, -10.612286935347139 ], [ -64.909456349638518, -10.612036936078088 ], [ -64.909706349116618, -10.612036936078088 ], [ -64.909706349116618, -10.611786936809038 ], [ -64.909956348594733, -10.611786936809038 ], [ -64.909956348594733, -10.611036939001885 ], [ -64.908456351726102, -10.611036939001885 ], [ -64.908456351726102, -10.610286941194733 ], [ -64.908206352248001, -10.610286941194733 ] ], [ [ -64.9077063532918, -10.611786936809038 ], [ -64.907206354335585, -10.611786936809038 ], [ -64.907206354335585, -10.611536937539988 ], [ -64.9077063532918, -10.611536937539988 ], [ -64.9077063532918, -10.611786936809038 ] ], [ [ -64.909206350160417, -10.612036936078088 ], [ -64.908956350682317, -10.612036936078088 ], [ -64.908956350682317, -10.611786936809038 ], [ -64.909206350160417, -10.611786936809038 ], [ -64.909206350160417, -10.612036936078088 ] ], [ [ -64.907956352769901, -10.612286935347139 ], [ -64.9077063532918, -10.612286935347139 ], [ -64.9077063532918, -10.612036936078088 ], [ -64.907956352769901, -10.612036936078088 ], [ -64.907956352769901, -10.612286935347139 ] ] ] } },
{ "type": "Feature", "properties": { "DN": 1 }, "geometry": { "type": "Polygon", "coordinates": [ [ [ -64.88845639347781, -10.611036939001885 ], [ -64.88845639347781, -10.611536937539988 ], [ -64.88870639295591, -10.611536937539988 ], [ -64.88870639295591, -10.611286938270936 ], [ -64.888956392434011, -10.611286938270936 ], [ -64.888956392434011, -10.611036939001885 ], [ -64.88845639347781, -10.611036939001885 ] ] ] } },
{ "type": "Feature", "properties": { "DN": 1 }, "geometry": { "type": "Polygon", "coordinates": [ [ [ -64.888956392434011, -10.612786933885241 ], [ -64.889206391912126, -10.612786933885241 ], [ -64.889206391912126, -10.612286935347139 ], [ -64.888956392434011, -10.612286935347139 ], [ -64.888956392434011, -10.612036936078088 ], [ -64.88845639347781, -10.612036936078088 ], [ -64.88845639347781, -10.612286935347139 ], [ -64.88820639399971, -10.612286935347139 ], [ -64.88820639399971, -10.611786936809038 ], [ -64.887706395043494, -10.611786936809038 ], [ -64.887706395043494, -10.612036936078088 ], [ -64.887206396087294, -10.612036936078088 ], [ -64.887206396087294, -10.611786936809038 ], [ -64.886706397131078, -10.611786936809038 ], [ -64.886706397131078, -10.611536937539988 ], [ -64.886206398174878, -10.611536937539988 ], [ -64.886206398174878, -10.611286938270936 ], [ -64.885456399740562, -10.611286938270936 ], [ -64.885456399740562, -10.610786939732835 ], [ -64.885206400262462, -10.610786939732835 ], [ -64.885206400262462, -10.610286941194733 ], [ -64.885456399740562, -10.610286941194733 ], [ -64.885456399740562, -10.610036941925681 ], [ -64.884456401828146, -10.610036941925681 ], [ -64.884456401828146, -10.60953694338758 ], [ -64.884206402350046, -10.60953694338758 ], [ -64.884206402350046, -10.609036944849478 ], [ -64.88345640391573, -10.609036944849478 ], [ -64.88345640391573, -10.610536940463783 ], [ -64.883706403393845, -10.610536940463783 ], [ -64.883706403393845, -10.612536934616191 ], [ -64.883956402871945, -10.612536934616191 ], [ -64.883956402871945, -10.612728740517992 ], [ -64.885121484326476, -10.612786933885241 ], [ -64.885206400262462, -10.612786933885241 ], [ -64.885206400262462, -10.612536934616191 ], [ -64.885456399740562, -10.612536934616191 ], [ -64.885456399740562, -10.612786933885241 ], [ -64.886956396609193, -10.612786933885241 ], [ -64.886956396609193, -10.612536934616191 ], [ -64.887206396087294, -10.612536934616191 ], [ -64.887206396087294, -10.612786933885241 ], [ -64.887956394521609, -10.612786933885241 ], [ -64.887956394521609, -10.612928531684657 ], [ -64.88820639399971, -10.612941018632574 ], [ -64.88820639399971, -10.612786933885241 ], [ -64.88870639295591, -10.612786933885241 ], [ -64.88870639295591, -10.612965992528407 ], [ -64.888748557332789, -10.612968098550315 ], [ -64.888956392434011, -10.612979434575466 ], [ -64.888956392434011, -10.612786933885241 ] ] ] } },
{ "type": "Feature", "properties": { "DN": 1 }, "geometry": { "type": "Polygon", "coordinates": [ [ [ -64.857956457149157, -10.611286938270936 ], [ -64.857706457671057, -10.611286938270936 ], [ -64.857706457671057, -10.611416498032616 ], [ -64.857956457149157, -10.611429007201119 ], [ -64.857956457149157, -10.611286938270936 ] ] ] } },
{ "type": "Feature", "properties": { "DN": 1 }, "geometry": { "type": "Polygon", "coordinates": [ [ [ -64.862206448276922, -10.611286938270936 ], [ -64.862206448276922, -10.611536937539988 ], [ -64.862456447755022, -10.611536937539988 ], [ -64.862456447755022, -10.611286938270936 ], [ -64.862206448276922, -10.611286938270936 ] ] ] } },
{ "type": "Feature", "properties": { "DN": 1 }, "geometry": { "type": "Polygon", "coordinates": [ [ [ -64.859706453495889, -10.611286938270936 ], [ -64.858206456627258, -10.611286938270936 ], [ -64.858206456627258, -10.611441516369622 ], [ -64.859706453495889, -10.611516571380641 ], [ -64.859706453495889, -10.611286938270936 ] ] ] } },
{ "type": "Feature", "properties": { "DN": 1 }, "geometry": { "type": "Polygon", "coordinates": [ [ [ -64.875956419572617, -10.611036939001885 ], [ -64.875956419572617, -10.611536937539988 ], [ -64.876456418528832, -10.611536937539988 ], [ -64.876456418528832, -10.611036939001885 ], [ -64.875956419572617, -10.611036939001885 ] ] ] } },
{ "type": "Feature", "properties": { "DN": 1 }, "geometry": { "type": "Polygon", "coordinates": [ [ [ -64.855456462368124, -10.611286938270936 ], [ -64.855456462368124, -10.611036939001885 ], [ -64.854706463933809, -10.611036939001885 ], [ -64.854706463933809, -10.611266388010581 ], [ -64.855117167040305, -10.611286938270936 ], [ -64.855456462368124, -10.611286938270936 ] ] ] } },
{ "type": "Feature", "properties": { "DN": 1 }, "geometry": { "type": "Polygon", "coordinates": [ [ [ -64.853956465499493, -10.611036939001885 ], [ -64.853706466021393, -10.611036939001885 ], [ -64.853706466021393, -10.611216351336568 ], [ -64.853956465499493, -10.61122886050507 ], [ -64.853956465499493, -10.611036939001885 ] ] ] } },
{ "type": "Feature", "properties": { "DN": 1 }, "geometry": { "type": "Polygon", "coordinates": [ [ [ -64.868456435229518, -10.610786939732835 ], [ -64.868456435229518, -10.611036939001885 ], [ -64.868206435751404, -10.611036939001885 ], [ -64.868206435751404, -10.611536937539988 ], [ -64.868956434185719, -10.611536937539988 ], [ -64.868956434185719, -10.610786939732835 ], [ -64.868456435229518, -10.610786939732835 ] ] ] } },
{ "type": "Feature", "properties": { "DN": 1 }, "geometry": { "type": "Polygon", "coordinates": [ [ [ -64.855956461324325, -10.611036939001885 ], [ -64.855956461324325, -10.611286938270936 ], [ -64.856206460802426, -10.611286938270936 ], [ -64.856206460802426, -10.611036939001885 ], [ -64.855956461324325, -10.611036939001885 ] ] ] } },
{ "type": "Feature", "properties": { "DN": 1 }, "geometry": { "type": "Polygon", "coordinates": [ [ [ -64.861706449320707, -10.610786939732835 ], [ -64.861706449320707, -10.611036939001885 ], [ -64.861956448798821, -10.611036939001885 ], [ -64.861956448798821, -10.610786939732835 ], [ -64.861706449320707, -10.610786939732835 ] ] ] } },
{ "type": "Feature", "properties": { "DN": 1 }, "geometry": { "type": "Polygon", "coordinates": [ [ [ -64.859956452973989, -10.610536940463783 ], [ -64.859956452973989, -10.610786939732835 ], [ -64.86020645245209, -10.610786939732835 ], [ -64.86020645245209, -10.610536940463783 ], [ -64.859956452973989, -10.610536940463783 ] ] ] } },
{ "type": "Feature", "properties": { "DN": 1 }, "geometry": { "type": "Polygon", "coordinates": [ [ [ -64.905206358510753, -10.610536940463783 ], [ -64.905206358510753, -10.611286938270936 ], [ -64.904956359032653, -10.611286938270936 ], [ -64.904956359032653, -10.611536937539988 ], [ -64.905956356945069, -10.611536937539988 ], [ -64.905956356945069, -10.611286938270936 ], [ -64.906206356423169, -10.611286938270936 ], [ -64.906206356423169, -10.611036939001885 ], [ -64.906456355901284, -10.611036939001885 ], [ -64.906456355901284, -10.610536940463783 ], [ -64.906206356423169, -10.610536940463783 ], [ -64.906206356423169, -10.610286941194733 ], [ -64.905456357988868, -10.610286941194733 ], [ -64.905456357988868, -10.610536940463783 ], [ -64.905206358510753, -10.610536940463783 ] ], [ [ -64.905706357466968, -10.610536940463783 ], [ -64.905706357466968, -10.611036939001885 ], [ -64.905456357988868, -10.611036939001885 ], [ -64.905456357988868, -10.610536940463783 ], [ -64.905706357466968, -10.610536940463783 ] ] ] } },
{ "type": "Feature", "properties": { "DN": 1 }, "geometry": { "type": "Polygon", "coordinates": [ [ [ -64.910706347029034, -10.610536940463783 ], [ -64.910706347029034, -10.610786939732835 ], [ -64.910456347550934, -10.610786939732835 ], [ -64.910456347550934, -10.611286938270936 ], [ -64.910706347029034, -10.611286938270936 ], [ -64.910706347029034, -10.611036939001885 ], [ -64.910956346507149, -10.611036939001885 ], [ -64.910956346507149, -10.610536940463783 ], [ -64.910706347029034, -10.610536940463783 ] ] ] } },
{ "type": "Feature", "properties": { "DN": 1 }, "geometry": { "type": "Polygon", "coordinates": [ [ [ -64.904706359554552, -10.610536940463783 ], [ -64.904706359554552, -10.610786939732835 ], [ -64.904956359032653, -10.610786939732835 ], [ -64.904956359032653, -10.610536940463783 ], [ -64.904706359554552, -10.610536940463783 ] ] ] } },
{ "type": "Feature", "properties": { "DN": 1 }, "geometry": { "type": "Polygon", "coordinates": [ [ [ -64.886456397652978, -10.610286941194733 ], [ -64.886456397652978, -10.610536940463783 ], [ -64.886706397131078, -10.610536940463783 ], [ -64.886706397131078, -10.610286941194733 ], [ -64.886456397652978, -10.610286941194733 ] ] ] } },
{ "type": "Feature", "properties": { "DN": 1 }, "geometry": { "type": "Polygon", "coordinates": [ [ [ -64.894706380430407, -10.610286941194733 ], [ -64.894706380430407, -10.610536940463783 ], [ -64.895456378864708, -10.610536940463783 ], [ -64.895456378864708, -10.610286941194733 ], [ -64.894706380430407, -10.610286941194733 ] ] ] } },
{ "type": "Feature", "properties": { "DN": 1 }, "geometry": { "type": "Polygon", "coordinates": [ [ [ -64.917206333459731, -10.609786942656632 ], [ -64.917206333459731, -10.610536940463783 ], [ -64.917706332415946, -10.610536940463783 ], [ -64.917706332415946, -10.609786942656632 ], [ -64.917206333459731, -10.609786942656632 ] ] ] } },
{ "type": "Feature", "properties": { "DN": 1 }, "geometry": { "type": "Polygon", "coordinates": [ [ [ -64.886206398174878, -10.609786942656632 ], [ -64.886206398174878, -10.610286941194733 ], [ -64.886456397652978, -10.610286941194733 ], [ -64.886456397652978, -10.609786942656632 ], [ -64.886206398174878, -10.609786942656632 ] ] ] } },
{ "type": "Feature", "properties": { "DN": 1 }, "geometry": { "type": "Polygon", "coordinates": [ [ [ -64.909206350160417, -10.60953694338758 ], [ -64.909206350160417, -10.609786942656632 ], [ -64.908956350682317, -10.609786942656632 ], [ -64.908956350682317, -10.60953694338758 ], [ -64.908706351204216, -10.60953694338758 ], [ -64.908706351204216, -10.610286941194733 ], [ -64.909456349638518, -10.610286941194733 ], [ -64.909456349638518, -10.60953694338758 ], [ -64.909206350160417, -10.60953694338758 ] ] ] } },
{ "type": "Feature", "properties": { "DN": 1 }, "geometry": { "type": "Polygon", "coordinates": [ [ [ -64.88845639347781, -10.608786945580428 ], [ -64.88845639347781, -10.60928694411853 ], [ -64.88870639295591, -10.60928694411853 ], [ -64.88870639295591, -10.609786942656632 ], [ -64.888956392434011, -10.609786942656632 ], [ -64.888956392434011, -10.60953694338758 ], [ -64.889706390868326, -10.60953694338758 ], [ -64.889706390868326, -10.60928694411853 ], [ -64.889956390346427, -10.60928694411853 ], [ -64.889956390346427, -10.609036944849478 ], [ -64.889706390868326, -10.609036944849478 ], [ -64.889706390868326, -10.608786945580428 ], [ -64.88845639347781, -10.608786945580428 ] ] ] } },
{ "type": "Feature", "properties": { "DN": 1 }, "geometry": { "type": "Polygon", "coordinates": [ [ [ -64.910956346507149, -10.608036947773275 ], [ -64.911206345985249, -10.608036947773275 ], [ -64.911206345985249, -10.60678695142802 ], [ -64.910456347550934, -10.60678695142802 ], [ -64.910456347550934, -10.607036950697072 ], [ -64.910206348072833, -10.607036950697072 ], [ -64.910206348072833, -10.607786948504224 ], [ -64.909706349116618, -10.607786948504224 ], [ -64.909706349116618, -10.608286947042327 ], [ -64.909456349638518, -10.608286947042327 ], [ -64.909456349638518, -10.608536946311377 ], [ -64.910206348072833, -10.608536946311377 ], [ -64.910206348072833, -10.609036944849478 ], [ -64.909706349116618, -10.609036944849478 ], [ -64.909706349116618, -10.610286941194733 ], [ -64.910206348072833, -10.610286941194733 ], [ -64.910206348072833, -10.60953694338758 ], [ -64.910456347550934, -10.60953694338758 ], [ -64.910456347550934, -10.609786942656632 ], [ -64.910706347029034, -10.609786942656632 ], [ -64.910706347029034, -10.60953694338758 ], [ -64.910956346507149, -10.60953694338758 ], [ -64.910956346507149, -10.60928694411853 ], [ -64.911206345985249, -10.60928694411853 ], [ -64.911206345985249, -10.608786945580428 ], [ -64.91145634546335, -10.608786945580428 ], [ -64.91145634546335, -10.609036944849478 ], [ -64.91170634494145, -10.609036944849478 ], [ -64.91170634494145, -10.608286947042327 ], [ -64.91145634546335, -10.608286947042327 ], [ -64.91145634546335, -10.608536946311377 ], [ -64.911206345985249, -10.608536946311377 ], [ -64.911206345985249, -10.608286947042327 ], [ -64.910956346507149, -10.608286947042327 ], [ -64.910956346507149, -10.608036947773275 ] ], [ [ -64.910206348072833, -10.608286947042327 ], [ -64.910456347550934, -10.608286947042327 ], [ -64.910456347550934, -10.608536946311377 ], [ -64.910206348072833, -10.608536946311377 ], [ -64.910206348072833, -10.608286947042327 ] ], [ [ -64.910956346507149, -10.608536946311377 ], [ -64.910706347029034, -10.608536946311377 ], [ -64.910706347029034, -10.608286947042327 ], [ -64.910956346507149, -10.608286947042327 ], [ -64.910956346507149, -10.608536946311377 ] ], [ [ -64.910706347029034, -10.60928694411853 ], [ -64.910456347550934, -10.60928694411853 ], [ -64.910456347550934, -10.609036944849478 ], [ -64.910706347029034, -10.609036944849478 ], [ -64.910706347029034, -10.60928694411853 ] ] ] } },
{ "type": "Feature", "properties": { "DN": 1 }, "geometry": { "type": "Polygon", "coordinates": [ [ [ -64.871456428966752, -10.608036947773275 ], [ -64.871456428966752, -10.608536946311377 ], [ -64.871706428444867, -10.608536946311377 ], [ -64.871706428444867, -10.608286947042327 ], [ -64.871956427922967, -10.608286947042327 ], [ -64.871956427922967, -10.608036947773275 ], [ -64.871456428966752, -10.608036947773275 ] ] ] } },
{ "type": "Feature", "properties": { "DN": 1 }, "geometry": { "type": "Polygon", "coordinates": [ [ [ -64.868956434185719, -10.607286949966122 ], [ -64.868956434185719, -10.607786948504224 ], [ -64.868706434707619, -10.607786948504224 ], [ -64.868706434707619, -10.607286949966122 ], [ -64.868456435229518, -10.607286949966122 ], [ -64.868456435229518, -10.608286947042327 ], [ -64.868956434185719, -10.608286947042327 ], [ -64.868956434185719, -10.608036947773275 ], [ -64.86920643366382, -10.608036947773275 ], [ -64.86920643366382, -10.607786948504224 ], [ -64.869706432620035, -10.607786948504224 ], [ -64.869706432620035, -10.607286949966122 ], [ -64.868956434185719, -10.607286949966122 ] ] ] } },
{ "type": "Feature", "properties": { "DN": 1 }, "geometry": { "type": "Polygon", "coordinates": [ [ [ -64.881706407569013, -10.607036950697072 ], [ -64.881706407569013, -10.607286949966122 ], [ -64.881956407047113, -10.607286949966122 ], [ -64.881956407047113, -10.607786948504224 ], [ -64.882206406525214, -10.607786948504224 ], [ -64.882206406525214, -10.607536949235174 ], [ -64.882456406003314, -10.607536949235174 ], [ -64.882456406003314, -10.607036950697072 ], [ -64.881706407569013, -10.607036950697072 ] ] ] } },
{ "type": "Feature", "properties": { "DN": 1 }, "geometry": { "type": "Polygon", "coordinates": [ [ [ -64.884956400784361, -10.607036950697072 ], [ -64.884956400784361, -10.607286949966122 ], [ -64.884706401306261, -10.607286949966122 ], [ -64.884706401306261, -10.607536949235174 ], [ -64.885206400262462, -10.607536949235174 ], [ -64.885206400262462, -10.607036950697072 ], [ -64.884956400784361, -10.607036950697072 ] ] ] } },
{ "type": "Feature", "properties": { "DN": 1 }, "geometry": { "type": "Polygon", "coordinates": [ [ [ -64.868456435229518, -10.605786954351817 ], [ -64.868456435229518, -10.606036953620869 ], [ -64.868206435751404, -10.606036953620869 ], [ -64.868206435751404, -10.606536952158971 ], [ -64.868456435229518, -10.606536952158971 ], [ -64.868456435229518, -10.60678695142802 ], [ -64.868956434185719, -10.60678695142802 ], [ -64.868956434185719, -10.606536952158971 ], [ -64.86920643366382, -10.606536952158971 ], [ -64.86920643366382, -10.606286952889919 ], [ -64.868956434185719, -10.606286952889919 ], [ -64.868956434185719, -10.605786954351817 ], [ -64.868456435229518, -10.605786954351817 ] ] ] } },
{ "type": "Feature", "properties": { "DN": 1 }, "geometry": { "type": "Polygon", "coordinates": [ [ [ -64.867206437838988, -10.605536955082767 ], [ -64.867206437838988, -10.605786954351817 ], [ -64.867456437317102, -10.605786954351817 ], [ -64.867456437317102, -10.605536955082767 ], [ -64.867206437838988, -10.605536955082767 ] ] ] } },
{ "type": "Feature", "properties": { "DN": 1 }, "geometry": { "type": "Polygon", "coordinates": [ [ [ -64.881456408090912, -10.605286955813716 ], [ -64.881456408090912, -10.605536955082767 ], [ -64.881706407569013, -10.605536955082767 ], [ -64.881706407569013, -10.605286955813716 ], [ -64.881456408090912, -10.605286955813716 ] ] ] } },
{ "type": "Feature", "properties": { "DN": 1 }, "geometry": { "type": "Polygon", "coordinates": [ [ [ -64.866956438360887, -10.605036956544666 ], [ -64.866956438360887, -10.605536955082767 ], [ -64.867206437838988, -10.605536955082767 ], [ -64.867206437838988, -10.605036956544666 ], [ -64.866956438360887, -10.605036956544666 ] ] ] } },
{ "type": "Feature", "properties": { "DN": 1 }, "geometry": { "type": "Polygon", "coordinates": [ [ [ -64.867706436795203, -10.604786957275614 ], [ -64.867706436795203, -10.605036956544666 ], [ -64.867956436273303, -10.605036956544666 ], [ -64.867956436273303, -10.604786957275614 ], [ -64.867706436795203, -10.604786957275614 ] ] ] } },
{ "type": "Feature", "properties": { "DN": 1 }, "geometry": { "type": "Polygon", "coordinates": [ [ [ -64.867956436273303, -10.604286958737513 ], [ -64.867956436273303, -10.604786957275614 ], [ -64.868206435751404, -10.604786957275614 ], [ -64.868206435751404, -10.605036956544666 ], [ -64.867956436273303, -10.605036956544666 ], [ -64.867956436273303, -10.605286955813716 ], [ -64.868206435751404, -10.605286955813716 ], [ -64.868206435751404, -10.605536955082767 ], [ -64.868706434707619, -10.605536955082767 ], [ -64.868706434707619, -10.605036956544666 ], [ -64.868456435229518, -10.605036956544666 ], [ -64.868456435229518, -10.604536958006564 ], [ -64.868206435751404, -10.604536958006564 ], [ -64.868206435751404, -10.604286958737513 ], [ -64.867956436273303, -10.604286958737513 ] ] ] } },
{ "type": "Feature", "properties": { "DN": 1 }, "geometry": { "type": "Polygon", "coordinates": [ [ [ -64.928456309974408, -10.614536928768597 ], [ -64.929206308408709, -10.614536928768597 ], [ -64.929206308408709, -10.613286932423343 ], [ -64.927956311018193, -10.613286932423343 ], [ -64.927956311018193, -10.613036933154293 ], [ -64.927706311540092, -10.613036933154293 ], [ -64.927706311540092, -10.612036936078088 ], [ -64.927456312061992, -10.612036936078088 ], [ -64.927456312061992, -10.611786936809038 ], [ -64.926956313105777, -10.611786936809038 ], [ -64.926956313105777, -10.611536937539988 ], [ -64.927206312583891, -10.611536937539988 ], [ -64.927206312583891, -10.610286941194733 ], [ -64.927456312061992, -10.610286941194733 ], [ -64.927456312061992, -10.610036941925681 ], [ -64.927206312583891, -10.610036941925681 ], [ -64.927206312583891, -10.609786942656632 ], [ -64.927456312061992, -10.609786942656632 ], [ -64.927456312061992, -10.608786945580428 ], [ -64.926956313105777, -10.608786945580428 ], [ -64.926956313105777, -10.608036947773275 ], [ -64.927206312583891, -10.608036947773275 ], [ -64.927206312583891, -10.607286949966122 ], [ -64.927706311540092, -10.607286949966122 ], [ -64.927706311540092, -10.607036950697072 ], [ -64.928206310496307, -10.607036950697072 ], [ -64.928206310496307, -10.606286952889919 ], [ -64.928956308930609, -10.606286952889919 ], [ -64.928956308930609, -10.606036953620869 ], [ -64.929206308408709, -10.606036953620869 ], [ -64.929206308408709, -10.606286952889919 ], [ -64.929706307364924, -10.606286952889919 ], [ -64.929706307364924, -10.606036953620869 ], [ -64.93045630579924, -10.606036953620869 ], [ -64.93045630579924, -10.605286955813716 ], [ -64.930206306321125, -10.605286955813716 ], [ -64.930206306321125, -10.604786957275614 ], [ -64.929956306843025, -10.604786957275614 ], [ -64.929956306843025, -10.604536958006564 ], [ -64.930206306321125, -10.604536958006564 ], [ -64.930206306321125, -10.604286958737513 ], [ -64.93045630579924, -10.604286958737513 ], [ -64.93045630579924, -10.604036959468463 ], [ -64.930206306321125, -10.604036959468463 ], [ -64.930206306321125, -10.603536960930359 ], [ -64.929706307364924, -10.603536960930359 ], [ -64.929706307364924, -10.603286961661309 ], [ -64.929456307886824, -10.603286961661309 ], [ -64.929456307886824, -10.603036962392258 ], [ -64.929706307364924, -10.603036962392258 ], [ -64.929706307364924, -10.602786963123208 ], [ -64.929206308408709, -10.602786963123208 ], [ -64.929206308408709, -10.603536960930359 ], [ -64.928956308930609, -10.603536960930359 ], [ -64.928956308930609, -10.603286961661309 ], [ -64.928456309974408, -10.603286961661309 ], [ -64.928456309974408, -10.603536960930359 ], [ -64.928206310496307, -10.603536960930359 ], [ -64.928206310496307, -10.603786960199411 ], [ -64.927956311018193, -10.603786960199411 ], [ -64.927956311018193, -10.603536960930359 ], [ -64.927206312583891, -10.603536960930359 ], [ -64.927206312583891, -10.603286961661309 ], [ -64.927456312061992, -10.603286961661309 ], [ -64.927456312061992, -10.603036962392258 ], [ -64.927706311540092, -10.603036962392258 ], [ -64.927706311540092, -10.602786963123208 ], [ -64.927456312061992, -10.602786963123208 ], [ -64.927456312061992, -10.602536963854156 ], [ -64.926456314149576, -10.602536963854156 ], [ -64.926456314149576, -10.602786963123208 ], [ -64.926206314671475, -10.602786963123208 ], [ -64.926206314671475, -10.603036962392258 ], [ -64.92545631623716, -10.603036962392258 ], [ -64.92545631623716, -10.603286961661309 ], [ -64.925206316759059, -10.603286961661309 ], [ -64.925206316759059, -10.603536960930359 ], [ -64.924706317802844, -10.603536960930359 ], [ -64.924706317802844, -10.604036959468463 ], [ -64.924206318846643, -10.604036959468463 ], [ -64.924206318846643, -10.604286958737513 ], [ -64.923956319368543, -10.604286958737513 ], [ -64.923956319368543, -10.604786957275614 ], [ -64.923706319890428, -10.604786957275614 ], [ -64.923706319890428, -10.605286955813716 ], [ -64.924206318846643, -10.605286955813716 ], [ -64.924206318846643, -10.604786957275614 ], [ -64.924456318324744, -10.604786957275614 ], [ -64.924456318324744, -10.605286955813716 ], [ -64.926706313627676, -10.605286955813716 ], [ -64.926706313627676, -10.605536955082767 ], [ -64.927206312583891, -10.605536955082767 ], [ -64.927206312583891, -10.605786954351817 ], [ -64.926956313105777, -10.605786954351817 ], [ -64.926956313105777, -10.606036953620869 ], [ -64.926706313627676, -10.606036953620869 ], [ -64.926706313627676, -10.606286952889919 ], [ -64.926456314149576, -10.606286952889919 ], [ -64.926456314149576, -10.60678695142802 ], [ -64.926206314671475, -10.60678695142802 ], [ -64.926206314671475, -10.607786948504224 ], [ -64.925956315193361, -10.607786948504224 ], [ -64.925956315193361, -10.608036947773275 ], [ -64.92570631571526, -10.608036947773275 ], [ -64.92570631571526, -10.608286947042327 ], [ -64.925956315193361, -10.608286947042327 ], [ -64.925956315193361, -10.608536946311377 ], [ -64.92570631571526, -10.608536946311377 ], [ -64.92570631571526, -10.608786945580428 ], [ -64.92545631623716, -10.608786945580428 ], [ -64.92545631623716, -10.609036944849478 ], [ -64.92570631571526, -10.609036944849478 ], [ -64.92570631571526, -10.60928694411853 ], [ -64.92545631623716, -10.60928694411853 ], [ -64.92545631623716, -10.60953694338758 ], [ -64.925206316759059, -10.60953694338758 ], [ -64.925206316759059, -10.609786942656632 ], [ -64.924956317280959, -10.609786942656632 ], [ -64.924956317280959, -10.610286941194733 ], [ -64.92545631623716, -10.610286941194733 ], [ -64.92545631623716, -10.609786942656632 ], [ -64.92570631571526, -10.609786942656632 ], [ -64.92570631571526, -10.610536940463783 ], [ -64.924956317280959, -10.610536940463783 ], [ -64.924956317280959, -10.610786939732835 ], [ -64.924706317802844, -10.610786939732835 ], [ -64.924706317802844, -10.611036939001885 ], [ -64.924206318846643, -10.611036939001885 ], [ -64.924206318846643, -10.610786939732835 ], [ -64.924456318324744, -10.610786939732835 ], [ -64.924456318324744, -10.610536940463783 ], [ -64.924206318846643, -10.610536940463783 ], [ -64.924206318846643, -10.610286941194733 ], [ -64.924706317802844, -10.610286941194733 ], [ -64.924706317802844, -10.60953694338758 ], [ -64.924456318324744, -10.60953694338758 ], [ -64.924456318324744, -10.609786942656632 ], [ -64.924206318846643, -10.609786942656632 ], [ -64.924206318846643, -10.60953694338758 ], [ -64.923956319368543, -10.60953694338758 ], [ -64.923956319368543, -10.609786942656632 ], [ -64.923706319890428, -10.609786942656632 ], [ -64.923706319890428, -10.610286941194733 ], [ -64.923956319368543, -10.610286941194733 ], [ -64.923956319368543, -10.610536940463783 ], [ -64.923456320412328, -10.610536940463783 ], [ -64.923456320412328, -10.611786936809038 ], [ -64.925206316759059, -10.611786936809038 ], [ -64.925206316759059, -10.612286935347139 ], [ -64.924456318324744, -10.612286935347139 ], [ -64.924456318324744, -10.612786933885241 ], [ -64.924206318846643, -10.612786933885241 ], [ -64.924206318846643, -10.614036930230496 ], [ -64.923956319368543, -10.614036930230496 ], [ -64.923956319368543, -10.614286929499546 ], [ -64.923206320934227, -10.614286929499546 ], [ -64.923206320934227, -10.613786930961444 ], [ -64.922956321456127, -10.613786930961444 ], [ -64.922956321456127, -10.613286932423343 ], [ -64.922206323021811, -10.613286932423343 ], [ -64.922206323021811, -10.613036933154293 ], [ -64.921956323543711, -10.613036933154293 ], [ -64.921956323543711, -10.612286935347139 ], [ -64.92170632406561, -10.612286935347139 ], [ -64.92170632406561, -10.612786933885241 ], [ -64.921456324587496, -10.612786933885241 ], [ -64.921456324587496, -10.613286932423343 ], [ -64.920706326153194, -10.613286932423343 ], [ -64.920706326153194, -10.612286935347139 ], [ -64.919206329284563, -10.612286935347139 ], [ -64.919206329284563, -10.612786933885241 ], [ -64.918456330850262, -10.612786933885241 ], [ -64.918456330850262, -10.612286935347139 ], [ -64.918206331372147, -10.612286935347139 ], [ -64.918206331372147, -10.613036933154293 ], [ -64.917956331894047, -10.613036933154293 ], [ -64.917956331894047, -10.614286929499546 ], [ -64.918456330850262, -10.614286929499546 ], [ -64.918456330850262, -10.614036930230496 ], [ -64.918706330328362, -10.614036930230496 ], [ -64.918706330328362, -10.614477114862334 ], [ -64.919895181499982, -10.614536928768597 ], [ -64.921956323543711, -10.614536928768597 ], [ -64.921956323543711, -10.614286929499546 ], [ -64.922206323021811, -10.614286929499546 ], [ -64.922206323021811, -10.614536928768597 ], [ -64.922456322499912, -10.614536928768597 ], [ -64.922456322499912, -10.614665785812571 ], [ -64.923956319368543, -10.614741254192666 ], [ -64.923956319368543, -10.614536928768597 ], [ -64.924206318846643, -10.614536928768597 ], [ -64.924206318846643, -10.614753832256014 ], [ -64.924456318324744, -10.614766410319364 ], [ -64.924456318324744, -10.614536928768597 ], [ -64.924706317802844, -10.614536928768597 ], [ -64.924706317802844, -10.614778988382712 ], [ -64.924864125053048, -10.614786928037647 ], [ -64.927456312061992, -10.614786928037647 ], [ -64.927456312061992, -10.614917347079553 ], [ -64.928192089145881, -10.614954365759921 ], [ -64.928456309974408, -10.614967650465138 ], [ -64.928456309974408, -10.614536928768597 ] ], [ [ -64.924206318846643, -10.611536937539988 ], [ -64.923956319368543, -10.611536937539988 ], [ -64.923956319368543, -10.611036939001885 ], [ -64.924206318846643, -10.611036939001885 ], [ -64.924206318846643, -10.611536937539988 ] ], [ [ -64.918706330328362, -10.613786930961444 ], [ -64.918956329806463, -10.613786930961444 ], [ -64.918956329806463, -10.614036930230496 ], [ -64.918706330328362, -10.614036930230496 ], [ -64.918706330328362, -10.613786930961444 ] ], [ [ -64.922206323021811, -10.614036930230496 ], [ -64.922956321456127, -10.614036930230496 ], [ -64.922956321456127, -10.614286929499546 ], [ -64.922206323021811, -10.614286929499546 ], [ -64.922206323021811, -10.614036930230496 ] ], [ [ -64.928956308930609, -10.604036959468463 ], [ -64.928706309452508, -10.604036959468463 ], [ -64.928706309452508, -10.603786960199411 ], [ -64.928956308930609, -10.603786960199411 ], [ -64.928956308930609, -10.604036959468463 ] ], [ [ -64.927706311540092, -10.604036959468463 ], [ -64.928206310496307, -10.604036959468463 ], [ -64.928206310496307, -10.604286958737513 ], [ -64.926956313105777, -10.604286958737513 ], [ -64.926956313105777, -10.604036959468463 ], [ -64.927206312583891, -10.604036959468463 ], [ -64.927206312583891, -10.603786960199411 ], [ -64.927706311540092, -10.603786960199411 ], [ -64.927706311540092, -10.604036959468463 ] ], [ [ -64.926206314671475, -10.604536958006564 ], [ -64.92545631623716, -10.604536958006564 ], [ -64.92545631623716, -10.604286958737513 ], [ -64.92570631571526, -10.604286958737513 ], [ -64.92570631571526, -10.604036959468463 ], [ -64.925956315193361, -10.604036959468463 ], [ -64.925956315193361, -10.603786960199411 ], [ -64.926206314671475, -10.603786960199411 ], [ -64.926206314671475, -10.604536958006564 ] ], [ [ -64.929206308408709, -10.604536958006564 ], [ -64.929206308408709, -10.604286958737513 ], [ -64.929456307886824, -10.604286958737513 ], [ -64.929456307886824, -10.604536958006564 ], [ -64.929206308408709, -10.604536958006564 ] ], [ [ -64.929706307364924, -10.604536958006564 ], [ -64.929706307364924, -10.604786957275614 ], [ -64.929456307886824, -10.604786957275614 ], [ -64.929456307886824, -10.604536958006564 ], [ -64.929706307364924, -10.604536958006564 ] ], [ [ -64.928706309452508, -10.604536958006564 ], [ -64.928456309974408, -10.604536958006564 ], [ -64.928456309974408, -10.604286958737513 ], [ -64.928706309452508, -10.604286958737513 ], [ -64.928706309452508, -10.604536958006564 ] ], [ [ -64.924706317802844, -10.604536958006564 ], [ -64.924456318324744, -10.604536958006564 ], [ -64.924456318324744, -10.604286958737513 ], [ -64.924706317802844, -10.604286958737513 ], [ -64.924706317802844, -10.604536958006564 ] ], [ [ -64.927956311018193, -10.604786957275614 ], [ -64.928206310496307, -10.604786957275614 ], [ -64.928206310496307, -10.605286955813716 ], [ -64.927706311540092, -10.605286955813716 ], [ -64.927706311540092, -10.605036956544666 ], [ -64.927456312061992, -10.605036956544666 ], [ -64.927456312061992, -10.604786957275614 ], [ -64.927706311540092, -10.604786957275614 ], [ -64.927706311540092, -10.604536958006564 ], [ -64.927956311018193, -10.604536958006564 ], [ -64.927956311018193, -10.604786957275614 ] ], [ [ -64.926206314671475, -10.610536940463783 ], [ -64.925956315193361, -10.610536940463783 ], [ -64.925956315193361, -10.610286941194733 ], [ -64.926206314671475, -10.610286941194733 ], [ -64.926206314671475, -10.610536940463783 ] ], [ [ -64.924706317802844, -10.611536937539988 ], [ -64.924456318324744, -10.611536937539988 ], [ -64.924456318324744, -10.611286938270936 ], [ -64.924706317802844, -10.611286938270936 ], [ -64.924706317802844, -10.611536937539988 ] ], [ [ -64.926456314149576, -10.613286932423343 ], [ -64.926956313105777, -10.613286932423343 ], [ -64.926956313105777, -10.614036930230496 ], [ -64.926456314149576, -10.614036930230496 ], [ -64.926456314149576, -10.614286929499546 ], [ -64.925956315193361, -10.614286929499546 ], [ -64.925956315193361, -10.614036930230496 ], [ -64.92545631623716, -10.614036930230496 ], [ -64.92545631623716, -10.613786930961444 ], [ -64.924956317280959, -10.613786930961444 ], [ -64.924956317280959, -10.613286932423343 ], [ -64.926206314671475, -10.613286932423343 ], [ -64.926206314671475, -10.612786933885241 ], [ -64.926456314149576, -10.612786933885241 ], [ -64.926456314149576, -10.613286932423343 ] ], [ [ -64.919956327718879, -10.613536931692394 ], [ -64.919706328240778, -10.613536931692394 ], [ -64.919706328240778, -10.613286932423343 ], [ -64.919956327718879, -10.613286932423343 ], [ -64.919956327718879, -10.613536931692394 ] ], [ [ -64.921456324587496, -10.614286929499546 ], [ -64.920956325631295, -10.614286929499546 ], [ -64.920956325631295, -10.614036930230496 ], [ -64.921206325109395, -10.614036930230496 ], [ -64.921206325109395, -10.613786930961444 ], [ -64.921456324587496, -10.613786930961444 ], [ -64.921456324587496, -10.614286929499546 ] ], [ [ -64.920706326153194, -10.614286929499546 ], [ -64.92045632667508, -10.614286929499546 ], [ -64.92045632667508, -10.614036930230496 ], [ -64.920706326153194, -10.614036930230496 ], [ -64.920706326153194, -10.614286929499546 ] ] ] } },
{ "type": "Feature", "properties": { "DN": 1 }, "geometry": { "type": "Polygon", "coordinates": [ [ [ -64.924206318846643, -10.606286952889919 ], [ -64.924206318846643, -10.606536952158971 ], [ -64.923956319368543, -10.606536952158971 ], [ -64.923956319368543, -10.606286952889919 ], [ -64.923206320934227, -10.606286952889919 ], [ -64.923206320934227, -10.607286949966122 ], [ -64.923706319890428, -10.607286949966122 ], [ -64.923706319890428, -10.607536949235174 ], [ -64.923956319368543, -10.607536949235174 ], [ -64.923956319368543, -10.607786948504224 ], [ -64.924206318846643, -10.607786948504224 ], [ -64.924206318846643, -10.608286947042327 ], [ -64.923956319368543, -10.608286947042327 ], [ -64.923956319368543, -10.608536946311377 ], [ -64.924206318846643, -10.608536946311377 ], [ -64.924206318846643, -10.608786945580428 ], [ -64.92545631623716, -10.608786945580428 ], [ -64.92545631623716, -10.608286947042327 ], [ -64.924706317802844, -10.608286947042327 ], [ -64.924706317802844, -10.607286949966122 ], [ -64.92545631623716, -10.607286949966122 ], [ -64.92545631623716, -10.607036950697072 ], [ -64.925206316759059, -10.607036950697072 ], [ -64.925206316759059, -10.606536952158971 ], [ -64.924706317802844, -10.606536952158971 ], [ -64.924706317802844, -10.606286952889919 ], [ -64.924206318846643, -10.606286952889919 ] ], [ [ -64.924456318324744, -10.60678695142802 ], [ -64.924706317802844, -10.60678695142802 ], [ -64.924706317802844, -10.607036950697072 ], [ -64.924456318324744, -10.607036950697072 ], [ -64.924456318324744, -10.60678695142802 ] ], [ [ -64.924456318324744, -10.607286949966122 ], [ -64.924206318846643, -10.607286949966122 ], [ -64.924206318846643, -10.607036950697072 ], [ -64.924456318324744, -10.607036950697072 ], [ -64.924456318324744, -10.607286949966122 ] ] ] } },
{ "type": "Feature", "properties": { "DN": 1 }, "geometry": { "type": "Polygon", "coordinates": [ [ [ -64.919456328762664, -10.606036953620869 ], [ -64.919456328762664, -10.607036950697072 ], [ -64.919706328240778, -10.607036950697072 ], [ -64.919706328240778, -10.607286949966122 ], [ -64.919456328762664, -10.607286949966122 ], [ -64.919456328762664, -10.607786948504224 ], [ -64.920706326153194, -10.607786948504224 ], [ -64.920706326153194, -10.607036950697072 ], [ -64.92045632667508, -10.607036950697072 ], [ -64.92045632667508, -10.606286952889919 ], [ -64.920206327196979, -10.606286952889919 ], [ -64.920206327196979, -10.606036953620869 ], [ -64.919456328762664, -10.606036953620869 ] ], [ [ -64.920206327196979, -10.60678695142802 ], [ -64.919706328240778, -10.60678695142802 ], [ -64.919706328240778, -10.606536952158971 ], [ -64.920206327196979, -10.606536952158971 ], [ -64.920206327196979, -10.60678695142802 ] ] ] } },
{ "type": "Feature", "properties": { "DN": 1 }, "geometry": { "type": "Polygon", "coordinates": [ [ [ -64.92570631571526, -10.606036953620869 ], [ -64.92570631571526, -10.606286952889919 ], [ -64.92545631623716, -10.606286952889919 ], [ -64.92545631623716, -10.607036950697072 ], [ -64.92570631571526, -10.607036950697072 ], [ -64.92570631571526, -10.606536952158971 ], [ -64.925956315193361, -10.606536952158971 ], [ -64.925956315193361, -10.606036953620869 ], [ -64.92570631571526, -10.606036953620869 ] ] ] } },
{ "type": "Feature", "properties": { "DN": 1 }, "geometry": { "type": "Polygon", "coordinates": [ [ [ -64.925956315193361, -10.605536955082767 ], [ -64.925956315193361, -10.606036953620869 ], [ -64.926206314671475, -10.606036953620869 ], [ -64.926206314671475, -10.606286952889919 ], [ -64.926456314149576, -10.606286952889919 ], [ -64.926456314149576, -10.605786954351817 ], [ -64.926206314671475, -10.605786954351817 ], [ -64.926206314671475, -10.605536955082767 ], [ -64.925956315193361, -10.605536955082767 ] ] ] } },
{ "type": "Feature", "properties": { "DN": 1 }, "geometry": { "type": "Polygon", "coordinates": [ [ [ -64.924206318846643, -10.605286955813716 ], [ -64.924206318846643, -10.605536955082767 ], [ -64.923956319368543, -10.605536955082767 ], [ -64.923956319368543, -10.606036953620869 ], [ -64.925206316759059, -10.606036953620869 ], [ -64.925206316759059, -10.605536955082767 ], [ -64.924456318324744, -10.605536955082767 ], [ -64.924456318324744, -10.605286955813716 ], [ -64.924206318846643, -10.605286955813716 ] ] ] } },
{ "type": "Feature", "properties": { "DN": 1 }, "geometry": { "type": "Polygon", "coordinates": [ [ [ -64.927956311018193, -10.603286961661309 ], [ -64.927956311018193, -10.603536960930359 ], [ -64.928206310496307, -10.603536960930359 ], [ -64.928206310496307, -10.603286961661309 ], [ -64.927956311018193, -10.603286961661309 ] ] ] } },
{ "type": "Feature", "properties": { "DN": 1 }, "geometry": { "type": "Polygon", "coordinates": [ [ [ -64.931206304233541, -10.599536972625547 ], [ -64.931206304233541, -10.599786971894599 ], [ -64.930956304755441, -10.599786971894599 ], [ -64.930956304755441, -10.600786968970802 ], [ -64.931706303189756, -10.600786968970802 ], [ -64.931706303189756, -10.600286970432698 ], [ -64.931456303711656, -10.600286970432698 ], [ -64.931456303711656, -10.599536972625547 ], [ -64.931206304233541, -10.599536972625547 ] ] ] } },
{ "type": "Feature", "properties": { "DN": 1 }, "geometry": { "type": "Polygon", "coordinates": [ [ [ -64.936456293273721, -10.600286970432698 ], [ -64.936456293273721, -10.600036971163648 ], [ -64.936706292751822, -10.600036971163648 ], [ -64.936706292751822, -10.599786971894599 ], [ -64.936956292229937, -10.599786971894599 ], [ -64.936956292229937, -10.599536972625547 ], [ -64.937206291708037, -10.599536972625547 ], [ -64.937206291708037, -10.599786971894599 ], [ -64.937456291186137, -10.599786971894599 ], [ -64.937456291186137, -10.599536972625547 ], [ -64.938456289098553, -10.599536972625547 ], [ -64.938456289098553, -10.599286973356495 ], [ -64.938956288054754, -10.599286973356495 ], [ -64.938956288054754, -10.599036974087445 ], [ -64.939206287532869, -10.599036974087445 ], [ -64.939206287532869, -10.598786974818394 ], [ -64.93945628701097, -10.598786974818394 ], [ -64.93945628701097, -10.598536975549344 ], [ -64.93970628648907, -10.598536975549344 ], [ -64.93970628648907, -10.598286976280292 ], [ -64.93995628596717, -10.598286976280292 ], [ -64.93995628596717, -10.598786974818394 ], [ -64.940456284923386, -10.598786974818394 ], [ -64.940456284923386, -10.599036974087445 ], [ -64.941956281792002, -10.599036974087445 ], [ -64.941956281792002, -10.599286973356495 ], [ -64.942206281270103, -10.599286973356495 ], [ -64.942206281270103, -10.599536972625547 ], [ -64.942706280226318, -10.599536972625547 ], [ -64.942706280226318, -10.599786971894599 ], [ -64.943456278660634, -10.599786971894599 ], [ -64.943456278660634, -10.599536972625547 ], [ -64.943706278138734, -10.599536972625547 ], [ -64.943706278138734, -10.600286970432698 ], [ -64.944206277094935, -10.600286970432698 ], [ -64.944206277094935, -10.599786971894599 ], [ -64.944456276573035, -10.599786971894599 ], [ -64.944456276573035, -10.600786968970802 ], [ -64.94495627552925, -10.600786968970802 ], [ -64.94495627552925, -10.601036968239852 ], [ -64.945206275007351, -10.601036968239852 ], [ -64.945206275007351, -10.601286967508903 ], [ -64.945456274485451, -10.601286967508903 ], [ -64.945456274485451, -10.601536966777953 ], [ -64.945706273963566, -10.601536966777953 ], [ -64.945706273963566, -10.601786966047005 ], [ -64.946456272397867, -10.601786966047005 ], [ -64.946456272397867, -10.602286964585106 ], [ -64.946956271354082, -10.602286964585106 ], [ -64.946956271354082, -10.602536963854156 ], [ -64.947706269788384, -10.602536963854156 ], [ -64.947706269788384, -10.602786963123208 ], [ -64.948456268222699, -10.602786963123208 ], [ -64.948456268222699, -10.603036962392258 ], [ -64.94995626509133, -10.603036962392258 ], [ -64.94995626509133, -10.602786963123208 ], [ -64.950206264569431, -10.602786963123208 ], [ -64.950206264569431, -10.602286964585106 ], [ -64.950456264047531, -10.602286964585106 ], [ -64.950456264047531, -10.602036965316055 ], [ -64.950206264569431, -10.602036965316055 ], [ -64.950206264569431, -10.601786966047005 ], [ -64.949706265613216, -10.601786966047005 ], [ -64.949706265613216, -10.601536966777953 ], [ -64.9487062677008, -10.601536966777953 ], [ -64.9487062677008, -10.601286967508903 ], [ -64.947956269266498, -10.601286967508903 ], [ -64.947956269266498, -10.601036968239852 ], [ -64.947456270310283, -10.601036968239852 ], [ -64.947456270310283, -10.600786968970802 ], [ -64.946956271354082, -10.600786968970802 ], [ -64.946956271354082, -10.60053696970175 ], [ -64.946456272397867, -10.60053696970175 ], [ -64.946456272397867, -10.600286970432698 ], [ -64.945706273963566, -10.600286970432698 ], [ -64.945706273963566, -10.599786971894599 ], [ -64.945206275007351, -10.599786971894599 ], [ -64.945206275007351, -10.599536972625547 ], [ -64.943956277616834, -10.599536972625547 ], [ -64.943956277616834, -10.599286973356495 ], [ -64.943706278138734, -10.599286973356495 ], [ -64.943706278138734, -10.599036974087445 ], [ -64.943456278660634, -10.599036974087445 ], [ -64.943456278660634, -10.598786974818394 ], [ -64.942706280226318, -10.598786974818394 ], [ -64.942706280226318, -10.598536975549344 ], [ -64.942206281270103, -10.598536975549344 ], [ -64.942206281270103, -10.598286976280292 ], [ -64.941706282313902, -10.598286976280292 ], [ -64.941706282313902, -10.598036977011242 ], [ -64.941456282835802, -10.598036977011242 ], [ -64.941456282835802, -10.596786980665987 ], [ -64.941206283357687, -10.596786980665987 ], [ -64.941206283357687, -10.596536981396937 ], [ -64.940206285445285, -10.596536981396937 ], [ -64.940206285445285, -10.596286982127886 ], [ -64.93970628648907, -10.596286982127886 ], [ -64.93970628648907, -10.595786983589784 ], [ -64.93945628701097, -10.595786983589784 ], [ -64.93945628701097, -10.595536984320733 ], [ -64.938956288054754, -10.595536984320733 ], [ -64.938956288054754, -10.594786986513581 ], [ -64.939206287532869, -10.594786986513581 ], [ -64.939206287532869, -10.594036988706428 ], [ -64.938956288054754, -10.594036988706428 ], [ -64.938956288054754, -10.593786989437378 ], [ -64.938706288576654, -10.593786989437378 ], [ -64.938706288576654, -10.593536990168326 ], [ -64.938206289620453, -10.593536990168326 ], [ -64.938206289620453, -10.593286990899276 ], [ -64.936956292229937, -10.593286990899276 ], [ -64.936956292229937, -10.593036991630225 ], [ -64.936456293273721, -10.593036991630225 ], [ -64.936456293273721, -10.593286990899276 ], [ -64.935456295361305, -10.593286990899276 ], [ -64.935456295361305, -10.593036991630225 ], [ -64.934956296405105, -10.593036991630225 ], [ -64.934956296405105, -10.593286990899276 ], [ -64.934706296927004, -10.593286990899276 ], [ -64.934706296927004, -10.593786989437378 ], [ -64.934456297448889, -10.593786989437378 ], [ -64.934456297448889, -10.594536987244529 ], [ -64.932956300580273, -10.594536987244529 ], [ -64.932956300580273, -10.594786986513581 ], [ -64.932706301102172, -10.594786986513581 ], [ -64.932706301102172, -10.595286985051683 ], [ -64.932956300580273, -10.595286985051683 ], [ -64.932956300580273, -10.595536984320733 ], [ -64.933206300058373, -10.595536984320733 ], [ -64.933206300058373, -10.595786983589784 ], [ -64.932956300580273, -10.595786983589784 ], [ -64.932956300580273, -10.597036979935039 ], [ -64.932206302145957, -10.597036979935039 ], [ -64.932206302145957, -10.59778697774219 ], [ -64.932706301102172, -10.59778697774219 ], [ -64.932706301102172, -10.598036977011242 ], [ -64.932206302145957, -10.598036977011242 ], [ -64.932206302145957, -10.598786974818394 ], [ -64.931956302667857, -10.598786974818394 ], [ -64.931956302667857, -10.599286973356495 ], [ -64.931456303711656, -10.599286973356495 ], [ -64.931456303711656, -10.599536972625547 ], [ -64.931706303189756, -10.599536972625547 ], [ -64.931706303189756, -10.599786971894599 ], [ -64.931956302667857, -10.599786971894599 ], [ -64.931956302667857, -10.600036971163648 ], [ -64.932206302145957, -10.600036971163648 ], [ -64.932206302145957, -10.600786968970802 ], [ -64.931956302667857, -10.600786968970802 ], [ -64.931956302667857, -10.601036968239852 ], [ -64.931456303711656, -10.601036968239852 ], [ -64.931456303711656, -10.601286967508903 ], [ -64.931206304233541, -10.601286967508903 ], [ -64.931206304233541, -10.601036968239852 ], [ -64.930956304755441, -10.601036968239852 ], [ -64.930956304755441, -10.600786968970802 ], [ -64.93070630527734, -10.600786968970802 ], [ -64.93070630527734, -10.601286967508903 ], [ -64.93045630579924, -10.601286967508903 ], [ -64.93045630579924, -10.601536966777953 ], [ -64.930206306321125, -10.601536966777953 ], [ -64.930206306321125, -10.602036965316055 ], [ -64.93045630579924, -10.602036965316055 ], [ -64.93045630579924, -10.602286964585106 ], [ -64.930206306321125, -10.602286964585106 ], [ -64.930206306321125, -10.602786963123208 ], [ -64.93045630579924, -10.602786963123208 ], [ -64.93045630579924, -10.603786960199411 ], [ -64.93070630527734, -10.603786960199411 ], [ -64.93070630527734, -10.604536958006564 ], [ -64.930956304755441, -10.604536958006564 ], [ -64.930956304755441, -10.604786957275614 ], [ -64.931206304233541, -10.604786957275614 ], [ -64.931206304233541, -10.605286955813716 ], [ -64.931456303711656, -10.605286955813716 ], [ -64.931456303711656, -10.605786954351817 ], [ -64.931706303189756, -10.605786954351817 ], [ -64.931706303189756, -10.606286952889919 ], [ -64.931956302667857, -10.606286952889919 ], [ -64.931956302667857, -10.606536952158971 ], [ -64.932456301624057, -10.606536952158971 ], [ -64.932456301624057, -10.60678695142802 ], [ -64.932956300580273, -10.60678695142802 ], [ -64.932956300580273, -10.606536952158971 ], [ -64.933456299536473, -10.606536952158971 ], [ -64.933456299536473, -10.605786954351817 ], [ -64.933206300058373, -10.605786954351817 ], [ -64.933206300058373, -10.605536955082767 ], [ -64.932956300580273, -10.605536955082767 ], [ -64.932956300580273, -10.605036956544666 ], [ -64.932706301102172, -10.605036956544666 ], [ -64.932706301102172, -10.604786957275614 ], [ -64.932456301624057, -10.604786957275614 ], [ -64.932456301624057, -10.604536958006564 ], [ -64.931206304233541, -10.604536958006564 ], [ -64.931206304233541, -10.604286958737513 ], [ -64.931456303711656, -10.604286958737513 ], [ -64.931456303711656, -10.603786960199411 ], [ -64.931706303189756, -10.603786960199411 ], [ -64.931706303189756, -10.603286961661309 ], [ -64.931456303711656, -10.603286961661309 ], [ -64.931456303711656, -10.603036962392258 ], [ -64.931956302667857, -10.603036962392258 ], [ -64.931956302667857, -10.602786963123208 ], [ -64.932206302145957, -10.602786963123208 ], [ -64.932206302145957, -10.602536963854156 ], [ -64.932456301624057, -10.602536963854156 ], [ -64.932456301624057, -10.602286964585106 ], [ -64.932706301102172, -10.602286964585106 ], [ -64.932706301102172, -10.602036965316055 ], [ -64.932956300580273, -10.602036965316055 ], [ -64.932956300580273, -10.601786966047005 ], [ -64.933206300058373, -10.601786966047005 ], [ -64.933206300058373, -10.601536966777953 ], [ -64.933456299536473, -10.601536966777953 ], [ -64.933456299536473, -10.602786963123208 ], [ -64.933706299014588, -10.602786963123208 ], [ -64.933706299014588, -10.603036962392258 ], [ -64.934206297970789, -10.603036962392258 ], [ -64.934206297970789, -10.602786963123208 ], [ -64.934456297448889, -10.602786963123208 ], [ -64.934456297448889, -10.603286961661309 ], [ -64.935456295361305, -10.603286961661309 ], [ -64.935456295361305, -10.602286964585106 ], [ -64.935206295883205, -10.602286964585106 ], [ -64.935206295883205, -10.602036965316055 ], [ -64.934956296405105, -10.602036965316055 ], [ -64.934956296405105, -10.601786966047005 ], [ -64.935456295361305, -10.601786966047005 ], [ -64.935456295361305, -10.601536966777953 ], [ -64.935706294839406, -10.601536966777953 ], [ -64.935706294839406, -10.601036968239852 ], [ -64.935956294317521, -10.601036968239852 ], [ -64.935956294317521, -10.60053696970175 ], [ -64.936206293795621, -10.60053696970175 ], [ -64.936206293795621, -10.600286970432698 ], [ -64.936456293273721, -10.600286970432698 ] ], [ [ -64.933456299536473, -10.595786983589784 ], [ -64.933456299536473, -10.596036982858834 ], [ -64.933206300058373, -10.596036982858834 ], [ -64.933206300058373, -10.595786983589784 ], [ -64.933456299536473, -10.595786983589784 ] ], [ [ -64.933706299014588, -10.602286964585106 ], [ -64.933956298492689, -10.602286964585106 ], [ -64.933956298492689, -10.602786963123208 ], [ -64.933706299014588, -10.602786963123208 ], [ -64.933706299014588, -10.602286964585106 ] ], [ [ -64.935706294839406, -10.600286970432698 ], [ -64.935706294839406, -10.599786971894599 ], [ -64.935956294317521, -10.599786971894599 ], [ -64.935956294317521, -10.599536972625547 ], [ -64.936206293795621, -10.599536972625547 ], [ -64.936206293795621, -10.600286970432698 ], [ -64.935706294839406, -10.600286970432698 ] ], [ [ -64.936956292229937, -10.59428698797548 ], [ -64.936706292751822, -10.59428698797548 ], [ -64.936706292751822, -10.594786986513581 ], [ -64.936456293273721, -10.594786986513581 ], [ -64.936456293273721, -10.594036988706428 ], [ -64.936956292229937, -10.594036988706428 ], [ -64.936956292229937, -10.59428698797548 ] ], [ [ -64.937206291708037, -10.594786986513581 ], [ -64.936956292229937, -10.594786986513581 ], [ -64.936956292229937, -10.594536987244529 ], [ -64.937206291708037, -10.594536987244529 ], [ -64.937206291708037, -10.594786986513581 ] ], [ [ -64.935706294839406, -10.594536987244529 ], [ -64.935956294317521, -10.594536987244529 ], [ -64.935956294317521, -10.594786986513581 ], [ -64.935706294839406, -10.594786986513581 ], [ -64.935706294839406, -10.594536987244529 ] ], [ [ -64.935706294839406, -10.595286985051683 ], [ -64.935456295361305, -10.595286985051683 ], [ -64.935456295361305, -10.596286982127886 ], [ -64.935206295883205, -10.596286982127886 ], [ -64.935206295883205, -10.596036982858834 ], [ -64.934956296405105, -10.596036982858834 ], [ -64.934956296405105, -10.596286982127886 ], [ -64.934706296927004, -10.596286982127886 ], [ -64.934706296927004, -10.595786983589784 ], [ -64.934206297970789, -10.595786983589784 ], [ -64.934206297970789, -10.595536984320733 ], [ -64.934456297448889, -10.595536984320733 ], [ -64.934456297448889, -10.595286985051683 ], [ -64.934706296927004, -10.595286985051683 ], [ -64.934706296927004, -10.595536984320733 ], [ -64.934956296405105, -10.595536984320733 ], [ -64.934956296405105, -10.595286985051683 ], [ -64.935206295883205, -10.595286985051683 ], [ -64.935206295883205, -10.595036985782631 ], [ -64.935456295361305, -10.595036985782631 ], [ -64.935456295361305, -10.594786986513581 ], [ -64.935706294839406, -10.594786986513581 ], [ -64.935706294839406, -10.595286985051683 ] ], [ [ -64.935956294317521, -10.595286985051683 ], [ -64.935956294317521, -10.595536984320733 ], [ -64.935706294839406, -10.595536984320733 ], [ -64.935706294839406, -10.595286985051683 ], [ -64.935956294317521, -10.595286985051683 ] ], [ [ -64.935206295883205, -10.594786986513581 ], [ -64.935206295883205, -10.594536987244529 ], [ -64.935456295361305, -10.594536987244529 ], [ -64.935456295361305, -10.594786986513581 ], [ -64.935206295883205, -10.594786986513581 ] ], [ [ -64.938206289620453, -10.595286985051683 ], [ -64.937956290142338, -10.595286985051683 ], [ -64.937956290142338, -10.595036985782631 ], [ -64.938206289620453, -10.595036985782631 ], [ -64.938206289620453, -10.595286985051683 ] ], [ [ -64.938206289620453, -10.595786983589784 ], [ -64.937956290142338, -10.595786983589784 ], [ -64.937956290142338, -10.595536984320733 ], [ -64.938206289620453, -10.595536984320733 ], [ -64.938206289620453, -10.595786983589784 ] ], [ [ -64.936706292751822, -10.595786983589784 ], [ -64.936706292751822, -10.595536984320733 ], [ -64.936956292229937, -10.595536984320733 ], [ -64.936956292229937, -10.595786983589784 ], [ -64.936706292751822, -10.595786983589784 ] ], [ [ -64.937706290664238, -10.595786983589784 ], [ -64.937706290664238, -10.596036982858834 ], [ -64.938706288576654, -10.596036982858834 ], [ -64.938706288576654, -10.596286982127886 ], [ -64.938956288054754, -10.596286982127886 ], [ -64.938956288054754, -10.596536981396937 ], [ -64.937956290142338, -10.596536981396937 ], [ -64.937956290142338, -10.596786980665987 ], [ -64.938456289098553, -10.596786980665987 ], [ -64.938456289098553, -10.597286979204089 ], [ -64.938956288054754, -10.597286979204089 ], [ -64.938956288054754, -10.59778697774219 ], [ -64.939206287532869, -10.59778697774219 ], [ -64.939206287532869, -10.598036977011242 ], [ -64.938706288576654, -10.598036977011242 ], [ -64.938706288576654, -10.59778697774219 ], [ -64.937206291708037, -10.59778697774219 ], [ -64.937206291708037, -10.598036977011242 ], [ -64.936956292229937, -10.598036977011242 ], [ -64.936956292229937, -10.598286976280292 ], [ -64.936456293273721, -10.598286976280292 ], [ -64.936456293273721, -10.597286979204089 ], [ -64.936206293795621, -10.597286979204089 ], [ -64.936206293795621, -10.597036979935039 ], [ -64.936456293273721, -10.597036979935039 ], [ -64.936456293273721, -10.596786980665987 ], [ -64.936706292751822, -10.596786980665987 ], [ -64.936706292751822, -10.596036982858834 ], [ -64.936956292229937, -10.596036982858834 ], [ -64.936956292229937, -10.595786983589784 ], [ -64.937706290664238, -10.595786983589784 ] ], [ [ -64.936206293795621, -10.597536978473141 ], [ -64.935956294317521, -10.597536978473141 ], [ -64.935956294317521, -10.597286979204089 ], [ -64.936206293795621, -10.597286979204089 ], [ -64.936206293795621, -10.597536978473141 ] ], [ [ -64.935956294317521, -10.596036982858834 ], [ -64.935706294839406, -10.596036982858834 ], [ -64.935706294839406, -10.595786983589784 ], [ -64.935956294317521, -10.595786983589784 ], [ -64.935956294317521, -10.596036982858834 ] ], [ [ -64.933956298492689, -10.596786980665987 ], [ -64.933706299014588, -10.596786980665987 ], [ -64.933706299014588, -10.597036979935039 ], [ -64.933206300058373, -10.597036979935039 ], [ -64.933206300058373, -10.596786980665987 ], [ -64.933456299536473, -10.596786980665987 ], [ -64.933456299536473, -10.596536981396937 ], [ -64.933956298492689, -10.596536981396937 ], [ -64.933956298492689, -10.596786980665987 ] ], [ [ -64.93970628648907, -10.597286979204089 ], [ -64.940206285445285, -10.597286979204089 ], [ -64.940206285445285, -10.597036979935039 ], [ -64.940456284923386, -10.597036979935039 ], [ -64.940456284923386, -10.59778697774219 ], [ -64.940706284401486, -10.59778697774219 ], [ -64.940706284401486, -10.598286976280292 ], [ -64.940456284923386, -10.598286976280292 ], [ -64.940456284923386, -10.598036977011242 ], [ -64.940206285445285, -10.598036977011242 ], [ -64.940206285445285, -10.59778697774219 ], [ -64.93970628648907, -10.59778697774219 ], [ -64.93970628648907, -10.597286979204089 ] ], [ [ -64.940956283879586, -10.598286976280292 ], [ -64.940956283879586, -10.598536975549344 ], [ -64.940706284401486, -10.598536975549344 ], [ -64.940706284401486, -10.598286976280292 ], [ -64.940956283879586, -10.598286976280292 ] ], [ [ -64.941206283357687, -10.598536975549344 ], [ -64.941206283357687, -10.598786974818394 ], [ -64.940956283879586, -10.598786974818394 ], [ -64.940956283879586, -10.598536975549344 ], [ -64.941206283357687, -10.598536975549344 ] ], [ [ -64.93970628648907, -10.598036977011242 ], [ -64.93945628701097, -10.598036977011242 ], [ -64.93945628701097, -10.59778697774219 ], [ -64.93970628648907, -10.59778697774219 ], [ -64.93970628648907, -10.598036977011242 ] ], [ [ -64.934706296927004, -10.597286979204089 ], [ -64.934456297448889, -10.597286979204089 ], [ -64.934456297448889, -10.597036979935039 ], [ -64.934706296927004, -10.597036979935039 ], [ -64.934706296927004, -10.597286979204089 ] ], [ [ -64.935956294317521, -10.59778697774219 ], [ -64.936206293795621, -10.59778697774219 ], [ -64.936206293795621, -10.598036977011242 ], [ -64.935956294317521, -10.598036977011242 ], [ -64.935956294317521, -10.59778697774219 ] ], [ [ -64.935956294317521, -10.598286976280292 ], [ -64.935706294839406, -10.598286976280292 ], [ -64.935706294839406, -10.598036977011242 ], [ -64.935956294317521, -10.598036977011242 ], [ -64.935956294317521, -10.598286976280292 ] ], [ [ -64.935456295361305, -10.598286976280292 ], [ -64.935206295883205, -10.598286976280292 ], [ -64.935206295883205, -10.598036977011242 ], [ -64.935456295361305, -10.598036977011242 ], [ -64.935456295361305, -10.598286976280292 ] ], [ [ -64.938706288576654, -10.598536975549344 ], [ -64.938456289098553, -10.598536975549344 ], [ -64.938456289098553, -10.598286976280292 ], [ -64.938706288576654, -10.598286976280292 ], [ -64.938706288576654, -10.598536975549344 ] ], [ [ -64.936956292229937, -10.598536975549344 ], [ -64.937206291708037, -10.598536975549344 ], [ -64.937206291708037, -10.598286976280292 ], [ -64.937706290664238, -10.598286976280292 ], [ -64.937706290664238, -10.598536975549344 ], [ -64.937956290142338, -10.598536975549344 ], [ -64.937956290142338, -10.598786974818394 ], [ -64.937206291708037, -10.598786974818394 ], [ -64.937206291708037, -10.599036974087445 ], [ -64.936956292229937, -10.599036974087445 ], [ -64.936956292229937, -10.598536975549344 ] ], [ [ -64.936956292229937, -10.599286973356495 ], [ -64.936706292751822, -10.599286973356495 ], [ -64.936706292751822, -10.599036974087445 ], [ -64.936956292229937, -10.599036974087445 ], [ -64.936956292229937, -10.599286973356495 ] ], [ [ -64.934956296405105, -10.598786974818394 ], [ -64.934706296927004, -10.598786974818394 ], [ -64.934706296927004, -10.598536975549344 ], [ -64.934456297448889, -10.598536975549344 ], [ -64.934456297448889, -10.598286976280292 ], [ -64.934956296405105, -10.598286976280292 ], [ -64.934956296405105, -10.598786974818394 ] ], [ [ -64.933956298492689, -10.599536972625547 ], [ -64.933456299536473, -10.599536972625547 ], [ -64.933456299536473, -10.599286973356495 ], [ -64.933956298492689, -10.599286973356495 ], [ -64.933956298492689, -10.599536972625547 ] ], [ [ -64.945206275007351, -10.60053696970175 ], [ -64.94470627605115, -10.60053696970175 ], [ -64.94470627605115, -10.600286970432698 ], [ -64.945206275007351, -10.600286970432698 ], [ -64.945206275007351, -10.60053696970175 ] ], [ [ -64.934206297970789, -10.601786966047005 ], [ -64.933956298492689, -10.601786966047005 ], [ -64.933956298492689, -10.601036968239852 ], [ -64.933706299014588, -10.601036968239852 ], [ -64.933706299014588, -10.600786968970802 ], [ -64.934206297970789, -10.600786968970802 ], [ -64.934206297970789, -10.601786966047005 ] ] ] } },
{ "type": "Feature", "properties": { "DN": 1 }, "geometry": { "type": "Polygon", "coordinates": [ [ [ -64.941956281792002, -10.597036979935039 ], [ -64.941956281792002, -10.597286979204089 ], [ -64.941706282313902, -10.597286979204089 ], [ -64.941706282313902, -10.597536978473141 ], [ -64.941956281792002, -10.597536978473141 ], [ -64.941956281792002, -10.59778697774219 ], [ -64.942206281270103, -10.59778697774219 ], [ -64.942206281270103, -10.598036977011242 ], [ -64.942706280226318, -10.598036977011242 ], [ -64.942706280226318, -10.598536975549344 ], [ -64.943206279182519, -10.598536975549344 ], [ -64.943206279182519, -10.597536978473141 ], [ -64.942706280226318, -10.597536978473141 ], [ -64.942706280226318, -10.597286979204089 ], [ -64.942456280748218, -10.597286979204089 ], [ -64.942456280748218, -10.597036979935039 ], [ -64.941956281792002, -10.597036979935039 ] ] ] } },
{ "type": "Feature", "properties": { "DN": 1 }, "geometry": { "type": "Polygon", "coordinates": [ [ [ -64.847706478546897, -10.603536960930359 ], [ -64.847706478546897, -10.603786960199411 ], [ -64.847456479068796, -10.603786960199411 ], [ -64.847456479068796, -10.604036959468463 ], [ -64.847706478546897, -10.604036959468463 ], [ -64.847706478546897, -10.604286958737513 ], [ -64.847456479068796, -10.604286958737513 ], [ -64.847456479068796, -10.604536958006564 ], [ -64.847956478025012, -10.604536958006564 ], [ -64.847956478025012, -10.604286958737513 ], [ -64.848206477503112, -10.604286958737513 ], [ -64.848206477503112, -10.603536960930359 ], [ -64.847706478546897, -10.603536960930359 ] ] ] } },
{ "type": "Feature", "properties": { "DN": 1 }, "geometry": { "type": "Polygon", "coordinates": [ [ [ -64.860956450886405, -10.602786963123208 ], [ -64.860956450886405, -10.603036962392258 ], [ -64.860706451408291, -10.603036962392258 ], [ -64.860706451408291, -10.603286961661309 ], [ -64.86045645193019, -10.603286961661309 ], [ -64.86045645193019, -10.603786960199411 ], [ -64.860956450886405, -10.603786960199411 ], [ -64.860956450886405, -10.603536960930359 ], [ -64.861456449842606, -10.603536960930359 ], [ -64.861456449842606, -10.603286961661309 ], [ -64.861206450364506, -10.603286961661309 ], [ -64.861206450364506, -10.602786963123208 ], [ -64.860956450886405, -10.602786963123208 ] ] ] } },
{ "type": "Feature", "properties": { "DN": 1 }, "geometry": { "type": "Polygon", "coordinates": [ [ [ -64.852206469152776, -10.602536963854156 ], [ -64.852206469152776, -10.603036962392258 ], [ -64.852956467587077, -10.603036962392258 ], [ -64.852956467587077, -10.602786963123208 ], [ -64.852706468108977, -10.602786963123208 ], [ -64.852706468108977, -10.602536963854156 ], [ -64.852206469152776, -10.602536963854156 ] ] ] } },
{ "type": "Feature", "properties": { "DN": 1 }, "geometry": { "type": "Polygon", "coordinates": [ [ [ -64.877706415919349, -10.602036965316055 ], [ -64.877706415919349, -10.602786963123208 ], [ -64.877956415397449, -10.602786963123208 ], [ -64.877956415397449, -10.603036962392258 ], [ -64.878456414353664, -10.603036962392258 ], [ -64.878456414353664, -10.603286961661309 ], [ -64.878706413831765, -10.603286961661309 ], [ -64.878706413831765, -10.602786963123208 ], [ -64.878456414353664, -10.602786963123208 ], [ -64.878456414353664, -10.602286964585106 ], [ -64.878206414875564, -10.602286964585106 ], [ -64.878206414875564, -10.602036965316055 ], [ -64.877706415919349, -10.602036965316055 ] ] ] } },
{ "type": "Feature", "properties": { "DN": 1 }, "geometry": { "type": "Polygon", "coordinates": [ [ [ -64.85145647071846, -10.600286970432698 ], [ -64.85145647071846, -10.601536966777953 ], [ -64.85120647124036, -10.601536966777953 ], [ -64.85120647124036, -10.601286967508903 ], [ -64.850956471762245, -10.601286967508903 ], [ -64.850956471762245, -10.601036968239852 ], [ -64.850456472806044, -10.601036968239852 ], [ -64.850456472806044, -10.601536966777953 ], [ -64.850206473327944, -10.601536966777953 ], [ -64.850206473327944, -10.602286964585106 ], [ -64.849956473849844, -10.602286964585106 ], [ -64.849956473849844, -10.602786963123208 ], [ -64.85145647071846, -10.602786963123208 ], [ -64.85145647071846, -10.602286964585106 ], [ -64.851706470196561, -10.602286964585106 ], [ -64.851706470196561, -10.602036965316055 ], [ -64.852456468630876, -10.602036965316055 ], [ -64.852456468630876, -10.601536966777953 ], [ -64.852706468108977, -10.601536966777953 ], [ -64.852706468108977, -10.601286967508903 ], [ -64.852456468630876, -10.601286967508903 ], [ -64.852456468630876, -10.60053696970175 ], [ -64.851706470196561, -10.60053696970175 ], [ -64.851706470196561, -10.600286970432698 ], [ -64.85145647071846, -10.600286970432698 ] ] ] } },
{ "type": "Feature", "properties": { "DN": 1 }, "geometry": { "type": "Polygon", "coordinates": [ [ [ -64.848206477503112, -10.601036968239852 ], [ -64.848206477503112, -10.601286967508903 ], [ -64.847956478025012, -10.601286967508903 ], [ -64.847956478025012, -10.601786966047005 ], [ -64.848456476981212, -10.601786966047005 ], [ -64.848456476981212, -10.601036968239852 ], [ -64.848206477503112, -10.601036968239852 ] ] ] } },
{ "type": "Feature", "properties": { "DN": 1 }, "geometry": { "type": "Polygon", "coordinates": [ [ [ -64.868456435229518, -10.601036968239852 ], [ -64.868456435229518, -10.601286967508903 ], [ -64.868706434707619, -10.601286967508903 ], [ -64.868706434707619, -10.601036968239852 ], [ -64.868456435229518, -10.601036968239852 ] ] ] } },
{ "type": "Feature", "properties": { "DN": 1 }, "geometry": { "type": "Polygon", "coordinates": [ [ [ -64.876706418006933, -10.601036968239852 ], [ -64.876706418006933, -10.601286967508903 ], [ -64.876956417485033, -10.601286967508903 ], [ -64.876956417485033, -10.601036968239852 ], [ -64.876706418006933, -10.601036968239852 ] ] ] } },
{ "type": "Feature", "properties": { "DN": 1 }, "geometry": { "type": "Polygon", "coordinates": [ [ [ -64.879206412787966, -10.603036962392258 ], [ -64.879706411744181, -10.603036962392258 ], [ -64.879706411744181, -10.602786963123208 ], [ -64.880206410700382, -10.602786963123208 ], [ -64.880206410700382, -10.601536966777953 ], [ -64.879206412787966, -10.601536966777953 ], [ -64.879206412787966, -10.601036968239852 ], [ -64.87945641226608, -10.601036968239852 ], [ -64.87945641226608, -10.600786968970802 ], [ -64.879706411744181, -10.600786968970802 ], [ -64.879706411744181, -10.601036968239852 ], [ -64.880456410178496, -10.601036968239852 ], [ -64.880456410178496, -10.60053696970175 ], [ -64.880206410700382, -10.60053696970175 ], [ -64.880206410700382, -10.600286970432698 ], [ -64.879706411744181, -10.600286970432698 ], [ -64.879706411744181, -10.60053696970175 ], [ -64.87945641226608, -10.60053696970175 ], [ -64.87945641226608, -10.599036974087445 ], [ -64.878956413309865, -10.599036974087445 ], [ -64.878956413309865, -10.599286973356495 ], [ -64.879206412787966, -10.599286973356495 ], [ -64.879206412787966, -10.599536972625547 ], [ -64.878706413831765, -10.599536972625547 ], [ -64.878706413831765, -10.599286973356495 ], [ -64.878206414875564, -10.599286973356495 ], [ -64.878206414875564, -10.599036974087445 ], [ -64.877956415397449, -10.599036974087445 ], [ -64.877956415397449, -10.599536972625547 ], [ -64.878456414353664, -10.599536972625547 ], [ -64.878456414353664, -10.600286970432698 ], [ -64.878206414875564, -10.600286970432698 ], [ -64.878206414875564, -10.601036968239852 ], [ -64.878456414353664, -10.601036968239852 ], [ -64.878456414353664, -10.601536966777953 ], [ -64.878706413831765, -10.601536966777953 ], [ -64.878706413831765, -10.601786966047005 ], [ -64.878456414353664, -10.601786966047005 ], [ -64.878456414353664, -10.602286964585106 ], [ -64.878956413309865, -10.602286964585106 ], [ -64.878956413309865, -10.602786963123208 ], [ -64.879206412787966, -10.602786963123208 ], [ -64.879206412787966, -10.603036962392258 ] ], [ [ -64.879206412787966, -10.602036965316055 ], [ -64.87945641226608, -10.602036965316055 ], [ -64.87945641226608, -10.602786963123208 ], [ -64.879206412787966, -10.602786963123208 ], [ -64.879206412787966, -10.602036965316055 ] ] ] } },
{ "type": "Feature", "properties": { "DN": 1 }, "geometry": { "type": "Polygon", "coordinates": [ [ [ -64.848456476981212, -10.600036971163648 ], [ -64.848456476981212, -10.600286970432698 ], [ -64.848206477503112, -10.600286970432698 ], [ -64.848206477503112, -10.600786968970802 ], [ -64.848456476981212, -10.600786968970802 ], [ -64.848456476981212, -10.601036968239852 ], [ -64.848706476459313, -10.601036968239852 ], [ -64.848706476459313, -10.600786968970802 ], [ -64.848956475937428, -10.600786968970802 ], [ -64.848956475937428, -10.60053696970175 ], [ -64.849206475415528, -10.60053696970175 ], [ -64.849206475415528, -10.600786968970802 ], [ -64.849706474371729, -10.600786968970802 ], [ -64.849706474371729, -10.601036968239852 ], [ -64.849956473849844, -10.601036968239852 ], [ -64.849956473849844, -10.60053696970175 ], [ -64.849706474371729, -10.60053696970175 ], [ -64.849706474371729, -10.600286970432698 ], [ -64.848956475937428, -10.600286970432698 ], [ -64.848956475937428, -10.600036971163648 ], [ -64.848456476981212, -10.600036971163648 ] ] ] } },
{ "type": "Feature", "properties": { "DN": 1 }, "geometry": { "type": "Polygon", "coordinates": [ [ [ -64.95370625726288, -10.602786963123208 ], [ -64.95370625726288, -10.603036962392258 ], [ -64.953206258306665, -10.603036962392258 ], [ -64.953206258306665, -10.602786963123208 ], [ -64.951706261438048, -10.602786963123208 ], [ -64.951706261438048, -10.602286964585106 ], [ -64.950456264047531, -10.602286964585106 ], [ -64.950456264047531, -10.602786963123208 ], [ -64.950956263003732, -10.602786963123208 ], [ -64.950956263003732, -10.603036962392258 ], [ -64.951956260916148, -10.603036962392258 ], [ -64.951956260916148, -10.603286961661309 ], [ -64.953206258306665, -10.603286961661309 ], [ -64.953206258306665, -10.604286958737513 ], [ -64.954706255175296, -10.604286958737513 ], [ -64.954706255175296, -10.604036959468463 ], [ -64.955206254131497, -10.604036959468463 ], [ -64.955206254131497, -10.603786960199411 ], [ -64.955456253609611, -10.603786960199411 ], [ -64.955456253609611, -10.603536960930359 ], [ -64.956206252043913, -10.603536960930359 ], [ -64.956206252043913, -10.603286961661309 ], [ -64.956706251000128, -10.603286961661309 ], [ -64.956706251000128, -10.603036962392258 ], [ -64.955956252565812, -10.603036962392258 ], [ -64.955956252565812, -10.603286961661309 ], [ -64.955456253609611, -10.603286961661309 ], [ -64.955456253609611, -10.603036962392258 ], [ -64.955706253087712, -10.603036962392258 ], [ -64.955706253087712, -10.602786963123208 ], [ -64.956456251522013, -10.602786963123208 ], [ -64.956456251522013, -10.602286964585106 ], [ -64.956706251000128, -10.602286964585106 ], [ -64.956706251000128, -10.602036965316055 ], [ -64.957706248912544, -10.602036965316055 ], [ -64.957706248912544, -10.601786966047005 ], [ -64.956956250478228, -10.601786966047005 ], [ -64.956956250478228, -10.601536966777953 ], [ -64.957706248912544, -10.601536966777953 ], [ -64.957706248912544, -10.601286967508903 ], [ -64.955956252565812, -10.601286967508903 ], [ -64.955956252565812, -10.601036968239852 ], [ -64.955456253609611, -10.601036968239852 ], [ -64.955456253609611, -10.601286967508903 ], [ -64.954956254653396, -10.601286967508903 ], [ -64.954956254653396, -10.602036965316055 ], [ -64.954456255697195, -10.602036965316055 ], [ -64.954456255697195, -10.602786963123208 ], [ -64.95370625726288, -10.602786963123208 ] ], [ [ -64.954956254653396, -10.602786963123208 ], [ -64.954956254653396, -10.603036962392258 ], [ -64.954456255697195, -10.603036962392258 ], [ -64.954456255697195, -10.602786963123208 ], [ -64.954956254653396, -10.602786963123208 ] ], [ [ -64.95370625726288, -10.603536960930359 ], [ -64.953456257784779, -10.603536960930359 ], [ -64.953456257784779, -10.603286961661309 ], [ -64.95370625726288, -10.603286961661309 ], [ -64.95370625726288, -10.603536960930359 ] ] ] } },
{ "type": "Feature", "properties": { "DN": 1 }, "geometry": { "type": "Polygon", "coordinates": [ [ [ -64.957956248390644, -10.601536966777953 ], [ -64.957956248390644, -10.602036965316055 ], [ -64.957706248912544, -10.602036965316055 ], [ -64.957706248912544, -10.602536963854156 ], [ -64.958456247346845, -10.602536963854156 ], [ -64.958456247346845, -10.602286964585106 ], [ -64.95895624630306, -10.602286964585106 ], [ -64.95895624630306, -10.601536966777953 ], [ -64.957956248390644, -10.601536966777953 ] ] ] } },
{ "type": "Feature", "properties": { "DN": 1 }, "geometry": { "type": "Polygon", "coordinates": [ [ [ -64.948956267178914, -10.600786968970802 ], [ -64.948956267178914, -10.601036968239852 ], [ -64.949206266657015, -10.601036968239852 ], [ -64.949206266657015, -10.600786968970802 ], [ -64.948956267178914, -10.600786968970802 ] ] ] } },
{ "type": "Feature", "properties": { "DN": 1 }, "geometry": { "type": "Polygon", "coordinates": [ [ [ -64.965956231689958, -10.600286970432698 ], [ -64.965956231689958, -10.60053696970175 ], [ -64.966456230646173, -10.60053696970175 ], [ -64.966456230646173, -10.600286970432698 ], [ -64.965956231689958, -10.600286970432698 ] ] ] } },
{ "type": "Feature", "properties": { "DN": 1 }, "geometry": { "type": "Polygon", "coordinates": [ [ [ -64.965206233255657, -10.600286970432698 ], [ -64.965206233255657, -10.60053696970175 ], [ -64.965456232733757, -10.60053696970175 ], [ -64.965456232733757, -10.600286970432698 ], [ -64.965206233255657, -10.600286970432698 ] ] ] } },
{ "type": "Feature", "properties": { "DN": 1 }, "geometry": { "type": "Polygon", "coordinates": [ [ [ -64.964706234299442, -10.599036974087445 ], [ -64.964706234299442, -10.599286973356495 ], [ -64.965206233255657, -10.599286973356495 ], [ -64.965206233255657, -10.599036974087445 ], [ -64.964706234299442, -10.599036974087445 ] ] ] } },
{ "type": "Feature", "properties": { "DN": 1 }, "geometry": { "type": "Polygon", "coordinates": [ [ [ -64.965456232733757, -10.599036974087445 ], [ -64.965456232733757, -10.599286973356495 ], [ -64.965706232211858, -10.599286973356495 ], [ -64.965706232211858, -10.599036974087445 ], [ -64.965456232733757, -10.599036974087445 ] ] ] } },
{ "type": "Feature", "properties": { "DN": 1 }, "geometry": { "type": "Polygon", "coordinates": [ [ [ -64.968956225427206, -10.598286976280292 ], [ -64.968956225427206, -10.598536975549344 ], [ -64.969206224905307, -10.598536975549344 ], [ -64.969206224905307, -10.598286976280292 ], [ -64.968956225427206, -10.598286976280292 ] ] ] } },
{ "type": "Feature", "properties": { "DN": 1 }, "geometry": { "type": "Polygon", "coordinates": [ [ [ -64.971456220208239, -10.59778697774219 ], [ -64.971456220208239, -10.598036977011242 ], [ -64.971706219686354, -10.598036977011242 ], [ -64.971706219686354, -10.59778697774219 ], [ -64.971456220208239, -10.59778697774219 ] ] ] } },
{ "type": "Feature", "properties": { "DN": 1 }, "geometry": { "type": "Polygon", "coordinates": [ [ [ -64.968956225427206, -10.59778697774219 ], [ -64.968956225427206, -10.598036977011242 ], [ -64.969206224905307, -10.598036977011242 ], [ -64.969206224905307, -10.59778697774219 ], [ -64.968956225427206, -10.59778697774219 ] ] ] } },
{ "type": "Feature", "properties": { "DN": 1 }, "geometry": { "type": "Polygon", "coordinates": [ [ [ -64.830706514035853, -10.60953694338758 ], [ -64.830706514035853, -10.609786942656632 ], [ -64.830456514557753, -10.609786942656632 ], [ -64.830456514557753, -10.610036941925681 ], [ -64.831206512992054, -10.610036941925681 ], [ -64.831206512992054, -10.60953694338758 ], [ -64.830706514035853, -10.60953694338758 ] ] ] } },
{ "type": "Feature", "properties": { "DN": 1 }, "geometry": { "type": "Polygon", "coordinates": [ [ [ -64.835206504641718, -10.60928694411853 ], [ -64.835206504641718, -10.60953694338758 ], [ -64.835706503597919, -10.60953694338758 ], [ -64.835706503597919, -10.60928694411853 ], [ -64.835206504641718, -10.60928694411853 ] ] ] } },
{ "type": "Feature", "properties": { "DN": 1 }, "geometry": { "type": "Polygon", "coordinates": [ [ [ -64.828706518211021, -10.60928694411853 ], [ -64.828706518211021, -10.60953694338758 ], [ -64.828956517689122, -10.60953694338758 ], [ -64.828956517689122, -10.60928694411853 ], [ -64.828706518211021, -10.60928694411853 ] ] ] } },
{ "type": "Feature", "properties": { "DN": 1 }, "geometry": { "type": "Polygon", "coordinates": [ [ [ -64.834706505685517, -10.608786945580428 ], [ -64.834456506207403, -10.608786945580428 ], [ -64.834456506207403, -10.608536946311377 ], [ -64.834206506729302, -10.608536946311377 ], [ -64.834206506729302, -10.608286947042327 ], [ -64.833956507251202, -10.608286947042327 ], [ -64.833956507251202, -10.60953694338758 ], [ -64.834206506729302, -10.60953694338758 ], [ -64.834206506729302, -10.610239861378593 ], [ -64.834706505685517, -10.610264909205759 ], [ -64.834706505685517, -10.610036941925681 ], [ -64.835206504641718, -10.610036941925681 ], [ -64.835206504641718, -10.60953694338758 ], [ -64.834956505163618, -10.60953694338758 ], [ -64.834956505163618, -10.60928694411853 ], [ -64.834706505685517, -10.60928694411853 ], [ -64.834706505685517, -10.608786945580428 ] ], [ [ -64.834706505685517, -10.60953694338758 ], [ -64.834456506207403, -10.60953694338758 ], [ -64.834456506207403, -10.60928694411853 ], [ -64.834706505685517, -10.60928694411853 ], [ -64.834706505685517, -10.60953694338758 ] ] ] } },
{ "type": "Feature", "properties": { "DN": 1 }, "geometry": { "type": "Polygon", "coordinates": [ [ [ -64.807206563094098, -10.599286973356495 ], [ -64.807206563094098, -10.599536972625547 ], [ -64.807706562050313, -10.599536972625547 ], [ -64.807706562050313, -10.599286973356495 ], [ -64.807206563094098, -10.599286973356495 ] ] ] } },
{ "type": "Feature", "properties": { "DN": 1 }, "geometry": { "type": "Polygon", "coordinates": [ [ [ -64.803706570400649, -10.60053696970175 ], [ -64.803706570400649, -10.601036968239852 ], [ -64.80395656987875, -10.601036968239852 ], [ -64.80395656987875, -10.60053696970175 ], [ -64.803706570400649, -10.60053696970175 ] ] ] } },
{ "type": "Feature", "properties": { "DN": 1 }, "geometry": { "type": "Polygon", "coordinates": [ [ [ -64.782956613718042, -10.587287008442056 ], [ -64.782956613718042, -10.587537007711106 ], [ -64.783206613196143, -10.587537007711106 ], [ -64.783206613196143, -10.587287008442056 ], [ -64.782956613718042, -10.587287008442056 ] ] ] } },
{ "type": "Feature", "properties": { "DN": 1 }, "geometry": { "type": "Polygon", "coordinates": [ [ [ -64.880456410178496, -10.610286941194733 ], [ -64.880456410178496, -10.610536940463783 ], [ -64.880206410700382, -10.610536940463783 ], [ -64.880206410700382, -10.610786939732835 ], [ -64.880706409656597, -10.610786939732835 ], [ -64.880706409656597, -10.611036939001885 ], [ -64.881206408612798, -10.611036939001885 ], [ -64.881206408612798, -10.610786939732835 ], [ -64.880956409134697, -10.610786939732835 ], [ -64.880956409134697, -10.610286941194733 ], [ -64.880456410178496, -10.610286941194733 ] ] ] } },
{ "type": "Feature", "properties": { "DN": 1 }, "geometry": { "type": "Polygon", "coordinates": [ [ [ -64.845206483765864, -10.610786939732835 ], [ -64.845206483765864, -10.610536940463783 ], [ -64.844956484287763, -10.610536940463783 ], [ -64.844956484287763, -10.610778325218488 ], [ -64.845128546512655, -10.610786939732835 ], [ -64.845206483765864, -10.610786939732835 ] ] ] } },
{ "type": "Feature", "properties": { "DN": 1 }, "geometry": { "type": "Polygon", "coordinates": [ [ [ -64.86520644201417, -10.610536940463783 ], [ -64.86520644201417, -10.610786939732835 ], [ -64.86545644149227, -10.610786939732835 ], [ -64.86545644149227, -10.610536940463783 ], [ -64.86520644201417, -10.610536940463783 ] ] ] } },
{ "type": "Feature", "properties": { "DN": 1 }, "geometry": { "type": "Polygon", "coordinates": [ [ [ -64.872706426357269, -10.60928694411853 ], [ -64.872706426357269, -10.60953694338758 ], [ -64.872206427401068, -10.60953694338758 ], [ -64.872206427401068, -10.609786942656632 ], [ -64.871956427922967, -10.609786942656632 ], [ -64.871956427922967, -10.610036941925681 ], [ -64.871706428444867, -10.610036941925681 ], [ -64.871706428444867, -10.610286941194733 ], [ -64.871956427922967, -10.610286941194733 ], [ -64.871956427922967, -10.610536940463783 ], [ -64.871706428444867, -10.610536940463783 ], [ -64.871706428444867, -10.611036939001885 ], [ -64.871956427922967, -10.611036939001885 ], [ -64.871956427922967, -10.611536937539988 ], [ -64.872706426357269, -10.611536937539988 ], [ -64.872706426357269, -10.611786936809038 ], [ -64.872956425835383, -10.611786936809038 ], [ -64.872956425835383, -10.611036939001885 ], [ -64.872706426357269, -10.611036939001885 ], [ -64.872706426357269, -10.610786939732835 ], [ -64.872956425835383, -10.610786939732835 ], [ -64.872956425835383, -10.60928694411853 ], [ -64.872706426357269, -10.60928694411853 ] ] ] } },
{ "type": "Feature", "properties": { "DN": 1 }, "geometry": { "type": "Polygon", "coordinates": [ [ [ -64.865706440970371, -10.610036941925681 ], [ -64.865706440970371, -10.610536940463783 ], [ -64.865956440448471, -10.610536940463783 ], [ -64.865956440448471, -10.610786939732835 ], [ -64.866706438882787, -10.610786939732835 ], [ -64.866706438882787, -10.610536940463783 ], [ -64.866456439404686, -10.610536940463783 ], [ -64.866456439404686, -10.610286941194733 ], [ -64.865956440448471, -10.610286941194733 ], [ -64.865956440448471, -10.610036941925681 ], [ -64.865706440970371, -10.610036941925681 ] ] ] } },
{ "type": "Feature", "properties": { "DN": 1 }, "geometry": { "type": "Polygon", "coordinates": [ [ [ -64.875706420094517, -10.608786945580428 ], [ -64.875706420094517, -10.609036944849478 ], [ -64.875456420616416, -10.609036944849478 ], [ -64.875456420616416, -10.608786945580428 ], [ -64.874956421660215, -10.608786945580428 ], [ -64.874956421660215, -10.609036944849478 ], [ -64.874706422182101, -10.609036944849478 ], [ -64.874706422182101, -10.60953694338758 ], [ -64.874956421660215, -10.60953694338758 ], [ -64.874956421660215, -10.609786942656632 ], [ -64.875206421138316, -10.609786942656632 ], [ -64.875206421138316, -10.610036941925681 ], [ -64.875706420094517, -10.610036941925681 ], [ -64.875706420094517, -10.60928694411853 ], [ -64.875956419572617, -10.60928694411853 ], [ -64.875956419572617, -10.60953694338758 ], [ -64.876206419050732, -10.60953694338758 ], [ -64.876206419050732, -10.610036941925681 ], [ -64.876456418528832, -10.610036941925681 ], [ -64.876456418528832, -10.60953694338758 ], [ -64.876956417485033, -10.60953694338758 ], [ -64.876956417485033, -10.609036944849478 ], [ -64.876706418006933, -10.609036944849478 ], [ -64.876706418006933, -10.60928694411853 ], [ -64.876456418528832, -10.60928694411853 ], [ -64.876456418528832, -10.609036944849478 ], [ -64.876206419050732, -10.609036944849478 ], [ -64.876206419050732, -10.608786945580428 ], [ -64.875706420094517, -10.608786945580428 ] ] ] } },
{ "type": "Feature", "properties": { "DN": 1 }, "geometry": { "type": "Polygon", "coordinates": [ [ [ -64.871456428966752, -10.60928694411853 ], [ -64.871456428966752, -10.60953694338758 ], [ -64.871706428444867, -10.60953694338758 ], [ -64.871706428444867, -10.60928694411853 ], [ -64.871456428966752, -10.60928694411853 ] ] ] } },
{ "type": "Feature", "properties": { "DN": 1 }, "geometry": { "type": "Polygon", "coordinates": [ [ [ -64.871956427922967, -10.60928694411853 ], [ -64.871956427922967, -10.60953694338758 ], [ -64.872206427401068, -10.60953694338758 ], [ -64.872206427401068, -10.60928694411853 ], [ -64.871956427922967, -10.60928694411853 ] ] ] } },
{ "type": "Feature", "properties": { "DN": 1 }, "geometry": { "type": "Polygon", "coordinates": [ [ [ -64.867956436273303, -10.608536946311377 ], [ -64.867956436273303, -10.608786945580428 ], [ -64.868206435751404, -10.608786945580428 ], [ -64.868206435751404, -10.608536946311377 ], [ -64.867956436273303, -10.608536946311377 ] ] ] } },
{ "type": "Feature", "properties": { "DN": 1 }, "geometry": { "type": "Polygon", "coordinates": [ [ [ -64.876456418528832, -10.608286947042327 ], [ -64.876456418528832, -10.608536946311377 ], [ -64.876706418006933, -10.608536946311377 ], [ -64.876706418006933, -10.608286947042327 ], [ -64.876456418528832, -10.608286947042327 ] ] ] } },
{ "type": "Feature", "properties": { "DN": 1 }, "geometry": { "type": "Polygon", "coordinates": [ [ [ -64.868456435229518, -10.600036971163648 ], [ -64.868456435229518, -10.600286970432698 ], [ -64.868206435751404, -10.600286970432698 ], [ -64.868206435751404, -10.600786968970802 ], [ -64.868706434707619, -10.600786968970802 ], [ -64.868706434707619, -10.600036971163648 ], [ -64.868456435229518, -10.600036971163648 ] ] ] } },
{ "type": "Feature", "properties": { "DN": 1 }, "geometry": { "type": "Polygon", "coordinates": [ [ [ -64.876956417485033, -10.599786971894599 ], [ -64.876956417485033, -10.600786968970802 ], [ -64.877206416963148, -10.600786968970802 ], [ -64.877206416963148, -10.601036968239852 ], [ -64.877706415919349, -10.601036968239852 ], [ -64.877706415919349, -10.599786971894599 ], [ -64.876956417485033, -10.599786971894599 ] ] ] } },
{ "type": "Feature", "properties": { "DN": 1 }, "geometry": { "type": "Polygon", "coordinates": [ [ [ -64.868706434707619, -10.599786971894599 ], [ -64.868706434707619, -10.600036971163648 ], [ -64.868956434185719, -10.600036971163648 ], [ -64.868956434185719, -10.599786971894599 ], [ -64.868706434707619, -10.599786971894599 ] ] ] } },
{ "type": "Feature", "properties": { "DN": 1 }, "geometry": { "type": "Polygon", "coordinates": [ [ [ -64.847206479590696, -10.599536972625547 ], [ -64.847206479590696, -10.600036971163648 ], [ -64.847456479068796, -10.600036971163648 ], [ -64.847456479068796, -10.600286970432698 ], [ -64.847956478025012, -10.600286970432698 ], [ -64.847956478025012, -10.599536972625547 ], [ -64.847206479590696, -10.599536972625547 ] ] ] } },
{ "type": "Feature", "properties": { "DN": 1 }, "geometry": { "type": "Polygon", "coordinates": [ [ [ -64.871706428444867, -10.599036974087445 ], [ -64.871706428444867, -10.599536972625547 ], [ -64.871956427922967, -10.599536972625547 ], [ -64.871956427922967, -10.599286973356495 ], [ -64.872206427401068, -10.599286973356495 ], [ -64.872206427401068, -10.599036974087445 ], [ -64.871706428444867, -10.599036974087445 ] ] ] } },
{ "type": "Feature", "properties": { "DN": 1 }, "geometry": { "type": "Polygon", "coordinates": [ [ [ -64.849706474371729, -10.599036974087445 ], [ -64.849706474371729, -10.599286973356495 ], [ -64.849956473849844, -10.599286973356495 ], [ -64.849956473849844, -10.599036974087445 ], [ -64.849706474371729, -10.599036974087445 ] ] ] } },
{ "type": "Feature", "properties": { "DN": 1 }, "geometry": { "type": "Polygon", "coordinates": [ [ [ -64.87945641226608, -10.598786974818394 ], [ -64.87945641226608, -10.599036974087445 ], [ -64.879706411744181, -10.599036974087445 ], [ -64.879706411744181, -10.598786974818394 ], [ -64.87945641226608, -10.598786974818394 ] ] ] } },
{ "type": "Feature", "properties": { "DN": 1 }, "geometry": { "type": "Polygon", "coordinates": [ [ [ -64.871956427922967, -10.598536975549344 ], [ -64.871956427922967, -10.598786974818394 ], [ -64.872206427401068, -10.598786974818394 ], [ -64.872206427401068, -10.599036974087445 ], [ -64.872456426879168, -10.599036974087445 ], [ -64.872456426879168, -10.598536975549344 ], [ -64.871956427922967, -10.598536975549344 ] ] ] } },
{ "type": "Feature", "properties": { "DN": 1 }, "geometry": { "type": "Polygon", "coordinates": [ [ [ -64.850456472806044, -10.59778697774219 ], [ -64.850456472806044, -10.598036977011242 ], [ -64.850706472284145, -10.598036977011242 ], [ -64.850706472284145, -10.598286976280292 ], [ -64.849706474371729, -10.598286976280292 ], [ -64.849706474371729, -10.598786974818394 ], [ -64.850456472806044, -10.598786974818394 ], [ -64.850456472806044, -10.599286973356495 ], [ -64.850206473327944, -10.599286973356495 ], [ -64.850206473327944, -10.599536972625547 ], [ -64.850456472806044, -10.599536972625547 ], [ -64.850456472806044, -10.599786971894599 ], [ -64.85120647124036, -10.599786971894599 ], [ -64.85120647124036, -10.599536972625547 ], [ -64.85145647071846, -10.599536972625547 ], [ -64.85145647071846, -10.598786974818394 ], [ -64.851706470196561, -10.598786974818394 ], [ -64.851706470196561, -10.598536975549344 ], [ -64.85145647071846, -10.598536975549344 ], [ -64.85145647071846, -10.59778697774219 ], [ -64.850456472806044, -10.59778697774219 ] ] ] } },
{ "type": "Feature", "properties": { "DN": 1 }, "geometry": { "type": "Polygon", "coordinates": [ [ [ -64.84620648167828, -10.59778697774219 ], [ -64.84620648167828, -10.599036974087445 ], [ -64.845956482200179, -10.599036974087445 ], [ -64.845956482200179, -10.599286973356495 ], [ -64.846706480634495, -10.599286973356495 ], [ -64.846706480634495, -10.598786974818394 ], [ -64.846956480112596, -10.598786974818394 ], [ -64.846956480112596, -10.598536975549344 ], [ -64.846706480634495, -10.598536975549344 ], [ -64.846706480634495, -10.59778697774219 ], [ -64.84620648167828, -10.59778697774219 ] ] ] } },
{ "type": "Feature", "properties": { "DN": 1 }, "geometry": { "type": "Polygon", "coordinates": [ [ [ -64.844456485331563, -10.598286976280292 ], [ -64.844456485331563, -10.598536975549344 ], [ -64.844206485853448, -10.598536975549344 ], [ -64.844206485853448, -10.598786974818394 ], [ -64.844706484809663, -10.598786974818394 ], [ -64.844706484809663, -10.598286976280292 ], [ -64.844456485331563, -10.598286976280292 ] ] ] } },
{ "type": "Feature", "properties": { "DN": 1 }, "geometry": { "type": "Polygon", "coordinates": [ [ [ -64.87945641226608, -10.598036977011242 ], [ -64.87945641226608, -10.598536975549344 ], [ -64.879706411744181, -10.598536975549344 ], [ -64.879706411744181, -10.598036977011242 ], [ -64.87945641226608, -10.598036977011242 ] ] ] } },
{ "type": "Feature", "properties": { "DN": 1 }, "geometry": { "type": "Polygon", "coordinates": [ [ [ -64.841206492116214, -10.597536978473141 ], [ -64.841206492116214, -10.59778697774219 ], [ -64.840956492638099, -10.59778697774219 ], [ -64.840956492638099, -10.598536975549344 ], [ -64.841456491594315, -10.598536975549344 ], [ -64.841456491594315, -10.597536978473141 ], [ -64.841206492116214, -10.597536978473141 ] ] ] } },
{ "type": "Feature", "properties": { "DN": 1 }, "geometry": { "type": "Polygon", "coordinates": [ [ [ -64.848206477503112, -10.596786980665987 ], [ -64.848206477503112, -10.597536978473141 ], [ -64.847956478025012, -10.597536978473141 ], [ -64.847956478025012, -10.59778697774219 ], [ -64.847706478546897, -10.59778697774219 ], [ -64.847706478546897, -10.598036977011242 ], [ -64.847456479068796, -10.598036977011242 ], [ -64.847456479068796, -10.598536975549344 ], [ -64.847706478546897, -10.598536975549344 ], [ -64.847706478546897, -10.598786974818394 ], [ -64.847956478025012, -10.598786974818394 ], [ -64.847956478025012, -10.599286973356495 ], [ -64.848206477503112, -10.599286973356495 ], [ -64.848206477503112, -10.599036974087445 ], [ -64.848456476981212, -10.599036974087445 ], [ -64.848456476981212, -10.598036977011242 ], [ -64.848706476459313, -10.598036977011242 ], [ -64.848706476459313, -10.597036979935039 ], [ -64.848456476981212, -10.597036979935039 ], [ -64.848456476981212, -10.596786980665987 ], [ -64.848206477503112, -10.596786980665987 ] ] ] } },
{ "type": "Feature", "properties": { "DN": 1 }, "geometry": { "type": "Polygon", "coordinates": [ [ [ -64.844706484809663, -10.59778697774219 ], [ -64.844706484809663, -10.598036977011242 ], [ -64.844956484287763, -10.598036977011242 ], [ -64.844956484287763, -10.59778697774219 ], [ -64.844706484809663, -10.59778697774219 ] ] ] } },
{ "type": "Feature", "properties": { "DN": 1 }, "geometry": { "type": "Polygon", "coordinates": [ [ [ -64.88345640391573, -10.59778697774219 ], [ -64.88345640391573, -10.598036977011242 ], [ -64.883706403393845, -10.598036977011242 ], [ -64.883706403393845, -10.59778697774219 ], [ -64.88345640391573, -10.59778697774219 ] ] ] } },
{ "type": "Feature", "properties": { "DN": 1 }, "geometry": { "type": "Polygon", "coordinates": [ [ [ -64.852456468630876, -10.597286979204089 ], [ -64.852456468630876, -10.598036977011242 ], [ -64.852706468108977, -10.598036977011242 ], [ -64.852706468108977, -10.59778697774219 ], [ -64.852956467587077, -10.59778697774219 ], [ -64.852956467587077, -10.597286979204089 ], [ -64.852456468630876, -10.597286979204089 ] ] ] } },
{ "type": "Feature", "properties": { "DN": 1 }, "geometry": { "type": "Polygon", "coordinates": [ [ [ -64.844956484287763, -10.597286979204089 ], [ -64.844956484287763, -10.59778697774219 ], [ -64.845456483243964, -10.59778697774219 ], [ -64.845456483243964, -10.597536978473141 ], [ -64.845206483765864, -10.597536978473141 ], [ -64.845206483765864, -10.597286979204089 ], [ -64.844956484287763, -10.597286979204089 ] ] ] } },
{ "type": "Feature", "properties": { "DN": 1 }, "geometry": { "type": "Polygon", "coordinates": [ [ [ -64.882706405481429, -10.595786983589784 ], [ -64.882456406003314, -10.595786983589784 ], [ -64.882456406003314, -10.595536984320733 ], [ -64.882706405481429, -10.595536984320733 ], [ -64.882706405481429, -10.595286985051683 ], [ -64.882456406003314, -10.595286985051683 ], [ -64.882456406003314, -10.595036985782631 ], [ -64.882206406525214, -10.595036985782631 ], [ -64.882206406525214, -10.594786986513581 ], [ -64.881456408090912, -10.594786986513581 ], [ -64.881456408090912, -10.595036985782631 ], [ -64.881206408612798, -10.595036985782631 ], [ -64.881206408612798, -10.595286985051683 ], [ -64.879956411222281, -10.595286985051683 ], [ -64.879956411222281, -10.595036985782631 ], [ -64.880206410700382, -10.595036985782631 ], [ -64.880206410700382, -10.59428698797548 ], [ -64.879956411222281, -10.59428698797548 ], [ -64.879956411222281, -10.594036988706428 ], [ -64.879706411744181, -10.594036988706428 ], [ -64.879706411744181, -10.593786989437378 ], [ -64.87945641226608, -10.593786989437378 ], [ -64.87945641226608, -10.594036988706428 ], [ -64.879206412787966, -10.594036988706428 ], [ -64.879206412787966, -10.594786986513581 ], [ -64.878956413309865, -10.594786986513581 ], [ -64.878956413309865, -10.595286985051683 ], [ -64.878706413831765, -10.595286985051683 ], [ -64.878706413831765, -10.596036982858834 ], [ -64.878956413309865, -10.596036982858834 ], [ -64.878956413309865, -10.596286982127886 ], [ -64.879956411222281, -10.596286982127886 ], [ -64.879956411222281, -10.596036982858834 ], [ -64.880456410178496, -10.596036982858834 ], [ -64.880456410178496, -10.596786980665987 ], [ -64.880206410700382, -10.596786980665987 ], [ -64.880206410700382, -10.597036979935039 ], [ -64.880956409134697, -10.597036979935039 ], [ -64.880956409134697, -10.597286979204089 ], [ -64.880706409656597, -10.597286979204089 ], [ -64.880706409656597, -10.59778697774219 ], [ -64.880456410178496, -10.59778697774219 ], [ -64.880456410178496, -10.598286976280292 ], [ -64.880206410700382, -10.598286976280292 ], [ -64.880206410700382, -10.598536975549344 ], [ -64.880706409656597, -10.598536975549344 ], [ -64.880706409656597, -10.599036974087445 ], [ -64.880456410178496, -10.599036974087445 ], [ -64.880456410178496, -10.599536972625547 ], [ -64.880706409656597, -10.599536972625547 ], [ -64.880706409656597, -10.599786971894599 ], [ -64.881206408612798, -10.599786971894599 ], [ -64.881206408612798, -10.599286973356495 ], [ -64.881456408090912, -10.599286973356495 ], [ -64.881456408090912, -10.599036974087445 ], [ -64.881706407569013, -10.599036974087445 ], [ -64.881706407569013, -10.598786974818394 ], [ -64.881956407047113, -10.598786974818394 ], [ -64.881956407047113, -10.598536975549344 ], [ -64.882206406525214, -10.598536975549344 ], [ -64.882206406525214, -10.598786974818394 ], [ -64.882956404959529, -10.598786974818394 ], [ -64.882956404959529, -10.599036974087445 ], [ -64.88345640391573, -10.599036974087445 ], [ -64.88345640391573, -10.598036977011242 ], [ -64.88320640443763, -10.598036977011242 ], [ -64.88320640443763, -10.59778697774219 ], [ -64.882956404959529, -10.59778697774219 ], [ -64.882956404959529, -10.597036979935039 ], [ -64.88320640443763, -10.597036979935039 ], [ -64.88320640443763, -10.597286979204089 ], [ -64.883956402871945, -10.597286979204089 ], [ -64.883956402871945, -10.597036979935039 ], [ -64.883706403393845, -10.597036979935039 ], [ -64.883706403393845, -10.596786980665987 ], [ -64.88320640443763, -10.596786980665987 ], [ -64.88320640443763, -10.596536981396937 ], [ -64.882706405481429, -10.596536981396937 ], [ -64.882706405481429, -10.595786983589784 ] ], [ [ -64.881206408612798, -10.59778697774219 ], [ -64.881206408612798, -10.598286976280292 ], [ -64.880956409134697, -10.598286976280292 ], [ -64.880956409134697, -10.598036977011242 ], [ -64.880706409656597, -10.598036977011242 ], [ -64.880706409656597, -10.59778697774219 ], [ -64.881206408612798, -10.59778697774219 ] ], [ [ -64.882706405481429, -10.597286979204089 ], [ -64.882206406525214, -10.597286979204089 ], [ -64.882206406525214, -10.596786980665987 ], [ -64.882456406003314, -10.596786980665987 ], [ -64.882456406003314, -10.596536981396937 ], [ -64.882706405481429, -10.596536981396937 ], [ -64.882706405481429, -10.597286979204089 ] ], [ [ -64.881956407047113, -10.596786980665987 ], [ -64.881956407047113, -10.596536981396937 ], [ -64.882206406525214, -10.596536981396937 ], [ -64.882206406525214, -10.596786980665987 ], [ -64.881956407047113, -10.596786980665987 ] ], [ [ -64.881706407569013, -10.596786980665987 ], [ -64.881206408612798, -10.596786980665987 ], [ -64.881206408612798, -10.596536981396937 ], [ -64.881706407569013, -10.596536981396937 ], [ -64.881706407569013, -10.596786980665987 ] ], [ [ -64.882706405481429, -10.598286976280292 ], [ -64.882206406525214, -10.598286976280292 ], [ -64.882206406525214, -10.598036977011242 ], [ -64.882706405481429, -10.598036977011242 ], [ -64.882706405481429, -10.598286976280292 ] ] ] } },
{ "type": "Feature", "properties": { "DN": 1 }, "geometry": { "type": "Polygon", "coordinates": [ [ [ -64.88320640443763, -10.595036985782631 ], [ -64.88320640443763, -10.595286985051683 ], [ -64.882956404959529, -10.595286985051683 ], [ -64.882956404959529, -10.595536984320733 ], [ -64.882706405481429, -10.595536984320733 ], [ -64.882706405481429, -10.595786983589784 ], [ -64.88320640443763, -10.595786983589784 ], [ -64.88320640443763, -10.596036982858834 ], [ -64.883956402871945, -10.596036982858834 ], [ -64.883956402871945, -10.595786983589784 ], [ -64.883706403393845, -10.595786983589784 ], [ -64.883706403393845, -10.595286985051683 ], [ -64.88345640391573, -10.595286985051683 ], [ -64.88345640391573, -10.595036985782631 ], [ -64.88320640443763, -10.595036985782631 ] ] ] } },
{ "type": "Feature", "properties": { "DN": 1 }, "geometry": { "type": "Polygon", "coordinates": [ [ [ -64.780456618937009, -10.583037020868192 ], [ -64.780456618937009, -10.583537019406293 ], [ -64.78070661841511, -10.583537019406293 ], [ -64.78070661841511, -10.583287020137242 ], [ -64.78095661789321, -10.583287020137242 ], [ -64.78095661789321, -10.583037020868192 ], [ -64.780456618937009, -10.583037020868192 ] ] ] } },
{ "type": "Feature", "properties": { "DN": 1 }, "geometry": { "type": "Polygon", "coordinates": [ [ [ -64.782456614761827, -10.568537063263243 ], [ -64.782456614761827, -10.569037061801344 ], [ -64.782706614239942, -10.569037061801344 ], [ -64.782706614239942, -10.568787062532294 ], [ -64.782956613718042, -10.568787062532294 ], [ -64.782956613718042, -10.568537063263243 ], [ -64.782456614761827, -10.568537063263243 ] ] ] } },
{ "type": "Feature", "properties": { "DN": 1 }, "geometry": { "type": "Polygon", "coordinates": [ [ [ -64.784956609542874, -10.563037079344124 ], [ -64.784956609542874, -10.563287078613175 ], [ -64.785206609020975, -10.563287078613175 ], [ -64.785206609020975, -10.563537077882225 ], [ -64.785456608499075, -10.563537077882225 ], [ -64.785456608499075, -10.563037079344124 ], [ -64.784956609542874, -10.563037079344124 ] ] ] } },
{ "type": "Feature", "properties": { "DN": 1 }, "geometry": { "type": "Polygon", "coordinates": [ [ [ -64.785456608499075, -10.561287084460769 ], [ -64.785456608499075, -10.561537083729819 ], [ -64.785706607977176, -10.561537083729819 ], [ -64.785706607977176, -10.562287081536972 ], [ -64.786456606411491, -10.562287081536972 ], [ -64.786456606411491, -10.561537083729819 ], [ -64.78595660745529, -10.561537083729819 ], [ -64.78595660745529, -10.561287084460769 ], [ -64.785456608499075, -10.561287084460769 ] ] ] } },
{ "type": "Feature", "properties": { "DN": 1 }, "geometry": { "type": "Polygon", "coordinates": [ [ [ -64.78595660745529, -10.557787094694056 ], [ -64.78595660745529, -10.558037093963108 ], [ -64.785706607977176, -10.558037093963108 ], [ -64.785706607977176, -10.559287090308361 ], [ -64.78595660745529, -10.559287090308361 ], [ -64.78595660745529, -10.559537089577413 ], [ -64.786456606411491, -10.559537089577413 ], [ -64.786456606411491, -10.559037091039311 ], [ -64.786706605889592, -10.559037091039311 ], [ -64.786706605889592, -10.55878709177026 ], [ -64.786456606411491, -10.55878709177026 ], [ -64.786456606411491, -10.55853709250121 ], [ -64.786206606933391, -10.55853709250121 ], [ -64.786206606933391, -10.557787094694056 ], [ -64.78595660745529, -10.557787094694056 ] ] ] } },
{ "type": "Feature", "properties": { "DN": 1 }, "geometry": { "type": "Polygon", "coordinates": [ [ [ -64.777956624155962, -10.554287104927345 ], [ -64.778206623634077, -10.554287104927345 ], [ -64.778206623634077, -10.553537107120192 ], [ -64.777967517968563, -10.553537107120192 ], [ -64.777956624155962, -10.553737310475446 ], [ -64.777956624155962, -10.554287104927345 ] ] ] } },
{ "type": "Feature", "properties": { "DN": 1 }, "geometry": { "type": "Polygon", "coordinates": [ [ [ -64.778206623634077, -10.553037108582091 ], [ -64.778206623634077, -10.551537112967786 ], [ -64.778076347444681, -10.551537112967786 ], [ -64.778000354275406, -10.552933650916119 ], [ -64.777994724757235, -10.553037108582091 ], [ -64.778206623634077, -10.553037108582091 ] ] ] } },
{ "type": "Feature", "properties": { "DN": 1 }, "geometry": { "type": "Polygon", "coordinates": [ [ [ -64.778456623112177, -10.549037120277276 ], [ -64.778456623112177, -10.548537121739177 ], [ -64.778239593163534, -10.548537121739177 ], [ -64.778212385543725, -10.549037120277276 ], [ -64.778456623112177, -10.549037120277276 ] ] ] } },
{ "type": "Feature", "properties": { "DN": 1 }, "geometry": { "type": "Polygon", "coordinates": [ [ [ -64.778456623112177, -10.546037129048667 ], [ -64.778956622068378, -10.546037129048667 ], [ -64.778956622068378, -10.545537130510565 ], [ -64.778706622590278, -10.545537130510565 ], [ -64.778706622590278, -10.544037134896261 ], [ -64.778956622068378, -10.544037134896261 ], [ -64.778956622068378, -10.543787135627209 ], [ -64.778706622590278, -10.543787135627209 ], [ -64.778706622590278, -10.543287137089107 ], [ -64.778956622068378, -10.543287137089107 ], [ -64.778956622068378, -10.542037140743854 ], [ -64.778706622590278, -10.542037140743854 ], [ -64.778706622590278, -10.542287140012904 ], [ -64.77857969110984, -10.542287140012904 ], [ -64.778491559682166, -10.543906694974149 ], [ -64.778456623112177, -10.544548729596965 ], [ -64.778456623112177, -10.546037129048667 ] ] ] } },
{ "type": "Feature", "properties": { "DN": 1 }, "geometry": { "type": "Polygon", "coordinates": [ [ [ -64.785456608499075, -10.541287142936701 ], [ -64.785456608499075, -10.541537142205753 ], [ -64.785706607977176, -10.541537142205753 ], [ -64.785706607977176, -10.541287142936701 ], [ -64.785456608499075, -10.541287142936701 ] ] ] } },
{ "type": "Feature", "properties": { "DN": 1 }, "geometry": { "type": "Polygon", "coordinates": [ [ [ -64.834456506207403, -10.596036982858834 ], [ -64.834456506207403, -10.596536981396937 ], [ -64.834206506729302, -10.596536981396937 ], [ -64.834206506729302, -10.596786980665987 ], [ -64.834706505685517, -10.596786980665987 ], [ -64.834706505685517, -10.596036982858834 ], [ -64.834456506207403, -10.596036982858834 ] ] ] } },
{ "type": "Feature", "properties": { "DN": 1 }, "geometry": { "type": "Polygon", "coordinates": [ [ [ -64.806956563615998, -10.594786986513581 ], [ -64.806956563615998, -10.595536984320733 ], [ -64.807706562050313, -10.595536984320733 ], [ -64.807706562050313, -10.594786986513581 ], [ -64.806956563615998, -10.594786986513581 ] ] ] } },
{ "type": "Feature", "properties": { "DN": 1 }, "geometry": { "type": "Polygon", "coordinates": [ [ [ -64.830456514557753, -10.587787006980157 ], [ -64.830456514557753, -10.588037006249209 ], [ -64.830206515079638, -10.588037006249209 ], [ -64.830206515079638, -10.587787006980157 ], [ -64.828956517689122, -10.587787006980157 ], [ -64.828956517689122, -10.588037006249209 ], [ -64.829206517167222, -10.588037006249209 ], [ -64.829206517167222, -10.588287005518259 ], [ -64.828956517689122, -10.588287005518259 ], [ -64.828956517689122, -10.588537004787309 ], [ -64.829206517167222, -10.588537004787309 ], [ -64.829206517167222, -10.588787004056361 ], [ -64.829706516123437, -10.588787004056361 ], [ -64.829706516123437, -10.589537001863514 ], [ -64.830456514557753, -10.589537001863514 ], [ -64.830456514557753, -10.589787001132564 ], [ -64.830706514035853, -10.589787001132564 ], [ -64.830706514035853, -10.589287002594462 ], [ -64.830956513513954, -10.589287002594462 ], [ -64.830956513513954, -10.589037003325412 ], [ -64.830456514557753, -10.589037003325412 ], [ -64.830456514557753, -10.588787004056361 ], [ -64.830706514035853, -10.588787004056361 ], [ -64.830706514035853, -10.588537004787309 ], [ -64.830456514557753, -10.588537004787309 ], [ -64.830456514557753, -10.588287005518259 ], [ -64.830706514035853, -10.588287005518259 ], [ -64.830706514035853, -10.587787006980157 ], [ -64.830456514557753, -10.587787006980157 ] ] ] } },
{ "type": "Feature", "properties": { "DN": 1 }, "geometry": { "type": "Polygon", "coordinates": [ [ [ -64.832706509860685, -10.578787033294327 ], [ -64.832706509860685, -10.579037032563377 ], [ -64.832956509338786, -10.579037032563377 ], [ -64.832956509338786, -10.578787033294327 ], [ -64.832706509860685, -10.578787033294327 ] ] ] } },
{ "type": "Feature", "properties": { "DN": 1 }, "geometry": { "type": "Polygon", "coordinates": [ [ [ -64.827956519776706, -10.578787033294327 ], [ -64.827956519776706, -10.579037032563377 ], [ -64.82820651925482, -10.579037032563377 ], [ -64.82820651925482, -10.578787033294327 ], [ -64.827956519776706, -10.578787033294327 ] ] ] } },
{ "type": "Feature", "properties": { "DN": 1 }, "geometry": { "type": "Polygon", "coordinates": [ [ [ -64.826706522386189, -10.577787036218124 ], [ -64.826706522386189, -10.578287034756226 ], [ -64.82695652186429, -10.578287034756226 ], [ -64.82695652186429, -10.579537031101479 ], [ -64.827206521342404, -10.579537031101479 ], [ -64.827206521342404, -10.579787030370531 ], [ -64.827956519776706, -10.579787030370531 ], [ -64.827956519776706, -10.579287031832429 ], [ -64.827206521342404, -10.579287031832429 ], [ -64.827206521342404, -10.578787033294327 ], [ -64.827706520298605, -10.578787033294327 ], [ -64.827706520298605, -10.578537034025276 ], [ -64.827956519776706, -10.578537034025276 ], [ -64.827956519776706, -10.578037035487174 ], [ -64.827706520298605, -10.578037035487174 ], [ -64.827706520298605, -10.577287037680023 ], [ -64.82695652186429, -10.577287037680023 ], [ -64.82695652186429, -10.577787036218124 ], [ -64.826706522386189, -10.577787036218124 ] ], [ [ -64.827206521342404, -10.577787036218124 ], [ -64.827206521342404, -10.578037035487174 ], [ -64.82695652186429, -10.578037035487174 ], [ -64.82695652186429, -10.577787036218124 ], [ -64.827206521342404, -10.577787036218124 ] ] ] } },
{ "type": "Feature", "properties": { "DN": 1 }, "geometry": { "type": "Polygon", "coordinates": [ [ [ -64.826456522908089, -10.577037038410971 ], [ -64.826456522908089, -10.577787036218124 ], [ -64.826706522386189, -10.577787036218124 ], [ -64.826706522386189, -10.577037038410971 ], [ -64.826456522908089, -10.577037038410971 ] ] ] } },
{ "type": "Feature", "properties": { "DN": 1 }, "geometry": { "type": "Polygon", "coordinates": [ [ [ -64.828456518732921, -10.575787042065716 ], [ -64.828456518732921, -10.576037041334768 ], [ -64.828706518211021, -10.576037041334768 ], [ -64.828706518211021, -10.575787042065716 ], [ -64.828456518732921, -10.575787042065716 ] ] ] } },
{ "type": "Feature", "properties": { "DN": 1 }, "geometry": { "type": "Polygon", "coordinates": [ [ [ -64.829706516123437, -10.540537145129548 ], [ -64.829706516123437, -10.5407871443986 ], [ -64.830206515079638, -10.5407871443986 ], [ -64.830206515079638, -10.540537145129548 ], [ -64.829706516123437, -10.540537145129548 ] ] ] } },
{ "type": "Feature", "properties": { "DN": 1 }, "geometry": { "type": "Polygon", "coordinates": [ [ [ -64.832706509860685, -10.464787366607144 ], [ -64.832706509860685, -10.465287365145247 ], [ -64.832956509338786, -10.465287365145247 ], [ -64.832956509338786, -10.464787366607144 ], [ -64.832706509860685, -10.464787366607144 ] ] ] } },
{ "type": "Feature", "properties": { "DN": 1 }, "geometry": { "type": "Polygon", "coordinates": [ [ [ -64.778706622590278, -10.541537142205753 ], [ -64.778956622068378, -10.541537142205753 ], [ -64.778956622068378, -10.539537148053345 ], [ -64.778729337601206, -10.539537148053345 ], [ -64.778706622590278, -10.53995457245693 ], [ -64.778706622590278, -10.541537142205753 ] ] ] } },
{ "type": "Feature", "properties": { "DN": 1 }, "geometry": { "type": "Polygon", "coordinates": [ [ [ -64.779206621546479, -10.534787161941379 ], [ -64.779206621546479, -10.533037167058023 ], [ -64.779083050624934, -10.533037167058023 ], [ -64.778987818062262, -10.534787161941379 ], [ -64.779206621546479, -10.534787161941379 ] ] ] } },
{ "type": "Feature", "properties": { "DN": 1 }, "geometry": { "type": "Polygon", "coordinates": [ [ [ -64.779206621546479, -10.531537171443718 ], [ -64.779206621546479, -10.53178717071277 ], [ -64.779456621024593, -10.53178717071277 ], [ -64.779456621024593, -10.531537171443718 ], [ -64.779206621546479, -10.531537171443718 ] ] ] } },
{ "type": "Feature", "properties": { "DN": 1 }, "geometry": { "type": "Polygon", "coordinates": [ [ [ -64.779206621546479, -10.530787173636567 ], [ -64.779456621024593, -10.530787173636567 ], [ -64.779456621024593, -10.530537174367515 ], [ -64.779219097143041, -10.530537174367515 ], [ -64.779206621546479, -10.530766426101792 ], [ -64.779206621546479, -10.530787173636567 ] ] ] } },
{ "type": "Feature", "properties": { "DN": 1 }, "geometry": { "type": "Polygon", "coordinates": [ [ [ -64.779706620502694, -10.52278719702694 ], [ -64.779956619980794, -10.52278719702694 ], [ -64.779956619980794, -10.521537200681685 ], [ -64.780206619458895, -10.521537200681685 ], [ -64.780206619458895, -10.521037202143583 ], [ -64.780456618937009, -10.521037202143583 ], [ -64.780456618937009, -10.519037207991177 ], [ -64.780206619458895, -10.519037207991177 ], [ -64.780206619458895, -10.518537209453076 ], [ -64.779956619980794, -10.518537209453076 ], [ -64.779956619980794, -10.519287207260227 ], [ -64.779838134688859, -10.519287207260227 ], [ -64.779706620502694, -10.521656218262999 ], [ -64.779706620502694, -10.52278719702694 ] ] ] } },
{ "type": "Feature", "properties": { "DN": 1 }, "geometry": { "type": "Polygon", "coordinates": [ [ [ -64.779956619980794, -10.517787211645922 ], [ -64.780206619458895, -10.517787211645922 ], [ -64.780206619458895, -10.517037213838769 ], [ -64.780456618937009, -10.517037213838769 ], [ -64.780456618937009, -10.516787214569719 ], [ -64.780206619458895, -10.516787214569719 ], [ -64.780206619458895, -10.516537215300669 ], [ -64.780456618937009, -10.516537215300669 ], [ -64.780456618937009, -10.514787220417313 ], [ -64.780075363615452, -10.514787220417313 ], [ -64.779983413714987, -10.516492365430215 ], [ -64.779956619980794, -10.517028612295526 ], [ -64.779956619980794, -10.517787211645922 ] ] ] } },
{ "type": "Feature", "properties": { "DN": 1 }, "geometry": { "type": "Polygon", "coordinates": [ [ [ -64.780206619458895, -10.513287224803008 ], [ -64.780206619458895, -10.514537221148261 ], [ -64.780456618937009, -10.514537221148261 ], [ -64.780456618937009, -10.513287224803008 ], [ -64.780206619458895, -10.513287224803008 ] ] ] } },
{ "type": "Feature", "properties": { "DN": 1 }, "geometry": { "type": "Polygon", "coordinates": [ [ [ -64.780456618937009, -10.512037228457753 ], [ -64.780456618937009, -10.511537229919652 ], [ -64.780250619268514, -10.511537229919652 ], [ -64.780223656860358, -10.512037228457753 ], [ -64.780456618937009, -10.512037228457753 ] ] ] } },
{ "type": "Feature", "properties": { "DN": 1 }, "geometry": { "type": "Polygon", "coordinates": [ [ [ -64.780456618937009, -10.5112872306506 ], [ -64.780456618937009, -10.510787232112499 ], [ -64.780291062880764, -10.510787232112499 ], [ -64.780264100472593, -10.5112872306506 ], [ -64.780456618937009, -10.5112872306506 ] ] ] } },
{ "type": "Feature", "properties": { "DN": 1 }, "geometry": { "type": "Polygon", "coordinates": [ [ [ -64.780456618937009, -10.510537232843449 ], [ -64.780456618937009, -10.510037234305347 ], [ -64.780331506492999, -10.510037234305347 ], [ -64.780304544084842, -10.510537232843449 ], [ -64.780456618937009, -10.510537232843449 ] ] ] } },
{ "type": "Feature", "properties": { "DN": 1 }, "geometry": { "type": "Polygon", "coordinates": [ [ [ -64.876956417485033, -10.586287011365853 ], [ -64.876956417485033, -10.587037009173004 ], [ -64.877706415919349, -10.587037009173004 ], [ -64.877706415919349, -10.586287011365853 ], [ -64.876956417485033, -10.586287011365853 ] ] ] } },
{ "type": "Feature", "properties": { "DN": 1 }, "geometry": { "type": "Polygon", "coordinates": [ [ [ -64.868456435229518, -10.585787012827751 ], [ -64.868456435229518, -10.586037012096801 ], [ -64.867956436273303, -10.586037012096801 ], [ -64.867956436273303, -10.585787012827751 ], [ -64.867706436795203, -10.585787012827751 ], [ -64.867706436795203, -10.585537013558699 ], [ -64.866956438360887, -10.585537013558699 ], [ -64.866956438360887, -10.586037012096801 ], [ -64.867706436795203, -10.586037012096801 ], [ -64.867706436795203, -10.586287011365853 ], [ -64.867956436273303, -10.586287011365853 ], [ -64.867956436273303, -10.586537010634903 ], [ -64.868456435229518, -10.586537010634903 ], [ -64.868456435229518, -10.586287011365853 ], [ -64.868956434185719, -10.586287011365853 ], [ -64.868956434185719, -10.586787009903954 ], [ -64.868706434707619, -10.586787009903954 ], [ -64.868706434707619, -10.587037009173004 ], [ -64.868206435751404, -10.587037009173004 ], [ -64.868206435751404, -10.587287008442056 ], [ -64.868456435229518, -10.587287008442056 ], [ -64.868456435229518, -10.587787006980157 ], [ -64.868706434707619, -10.587787006980157 ], [ -64.868706434707619, -10.588037006249209 ], [ -64.868956434185719, -10.588037006249209 ], [ -64.868956434185719, -10.587787006980157 ], [ -64.86920643366382, -10.587787006980157 ], [ -64.86920643366382, -10.587287008442056 ], [ -64.868956434185719, -10.587287008442056 ], [ -64.868956434185719, -10.587037009173004 ], [ -64.86920643366382, -10.587037009173004 ], [ -64.86920643366382, -10.585787012827751 ], [ -64.870456431054336, -10.585787012827751 ], [ -64.870456431054336, -10.585537013558699 ], [ -64.870706430532451, -10.585537013558699 ], [ -64.870706430532451, -10.58528701428965 ], [ -64.870456431054336, -10.58528701428965 ], [ -64.870456431054336, -10.584787015751548 ], [ -64.869706432620035, -10.584787015751548 ], [ -64.869706432620035, -10.58528701428965 ], [ -64.86920643366382, -10.58528701428965 ], [ -64.86920643366382, -10.584787015751548 ], [ -64.868456435229518, -10.584787015751548 ], [ -64.868456435229518, -10.58528701428965 ], [ -64.868706434707619, -10.58528701428965 ], [ -64.868706434707619, -10.585787012827751 ], [ -64.868456435229518, -10.585787012827751 ] ], [ [ -64.868956434185719, -10.585787012827751 ], [ -64.868956434185719, -10.586037012096801 ], [ -64.868706434707619, -10.586037012096801 ], [ -64.868706434707619, -10.585787012827751 ], [ -64.868956434185719, -10.585787012827751 ] ] ] } },
{ "type": "Feature", "properties": { "DN": 1 }, "geometry": { "type": "Polygon", "coordinates": [ [ [ -64.867456437317102, -10.584037017944395 ], [ -64.867456437317102, -10.584287017213445 ], [ -64.867206437838988, -10.584287017213445 ], [ -64.867206437838988, -10.584037017944395 ], [ -64.866956438360887, -10.584037017944395 ], [ -64.866956438360887, -10.584287017213445 ], [ -64.866706438882787, -10.584287017213445 ], [ -64.866706438882787, -10.584537016482496 ], [ -64.866456439404686, -10.584537016482496 ], [ -64.866456439404686, -10.584787015751548 ], [ -64.866206439926572, -10.584787015751548 ], [ -64.866206439926572, -10.585037015020598 ], [ -64.865956440448471, -10.585037015020598 ], [ -64.865956440448471, -10.586037012096801 ], [ -64.866206439926572, -10.586037012096801 ], [ -64.866206439926572, -10.586287011365853 ], [ -64.866456439404686, -10.586287011365853 ], [ -64.866456439404686, -10.586037012096801 ], [ -64.866706438882787, -10.586037012096801 ], [ -64.866706438882787, -10.585537013558699 ], [ -64.866956438360887, -10.585537013558699 ], [ -64.866956438360887, -10.58528701428965 ], [ -64.867456437317102, -10.58528701428965 ], [ -64.867456437317102, -10.585037015020598 ], [ -64.867956436273303, -10.585037015020598 ], [ -64.867956436273303, -10.584537016482496 ], [ -64.867706436795203, -10.584537016482496 ], [ -64.867706436795203, -10.584037017944395 ], [ -64.867456437317102, -10.584037017944395 ] ] ] } },
{ "type": "Feature", "properties": { "DN": 1 }, "geometry": { "type": "Polygon", "coordinates": [ [ [ -64.877206416963148, -10.584287017213445 ], [ -64.877206416963148, -10.584537016482496 ], [ -64.876706418006933, -10.584537016482496 ], [ -64.876706418006933, -10.585537013558699 ], [ -64.876956417485033, -10.585537013558699 ], [ -64.876956417485033, -10.586037012096801 ], [ -64.877956415397449, -10.586037012096801 ], [ -64.877956415397449, -10.584537016482496 ], [ -64.877706415919349, -10.584537016482496 ], [ -64.877706415919349, -10.584287017213445 ], [ -64.877206416963148, -10.584287017213445 ] ] ] } },
{ "type": "Feature", "properties": { "DN": 1 }, "geometry": { "type": "Polygon", "coordinates": [ [ [ -64.864706443057955, -10.556037099810702 ], [ -64.864706443057955, -10.556287099079752 ], [ -64.86520644201417, -10.556287099079752 ], [ -64.86520644201417, -10.556037099810702 ], [ -64.864706443057955, -10.556037099810702 ] ] ] } },
{ "type": "Feature", "properties": { "DN": 1 }, "geometry": { "type": "Polygon", "coordinates": [ [ [ -64.844206485853448, -10.444287426544976 ], [ -64.844206485853448, -10.444537425814026 ], [ -64.843956486375347, -10.444537425814026 ], [ -64.843956486375347, -10.445287423621179 ], [ -64.843456487419147, -10.445287423621179 ], [ -64.843456487419147, -10.444787425083078 ], [ -64.842956488462931, -10.444787425083078 ], [ -64.842956488462931, -10.445537422890229 ], [ -64.843206487941032, -10.445537422890229 ], [ -64.843206487941032, -10.446037421428333 ], [ -64.843706486897247, -10.446037421428333 ], [ -64.843706486897247, -10.446537419966434 ], [ -64.844456485331563, -10.446537419966434 ], [ -64.844456485331563, -10.445787422159281 ], [ -64.844206485853448, -10.445787422159281 ], [ -64.844206485853448, -10.445537422890229 ], [ -64.844706484809663, -10.445537422890229 ], [ -64.844706484809663, -10.445287423621179 ], [ -64.844456485331563, -10.445287423621179 ], [ -64.844456485331563, -10.444287426544976 ], [ -64.844206485853448, -10.444287426544976 ] ], [ [ -64.844206485853448, -10.446287420697383 ], [ -64.843956486375347, -10.446287420697383 ], [ -64.843956486375347, -10.446037421428333 ], [ -64.844206485853448, -10.446037421428333 ], [ -64.844206485853448, -10.446287420697383 ] ] ] } },
{ "type": "Feature", "properties": { "DN": 1 }, "geometry": { "type": "Polygon", "coordinates": [ [ [ -64.842956488462931, -10.439537440433011 ], [ -64.842956488462931, -10.43978743970206 ], [ -64.843206487941032, -10.43978743970206 ], [ -64.843206487941032, -10.439537440433011 ], [ -64.842956488462931, -10.439537440433011 ] ] ] } },
{ "type": "Feature", "properties": { "DN": 1 }, "geometry": { "type": "Polygon", "coordinates": [ [ [ -64.842956488462931, -10.438787442625857 ], [ -64.842956488462931, -10.439037441894909 ], [ -64.842706488984831, -10.439037441894909 ], [ -64.842706488984831, -10.439287441163959 ], [ -64.843456487419147, -10.439287441163959 ], [ -64.843456487419147, -10.439037441894909 ], [ -64.843206487941032, -10.439037441894909 ], [ -64.843206487941032, -10.438787442625857 ], [ -64.842956488462931, -10.438787442625857 ] ] ] } },
{ "type": "Feature", "properties": { "DN": 1 }, "geometry": { "type": "Polygon", "coordinates": [ [ [ -64.843956486375347, -10.437287447011553 ], [ -64.843956486375347, -10.437537446280604 ], [ -64.843706486897247, -10.437537446280604 ], [ -64.843706486897247, -10.438537443356807 ], [ -64.844206485853448, -10.438537443356807 ], [ -64.844206485853448, -10.438787442625857 ], [ -64.844456485331563, -10.438787442625857 ], [ -64.844456485331563, -10.438537443356807 ], [ -64.844706484809663, -10.438537443356807 ], [ -64.844706484809663, -10.437537446280604 ], [ -64.844456485331563, -10.437537446280604 ], [ -64.844456485331563, -10.437287447011553 ], [ -64.843956486375347, -10.437287447011553 ] ] ] } },
{ "type": "Feature", "properties": { "DN": 1 }, "geometry": { "type": "Polygon", "coordinates": [ [ [ -64.850206473327944, -10.435537452128196 ], [ -64.850206473327944, -10.435787451397248 ], [ -64.849956473849844, -10.435787451397248 ], [ -64.849956473849844, -10.436787448473451 ], [ -64.850456472806044, -10.436787448473451 ], [ -64.850456472806044, -10.437037447742501 ], [ -64.850706472284145, -10.437037447742501 ], [ -64.850706472284145, -10.436787448473451 ], [ -64.85120647124036, -10.436787448473451 ], [ -64.85120647124036, -10.436537449204399 ], [ -64.85145647071846, -10.436537449204399 ], [ -64.85145647071846, -10.436037450666298 ], [ -64.85120647124036, -10.436037450666298 ], [ -64.85120647124036, -10.435787451397248 ], [ -64.850706472284145, -10.435787451397248 ], [ -64.850706472284145, -10.435537452128196 ], [ -64.850206473327944, -10.435537452128196 ] ] ] } },
{ "type": "Feature", "properties": { "DN": 1 }, "geometry": { "type": "Polygon", "coordinates": [ [ [ -65.010456138792421, -10.616036924382902 ], [ -65.010456138792421, -10.616286923651952 ], [ -65.010956137748636, -10.616286923651952 ], [ -65.010956137748636, -10.616036924382902 ], [ -65.010456138792421, -10.616036924382902 ] ] ] } },
{ "type": "Feature", "properties": { "DN": 1 }, "geometry": { "type": "Polygon", "coordinates": [ [ [ -65.008456142967589, -10.616036924382902 ], [ -65.008456142967589, -10.616286923651952 ], [ -65.008706142445703, -10.616286923651952 ], [ -65.008706142445703, -10.616036924382902 ], [ -65.008456142967589, -10.616036924382902 ] ] ] } },
{ "type": "Feature", "properties": { "DN": 1 }, "geometry": { "type": "Polygon", "coordinates": [ [ [ -64.997956164887242, -10.616036924382902 ], [ -64.997956164887242, -10.616286923651952 ], [ -64.998206164365342, -10.616286923651952 ], [ -64.998206164365342, -10.616036924382902 ], [ -64.997956164887242, -10.616036924382902 ] ] ] } },
{ "type": "Feature", "properties": { "DN": 1 }, "geometry": { "type": "Polygon", "coordinates": [ [ [ -65.008206143489488, -10.615786925113852 ], [ -65.008206143489488, -10.616036924382902 ], [ -65.008456142967589, -10.616036924382902 ], [ -65.008456142967589, -10.615786925113852 ], [ -65.008206143489488, -10.615786925113852 ] ] ] } },
{ "type": "Feature", "properties": { "DN": 1 }, "geometry": { "type": "Polygon", "coordinates": [ [ [ -65.01020613931432, -10.615786925113852 ], [ -65.01020613931432, -10.616036924382902 ], [ -65.010456138792421, -10.616036924382902 ], [ -65.010456138792421, -10.615786925113852 ], [ -65.01020613931432, -10.615786925113852 ] ] ] } },
{ "type": "Feature", "properties": { "DN": 1 }, "geometry": { "type": "Polygon", "coordinates": [ [ [ -65.000206160190174, -10.6155369258448 ], [ -65.000206160190174, -10.615786925113852 ], [ -64.999706161233959, -10.615786925113852 ], [ -64.999706161233959, -10.616286923651952 ], [ -65.000206160190174, -10.616286923651952 ], [ -65.000206160190174, -10.616036924382902 ], [ -65.000456159668275, -10.616036924382902 ], [ -65.000456159668275, -10.6155369258448 ], [ -65.000206160190174, -10.6155369258448 ] ] ] } },
{ "type": "Feature", "properties": { "DN": 1 }, "geometry": { "type": "Polygon", "coordinates": [ [ [ -65.006956146098972, -10.6155369258448 ], [ -65.006956146098972, -10.615786925113852 ], [ -65.007206145577072, -10.615786925113852 ], [ -65.007206145577072, -10.6155369258448 ], [ -65.006956146098972, -10.6155369258448 ] ] ] } },
{ "type": "Feature", "properties": { "DN": 1 }, "geometry": { "type": "Polygon", "coordinates": [ [ [ -65.007706144533287, -10.6155369258448 ], [ -65.007706144533287, -10.615786925113852 ], [ -65.007956144011388, -10.615786925113852 ], [ -65.007956144011388, -10.6155369258448 ], [ -65.007706144533287, -10.6155369258448 ] ] ] } },
{ "type": "Feature", "properties": { "DN": 1 }, "geometry": { "type": "Polygon", "coordinates": [ [ [ -65.007206145577072, -10.615286926575749 ], [ -65.007206145577072, -10.6155369258448 ], [ -65.007706144533287, -10.6155369258448 ], [ -65.007706144533287, -10.615286926575749 ], [ -65.007206145577072, -10.615286926575749 ] ] ] } },
{ "type": "Feature", "properties": { "DN": 1 }, "geometry": { "type": "Polygon", "coordinates": [ [ [ -64.998956162799658, -10.615286926575749 ], [ -64.998956162799658, -10.6155369258448 ], [ -64.999206162277758, -10.6155369258448 ], [ -64.999206162277758, -10.615286926575749 ], [ -64.998956162799658, -10.615286926575749 ] ] ] } },
{ "type": "Feature", "properties": { "DN": 1 }, "geometry": { "type": "Polygon", "coordinates": [ [ [ -65.022706113219499, -10.619786913418665 ], [ -65.022706113219499, -10.619536914149613 ], [ -65.020206118438466, -10.619536914149613 ], [ -65.020206118438466, -10.619286914880563 ], [ -65.019456120004151, -10.619286914880563 ], [ -65.019456120004151, -10.619536914149613 ], [ -65.019956118960366, -10.619536914149613 ], [ -65.019956118960366, -10.619659835845743 ], [ -65.022234687830121, -10.619786913418665 ], [ -65.022706113219499, -10.619786913418665 ] ] ] } },
{ "type": "Feature", "properties": { "DN": 1 }, "geometry": { "type": "Polygon", "coordinates": [ [ [ -65.017706123657433, -10.619286914880563 ], [ -65.015456128354501, -10.619286914880563 ], [ -65.015456128354501, -10.619408830642982 ], [ -65.016761321522253, -10.619481659486976 ], [ -65.017706123657433, -10.619534351843052 ], [ -65.017706123657433, -10.619286914880563 ] ] ] } },
{ "type": "Feature", "properties": { "DN": 1 }, "geometry": { "type": "Polygon", "coordinates": [ [ [ -65.017956123135534, -10.619286914880563 ], [ -65.017956123135534, -10.619536914149613 ], [ -65.018456122091749, -10.619536914149613 ], [ -65.018456122091749, -10.619286914880563 ], [ -65.017956123135534, -10.619286914880563 ] ] ] } },
{ "type": "Feature", "properties": { "DN": 1 }, "geometry": { "type": "Polygon", "coordinates": [ [ [ -65.01395613148587, -10.619286914880563 ], [ -65.01395613148587, -10.619036915611511 ], [ -65.014706129920185, -10.619036915611511 ], [ -65.014706129920185, -10.617786919266258 ], [ -65.014456130442085, -10.617786919266258 ], [ -65.014456130442085, -10.617536919997207 ], [ -65.014206130963984, -10.617536919997207 ], [ -65.014206130963984, -10.617786919266258 ], [ -65.01395613148587, -10.617786919266258 ], [ -65.01395613148587, -10.617536919997207 ], [ -65.013706132007769, -10.617536919997207 ], [ -65.013706132007769, -10.617786919266258 ], [ -65.013206133051568, -10.617786919266258 ], [ -65.013206133051568, -10.618036918535308 ], [ -65.012706134095353, -10.618036918535308 ], [ -65.012706134095353, -10.61853691707341 ], [ -65.013206133051568, -10.61853691707341 ], [ -65.013206133051568, -10.619283282516504 ], [ -65.013271230017196, -10.619286914880563 ], [ -65.01395613148587, -10.619286914880563 ] ] ] } },
{ "type": "Feature", "properties": { "DN": 1 }, "geometry": { "type": "Polygon", "coordinates": [ [ [ -65.021456115828983, -10.614286929499546 ], [ -65.021456115828983, -10.614536928768597 ], [ -65.021706115307097, -10.614536928768597 ], [ -65.021706115307097, -10.614286929499546 ], [ -65.021456115828983, -10.614286929499546 ] ] ] } },
{ "type": "Feature", "properties": { "DN": 1 }, "geometry": { "type": "Polygon", "coordinates": [ [ [ -65.022206114263298, -10.613536931692394 ], [ -65.022206114263298, -10.613786930961444 ], [ -65.022706113219499, -10.613786930961444 ], [ -65.022706113219499, -10.613536931692394 ], [ -65.022206114263298, -10.613536931692394 ] ] ] } },
{ "type": "Feature", "properties": { "DN": 1 }, "geometry": { "type": "Polygon", "coordinates": [ [ [ -65.026456105391063, -10.611786936809038 ], [ -65.026456105391063, -10.612036936078088 ], [ -65.026706104869163, -10.612036936078088 ], [ -65.026706104869163, -10.611786936809038 ], [ -65.026456105391063, -10.611786936809038 ] ] ] } },
{ "type": "Feature", "properties": { "DN": 1 }, "geometry": { "type": "Polygon", "coordinates": [ [ [ -65.03845608034004, -10.610786939732835 ], [ -65.03845608034004, -10.611286938270936 ], [ -65.038706079818141, -10.611286938270936 ], [ -65.038706079818141, -10.611536937539988 ], [ -65.039456078252456, -10.611536937539988 ], [ -65.039456078252456, -10.611786936809038 ], [ -65.039706077730557, -10.611786936809038 ], [ -65.039706077730557, -10.611286938270936 ], [ -65.039456078252456, -10.611286938270936 ], [ -65.039456078252456, -10.611036939001885 ], [ -65.038956079296241, -10.611036939001885 ], [ -65.038956079296241, -10.610786939732835 ], [ -65.03845608034004, -10.610786939732835 ] ] ] } },
{ "type": "Feature", "properties": { "DN": 1 }, "geometry": { "type": "Polygon", "coordinates": [ [ [ -65.041206074599174, -10.610536940463783 ], [ -65.041206074599174, -10.610786939732835 ], [ -65.041456074077288, -10.610786939732835 ], [ -65.041456074077288, -10.611286938270936 ], [ -65.041206074599174, -10.611286938270936 ], [ -65.041206074599174, -10.611536937539988 ], [ -65.041706073555389, -10.611536937539988 ], [ -65.041706073555389, -10.610536940463783 ], [ -65.041206074599174, -10.610536940463783 ] ] ] } },
{ "type": "Feature", "properties": { "DN": 1 }, "geometry": { "type": "Polygon", "coordinates": [ [ [ -65.040956075121073, -10.610786939732835 ], [ -65.040956075121073, -10.611286938270936 ], [ -65.041206074599174, -10.611286938270936 ], [ -65.041206074599174, -10.610786939732835 ], [ -65.040956075121073, -10.610786939732835 ] ] ] } },
{ "type": "Feature", "properties": { "DN": 1 }, "geometry": { "type": "Polygon", "coordinates": [ [ [ -64.997206166452926, -10.614786928037647 ], [ -64.997206166452926, -10.6155369258448 ], [ -64.997706165409127, -10.6155369258448 ], [ -64.997706165409127, -10.614786928037647 ], [ -64.997206166452926, -10.614786928037647 ] ] ] } },
{ "type": "Feature", "properties": { "DN": 1 }, "geometry": { "type": "Polygon", "coordinates": [ [ [ -65.009206141401904, -10.614286929499546 ], [ -65.009206141401904, -10.614536928768597 ], [ -65.008956141923804, -10.614536928768597 ], [ -65.008956141923804, -10.614786928037647 ], [ -65.009206141401904, -10.614786928037647 ], [ -65.009206141401904, -10.615286926575749 ], [ -65.009456140880005, -10.615286926575749 ], [ -65.009456140880005, -10.614286929499546 ], [ -65.009206141401904, -10.614286929499546 ] ] ] } },
{ "type": "Feature", "properties": { "DN": 1 }, "geometry": { "type": "Polygon", "coordinates": [ [ [ -64.99595616906241, -10.614536928768597 ], [ -64.99595616906241, -10.614786928037647 ], [ -64.99620616854051, -10.614786928037647 ], [ -64.99620616854051, -10.614536928768597 ], [ -64.99595616906241, -10.614536928768597 ] ] ] } },
{ "type": "Feature", "properties": { "DN": 1 }, "geometry": { "type": "Polygon", "coordinates": [ [ [ -65.008706142445703, -10.614286929499546 ], [ -65.008706142445703, -10.614536928768597 ], [ -65.008956141923804, -10.614536928768597 ], [ -65.008956141923804, -10.614286929499546 ], [ -65.008706142445703, -10.614286929499546 ] ] ] } },
{ "type": "Feature", "properties": { "DN": 1 }, "geometry": { "type": "Polygon", "coordinates": [ [ [ -65.006706146620871, -10.614286929499546 ], [ -65.006706146620871, -10.614536928768597 ], [ -65.006956146098972, -10.614536928768597 ], [ -65.006956146098972, -10.614286929499546 ], [ -65.006706146620871, -10.614286929499546 ] ] ] } },
{ "type": "Feature", "properties": { "DN": 1 }, "geometry": { "type": "Polygon", "coordinates": [ [ [ -65.006956146098972, -10.614036930230496 ], [ -65.006956146098972, -10.614286929499546 ], [ -65.007206145577072, -10.614286929499546 ], [ -65.007206145577072, -10.614536928768597 ], [ -65.007706144533287, -10.614536928768597 ], [ -65.007706144533287, -10.614036930230496 ], [ -65.006956146098972, -10.614036930230496 ] ] ] } },
{ "type": "Feature", "properties": { "DN": 1 }, "geometry": { "type": "Polygon", "coordinates": [ [ [ -65.008456142967589, -10.614036930230496 ], [ -65.008456142967589, -10.614286929499546 ], [ -65.008706142445703, -10.614286929499546 ], [ -65.008706142445703, -10.614036930230496 ], [ -65.008456142967589, -10.614036930230496 ] ] ] } },
{ "type": "Feature", "properties": { "DN": 1 }, "geometry": { "type": "Polygon", "coordinates": [ [ [ -64.995706169584309, -10.614036930230496 ], [ -64.995706169584309, -10.614286929499546 ], [ -64.996456168018611, -10.614286929499546 ], [ -64.996456168018611, -10.614036930230496 ], [ -64.995706169584309, -10.614036930230496 ] ] ] } },
{ "type": "Feature", "properties": { "DN": 1 }, "geometry": { "type": "Polygon", "coordinates": [ [ [ -64.998956162799658, -10.613286932423343 ], [ -64.998956162799658, -10.613536931692394 ], [ -64.999206162277758, -10.613536931692394 ], [ -64.999206162277758, -10.613286932423343 ], [ -64.998956162799658, -10.613286932423343 ] ] ] } },
{ "type": "Feature", "properties": { "DN": 1 }, "geometry": { "type": "Polygon", "coordinates": [ [ [ -64.997956164887242, -10.613286932423343 ], [ -64.997956164887242, -10.613536931692394 ], [ -64.998206164365342, -10.613536931692394 ], [ -64.998206164365342, -10.613286932423343 ], [ -64.997956164887242, -10.613286932423343 ] ] ] } },
{ "type": "Feature", "properties": { "DN": 1 }, "geometry": { "type": "Polygon", "coordinates": [ [ [ -64.965206233255657, -10.614536928768597 ], [ -64.965206233255657, -10.614786928037647 ], [ -64.965456232733757, -10.614786928037647 ], [ -64.965456232733757, -10.614536928768597 ], [ -64.965206233255657, -10.614536928768597 ] ] ] } },
{ "type": "Feature", "properties": { "DN": 1 }, "geometry": { "type": "Polygon", "coordinates": [ [ [ -64.974206214467387, -10.614286929499546 ], [ -64.974206214467387, -10.614786928037647 ], [ -64.974456213945487, -10.614786928037647 ], [ -64.974456213945487, -10.614286929499546 ], [ -64.974206214467387, -10.614286929499546 ] ] ] } },
{ "type": "Feature", "properties": { "DN": 1 }, "geometry": { "type": "Polygon", "coordinates": [ [ [ -64.965706232211858, -10.614286929499546 ], [ -64.965706232211858, -10.614536928768597 ], [ -64.965956231689958, -10.614536928768597 ], [ -64.965956231689958, -10.614286929499546 ], [ -64.965706232211858, -10.614286929499546 ] ] ] } },
{ "type": "Feature", "properties": { "DN": 1 }, "geometry": { "type": "Polygon", "coordinates": [ [ [ -64.971206220730139, -10.614036930230496 ], [ -64.971206220730139, -10.614286929499546 ], [ -64.971456220208239, -10.614286929499546 ], [ -64.971456220208239, -10.614536928768597 ], [ -64.971706219686354, -10.614536928768597 ], [ -64.971706219686354, -10.614036930230496 ], [ -64.971206220730139, -10.614036930230496 ] ] ] } },
{ "type": "Feature", "properties": { "DN": 1 }, "geometry": { "type": "Polygon", "coordinates": [ [ [ -64.976456209770319, -10.613786930961444 ], [ -64.976456209770319, -10.614036930230496 ], [ -64.97670620924842, -10.614036930230496 ], [ -64.97670620924842, -10.613786930961444 ], [ -64.976456209770319, -10.613786930961444 ] ] ] } },
{ "type": "Feature", "properties": { "DN": 1 }, "geometry": { "type": "Polygon", "coordinates": [ [ [ -64.973706215511172, -10.613536931692394 ], [ -64.973706215511172, -10.613786930961444 ], [ -64.973956214989286, -10.613786930961444 ], [ -64.973956214989286, -10.613536931692394 ], [ -64.973706215511172, -10.613536931692394 ] ] ] } },
{ "type": "Feature", "properties": { "DN": 1 }, "geometry": { "type": "Polygon", "coordinates": [ [ [ -64.974206214467387, -10.613286932423343 ], [ -64.974206214467387, -10.613536931692394 ], [ -64.974456213945487, -10.613536931692394 ], [ -64.974456213945487, -10.613286932423343 ], [ -64.974206214467387, -10.613286932423343 ] ] ] } },
{ "type": "Feature", "properties": { "DN": 1 }, "geometry": { "type": "Polygon", "coordinates": [ [ [ -64.973206216554971, -10.613036933154293 ], [ -64.973206216554971, -10.613286932423343 ], [ -64.97295621707687, -10.613286932423343 ], [ -64.97295621707687, -10.613536931692394 ], [ -64.973206216554971, -10.613536931692394 ], [ -64.973206216554971, -10.613786930961444 ], [ -64.973456216033071, -10.613786930961444 ], [ -64.973456216033071, -10.613286932423343 ], [ -64.974206214467387, -10.613286932423343 ], [ -64.974206214467387, -10.613036933154293 ], [ -64.973206216554971, -10.613036933154293 ] ] ] } },
{ "type": "Feature", "properties": { "DN": 1 }, "geometry": { "type": "Polygon", "coordinates": [ [ [ -64.964456234821341, -10.612286935347139 ], [ -64.964456234821341, -10.612786933885241 ], [ -64.965206233255657, -10.612786933885241 ], [ -64.965206233255657, -10.612286935347139 ], [ -64.964456234821341, -10.612286935347139 ] ] ] } },
{ "type": "Feature", "properties": { "DN": 1 }, "geometry": { "type": "Polygon", "coordinates": [ [ [ -64.963956235865126, -10.612036936078088 ], [ -64.963956235865126, -10.612286935347139 ], [ -64.964206235343241, -10.612286935347139 ], [ -64.964206235343241, -10.612036936078088 ], [ -64.963956235865126, -10.612036936078088 ] ] ] } },
{ "type": "Feature", "properties": { "DN": 1 }, "geometry": { "type": "Polygon", "coordinates": [ [ [ -65.00520614975224, -10.611536937539988 ], [ -65.00520614975224, -10.611786936809038 ], [ -65.005456149230355, -10.611786936809038 ], [ -65.005456149230355, -10.612036936078088 ], [ -65.005706148708455, -10.612036936078088 ], [ -65.005706148708455, -10.613036933154293 ], [ -65.005456149230355, -10.613036933154293 ], [ -65.005456149230355, -10.613286932423343 ], [ -65.00520614975224, -10.613286932423343 ], [ -65.00520614975224, -10.613536931692394 ], [ -65.004706150796039, -10.613536931692394 ], [ -65.004706150796039, -10.613036933154293 ], [ -65.004456151317939, -10.613036933154293 ], [ -65.004456151317939, -10.613786930961444 ], [ -65.004706150796039, -10.613786930961444 ], [ -65.004706150796039, -10.614286929499546 ], [ -65.004456151317939, -10.614286929499546 ], [ -65.004456151317939, -10.614536928768597 ], [ -65.004206151839824, -10.614536928768597 ], [ -65.004206151839824, -10.615286926575749 ], [ -65.00520614975224, -10.615286926575749 ], [ -65.00520614975224, -10.614786928037647 ], [ -65.005456149230355, -10.614786928037647 ], [ -65.005456149230355, -10.614536928768597 ], [ -65.005706148708455, -10.614536928768597 ], [ -65.005706148708455, -10.614286929499546 ], [ -65.005956148186556, -10.614286929499546 ], [ -65.005956148186556, -10.613286932423343 ], [ -65.006206147664656, -10.613286932423343 ], [ -65.006206147664656, -10.612786933885241 ], [ -65.006706146620871, -10.612786933885241 ], [ -65.006706146620871, -10.612036936078088 ], [ -65.006456147142757, -10.612036936078088 ], [ -65.006456147142757, -10.611786936809038 ], [ -65.005956148186556, -10.611786936809038 ], [ -65.005956148186556, -10.611536937539988 ], [ -65.00520614975224, -10.611536937539988 ] ] ] } },
{ "type": "Feature", "properties": { "DN": 1 }, "geometry": { "type": "Polygon", "coordinates": [ [ [ -64.999456161755859, -10.613036933154293 ], [ -64.999456161755859, -10.613536931692394 ], [ -64.999706161233959, -10.613536931692394 ], [ -64.999706161233959, -10.613036933154293 ], [ -64.999456161755859, -10.613036933154293 ] ] ] } },
{ "type": "Feature", "properties": { "DN": 1 }, "geometry": { "type": "Polygon", "coordinates": [ [ [ -65.003706152883623, -10.613036933154293 ], [ -65.003706152883623, -10.613286932423343 ], [ -65.003956152361724, -10.613286932423343 ], [ -65.003956152361724, -10.613036933154293 ], [ -65.003706152883623, -10.613036933154293 ] ] ] } },
{ "type": "Feature", "properties": { "DN": 1 }, "geometry": { "type": "Polygon", "coordinates": [ [ [ -65.001456157580691, -10.611536937539988 ], [ -65.001456157580691, -10.611786936809038 ], [ -65.00120615810259, -10.611786936809038 ], [ -65.00120615810259, -10.611536937539988 ], [ -65.000706159146375, -10.611536937539988 ], [ -65.000706159146375, -10.612286935347139 ], [ -65.000956158624476, -10.612286935347139 ], [ -65.000956158624476, -10.612786933885241 ], [ -65.00120615810259, -10.612786933885241 ], [ -65.00120615810259, -10.613036933154293 ], [ -65.000956158624476, -10.613036933154293 ], [ -65.000956158624476, -10.613536931692394 ], [ -65.001456157580691, -10.613536931692394 ], [ -65.001456157580691, -10.613786930961444 ], [ -65.001706157058791, -10.613786930961444 ], [ -65.001706157058791, -10.613536931692394 ], [ -65.003206153927408, -10.613536931692394 ], [ -65.003206153927408, -10.613286932423343 ], [ -65.002956154449308, -10.613286932423343 ], [ -65.002956154449308, -10.613036933154293 ], [ -65.002706154971207, -10.613036933154293 ], [ -65.002706154971207, -10.613286932423343 ], [ -65.001956156536892, -10.613286932423343 ], [ -65.001956156536892, -10.611786936809038 ], [ -65.001706157058791, -10.611786936809038 ], [ -65.001706157058791, -10.611536937539988 ], [ -65.001456157580691, -10.611536937539988 ] ] ] } },
{ "type": "Feature", "properties": { "DN": 1 }, "geometry": { "type": "Polygon", "coordinates": [ [ [ -65.00520614975224, -10.612286935347139 ], [ -65.00520614975224, -10.612536934616191 ], [ -65.005456149230355, -10.612536934616191 ], [ -65.005456149230355, -10.612286935347139 ], [ -65.00520614975224, -10.612286935347139 ] ] ] } },
{ "type": "Feature", "properties": { "DN": 1 }, "geometry": { "type": "Polygon", "coordinates": [ [ [ -65.003956152361724, -10.612036936078088 ], [ -65.003956152361724, -10.612786933885241 ], [ -65.004206151839824, -10.612786933885241 ], [ -65.004206151839824, -10.612036936078088 ], [ -65.003956152361724, -10.612036936078088 ] ] ] } },
{ "type": "Feature", "properties": { "DN": 1 }, "geometry": { "type": "Polygon", "coordinates": [ [ [ -65.004456151317939, -10.612036936078088 ], [ -65.004456151317939, -10.612786933885241 ], [ -65.004706150796039, -10.612786933885241 ], [ -65.004706150796039, -10.612036936078088 ], [ -65.004456151317939, -10.612036936078088 ] ] ] } },
{ "type": "Feature", "properties": { "DN": 1 }, "geometry": { "type": "Polygon", "coordinates": [ [ [ -65.00495615027414, -10.612036936078088 ], [ -65.00495615027414, -10.612286935347139 ], [ -65.00520614975224, -10.612286935347139 ], [ -65.00520614975224, -10.612036936078088 ], [ -65.00495615027414, -10.612036936078088 ] ] ] } },
{ "type": "Feature", "properties": { "DN": 1 }, "geometry": { "type": "Polygon", "coordinates": [ [ [ -64.99595616906241, -10.611286938270936 ], [ -64.99595616906241, -10.612286935347139 ], [ -64.99620616854051, -10.612286935347139 ], [ -64.99620616854051, -10.612536934616191 ], [ -64.996456168018611, -10.612536934616191 ], [ -64.996456168018611, -10.612286935347139 ], [ -64.996706167496711, -10.612286935347139 ], [ -64.996706167496711, -10.611286938270936 ], [ -64.99595616906241, -10.611286938270936 ] ] ] } },
{ "type": "Feature", "properties": { "DN": 1 }, "geometry": { "type": "Polygon", "coordinates": [ [ [ -65.004706150796039, -10.611786936809038 ], [ -65.004706150796039, -10.612036936078088 ], [ -65.00495615027414, -10.612036936078088 ], [ -65.00495615027414, -10.611786936809038 ], [ -65.004706150796039, -10.611786936809038 ] ] ] } },
{ "type": "Feature", "properties": { "DN": 1 }, "geometry": { "type": "Polygon", "coordinates": [ [ [ -65.004456151317939, -10.611536937539988 ], [ -65.004456151317939, -10.611786936809038 ], [ -65.004706150796039, -10.611786936809038 ], [ -65.004706150796039, -10.611536937539988 ], [ -65.004456151317939, -10.611536937539988 ] ] ] } },
{ "type": "Feature", "properties": { "DN": 1 }, "geometry": { "type": "Polygon", "coordinates": [ [ [ -65.004706150796039, -10.611286938270936 ], [ -65.004706150796039, -10.611536937539988 ], [ -65.00520614975224, -10.611536937539988 ], [ -65.00520614975224, -10.611286938270936 ], [ -65.004706150796039, -10.611286938270936 ] ] ] } },
{ "type": "Feature", "properties": { "DN": 1 }, "geometry": { "type": "Polygon", "coordinates": [ [ [ -65.008206143489488, -10.611036939001885 ], [ -65.008206143489488, -10.611536937539988 ], [ -65.008456142967589, -10.611536937539988 ], [ -65.008456142967589, -10.611286938270936 ], [ -65.008706142445703, -10.611286938270936 ], [ -65.008706142445703, -10.611036939001885 ], [ -65.008206143489488, -10.611036939001885 ] ] ] } },
{ "type": "Feature", "properties": { "DN": 1 }, "geometry": { "type": "Polygon", "coordinates": [ [ [ -65.006956146098972, -10.611036939001885 ], [ -65.006956146098972, -10.611536937539988 ], [ -65.007206145577072, -10.611536937539988 ], [ -65.007206145577072, -10.611036939001885 ], [ -65.006956146098972, -10.611036939001885 ] ] ] } },
{ "type": "Feature", "properties": { "DN": 1 }, "geometry": { "type": "Polygon", "coordinates": [ [ [ -65.004206151839824, -10.611036939001885 ], [ -65.004206151839824, -10.611286938270936 ], [ -65.004706150796039, -10.611286938270936 ], [ -65.004706150796039, -10.611036939001885 ], [ -65.004206151839824, -10.611036939001885 ] ] ] } },
{ "type": "Feature", "properties": { "DN": 1 }, "geometry": { "type": "Polygon", "coordinates": [ [ [ -65.003706152883623, -10.611036939001885 ], [ -65.003706152883623, -10.611286938270936 ], [ -65.003956152361724, -10.611286938270936 ], [ -65.003956152361724, -10.611036939001885 ], [ -65.003706152883623, -10.611036939001885 ] ] ] } },
{ "type": "Feature", "properties": { "DN": 1 }, "geometry": { "type": "Polygon", "coordinates": [ [ [ -65.005956148186556, -10.610786939732835 ], [ -65.005956148186556, -10.611286938270936 ], [ -65.006206147664656, -10.611286938270936 ], [ -65.006206147664656, -10.610786939732835 ], [ -65.005956148186556, -10.610786939732835 ] ] ] } },
{ "type": "Feature", "properties": { "DN": 1 }, "geometry": { "type": "Polygon", "coordinates": [ [ [ -65.007206145577072, -10.610786939732835 ], [ -65.007206145577072, -10.611036939001885 ], [ -65.007456145055173, -10.611036939001885 ], [ -65.007456145055173, -10.610786939732835 ], [ -65.007206145577072, -10.610786939732835 ] ] ] } },
{ "type": "Feature", "properties": { "DN": 1 }, "geometry": { "type": "Polygon", "coordinates": [ [ [ -65.008706142445703, -10.610786939732835 ], [ -65.008706142445703, -10.611036939001885 ], [ -65.008956141923804, -10.611036939001885 ], [ -65.008956141923804, -10.610786939732835 ], [ -65.008706142445703, -10.610786939732835 ] ] ] } },
{ "type": "Feature", "properties": { "DN": 1 }, "geometry": { "type": "Polygon", "coordinates": [ [ [ -65.003956152361724, -10.610786939732835 ], [ -65.003956152361724, -10.611036939001885 ], [ -65.004206151839824, -10.611036939001885 ], [ -65.004206151839824, -10.610786939732835 ], [ -65.003956152361724, -10.610786939732835 ] ] ] } },
{ "type": "Feature", "properties": { "DN": 1 }, "geometry": { "type": "Polygon", "coordinates": [ [ [ -65.008956141923804, -10.610536940463783 ], [ -65.008956141923804, -10.610786939732835 ], [ -65.009456140880005, -10.610786939732835 ], [ -65.009456140880005, -10.610536940463783 ], [ -65.008956141923804, -10.610536940463783 ] ] ] } },
{ "type": "Feature", "properties": { "DN": 1 }, "geometry": { "type": "Polygon", "coordinates": [ [ [ -65.004456151317939, -10.609786942656632 ], [ -65.004456151317939, -10.610286941194733 ], [ -65.004206151839824, -10.610286941194733 ], [ -65.004206151839824, -10.610786939732835 ], [ -65.004706150796039, -10.610786939732835 ], [ -65.004706150796039, -10.611036939001885 ], [ -65.00520614975224, -10.611036939001885 ], [ -65.00520614975224, -10.611286938270936 ], [ -65.005456149230355, -10.611286938270936 ], [ -65.005456149230355, -10.610786939732835 ], [ -65.005956148186556, -10.610786939732835 ], [ -65.005956148186556, -10.610536940463783 ], [ -65.005706148708455, -10.610536940463783 ], [ -65.005706148708455, -10.610286941194733 ], [ -65.004706150796039, -10.610286941194733 ], [ -65.004706150796039, -10.609786942656632 ], [ -65.004456151317939, -10.609786942656632 ] ] ] } },
{ "type": "Feature", "properties": { "DN": 1 }, "geometry": { "type": "Polygon", "coordinates": [ [ [ -65.009456140880005, -10.610286941194733 ], [ -65.009456140880005, -10.610536940463783 ], [ -65.009706140358105, -10.610536940463783 ], [ -65.009706140358105, -10.610286941194733 ], [ -65.009456140880005, -10.610286941194733 ] ] ] } },
{ "type": "Feature", "properties": { "DN": 1 }, "geometry": { "type": "Polygon", "coordinates": [ [ [ -64.998706163321543, -10.610786939732835 ], [ -64.998956162799658, -10.610786939732835 ], [ -64.998956162799658, -10.610536940463783 ], [ -64.999206162277758, -10.610536940463783 ], [ -64.999206162277758, -10.609786942656632 ], [ -64.999706161233959, -10.609786942656632 ], [ -64.999706161233959, -10.610286941194733 ], [ -65.000456159668275, -10.610286941194733 ], [ -65.000456159668275, -10.609786942656632 ], [ -65.000706159146375, -10.609786942656632 ], [ -65.000706159146375, -10.610036941925681 ], [ -65.00120615810259, -10.610036941925681 ], [ -65.00120615810259, -10.609786942656632 ], [ -65.000956158624476, -10.609786942656632 ], [ -65.000956158624476, -10.60953694338758 ], [ -64.999706161233959, -10.60953694338758 ], [ -64.999706161233959, -10.60928694411853 ], [ -64.999456161755859, -10.60928694411853 ], [ -64.999456161755859, -10.608786945580428 ], [ -64.999206162277758, -10.608786945580428 ], [ -64.999206162277758, -10.609036944849478 ], [ -64.998956162799658, -10.609036944849478 ], [ -64.998956162799658, -10.609786942656632 ], [ -64.997956164887242, -10.609786942656632 ], [ -64.997956164887242, -10.610036941925681 ], [ -64.998206164365342, -10.610036941925681 ], [ -64.998206164365342, -10.610286941194733 ], [ -64.998706163321543, -10.610286941194733 ], [ -64.998706163321543, -10.610786939732835 ] ], [ [ -64.998706163321543, -10.610036941925681 ], [ -64.998956162799658, -10.610036941925681 ], [ -64.998956162799658, -10.610286941194733 ], [ -64.998706163321543, -10.610286941194733 ], [ -64.998706163321543, -10.610036941925681 ] ] ] } },
{ "type": "Feature", "properties": { "DN": 1 }, "geometry": { "type": "Polygon", "coordinates": [ [ [ -65.009206141401904, -10.60928694411853 ], [ -65.009206141401904, -10.609786942656632 ], [ -65.009456140880005, -10.609786942656632 ], [ -65.009456140880005, -10.60953694338758 ], [ -65.009706140358105, -10.60953694338758 ], [ -65.009706140358105, -10.60928694411853 ], [ -65.009206141401904, -10.60928694411853 ] ] ] } },
{ "type": "Feature", "properties": { "DN": 1 }, "geometry": { "type": "Polygon", "coordinates": [ [ [ -64.998206164365342, -10.609036944849478 ], [ -64.998206164365342, -10.60928694411853 ], [ -64.998456163843443, -10.60928694411853 ], [ -64.998456163843443, -10.609036944849478 ], [ -64.998206164365342, -10.609036944849478 ] ] ] } },
{ "type": "Feature", "properties": { "DN": 1 }, "geometry": { "type": "Polygon", "coordinates": [ [ [ -64.998206164365342, -10.608536946311377 ], [ -64.998206164365342, -10.608786945580428 ], [ -64.998706163321543, -10.608786945580428 ], [ -64.998706163321543, -10.609036944849478 ], [ -64.998956162799658, -10.609036944849478 ], [ -64.998956162799658, -10.608536946311377 ], [ -64.998206164365342, -10.608536946311377 ] ] ] } },
{ "type": "Feature", "properties": { "DN": 1 }, "geometry": { "type": "Polygon", "coordinates": [ [ [ -64.995706169584309, -10.608536946311377 ], [ -64.995706169584309, -10.608786945580428 ], [ -64.99595616906241, -10.608786945580428 ], [ -64.99595616906241, -10.609036944849478 ], [ -64.996456168018611, -10.609036944849478 ], [ -64.996456168018611, -10.608536946311377 ], [ -64.995706169584309, -10.608536946311377 ] ] ] } },
{ "type": "Feature", "properties": { "DN": 1 }, "geometry": { "type": "Polygon", "coordinates": [ [ [ -65.008706142445703, -10.608536946311377 ], [ -65.008706142445703, -10.609036944849478 ], [ -65.009206141401904, -10.609036944849478 ], [ -65.009206141401904, -10.608786945580428 ], [ -65.009456140880005, -10.608786945580428 ], [ -65.009456140880005, -10.608536946311377 ], [ -65.008706142445703, -10.608536946311377 ] ] ] } },
{ "type": "Feature", "properties": { "DN": 1 }, "geometry": { "type": "Polygon", "coordinates": [ [ [ -64.997706165409127, -10.608286947042327 ], [ -64.997706165409127, -10.608536946311377 ], [ -64.997956164887242, -10.608536946311377 ], [ -64.997956164887242, -10.608286947042327 ], [ -64.997706165409127, -10.608286947042327 ] ] ] } },
{ "type": "Feature", "properties": { "DN": 1 }, "geometry": { "type": "Polygon", "coordinates": [ [ [ -64.985456190982049, -10.60953694338758 ], [ -64.985456190982049, -10.609786942656632 ], [ -64.985206191503949, -10.609786942656632 ], [ -64.985206191503949, -10.610286941194733 ], [ -64.985456190982049, -10.610286941194733 ], [ -64.985456190982049, -10.610786939732835 ], [ -64.985706190460149, -10.610786939732835 ], [ -64.985706190460149, -10.60953694338758 ], [ -64.985456190982049, -10.60953694338758 ] ] ] } },
{ "type": "Feature", "properties": { "DN": 1 }, "geometry": { "type": "Polygon", "coordinates": [ [ [ -64.990456180544129, -10.60953694338758 ], [ -64.990456180544129, -10.609786942656632 ], [ -64.990206181066029, -10.609786942656632 ], [ -64.990206181066029, -10.610286941194733 ], [ -64.990706180022229, -10.610286941194733 ], [ -64.990706180022229, -10.60953694338758 ], [ -64.990456180544129, -10.60953694338758 ] ] ] } },
{ "type": "Feature", "properties": { "DN": 1 }, "geometry": { "type": "Polygon", "coordinates": [ [ [ -64.982956196201016, -10.609036944849478 ], [ -64.982956196201016, -10.60928694411853 ], [ -64.982706196722916, -10.60928694411853 ], [ -64.982706196722916, -10.610286941194733 ], [ -64.983706194635332, -10.610286941194733 ], [ -64.983706194635332, -10.611036939001885 ], [ -64.984206193591532, -10.611036939001885 ], [ -64.984206193591532, -10.610536940463783 ], [ -64.984456193069633, -10.610536940463783 ], [ -64.984456193069633, -10.610286941194733 ], [ -64.984706192547733, -10.610286941194733 ], [ -64.984706192547733, -10.60953694338758 ], [ -64.984456193069633, -10.60953694338758 ], [ -64.984456193069633, -10.608786945580428 ], [ -64.984206193591532, -10.608786945580428 ], [ -64.984206193591532, -10.608536946311377 ], [ -64.983456195157217, -10.608536946311377 ], [ -64.983456195157217, -10.608786945580428 ], [ -64.983206195679116, -10.608786945580428 ], [ -64.983206195679116, -10.609036944849478 ], [ -64.982956196201016, -10.609036944849478 ] ], [ [ -64.983456195157217, -10.609036944849478 ], [ -64.983456195157217, -10.60928694411853 ], [ -64.983206195679116, -10.60928694411853 ], [ -64.983206195679116, -10.609036944849478 ], [ -64.983456195157217, -10.609036944849478 ] ] ] } },
{ "type": "Feature", "properties": { "DN": 1 }, "geometry": { "type": "Polygon", "coordinates": [ [ [ -64.989456182631713, -10.60928694411853 ], [ -64.989456182631713, -10.60953694338758 ], [ -64.990206181066029, -10.60953694338758 ], [ -64.990206181066029, -10.60928694411853 ], [ -64.989456182631713, -10.60928694411853 ] ] ] } },
{ "type": "Feature", "properties": { "DN": 1 }, "geometry": { "type": "Polygon", "coordinates": [ [ [ -64.989206183153613, -10.608286947042327 ], [ -64.988706184197397, -10.608286947042327 ], [ -64.988706184197397, -10.609036944849478 ], [ -64.989206183153613, -10.609036944849478 ], [ -64.989206183153613, -10.60928694411853 ], [ -64.989456182631713, -10.60928694411853 ], [ -64.989456182631713, -10.609036944849478 ], [ -64.990206181066029, -10.609036944849478 ], [ -64.990206181066029, -10.608786945580428 ], [ -64.990456180544129, -10.608786945580428 ], [ -64.990456180544129, -10.60928694411853 ], [ -64.990706180022229, -10.60928694411853 ], [ -64.990706180022229, -10.60953694338758 ], [ -64.99095617950033, -10.60953694338758 ], [ -64.99095617950033, -10.609036944849478 ], [ -64.990706180022229, -10.609036944849478 ], [ -64.990706180022229, -10.608286947042327 ], [ -64.990456180544129, -10.608286947042327 ], [ -64.990456180544129, -10.608536946311377 ], [ -64.989206183153613, -10.608536946311377 ], [ -64.989206183153613, -10.608286947042327 ] ], [ [ -64.989206183153613, -10.608786945580428 ], [ -64.988956183675498, -10.608786945580428 ], [ -64.988956183675498, -10.608536946311377 ], [ -64.989206183153613, -10.608536946311377 ], [ -64.989206183153613, -10.608786945580428 ] ] ] } },
{ "type": "Feature", "properties": { "DN": 1 }, "geometry": { "type": "Polygon", "coordinates": [ [ [ -64.984956192025848, -10.608036947773275 ], [ -64.984956192025848, -10.608286947042327 ], [ -64.984706192547733, -10.608286947042327 ], [ -64.984706192547733, -10.608036947773275 ], [ -64.984456193069633, -10.608036947773275 ], [ -64.984456193069633, -10.608786945580428 ], [ -64.984706192547733, -10.608786945580428 ], [ -64.984706192547733, -10.608536946311377 ], [ -64.985206191503949, -10.608536946311377 ], [ -64.985206191503949, -10.608036947773275 ], [ -64.984956192025848, -10.608036947773275 ] ] ] } },
{ "type": "Feature", "properties": { "DN": 1 }, "geometry": { "type": "Polygon", "coordinates": [ [ [ -64.99095617950033, -10.608036947773275 ], [ -64.99095617950033, -10.608536946311377 ], [ -64.99120617897843, -10.608536946311377 ], [ -64.99120617897843, -10.608286947042327 ], [ -64.991456178456545, -10.608286947042327 ], [ -64.991456178456545, -10.608036947773275 ], [ -64.99095617950033, -10.608036947773275 ] ] ] } },
{ "type": "Feature", "properties": { "DN": 1 }, "geometry": { "type": "Polygon", "coordinates": [ [ [ -64.991456178456545, -10.607786948504224 ], [ -64.991456178456545, -10.608036947773275 ], [ -64.991706177934645, -10.608036947773275 ], [ -64.991706177934645, -10.607786948504224 ], [ -64.991456178456545, -10.607786948504224 ] ] ] } },
{ "type": "Feature", "properties": { "DN": 1 }, "geometry": { "type": "Polygon", "coordinates": [ [ [ -64.989206183153613, -10.607286949966122 ], [ -64.989206183153613, -10.607786948504224 ], [ -64.989456182631713, -10.607786948504224 ], [ -64.989456182631713, -10.607286949966122 ], [ -64.989206183153613, -10.607286949966122 ] ] ] } },
{ "type": "Feature", "properties": { "DN": 1 }, "geometry": { "type": "Polygon", "coordinates": [ [ [ -64.984456193069633, -10.60678695142802 ], [ -64.984456193069633, -10.607286949966122 ], [ -64.984706192547733, -10.607286949966122 ], [ -64.984706192547733, -10.607786948504224 ], [ -64.985206191503949, -10.607786948504224 ], [ -64.985206191503949, -10.60678695142802 ], [ -64.984456193069633, -10.60678695142802 ] ] ] } },
{ "type": "Feature", "properties": { "DN": 1 }, "geometry": { "type": "Polygon", "coordinates": [ [ [ -65.002956154449308, -10.608286947042327 ], [ -65.002956154449308, -10.608536946311377 ], [ -65.003206153927408, -10.608536946311377 ], [ -65.003206153927408, -10.608286947042327 ], [ -65.002956154449308, -10.608286947042327 ] ] ] } },
{ "type": "Feature", "properties": { "DN": 1 }, "geometry": { "type": "Polygon", "coordinates": [ [ [ -64.994706171671893, -10.608036947773275 ], [ -64.994706171671893, -10.608286947042327 ], [ -64.994456172193779, -10.608286947042327 ], [ -64.994456172193779, -10.608536946311377 ], [ -64.995456170106195, -10.608536946311377 ], [ -64.995456170106195, -10.608286947042327 ], [ -64.995206170628094, -10.608286947042327 ], [ -64.995206170628094, -10.608036947773275 ], [ -64.994706171671893, -10.608036947773275 ] ] ] } },
{ "type": "Feature", "properties": { "DN": 1 }, "geometry": { "type": "Polygon", "coordinates": [ [ [ -64.997956164887242, -10.608036947773275 ], [ -64.997956164887242, -10.608286947042327 ], [ -64.998206164365342, -10.608286947042327 ], [ -64.998206164365342, -10.608036947773275 ], [ -64.997956164887242, -10.608036947773275 ] ] ] } },
{ "type": "Feature", "properties": { "DN": 1 }, "geometry": { "type": "Polygon", "coordinates": [ [ [ -65.003206153927408, -10.608036947773275 ], [ -65.003206153927408, -10.608286947042327 ], [ -65.003456153405523, -10.608286947042327 ], [ -65.003456153405523, -10.608036947773275 ], [ -65.003206153927408, -10.608036947773275 ] ] ] } },
{ "type": "Feature", "properties": { "DN": 1 }, "geometry": { "type": "Polygon", "coordinates": [ [ [ -65.000706159146375, -10.608036947773275 ], [ -65.000706159146375, -10.608286947042327 ], [ -65.000956158624476, -10.608286947042327 ], [ -65.000956158624476, -10.608036947773275 ], [ -65.000706159146375, -10.608036947773275 ] ] ] } },
{ "type": "Feature", "properties": { "DN": 1 }, "geometry": { "type": "Polygon", "coordinates": [ [ [ -64.996706167496711, -10.608036947773275 ], [ -64.996706167496711, -10.608286947042327 ], [ -64.996956166974826, -10.608286947042327 ], [ -64.996956166974826, -10.608036947773275 ], [ -64.996706167496711, -10.608036947773275 ] ] ] } },
{ "type": "Feature", "properties": { "DN": 1 }, "geometry": { "type": "Polygon", "coordinates": [ [ [ -64.99620616854051, -10.608036947773275 ], [ -64.99620616854051, -10.608286947042327 ], [ -64.996456168018611, -10.608286947042327 ], [ -64.996456168018611, -10.608036947773275 ], [ -64.99620616854051, -10.608036947773275 ] ] ] } },
{ "type": "Feature", "properties": { "DN": 1 }, "geometry": { "type": "Polygon", "coordinates": [ [ [ -65.001456157580691, -10.607286949966122 ], [ -65.001456157580691, -10.607786948504224 ], [ -65.00120615810259, -10.607786948504224 ], [ -65.00120615810259, -10.608286947042327 ], [ -65.000956158624476, -10.608286947042327 ], [ -65.000956158624476, -10.608536946311377 ], [ -65.00120615810259, -10.608536946311377 ], [ -65.00120615810259, -10.608786945580428 ], [ -65.001456157580691, -10.608786945580428 ], [ -65.001456157580691, -10.608536946311377 ], [ -65.001706157058791, -10.608536946311377 ], [ -65.001706157058791, -10.608036947773275 ], [ -65.001956156536892, -10.608036947773275 ], [ -65.001956156536892, -10.607786948504224 ], [ -65.001706157058791, -10.607786948504224 ], [ -65.001706157058791, -10.607536949235174 ], [ -65.001956156536892, -10.607536949235174 ], [ -65.001956156536892, -10.607286949966122 ], [ -65.001456157580691, -10.607286949966122 ] ] ] } },
{ "type": "Feature", "properties": { "DN": 1 }, "geometry": { "type": "Polygon", "coordinates": [ [ [ -64.996456168018611, -10.607786948504224 ], [ -64.996456168018611, -10.608036947773275 ], [ -64.996706167496711, -10.608036947773275 ], [ -64.996706167496711, -10.607786948504224 ], [ -64.996456168018611, -10.607786948504224 ] ] ] } },
{ "type": "Feature", "properties": { "DN": 1 }, "geometry": { "type": "Polygon", "coordinates": [ [ [ -65.009706140358105, -10.60678695142802 ], [ -65.009706140358105, -10.607036950697072 ], [ -65.01020613931432, -10.607036950697072 ], [ -65.01020613931432, -10.607286949966122 ], [ -65.009706140358105, -10.607286949966122 ], [ -65.009706140358105, -10.607786948504224 ], [ -65.009456140880005, -10.607786948504224 ], [ -65.009456140880005, -10.607036950697072 ], [ -65.009206141401904, -10.607036950697072 ], [ -65.009206141401904, -10.607286949966122 ], [ -65.008956141923804, -10.607286949966122 ], [ -65.008956141923804, -10.608036947773275 ], [ -65.009206141401904, -10.608036947773275 ], [ -65.009206141401904, -10.608286947042327 ], [ -65.009706140358105, -10.608286947042327 ], [ -65.009706140358105, -10.608036947773275 ], [ -65.01020613931432, -10.608036947773275 ], [ -65.01020613931432, -10.607786948504224 ], [ -65.010456138792421, -10.607786948504224 ], [ -65.010456138792421, -10.60678695142802 ], [ -65.009706140358105, -10.60678695142802 ] ] ] } },
{ "type": "Feature", "properties": { "DN": 1 }, "geometry": { "type": "Polygon", "coordinates": [ [ [ -64.988206185241197, -10.60678695142802 ], [ -64.988206185241197, -10.607036950697072 ], [ -64.988456184719297, -10.607036950697072 ], [ -64.988456184719297, -10.60678695142802 ], [ -64.988206185241197, -10.60678695142802 ] ] ] } },
{ "type": "Feature", "properties": { "DN": 1 }, "geometry": { "type": "Polygon", "coordinates": [ [ [ -64.990706180022229, -10.606036953620869 ], [ -64.990706180022229, -10.606286952889919 ], [ -64.990456180544129, -10.606286952889919 ], [ -64.990456180544129, -10.607036950697072 ], [ -64.990706180022229, -10.607036950697072 ], [ -64.990706180022229, -10.607786948504224 ], [ -64.99095617950033, -10.607786948504224 ], [ -64.99095617950033, -10.607286949966122 ], [ -64.99120617897843, -10.607286949966122 ], [ -64.99120617897843, -10.607786948504224 ], [ -64.991456178456545, -10.607786948504224 ], [ -64.991456178456545, -10.607286949966122 ], [ -64.991706177934645, -10.607286949966122 ], [ -64.991706177934645, -10.60678695142802 ], [ -64.991456178456545, -10.60678695142802 ], [ -64.991456178456545, -10.606036953620869 ], [ -64.990706180022229, -10.606036953620869 ] ] ] } },
{ "type": "Feature", "properties": { "DN": 1 }, "geometry": { "type": "Polygon", "coordinates": [ [ [ -64.982456197244801, -10.605786954351817 ], [ -64.982456197244801, -10.606036953620869 ], [ -64.9822061977667, -10.606036953620869 ], [ -64.9822061977667, -10.60678695142802 ], [ -64.982456197244801, -10.60678695142802 ], [ -64.982456197244801, -10.607036950697072 ], [ -64.982956196201016, -10.607036950697072 ], [ -64.982956196201016, -10.60678695142802 ], [ -64.983456195157217, -10.60678695142802 ], [ -64.983456195157217, -10.606036953620869 ], [ -64.982956196201016, -10.606036953620869 ], [ -64.982956196201016, -10.605786954351817 ], [ -64.982456197244801, -10.605786954351817 ] ] ] } },
{ "type": "Feature", "properties": { "DN": 1 }, "geometry": { "type": "Polygon", "coordinates": [ [ [ -64.986706188372565, -10.606036953620869 ], [ -64.986706188372565, -10.606286952889919 ], [ -64.986456188894465, -10.606286952889919 ], [ -64.986456188894465, -10.606536952158971 ], [ -64.98695618785068, -10.606536952158971 ], [ -64.98695618785068, -10.606036953620869 ], [ -64.986706188372565, -10.606036953620869 ] ] ] } },
{ "type": "Feature", "properties": { "DN": 1 }, "geometry": { "type": "Polygon", "coordinates": [ [ [ -64.988206185241197, -10.605786954351817 ], [ -64.988206185241197, -10.606036953620869 ], [ -64.988456184719297, -10.606036953620869 ], [ -64.988456184719297, -10.605786954351817 ], [ -64.988206185241197, -10.605786954351817 ] ] ] } },
{ "type": "Feature", "properties": { "DN": 1 }, "geometry": { "type": "Polygon", "coordinates": [ [ [ -64.985956189938264, -10.605536955082767 ], [ -64.985956189938264, -10.605786954351817 ], [ -64.986206189416365, -10.605786954351817 ], [ -64.986206189416365, -10.605536955082767 ], [ -64.985956189938264, -10.605536955082767 ] ] ] } },
{ "type": "Feature", "properties": { "DN": 1 }, "geometry": { "type": "Polygon", "coordinates": [ [ [ -64.993456174281377, -10.605536955082767 ], [ -64.993456174281377, -10.605786954351817 ], [ -64.993706173759477, -10.605786954351817 ], [ -64.993706173759477, -10.605536955082767 ], [ -64.993456174281377, -10.605536955082767 ] ] ] } },
{ "type": "Feature", "properties": { "DN": 1 }, "geometry": { "type": "Polygon", "coordinates": [ [ [ -64.984456193069633, -10.605536955082767 ], [ -64.984456193069633, -10.605786954351817 ], [ -64.985706190460149, -10.605786954351817 ], [ -64.985706190460149, -10.605536955082767 ], [ -64.984456193069633, -10.605536955082767 ] ] ] } },
{ "type": "Feature", "properties": { "DN": 1 }, "geometry": { "type": "Polygon", "coordinates": [ [ [ -64.99095617950033, -10.605286955813716 ], [ -64.99095617950033, -10.605786954351817 ], [ -64.99120617897843, -10.605786954351817 ], [ -64.99120617897843, -10.605286955813716 ], [ -64.99095617950033, -10.605286955813716 ] ] ] } },
{ "type": "Feature", "properties": { "DN": 1 }, "geometry": { "type": "Polygon", "coordinates": [ [ [ -64.977206208204635, -10.605286955813716 ], [ -64.977206208204635, -10.605536955082767 ], [ -64.977706207160836, -10.605536955082767 ], [ -64.977706207160836, -10.605286955813716 ], [ -64.977206208204635, -10.605286955813716 ] ] ] } },
{ "type": "Feature", "properties": { "DN": 1 }, "geometry": { "type": "Polygon", "coordinates": [ [ [ -65.002956154449308, -10.60678695142802 ], [ -65.002956154449308, -10.607036950697072 ], [ -65.003206153927408, -10.607036950697072 ], [ -65.003206153927408, -10.607786948504224 ], [ -65.003706152883623, -10.607786948504224 ], [ -65.003706152883623, -10.608036947773275 ], [ -65.003956152361724, -10.608036947773275 ], [ -65.003956152361724, -10.60678695142802 ], [ -65.002956154449308, -10.60678695142802 ] ] ] } },
{ "type": "Feature", "properties": { "DN": 1 }, "geometry": { "type": "Polygon", "coordinates": [ [ [ -65.004456151317939, -10.60678695142802 ], [ -65.004456151317939, -10.607786948504224 ], [ -65.00520614975224, -10.607786948504224 ], [ -65.00520614975224, -10.607286949966122 ], [ -65.005456149230355, -10.607286949966122 ], [ -65.005456149230355, -10.607036950697072 ], [ -65.00520614975224, -10.607036950697072 ], [ -65.00520614975224, -10.60678695142802 ], [ -65.004456151317939, -10.60678695142802 ] ] ] } },
{ "type": "Feature", "properties": { "DN": 1 }, "geometry": { "type": "Polygon", "coordinates": [ [ [ -64.99620616854051, -10.607036950697072 ], [ -64.99620616854051, -10.607286949966122 ], [ -64.996706167496711, -10.607286949966122 ], [ -64.996706167496711, -10.607036950697072 ], [ -64.99620616854051, -10.607036950697072 ] ] ] } },
{ "type": "Feature", "properties": { "DN": 1 }, "geometry": { "type": "Polygon", "coordinates": [ [ [ -65.002206156015006, -10.60678695142802 ], [ -65.002206156015006, -10.607036950697072 ], [ -65.002706154971207, -10.607036950697072 ], [ -65.002706154971207, -10.60678695142802 ], [ -65.002206156015006, -10.60678695142802 ] ] ] } },
{ "type": "Feature", "properties": { "DN": 1 }, "geometry": { "type": "Polygon", "coordinates": [ [ [ -65.000456159668275, -10.60678695142802 ], [ -65.000456159668275, -10.607036950697072 ], [ -65.000706159146375, -10.607036950697072 ], [ -65.000706159146375, -10.60678695142802 ], [ -65.000456159668275, -10.60678695142802 ] ] ] } },
{ "type": "Feature", "properties": { "DN": 1 }, "geometry": { "type": "Polygon", "coordinates": [ [ [ -65.001706157058791, -10.605786954351817 ], [ -65.001706157058791, -10.606536952158971 ], [ -65.002706154971207, -10.606536952158971 ], [ -65.002706154971207, -10.606286952889919 ], [ -65.001956156536892, -10.606286952889919 ], [ -65.001956156536892, -10.605786954351817 ], [ -65.001706157058791, -10.605786954351817 ] ] ] } },
{ "type": "Feature", "properties": { "DN": 1 }, "geometry": { "type": "Polygon", "coordinates": [ [ [ -65.002706154971207, -10.606036953620869 ], [ -65.002706154971207, -10.606286952889919 ], [ -65.003206153927408, -10.606286952889919 ], [ -65.003206153927408, -10.606036953620869 ], [ -65.002706154971207, -10.606036953620869 ] ] ] } },
{ "type": "Feature", "properties": { "DN": 1 }, "geometry": { "type": "Polygon", "coordinates": [ [ [ -64.999456161755859, -10.605536955082767 ], [ -64.999456161755859, -10.605786954351817 ], [ -64.999706161233959, -10.605786954351817 ], [ -64.999706161233959, -10.605536955082767 ], [ -64.999456161755859, -10.605536955082767 ] ] ] } },
{ "type": "Feature", "properties": { "DN": 1 }, "geometry": { "type": "Polygon", "coordinates": [ [ [ -64.999706161233959, -10.605286955813716 ], [ -64.999706161233959, -10.605536955082767 ], [ -65.000206160190174, -10.605536955082767 ], [ -65.000206160190174, -10.605286955813716 ], [ -64.999706161233959, -10.605286955813716 ] ] ] } },
{ "type": "Feature", "properties": { "DN": 1 }, "geometry": { "type": "Polygon", "coordinates": [ [ [ -65.000956158624476, -10.604536958006564 ], [ -65.000956158624476, -10.604786957275614 ], [ -65.000456159668275, -10.604786957275614 ], [ -65.000456159668275, -10.606036953620869 ], [ -65.000706159146375, -10.606036953620869 ], [ -65.000706159146375, -10.605786954351817 ], [ -65.000956158624476, -10.605786954351817 ], [ -65.000956158624476, -10.606036953620869 ], [ -65.00120615810259, -10.606036953620869 ], [ -65.00120615810259, -10.604536958006564 ], [ -65.000956158624476, -10.604536958006564 ] ] ] } },
{ "type": "Feature", "properties": { "DN": 1 }, "geometry": { "type": "Polygon", "coordinates": [ [ [ -64.989456182631713, -10.605286955813716 ], [ -64.989456182631713, -10.605536955082767 ], [ -64.989706182109813, -10.605536955082767 ], [ -64.989706182109813, -10.605286955813716 ], [ -64.989456182631713, -10.605286955813716 ] ] ] } },
{ "type": "Feature", "properties": { "DN": 1 }, "geometry": { "type": "Polygon", "coordinates": [ [ [ -64.986706188372565, -10.604286958737513 ], [ -64.986706188372565, -10.604536958006564 ], [ -64.986456188894465, -10.604536958006564 ], [ -64.986456188894465, -10.605786954351817 ], [ -64.98695618785068, -10.605786954351817 ], [ -64.98695618785068, -10.605536955082767 ], [ -64.986706188372565, -10.605536955082767 ], [ -64.986706188372565, -10.605286955813716 ], [ -64.98695618785068, -10.605286955813716 ], [ -64.98695618785068, -10.604286958737513 ], [ -64.986706188372565, -10.604286958737513 ] ] ] } },
{ "type": "Feature", "properties": { "DN": 1 }, "geometry": { "type": "Polygon", "coordinates": [ [ [ -64.985956189938264, -10.604536958006564 ], [ -64.985956189938264, -10.604786957275614 ], [ -64.986206189416365, -10.604786957275614 ], [ -64.986206189416365, -10.604536958006564 ], [ -64.985956189938264, -10.604536958006564 ] ] ] } },
{ "type": "Feature", "properties": { "DN": 1 }, "geometry": { "type": "Polygon", "coordinates": [ [ [ -64.987956185763082, -10.604536958006564 ], [ -64.987956185763082, -10.604786957275614 ], [ -64.988206185241197, -10.604786957275614 ], [ -64.988206185241197, -10.604536958006564 ], [ -64.987956185763082, -10.604536958006564 ] ] ] } },
{ "type": "Feature", "properties": { "DN": 1 }, "geometry": { "type": "Polygon", "coordinates": [ [ [ -64.978206206117051, -10.604536958006564 ], [ -64.978206206117051, -10.604786957275614 ], [ -64.978456205595151, -10.604786957275614 ], [ -64.978456205595151, -10.604536958006564 ], [ -64.978206206117051, -10.604536958006564 ] ] ] } },
{ "type": "Feature", "properties": { "DN": 1 }, "geometry": { "type": "Polygon", "coordinates": [ [ [ -64.97670620924842, -10.604036959468463 ], [ -64.97670620924842, -10.604786957275614 ], [ -64.977706207160836, -10.604786957275614 ], [ -64.977706207160836, -10.604536958006564 ], [ -64.977206208204635, -10.604536958006564 ], [ -64.977206208204635, -10.604036959468463 ], [ -64.97670620924842, -10.604036959468463 ] ] ] } },
{ "type": "Feature", "properties": { "DN": 1 }, "geometry": { "type": "Polygon", "coordinates": [ [ [ -64.984456193069633, -10.604286958737513 ], [ -64.984456193069633, -10.604536958006564 ], [ -64.984706192547733, -10.604536958006564 ], [ -64.984706192547733, -10.604286958737513 ], [ -64.984456193069633, -10.604286958737513 ] ] ] } },
{ "type": "Feature", "properties": { "DN": 1 }, "geometry": { "type": "Polygon", "coordinates": [ [ [ -64.990206181066029, -10.604036959468463 ], [ -64.99095617950033, -10.604036959468463 ], [ -64.99095617950033, -10.603536960930359 ], [ -64.990706180022229, -10.603536960930359 ], [ -64.990706180022229, -10.603036962392258 ], [ -64.989456182631713, -10.603036962392258 ], [ -64.989456182631713, -10.603286961661309 ], [ -64.989206183153613, -10.603286961661309 ], [ -64.989206183153613, -10.603536960930359 ], [ -64.989706182109813, -10.603536960930359 ], [ -64.989706182109813, -10.603786960199411 ], [ -64.990206181066029, -10.603786960199411 ], [ -64.990206181066029, -10.604036959468463 ] ], [ [ -64.990206181066029, -10.603286961661309 ], [ -64.990456180544129, -10.603286961661309 ], [ -64.990456180544129, -10.603786960199411 ], [ -64.990206181066029, -10.603786960199411 ], [ -64.990206181066029, -10.603286961661309 ] ] ] } },
{ "type": "Feature", "properties": { "DN": 1 }, "geometry": { "type": "Polygon", "coordinates": [ [ [ -64.988956183675498, -10.601036968239852 ], [ -64.988956183675498, -10.601286967508903 ], [ -64.988706184197397, -10.601286967508903 ], [ -64.988706184197397, -10.601536966777953 ], [ -64.988456184719297, -10.601536966777953 ], [ -64.988456184719297, -10.601786966047005 ], [ -64.987706186284981, -10.601786966047005 ], [ -64.987706186284981, -10.601286967508903 ], [ -64.987206187328781, -10.601286967508903 ], [ -64.987206187328781, -10.601786966047005 ], [ -64.986706188372565, -10.601786966047005 ], [ -64.986706188372565, -10.601536966777953 ], [ -64.986456188894465, -10.601536966777953 ], [ -64.986456188894465, -10.601786966047005 ], [ -64.986206189416365, -10.601786966047005 ], [ -64.986206189416365, -10.602286964585106 ], [ -64.985956189938264, -10.602286964585106 ], [ -64.985956189938264, -10.603036962392258 ], [ -64.985706190460149, -10.603036962392258 ], [ -64.985706190460149, -10.603286961661309 ], [ -64.986206189416365, -10.603286961661309 ], [ -64.986206189416365, -10.603536960930359 ], [ -64.985706190460149, -10.603536960930359 ], [ -64.985706190460149, -10.603786960199411 ], [ -64.985956189938264, -10.603786960199411 ], [ -64.985956189938264, -10.604286958737513 ], [ -64.986706188372565, -10.604286958737513 ], [ -64.986706188372565, -10.604036959468463 ], [ -64.98695618785068, -10.604036959468463 ], [ -64.98695618785068, -10.604286958737513 ], [ -64.987206187328781, -10.604286958737513 ], [ -64.987206187328781, -10.603036962392258 ], [ -64.987706186284981, -10.603036962392258 ], [ -64.987706186284981, -10.602786963123208 ], [ -64.987956185763082, -10.602786963123208 ], [ -64.987956185763082, -10.603286961661309 ], [ -64.988206185241197, -10.603286961661309 ], [ -64.988206185241197, -10.603786960199411 ], [ -64.988456184719297, -10.603786960199411 ], [ -64.988456184719297, -10.604286958737513 ], [ -64.988206185241197, -10.604286958737513 ], [ -64.988206185241197, -10.604536958006564 ], [ -64.988456184719297, -10.604536958006564 ], [ -64.988456184719297, -10.604786957275614 ], [ -64.988956183675498, -10.604786957275614 ], [ -64.988956183675498, -10.605536955082767 ], [ -64.989206183153613, -10.605536955082767 ], [ -64.989206183153613, -10.604786957275614 ], [ -64.989456182631713, -10.604786957275614 ], [ -64.989456182631713, -10.604286958737513 ], [ -64.989206183153613, -10.604286958737513 ], [ -64.989206183153613, -10.603536960930359 ], [ -64.988956183675498, -10.603536960930359 ], [ -64.988956183675498, -10.603036962392258 ], [ -64.989206183153613, -10.603036962392258 ], [ -64.989206183153613, -10.602786963123208 ], [ -64.988956183675498, -10.602786963123208 ], [ -64.988956183675498, -10.602036965316055 ], [ -64.989206183153613, -10.602036965316055 ], [ -64.989206183153613, -10.601036968239852 ], [ -64.988956183675498, -10.601036968239852 ] ] ] } },
{ "type": "Feature", "properties": { "DN": 1 }, "geometry": { "type": "Polygon", "coordinates": [ [ [ -64.991456178456545, -10.601786966047005 ], [ -64.991456178456545, -10.602286964585106 ], [ -64.99120617897843, -10.602286964585106 ], [ -64.99120617897843, -10.602036965316055 ], [ -64.990706180022229, -10.602036965316055 ], [ -64.990706180022229, -10.602286964585106 ], [ -64.99095617950033, -10.602286964585106 ], [ -64.99095617950033, -10.603036962392258 ], [ -64.991456178456545, -10.603036962392258 ], [ -64.991456178456545, -10.602786963123208 ], [ -64.992206176890846, -10.602786963123208 ], [ -64.992206176890846, -10.602286964585106 ], [ -64.991706177934645, -10.602286964585106 ], [ -64.991706177934645, -10.601786966047005 ], [ -64.991456178456545, -10.601786966047005 ] ] ] } },
{ "type": "Feature", "properties": { "DN": 1 }, "geometry": { "type": "Polygon", "coordinates": [ [ [ -65.002956154449308, -10.603036962392258 ], [ -65.00120615810259, -10.603036962392258 ], [ -65.00120615810259, -10.602786963123208 ], [ -65.000956158624476, -10.602786963123208 ], [ -65.000956158624476, -10.603286961661309 ], [ -65.000706159146375, -10.603286961661309 ], [ -65.000706159146375, -10.603536960930359 ], [ -65.000956158624476, -10.603536960930359 ], [ -65.000956158624476, -10.603786960199411 ], [ -65.00120615810259, -10.603786960199411 ], [ -65.00120615810259, -10.604036959468463 ], [ -65.001706157058791, -10.604036959468463 ], [ -65.001706157058791, -10.604286958737513 ], [ -65.001956156536892, -10.604286958737513 ], [ -65.001956156536892, -10.604536958006564 ], [ -65.003456153405523, -10.604536958006564 ], [ -65.003456153405523, -10.603786960199411 ], [ -65.003706152883623, -10.603786960199411 ], [ -65.003706152883623, -10.603536960930359 ], [ -65.003456153405523, -10.603536960930359 ], [ -65.003456153405523, -10.603286961661309 ], [ -65.003206153927408, -10.603286961661309 ], [ -65.003206153927408, -10.603536960930359 ], [ -65.002956154449308, -10.603536960930359 ], [ -65.002956154449308, -10.603036962392258 ] ], [ [ -65.00120615810259, -10.603536960930359 ], [ -65.001456157580691, -10.603536960930359 ], [ -65.001456157580691, -10.603786960199411 ], [ -65.00120615810259, -10.603786960199411 ], [ -65.00120615810259, -10.603536960930359 ] ], [ [ -65.002956154449308, -10.603786960199411 ], [ -65.002706154971207, -10.603786960199411 ], [ -65.002706154971207, -10.603536960930359 ], [ -65.002956154449308, -10.603536960930359 ], [ -65.002956154449308, -10.603786960199411 ] ], [ [ -65.002206156015006, -10.603536960930359 ], [ -65.002206156015006, -10.603286961661309 ], [ -65.002706154971207, -10.603286961661309 ], [ -65.002706154971207, -10.603536960930359 ], [ -65.002206156015006, -10.603536960930359 ] ] ] } },
{ "type": "Feature", "properties": { "DN": 1 }, "geometry": { "type": "Polygon", "coordinates": [ [ [ -65.005706148708455, -10.602786963123208 ], [ -65.005706148708455, -10.603036962392258 ], [ -65.005456149230355, -10.603036962392258 ], [ -65.005456149230355, -10.603536960930359 ], [ -65.005706148708455, -10.603536960930359 ], [ -65.005706148708455, -10.603786960199411 ], [ -65.005956148186556, -10.603786960199411 ], [ -65.005956148186556, -10.603536960930359 ], [ -65.006206147664656, -10.603536960930359 ], [ -65.006206147664656, -10.603036962392258 ], [ -65.005956148186556, -10.603036962392258 ], [ -65.005956148186556, -10.602786963123208 ], [ -65.005706148708455, -10.602786963123208 ] ] ] } },
{ "type": "Feature", "properties": { "DN": 1 }, "geometry": { "type": "Polygon", "coordinates": [ [ [ -64.998956162799658, -10.602286964585106 ], [ -64.998956162799658, -10.602786963123208 ], [ -64.999456161755859, -10.602786963123208 ], [ -64.999456161755859, -10.602286964585106 ], [ -64.998956162799658, -10.602286964585106 ] ] ] } },
{ "type": "Feature", "properties": { "DN": 1 }, "geometry": { "type": "Polygon", "coordinates": [ [ [ -65.004456151317939, -10.602036965316055 ], [ -65.004456151317939, -10.602786963123208 ], [ -65.00520614975224, -10.602786963123208 ], [ -65.00520614975224, -10.602286964585106 ], [ -65.004706150796039, -10.602286964585106 ], [ -65.004706150796039, -10.602036965316055 ], [ -65.004456151317939, -10.602036965316055 ] ] ] } },
{ "type": "Feature", "properties": { "DN": 1 }, "geometry": { "type": "Polygon", "coordinates": [ [ [ -64.998456163843443, -10.602036965316055 ], [ -64.998456163843443, -10.602286964585106 ], [ -64.998706163321543, -10.602286964585106 ], [ -64.998706163321543, -10.602036965316055 ], [ -64.998456163843443, -10.602036965316055 ] ] ] } },
{ "type": "Feature", "properties": { "DN": 1 }, "geometry": { "type": "Polygon", "coordinates": [ [ [ -64.994706171671893, -10.59428698797548 ], [ -64.994706171671893, -10.594036988706428 ], [ -64.995206170628094, -10.594036988706428 ], [ -64.995206170628094, -10.59428698797548 ], [ -64.99595616906241, -10.59428698797548 ], [ -64.99595616906241, -10.594036988706428 ], [ -64.99620616854051, -10.594036988706428 ], [ -64.99620616854051, -10.593786989437378 ], [ -64.996706167496711, -10.593786989437378 ], [ -64.996706167496711, -10.593286990899276 ], [ -64.996456168018611, -10.593286990899276 ], [ -64.996456168018611, -10.593036991630225 ], [ -64.997206166452926, -10.593036991630225 ], [ -64.997206166452926, -10.592786992361175 ], [ -64.998206164365342, -10.592786992361175 ], [ -64.998206164365342, -10.592036994554022 ], [ -64.997706165409127, -10.592036994554022 ], [ -64.997706165409127, -10.59153699601592 ], [ -64.996956166974826, -10.59153699601592 ], [ -64.996956166974826, -10.59178699528497 ], [ -64.996706167496711, -10.59178699528497 ], [ -64.996706167496711, -10.592036994554022 ], [ -64.996456168018611, -10.592036994554022 ], [ -64.996456168018611, -10.592536993092123 ], [ -64.99620616854051, -10.592536993092123 ], [ -64.99620616854051, -10.592286993823073 ], [ -64.995456170106195, -10.592286993823073 ], [ -64.995456170106195, -10.592786992361175 ], [ -64.995206170628094, -10.592786992361175 ], [ -64.995206170628094, -10.592286993823073 ], [ -64.994706171671893, -10.592286993823073 ], [ -64.994706171671893, -10.593036991630225 ], [ -64.994206172715678, -10.593036991630225 ], [ -64.994206172715678, -10.592786992361175 ], [ -64.993956173237578, -10.592786992361175 ], [ -64.993956173237578, -10.592286993823073 ], [ -64.993706173759477, -10.592286993823073 ], [ -64.993706173759477, -10.592786992361175 ], [ -64.992956175325162, -10.592786992361175 ], [ -64.992956175325162, -10.592036994554022 ], [ -64.993206174803262, -10.592036994554022 ], [ -64.993206174803262, -10.59178699528497 ], [ -64.993456174281377, -10.59178699528497 ], [ -64.993456174281377, -10.591286996746868 ], [ -64.993706173759477, -10.591286996746868 ], [ -64.993706173759477, -10.591036997477818 ], [ -64.993206174803262, -10.591036997477818 ], [ -64.993206174803262, -10.591286996746868 ], [ -64.992706175847061, -10.591286996746868 ], [ -64.992706175847061, -10.590786998208767 ], [ -64.993456174281377, -10.590786998208767 ], [ -64.993456174281377, -10.590536998939717 ], [ -64.992956175325162, -10.590536998939717 ], [ -64.992956175325162, -10.590286999670665 ], [ -64.992706175847061, -10.590286999670665 ], [ -64.992706175847061, -10.589787001132564 ], [ -64.992206176890846, -10.589787001132564 ], [ -64.992206176890846, -10.589287002594462 ], [ -64.991956177412746, -10.589287002594462 ], [ -64.991956177412746, -10.590536998939717 ], [ -64.991706177934645, -10.590536998939717 ], [ -64.991706177934645, -10.590286999670665 ], [ -64.99120617897843, -10.590286999670665 ], [ -64.99120617897843, -10.590786998208767 ], [ -64.991456178456545, -10.590786998208767 ], [ -64.991456178456545, -10.591036997477818 ], [ -64.991956177412746, -10.591036997477818 ], [ -64.991956177412746, -10.592036994554022 ], [ -64.992206176890846, -10.592036994554022 ], [ -64.992206176890846, -10.593286990899276 ], [ -64.992706175847061, -10.593286990899276 ], [ -64.992706175847061, -10.593536990168326 ], [ -64.992956175325162, -10.593536990168326 ], [ -64.992956175325162, -10.593786989437378 ], [ -64.992706175847061, -10.593786989437378 ], [ -64.992706175847061, -10.594036988706428 ], [ -64.992956175325162, -10.594036988706428 ], [ -64.992956175325162, -10.59428698797548 ], [ -64.992706175847061, -10.59428698797548 ], [ -64.992706175847061, -10.594786986513581 ], [ -64.991706177934645, -10.594786986513581 ], [ -64.991706177934645, -10.595286985051683 ], [ -64.992206176890846, -10.595286985051683 ], [ -64.992206176890846, -10.595536984320733 ], [ -64.991956177412746, -10.595536984320733 ], [ -64.991956177412746, -10.596036982858834 ], [ -64.991706177934645, -10.596036982858834 ], [ -64.991706177934645, -10.595786983589784 ], [ -64.99120617897843, -10.595786983589784 ], [ -64.99120617897843, -10.595536984320733 ], [ -64.99095617950033, -10.595536984320733 ], [ -64.99095617950033, -10.595286985051683 ], [ -64.990706180022229, -10.595286985051683 ], [ -64.990706180022229, -10.594786986513581 ], [ -64.989206183153613, -10.594786986513581 ], [ -64.989206183153613, -10.594536987244529 ], [ -64.988456184719297, -10.594536987244529 ], [ -64.988456184719297, -10.594786986513581 ], [ -64.98695618785068, -10.594786986513581 ], [ -64.98695618785068, -10.594536987244529 ], [ -64.986706188372565, -10.594536987244529 ], [ -64.986706188372565, -10.595786983589784 ], [ -64.98695618785068, -10.595786983589784 ], [ -64.98695618785068, -10.596286982127886 ], [ -64.987706186284981, -10.596286982127886 ], [ -64.987706186284981, -10.596536981396937 ], [ -64.987206187328781, -10.596536981396937 ], [ -64.987206187328781, -10.597036979935039 ], [ -64.987706186284981, -10.597036979935039 ], [ -64.987706186284981, -10.598536975549344 ], [ -64.988206185241197, -10.598536975549344 ], [ -64.988206185241197, -10.598786974818394 ], [ -64.989456182631713, -10.598786974818394 ], [ -64.989456182631713, -10.599036974087445 ], [ -64.989706182109813, -10.599036974087445 ], [ -64.989706182109813, -10.598786974818394 ], [ -64.990206181066029, -10.598786974818394 ], [ -64.990206181066029, -10.599036974087445 ], [ -64.990456180544129, -10.599036974087445 ], [ -64.990456180544129, -10.598786974818394 ], [ -64.990706180022229, -10.598786974818394 ], [ -64.990706180022229, -10.599036974087445 ], [ -64.99120617897843, -10.599036974087445 ], [ -64.99120617897843, -10.600286970432698 ], [ -64.990706180022229, -10.600286970432698 ], [ -64.990706180022229, -10.60053696970175 ], [ -64.991706177934645, -10.60053696970175 ], [ -64.991706177934645, -10.599536972625547 ], [ -64.991456178456545, -10.599536972625547 ], [ -64.991456178456545, -10.599286973356495 ], [ -64.992206176890846, -10.599286973356495 ], [ -64.992206176890846, -10.599536972625547 ], [ -64.992706175847061, -10.599536972625547 ], [ -64.992706175847061, -10.599786971894599 ], [ -64.992956175325162, -10.599786971894599 ], [ -64.992956175325162, -10.600286970432698 ], [ -64.993206174803262, -10.600286970432698 ], [ -64.993206174803262, -10.60053696970175 ], [ -64.992706175847061, -10.60053696970175 ], [ -64.992706175847061, -10.601036968239852 ], [ -64.992206176890846, -10.601036968239852 ], [ -64.992206176890846, -10.601286967508903 ], [ -64.992706175847061, -10.601286967508903 ], [ -64.992706175847061, -10.601536966777953 ], [ -64.992956175325162, -10.601536966777953 ], [ -64.992956175325162, -10.601286967508903 ], [ -64.993206174803262, -10.601286967508903 ], [ -64.993206174803262, -10.601536966777953 ], [ -64.993456174281377, -10.601536966777953 ], [ -64.993456174281377, -10.601286967508903 ], [ -64.993956173237578, -10.601286967508903 ], [ -64.993956173237578, -10.601536966777953 ], [ -64.994206172715678, -10.601536966777953 ], [ -64.994206172715678, -10.600786968970802 ], [ -64.994706171671893, -10.600786968970802 ], [ -64.994706171671893, -10.601036968239852 ], [ -64.995206170628094, -10.601036968239852 ], [ -64.995206170628094, -10.601286967508903 ], [ -64.995456170106195, -10.601286967508903 ], [ -64.995456170106195, -10.601536966777953 ], [ -64.995706169584309, -10.601536966777953 ], [ -64.995706169584309, -10.601786966047005 ], [ -64.99595616906241, -10.601786966047005 ], [ -64.99595616906241, -10.602036965316055 ], [ -64.996456168018611, -10.602036965316055 ], [ -64.996456168018611, -10.602786963123208 ], [ -64.99620616854051, -10.602786963123208 ], [ -64.99620616854051, -10.602536963854156 ], [ -64.995456170106195, -10.602536963854156 ], [ -64.995456170106195, -10.602286964585106 ], [ -64.995706169584309, -10.602286964585106 ], [ -64.995706169584309, -10.602036965316055 ], [ -64.995456170106195, -10.602036965316055 ], [ -64.995456170106195, -10.601786966047005 ], [ -64.995206170628094, -10.601786966047005 ], [ -64.995206170628094, -10.601536966777953 ], [ -64.994706171671893, -10.601536966777953 ], [ -64.994706171671893, -10.602786963123208 ], [ -64.995706169584309, -10.602786963123208 ], [ -64.995706169584309, -10.603286961661309 ], [ -64.99595616906241, -10.603286961661309 ], [ -64.99595616906241, -10.603786960199411 ], [ -64.995706169584309, -10.603786960199411 ], [ -64.995706169584309, -10.604036959468463 ], [ -64.994956171149994, -10.604036959468463 ], [ -64.994956171149994, -10.603786960199411 ], [ -64.995206170628094, -10.603786960199411 ], [ -64.995206170628094, -10.603536960930359 ], [ -64.994456172193779, -10.603536960930359 ], [ -64.994456172193779, -10.604036959468463 ], [ -64.993956173237578, -10.604036959468463 ], [ -64.993956173237578, -10.603786960199411 ], [ -64.994206172715678, -10.603786960199411 ], [ -64.994206172715678, -10.603286961661309 ], [ -64.993706173759477, -10.603286961661309 ], [ -64.993706173759477, -10.604036959468463 ], [ -64.993206174803262, -10.604036959468463 ], [ -64.993206174803262, -10.604286958737513 ], [ -64.992956175325162, -10.604286958737513 ], [ -64.992956175325162, -10.604536958006564 ], [ -64.993456174281377, -10.604536958006564 ], [ -64.993456174281377, -10.605286955813716 ], [ -64.993706173759477, -10.605286955813716 ], [ -64.993706173759477, -10.605536955082767 ], [ -64.993956173237578, -10.605536955082767 ], [ -64.993956173237578, -10.605786954351817 ], [ -64.993706173759477, -10.605786954351817 ], [ -64.993706173759477, -10.606036953620869 ], [ -64.994456172193779, -10.606036953620869 ], [ -64.994456172193779, -10.605536955082767 ], [ -64.994706171671893, -10.605536955082767 ], [ -64.994706171671893, -10.605786954351817 ], [ -64.995206170628094, -10.605786954351817 ], [ -64.995206170628094, -10.605536955082767 ], [ -64.995456170106195, -10.605536955082767 ], [ -64.995456170106195, -10.605036956544666 ], [ -64.995706169584309, -10.605036956544666 ], [ -64.995706169584309, -10.604536958006564 ], [ -64.99620616854051, -10.604536958006564 ], [ -64.99620616854051, -10.605536955082767 ], [ -64.995706169584309, -10.605536955082767 ], [ -64.995706169584309, -10.605786954351817 ], [ -64.995456170106195, -10.605786954351817 ], [ -64.995456170106195, -10.606036953620869 ], [ -64.995206170628094, -10.606036953620869 ], [ -64.995206170628094, -10.606286952889919 ], [ -64.995706169584309, -10.606286952889919 ], [ -64.995706169584309, -10.606536952158971 ], [ -64.995456170106195, -10.606536952158971 ], [ -64.995456170106195, -10.60678695142802 ], [ -64.995206170628094, -10.60678695142802 ], [ -64.995206170628094, -10.607286949966122 ], [ -64.995456170106195, -10.607286949966122 ], [ -64.995456170106195, -10.607036950697072 ], [ -64.995706169584309, -10.607036950697072 ], [ -64.995706169584309, -10.60678695142802 ], [ -64.99595616906241, -10.60678695142802 ], [ -64.99595616906241, -10.606286952889919 ], [ -64.996706167496711, -10.606286952889919 ], [ -64.996706167496711, -10.606536952158971 ], [ -64.997206166452926, -10.606536952158971 ], [ -64.997206166452926, -10.60678695142802 ], [ -64.997706165409127, -10.60678695142802 ], [ -64.997706165409127, -10.606036953620869 ], [ -64.997956164887242, -10.606036953620869 ], [ -64.997956164887242, -10.607286949966122 ], [ -64.998206164365342, -10.607286949966122 ], [ -64.998206164365342, -10.607786948504224 ], [ -64.998706163321543, -10.607786948504224 ], [ -64.998706163321543, -10.608036947773275 ], [ -64.999456161755859, -10.608036947773275 ], [ -64.999456161755859, -10.608536946311377 ], [ -64.999706161233959, -10.608536946311377 ], [ -64.999706161233959, -10.608786945580428 ], [ -65.000206160190174, -10.608786945580428 ], [ -65.000206160190174, -10.609036944849478 ], [ -65.000706159146375, -10.609036944849478 ], [ -65.000706159146375, -10.60928694411853 ], [ -65.001456157580691, -10.60928694411853 ], [ -65.001456157580691, -10.610286941194733 ], [ -65.00120615810259, -10.610286941194733 ], [ -65.00120615810259, -10.610786939732835 ], [ -65.000956158624476, -10.610786939732835 ], [ -65.000956158624476, -10.611286938270936 ], [ -65.001956156536892, -10.611286938270936 ], [ -65.001956156536892, -10.611536937539988 ], [ -65.002206156015006, -10.611536937539988 ], [ -65.002206156015006, -10.612786933885241 ], [ -65.003206153927408, -10.612786933885241 ], [ -65.003206153927408, -10.612036936078088 ], [ -65.003456153405523, -10.612036936078088 ], [ -65.003456153405523, -10.611536937539988 ], [ -65.003206153927408, -10.611536937539988 ], [ -65.003206153927408, -10.611286938270936 ], [ -65.002956154449308, -10.611286938270936 ], [ -65.002956154449308, -10.610786939732835 ], [ -65.003706152883623, -10.610786939732835 ], [ -65.003706152883623, -10.610536940463783 ], [ -65.003956152361724, -10.610536940463783 ], [ -65.003956152361724, -10.610286941194733 ], [ -65.004206151839824, -10.610286941194733 ], [ -65.004206151839824, -10.60928694411853 ], [ -65.003956152361724, -10.60928694411853 ], [ -65.003956152361724, -10.609036944849478 ], [ -65.003456153405523, -10.609036944849478 ], [ -65.003456153405523, -10.608786945580428 ], [ -65.002956154449308, -10.608786945580428 ], [ -65.002956154449308, -10.608536946311377 ], [ -65.002706154971207, -10.608536946311377 ], [ -65.002706154971207, -10.608786945580428 ], [ -65.001456157580691, -10.608786945580428 ], [ -65.001456157580691, -10.609036944849478 ], [ -65.00120615810259, -10.609036944849478 ], [ -65.00120615810259, -10.608786945580428 ], [ -65.000956158624476, -10.608786945580428 ], [ -65.000956158624476, -10.608536946311377 ], [ -65.000456159668275, -10.608536946311377 ], [ -65.000456159668275, -10.608286947042327 ], [ -65.000206160190174, -10.608286947042327 ], [ -65.000206160190174, -10.608036947773275 ], [ -64.999706161233959, -10.608036947773275 ], [ -64.999706161233959, -10.607786948504224 ], [ -64.999456161755859, -10.607786948504224 ], [ -64.999456161755859, -10.607286949966122 ], [ -64.999206162277758, -10.607286949966122 ], [ -64.999206162277758, -10.607036950697072 ], [ -64.998956162799658, -10.607036950697072 ], [ -64.998956162799658, -10.60678695142802 ], [ -64.998706163321543, -10.60678695142802 ], [ -64.998706163321543, -10.606286952889919 ], [ -64.998456163843443, -10.606286952889919 ], [ -64.998456163843443, -10.606036953620869 ], [ -64.998206164365342, -10.606036953620869 ], [ -64.998206164365342, -10.605536955082767 ], [ -64.997956164887242, -10.605536955082767 ], [ -64.997956164887242, -10.605286955813716 ], [ -64.997706165409127, -10.605286955813716 ], [ -64.997706165409127, -10.604286958737513 ], [ -64.998206164365342, -10.604286958737513 ], [ -64.998206164365342, -10.604036959468463 ], [ -64.998456163843443, -10.604036959468463 ], [ -64.998456163843443, -10.603786960199411 ], [ -64.998206164365342, -10.603786960199411 ], [ -64.998206164365342, -10.603536960930359 ], [ -64.998456163843443, -10.603536960930359 ], [ -64.998456163843443, -10.603286961661309 ], [ -64.999206162277758, -10.603286961661309 ], [ -64.999206162277758, -10.603036962392258 ], [ -64.998956162799658, -10.603036962392258 ], [ -64.998956162799658, -10.602786963123208 ], [ -64.998456163843443, -10.602786963123208 ], [ -64.998456163843443, -10.602286964585106 ], [ -64.997956164887242, -10.602286964585106 ], [ -64.997956164887242, -10.602036965316055 ], [ -64.997206166452926, -10.602036965316055 ], [ -64.997206166452926, -10.602786963123208 ], [ -64.997456165931027, -10.602786963123208 ], [ -64.997456165931027, -10.603036962392258 ], [ -64.997206166452926, -10.603036962392258 ], [ -64.997206166452926, -10.603286961661309 ], [ -64.996956166974826, -10.603286961661309 ], [ -64.996956166974826, -10.601786966047005 ], [ -64.996706167496711, -10.601786966047005 ], [ -64.996706167496711, -10.601036968239852 ], [ -64.996456168018611, -10.601036968239852 ], [ -64.996456168018611, -10.60053696970175 ], [ -64.99620616854051, -10.60053696970175 ], [ -64.99620616854051, -10.599286973356495 ], [ -64.99595616906241, -10.599286973356495 ], [ -64.99595616906241, -10.599036974087445 ], [ -64.995706169584309, -10.599036974087445 ], [ -64.995706169584309, -10.598536975549344 ], [ -64.99620616854051, -10.598536975549344 ], [ -64.99620616854051, -10.598786974818394 ], [ -64.996456168018611, -10.598786974818394 ], [ -64.996456168018611, -10.599286973356495 ], [ -64.996956166974826, -10.599286973356495 ], [ -64.996956166974826, -10.599786971894599 ], [ -64.997206166452926, -10.599786971894599 ], [ -64.997206166452926, -10.599286973356495 ], [ -64.997706165409127, -10.599286973356495 ], [ -64.997706165409127, -10.598536975549344 ], [ -64.997956164887242, -10.598536975549344 ], [ -64.997956164887242, -10.597036979935039 ], [ -64.998206164365342, -10.597036979935039 ], [ -64.998206164365342, -10.596786980665987 ], [ -64.998456163843443, -10.596786980665987 ], [ -64.998456163843443, -10.595536984320733 ], [ -64.998206164365342, -10.595536984320733 ], [ -64.998206164365342, -10.595286985051683 ], [ -64.997706165409127, -10.595286985051683 ], [ -64.997706165409127, -10.595536984320733 ], [ -64.996706167496711, -10.595536984320733 ], [ -64.996706167496711, -10.596036982858834 ], [ -64.996456168018611, -10.596036982858834 ], [ -64.996456168018611, -10.595786983589784 ], [ -64.99595616906241, -10.595786983589784 ], [ -64.99595616906241, -10.595536984320733 ], [ -64.995706169584309, -10.595536984320733 ], [ -64.995706169584309, -10.595786983589784 ], [ -64.995206170628094, -10.595786983589784 ], [ -64.995206170628094, -10.595286985051683 ], [ -64.994706171671893, -10.595286985051683 ], [ -64.994706171671893, -10.595786983589784 ], [ -64.994456172193779, -10.595786983589784 ], [ -64.994456172193779, -10.596036982858834 ], [ -64.993706173759477, -10.596036982858834 ], [ -64.993706173759477, -10.595786983589784 ], [ -64.994206172715678, -10.595786983589784 ], [ -64.994206172715678, -10.594536987244529 ], [ -64.993956173237578, -10.594536987244529 ], [ -64.993956173237578, -10.59428698797548 ], [ -64.994706171671893, -10.59428698797548 ] ], [ [ -64.991956177412746, -10.590786998208767 ], [ -64.992206176890846, -10.590786998208767 ], [ -64.992206176890846, -10.591036997477818 ], [ -64.991956177412746, -10.591036997477818 ], [ -64.991956177412746, -10.590786998208767 ] ], [ [ -64.988206185241197, -10.598286976280292 ], [ -64.988456184719297, -10.598286976280292 ], [ -64.988456184719297, -10.598536975549344 ], [ -64.988206185241197, -10.598536975549344 ], [ -64.988206185241197, -10.598286976280292 ] ], [ [ -64.993956173237578, -10.600786968970802 ], [ -64.993956173237578, -10.60053696970175 ], [ -64.994206172715678, -10.60053696970175 ], [ -64.994206172715678, -10.600786968970802 ], [ -64.993956173237578, -10.600786968970802 ] ], [ [ -64.996706167496711, -10.602786963123208 ], [ -64.996706167496711, -10.603036962392258 ], [ -64.996456168018611, -10.603036962392258 ], [ -64.996456168018611, -10.602786963123208 ], [ -64.996706167496711, -10.602786963123208 ] ], [ [ -64.994956171149994, -10.604286958737513 ], [ -64.994706171671893, -10.604286958737513 ], [ -64.994706171671893, -10.604036959468463 ], [ -64.994956171149994, -10.604036959468463 ], [ -64.994956171149994, -10.604286958737513 ] ], [ [ -64.995456170106195, -10.604536958006564 ], [ -64.995456170106195, -10.604286958737513 ], [ -64.995706169584309, -10.604286958737513 ], [ -64.995706169584309, -10.604536958006564 ], [ -64.995456170106195, -10.604536958006564 ] ], [ [ -64.99595616906241, -10.605786954351817 ], [ -64.99595616906241, -10.606036953620869 ], [ -64.995706169584309, -10.606036953620869 ], [ -64.995706169584309, -10.605786954351817 ], [ -64.99595616906241, -10.605786954351817 ] ], [ [ -65.003456153405523, -10.610536940463783 ], [ -65.003456153405523, -10.610286941194733 ], [ -65.003706152883623, -10.610286941194733 ], [ -65.003706152883623, -10.610536940463783 ], [ -65.003456153405523, -10.610536940463783 ] ], [ [ -64.996956166974826, -10.603786960199411 ], [ -64.996706167496711, -10.603786960199411 ], [ -64.996706167496711, -10.603286961661309 ], [ -64.996956166974826, -10.603286961661309 ], [ -64.996956166974826, -10.603786960199411 ] ], [ [ -64.997456165931027, -10.603786960199411 ], [ -64.997456165931027, -10.604036959468463 ], [ -64.996956166974826, -10.604036959468463 ], [ -64.996956166974826, -10.603786960199411 ], [ -64.997456165931027, -10.603786960199411 ] ], [ [ -64.993206174803262, -10.595786983589784 ], [ -64.993206174803262, -10.595536984320733 ], [ -64.993706173759477, -10.595536984320733 ], [ -64.993706173759477, -10.595786983589784 ], [ -64.993206174803262, -10.595786983589784 ] ], [ [ -64.993706173759477, -10.59428698797548 ], [ -64.993706173759477, -10.594536987244529 ], [ -64.993456174281377, -10.594536987244529 ], [ -64.993456174281377, -10.594786986513581 ], [ -64.993206174803262, -10.594786986513581 ], [ -64.993206174803262, -10.59428698797548 ], [ -64.993456174281377, -10.59428698797548 ], [ -64.993456174281377, -10.594036988706428 ], [ -64.993956173237578, -10.594036988706428 ], [ -64.993956173237578, -10.59428698797548 ], [ -64.993706173759477, -10.59428698797548 ] ], [ [ -64.993206174803262, -10.594036988706428 ], [ -64.993206174803262, -10.593786989437378 ], [ -64.993456174281377, -10.593786989437378 ], [ -64.993456174281377, -10.594036988706428 ], [ -64.993206174803262, -10.594036988706428 ] ], [ [ -64.993456174281377, -10.593536990168326 ], [ -64.993706173759477, -10.593536990168326 ], [ -64.993706173759477, -10.593286990899276 ], [ -64.993956173237578, -10.593286990899276 ], [ -64.993956173237578, -10.593786989437378 ], [ -64.993456174281377, -10.593786989437378 ], [ -64.993456174281377, -10.593536990168326 ] ], [ [ -64.997456165931027, -10.592286993823073 ], [ -64.996956166974826, -10.592286993823073 ], [ -64.996956166974826, -10.592036994554022 ], [ -64.997456165931027, -10.592036994554022 ], [ -64.997456165931027, -10.592286993823073 ] ], [ [ -64.99595616906241, -10.593036991630225 ], [ -64.995706169584309, -10.593036991630225 ], [ -64.995706169584309, -10.592786992361175 ], [ -64.99595616906241, -10.592786992361175 ], [ -64.99595616906241, -10.593036991630225 ] ], [ [ -64.988456184719297, -10.595786983589784 ], [ -64.988206185241197, -10.595786983589784 ], [ -64.988206185241197, -10.595536984320733 ], [ -64.988456184719297, -10.595536984320733 ], [ -64.988456184719297, -10.595786983589784 ] ], [ [ -64.990206181066029, -10.596036982858834 ], [ -64.990456180544129, -10.596036982858834 ], [ -64.990456180544129, -10.596286982127886 ], [ -64.990706180022229, -10.596286982127886 ], [ -64.990706180022229, -10.596786980665987 ], [ -64.990206181066029, -10.596786980665987 ], [ -64.990206181066029, -10.597036979935039 ], [ -64.990456180544129, -10.597036979935039 ], [ -64.990456180544129, -10.598036977011242 ], [ -64.989206183153613, -10.598036977011242 ], [ -64.989206183153613, -10.59778697774219 ], [ -64.988956183675498, -10.59778697774219 ], [ -64.988956183675498, -10.597536978473141 ], [ -64.988456184719297, -10.597536978473141 ], [ -64.988456184719297, -10.596786980665987 ], [ -64.988956183675498, -10.596786980665987 ], [ -64.988956183675498, -10.596036982858834 ], [ -64.989456182631713, -10.596036982858834 ], [ -64.989456182631713, -10.595786983589784 ], [ -64.990206181066029, -10.595786983589784 ], [ -64.990206181066029, -10.596036982858834 ] ], [ [ -64.988706184197397, -10.596536981396937 ], [ -64.988456184719297, -10.596536981396937 ], [ -64.988456184719297, -10.596286982127886 ], [ -64.988706184197397, -10.596286982127886 ], [ -64.988706184197397, -10.596536981396937 ] ], [ [ -64.994706171671893, -10.596786980665987 ], [ -64.994456172193779, -10.596786980665987 ], [ -64.994456172193779, -10.596536981396937 ], [ -64.994706171671893, -10.596536981396937 ], [ -64.994706171671893, -10.596786980665987 ] ], [ [ -64.996706167496711, -10.597036979935039 ], [ -64.996456168018611, -10.597036979935039 ], [ -64.996456168018611, -10.596786980665987 ], [ -64.996706167496711, -10.596786980665987 ], [ -64.996706167496711, -10.597036979935039 ] ], [ [ -64.993706173759477, -10.597286979204089 ], [ -64.99595616906241, -10.597286979204089 ], [ -64.99595616906241, -10.597536978473141 ], [ -64.99620616854051, -10.597536978473141 ], [ -64.99620616854051, -10.59778697774219 ], [ -64.995706169584309, -10.59778697774219 ], [ -64.995706169584309, -10.598286976280292 ], [ -64.995456170106195, -10.598286976280292 ], [ -64.995456170106195, -10.598536975549344 ], [ -64.995206170628094, -10.598536975549344 ], [ -64.995206170628094, -10.598786974818394 ], [ -64.994956171149994, -10.598786974818394 ], [ -64.994956171149994, -10.599286973356495 ], [ -64.995206170628094, -10.599286973356495 ], [ -64.995206170628094, -10.599536972625547 ], [ -64.995456170106195, -10.599536972625547 ], [ -64.995456170106195, -10.600286970432698 ], [ -64.994956171149994, -10.600286970432698 ], [ -64.994956171149994, -10.600036971163648 ], [ -64.994456172193779, -10.600036971163648 ], [ -64.994456172193779, -10.599786971894599 ], [ -64.993456174281377, -10.599786971894599 ], [ -64.993456174281377, -10.599286973356495 ], [ -64.993206174803262, -10.599286973356495 ], [ -64.993206174803262, -10.599036974087445 ], [ -64.992706175847061, -10.599036974087445 ], [ -64.992706175847061, -10.598786974818394 ], [ -64.992206176890846, -10.598786974818394 ], [ -64.992206176890846, -10.598536975549344 ], [ -64.991706177934645, -10.598536975549344 ], [ -64.991706177934645, -10.598286976280292 ], [ -64.991956177412746, -10.598286976280292 ], [ -64.991956177412746, -10.59778697774219 ], [ -64.992206176890846, -10.59778697774219 ], [ -64.992206176890846, -10.596786980665987 ], [ -64.993706173759477, -10.596786980665987 ], [ -64.993706173759477, -10.597286979204089 ] ], [ [ -64.991456178456545, -10.59778697774219 ], [ -64.99120617897843, -10.59778697774219 ], [ -64.99120617897843, -10.597286979204089 ], [ -64.991456178456545, -10.597286979204089 ], [ -64.991456178456545, -10.59778697774219 ] ], [ [ -64.997206166452926, -10.598286976280292 ], [ -64.996706167496711, -10.598286976280292 ], [ -64.996706167496711, -10.598036977011242 ], [ -64.996456168018611, -10.598036977011242 ], [ -64.996456168018611, -10.59778697774219 ], [ -64.996956166974826, -10.59778697774219 ], [ -64.996956166974826, -10.597536978473141 ], [ -64.997206166452926, -10.597536978473141 ], [ -64.997206166452926, -10.598286976280292 ] ], [ [ -64.996456168018611, -10.604286958737513 ], [ -64.99620616854051, -10.604286958737513 ], [ -64.99620616854051, -10.604036959468463 ], [ -64.996456168018611, -10.604036959468463 ], [ -64.996456168018611, -10.604286958737513 ] ], [ [ -64.997206166452926, -10.604536958006564 ], [ -64.996956166974826, -10.604536958006564 ], [ -64.996956166974826, -10.604286958737513 ], [ -64.997206166452926, -10.604286958737513 ], [ -64.997206166452926, -10.604536958006564 ] ], [ [ -64.995206170628094, -10.605286955813716 ], [ -64.994706171671893, -10.605286955813716 ], [ -64.994706171671893, -10.605036956544666 ], [ -64.994956171149994, -10.605036956544666 ], [ -64.994956171149994, -10.604786957275614 ], [ -64.995206170628094, -10.604786957275614 ], [ -64.995206170628094, -10.605286955813716 ] ], [ [ -65.001956156536892, -10.60928694411853 ], [ -65.001706157058791, -10.60928694411853 ], [ -65.001706157058791, -10.609036944849478 ], [ -65.001956156536892, -10.609036944849478 ], [ -65.001956156536892, -10.60928694411853 ] ], [ [ -65.003206153927408, -10.610286941194733 ], [ -65.002956154449308, -10.610286941194733 ], [ -65.002956154449308, -10.610036941925681 ], [ -65.003206153927408, -10.610036941925681 ], [ -65.003206153927408, -10.610286941194733 ] ] ] } },
{ "type": "Feature", "properties": { "DN": 1 }, "geometry": { "type": "Polygon", "coordinates": [ [ [ -64.998706163321543, -10.600786968970802 ], [ -64.998706163321543, -10.601036968239852 ], [ -64.998956162799658, -10.601036968239852 ], [ -64.998956162799658, -10.600786968970802 ], [ -64.998706163321543, -10.600786968970802 ] ] ] } },
{ "type": "Feature", "properties": { "DN": 1 }, "geometry": { "type": "Polygon", "coordinates": [ [ [ -65.006956146098972, -10.599036974087445 ], [ -65.007206145577072, -10.599036974087445 ], [ -65.007206145577072, -10.598536975549344 ], [ -65.006456147142757, -10.598536975549344 ], [ -65.006456147142757, -10.598786974818394 ], [ -65.005956148186556, -10.598786974818394 ], [ -65.005956148186556, -10.599036974087445 ], [ -65.005706148708455, -10.599036974087445 ], [ -65.005706148708455, -10.599536972625547 ], [ -65.005956148186556, -10.599536972625547 ], [ -65.005956148186556, -10.599286973356495 ], [ -65.006206147664656, -10.599286973356495 ], [ -65.006206147664656, -10.60053696970175 ], [ -65.005956148186556, -10.60053696970175 ], [ -65.005956148186556, -10.600286970432698 ], [ -65.005706148708455, -10.600286970432698 ], [ -65.005706148708455, -10.599786971894599 ], [ -65.00520614975224, -10.599786971894599 ], [ -65.00520614975224, -10.600286970432698 ], [ -65.004706150796039, -10.600286970432698 ], [ -65.004706150796039, -10.601036968239852 ], [ -65.004456151317939, -10.601036968239852 ], [ -65.004456151317939, -10.601286967508903 ], [ -65.004206151839824, -10.601286967508903 ], [ -65.004206151839824, -10.601536966777953 ], [ -65.003956152361724, -10.601536966777953 ], [ -65.003956152361724, -10.601786966047005 ], [ -65.004206151839824, -10.601786966047005 ], [ -65.004206151839824, -10.602036965316055 ], [ -65.004456151317939, -10.602036965316055 ], [ -65.004456151317939, -10.601786966047005 ], [ -65.004706150796039, -10.601786966047005 ], [ -65.004706150796039, -10.602036965316055 ], [ -65.00520614975224, -10.602036965316055 ], [ -65.00520614975224, -10.602286964585106 ], [ -65.005456149230355, -10.602286964585106 ], [ -65.005456149230355, -10.602036965316055 ], [ -65.005956148186556, -10.602036965316055 ], [ -65.005956148186556, -10.602286964585106 ], [ -65.006206147664656, -10.602286964585106 ], [ -65.006206147664656, -10.602786963123208 ], [ -65.006706146620871, -10.602786963123208 ], [ -65.006706146620871, -10.602036965316055 ], [ -65.006456147142757, -10.602036965316055 ], [ -65.006456147142757, -10.600286970432698 ], [ -65.007206145577072, -10.600286970432698 ], [ -65.007206145577072, -10.599536972625547 ], [ -65.006956146098972, -10.599536972625547 ], [ -65.006956146098972, -10.599036974087445 ] ], [ [ -65.004706150796039, -10.601536966777953 ], [ -65.00520614975224, -10.601536966777953 ], [ -65.00520614975224, -10.601786966047005 ], [ -65.004706150796039, -10.601786966047005 ], [ -65.004706150796039, -10.601536966777953 ] ], [ [ -65.00520614975224, -10.601286967508903 ], [ -65.005456149230355, -10.601286967508903 ], [ -65.005456149230355, -10.601536966777953 ], [ -65.00520614975224, -10.601536966777953 ], [ -65.00520614975224, -10.601286967508903 ] ], [ [ -65.005456149230355, -10.601036968239852 ], [ -65.005706148708455, -10.601036968239852 ], [ -65.005706148708455, -10.600786968970802 ], [ -65.005956148186556, -10.600786968970802 ], [ -65.005956148186556, -10.601036968239852 ], [ -65.006206147664656, -10.601036968239852 ], [ -65.006206147664656, -10.601536966777953 ], [ -65.005956148186556, -10.601536966777953 ], [ -65.005956148186556, -10.601286967508903 ], [ -65.005456149230355, -10.601286967508903 ], [ -65.005456149230355, -10.601036968239852 ] ], [ [ -65.00520614975224, -10.601036968239852 ], [ -65.00520614975224, -10.600786968970802 ], [ -65.005456149230355, -10.600786968970802 ], [ -65.005456149230355, -10.601036968239852 ], [ -65.00520614975224, -10.601036968239852 ] ], [ [ -65.006956146098972, -10.599786971894599 ], [ -65.006456147142757, -10.599786971894599 ], [ -65.006456147142757, -10.599536972625547 ], [ -65.006956146098972, -10.599536972625547 ], [ -65.006956146098972, -10.599786971894599 ] ] ] } },
{ "type": "Feature", "properties": { "DN": 1 }, "geometry": { "type": "Polygon", "coordinates": [ [ [ -65.000206160190174, -10.600286970432698 ], [ -65.000206160190174, -10.60053696970175 ], [ -65.000456159668275, -10.60053696970175 ], [ -65.000456159668275, -10.600286970432698 ], [ -65.000206160190174, -10.600286970432698 ] ] ] } },
{ "type": "Feature", "properties": { "DN": 1 }, "geometry": { "type": "Polygon", "coordinates": [ [ [ -64.998956162799658, -10.599786971894599 ], [ -64.998956162799658, -10.600786968970802 ], [ -64.999206162277758, -10.600786968970802 ], [ -64.999206162277758, -10.60053696970175 ], [ -64.999456161755859, -10.60053696970175 ], [ -64.999456161755859, -10.600286970432698 ], [ -64.999206162277758, -10.600286970432698 ], [ -64.999206162277758, -10.599786971894599 ], [ -64.998956162799658, -10.599786971894599 ] ] ] } },
{ "type": "Feature", "properties": { "DN": 1 }, "geometry": { "type": "Polygon", "coordinates": [ [ [ -64.989206183153613, -10.602036965316055 ], [ -64.989206183153613, -10.602786963123208 ], [ -64.989456182631713, -10.602786963123208 ], [ -64.989456182631713, -10.602036965316055 ], [ -64.989206183153613, -10.602036965316055 ] ] ] } },
{ "type": "Feature", "properties": { "DN": 1 }, "geometry": { "type": "Polygon", "coordinates": [ [ [ -64.99120617897843, -10.601286967508903 ], [ -64.99120617897843, -10.601536966777953 ], [ -64.991456178456545, -10.601536966777953 ], [ -64.991456178456545, -10.601286967508903 ], [ -64.99120617897843, -10.601286967508903 ] ] ] } },
{ "type": "Feature", "properties": { "DN": 1 }, "geometry": { "type": "Polygon", "coordinates": [ [ [ -64.983206195679116, -10.601286967508903 ], [ -64.983206195679116, -10.601536966777953 ], [ -64.983456195157217, -10.601536966777953 ], [ -64.983456195157217, -10.601286967508903 ], [ -64.983206195679116, -10.601286967508903 ] ] ] } },
{ "type": "Feature", "properties": { "DN": 1 }, "geometry": { "type": "Polygon", "coordinates": [ [ [ -64.991456178456545, -10.600786968970802 ], [ -64.991456178456545, -10.601286967508903 ], [ -64.991706177934645, -10.601286967508903 ], [ -64.991706177934645, -10.600786968970802 ], [ -64.991456178456545, -10.600786968970802 ] ] ] } },
{ "type": "Feature", "properties": { "DN": 1 }, "geometry": { "type": "Polygon", "coordinates": [ [ [ -64.986706188372565, -10.599786971894599 ], [ -64.986706188372565, -10.600286970432698 ], [ -64.98695618785068, -10.600286970432698 ], [ -64.98695618785068, -10.60053696970175 ], [ -64.986706188372565, -10.60053696970175 ], [ -64.986706188372565, -10.600786968970802 ], [ -64.986456188894465, -10.600786968970802 ], [ -64.986456188894465, -10.601036968239852 ], [ -64.986706188372565, -10.601036968239852 ], [ -64.986706188372565, -10.601536966777953 ], [ -64.98695618785068, -10.601536966777953 ], [ -64.98695618785068, -10.601286967508903 ], [ -64.987206187328781, -10.601286967508903 ], [ -64.987206187328781, -10.601036968239852 ], [ -64.987706186284981, -10.601036968239852 ], [ -64.987706186284981, -10.600786968970802 ], [ -64.988206185241197, -10.600786968970802 ], [ -64.988206185241197, -10.600286970432698 ], [ -64.987956185763082, -10.600286970432698 ], [ -64.987956185763082, -10.599786971894599 ], [ -64.986706188372565, -10.599786971894599 ] ] ] } },
{ "type": "Feature", "properties": { "DN": 1 }, "geometry": { "type": "Polygon", "coordinates": [ [ [ -64.991956177412746, -10.600286970432698 ], [ -64.991956177412746, -10.60053696970175 ], [ -64.991706177934645, -10.60053696970175 ], [ -64.991706177934645, -10.600786968970802 ], [ -64.992456176368961, -10.600786968970802 ], [ -64.992456176368961, -10.600286970432698 ], [ -64.991956177412746, -10.600286970432698 ] ] ] } },
{ "type": "Feature", "properties": { "DN": 1 }, "geometry": { "type": "Polygon", "coordinates": [ [ [ -64.983206195679116, -10.599536972625547 ], [ -64.983206195679116, -10.60053696970175 ], [ -64.982956196201016, -10.60053696970175 ], [ -64.982956196201016, -10.600786968970802 ], [ -64.982706196722916, -10.600786968970802 ], [ -64.982706196722916, -10.601036968239852 ], [ -64.983456195157217, -10.601036968239852 ], [ -64.983456195157217, -10.600786968970802 ], [ -64.983706194635332, -10.600786968970802 ], [ -64.983706194635332, -10.600286970432698 ], [ -64.983956194113432, -10.600286970432698 ], [ -64.983956194113432, -10.599536972625547 ], [ -64.983206195679116, -10.599536972625547 ] ] ] } },
{ "type": "Feature", "properties": { "DN": 1 }, "geometry": { "type": "Polygon", "coordinates": [ [ [ -64.990706180022229, -10.599286973356495 ], [ -64.990706180022229, -10.599536972625547 ], [ -64.990456180544129, -10.599536972625547 ], [ -64.990456180544129, -10.599786971894599 ], [ -64.990206181066029, -10.599786971894599 ], [ -64.990206181066029, -10.600286970432698 ], [ -64.990706180022229, -10.600286970432698 ], [ -64.990706180022229, -10.599786971894599 ], [ -64.99095617950033, -10.599786971894599 ], [ -64.99095617950033, -10.599286973356495 ], [ -64.990706180022229, -10.599286973356495 ] ] ] } },
{ "type": "Feature", "properties": { "DN": 1 }, "geometry": { "type": "Polygon", "coordinates": [ [ [ -64.9817061988105, -10.599536972625547 ], [ -64.9817061988105, -10.599786971894599 ], [ -64.9819561982886, -10.599786971894599 ], [ -64.9819561982886, -10.599536972625547 ], [ -64.9817061988105, -10.599536972625547 ] ] ] } },
{ "type": "Feature", "properties": { "DN": 1 }, "geometry": { "type": "Polygon", "coordinates": [ [ [ -64.987206187328781, -10.599036974087445 ], [ -64.987206187328781, -10.599286973356495 ], [ -64.987706186284981, -10.599286973356495 ], [ -64.987706186284981, -10.599036974087445 ], [ -64.987206187328781, -10.599036974087445 ] ] ] } },
{ "type": "Feature", "properties": { "DN": 1 }, "geometry": { "type": "Polygon", "coordinates": [ [ [ -65.002706154971207, -10.599786971894599 ], [ -65.002706154971207, -10.60053696970175 ], [ -65.003206153927408, -10.60053696970175 ], [ -65.003206153927408, -10.600286970432698 ], [ -65.002956154449308, -10.600286970432698 ], [ -65.002956154449308, -10.599786971894599 ], [ -65.002706154971207, -10.599786971894599 ] ] ] } },
{ "type": "Feature", "properties": { "DN": 1 }, "geometry": { "type": "Polygon", "coordinates": [ [ [ -65.004456151317939, -10.599786971894599 ], [ -65.004456151317939, -10.600286970432698 ], [ -65.004706150796039, -10.600286970432698 ], [ -65.004706150796039, -10.599786971894599 ], [ -65.004456151317939, -10.599786971894599 ] ] ] } },
{ "type": "Feature", "properties": { "DN": 1 }, "geometry": { "type": "Polygon", "coordinates": [ [ [ -64.997956164887242, -10.599286973356495 ], [ -64.997956164887242, -10.599536972625547 ], [ -64.998206164365342, -10.599536972625547 ], [ -64.998206164365342, -10.599286973356495 ], [ -64.997956164887242, -10.599286973356495 ] ] ] } },
{ "type": "Feature", "properties": { "DN": 1 }, "geometry": { "type": "Polygon", "coordinates": [ [ [ -65.004456151317939, -10.599286973356495 ], [ -65.004456151317939, -10.599536972625547 ], [ -65.004706150796039, -10.599536972625547 ], [ -65.004706150796039, -10.599286973356495 ], [ -65.004456151317939, -10.599286973356495 ] ] ] } },
{ "type": "Feature", "properties": { "DN": 1 }, "geometry": { "type": "Polygon", "coordinates": [ [ [ -65.003706152883623, -10.599036974087445 ], [ -65.003706152883623, -10.599786971894599 ], [ -65.003956152361724, -10.599786971894599 ], [ -65.003956152361724, -10.599536972625547 ], [ -65.004206151839824, -10.599536972625547 ], [ -65.004206151839824, -10.599286973356495 ], [ -65.003956152361724, -10.599286973356495 ], [ -65.003956152361724, -10.599036974087445 ], [ -65.003706152883623, -10.599036974087445 ] ] ] } },
{ "type": "Feature", "properties": { "DN": 1 }, "geometry": { "type": "Polygon", "coordinates": [ [ [ -65.00120615810259, -10.599286973356495 ], [ -65.00120615810259, -10.599536972625547 ], [ -65.001456157580691, -10.599536972625547 ], [ -65.001456157580691, -10.599286973356495 ], [ -65.00120615810259, -10.599286973356495 ] ] ] } },
{ "type": "Feature", "properties": { "DN": 1 }, "geometry": { "type": "Polygon", "coordinates": [ [ [ -65.003206153927408, -10.599286973356495 ], [ -65.003206153927408, -10.599536972625547 ], [ -65.003456153405523, -10.599536972625547 ], [ -65.003456153405523, -10.599286973356495 ], [ -65.003206153927408, -10.599286973356495 ] ] ] } },
{ "type": "Feature", "properties": { "DN": 1 }, "geometry": { "type": "Polygon", "coordinates": [ [ [ -65.004206151839824, -10.599036974087445 ], [ -65.004206151839824, -10.599286973356495 ], [ -65.004456151317939, -10.599286973356495 ], [ -65.004456151317939, -10.599036974087445 ], [ -65.004206151839824, -10.599036974087445 ] ] ] } },
{ "type": "Feature", "properties": { "DN": 1 }, "geometry": { "type": "Polygon", "coordinates": [ [ [ -65.001956156536892, -10.598536975549344 ], [ -65.001956156536892, -10.599036974087445 ], [ -65.002206156015006, -10.599036974087445 ], [ -65.002206156015006, -10.599286973356495 ], [ -65.002706154971207, -10.599286973356495 ], [ -65.002706154971207, -10.599536972625547 ], [ -65.002956154449308, -10.599536972625547 ], [ -65.002956154449308, -10.599286973356495 ], [ -65.003206153927408, -10.599286973356495 ], [ -65.003206153927408, -10.598786974818394 ], [ -65.002706154971207, -10.598786974818394 ], [ -65.002706154971207, -10.599036974087445 ], [ -65.002456155493107, -10.599036974087445 ], [ -65.002456155493107, -10.598786974818394 ], [ -65.002206156015006, -10.598786974818394 ], [ -65.002206156015006, -10.598536975549344 ], [ -65.001956156536892, -10.598536975549344 ] ] ] } },
{ "type": "Feature", "properties": { "DN": 1 }, "geometry": { "type": "Polygon", "coordinates": [ [ [ -65.003956152361724, -10.598786974818394 ], [ -65.003956152361724, -10.599036974087445 ], [ -65.004206151839824, -10.599036974087445 ], [ -65.004206151839824, -10.598786974818394 ], [ -65.003956152361724, -10.598786974818394 ] ] ] } },
{ "type": "Feature", "properties": { "DN": 1 }, "geometry": { "type": "Polygon", "coordinates": [ [ [ -64.986206189416365, -10.598786974818394 ], [ -64.986206189416365, -10.599036974087445 ], [ -64.985706190460149, -10.599036974087445 ], [ -64.985706190460149, -10.599286973356495 ], [ -64.985456190982049, -10.599286973356495 ], [ -64.985456190982049, -10.599536972625547 ], [ -64.986706188372565, -10.599536972625547 ], [ -64.986706188372565, -10.599286973356495 ], [ -64.986456188894465, -10.599286973356495 ], [ -64.986456188894465, -10.598786974818394 ], [ -64.986206189416365, -10.598786974818394 ] ] ] } },
{ "type": "Feature", "properties": { "DN": 1 }, "geometry": { "type": "Polygon", "coordinates": [ [ [ -64.9819561982886, -10.598286976280292 ], [ -64.9819561982886, -10.598536975549344 ], [ -64.9817061988105, -10.598536975549344 ], [ -64.9817061988105, -10.598786974818394 ], [ -64.981456199332385, -10.598786974818394 ], [ -64.981456199332385, -10.599036974087445 ], [ -64.9819561982886, -10.599036974087445 ], [ -64.9819561982886, -10.598786974818394 ], [ -64.9822061977667, -10.598786974818394 ], [ -64.9822061977667, -10.599536972625547 ], [ -64.982956196201016, -10.599536972625547 ], [ -64.982956196201016, -10.599036974087445 ], [ -64.982706196722916, -10.599036974087445 ], [ -64.982706196722916, -10.598536975549344 ], [ -64.9822061977667, -10.598536975549344 ], [ -64.9822061977667, -10.598286976280292 ], [ -64.9819561982886, -10.598286976280292 ] ] ] } },
{ "type": "Feature", "properties": { "DN": 1 }, "geometry": { "type": "Polygon", "coordinates": [ [ [ -64.979206204029452, -10.598786974818394 ], [ -64.979206204029452, -10.599036974087445 ], [ -64.979456203507567, -10.599036974087445 ], [ -64.979456203507567, -10.598786974818394 ], [ -64.979206204029452, -10.598786974818394 ] ] ] } },
{ "type": "Feature", "properties": { "DN": 1 }, "geometry": { "type": "Polygon", "coordinates": [ [ [ -64.983456195157217, -10.598286976280292 ], [ -64.983456195157217, -10.598536975549344 ], [ -64.982956196201016, -10.598536975549344 ], [ -64.982956196201016, -10.599036974087445 ], [ -64.983456195157217, -10.599036974087445 ], [ -64.983456195157217, -10.599286973356495 ], [ -64.983706194635332, -10.599286973356495 ], [ -64.983706194635332, -10.599036974087445 ], [ -64.983956194113432, -10.599036974087445 ], [ -64.983956194113432, -10.598536975549344 ], [ -64.983706194635332, -10.598536975549344 ], [ -64.983706194635332, -10.598286976280292 ], [ -64.983456195157217, -10.598286976280292 ] ] ] } },
{ "type": "Feature", "properties": { "DN": 1 }, "geometry": { "type": "Polygon", "coordinates": [ [ [ -64.985456190982049, -10.598036977011242 ], [ -64.985456190982049, -10.598536975549344 ], [ -64.985206191503949, -10.598536975549344 ], [ -64.985206191503949, -10.599286973356495 ], [ -64.985456190982049, -10.599286973356495 ], [ -64.985456190982049, -10.598786974818394 ], [ -64.985706190460149, -10.598786974818394 ], [ -64.985706190460149, -10.598036977011242 ], [ -64.985456190982049, -10.598036977011242 ] ] ] } },
{ "type": "Feature", "properties": { "DN": 1 }, "geometry": { "type": "Polygon", "coordinates": [ [ [ -64.981206199854284, -10.59778697774219 ], [ -64.981206199854284, -10.598036977011242 ], [ -64.980956200376184, -10.598036977011242 ], [ -64.980956200376184, -10.598786974818394 ], [ -64.980706200898084, -10.598786974818394 ], [ -64.980706200898084, -10.599036974087445 ], [ -64.980956200376184, -10.599036974087445 ], [ -64.980956200376184, -10.599286973356495 ], [ -64.981206199854284, -10.599286973356495 ], [ -64.981206199854284, -10.599536972625547 ], [ -64.981456199332385, -10.599536972625547 ], [ -64.981456199332385, -10.599036974087445 ], [ -64.981206199854284, -10.599036974087445 ], [ -64.981206199854284, -10.598286976280292 ], [ -64.981456199332385, -10.598286976280292 ], [ -64.981456199332385, -10.598536975549344 ], [ -64.9817061988105, -10.598536975549344 ], [ -64.9817061988105, -10.598036977011242 ], [ -64.982706196722916, -10.598036977011242 ], [ -64.982706196722916, -10.59778697774219 ], [ -64.981206199854284, -10.59778697774219 ] ] ] } },
{ "type": "Feature", "properties": { "DN": 1 }, "geometry": { "type": "Polygon", "coordinates": [ [ [ -64.983706194635332, -10.598036977011242 ], [ -64.983706194635332, -10.598286976280292 ], [ -64.983956194113432, -10.598286976280292 ], [ -64.983956194113432, -10.598036977011242 ], [ -64.983706194635332, -10.598036977011242 ] ] ] } },
{ "type": "Feature", "properties": { "DN": 1 }, "geometry": { "type": "Polygon", "coordinates": [ [ [ -64.977206208204635, -10.597286979204089 ], [ -64.977206208204635, -10.598286976280292 ], [ -64.977706207160836, -10.598286976280292 ], [ -64.977706207160836, -10.598536975549344 ], [ -64.977956206638936, -10.598536975549344 ], [ -64.977956206638936, -10.598286976280292 ], [ -64.978206206117051, -10.598286976280292 ], [ -64.978206206117051, -10.59778697774219 ], [ -64.977956206638936, -10.59778697774219 ], [ -64.977956206638936, -10.597286979204089 ], [ -64.977206208204635, -10.597286979204089 ] ] ] } },
{ "type": "Feature", "properties": { "DN": 1 }, "geometry": { "type": "Polygon", "coordinates": [ [ [ -64.980456201419983, -10.597036979935039 ], [ -64.980456201419983, -10.598036977011242 ], [ -64.980706200898084, -10.598036977011242 ], [ -64.980706200898084, -10.59778697774219 ], [ -64.980956200376184, -10.59778697774219 ], [ -64.980956200376184, -10.597286979204089 ], [ -64.980706200898084, -10.597286979204089 ], [ -64.980706200898084, -10.597036979935039 ], [ -64.980456201419983, -10.597036979935039 ] ] ] } },
{ "type": "Feature", "properties": { "DN": 1 }, "geometry": { "type": "Polygon", "coordinates": [ [ [ -64.9822061977667, -10.596536981396937 ], [ -64.9822061977667, -10.596786980665987 ], [ -64.982706196722916, -10.596786980665987 ], [ -64.982706196722916, -10.59778697774219 ], [ -64.982956196201016, -10.59778697774219 ], [ -64.982956196201016, -10.598286976280292 ], [ -64.983456195157217, -10.598286976280292 ], [ -64.983456195157217, -10.59778697774219 ], [ -64.983206195679116, -10.59778697774219 ], [ -64.983206195679116, -10.597036979935039 ], [ -64.982956196201016, -10.597036979935039 ], [ -64.982956196201016, -10.596536981396937 ], [ -64.9822061977667, -10.596536981396937 ] ] ] } },
{ "type": "Feature", "properties": { "DN": 1 }, "geometry": { "type": "Polygon", "coordinates": [ [ [ -64.966706230124274, -10.595536984320733 ], [ -64.966706230124274, -10.596536981396937 ], [ -64.966956229602374, -10.596536981396937 ], [ -64.966956229602374, -10.596786980665987 ], [ -64.967206229080475, -10.596786980665987 ], [ -64.967206229080475, -10.597036979935039 ], [ -64.967456228558589, -10.597036979935039 ], [ -64.967456228558589, -10.597286979204089 ], [ -64.967206229080475, -10.597286979204089 ], [ -64.967206229080475, -10.597536978473141 ], [ -64.966206231168059, -10.597536978473141 ], [ -64.966206231168059, -10.59778697774219 ], [ -64.964456234821341, -10.59778697774219 ], [ -64.964456234821341, -10.598036977011242 ], [ -64.963706236387026, -10.598036977011242 ], [ -64.963706236387026, -10.598286976280292 ], [ -64.96295623795271, -10.598286976280292 ], [ -64.96295623795271, -10.598536975549344 ], [ -64.962456238996509, -10.598536975549344 ], [ -64.962456238996509, -10.598786974818394 ], [ -64.961706240562194, -10.598786974818394 ], [ -64.961706240562194, -10.599786971894599 ], [ -64.962456238996509, -10.599786971894599 ], [ -64.962456238996509, -10.599536972625547 ], [ -64.963206237430825, -10.599536972625547 ], [ -64.963206237430825, -10.599286973356495 ], [ -64.964206235343241, -10.599286973356495 ], [ -64.964206235343241, -10.599036974087445 ], [ -64.964706234299442, -10.599036974087445 ], [ -64.964706234299442, -10.598786974818394 ], [ -64.965706232211858, -10.598786974818394 ], [ -64.965706232211858, -10.599036974087445 ], [ -64.965956231689958, -10.599036974087445 ], [ -64.965956231689958, -10.598536975549344 ], [ -64.966206231168059, -10.598536975549344 ], [ -64.966206231168059, -10.598286976280292 ], [ -64.966956229602374, -10.598286976280292 ], [ -64.966956229602374, -10.598036977011242 ], [ -64.967206229080475, -10.598036977011242 ], [ -64.967206229080475, -10.59778697774219 ], [ -64.967456228558589, -10.59778697774219 ], [ -64.967456228558589, -10.598036977011242 ], [ -64.968206226992891, -10.598036977011242 ], [ -64.968206226992891, -10.59778697774219 ], [ -64.968456226471005, -10.59778697774219 ], [ -64.968456226471005, -10.597536978473141 ], [ -64.968706225949106, -10.597536978473141 ], [ -64.968706225949106, -10.596536981396937 ], [ -64.96770622803669, -10.596536981396937 ], [ -64.96770622803669, -10.596286982127886 ], [ -64.96795622751479, -10.596286982127886 ], [ -64.96795622751479, -10.596036982858834 ], [ -64.96770622803669, -10.596036982858834 ], [ -64.96770622803669, -10.595536984320733 ], [ -64.966706230124274, -10.595536984320733 ] ] ] } },
{ "type": "Feature", "properties": { "DN": 1 }, "geometry": { "type": "Polygon", "coordinates": [ [ [ -64.969206224905307, -10.597286979204089 ], [ -64.969206224905307, -10.59778697774219 ], [ -64.969456224383407, -10.59778697774219 ], [ -64.969456224383407, -10.597286979204089 ], [ -64.969206224905307, -10.597286979204089 ] ] ] } },
{ "type": "Feature", "properties": { "DN": 1 }, "geometry": { "type": "Polygon", "coordinates": [ [ [ -64.972206218642555, -10.596536981396937 ], [ -64.972206218642555, -10.596786980665987 ], [ -64.972706217598756, -10.596786980665987 ], [ -64.972706217598756, -10.597036979935039 ], [ -64.97295621707687, -10.597036979935039 ], [ -64.97295621707687, -10.596536981396937 ], [ -64.972206218642555, -10.596536981396937 ] ] ] } },
{ "type": "Feature", "properties": { "DN": 1 }, "geometry": { "type": "Polygon", "coordinates": [ [ [ -64.968706225949106, -10.596036982858834 ], [ -64.968706225949106, -10.596536981396937 ], [ -64.969206224905307, -10.596536981396937 ], [ -64.969206224905307, -10.596036982858834 ], [ -64.968706225949106, -10.596036982858834 ] ] ] } },
{ "type": "Feature", "properties": { "DN": 1 }, "geometry": { "type": "Polygon", "coordinates": [ [ [ -64.973956214989286, -10.596036982858834 ], [ -64.973956214989286, -10.596286982127886 ], [ -64.974206214467387, -10.596286982127886 ], [ -64.974206214467387, -10.596036982858834 ], [ -64.973956214989286, -10.596036982858834 ] ] ] } },
{ "type": "Feature", "properties": { "DN": 1 }, "geometry": { "type": "Polygon", "coordinates": [ [ [ -64.971456220208239, -10.596036982858834 ], [ -64.971456220208239, -10.596286982127886 ], [ -64.971706219686354, -10.596286982127886 ], [ -64.971706219686354, -10.596036982858834 ], [ -64.971456220208239, -10.596036982858834 ] ] ] } },
{ "type": "Feature", "properties": { "DN": 1 }, "geometry": { "type": "Polygon", "coordinates": [ [ [ -64.974206214467387, -10.595786983589784 ], [ -64.974206214467387, -10.596036982858834 ], [ -64.974456213945487, -10.596036982858834 ], [ -64.974456213945487, -10.595786983589784 ], [ -64.974206214467387, -10.595786983589784 ] ] ] } },
{ "type": "Feature", "properties": { "DN": 1 }, "geometry": { "type": "Polygon", "coordinates": [ [ [ -64.971456220208239, -10.595536984320733 ], [ -64.971456220208239, -10.595786983589784 ], [ -64.971706219686354, -10.595786983589784 ], [ -64.971706219686354, -10.595536984320733 ], [ -64.971456220208239, -10.595536984320733 ] ] ] } },
{ "type": "Feature", "properties": { "DN": 1 }, "geometry": { "type": "Polygon", "coordinates": [ [ [ -64.96795622751479, -10.594786986513581 ], [ -64.96795622751479, -10.595536984320733 ], [ -64.968206226992891, -10.595536984320733 ], [ -64.968206226992891, -10.594786986513581 ], [ -64.96795622751479, -10.594786986513581 ] ] ] } },
{ "type": "Feature", "properties": { "DN": 1 }, "geometry": { "type": "Polygon", "coordinates": [ [ [ -64.976206210292219, -10.594786986513581 ], [ -64.976206210292219, -10.595286985051683 ], [ -64.976456209770319, -10.595286985051683 ], [ -64.976456209770319, -10.595536984320733 ], [ -64.97695620872652, -10.595536984320733 ], [ -64.97695620872652, -10.594786986513581 ], [ -64.976206210292219, -10.594786986513581 ] ] ] } },
{ "type": "Feature", "properties": { "DN": 1 }, "geometry": { "type": "Polygon", "coordinates": [ [ [ -65.003206153927408, -10.598536975549344 ], [ -65.003206153927408, -10.598786974818394 ], [ -65.003456153405523, -10.598786974818394 ], [ -65.003456153405523, -10.598536975549344 ], [ -65.003206153927408, -10.598536975549344 ] ] ] } },
{ "type": "Feature", "properties": { "DN": 1 }, "geometry": { "type": "Polygon", "coordinates": [ [ [ -65.000956158624476, -10.597286979204089 ], [ -65.000956158624476, -10.598036977011242 ], [ -65.00120615810259, -10.598036977011242 ], [ -65.00120615810259, -10.59778697774219 ], [ -65.001456157580691, -10.59778697774219 ], [ -65.001456157580691, -10.598286976280292 ], [ -65.001706157058791, -10.598286976280292 ], [ -65.001706157058791, -10.598536975549344 ], [ -65.001956156536892, -10.598536975549344 ], [ -65.001956156536892, -10.598036977011242 ], [ -65.002206156015006, -10.598036977011242 ], [ -65.002206156015006, -10.59778697774219 ], [ -65.001706157058791, -10.59778697774219 ], [ -65.001706157058791, -10.597286979204089 ], [ -65.000956158624476, -10.597286979204089 ] ] ] } },
{ "type": "Feature", "properties": { "DN": 1 }, "geometry": { "type": "Polygon", "coordinates": [ [ [ -64.99995616071206, -10.596536981396937 ], [ -64.99995616071206, -10.597036979935039 ], [ -64.998956162799658, -10.597036979935039 ], [ -64.998956162799658, -10.597536978473141 ], [ -64.999206162277758, -10.597536978473141 ], [ -64.999206162277758, -10.59778697774219 ], [ -64.99995616071206, -10.59778697774219 ], [ -64.99995616071206, -10.598036977011242 ], [ -65.000206160190174, -10.598036977011242 ], [ -65.000206160190174, -10.598286976280292 ], [ -65.000706159146375, -10.598286976280292 ], [ -65.000706159146375, -10.598036977011242 ], [ -65.000456159668275, -10.598036977011242 ], [ -65.000456159668275, -10.59778697774219 ], [ -65.000206160190174, -10.59778697774219 ], [ -65.000206160190174, -10.597536978473141 ], [ -65.000456159668275, -10.597536978473141 ], [ -65.000456159668275, -10.597286979204089 ], [ -65.000206160190174, -10.597286979204089 ], [ -65.000206160190174, -10.597036979935039 ], [ -65.000456159668275, -10.597036979935039 ], [ -65.000456159668275, -10.596786980665987 ], [ -65.000206160190174, -10.596786980665987 ], [ -65.000206160190174, -10.596536981396937 ], [ -64.99995616071206, -10.596536981396937 ] ] ] } },
{ "type": "Feature", "properties": { "DN": 1 }, "geometry": { "type": "Polygon", "coordinates": [ [ [ -65.003956152361724, -10.595786983589784 ], [ -65.003956152361724, -10.596036982858834 ], [ -65.003456153405523, -10.596036982858834 ], [ -65.003456153405523, -10.596786980665987 ], [ -65.003206153927408, -10.596786980665987 ], [ -65.003206153927408, -10.597036979935039 ], [ -65.002956154449308, -10.597036979935039 ], [ -65.002956154449308, -10.59778697774219 ], [ -65.003456153405523, -10.59778697774219 ], [ -65.003456153405523, -10.598036977011242 ], [ -65.002956154449308, -10.598036977011242 ], [ -65.002956154449308, -10.598286976280292 ], [ -65.002706154971207, -10.598286976280292 ], [ -65.002706154971207, -10.598536975549344 ], [ -65.003206153927408, -10.598536975549344 ], [ -65.003206153927408, -10.598286976280292 ], [ -65.003706152883623, -10.598286976280292 ], [ -65.003706152883623, -10.597536978473141 ], [ -65.003956152361724, -10.597536978473141 ], [ -65.003956152361724, -10.596786980665987 ], [ -65.004206151839824, -10.596786980665987 ], [ -65.004206151839824, -10.596536981396937 ], [ -65.004456151317939, -10.596536981396937 ], [ -65.004456151317939, -10.596286982127886 ], [ -65.004206151839824, -10.596286982127886 ], [ -65.004206151839824, -10.595786983589784 ], [ -65.003956152361724, -10.595786983589784 ] ] ] } },
{ "type": "Feature", "properties": { "DN": 1 }, "geometry": { "type": "Polygon", "coordinates": [ [ [ -65.004706150796039, -10.596286982127886 ], [ -65.004706150796039, -10.596536981396937 ], [ -65.004456151317939, -10.596536981396937 ], [ -65.004456151317939, -10.596786980665987 ], [ -65.004706150796039, -10.596786980665987 ], [ -65.004706150796039, -10.597036979935039 ], [ -65.00520614975224, -10.597036979935039 ], [ -65.00520614975224, -10.596286982127886 ], [ -65.004706150796039, -10.596286982127886 ] ] ] } },
{ "type": "Feature", "properties": { "DN": 1 }, "geometry": { "type": "Polygon", "coordinates": [ [ [ -64.998956162799658, -10.596536981396937 ], [ -64.998956162799658, -10.596786980665987 ], [ -64.999206162277758, -10.596786980665987 ], [ -64.999206162277758, -10.596536981396937 ], [ -64.998956162799658, -10.596536981396937 ] ] ] } },
{ "type": "Feature", "properties": { "DN": 1 }, "geometry": { "type": "Polygon", "coordinates": [ [ [ -65.011956135661052, -10.595536984320733 ], [ -65.011956135661052, -10.595786983589784 ], [ -65.011456136704837, -10.595786983589784 ], [ -65.011456136704837, -10.596536981396937 ], [ -65.011706136182937, -10.596536981396937 ], [ -65.011706136182937, -10.596786980665987 ], [ -65.011956135661052, -10.596786980665987 ], [ -65.011956135661052, -10.597036979935039 ], [ -65.013456132529669, -10.597036979935039 ], [ -65.013456132529669, -10.596536981396937 ], [ -65.01395613148587, -10.596536981396937 ], [ -65.01395613148587, -10.596286982127886 ], [ -65.013706132007769, -10.596286982127886 ], [ -65.013706132007769, -10.596036982858834 ], [ -65.013456132529669, -10.596036982858834 ], [ -65.013456132529669, -10.595786983589784 ], [ -65.012206135139152, -10.595786983589784 ], [ -65.012206135139152, -10.595536984320733 ], [ -65.011956135661052, -10.595536984320733 ] ] ] } },
{ "type": "Feature", "properties": { "DN": 1 }, "geometry": { "type": "Polygon", "coordinates": [ [ [ -65.00120615810259, -10.596036982858834 ], [ -65.00120615810259, -10.596286982127886 ], [ -65.001456157580691, -10.596286982127886 ], [ -65.001456157580691, -10.596036982858834 ], [ -65.00120615810259, -10.596036982858834 ] ] ] } },
{ "type": "Feature", "properties": { "DN": 1 }, "geometry": { "type": "Polygon", "coordinates": [ [ [ -64.998956162799658, -10.596036982858834 ], [ -64.998956162799658, -10.596286982127886 ], [ -64.999206162277758, -10.596286982127886 ], [ -64.999206162277758, -10.596036982858834 ], [ -64.998956162799658, -10.596036982858834 ] ] ] } },
{ "type": "Feature", "properties": { "DN": 1 }, "geometry": { "type": "Polygon", "coordinates": [ [ [ -65.002706154971207, -10.596036982858834 ], [ -65.002706154971207, -10.596286982127886 ], [ -65.002956154449308, -10.596286982127886 ], [ -65.002956154449308, -10.596036982858834 ], [ -65.002706154971207, -10.596036982858834 ] ] ] } },
{ "type": "Feature", "properties": { "DN": 1 }, "geometry": { "type": "Polygon", "coordinates": [ [ [ -64.981456199332385, -10.597036979935039 ], [ -64.981456199332385, -10.597286979204089 ], [ -64.9817061988105, -10.597286979204089 ], [ -64.9817061988105, -10.597036979935039 ], [ -64.981456199332385, -10.597036979935039 ] ] ] } },
{ "type": "Feature", "properties": { "DN": 1 }, "geometry": { "type": "Polygon", "coordinates": [ [ [ -64.9817061988105, -10.596786980665987 ], [ -64.9817061988105, -10.597036979935039 ], [ -64.9819561982886, -10.597036979935039 ], [ -64.9819561982886, -10.596786980665987 ], [ -64.9817061988105, -10.596786980665987 ] ] ] } },
{ "type": "Feature", "properties": { "DN": 1 }, "geometry": { "type": "Polygon", "coordinates": [ [ [ -64.977456207682735, -10.595786983589784 ], [ -64.977456207682735, -10.596036982858834 ], [ -64.977206208204635, -10.596036982858834 ], [ -64.977206208204635, -10.596536981396937 ], [ -64.977456207682735, -10.596536981396937 ], [ -64.977456207682735, -10.596786980665987 ], [ -64.977706207160836, -10.596786980665987 ], [ -64.977706207160836, -10.597036979935039 ], [ -64.977956206638936, -10.597036979935039 ], [ -64.977956206638936, -10.596786980665987 ], [ -64.978706205073252, -10.596786980665987 ], [ -64.978706205073252, -10.596536981396937 ], [ -64.978456205595151, -10.596536981396937 ], [ -64.978456205595151, -10.596286982127886 ], [ -64.978706205073252, -10.596286982127886 ], [ -64.978706205073252, -10.596036982858834 ], [ -64.978456205595151, -10.596036982858834 ], [ -64.978456205595151, -10.595786983589784 ], [ -64.977456207682735, -10.595786983589784 ] ], [ [ -64.977956206638936, -10.596286982127886 ], [ -64.977706207160836, -10.596286982127886 ], [ -64.977706207160836, -10.596036982858834 ], [ -64.977956206638936, -10.596036982858834 ], [ -64.977956206638936, -10.596286982127886 ] ] ] } },
{ "type": "Feature", "properties": { "DN": 1 }, "geometry": { "type": "Polygon", "coordinates": [ [ [ -64.978706205073252, -10.595286985051683 ], [ -64.978706205073252, -10.595786983589784 ], [ -64.978956204551352, -10.595786983589784 ], [ -64.978956204551352, -10.596536981396937 ], [ -64.980206201941868, -10.596536981396937 ], [ -64.980206201941868, -10.596036982858834 ], [ -64.979706202985668, -10.596036982858834 ], [ -64.979706202985668, -10.595786983589784 ], [ -64.979456203507567, -10.595786983589784 ], [ -64.979456203507567, -10.595286985051683 ], [ -64.978706205073252, -10.595286985051683 ] ] ] } },
{ "type": "Feature", "properties": { "DN": 1 }, "geometry": { "type": "Polygon", "coordinates": [ [ [ -64.985706190460149, -10.595536984320733 ], [ -64.985706190460149, -10.595786983589784 ], [ -64.985956189938264, -10.595786983589784 ], [ -64.985956189938264, -10.596036982858834 ], [ -64.985706190460149, -10.596036982858834 ], [ -64.985706190460149, -10.596286982127886 ], [ -64.986206189416365, -10.596286982127886 ], [ -64.986206189416365, -10.595536984320733 ], [ -64.985706190460149, -10.595536984320733 ] ] ] } },
{ "type": "Feature", "properties": { "DN": 1 }, "geometry": { "type": "Polygon", "coordinates": [ [ [ -64.985206191503949, -10.595786983589784 ], [ -64.985206191503949, -10.596036982858834 ], [ -64.985456190982049, -10.596036982858834 ], [ -64.985456190982049, -10.595786983589784 ], [ -64.985206191503949, -10.595786983589784 ] ] ] } },
{ "type": "Feature", "properties": { "DN": 1 }, "geometry": { "type": "Polygon", "coordinates": [ [ [ -64.97695620872652, -10.595536984320733 ], [ -64.97695620872652, -10.595786983589784 ], [ -64.977206208204635, -10.595786983589784 ], [ -64.977206208204635, -10.595536984320733 ], [ -64.97695620872652, -10.595536984320733 ] ] ] } },
{ "type": "Feature", "properties": { "DN": 1 }, "geometry": { "type": "Polygon", "coordinates": [ [ [ -64.983206195679116, -10.595286985051683 ], [ -64.983206195679116, -10.595536984320733 ], [ -64.982956196201016, -10.595536984320733 ], [ -64.982956196201016, -10.595786983589784 ], [ -64.982706196722916, -10.595786983589784 ], [ -64.982706196722916, -10.596036982858834 ], [ -64.983206195679116, -10.596036982858834 ], [ -64.983206195679116, -10.595786983589784 ], [ -64.983456195157217, -10.595786983589784 ], [ -64.983456195157217, -10.595286985051683 ], [ -64.983206195679116, -10.595286985051683 ] ] ] } },
{ "type": "Feature", "properties": { "DN": 1 }, "geometry": { "type": "Polygon", "coordinates": [ [ [ -64.982706196722916, -10.595286985051683 ], [ -64.982706196722916, -10.595536984320733 ], [ -64.982956196201016, -10.595536984320733 ], [ -64.982956196201016, -10.595286985051683 ], [ -64.982706196722916, -10.595286985051683 ] ] ] } },
{ "type": "Feature", "properties": { "DN": 1 }, "geometry": { "type": "Polygon", "coordinates": [ [ [ -64.981206199854284, -10.595286985051683 ], [ -64.981206199854284, -10.595536984320733 ], [ -64.981456199332385, -10.595536984320733 ], [ -64.981456199332385, -10.595286985051683 ], [ -64.981206199854284, -10.595286985051683 ] ] ] } },
{ "type": "Feature", "properties": { "DN": 1 }, "geometry": { "type": "Polygon", "coordinates": [ [ [ -64.999706161233959, -10.595786983589784 ], [ -64.999706161233959, -10.596536981396937 ], [ -64.99995616071206, -10.596536981396937 ], [ -64.99995616071206, -10.595786983589784 ], [ -64.999706161233959, -10.595786983589784 ] ] ] } },
{ "type": "Feature", "properties": { "DN": 1 }, "geometry": { "type": "Polygon", "coordinates": [ [ [ -65.000206160190174, -10.595786983589784 ], [ -65.000206160190174, -10.596036982858834 ], [ -65.000456159668275, -10.596036982858834 ], [ -65.000456159668275, -10.595786983589784 ], [ -65.000206160190174, -10.595786983589784 ] ] ] } },
{ "type": "Feature", "properties": { "DN": 1 }, "geometry": { "type": "Polygon", "coordinates": [ [ [ -65.006206147664656, -10.595286985051683 ], [ -65.006206147664656, -10.595536984320733 ], [ -65.006706146620871, -10.595536984320733 ], [ -65.006706146620871, -10.595286985051683 ], [ -65.006206147664656, -10.595286985051683 ] ] ] } },
{ "type": "Feature", "properties": { "DN": 1 }, "geometry": { "type": "Polygon", "coordinates": [ [ [ -65.010456138792421, -10.595036985782631 ], [ -65.010456138792421, -10.595286985051683 ], [ -65.010956137748636, -10.595286985051683 ], [ -65.010956137748636, -10.595036985782631 ], [ -65.010456138792421, -10.595036985782631 ] ] ] } },
{ "type": "Feature", "properties": { "DN": 1 }, "geometry": { "type": "Polygon", "coordinates": [ [ [ -64.99995616071206, -10.595036985782631 ], [ -64.99995616071206, -10.595286985051683 ], [ -65.000206160190174, -10.595286985051683 ], [ -65.000206160190174, -10.595036985782631 ], [ -64.99995616071206, -10.595036985782631 ] ] ] } },
{ "type": "Feature", "properties": { "DN": 1 }, "geometry": { "type": "Polygon", "coordinates": [ [ [ -65.006956146098972, -10.594536987244529 ], [ -65.006956146098972, -10.594786986513581 ], [ -65.007206145577072, -10.594786986513581 ], [ -65.007206145577072, -10.595286985051683 ], [ -65.007706144533287, -10.595286985051683 ], [ -65.007706144533287, -10.594536987244529 ], [ -65.006956146098972, -10.594536987244529 ] ] ] } },
{ "type": "Feature", "properties": { "DN": 1 }, "geometry": { "type": "Polygon", "coordinates": [ [ [ -65.004206151839824, -10.594536987244529 ], [ -65.004206151839824, -10.594786986513581 ], [ -65.004456151317939, -10.594786986513581 ], [ -65.004456151317939, -10.594536987244529 ], [ -65.004206151839824, -10.594536987244529 ] ] ] } },
{ "type": "Feature", "properties": { "DN": 1 }, "geometry": { "type": "Polygon", "coordinates": [ [ [ -65.006206147664656, -10.594536987244529 ], [ -65.006206147664656, -10.594786986513581 ], [ -65.006456147142757, -10.594786986513581 ], [ -65.006456147142757, -10.594536987244529 ], [ -65.006206147664656, -10.594536987244529 ] ] ] } },
{ "type": "Feature", "properties": { "DN": 1 }, "geometry": { "type": "Polygon", "coordinates": [ [ [ -65.009456140880005, -10.59428698797548 ], [ -65.009456140880005, -10.594536987244529 ], [ -65.009706140358105, -10.594536987244529 ], [ -65.009706140358105, -10.594786986513581 ], [ -65.01020613931432, -10.594786986513581 ], [ -65.01020613931432, -10.594536987244529 ], [ -65.00995613983622, -10.594536987244529 ], [ -65.00995613983622, -10.59428698797548 ], [ -65.009456140880005, -10.59428698797548 ] ] ] } },
{ "type": "Feature", "properties": { "DN": 1 }, "geometry": { "type": "Polygon", "coordinates": [ [ [ -64.994706171671893, -10.59428698797548 ], [ -64.994706171671893, -10.594786986513581 ], [ -64.995206170628094, -10.594786986513581 ], [ -64.995206170628094, -10.59428698797548 ], [ -64.994706171671893, -10.59428698797548 ] ] ] } },
{ "type": "Feature", "properties": { "DN": 1 }, "geometry": { "type": "Polygon", "coordinates": [ [ [ -64.983956194113432, -10.594786986513581 ], [ -64.983956194113432, -10.595286985051683 ], [ -64.984206193591532, -10.595286985051683 ], [ -64.984206193591532, -10.594786986513581 ], [ -64.983956194113432, -10.594786986513581 ] ] ] } },
{ "type": "Feature", "properties": { "DN": 1 }, "geometry": { "type": "Polygon", "coordinates": [ [ [ -64.982956196201016, -10.594786986513581 ], [ -64.982956196201016, -10.595286985051683 ], [ -64.983206195679116, -10.595286985051683 ], [ -64.983206195679116, -10.594786986513581 ], [ -64.982956196201016, -10.594786986513581 ] ] ] } },
{ "type": "Feature", "properties": { "DN": 1 }, "geometry": { "type": "Polygon", "coordinates": [ [ [ -64.977956206638936, -10.59428698797548 ], [ -64.977956206638936, -10.595286985051683 ], [ -64.978206206117051, -10.595286985051683 ], [ -64.978206206117051, -10.59428698797548 ], [ -64.977956206638936, -10.59428698797548 ] ] ] } },
{ "type": "Feature", "properties": { "DN": 1 }, "geometry": { "type": "Polygon", "coordinates": [ [ [ -64.9817061988105, -10.593536990168326 ], [ -64.9817061988105, -10.593786989437378 ], [ -64.980956200376184, -10.593786989437378 ], [ -64.980956200376184, -10.594036988706428 ], [ -64.980206201941868, -10.594036988706428 ], [ -64.980206201941868, -10.59428698797548 ], [ -64.980456201419983, -10.59428698797548 ], [ -64.980456201419983, -10.595786983589784 ], [ -64.980956200376184, -10.595786983589784 ], [ -64.980956200376184, -10.596036982858834 ], [ -64.981206199854284, -10.596036982858834 ], [ -64.981206199854284, -10.595536984320733 ], [ -64.980956200376184, -10.595536984320733 ], [ -64.980956200376184, -10.595286985051683 ], [ -64.981206199854284, -10.595286985051683 ], [ -64.981206199854284, -10.594786986513581 ], [ -64.9817061988105, -10.594786986513581 ], [ -64.9817061988105, -10.595286985051683 ], [ -64.9822061977667, -10.595286985051683 ], [ -64.9822061977667, -10.594786986513581 ], [ -64.982956196201016, -10.594786986513581 ], [ -64.982956196201016, -10.594536987244529 ], [ -64.983706194635332, -10.594536987244529 ], [ -64.983706194635332, -10.59428698797548 ], [ -64.982706196722916, -10.59428698797548 ], [ -64.982706196722916, -10.594036988706428 ], [ -64.9819561982886, -10.594036988706428 ], [ -64.9819561982886, -10.593536990168326 ], [ -64.9817061988105, -10.593536990168326 ] ], [ [ -64.9822061977667, -10.594536987244529 ], [ -64.9817061988105, -10.594536987244529 ], [ -64.9817061988105, -10.59428698797548 ], [ -64.9822061977667, -10.59428698797548 ], [ -64.9822061977667, -10.594536987244529 ] ] ] } },
{ "type": "Feature", "properties": { "DN": 1 }, "geometry": { "type": "Polygon", "coordinates": [ [ [ -64.983706194635332, -10.594536987244529 ], [ -64.983706194635332, -10.594786986513581 ], [ -64.983956194113432, -10.594786986513581 ], [ -64.983956194113432, -10.594536987244529 ], [ -64.983706194635332, -10.594536987244529 ] ] ] } },
{ "type": "Feature", "properties": { "DN": 1 }, "geometry": { "type": "Polygon", "coordinates": [ [ [ -64.983956194113432, -10.59428698797548 ], [ -64.983956194113432, -10.594536987244529 ], [ -64.984206193591532, -10.594536987244529 ], [ -64.984206193591532, -10.594786986513581 ], [ -64.986456188894465, -10.594786986513581 ], [ -64.986456188894465, -10.594536987244529 ], [ -64.984706192547733, -10.594536987244529 ], [ -64.984706192547733, -10.59428698797548 ], [ -64.983956194113432, -10.59428698797548 ] ] ] } },
{ "type": "Feature", "properties": { "DN": 1 }, "geometry": { "type": "Polygon", "coordinates": [ [ [ -64.991956177412746, -10.594036988706428 ], [ -64.991956177412746, -10.594536987244529 ], [ -64.992206176890846, -10.594536987244529 ], [ -64.992206176890846, -10.594036988706428 ], [ -64.991956177412746, -10.594036988706428 ] ] ] } },
{ "type": "Feature", "properties": { "DN": 1 }, "geometry": { "type": "Polygon", "coordinates": [ [ [ -64.985956189938264, -10.594036988706428 ], [ -64.985956189938264, -10.59428698797548 ], [ -64.986206189416365, -10.59428698797548 ], [ -64.986206189416365, -10.594036988706428 ], [ -64.985956189938264, -10.594036988706428 ] ] ] } },
{ "type": "Feature", "properties": { "DN": 1 }, "geometry": { "type": "Polygon", "coordinates": [ [ [ -64.97670620924842, -10.594036988706428 ], [ -64.97670620924842, -10.59428698797548 ], [ -64.97695620872652, -10.59428698797548 ], [ -64.97695620872652, -10.594036988706428 ], [ -64.97670620924842, -10.594036988706428 ] ] ] } },
{ "type": "Feature", "properties": { "DN": 1 }, "geometry": { "type": "Polygon", "coordinates": [ [ [ -64.984456193069633, -10.593786989437378 ], [ -64.984456193069633, -10.594036988706428 ], [ -64.984706192547733, -10.594036988706428 ], [ -64.984706192547733, -10.59428698797548 ], [ -64.985206191503949, -10.59428698797548 ], [ -64.985206191503949, -10.593786989437378 ], [ -64.984456193069633, -10.593786989437378 ] ] ] } },
{ "type": "Feature", "properties": { "DN": 1 }, "geometry": { "type": "Polygon", "coordinates": [ [ [ -64.96770622803669, -10.594536987244529 ], [ -64.96770622803669, -10.594786986513581 ], [ -64.96795622751479, -10.594786986513581 ], [ -64.96795622751479, -10.594536987244529 ], [ -64.96770622803669, -10.594536987244529 ] ] ] } },
{ "type": "Feature", "properties": { "DN": 1 }, "geometry": { "type": "Polygon", "coordinates": [ [ [ -64.966956229602374, -10.594536987244529 ], [ -64.966956229602374, -10.594786986513581 ], [ -64.967206229080475, -10.594786986513581 ], [ -64.967206229080475, -10.594536987244529 ], [ -64.966956229602374, -10.594536987244529 ] ] ] } },
{ "type": "Feature", "properties": { "DN": 1 }, "geometry": { "type": "Polygon", "coordinates": [ [ [ -64.96795622751479, -10.59428698797548 ], [ -64.96795622751479, -10.594536987244529 ], [ -64.968206226992891, -10.594536987244529 ], [ -64.968206226992891, -10.59428698797548 ], [ -64.96795622751479, -10.59428698797548 ] ] ] } },
{ "type": "Feature", "properties": { "DN": 1 }, "geometry": { "type": "Polygon", "coordinates": [ [ [ -64.973456216033071, -10.593036991630225 ], [ -64.973456216033071, -10.593286990899276 ], [ -64.97295621707687, -10.593286990899276 ], [ -64.97295621707687, -10.593536990168326 ], [ -64.973206216554971, -10.593536990168326 ], [ -64.973206216554971, -10.593786989437378 ], [ -64.97295621707687, -10.593786989437378 ], [ -64.97295621707687, -10.594036988706428 ], [ -64.973956214989286, -10.594036988706428 ], [ -64.973956214989286, -10.59428698797548 ], [ -64.973706215511172, -10.59428698797548 ], [ -64.973706215511172, -10.594536987244529 ], [ -64.973456216033071, -10.594536987244529 ], [ -64.973456216033071, -10.594786986513581 ], [ -64.97295621707687, -10.594786986513581 ], [ -64.97295621707687, -10.595786983589784 ], [ -64.973206216554971, -10.595786983589784 ], [ -64.973206216554971, -10.595536984320733 ], [ -64.974456213945487, -10.595536984320733 ], [ -64.974456213945487, -10.595286985051683 ], [ -64.974706213423588, -10.595286985051683 ], [ -64.974706213423588, -10.594786986513581 ], [ -64.975206212379803, -10.594786986513581 ], [ -64.975206212379803, -10.594536987244529 ], [ -64.974706213423588, -10.594536987244529 ], [ -64.974706213423588, -10.59428698797548 ], [ -64.974456213945487, -10.59428698797548 ], [ -64.974456213945487, -10.594786986513581 ], [ -64.974206214467387, -10.594786986513581 ], [ -64.974206214467387, -10.594036988706428 ], [ -64.975206212379803, -10.594036988706428 ], [ -64.975206212379803, -10.593786989437378 ], [ -64.974706213423588, -10.593786989437378 ], [ -64.974706213423588, -10.593536990168326 ], [ -64.973956214989286, -10.593536990168326 ], [ -64.973956214989286, -10.593286990899276 ], [ -64.973706215511172, -10.593286990899276 ], [ -64.973706215511172, -10.593036991630225 ], [ -64.973456216033071, -10.593036991630225 ] ] ] } },
{ "type": "Feature", "properties": { "DN": 1 }, "geometry": { "type": "Polygon", "coordinates": [ [ [ -64.971706219686354, -10.593536990168326 ], [ -64.971706219686354, -10.593786989437378 ], [ -64.971206220730139, -10.593786989437378 ], [ -64.971206220730139, -10.594036988706428 ], [ -64.970706221773938, -10.594036988706428 ], [ -64.970706221773938, -10.594536987244529 ], [ -64.970456222295823, -10.594536987244529 ], [ -64.970456222295823, -10.595036985782631 ], [ -64.970706221773938, -10.595036985782631 ], [ -64.970706221773938, -10.595286985051683 ], [ -64.971206220730139, -10.595286985051683 ], [ -64.971206220730139, -10.595036985782631 ], [ -64.971706219686354, -10.595036985782631 ], [ -64.971706219686354, -10.594786986513581 ], [ -64.971956219164454, -10.594786986513581 ], [ -64.971956219164454, -10.594536987244529 ], [ -64.972706217598756, -10.594536987244529 ], [ -64.972706217598756, -10.59428698797548 ], [ -64.972206218642555, -10.59428698797548 ], [ -64.972206218642555, -10.593786989437378 ], [ -64.971956219164454, -10.593786989437378 ], [ -64.971956219164454, -10.593536990168326 ], [ -64.971706219686354, -10.593536990168326 ] ] ] } },
{ "type": "Feature", "properties": { "DN": 1 }, "geometry": { "type": "Polygon", "coordinates": [ [ [ -64.96770622803669, -10.594036988706428 ], [ -64.96770622803669, -10.59428698797548 ], [ -64.96795622751479, -10.59428698797548 ], [ -64.96795622751479, -10.594036988706428 ], [ -64.96770622803669, -10.594036988706428 ] ] ] } },
{ "type": "Feature", "properties": { "DN": 1 }, "geometry": { "type": "Polygon", "coordinates": [ [ [ -64.966956229602374, -10.594036988706428 ], [ -64.966956229602374, -10.59428698797548 ], [ -64.967206229080475, -10.59428698797548 ], [ -64.967206229080475, -10.594036988706428 ], [ -64.966956229602374, -10.594036988706428 ] ] ] } },
{ "type": "Feature", "properties": { "DN": 1 }, "geometry": { "type": "Polygon", "coordinates": [ [ [ -64.967206229080475, -10.593786989437378 ], [ -64.967206229080475, -10.594036988706428 ], [ -64.96770622803669, -10.594036988706428 ], [ -64.96770622803669, -10.593786989437378 ], [ -64.967206229080475, -10.593786989437378 ] ] ] } },
{ "type": "Feature", "properties": { "DN": 1 }, "geometry": { "type": "Polygon", "coordinates": [ [ [ -64.975206212379803, -10.593036991630225 ], [ -64.975206212379803, -10.593536990168326 ], [ -64.975706211336004, -10.593536990168326 ], [ -64.975706211336004, -10.593036991630225 ], [ -64.975206212379803, -10.593036991630225 ] ] ] } },
{ "type": "Feature", "properties": { "DN": 1 }, "geometry": { "type": "Polygon", "coordinates": [ [ [ -64.974456213945487, -10.592786992361175 ], [ -64.974456213945487, -10.593286990899276 ], [ -64.974706213423588, -10.593286990899276 ], [ -64.974706213423588, -10.592786992361175 ], [ -64.974456213945487, -10.592786992361175 ] ] ] } },
{ "type": "Feature", "properties": { "DN": 1 }, "geometry": { "type": "Polygon", "coordinates": [ [ [ -64.996706167496711, -10.594036988706428 ], [ -64.996706167496711, -10.59428698797548 ], [ -64.99620616854051, -10.59428698797548 ], [ -64.99620616854051, -10.594786986513581 ], [ -64.996456168018611, -10.594786986513581 ], [ -64.996456168018611, -10.595036985782631 ], [ -64.997206166452926, -10.595036985782631 ], [ -64.997206166452926, -10.59428698797548 ], [ -64.996956166974826, -10.59428698797548 ], [ -64.996956166974826, -10.594036988706428 ], [ -64.996706167496711, -10.594036988706428 ] ] ] } },
{ "type": "Feature", "properties": { "DN": 1 }, "geometry": { "type": "Polygon", "coordinates": [ [ [ -64.998206164365342, -10.595286985051683 ], [ -64.998706163321543, -10.595286985051683 ], [ -64.998706163321543, -10.594786986513581 ], [ -65.000456159668275, -10.594786986513581 ], [ -65.000456159668275, -10.595286985051683 ], [ -65.000206160190174, -10.595286985051683 ], [ -65.000206160190174, -10.595536984320733 ], [ -65.000456159668275, -10.595536984320733 ], [ -65.000456159668275, -10.595786983589784 ], [ -65.000706159146375, -10.595786983589784 ], [ -65.000706159146375, -10.595286985051683 ], [ -65.00120615810259, -10.595286985051683 ], [ -65.00120615810259, -10.595536984320733 ], [ -65.001456157580691, -10.595536984320733 ], [ -65.001456157580691, -10.596036982858834 ], [ -65.002706154971207, -10.596036982858834 ], [ -65.002706154971207, -10.595536984320733 ], [ -65.002206156015006, -10.595536984320733 ], [ -65.002206156015006, -10.595786983589784 ], [ -65.001956156536892, -10.595786983589784 ], [ -65.001956156536892, -10.59428698797548 ], [ -65.002206156015006, -10.59428698797548 ], [ -65.002206156015006, -10.593036991630225 ], [ -65.001456157580691, -10.593036991630225 ], [ -65.001456157580691, -10.592786992361175 ], [ -65.00120615810259, -10.592786992361175 ], [ -65.00120615810259, -10.593286990899276 ], [ -65.000956158624476, -10.593286990899276 ], [ -65.000956158624476, -10.593536990168326 ], [ -65.000706159146375, -10.593536990168326 ], [ -65.000706159146375, -10.593036991630225 ], [ -65.000456159668275, -10.593036991630225 ], [ -65.000456159668275, -10.592786992361175 ], [ -65.000206160190174, -10.592786992361175 ], [ -65.000206160190174, -10.592286993823073 ], [ -64.999706161233959, -10.592286993823073 ], [ -64.999706161233959, -10.592786992361175 ], [ -64.999456161755859, -10.592786992361175 ], [ -64.999456161755859, -10.592286993823073 ], [ -64.998456163843443, -10.592286993823073 ], [ -64.998456163843443, -10.592786992361175 ], [ -64.998206164365342, -10.592786992361175 ], [ -64.998206164365342, -10.593036991630225 ], [ -64.997956164887242, -10.593036991630225 ], [ -64.997956164887242, -10.593286990899276 ], [ -64.996956166974826, -10.593286990899276 ], [ -64.996956166974826, -10.593536990168326 ], [ -64.997206166452926, -10.593536990168326 ], [ -64.997206166452926, -10.59428698797548 ], [ -64.997706165409127, -10.59428698797548 ], [ -64.997706165409127, -10.593536990168326 ], [ -64.997956164887242, -10.593536990168326 ], [ -64.997956164887242, -10.59428698797548 ], [ -64.998206164365342, -10.59428698797548 ], [ -64.998206164365342, -10.595286985051683 ] ], [ [ -64.998206164365342, -10.594036988706428 ], [ -64.998456163843443, -10.594036988706428 ], [ -64.998456163843443, -10.59428698797548 ], [ -64.998206164365342, -10.59428698797548 ], [ -64.998206164365342, -10.594036988706428 ] ], [ [ -64.999206162277758, -10.593286990899276 ], [ -64.998706163321543, -10.593286990899276 ], [ -64.998706163321543, -10.592786992361175 ], [ -64.999206162277758, -10.592786992361175 ], [ -64.999206162277758, -10.593286990899276 ] ], [ [ -64.998456163843443, -10.593786989437378 ], [ -64.998206164365342, -10.593786989437378 ], [ -64.998206164365342, -10.593536990168326 ], [ -64.998456163843443, -10.593536990168326 ], [ -64.998456163843443, -10.593786989437378 ] ] ] } },
{ "type": "Feature", "properties": { "DN": 1 }, "geometry": { "type": "Polygon", "coordinates": [ [ [ -65.004456151317939, -10.593036991630225 ], [ -65.004456151317939, -10.593536990168326 ], [ -65.004206151839824, -10.593536990168326 ], [ -65.004206151839824, -10.593786989437378 ], [ -65.003956152361724, -10.593786989437378 ], [ -65.003956152361724, -10.594036988706428 ], [ -65.003456153405523, -10.594036988706428 ], [ -65.003456153405523, -10.59428698797548 ], [ -65.003206153927408, -10.59428698797548 ], [ -65.003206153927408, -10.594786986513581 ], [ -65.003456153405523, -10.594786986513581 ], [ -65.003456153405523, -10.594536987244529 ], [ -65.003956152361724, -10.594536987244529 ], [ -65.003956152361724, -10.59428698797548 ], [ -65.00520614975224, -10.59428698797548 ], [ -65.00520614975224, -10.593786989437378 ], [ -65.00495615027414, -10.593786989437378 ], [ -65.00495615027414, -10.593286990899276 ], [ -65.004706150796039, -10.593286990899276 ], [ -65.004706150796039, -10.593036991630225 ], [ -65.004456151317939, -10.593036991630225 ] ] ] } },
{ "type": "Feature", "properties": { "DN": 1 }, "geometry": { "type": "Polygon", "coordinates": [ [ [ -65.00520614975224, -10.593036991630225 ], [ -65.00520614975224, -10.593286990899276 ], [ -65.005456149230355, -10.593286990899276 ], [ -65.005456149230355, -10.593036991630225 ], [ -65.00520614975224, -10.593036991630225 ] ] ] } },
{ "type": "Feature", "properties": { "DN": 1 }, "geometry": { "type": "Polygon", "coordinates": [ [ [ -65.006206147664656, -10.592786992361175 ], [ -65.006206147664656, -10.593036991630225 ], [ -65.006456147142757, -10.593036991630225 ], [ -65.006456147142757, -10.592786992361175 ], [ -65.006206147664656, -10.592786992361175 ] ] ] } },
{ "type": "Feature", "properties": { "DN": 1 }, "geometry": { "type": "Polygon", "coordinates": [ [ [ -65.006706146620871, -10.592536993092123 ], [ -65.006706146620871, -10.592786992361175 ], [ -65.006956146098972, -10.592786992361175 ], [ -65.006956146098972, -10.592536993092123 ], [ -65.006706146620871, -10.592536993092123 ] ] ] } },
{ "type": "Feature", "properties": { "DN": 1 }, "geometry": { "type": "Polygon", "coordinates": [ [ [ -65.004706150796039, -10.592286993823073 ], [ -65.004706150796039, -10.592786992361175 ], [ -65.00520614975224, -10.592786992361175 ], [ -65.00520614975224, -10.592286993823073 ], [ -65.004706150796039, -10.592286993823073 ] ] ] } },
{ "type": "Feature", "properties": { "DN": 1 }, "geometry": { "type": "Polygon", "coordinates": [ [ [ -65.005956148186556, -10.592036994554022 ], [ -65.005956148186556, -10.592286993823073 ], [ -65.005706148708455, -10.592286993823073 ], [ -65.005706148708455, -10.592036994554022 ], [ -65.005456149230355, -10.592036994554022 ], [ -65.005456149230355, -10.593036991630225 ], [ -65.005956148186556, -10.593036991630225 ], [ -65.005956148186556, -10.592786992361175 ], [ -65.006206147664656, -10.592786992361175 ], [ -65.006206147664656, -10.592036994554022 ], [ -65.005956148186556, -10.592036994554022 ] ] ] } },
{ "type": "Feature", "properties": { "DN": 1 }, "geometry": { "type": "Polygon", "coordinates": [ [ [ -65.004456151317939, -10.592036994554022 ], [ -65.004456151317939, -10.592286993823073 ], [ -65.004706150796039, -10.592286993823073 ], [ -65.004706150796039, -10.592036994554022 ], [ -65.004456151317939, -10.592036994554022 ] ] ] } },
{ "type": "Feature", "properties": { "DN": 1 }, "geometry": { "type": "Polygon", "coordinates": [ [ [ -65.000956158624476, -10.592036994554022 ], [ -65.000956158624476, -10.592286993823073 ], [ -65.00120615810259, -10.592286993823073 ], [ -65.00120615810259, -10.592036994554022 ], [ -65.000956158624476, -10.592036994554022 ] ] ] } },
{ "type": "Feature", "properties": { "DN": 1 }, "geometry": { "type": "Polygon", "coordinates": [ [ [ -64.986206189416365, -10.593536990168326 ], [ -64.986206189416365, -10.594036988706428 ], [ -64.986456188894465, -10.594036988706428 ], [ -64.986456188894465, -10.593536990168326 ], [ -64.986206189416365, -10.593536990168326 ] ] ] } },
{ "type": "Feature", "properties": { "DN": 1 }, "geometry": { "type": "Polygon", "coordinates": [ [ [ -64.988706184197397, -10.592036994554022 ], [ -64.988706184197397, -10.592286993823073 ], [ -64.988206185241197, -10.592286993823073 ], [ -64.988206185241197, -10.592036994554022 ], [ -64.987956185763082, -10.592036994554022 ], [ -64.987956185763082, -10.592786992361175 ], [ -64.988206185241197, -10.592786992361175 ], [ -64.988206185241197, -10.593036991630225 ], [ -64.989706182109813, -10.593036991630225 ], [ -64.989706182109813, -10.59428698797548 ], [ -64.990206181066029, -10.59428698797548 ], [ -64.990206181066029, -10.594536987244529 ], [ -64.990456180544129, -10.594536987244529 ], [ -64.990456180544129, -10.594036988706428 ], [ -64.990706180022229, -10.594036988706428 ], [ -64.990706180022229, -10.594536987244529 ], [ -64.99095617950033, -10.594536987244529 ], [ -64.99095617950033, -10.594786986513581 ], [ -64.99120617897843, -10.594786986513581 ], [ -64.99120617897843, -10.594536987244529 ], [ -64.991456178456545, -10.594536987244529 ], [ -64.991456178456545, -10.59428698797548 ], [ -64.99120617897843, -10.59428698797548 ], [ -64.99120617897843, -10.593536990168326 ], [ -64.99095617950033, -10.593536990168326 ], [ -64.99095617950033, -10.593036991630225 ], [ -64.990456180544129, -10.593036991630225 ], [ -64.990456180544129, -10.592786992361175 ], [ -64.989456182631713, -10.592786992361175 ], [ -64.989456182631713, -10.592036994554022 ], [ -64.988706184197397, -10.592036994554022 ] ] ] } },
{ "type": "Feature", "properties": { "DN": 1 }, "geometry": { "type": "Polygon", "coordinates": [ [ [ -64.985206191503949, -10.593036991630225 ], [ -64.985206191503949, -10.593786989437378 ], [ -64.985706190460149, -10.593786989437378 ], [ -64.985706190460149, -10.593286990899276 ], [ -64.985456190982049, -10.593286990899276 ], [ -64.985456190982049, -10.593036991630225 ], [ -64.985206191503949, -10.593036991630225 ] ] ] } },
{ "type": "Feature", "properties": { "DN": 1 }, "geometry": { "type": "Polygon", "coordinates": [ [ [ -64.977956206638936, -10.592786992361175 ], [ -64.977956206638936, -10.593036991630225 ], [ -64.977706207160836, -10.593036991630225 ], [ -64.977706207160836, -10.594036988706428 ], [ -64.978956204551352, -10.594036988706428 ], [ -64.978956204551352, -10.593536990168326 ], [ -64.978706205073252, -10.593536990168326 ], [ -64.978706205073252, -10.593286990899276 ], [ -64.978456205595151, -10.593286990899276 ], [ -64.978456205595151, -10.593036991630225 ], [ -64.978206206117051, -10.593036991630225 ], [ -64.978206206117051, -10.592786992361175 ], [ -64.977956206638936, -10.592786992361175 ] ] ] } },
{ "type": "Feature", "properties": { "DN": 1 }, "geometry": { "type": "Polygon", "coordinates": [ [ [ -64.97670620924842, -10.592786992361175 ], [ -64.97670620924842, -10.593036991630225 ], [ -64.97695620872652, -10.593036991630225 ], [ -64.97695620872652, -10.592786992361175 ], [ -64.97670620924842, -10.592786992361175 ] ] ] } },
{ "type": "Feature", "properties": { "DN": 1 }, "geometry": { "type": "Polygon", "coordinates": [ [ [ -64.986206189416365, -10.592286993823073 ], [ -64.986206189416365, -10.593036991630225 ], [ -64.986456188894465, -10.593036991630225 ], [ -64.986456188894465, -10.592286993823073 ], [ -64.986206189416365, -10.592286993823073 ] ] ] } },
{ "type": "Feature", "properties": { "DN": 1 }, "geometry": { "type": "Polygon", "coordinates": [ [ [ -64.976456209770319, -10.592286993823073 ], [ -64.976456209770319, -10.592786992361175 ], [ -64.97670620924842, -10.592786992361175 ], [ -64.97670620924842, -10.592286993823073 ], [ -64.976456209770319, -10.592286993823073 ] ] ] } },
{ "type": "Feature", "properties": { "DN": 1 }, "geometry": { "type": "Polygon", "coordinates": [ [ [ -64.980206201941868, -10.59178699528497 ], [ -64.980206201941868, -10.592286993823073 ], [ -64.980456201419983, -10.592286993823073 ], [ -64.980456201419983, -10.59178699528497 ], [ -64.980206201941868, -10.59178699528497 ] ] ] } },
{ "type": "Feature", "properties": { "DN": 1 }, "geometry": { "type": "Polygon", "coordinates": [ [ [ -64.980956200376184, -10.59153699601592 ], [ -64.980956200376184, -10.59178699528497 ], [ -64.980706200898084, -10.59178699528497 ], [ -64.980706200898084, -10.592286993823073 ], [ -64.980456201419983, -10.592286993823073 ], [ -64.980456201419983, -10.592536993092123 ], [ -64.980206201941868, -10.592536993092123 ], [ -64.980206201941868, -10.592786992361175 ], [ -64.979956202463768, -10.592786992361175 ], [ -64.979956202463768, -10.593036991630225 ], [ -64.979706202985668, -10.593036991630225 ], [ -64.979706202985668, -10.593286990899276 ], [ -64.979456203507567, -10.593286990899276 ], [ -64.979456203507567, -10.593536990168326 ], [ -64.979956202463768, -10.593536990168326 ], [ -64.979956202463768, -10.593286990899276 ], [ -64.980206201941868, -10.593286990899276 ], [ -64.980206201941868, -10.593536990168326 ], [ -64.981206199854284, -10.593536990168326 ], [ -64.981206199854284, -10.592536993092123 ], [ -64.9817061988105, -10.592536993092123 ], [ -64.9817061988105, -10.592786992361175 ], [ -64.9819561982886, -10.592786992361175 ], [ -64.9819561982886, -10.593036991630225 ], [ -64.9822061977667, -10.593036991630225 ], [ -64.9822061977667, -10.592786992361175 ], [ -64.982706196722916, -10.592786992361175 ], [ -64.982706196722916, -10.593286990899276 ], [ -64.982956196201016, -10.593286990899276 ], [ -64.982956196201016, -10.592036994554022 ], [ -64.983206195679116, -10.592036994554022 ], [ -64.983206195679116, -10.591286996746868 ], [ -64.9819561982886, -10.591286996746868 ], [ -64.9819561982886, -10.591036997477818 ], [ -64.982706196722916, -10.591036997477818 ], [ -64.982706196722916, -10.590536998939717 ], [ -64.9819561982886, -10.590536998939717 ], [ -64.9819561982886, -10.590786998208767 ], [ -64.981206199854284, -10.590786998208767 ], [ -64.981206199854284, -10.591036997477818 ], [ -64.980956200376184, -10.591036997477818 ], [ -64.980956200376184, -10.591286996746868 ], [ -64.981206199854284, -10.591286996746868 ], [ -64.981206199854284, -10.59153699601592 ], [ -64.980956200376184, -10.59153699601592 ] ], [ [ -64.981456199332385, -10.59153699601592 ], [ -64.981456199332385, -10.591036997477818 ], [ -64.9817061988105, -10.591036997477818 ], [ -64.9817061988105, -10.59178699528497 ], [ -64.981206199854284, -10.59178699528497 ], [ -64.981206199854284, -10.59153699601592 ], [ -64.981456199332385, -10.59153699601592 ] ], [ [ -64.982956196201016, -10.59178699528497 ], [ -64.982706196722916, -10.59178699528497 ], [ -64.982706196722916, -10.59153699601592 ], [ -64.982956196201016, -10.59153699601592 ], [ -64.982956196201016, -10.59178699528497 ] ] ] } },
{ "type": "Feature", "properties": { "DN": 1 }, "geometry": { "type": "Polygon", "coordinates": [ [ [ -64.990706180022229, -10.59178699528497 ], [ -64.990706180022229, -10.592036994554022 ], [ -64.99095617950033, -10.592036994554022 ], [ -64.99095617950033, -10.59178699528497 ], [ -64.990706180022229, -10.59178699528497 ] ] ] } },
{ "type": "Feature", "properties": { "DN": 1 }, "geometry": { "type": "Polygon", "coordinates": [ [ [ -65.003206153927408, -10.592036994554022 ], [ -65.003206153927408, -10.592286993823073 ], [ -65.003456153405523, -10.592286993823073 ], [ -65.003456153405523, -10.592036994554022 ], [ -65.003206153927408, -10.592036994554022 ] ] ] } },
{ "type": "Feature", "properties": { "DN": 1 }, "geometry": { "type": "Polygon", "coordinates": [ [ [ -64.995206170628094, -10.59153699601592 ], [ -64.995206170628094, -10.59178699528497 ], [ -64.995456170106195, -10.59178699528497 ], [ -64.995456170106195, -10.59153699601592 ], [ -64.995206170628094, -10.59153699601592 ] ] ] } },
{ "type": "Feature", "properties": { "DN": 1 }, "geometry": { "type": "Polygon", "coordinates": [ [ [ -64.99595616906241, -10.59153699601592 ], [ -64.99595616906241, -10.59178699528497 ], [ -64.996456168018611, -10.59178699528497 ], [ -64.996456168018611, -10.59153699601592 ], [ -64.99595616906241, -10.59153699601592 ] ] ] } },
{ "type": "Feature", "properties": { "DN": 1 }, "geometry": { "type": "Polygon", "coordinates": [ [ [ -65.005706148708455, -10.590786998208767 ], [ -65.005706148708455, -10.591036997477818 ], [ -65.005456149230355, -10.591036997477818 ], [ -65.005456149230355, -10.59153699601592 ], [ -65.00520614975224, -10.59153699601592 ], [ -65.00520614975224, -10.59178699528497 ], [ -65.005956148186556, -10.59178699528497 ], [ -65.005956148186556, -10.59153699601592 ], [ -65.006456147142757, -10.59153699601592 ], [ -65.006456147142757, -10.592036994554022 ], [ -65.006706146620871, -10.592036994554022 ], [ -65.006706146620871, -10.591286996746868 ], [ -65.006456147142757, -10.591286996746868 ], [ -65.006456147142757, -10.591036997477818 ], [ -65.006206147664656, -10.591036997477818 ], [ -65.006206147664656, -10.590786998208767 ], [ -65.005706148708455, -10.590786998208767 ] ] ] } },
{ "type": "Feature", "properties": { "DN": 1 }, "geometry": { "type": "Polygon", "coordinates": [ [ [ -64.994706171671893, -10.591286996746868 ], [ -64.994706171671893, -10.59153699601592 ], [ -64.995206170628094, -10.59153699601592 ], [ -64.995206170628094, -10.591286996746868 ], [ -64.994706171671893, -10.591286996746868 ] ] ] } },
{ "type": "Feature", "properties": { "DN": 1 }, "geometry": { "type": "Polygon", "coordinates": [ [ [ -65.003706152883623, -10.591286996746868 ], [ -65.003706152883623, -10.59153699601592 ], [ -65.003956152361724, -10.59153699601592 ], [ -65.003956152361724, -10.591286996746868 ], [ -65.003706152883623, -10.591286996746868 ] ] ] } },
{ "type": "Feature", "properties": { "DN": 1 }, "geometry": { "type": "Polygon", "coordinates": [ [ [ -65.004206151839824, -10.590536998939717 ], [ -65.004206151839824, -10.591036997477818 ], [ -65.003956152361724, -10.591036997477818 ], [ -65.003956152361724, -10.591286996746868 ], [ -65.004206151839824, -10.591286996746868 ], [ -65.004206151839824, -10.59153699601592 ], [ -65.003956152361724, -10.59153699601592 ], [ -65.003956152361724, -10.59178699528497 ], [ -65.003706152883623, -10.59178699528497 ], [ -65.003706152883623, -10.592036994554022 ], [ -65.004206151839824, -10.592036994554022 ], [ -65.004206151839824, -10.59178699528497 ], [ -65.004706150796039, -10.59178699528497 ], [ -65.004706150796039, -10.591036997477818 ], [ -65.005456149230355, -10.591036997477818 ], [ -65.005456149230355, -10.590536998939717 ], [ -65.004206151839824, -10.590536998939717 ] ] ] } },
{ "type": "Feature", "properties": { "DN": 1 }, "geometry": { "type": "Polygon", "coordinates": [ [ [ -65.002706154971207, -10.589037003325412 ], [ -65.002706154971207, -10.589287002594462 ], [ -65.002206156015006, -10.589287002594462 ], [ -65.002206156015006, -10.590286999670665 ], [ -65.001456157580691, -10.590286999670665 ], [ -65.001456157580691, -10.590536998939717 ], [ -65.001706157058791, -10.590536998939717 ], [ -65.001706157058791, -10.59178699528497 ], [ -65.002206156015006, -10.59178699528497 ], [ -65.002206156015006, -10.592036994554022 ], [ -65.002706154971207, -10.592036994554022 ], [ -65.002706154971207, -10.593536990168326 ], [ -65.003456153405523, -10.593536990168326 ], [ -65.003456153405523, -10.593036991630225 ], [ -65.003706152883623, -10.593036991630225 ], [ -65.003706152883623, -10.592786992361175 ], [ -65.002956154449308, -10.592786992361175 ], [ -65.002956154449308, -10.59178699528497 ], [ -65.002706154971207, -10.59178699528497 ], [ -65.002706154971207, -10.59153699601592 ], [ -65.002206156015006, -10.59153699601592 ], [ -65.002206156015006, -10.591286996746868 ], [ -65.002706154971207, -10.591286996746868 ], [ -65.002706154971207, -10.590536998939717 ], [ -65.002956154449308, -10.590536998939717 ], [ -65.002956154449308, -10.590286999670665 ], [ -65.003206153927408, -10.590286999670665 ], [ -65.003206153927408, -10.589787001132564 ], [ -65.003456153405523, -10.589787001132564 ], [ -65.003456153405523, -10.589287002594462 ], [ -65.003206153927408, -10.589287002594462 ], [ -65.003206153927408, -10.589037003325412 ], [ -65.002706154971207, -10.589037003325412 ] ] ] } },
{ "type": "Feature", "properties": { "DN": 1 }, "geometry": { "type": "Polygon", "coordinates": [ [ [ -65.003206153927408, -10.591036997477818 ], [ -65.003206153927408, -10.591286996746868 ], [ -65.003456153405523, -10.591286996746868 ], [ -65.003456153405523, -10.591036997477818 ], [ -65.003206153927408, -10.591036997477818 ] ] ] } },
{ "type": "Feature", "properties": { "DN": 1 }, "geometry": { "type": "Polygon", "coordinates": [ [ [ -65.006706146620871, -10.591036997477818 ], [ -65.006706146620871, -10.591286996746868 ], [ -65.007206145577072, -10.591286996746868 ], [ -65.007206145577072, -10.591036997477818 ], [ -65.006706146620871, -10.591036997477818 ] ] ] } },
{ "type": "Feature", "properties": { "DN": 1 }, "geometry": { "type": "Polygon", "coordinates": [ [ [ -64.994206172715678, -10.59153699601592 ], [ -64.994206172715678, -10.592036994554022 ], [ -64.994456172193779, -10.592036994554022 ], [ -64.994456172193779, -10.59153699601592 ], [ -64.994206172715678, -10.59153699601592 ] ] ] } },
{ "type": "Feature", "properties": { "DN": 1 }, "geometry": { "type": "Polygon", "coordinates": [ [ [ -64.993706173759477, -10.59153699601592 ], [ -64.993706173759477, -10.59178699528497 ], [ -64.993956173237578, -10.59178699528497 ], [ -64.993956173237578, -10.59153699601592 ], [ -64.993706173759477, -10.59153699601592 ] ] ] } },
{ "type": "Feature", "properties": { "DN": 1 }, "geometry": { "type": "Polygon", "coordinates": [ [ [ -64.977956206638936, -10.590786998208767 ], [ -64.977956206638936, -10.591036997477818 ], [ -64.977206208204635, -10.591036997477818 ], [ -64.977206208204635, -10.591286996746868 ], [ -64.97695620872652, -10.591286996746868 ], [ -64.97695620872652, -10.59153699601592 ], [ -64.977206208204635, -10.59153699601592 ], [ -64.977206208204635, -10.59178699528497 ], [ -64.977706207160836, -10.59178699528497 ], [ -64.977706207160836, -10.592286993823073 ], [ -64.978206206117051, -10.592286993823073 ], [ -64.978206206117051, -10.59178699528497 ], [ -64.978456205595151, -10.59178699528497 ], [ -64.978456205595151, -10.59153699601592 ], [ -64.978706205073252, -10.59153699601592 ], [ -64.978706205073252, -10.591036997477818 ], [ -64.978456205595151, -10.591036997477818 ], [ -64.978456205595151, -10.590786998208767 ], [ -64.977956206638936, -10.590786998208767 ] ] ] } },
{ "type": "Feature", "properties": { "DN": 1 }, "geometry": { "type": "Polygon", "coordinates": [ [ [ -64.990456180544129, -10.590786998208767 ], [ -64.990456180544129, -10.591036997477818 ], [ -64.990206181066029, -10.591036997477818 ], [ -64.990206181066029, -10.59153699601592 ], [ -64.990706180022229, -10.59153699601592 ], [ -64.990706180022229, -10.590786998208767 ], [ -64.990456180544129, -10.590786998208767 ] ] ] } },
{ "type": "Feature", "properties": { "DN": 1 }, "geometry": { "type": "Polygon", "coordinates": [ [ [ -64.989456182631713, -10.590786998208767 ], [ -64.989456182631713, -10.591036997477818 ], [ -64.989706182109813, -10.591036997477818 ], [ -64.989706182109813, -10.590786998208767 ], [ -64.989456182631713, -10.590786998208767 ] ] ] } },
{ "type": "Feature", "properties": { "DN": 1 }, "geometry": { "type": "Polygon", "coordinates": [ [ [ -64.989706182109813, -10.590536998939717 ], [ -64.989706182109813, -10.590786998208767 ], [ -64.990206181066029, -10.590786998208767 ], [ -64.990206181066029, -10.590536998939717 ], [ -64.989706182109813, -10.590536998939717 ] ] ] } },
{ "type": "Feature", "properties": { "DN": 1 }, "geometry": { "type": "Polygon", "coordinates": [ [ [ -64.993706173759477, -10.590286999670665 ], [ -64.993706173759477, -10.590536998939717 ], [ -64.993956173237578, -10.590536998939717 ], [ -64.993956173237578, -10.590286999670665 ], [ -64.993706173759477, -10.590286999670665 ] ] ] } },
{ "type": "Feature", "properties": { "DN": 1 }, "geometry": { "type": "Polygon", "coordinates": [ [ [ -64.993456174281377, -10.589537001863514 ], [ -64.993456174281377, -10.589787001132564 ], [ -64.993706173759477, -10.589787001132564 ], [ -64.993706173759477, -10.589537001863514 ], [ -64.993456174281377, -10.589537001863514 ] ] ] } },
{ "type": "Feature", "properties": { "DN": 1 }, "geometry": { "type": "Polygon", "coordinates": [ [ [ -64.992706175847061, -10.589287002594462 ], [ -64.992706175847061, -10.589537001863514 ], [ -64.992956175325162, -10.589537001863514 ], [ -64.992956175325162, -10.589287002594462 ], [ -64.992706175847061, -10.589287002594462 ] ] ] } },
{ "type": "Feature", "properties": { "DN": 1 }, "geometry": { "type": "Polygon", "coordinates": [ [ [ -64.990456180544129, -10.589037003325412 ], [ -64.990456180544129, -10.589287002594462 ], [ -64.990706180022229, -10.589287002594462 ], [ -64.990706180022229, -10.589037003325412 ], [ -64.990456180544129, -10.589037003325412 ] ] ] } },
{ "type": "Feature", "properties": { "DN": 1 }, "geometry": { "type": "Polygon", "coordinates": [ [ [ -65.040956075121073, -10.610286941194733 ], [ -65.040956075121073, -10.610536940463783 ], [ -65.041206074599174, -10.610536940463783 ], [ -65.041206074599174, -10.610286941194733 ], [ -65.040956075121073, -10.610286941194733 ] ] ] } },
{ "type": "Feature", "properties": { "DN": 1 }, "geometry": { "type": "Polygon", "coordinates": [ [ [ -65.014206130963984, -10.602036965316055 ], [ -65.014206130963984, -10.602286964585106 ], [ -65.014456130442085, -10.602286964585106 ], [ -65.014456130442085, -10.602036965316055 ], [ -65.014206130963984, -10.602036965316055 ] ] ] } },
{ "type": "Feature", "properties": { "DN": 1 }, "geometry": { "type": "Polygon", "coordinates": [ [ [ -65.017706123657433, -10.600036971163648 ], [ -65.017706123657433, -10.600286970432698 ], [ -65.017456124179333, -10.600286970432698 ], [ -65.017456124179333, -10.60053696970175 ], [ -65.017206124701218, -10.60053696970175 ], [ -65.017206124701218, -10.601286967508903 ], [ -65.017956123135534, -10.601286967508903 ], [ -65.017956123135534, -10.601536966777953 ], [ -65.018206122613634, -10.601536966777953 ], [ -65.018206122613634, -10.601786966047005 ], [ -65.018706121569849, -10.601786966047005 ], [ -65.018706121569849, -10.601536966777953 ], [ -65.01895612104795, -10.601536966777953 ], [ -65.01895612104795, -10.600786968970802 ], [ -65.018706121569849, -10.600786968970802 ], [ -65.018706121569849, -10.60053696970175 ], [ -65.018456122091749, -10.60053696970175 ], [ -65.018456122091749, -10.600286970432698 ], [ -65.018206122613634, -10.600286970432698 ], [ -65.018206122613634, -10.600036971163648 ], [ -65.017706123657433, -10.600036971163648 ] ] ] } },
{ "type": "Feature", "properties": { "DN": 1 }, "geometry": { "type": "Polygon", "coordinates": [ [ [ -65.01395613148587, -10.598286976280292 ], [ -65.01395613148587, -10.599036974087445 ], [ -65.014456130442085, -10.599036974087445 ], [ -65.014456130442085, -10.599286973356495 ], [ -65.014956129398286, -10.599286973356495 ], [ -65.014956129398286, -10.599536972625547 ], [ -65.015706127832601, -10.599536972625547 ], [ -65.015706127832601, -10.599786971894599 ], [ -65.015956127310702, -10.599786971894599 ], [ -65.015956127310702, -10.599536972625547 ], [ -65.016456126266917, -10.599536972625547 ], [ -65.016456126266917, -10.598786974818394 ], [ -65.016206126788802, -10.598786974818394 ], [ -65.016206126788802, -10.598036977011242 ], [ -65.016456126266917, -10.598036977011242 ], [ -65.016456126266917, -10.59778697774219 ], [ -65.016206126788802, -10.59778697774219 ], [ -65.016206126788802, -10.597286979204089 ], [ -65.016456126266917, -10.597286979204089 ], [ -65.016456126266917, -10.597036979935039 ], [ -65.016706125745017, -10.597036979935039 ], [ -65.016706125745017, -10.596036982858834 ], [ -65.016956125223118, -10.596036982858834 ], [ -65.016956125223118, -10.595786983589784 ], [ -65.016706125745017, -10.595786983589784 ], [ -65.016706125745017, -10.595536984320733 ], [ -65.016956125223118, -10.595536984320733 ], [ -65.016956125223118, -10.594786986513581 ], [ -65.016706125745017, -10.594786986513581 ], [ -65.016706125745017, -10.594536987244529 ], [ -65.016206126788802, -10.594536987244529 ], [ -65.016206126788802, -10.595286985051683 ], [ -65.015956127310702, -10.595286985051683 ], [ -65.015956127310702, -10.595536984320733 ], [ -65.016206126788802, -10.595536984320733 ], [ -65.016206126788802, -10.595786983589784 ], [ -65.015956127310702, -10.595786983589784 ], [ -65.015956127310702, -10.596036982858834 ], [ -65.015706127832601, -10.596036982858834 ], [ -65.015706127832601, -10.596286982127886 ], [ -65.015456128354501, -10.596286982127886 ], [ -65.015456128354501, -10.597036979935039 ], [ -65.014706129920185, -10.597036979935039 ], [ -65.014706129920185, -10.598036977011242 ], [ -65.014456130442085, -10.598036977011242 ], [ -65.014456130442085, -10.598286976280292 ], [ -65.01395613148587, -10.598286976280292 ] ], [ [ -65.016206126788802, -10.596036982858834 ], [ -65.016206126788802, -10.596286982127886 ], [ -65.015956127310702, -10.596286982127886 ], [ -65.015956127310702, -10.596036982858834 ], [ -65.016206126788802, -10.596036982858834 ] ], [ [ -65.014706129920185, -10.598286976280292 ], [ -65.014706129920185, -10.598536975549344 ], [ -65.014456130442085, -10.598536975549344 ], [ -65.014456130442085, -10.598286976280292 ], [ -65.014706129920185, -10.598286976280292 ] ] ] } },
{ "type": "Feature", "properties": { "DN": 1 }, "geometry": { "type": "Polygon", "coordinates": [ [ [ -65.014456130442085, -10.595786983589784 ], [ -65.014456130442085, -10.596036982858834 ], [ -65.014706129920185, -10.596036982858834 ], [ -65.014706129920185, -10.595786983589784 ], [ -65.014456130442085, -10.595786983589784 ] ] ] } },
{ "type": "Feature", "properties": { "DN": 1 }, "geometry": { "type": "Polygon", "coordinates": [ [ [ -65.043206070424006, -10.59178699528497 ], [ -65.043206070424006, -10.592036994554022 ], [ -65.043456069902106, -10.592036994554022 ], [ -65.043456069902106, -10.59178699528497 ], [ -65.043206070424006, -10.59178699528497 ] ] ] } },
{ "type": "Feature", "properties": { "DN": 1 }, "geometry": { "type": "Polygon", "coordinates": [ [ [ -65.017706123657433, -10.583287020137242 ], [ -65.017706123657433, -10.583537019406293 ], [ -65.017456124179333, -10.583537019406293 ], [ -65.017456124179333, -10.583787018675345 ], [ -65.016706125745017, -10.583787018675345 ], [ -65.016706125745017, -10.584037017944395 ], [ -65.016456126266917, -10.584037017944395 ], [ -65.016456126266917, -10.584287017213445 ], [ -65.016706125745017, -10.584287017213445 ], [ -65.016706125745017, -10.584537016482496 ], [ -65.016956125223118, -10.584537016482496 ], [ -65.016956125223118, -10.584787015751548 ], [ -65.017206124701218, -10.584787015751548 ], [ -65.017206124701218, -10.584537016482496 ], [ -65.017706123657433, -10.584537016482496 ], [ -65.017706123657433, -10.584287017213445 ], [ -65.018456122091749, -10.584287017213445 ], [ -65.018456122091749, -10.584037017944395 ], [ -65.018706121569849, -10.584037017944395 ], [ -65.018706121569849, -10.584287017213445 ], [ -65.01920612052605, -10.584287017213445 ], [ -65.01920612052605, -10.584787015751548 ], [ -65.018706121569849, -10.584787015751548 ], [ -65.018706121569849, -10.585537013558699 ], [ -65.01920612052605, -10.585537013558699 ], [ -65.01920612052605, -10.585787012827751 ], [ -65.020206118438466, -10.585787012827751 ], [ -65.020206118438466, -10.585537013558699 ], [ -65.020456117916567, -10.585537013558699 ], [ -65.020456117916567, -10.58528701428965 ], [ -65.020706117394681, -10.58528701428965 ], [ -65.020706117394681, -10.584287017213445 ], [ -65.020456117916567, -10.584287017213445 ], [ -65.020456117916567, -10.584037017944395 ], [ -65.019456120004151, -10.584037017944395 ], [ -65.019456120004151, -10.583787018675345 ], [ -65.01920612052605, -10.583787018675345 ], [ -65.01920612052605, -10.583537019406293 ], [ -65.017956123135534, -10.583537019406293 ], [ -65.017956123135534, -10.583287020137242 ], [ -65.017706123657433, -10.583287020137242 ] ] ] } },
{ "type": "Feature", "properties": { "DN": 1 }, "geometry": { "type": "Polygon", "coordinates": [ [ [ -65.020456117916567, -10.580537028177684 ], [ -65.020456117916567, -10.580787027446734 ], [ -65.019956118960366, -10.580787027446734 ], [ -65.019956118960366, -10.581037026715785 ], [ -65.020206118438466, -10.581037026715785 ], [ -65.020206118438466, -10.581287025984835 ], [ -65.021206116350882, -10.581287025984835 ], [ -65.021206116350882, -10.580537028177684 ], [ -65.020456117916567, -10.580537028177684 ] ] ] } },
{ "type": "Feature", "properties": { "DN": 1 }, "geometry": { "type": "Polygon", "coordinates": [ [ [ -65.018456122091749, -10.580537028177684 ], [ -65.018456122091749, -10.581287025984835 ], [ -65.01920612052605, -10.581287025984835 ], [ -65.01920612052605, -10.581037026715785 ], [ -65.019456120004151, -10.581037026715785 ], [ -65.019456120004151, -10.580537028177684 ], [ -65.018456122091749, -10.580537028177684 ] ] ] } },
{ "type": "Feature", "properties": { "DN": 1 }, "geometry": { "type": "Polygon", "coordinates": [ [ [ -65.014456130442085, -10.570537057415649 ], [ -65.014456130442085, -10.570787056684701 ], [ -65.01395613148587, -10.570787056684701 ], [ -65.01395613148587, -10.571287055222802 ], [ -65.013706132007769, -10.571287055222802 ], [ -65.013706132007769, -10.571537054491852 ], [ -65.013456132529669, -10.571537054491852 ], [ -65.013456132529669, -10.574037047182362 ], [ -65.013206133051568, -10.574037047182362 ], [ -65.013206133051568, -10.574287046451412 ], [ -65.013456132529669, -10.574287046451412 ], [ -65.013456132529669, -10.574537045720463 ], [ -65.013706132007769, -10.574537045720463 ], [ -65.013706132007769, -10.575537042796666 ], [ -65.014206130963984, -10.575537042796666 ], [ -65.014206130963984, -10.574787044989513 ], [ -65.014456130442085, -10.574787044989513 ], [ -65.014456130442085, -10.574287046451412 ], [ -65.014706129920185, -10.574287046451412 ], [ -65.014706129920185, -10.573287049375208 ], [ -65.014456130442085, -10.573287049375208 ], [ -65.014456130442085, -10.572287052299005 ], [ -65.014706129920185, -10.572287052299005 ], [ -65.014706129920185, -10.571537054491852 ], [ -65.014956129398286, -10.571537054491852 ], [ -65.014956129398286, -10.570537057415649 ], [ -65.014456130442085, -10.570537057415649 ] ] ] } },
{ "type": "Feature", "properties": { "DN": 1 }, "geometry": { "type": "Polygon", "coordinates": [ [ [ -64.99595616906241, -10.590786998208767 ], [ -64.99595616906241, -10.591286996746868 ], [ -64.996456168018611, -10.591286996746868 ], [ -64.996456168018611, -10.591036997477818 ], [ -64.99620616854051, -10.591036997477818 ], [ -64.99620616854051, -10.590786998208767 ], [ -64.99595616906241, -10.590786998208767 ] ] ] } },
{ "type": "Feature", "properties": { "DN": 1 }, "geometry": { "type": "Polygon", "coordinates": [ [ [ -64.999456161755859, -10.589787001132564 ], [ -64.999456161755859, -10.590536998939717 ], [ -64.999206162277758, -10.590536998939717 ], [ -64.999206162277758, -10.590786998208767 ], [ -64.999456161755859, -10.590786998208767 ], [ -64.999456161755859, -10.591036997477818 ], [ -64.999206162277758, -10.591036997477818 ], [ -64.999206162277758, -10.59178699528497 ], [ -64.999456161755859, -10.59178699528497 ], [ -64.999456161755859, -10.59153699601592 ], [ -64.999706161233959, -10.59153699601592 ], [ -64.999706161233959, -10.591286996746868 ], [ -65.000206160190174, -10.591286996746868 ], [ -65.000206160190174, -10.59153699601592 ], [ -65.000956158624476, -10.59153699601592 ], [ -65.000956158624476, -10.591286996746868 ], [ -65.000706159146375, -10.591286996746868 ], [ -65.000706159146375, -10.590786998208767 ], [ -65.000206160190174, -10.590786998208767 ], [ -65.000206160190174, -10.589787001132564 ], [ -64.999456161755859, -10.589787001132564 ] ] ] } },
{ "type": "Feature", "properties": { "DN": 1 }, "geometry": { "type": "Polygon", "coordinates": [ [ [ -64.99620616854051, -10.590536998939717 ], [ -64.99620616854051, -10.590786998208767 ], [ -64.996456168018611, -10.590786998208767 ], [ -64.996456168018611, -10.590536998939717 ], [ -64.99620616854051, -10.590536998939717 ] ] ] } },
{ "type": "Feature", "properties": { "DN": 1 }, "geometry": { "type": "Polygon", "coordinates": [ [ [ -65.007456145055173, -10.590037000401615 ], [ -65.007456145055173, -10.590286999670665 ], [ -65.007706144533287, -10.590286999670665 ], [ -65.007706144533287, -10.590037000401615 ], [ -65.007456145055173, -10.590037000401615 ] ] ] } },
{ "type": "Feature", "properties": { "DN": 1 }, "geometry": { "type": "Polygon", "coordinates": [ [ [ -65.004206151839824, -10.589287002594462 ], [ -65.004206151839824, -10.590286999670665 ], [ -65.004456151317939, -10.590286999670665 ], [ -65.004456151317939, -10.589537001863514 ], [ -65.004706150796039, -10.589537001863514 ], [ -65.004706150796039, -10.589287002594462 ], [ -65.004206151839824, -10.589287002594462 ] ] ] } },
{ "type": "Feature", "properties": { "DN": 1 }, "geometry": { "type": "Polygon", "coordinates": [ [ [ -65.001956156536892, -10.588787004056361 ], [ -65.001956156536892, -10.589037003325412 ], [ -65.00120615810259, -10.589037003325412 ], [ -65.00120615810259, -10.589787001132564 ], [ -65.001456157580691, -10.589787001132564 ], [ -65.001456157580691, -10.590037000401615 ], [ -65.001706157058791, -10.590037000401615 ], [ -65.001706157058791, -10.589787001132564 ], [ -65.001956156536892, -10.589787001132564 ], [ -65.001956156536892, -10.589287002594462 ], [ -65.002206156015006, -10.589287002594462 ], [ -65.002206156015006, -10.588787004056361 ], [ -65.001956156536892, -10.588787004056361 ] ] ] } },
{ "type": "Feature", "properties": { "DN": 1 }, "geometry": { "type": "Polygon", "coordinates": [ [ [ -65.009456140880005, -10.588037006249209 ], [ -65.009456140880005, -10.588787004056361 ], [ -65.009206141401904, -10.588787004056361 ], [ -65.009206141401904, -10.589537001863514 ], [ -65.008706142445703, -10.589537001863514 ], [ -65.008706142445703, -10.590786998208767 ], [ -65.008956141923804, -10.590786998208767 ], [ -65.008956141923804, -10.590536998939717 ], [ -65.009206141401904, -10.590536998939717 ], [ -65.009206141401904, -10.589787001132564 ], [ -65.010456138792421, -10.589787001132564 ], [ -65.010456138792421, -10.589037003325412 ], [ -65.01020613931432, -10.589037003325412 ], [ -65.01020613931432, -10.588537004787309 ], [ -65.010706138270521, -10.588537004787309 ], [ -65.010706138270521, -10.588037006249209 ], [ -65.009456140880005, -10.588037006249209 ] ] ] } },
{ "type": "Feature", "properties": { "DN": 1 }, "geometry": { "type": "Polygon", "coordinates": [ [ [ -65.003956152361724, -10.588787004056361 ], [ -65.003956152361724, -10.589037003325412 ], [ -65.004206151839824, -10.589037003325412 ], [ -65.004206151839824, -10.588787004056361 ], [ -65.003956152361724, -10.588787004056361 ] ] ] } },
{ "type": "Feature", "properties": { "DN": 1 }, "geometry": { "type": "Polygon", "coordinates": [ [ [ -65.000706159146375, -10.588537004787309 ], [ -65.000706159146375, -10.589037003325412 ], [ -65.000956158624476, -10.589037003325412 ], [ -65.000956158624476, -10.588537004787309 ], [ -65.000706159146375, -10.588537004787309 ] ] ] } },
{ "type": "Feature", "properties": { "DN": 1 }, "geometry": { "type": "Polygon", "coordinates": [ [ [ -65.005456149230355, -10.587787006980157 ], [ -65.00520614975224, -10.587787006980157 ], [ -65.00520614975224, -10.587287008442056 ], [ -65.005456149230355, -10.587287008442056 ], [ -65.005456149230355, -10.587037009173004 ], [ -65.004456151317939, -10.587037009173004 ], [ -65.004456151317939, -10.587287008442056 ], [ -65.003956152361724, -10.587287008442056 ], [ -65.003956152361724, -10.587787006980157 ], [ -65.003706152883623, -10.587787006980157 ], [ -65.003706152883623, -10.587037009173004 ], [ -65.003456153405523, -10.587037009173004 ], [ -65.003456153405523, -10.586287011365853 ], [ -65.003206153927408, -10.586287011365853 ], [ -65.003206153927408, -10.586537010634903 ], [ -65.002706154971207, -10.586537010634903 ], [ -65.002706154971207, -10.586287011365853 ], [ -65.001956156536892, -10.586287011365853 ], [ -65.001956156536892, -10.586537010634903 ], [ -65.001706157058791, -10.586537010634903 ], [ -65.001706157058791, -10.587287008442056 ], [ -65.00120615810259, -10.587287008442056 ], [ -65.00120615810259, -10.587037009173004 ], [ -65.000706159146375, -10.587037009173004 ], [ -65.000706159146375, -10.586787009903954 ], [ -65.000456159668275, -10.586787009903954 ], [ -65.000456159668275, -10.587287008442056 ], [ -65.000956158624476, -10.587287008442056 ], [ -65.000956158624476, -10.588037006249209 ], [ -65.001456157580691, -10.588037006249209 ], [ -65.001456157580691, -10.588537004787309 ], [ -65.00120615810259, -10.588537004787309 ], [ -65.00120615810259, -10.588787004056361 ], [ -65.001706157058791, -10.588787004056361 ], [ -65.001706157058791, -10.588537004787309 ], [ -65.002206156015006, -10.588537004787309 ], [ -65.002206156015006, -10.588787004056361 ], [ -65.002706154971207, -10.588787004056361 ], [ -65.002706154971207, -10.588537004787309 ], [ -65.003206153927408, -10.588537004787309 ], [ -65.003206153927408, -10.588787004056361 ], [ -65.003456153405523, -10.588787004056361 ], [ -65.003456153405523, -10.588037006249209 ], [ -65.003956152361724, -10.588037006249209 ], [ -65.003956152361724, -10.588287005518259 ], [ -65.004706150796039, -10.588287005518259 ], [ -65.004706150796039, -10.588537004787309 ], [ -65.004456151317939, -10.588537004787309 ], [ -65.004456151317939, -10.588787004056361 ], [ -65.004706150796039, -10.588787004056361 ], [ -65.004706150796039, -10.589037003325412 ], [ -65.00520614975224, -10.589037003325412 ], [ -65.00520614975224, -10.590286999670665 ], [ -65.005456149230355, -10.590286999670665 ], [ -65.005456149230355, -10.590536998939717 ], [ -65.005956148186556, -10.590536998939717 ], [ -65.005956148186556, -10.589787001132564 ], [ -65.005456149230355, -10.589787001132564 ], [ -65.005456149230355, -10.589287002594462 ], [ -65.005706148708455, -10.589287002594462 ], [ -65.005706148708455, -10.589537001863514 ], [ -65.005956148186556, -10.589537001863514 ], [ -65.005956148186556, -10.588537004787309 ], [ -65.006206147664656, -10.588537004787309 ], [ -65.006206147664656, -10.588287005518259 ], [ -65.006706146620871, -10.588287005518259 ], [ -65.006706146620871, -10.588537004787309 ], [ -65.006456147142757, -10.588537004787309 ], [ -65.006456147142757, -10.588787004056361 ], [ -65.006206147664656, -10.588787004056361 ], [ -65.006206147664656, -10.589037003325412 ], [ -65.006456147142757, -10.589037003325412 ], [ -65.006456147142757, -10.589537001863514 ], [ -65.006206147664656, -10.589537001863514 ], [ -65.006206147664656, -10.589787001132564 ], [ -65.006456147142757, -10.589787001132564 ], [ -65.006456147142757, -10.590786998208767 ], [ -65.006706146620871, -10.590786998208767 ], [ -65.006706146620871, -10.590536998939717 ], [ -65.006956146098972, -10.590536998939717 ], [ -65.006956146098972, -10.590786998208767 ], [ -65.007206145577072, -10.590786998208767 ], [ -65.007206145577072, -10.590536998939717 ], [ -65.007456145055173, -10.590536998939717 ], [ -65.007456145055173, -10.590286999670665 ], [ -65.007206145577072, -10.590286999670665 ], [ -65.007206145577072, -10.589537001863514 ], [ -65.007706144533287, -10.589537001863514 ], [ -65.007706144533287, -10.589787001132564 ], [ -65.007956144011388, -10.589787001132564 ], [ -65.007956144011388, -10.589037003325412 ], [ -65.007706144533287, -10.589037003325412 ], [ -65.007706144533287, -10.588537004787309 ], [ -65.007956144011388, -10.588537004787309 ], [ -65.007956144011388, -10.588787004056361 ], [ -65.008206143489488, -10.588787004056361 ], [ -65.008206143489488, -10.588037006249209 ], [ -65.006956146098972, -10.588037006249209 ], [ -65.006956146098972, -10.587787006980157 ], [ -65.006706146620871, -10.587787006980157 ], [ -65.006706146620871, -10.587287008442056 ], [ -65.006456147142757, -10.587287008442056 ], [ -65.006456147142757, -10.587787006980157 ], [ -65.006206147664656, -10.587787006980157 ], [ -65.006206147664656, -10.587287008442056 ], [ -65.005706148708455, -10.587287008442056 ], [ -65.005706148708455, -10.587787006980157 ], [ -65.005956148186556, -10.587787006980157 ], [ -65.005956148186556, -10.588037006249209 ], [ -65.005706148708455, -10.588037006249209 ], [ -65.005706148708455, -10.588287005518259 ], [ -65.005456149230355, -10.588287005518259 ], [ -65.005456149230355, -10.587787006980157 ] ], [ [ -65.002206156015006, -10.586537010634903 ], [ -65.002206156015006, -10.586787009903954 ], [ -65.001956156536892, -10.586787009903954 ], [ -65.001956156536892, -10.586537010634903 ], [ -65.002206156015006, -10.586537010634903 ] ], [ [ -65.005456149230355, -10.588537004787309 ], [ -65.00520614975224, -10.588537004787309 ], [ -65.00520614975224, -10.588287005518259 ], [ -65.005456149230355, -10.588287005518259 ], [ -65.005456149230355, -10.588537004787309 ] ], [ [ -65.002706154971207, -10.587787006980157 ], [ -65.002456155493107, -10.587787006980157 ], [ -65.002456155493107, -10.587537007711106 ], [ -65.002706154971207, -10.587537007711106 ], [ -65.002706154971207, -10.587787006980157 ] ] ] } },
{ "type": "Feature", "properties": { "DN": 1 }, "geometry": { "type": "Polygon", "coordinates": [ [ [ -64.996706167496711, -10.588787004056361 ], [ -64.996706167496711, -10.589287002594462 ], [ -64.996956166974826, -10.589287002594462 ], [ -64.996956166974826, -10.590037000401615 ], [ -64.996706167496711, -10.590037000401615 ], [ -64.996706167496711, -10.590786998208767 ], [ -64.996456168018611, -10.590786998208767 ], [ -64.996456168018611, -10.591036997477818 ], [ -64.996956166974826, -10.591036997477818 ], [ -64.996956166974826, -10.590786998208767 ], [ -64.997206166452926, -10.590786998208767 ], [ -64.997206166452926, -10.589787001132564 ], [ -64.997456165931027, -10.589787001132564 ], [ -64.997456165931027, -10.589537001863514 ], [ -64.997956164887242, -10.589537001863514 ], [ -64.997956164887242, -10.590037000401615 ], [ -64.997706165409127, -10.590037000401615 ], [ -64.997706165409127, -10.590536998939717 ], [ -64.998206164365342, -10.590536998939717 ], [ -64.998206164365342, -10.590786998208767 ], [ -64.998706163321543, -10.590786998208767 ], [ -64.998706163321543, -10.590536998939717 ], [ -64.998956162799658, -10.590536998939717 ], [ -64.998956162799658, -10.589787001132564 ], [ -64.999206162277758, -10.589787001132564 ], [ -64.999206162277758, -10.589537001863514 ], [ -64.998956162799658, -10.589537001863514 ], [ -64.998956162799658, -10.589287002594462 ], [ -64.999456161755859, -10.589287002594462 ], [ -64.999456161755859, -10.589037003325412 ], [ -64.99995616071206, -10.589037003325412 ], [ -64.99995616071206, -10.589287002594462 ], [ -65.000206160190174, -10.589287002594462 ], [ -65.000206160190174, -10.589787001132564 ], [ -65.000456159668275, -10.589787001132564 ], [ -65.000456159668275, -10.590037000401615 ], [ -65.000706159146375, -10.590037000401615 ], [ -65.000706159146375, -10.589037003325412 ], [ -65.000206160190174, -10.589037003325412 ], [ -65.000206160190174, -10.588537004787309 ], [ -64.99995616071206, -10.588537004787309 ], [ -64.99995616071206, -10.588787004056361 ], [ -64.999456161755859, -10.588787004056361 ], [ -64.999456161755859, -10.588537004787309 ], [ -64.999706161233959, -10.588537004787309 ], [ -64.999706161233959, -10.588287005518259 ], [ -64.999206162277758, -10.588287005518259 ], [ -64.999206162277758, -10.588787004056361 ], [ -64.998956162799658, -10.588787004056361 ], [ -64.998956162799658, -10.589037003325412 ], [ -64.998456163843443, -10.589037003325412 ], [ -64.998456163843443, -10.589287002594462 ], [ -64.998206164365342, -10.589287002594462 ], [ -64.998206164365342, -10.589037003325412 ], [ -64.997956164887242, -10.589037003325412 ], [ -64.997956164887242, -10.588787004056361 ], [ -64.998456163843443, -10.588787004056361 ], [ -64.998456163843443, -10.588537004787309 ], [ -64.998706163321543, -10.588537004787309 ], [ -64.998706163321543, -10.587537007711106 ], [ -64.998456163843443, -10.587537007711106 ], [ -64.998456163843443, -10.587287008442056 ], [ -64.998956162799658, -10.587287008442056 ], [ -64.998956162799658, -10.587037009173004 ], [ -64.998706163321543, -10.587037009173004 ], [ -64.998706163321543, -10.586537010634903 ], [ -64.998456163843443, -10.586537010634903 ], [ -64.998456163843443, -10.586287011365853 ], [ -64.997956164887242, -10.586287011365853 ], [ -64.997956164887242, -10.586037012096801 ], [ -64.998206164365342, -10.586037012096801 ], [ -64.998206164365342, -10.58528701428965 ], [ -64.997456165931027, -10.58528701428965 ], [ -64.997456165931027, -10.585787012827751 ], [ -64.996956166974826, -10.585787012827751 ], [ -64.996956166974826, -10.586037012096801 ], [ -64.995456170106195, -10.586037012096801 ], [ -64.995456170106195, -10.586537010634903 ], [ -64.994706171671893, -10.586537010634903 ], [ -64.994706171671893, -10.587287008442056 ], [ -64.995456170106195, -10.587287008442056 ], [ -64.995456170106195, -10.587537007711106 ], [ -64.994956171149994, -10.587537007711106 ], [ -64.994956171149994, -10.588037006249209 ], [ -64.995456170106195, -10.588037006249209 ], [ -64.995456170106195, -10.588287005518259 ], [ -64.99595616906241, -10.588287005518259 ], [ -64.99595616906241, -10.588537004787309 ], [ -64.995706169584309, -10.588537004787309 ], [ -64.995706169584309, -10.588787004056361 ], [ -64.995456170106195, -10.588787004056361 ], [ -64.995456170106195, -10.589037003325412 ], [ -64.995206170628094, -10.589037003325412 ], [ -64.995206170628094, -10.590037000401615 ], [ -64.994706171671893, -10.590037000401615 ], [ -64.994706171671893, -10.590536998939717 ], [ -64.994956171149994, -10.590536998939717 ], [ -64.994956171149994, -10.591036997477818 ], [ -64.995206170628094, -10.591036997477818 ], [ -64.995206170628094, -10.591286996746868 ], [ -64.995456170106195, -10.591286996746868 ], [ -64.995456170106195, -10.590786998208767 ], [ -64.99595616906241, -10.590786998208767 ], [ -64.99595616906241, -10.590536998939717 ], [ -64.99620616854051, -10.590536998939717 ], [ -64.99620616854051, -10.590286999670665 ], [ -64.996456168018611, -10.590286999670665 ], [ -64.996456168018611, -10.590037000401615 ], [ -64.99620616854051, -10.590037000401615 ], [ -64.99620616854051, -10.589787001132564 ], [ -64.996456168018611, -10.589787001132564 ], [ -64.996456168018611, -10.589287002594462 ], [ -64.99620616854051, -10.589287002594462 ], [ -64.99620616854051, -10.589537001863514 ], [ -64.99595616906241, -10.589537001863514 ], [ -64.99595616906241, -10.589037003325412 ], [ -64.996456168018611, -10.589037003325412 ], [ -64.996456168018611, -10.588787004056361 ], [ -64.996706167496711, -10.588787004056361 ] ], [ [ -64.995706169584309, -10.587537007711106 ], [ -64.995706169584309, -10.587787006980157 ], [ -64.995456170106195, -10.587787006980157 ], [ -64.995456170106195, -10.587537007711106 ], [ -64.995706169584309, -10.587537007711106 ] ], [ [ -64.99620616854051, -10.588787004056361 ], [ -64.99620616854051, -10.588537004787309 ], [ -64.996456168018611, -10.588537004787309 ], [ -64.996456168018611, -10.588787004056361 ], [ -64.99620616854051, -10.588787004056361 ] ], [ [ -64.996956166974826, -10.587037009173004 ], [ -64.996706167496711, -10.587037009173004 ], [ -64.996706167496711, -10.586787009903954 ], [ -64.996956166974826, -10.586787009903954 ], [ -64.996956166974826, -10.587037009173004 ] ], [ [ -64.997706165409127, -10.588037006249209 ], [ -64.996956166974826, -10.588037006249209 ], [ -64.996956166974826, -10.587787006980157 ], [ -64.997456165931027, -10.587787006980157 ], [ -64.997456165931027, -10.587537007711106 ], [ -64.997706165409127, -10.587537007711106 ], [ -64.997706165409127, -10.588037006249209 ] ], [ [ -64.997206166452926, -10.589037003325412 ], [ -64.996956166974826, -10.589037003325412 ], [ -64.996956166974826, -10.588787004056361 ], [ -64.997206166452926, -10.588787004056361 ], [ -64.997206166452926, -10.589037003325412 ] ], [ [ -64.995706169584309, -10.590037000401615 ], [ -64.995456170106195, -10.590037000401615 ], [ -64.995456170106195, -10.589787001132564 ], [ -64.995706169584309, -10.589787001132564 ], [ -64.995706169584309, -10.590037000401615 ] ] ] } },
{ "type": "Feature", "properties": { "DN": 1 }, "geometry": { "type": "Polygon", "coordinates": [ [ [ -64.998956162799658, -10.588037006249209 ], [ -64.998956162799658, -10.588287005518259 ], [ -64.999206162277758, -10.588287005518259 ], [ -64.999206162277758, -10.588037006249209 ], [ -64.998956162799658, -10.588037006249209 ] ] ] } },
{ "type": "Feature", "properties": { "DN": 1 }, "geometry": { "type": "Polygon", "coordinates": [ [ [ -64.999206162277758, -10.587787006980157 ], [ -64.999206162277758, -10.588037006249209 ], [ -64.999706161233959, -10.588037006249209 ], [ -64.999706161233959, -10.587787006980157 ], [ -64.999206162277758, -10.587787006980157 ] ] ] } },
{ "type": "Feature", "properties": { "DN": 1 }, "geometry": { "type": "Polygon", "coordinates": [ [ [ -65.006706146620871, -10.587037009173004 ], [ -65.006706146620871, -10.587287008442056 ], [ -65.006956146098972, -10.587287008442056 ], [ -65.006956146098972, -10.587787006980157 ], [ -65.007206145577072, -10.587787006980157 ], [ -65.007206145577072, -10.587287008442056 ], [ -65.007706144533287, -10.587287008442056 ], [ -65.007706144533287, -10.587037009173004 ], [ -65.006706146620871, -10.587037009173004 ] ] ] } },
{ "type": "Feature", "properties": { "DN": 1 }, "geometry": { "type": "Polygon", "coordinates": [ [ [ -65.01020613931432, -10.586537010634903 ], [ -65.01020613931432, -10.586787009903954 ], [ -65.009706140358105, -10.586787009903954 ], [ -65.009706140358105, -10.587037009173004 ], [ -65.010456138792421, -10.587037009173004 ], [ -65.010456138792421, -10.586537010634903 ], [ -65.01020613931432, -10.586537010634903 ] ] ] } },
{ "type": "Feature", "properties": { "DN": 1 }, "geometry": { "type": "Polygon", "coordinates": [ [ [ -65.00120615810259, -10.586537010634903 ], [ -65.00120615810259, -10.586787009903954 ], [ -65.001456157580691, -10.586787009903954 ], [ -65.001456157580691, -10.586537010634903 ], [ -65.00120615810259, -10.586537010634903 ] ] ] } },
{ "type": "Feature", "properties": { "DN": 1 }, "geometry": { "type": "Polygon", "coordinates": [ [ [ -65.007956144011388, -10.586287011365853 ], [ -65.007956144011388, -10.586537010634903 ], [ -65.008206143489488, -10.586537010634903 ], [ -65.008206143489488, -10.586287011365853 ], [ -65.007956144011388, -10.586287011365853 ] ] ] } },
{ "type": "Feature", "properties": { "DN": 1 }, "geometry": { "type": "Polygon", "coordinates": [ [ [ -64.99995616071206, -10.586287011365853 ], [ -64.99995616071206, -10.586537010634903 ], [ -65.000206160190174, -10.586537010634903 ], [ -65.000206160190174, -10.586287011365853 ], [ -64.99995616071206, -10.586287011365853 ] ] ] } },
{ "type": "Feature", "properties": { "DN": 1 }, "geometry": { "type": "Polygon", "coordinates": [ [ [ -65.001456157580691, -10.586037012096801 ], [ -65.001456157580691, -10.586537010634903 ], [ -65.001706157058791, -10.586537010634903 ], [ -65.001706157058791, -10.586037012096801 ], [ -65.001456157580691, -10.586037012096801 ] ] ] } },
{ "type": "Feature", "properties": { "DN": 1 }, "geometry": { "type": "Polygon", "coordinates": [ [ [ -65.008206143489488, -10.586037012096801 ], [ -65.008206143489488, -10.586287011365853 ], [ -65.008456142967589, -10.586287011365853 ], [ -65.008456142967589, -10.586037012096801 ], [ -65.008206143489488, -10.586037012096801 ] ] ] } },
{ "type": "Feature", "properties": { "DN": 1 }, "geometry": { "type": "Polygon", "coordinates": [ [ [ -64.987706186284981, -10.587787006980157 ], [ -64.987706186284981, -10.588537004787309 ], [ -64.987956185763082, -10.588537004787309 ], [ -64.987956185763082, -10.589287002594462 ], [ -64.988706184197397, -10.589287002594462 ], [ -64.988706184197397, -10.589537001863514 ], [ -64.988956183675498, -10.589537001863514 ], [ -64.988956183675498, -10.590286999670665 ], [ -64.989206183153613, -10.590286999670665 ], [ -64.989206183153613, -10.589787001132564 ], [ -64.989456182631713, -10.589787001132564 ], [ -64.989456182631713, -10.589287002594462 ], [ -64.989206183153613, -10.589287002594462 ], [ -64.989206183153613, -10.588787004056361 ], [ -64.988956183675498, -10.588787004056361 ], [ -64.988956183675498, -10.588537004787309 ], [ -64.988706184197397, -10.588537004787309 ], [ -64.988706184197397, -10.588287005518259 ], [ -64.988206185241197, -10.588287005518259 ], [ -64.988206185241197, -10.587787006980157 ], [ -64.987706186284981, -10.587787006980157 ] ] ] } },
{ "type": "Feature", "properties": { "DN": 1 }, "geometry": { "type": "Polygon", "coordinates": [ [ [ -64.991706177934645, -10.588287005518259 ], [ -64.991706177934645, -10.588537004787309 ], [ -64.991956177412746, -10.588537004787309 ], [ -64.991956177412746, -10.588287005518259 ], [ -64.991706177934645, -10.588287005518259 ] ] ] } },
{ "type": "Feature", "properties": { "DN": 1 }, "geometry": { "type": "Polygon", "coordinates": [ [ [ -64.994456172193779, -10.588287005518259 ], [ -64.994456172193779, -10.588537004787309 ], [ -64.995206170628094, -10.588537004787309 ], [ -64.995206170628094, -10.588287005518259 ], [ -64.994456172193779, -10.588287005518259 ] ] ] } },
{ "type": "Feature", "properties": { "DN": 1 }, "geometry": { "type": "Polygon", "coordinates": [ [ [ -64.990456180544129, -10.588037006249209 ], [ -64.990456180544129, -10.588287005518259 ], [ -64.99095617950033, -10.588287005518259 ], [ -64.99095617950033, -10.588037006249209 ], [ -64.990456180544129, -10.588037006249209 ] ] ] } },
{ "type": "Feature", "properties": { "DN": 1 }, "geometry": { "type": "Polygon", "coordinates": [ [ [ -64.99120617897843, -10.587787006980157 ], [ -64.99120617897843, -10.588037006249209 ], [ -64.991456178456545, -10.588037006249209 ], [ -64.991456178456545, -10.587787006980157 ], [ -64.99120617897843, -10.587787006980157 ] ] ] } },
{ "type": "Feature", "properties": { "DN": 1 }, "geometry": { "type": "Polygon", "coordinates": [ [ [ -64.991956177412746, -10.587537007711106 ], [ -64.991956177412746, -10.588037006249209 ], [ -64.992456176368961, -10.588037006249209 ], [ -64.992456176368961, -10.587537007711106 ], [ -64.991956177412746, -10.587537007711106 ] ] ] } },
{ "type": "Feature", "properties": { "DN": 1 }, "geometry": { "type": "Polygon", "coordinates": [ [ [ -64.988456184719297, -10.586287011365853 ], [ -64.988456184719297, -10.587037009173004 ], [ -64.989206183153613, -10.587037009173004 ], [ -64.989206183153613, -10.587287008442056 ], [ -64.989456182631713, -10.587287008442056 ], [ -64.989456182631713, -10.587787006980157 ], [ -64.989206183153613, -10.587787006980157 ], [ -64.989206183153613, -10.588287005518259 ], [ -64.989456182631713, -10.588287005518259 ], [ -64.989456182631713, -10.589037003325412 ], [ -64.990206181066029, -10.589037003325412 ], [ -64.990206181066029, -10.588287005518259 ], [ -64.989706182109813, -10.588287005518259 ], [ -64.989706182109813, -10.587787006980157 ], [ -64.990206181066029, -10.587787006980157 ], [ -64.990206181066029, -10.587037009173004 ], [ -64.989456182631713, -10.587037009173004 ], [ -64.989456182631713, -10.586787009903954 ], [ -64.988706184197397, -10.586787009903954 ], [ -64.988706184197397, -10.586287011365853 ], [ -64.988456184719297, -10.586287011365853 ] ] ] } },
{ "type": "Feature", "properties": { "DN": 1 }, "geometry": { "type": "Polygon", "coordinates": [ [ [ -64.983456195157217, -10.584287017213445 ], [ -64.983456195157217, -10.584537016482496 ], [ -64.983206195679116, -10.584537016482496 ], [ -64.983206195679116, -10.584787015751548 ], [ -64.983706194635332, -10.584787015751548 ], [ -64.983706194635332, -10.58528701428965 ], [ -64.983206195679116, -10.58528701428965 ], [ -64.983206195679116, -10.585537013558699 ], [ -64.982956196201016, -10.585537013558699 ], [ -64.982956196201016, -10.586037012096801 ], [ -64.982706196722916, -10.586037012096801 ], [ -64.982706196722916, -10.586537010634903 ], [ -64.982956196201016, -10.586537010634903 ], [ -64.982956196201016, -10.587287008442056 ], [ -64.983206195679116, -10.587287008442056 ], [ -64.983206195679116, -10.588037006249209 ], [ -64.983456195157217, -10.588037006249209 ], [ -64.983456195157217, -10.588287005518259 ], [ -64.982956196201016, -10.588287005518259 ], [ -64.982956196201016, -10.587787006980157 ], [ -64.982706196722916, -10.587787006980157 ], [ -64.982706196722916, -10.588037006249209 ], [ -64.9822061977667, -10.588037006249209 ], [ -64.9822061977667, -10.587787006980157 ], [ -64.9819561982886, -10.587787006980157 ], [ -64.9819561982886, -10.587287008442056 ], [ -64.9817061988105, -10.587287008442056 ], [ -64.9817061988105, -10.587787006980157 ], [ -64.981456199332385, -10.587787006980157 ], [ -64.981456199332385, -10.588037006249209 ], [ -64.981206199854284, -10.588037006249209 ], [ -64.981206199854284, -10.588287005518259 ], [ -64.981456199332385, -10.588287005518259 ], [ -64.981456199332385, -10.588787004056361 ], [ -64.9819561982886, -10.588787004056361 ], [ -64.9819561982886, -10.589037003325412 ], [ -64.9817061988105, -10.589037003325412 ], [ -64.9817061988105, -10.589537001863514 ], [ -64.982706196722916, -10.589537001863514 ], [ -64.982706196722916, -10.589287002594462 ], [ -64.982956196201016, -10.589287002594462 ], [ -64.982956196201016, -10.590286999670665 ], [ -64.983956194113432, -10.590286999670665 ], [ -64.983956194113432, -10.589787001132564 ], [ -64.984456193069633, -10.589787001132564 ], [ -64.984456193069633, -10.590037000401615 ], [ -64.984206193591532, -10.590037000401615 ], [ -64.984206193591532, -10.590286999670665 ], [ -64.984956192025848, -10.590286999670665 ], [ -64.984956192025848, -10.589787001132564 ], [ -64.985206191503949, -10.589787001132564 ], [ -64.985206191503949, -10.588537004787309 ], [ -64.984706192547733, -10.588537004787309 ], [ -64.984706192547733, -10.587787006980157 ], [ -64.984456193069633, -10.587787006980157 ], [ -64.984456193069633, -10.587287008442056 ], [ -64.984206193591532, -10.587287008442056 ], [ -64.984206193591532, -10.586787009903954 ], [ -64.983956194113432, -10.586787009903954 ], [ -64.983956194113432, -10.586537010634903 ], [ -64.983706194635332, -10.586537010634903 ], [ -64.983706194635332, -10.586037012096801 ], [ -64.983456195157217, -10.586037012096801 ], [ -64.983456195157217, -10.585787012827751 ], [ -64.983706194635332, -10.585787012827751 ], [ -64.983706194635332, -10.585537013558699 ], [ -64.983956194113432, -10.585537013558699 ], [ -64.983956194113432, -10.584287017213445 ], [ -64.983456195157217, -10.584287017213445 ] ], [ [ -64.983456195157217, -10.586537010634903 ], [ -64.983206195679116, -10.586537010634903 ], [ -64.983206195679116, -10.586287011365853 ], [ -64.983456195157217, -10.586287011365853 ], [ -64.983456195157217, -10.586537010634903 ] ], [ [ -64.984706192547733, -10.589537001863514 ], [ -64.984206193591532, -10.589537001863514 ], [ -64.984206193591532, -10.589287002594462 ], [ -64.984706192547733, -10.589287002594462 ], [ -64.984706192547733, -10.589537001863514 ] ] ] } },
{ "type": "Feature", "properties": { "DN": 1 }, "geometry": { "type": "Polygon", "coordinates": [ [ [ -64.9822061977667, -10.587037009173004 ], [ -64.9822061977667, -10.587287008442056 ], [ -64.982706196722916, -10.587287008442056 ], [ -64.982706196722916, -10.587037009173004 ], [ -64.9822061977667, -10.587037009173004 ] ] ] } },
{ "type": "Feature", "properties": { "DN": 1 }, "geometry": { "type": "Polygon", "coordinates": [ [ [ -64.991956177412746, -10.587037009173004 ], [ -64.991956177412746, -10.587287008442056 ], [ -64.992206176890846, -10.587287008442056 ], [ -64.992206176890846, -10.587037009173004 ], [ -64.991956177412746, -10.587037009173004 ] ] ] } },
{ "type": "Feature", "properties": { "DN": 1 }, "geometry": { "type": "Polygon", "coordinates": [ [ [ -64.887706395043494, -10.608036947773275 ], [ -64.887706395043494, -10.608286947042327 ], [ -64.88820639399971, -10.608286947042327 ], [ -64.88820639399971, -10.608036947773275 ], [ -64.887706395043494, -10.608036947773275 ] ] ] } },
{ "type": "Feature", "properties": { "DN": 1 }, "geometry": { "type": "Polygon", "coordinates": [ [ [ -64.899706369992472, -10.604286958737513 ], [ -64.899706369992472, -10.604536958006564 ], [ -64.900206368948687, -10.604536958006564 ], [ -64.900206368948687, -10.604286958737513 ], [ -64.899706369992472, -10.604286958737513 ] ] ] } },
{ "type": "Feature", "properties": { "DN": 1 }, "geometry": { "type": "Polygon", "coordinates": [ [ [ -64.89770637416764, -10.603786960199411 ], [ -64.89770637416764, -10.604036959468463 ], [ -64.897956373645755, -10.604036959468463 ], [ -64.897956373645755, -10.603786960199411 ], [ -64.89770637416764, -10.603786960199411 ] ] ] } },
{ "type": "Feature", "properties": { "DN": 1 }, "geometry": { "type": "Polygon", "coordinates": [ [ [ -64.899456370514372, -10.602286964585106 ], [ -64.899456370514372, -10.602786963123208 ], [ -64.899706369992472, -10.602786963123208 ], [ -64.899706369992472, -10.602286964585106 ], [ -64.899456370514372, -10.602286964585106 ] ] ] } },
{ "type": "Feature", "properties": { "DN": 1 }, "geometry": { "type": "Polygon", "coordinates": [ [ [ -64.898206373123855, -10.601286967508903 ], [ -64.898206373123855, -10.601536966777953 ], [ -64.898456372601956, -10.601536966777953 ], [ -64.898456372601956, -10.601286967508903 ], [ -64.898206373123855, -10.601286967508903 ] ] ] } },
{ "type": "Feature", "properties": { "DN": 1 }, "geometry": { "type": "Polygon", "coordinates": [ [ [ -64.903706361642136, -10.598536975549344 ], [ -64.903706361642136, -10.598786974818394 ], [ -64.903956361120237, -10.598786974818394 ], [ -64.903956361120237, -10.598536975549344 ], [ -64.903706361642136, -10.598536975549344 ] ] ] } },
{ "type": "Feature", "properties": { "DN": 1 }, "geometry": { "type": "Polygon", "coordinates": [ [ [ -64.887956394521609, -10.596786980665987 ], [ -64.887956394521609, -10.597036979935039 ], [ -64.887706395043494, -10.597036979935039 ], [ -64.887706395043494, -10.597286979204089 ], [ -64.887456395565394, -10.597286979204089 ], [ -64.887456395565394, -10.597536978473141 ], [ -64.887206396087294, -10.597536978473141 ], [ -64.887206396087294, -10.597286979204089 ], [ -64.886956396609193, -10.597286979204089 ], [ -64.886956396609193, -10.59778697774219 ], [ -64.887456395565394, -10.59778697774219 ], [ -64.887456395565394, -10.598036977011242 ], [ -64.887706395043494, -10.598036977011242 ], [ -64.887706395043494, -10.59778697774219 ], [ -64.88845639347781, -10.59778697774219 ], [ -64.88845639347781, -10.597286979204089 ], [ -64.88820639399971, -10.597286979204089 ], [ -64.88820639399971, -10.596786980665987 ], [ -64.887956394521609, -10.596786980665987 ] ] ] } },
{ "type": "Feature", "properties": { "DN": 1 }, "geometry": { "type": "Polygon", "coordinates": [ [ [ -64.89745637468954, -10.594536987244529 ], [ -64.89745637468954, -10.594786986513581 ], [ -64.897206375211439, -10.594786986513581 ], [ -64.897206375211439, -10.595286985051683 ], [ -64.89745637468954, -10.595286985051683 ], [ -64.89745637468954, -10.595036985782631 ], [ -64.89770637416764, -10.595036985782631 ], [ -64.89770637416764, -10.594536987244529 ], [ -64.89745637468954, -10.594536987244529 ] ] ] } },
{ "type": "Feature", "properties": { "DN": 1 }, "geometry": { "type": "Polygon", "coordinates": [ [ [ -64.886456397652978, -10.587537007711106 ], [ -64.886456397652978, -10.588037006249209 ], [ -64.886706397131078, -10.588037006249209 ], [ -64.886706397131078, -10.588287005518259 ], [ -64.887206396087294, -10.588287005518259 ], [ -64.887206396087294, -10.588037006249209 ], [ -64.886956396609193, -10.588037006249209 ], [ -64.886956396609193, -10.587537007711106 ], [ -64.886456397652978, -10.587537007711106 ] ] ] } },
{ "type": "Feature", "properties": { "DN": 1 }, "geometry": { "type": "Polygon", "coordinates": [ [ [ -64.90270636372972, -10.577037038410971 ], [ -64.90270636372972, -10.577287037680023 ], [ -64.902956363207821, -10.577287037680023 ], [ -64.902956363207821, -10.577037038410971 ], [ -64.90270636372972, -10.577037038410971 ] ] ] } },
{ "type": "Feature", "properties": { "DN": 1 }, "geometry": { "type": "Polygon", "coordinates": [ [ [ -64.882706405481429, -10.595036985782631 ], [ -64.882706405481429, -10.595286985051683 ], [ -64.882956404959529, -10.595286985051683 ], [ -64.882956404959529, -10.595036985782631 ], [ -64.882706405481429, -10.595036985782631 ] ] ] } },
{ "type": "Feature", "properties": { "DN": 1 }, "geometry": { "type": "Polygon", "coordinates": [ [ [ -64.861706449320707, -10.593786989437378 ], [ -64.861706449320707, -10.594036988706428 ], [ -64.861956448798821, -10.594036988706428 ], [ -64.861956448798821, -10.59428698797548 ], [ -64.862206448276922, -10.59428698797548 ], [ -64.862206448276922, -10.594536987244529 ], [ -64.861956448798821, -10.594536987244529 ], [ -64.861956448798821, -10.595036985782631 ], [ -64.862706447233123, -10.595036985782631 ], [ -64.862706447233123, -10.59428698797548 ], [ -64.862456447755022, -10.59428698797548 ], [ -64.862456447755022, -10.593786989437378 ], [ -64.861706449320707, -10.593786989437378 ] ] ] } },
{ "type": "Feature", "properties": { "DN": 1 }, "geometry": { "type": "Polygon", "coordinates": [ [ [ -64.884706401306261, -10.592286993823073 ], [ -64.884706401306261, -10.592536993092123 ], [ -64.884456401828146, -10.592536993092123 ], [ -64.884456401828146, -10.592786992361175 ], [ -64.884206402350046, -10.592786992361175 ], [ -64.884206402350046, -10.593286990899276 ], [ -64.883706403393845, -10.593286990899276 ], [ -64.883706403393845, -10.593786989437378 ], [ -64.88320640443763, -10.593786989437378 ], [ -64.88320640443763, -10.594536987244529 ], [ -64.88345640391573, -10.594536987244529 ], [ -64.88345640391573, -10.595036985782631 ], [ -64.883706403393845, -10.595036985782631 ], [ -64.883706403393845, -10.595286985051683 ], [ -64.884206402350046, -10.595286985051683 ], [ -64.884206402350046, -10.595036985782631 ], [ -64.884956400784361, -10.595036985782631 ], [ -64.884956400784361, -10.594786986513581 ], [ -64.885456399740562, -10.594786986513581 ], [ -64.885456399740562, -10.59428698797548 ], [ -64.885706399218662, -10.59428698797548 ], [ -64.885706399218662, -10.594036988706428 ], [ -64.885956398696777, -10.594036988706428 ], [ -64.885956398696777, -10.593536990168326 ], [ -64.885206400262462, -10.593536990168326 ], [ -64.885206400262462, -10.593286990899276 ], [ -64.885706399218662, -10.593286990899276 ], [ -64.885706399218662, -10.592536993092123 ], [ -64.885456399740562, -10.592536993092123 ], [ -64.885456399740562, -10.592286993823073 ], [ -64.884706401306261, -10.592286993823073 ] ] ] } },
{ "type": "Feature", "properties": { "DN": 1 }, "geometry": { "type": "Polygon", "coordinates": [ [ [ -64.880956409134697, -10.592786992361175 ], [ -64.880956409134697, -10.593036991630225 ], [ -64.880706409656597, -10.593036991630225 ], [ -64.880706409656597, -10.593286990899276 ], [ -64.881206408612798, -10.593286990899276 ], [ -64.881206408612798, -10.592786992361175 ], [ -64.880956409134697, -10.592786992361175 ] ] ] } },
{ "type": "Feature", "properties": { "DN": 1 }, "geometry": { "type": "Polygon", "coordinates": [ [ [ -64.849206475415528, -10.589287002594462 ], [ -64.849206475415528, -10.589787001132564 ], [ -64.849706474371729, -10.589787001132564 ], [ -64.849706474371729, -10.589287002594462 ], [ -64.849206475415528, -10.589287002594462 ] ] ] } },
{ "type": "Feature", "properties": { "DN": 1 }, "geometry": { "type": "Polygon", "coordinates": [ [ [ -64.863456445667438, -10.589287002594462 ], [ -64.863456445667438, -10.589537001863514 ], [ -64.863706445145539, -10.589537001863514 ], [ -64.863706445145539, -10.589287002594462 ], [ -64.863456445667438, -10.589287002594462 ] ] ] } },
{ "type": "Feature", "properties": { "DN": 1 }, "geometry": { "type": "Polygon", "coordinates": [ [ [ -64.876706418006933, -10.587537007711106 ], [ -64.876706418006933, -10.587787006980157 ], [ -64.876456418528832, -10.587787006980157 ], [ -64.876456418528832, -10.588037006249209 ], [ -64.876206419050732, -10.588037006249209 ], [ -64.876206419050732, -10.588537004787309 ], [ -64.876706418006933, -10.588537004787309 ], [ -64.876706418006933, -10.588787004056361 ], [ -64.877456416441248, -10.588787004056361 ], [ -64.877456416441248, -10.588287005518259 ], [ -64.877956415397449, -10.588287005518259 ], [ -64.877956415397449, -10.587787006980157 ], [ -64.877456416441248, -10.587787006980157 ], [ -64.877456416441248, -10.587537007711106 ], [ -64.876706418006933, -10.587537007711106 ] ] ] } },
{ "type": "Feature", "properties": { "DN": 1 }, "geometry": { "type": "Polygon", "coordinates": [ [ [ -64.866706438882787, -10.587787006980157 ], [ -64.866706438882787, -10.588037006249209 ], [ -64.867206437838988, -10.588037006249209 ], [ -64.867206437838988, -10.587787006980157 ], [ -64.866706438882787, -10.587787006980157 ] ] ] } },
{ "type": "Feature", "properties": { "DN": 1 }, "geometry": { "type": "Polygon", "coordinates": [ [ [ -64.867206437838988, -10.587037009173004 ], [ -64.867206437838988, -10.587287008442056 ], [ -64.867706436795203, -10.587287008442056 ], [ -64.867706436795203, -10.587037009173004 ], [ -64.867206437838988, -10.587037009173004 ] ] ] } },
{ "type": "Feature", "properties": { "DN": 1 }, "geometry": { "type": "Polygon", "coordinates": [ [ [ -64.866706438882787, -10.586287011365853 ], [ -64.866706438882787, -10.586537010634903 ], [ -64.866456439404686, -10.586537010634903 ], [ -64.866456439404686, -10.587037009173004 ], [ -64.866956438360887, -10.587037009173004 ], [ -64.866956438360887, -10.586787009903954 ], [ -64.867206437838988, -10.586787009903954 ], [ -64.867206437838988, -10.586537010634903 ], [ -64.866956438360887, -10.586537010634903 ], [ -64.866956438360887, -10.586287011365853 ], [ -64.866706438882787, -10.586287011365853 ] ] ] } },
{ "type": "Feature", "properties": { "DN": 1 }, "geometry": { "type": "Polygon", "coordinates": [ [ [ -64.973706215511172, -10.592786992361175 ], [ -64.973706215511172, -10.593036991630225 ], [ -64.973956214989286, -10.593036991630225 ], [ -64.973956214989286, -10.592786992361175 ], [ -64.973706215511172, -10.592786992361175 ] ] ] } },
{ "type": "Feature", "properties": { "DN": 1 }, "geometry": { "type": "Polygon", "coordinates": [ [ [ -64.975706211336004, -10.592286993823073 ], [ -64.975706211336004, -10.592786992361175 ], [ -64.975956210814104, -10.592786992361175 ], [ -64.975956210814104, -10.592286993823073 ], [ -64.975706211336004, -10.592286993823073 ] ] ] } },
{ "type": "Feature", "properties": { "DN": 1 }, "geometry": { "type": "Polygon", "coordinates": [ [ [ -64.973206216554971, -10.59178699528497 ], [ -64.973206216554971, -10.592036994554022 ], [ -64.973456216033071, -10.592036994554022 ], [ -64.973456216033071, -10.592786992361175 ], [ -64.973706215511172, -10.592786992361175 ], [ -64.973706215511172, -10.592286993823073 ], [ -64.973956214989286, -10.592286993823073 ], [ -64.973956214989286, -10.59178699528497 ], [ -64.973206216554971, -10.59178699528497 ] ] ] } },
{ "type": "Feature", "properties": { "DN": 1 }, "geometry": { "type": "Polygon", "coordinates": [ [ [ -64.976206210292219, -10.592036994554022 ], [ -64.976206210292219, -10.592286993823073 ], [ -64.976456209770319, -10.592286993823073 ], [ -64.976456209770319, -10.592036994554022 ], [ -64.976206210292219, -10.592036994554022 ] ] ] } },
{ "type": "Feature", "properties": { "DN": 1 }, "geometry": { "type": "Polygon", "coordinates": [ [ [ -64.974206214467387, -10.59153699601592 ], [ -64.974206214467387, -10.592036994554022 ], [ -64.974706213423588, -10.592036994554022 ], [ -64.974706213423588, -10.59153699601592 ], [ -64.974206214467387, -10.59153699601592 ] ] ] } },
{ "type": "Feature", "properties": { "DN": 1 }, "geometry": { "type": "Polygon", "coordinates": [ [ [ -64.972706217598756, -10.584037017944395 ], [ -64.972706217598756, -10.584287017213445 ], [ -64.97295621707687, -10.584287017213445 ], [ -64.97295621707687, -10.584037017944395 ], [ -64.972706217598756, -10.584037017944395 ] ] ] } },
{ "type": "Feature", "properties": { "DN": 1 }, "geometry": { "type": "Polygon", "coordinates": [ [ [ -64.950706263525632, -10.572037053029955 ], [ -64.950706263525632, -10.572287052299005 ], [ -64.950956263003732, -10.572287052299005 ], [ -64.950956263003732, -10.572037053029955 ], [ -64.950706263525632, -10.572037053029955 ] ] ] } },
{ "type": "Feature", "properties": { "DN": 1 }, "geometry": { "type": "Polygon", "coordinates": [ [ [ -64.961206241605993, -10.520787202874534 ], [ -64.961206241605993, -10.521037202143583 ], [ -64.961456241084093, -10.521037202143583 ], [ -64.961456241084093, -10.520787202874534 ], [ -64.961206241605993, -10.520787202874534 ] ] ] } },
{ "type": "Feature", "properties": { "DN": 1 }, "geometry": { "type": "Polygon", "coordinates": [ [ [ -64.960706242649778, -10.519787205798329 ], [ -64.960706242649778, -10.52028720433643 ], [ -64.960956242127892, -10.52028720433643 ], [ -64.960956242127892, -10.519787205798329 ], [ -64.960706242649778, -10.519787205798329 ] ] ] } },
{ "type": "Feature", "properties": { "DN": 1 }, "geometry": { "type": "Polygon", "coordinates": [ [ [ -64.948956267178914, -10.468787354911958 ], [ -64.948956267178914, -10.469037354181008 ], [ -64.949206266657015, -10.469037354181008 ], [ -64.949206266657015, -10.468787354911958 ], [ -64.948956267178914, -10.468787354911958 ] ] ] } },
{ "type": "Feature", "properties": { "DN": 1 }, "geometry": { "type": "Polygon", "coordinates": [ [ [ -64.936956292229937, -10.597286979204089 ], [ -64.936956292229937, -10.597536978473141 ], [ -64.937456291186137, -10.597536978473141 ], [ -64.937456291186137, -10.597286979204089 ], [ -64.936956292229937, -10.597286979204089 ] ] ] } },
{ "type": "Feature", "properties": { "DN": 1 }, "geometry": { "type": "Polygon", "coordinates": [ [ [ -64.937206291708037, -10.596036982858834 ], [ -64.937206291708037, -10.596286982127886 ], [ -64.937706290664238, -10.596286982127886 ], [ -64.937706290664238, -10.596036982858834 ], [ -64.937206291708037, -10.596036982858834 ] ] ] } },
{ "type": "Feature", "properties": { "DN": 1 }, "geometry": { "type": "Polygon", "coordinates": [ [ [ -64.941206283357687, -10.594536987244529 ], [ -64.941206283357687, -10.595036985782631 ], [ -64.940956283879586, -10.595036985782631 ], [ -64.940956283879586, -10.596286982127886 ], [ -64.941456282835802, -10.596286982127886 ], [ -64.941456282835802, -10.596036982858834 ], [ -64.941706282313902, -10.596036982858834 ], [ -64.941706282313902, -10.595536984320733 ], [ -64.941956281792002, -10.595536984320733 ], [ -64.941956281792002, -10.594786986513581 ], [ -64.941706282313902, -10.594786986513581 ], [ -64.941706282313902, -10.594536987244529 ], [ -64.941206283357687, -10.594536987244529 ] ] ] } },
{ "type": "Feature", "properties": { "DN": 1 }, "geometry": { "type": "Polygon", "coordinates": [ [ [ -64.918956329806463, -10.505787246731483 ], [ -64.918956329806463, -10.506037246000533 ], [ -64.919206329284563, -10.506037246000533 ], [ -64.919206329284563, -10.505787246731483 ], [ -64.918956329806463, -10.505787246731483 ] ] ] } },
{ "type": "Feature", "properties": { "DN": 1 }, "geometry": { "type": "Polygon", "coordinates": [ [ [ -64.932706301102172, -10.473787340292976 ], [ -64.932706301102172, -10.474037339562026 ], [ -64.932956300580273, -10.474037339562026 ], [ -64.932956300580273, -10.473787340292976 ], [ -64.932706301102172, -10.473787340292976 ] ] ] } },
{ "type": "Feature", "properties": { "DN": 1 }, "geometry": { "type": "Polygon", "coordinates": [ [ [ -64.943456278660634, -10.443037430199722 ], [ -64.943456278660634, -10.443287429468773 ], [ -64.943706278138734, -10.443287429468773 ], [ -64.943706278138734, -10.443037430199722 ], [ -64.943456278660634, -10.443037430199722 ] ] ] } },
{ "type": "Feature", "properties": { "DN": 1 }, "geometry": { "type": "Polygon", "coordinates": [ [ [ -64.929956306843025, -10.432537460899587 ], [ -64.929956306843025, -10.432787460168637 ], [ -64.929706307364924, -10.432787460168637 ], [ -64.929706307364924, -10.432537460899587 ], [ -64.928456309974408, -10.432537460899587 ], [ -64.928456309974408, -10.432420174009515 ], [ -64.927956311018193, -10.432384870053879 ], [ -64.927956311018193, -10.432537460899587 ], [ -64.927706311540092, -10.432537460899587 ], [ -64.927706311540092, -10.432787460168637 ], [ -64.927956311018193, -10.432787460168637 ], [ -64.927956311018193, -10.433287458706738 ], [ -64.927706311540092, -10.433287458706738 ], [ -64.927706311540092, -10.434537455051993 ], [ -64.927456312061992, -10.434537455051993 ], [ -64.927456312061992, -10.435537452128196 ], [ -64.927956311018193, -10.435537452128196 ], [ -64.927956311018193, -10.435787451397248 ], [ -64.929456307886824, -10.435787451397248 ], [ -64.929456307886824, -10.435537452128196 ], [ -64.930206306321125, -10.435537452128196 ], [ -64.930206306321125, -10.435037453590095 ], [ -64.93045630579924, -10.435037453590095 ], [ -64.93045630579924, -10.434287455782943 ], [ -64.930206306321125, -10.434287455782943 ], [ -64.930206306321125, -10.432543734620323 ], [ -64.930117413707677, -10.432537460899587 ], [ -64.929956306843025, -10.432537460899587 ] ], [ [ -64.929206308408709, -10.43353745797579 ], [ -64.929456307886824, -10.43353745797579 ], [ -64.929456307886824, -10.434287455782943 ], [ -64.928456309974408, -10.434287455782943 ], [ -64.928456309974408, -10.43378745724484 ], [ -64.928706309452508, -10.43378745724484 ], [ -64.928706309452508, -10.433287458706738 ], [ -64.929206308408709, -10.433287458706738 ], [ -64.929206308408709, -10.43353745797579 ] ] ] } },
{ "type": "Feature", "properties": { "DN": 1 }, "geometry": { "type": "Polygon", "coordinates": [ [ [ -64.88820639399971, -10.557037096886905 ], [ -64.88820639399971, -10.557287096155955 ], [ -64.88845639347781, -10.557287096155955 ], [ -64.88845639347781, -10.557037096886905 ], [ -64.88820639399971, -10.557037096886905 ] ] ] } },
{ "type": "Feature", "properties": { "DN": 1 }, "geometry": { "type": "Polygon", "coordinates": [ [ [ -64.908706351204216, -10.507287242345788 ], [ -64.908706351204216, -10.507787240883889 ], [ -64.908956350682317, -10.507787240883889 ], [ -64.908956350682317, -10.507287242345788 ], [ -64.908706351204216, -10.507287242345788 ] ] ] } },
{ "type": "Feature", "properties": { "DN": 1 }, "geometry": { "type": "Polygon", "coordinates": [ [ [ -64.903206362685935, -10.43378745724484 ], [ -64.903206362685935, -10.434037456513892 ], [ -64.903706361642136, -10.434037456513892 ], [ -64.903706361642136, -10.43378745724484 ], [ -64.903206362685935, -10.43378745724484 ] ] ] } },
{ "type": "Feature", "properties": { "DN": 1 }, "geometry": { "type": "Polygon", "coordinates": [ [ [ -64.891706386693158, -10.430287467478129 ], [ -64.891706386693158, -10.430161459189806 ], [ -64.889456391390226, -10.430041114910001 ], [ -64.889456391390226, -10.430287467478129 ], [ -64.888956392434011, -10.430287467478129 ], [ -64.888956392434011, -10.430537466747181 ], [ -64.88870639295591, -10.430537466747181 ], [ -64.88870639295591, -10.431037465285282 ], [ -64.888956392434011, -10.431037465285282 ], [ -64.888956392434011, -10.431287464554332 ], [ -64.889206391912126, -10.431287464554332 ], [ -64.889206391912126, -10.431537463823384 ], [ -64.890206389824542, -10.431537463823384 ], [ -64.890206389824542, -10.432037462361485 ], [ -64.889706390868326, -10.432037462361485 ], [ -64.889706390868326, -10.432287461630535 ], [ -64.889456391390226, -10.432287461630535 ], [ -64.889456391390226, -10.433037459437688 ], [ -64.889706390868326, -10.433037459437688 ], [ -64.889706390868326, -10.433287458706738 ], [ -64.889956390346427, -10.433287458706738 ], [ -64.889956390346427, -10.433037459437688 ], [ -64.890706388780742, -10.433037459437688 ], [ -64.890706388780742, -10.433287458706738 ], [ -64.890956388258843, -10.433287458706738 ], [ -64.890956388258843, -10.43378745724484 ], [ -64.891206387736943, -10.43378745724484 ], [ -64.891206387736943, -10.434287455782943 ], [ -64.892456385127474, -10.434287455782943 ], [ -64.892456385127474, -10.43378745724484 ], [ -64.892206385649359, -10.43378745724484 ], [ -64.892206385649359, -10.43353745797579 ], [ -64.891956386171259, -10.43353745797579 ], [ -64.891956386171259, -10.433287458706738 ], [ -64.891706386693158, -10.433287458706738 ], [ -64.891706386693158, -10.432787460168637 ], [ -64.891456387215058, -10.432787460168637 ], [ -64.891456387215058, -10.432287461630535 ], [ -64.891956386171259, -10.432287461630535 ], [ -64.891956386171259, -10.432037462361485 ], [ -64.892456385127474, -10.432037462361485 ], [ -64.892456385127474, -10.431537463823384 ], [ -64.893206383561775, -10.431537463823384 ], [ -64.893206383561775, -10.431787463092434 ], [ -64.893706382517991, -10.431787463092434 ], [ -64.893706382517991, -10.431287464554332 ], [ -64.893956381996091, -10.431287464554332 ], [ -64.893956381996091, -10.431537463823384 ], [ -64.894206381474191, -10.431537463823384 ], [ -64.894206381474191, -10.431787463092434 ], [ -64.894706380430407, -10.431787463092434 ], [ -64.894706380430407, -10.431537463823384 ], [ -64.896206377299023, -10.431537463823384 ], [ -64.896206377299023, -10.431787463092434 ], [ -64.897206375211439, -10.431787463092434 ], [ -64.897206375211439, -10.432037462361485 ], [ -64.89745637468954, -10.432037462361485 ], [ -64.89745637468954, -10.431787463092434 ], [ -64.899456370514372, -10.431787463092434 ], [ -64.899456370514372, -10.432037462361485 ], [ -64.900206368948687, -10.432037462361485 ], [ -64.900206368948687, -10.431787463092434 ], [ -64.900456368426788, -10.431787463092434 ], [ -64.900456368426788, -10.430787466016231 ], [ -64.900206368948687, -10.430787466016231 ], [ -64.900206368948687, -10.430615901803298 ], [ -64.898739118825858, -10.430537466747181 ], [ -64.896456376777124, -10.430537466747181 ], [ -64.896456376777124, -10.430415437791169 ], [ -64.894062492373649, -10.430287467478129 ], [ -64.891706386693158, -10.430287467478129 ] ] ] } },
{ "type": "Feature", "properties": { "DN": 1 }, "geometry": { "type": "Polygon", "coordinates": [ [ [ -64.912706342853866, -10.431537463823384 ], [ -64.912956342331967, -10.431537463823384 ], [ -64.912956342331967, -10.431325552090074 ], [ -64.912706342853866, -10.43130789258351 ], [ -64.912706342853866, -10.431537463823384 ] ] ] } },
{ "type": "Feature", "properties": { "DN": 1 }, "geometry": { "type": "Polygon", "coordinates": [ [ [ -64.913206341810081, -10.431537463823384 ], [ -64.914206339722497, -10.431537463823384 ], [ -64.914206339722497, -10.431413849622901 ], [ -64.913206341810081, -10.431343211596641 ], [ -64.913206341810081, -10.431537463823384 ] ] ] } },
{ "type": "Feature", "properties": { "DN": 1 }, "geometry": { "type": "Polygon", "coordinates": [ [ [ -64.886206398174878, -10.430037468209079 ], [ -64.886206398174878, -10.431287464554332 ], [ -64.887206396087294, -10.431287464554332 ], [ -64.887206396087294, -10.430787466016231 ], [ -64.887456395565394, -10.430787466016231 ], [ -64.887456395565394, -10.430537466747181 ], [ -64.887206396087294, -10.430537466747181 ], [ -64.887206396087294, -10.430037468209079 ], [ -64.886206398174878, -10.430037468209079 ] ] ] } },
{ "type": "Feature", "properties": { "DN": 1 }, "geometry": { "type": "Polygon", "coordinates": [ [ [ -64.780456618937009, -10.509037237229144 ], [ -64.780456618937009, -10.509287236498194 ], [ -64.78070661841511, -10.509287236498194 ], [ -64.78070661841511, -10.509037237229144 ], [ -64.780456618937009, -10.509037237229144 ] ] ] } },
{ "type": "Feature", "properties": { "DN": 1 }, "geometry": { "type": "Polygon", "coordinates": [ [ [ -64.780456618937009, -10.508787237960092 ], [ -64.78070661841511, -10.508787237960092 ], [ -64.78070661841511, -10.507037243076736 ], [ -64.780493280941982, -10.507037243076736 ], [ -64.780456618937009, -10.507717113686898 ], [ -64.780456618937009, -10.508787237960092 ] ] ] } },
{ "type": "Feature", "properties": { "DN": 1 }, "geometry": { "type": "Polygon", "coordinates": [ [ [ -64.78070661841511, -10.506537244538634 ], [ -64.78070661841511, -10.50528724819338 ], [ -64.780587650155624, -10.50528724819338 ], [ -64.780565121741205, -10.50570500693625 ], [ -64.780520243350139, -10.506537244538634 ], [ -64.78070661841511, -10.506537244538634 ] ] ] } },
{ "type": "Feature", "properties": { "DN": 1 }, "geometry": { "type": "Polygon", "coordinates": [ [ [ -64.78070661841511, -10.50478724965528 ], [ -64.78070661841511, -10.50503724892433 ], [ -64.78095661789321, -10.50503724892433 ], [ -64.78095661789321, -10.50478724965528 ], [ -64.78070661841511, -10.50478724965528 ] ] ] } },
{ "type": "Feature", "properties": { "DN": 1 }, "geometry": { "type": "Polygon", "coordinates": [ [ [ -64.781206617371311, -10.49628727450755 ], [ -64.781206617371311, -10.4960372752385 ], [ -64.781086473189291, -10.4960372752385 ], [ -64.781072991086248, -10.49628727450755 ], [ -64.781206617371311, -10.49628727450755 ] ] ] } },
{ "type": "Feature", "properties": { "DN": 1 }, "geometry": { "type": "Polygon", "coordinates": [ [ [ -64.781206617371311, -10.494787278893245 ], [ -64.781206617371311, -10.495037278162297 ], [ -64.781456616849425, -10.495037278162297 ], [ -64.781456616849425, -10.494787278893245 ], [ -64.781206617371311, -10.494787278893245 ] ] ] } },
{ "type": "Feature", "properties": { "DN": 1 }, "geometry": { "type": "Polygon", "coordinates": [ [ [ -64.781706616327526, -10.492787284740839 ], [ -64.781706616327526, -10.49303728400989 ], [ -64.781956615805626, -10.49303728400989 ], [ -64.781956615805626, -10.492787284740839 ], [ -64.781706616327526, -10.492787284740839 ] ] ] } },
{ "type": "Feature", "properties": { "DN": 1 }, "geometry": { "type": "Polygon", "coordinates": [ [ [ -64.781206617371311, -10.494037281086094 ], [ -64.781456616849425, -10.494037281086094 ], [ -64.781456616849425, -10.491537288395584 ], [ -64.781329151044034, -10.491537288395584 ], [ -64.781206617371311, -10.493809436036226 ], [ -64.781206617371311, -10.494037281086094 ] ] ] } },
{ "type": "Feature", "properties": { "DN": 1 }, "geometry": { "type": "Polygon", "coordinates": [ [ [ -64.781456616849425, -10.490787290588433 ], [ -64.781456616849425, -10.491287289126534 ], [ -64.781706616327526, -10.491287289126534 ], [ -64.781706616327526, -10.490787290588433 ], [ -64.781456616849425, -10.490787290588433 ] ] ] } },
{ "type": "Feature", "properties": { "DN": 1 }, "geometry": { "type": "Polygon", "coordinates": [ [ [ -64.781456616849425, -10.490287292050331 ], [ -64.781456616849425, -10.490537291319381 ], [ -64.781706616327526, -10.490537291319381 ], [ -64.781706616327526, -10.490287292050331 ], [ -64.781456616849425, -10.490287292050331 ] ] ] } },
{ "type": "Feature", "properties": { "DN": 1 }, "geometry": { "type": "Polygon", "coordinates": [ [ [ -64.781456616849425, -10.489287294974126 ], [ -64.781456616849425, -10.489787293512229 ], [ -64.781706616327526, -10.489787293512229 ], [ -64.781706616327526, -10.489287294974126 ], [ -64.781456616849425, -10.489287294974126 ] ] ] } },
{ "type": "Feature", "properties": { "DN": 1 }, "geometry": { "type": "Polygon", "coordinates": [ [ [ -64.781706616327526, -10.489037295705076 ], [ -64.781706616327526, -10.487787299359821 ], [ -64.781531382589662, -10.487787299359821 ], [ -64.781463972074448, -10.489037295705076 ], [ -64.781706616327526, -10.489037295705076 ] ] ] } },
{ "type": "Feature", "properties": { "DN": 1 }, "geometry": { "type": "Polygon", "coordinates": [ [ [ -64.781706616327526, -10.48703730155267 ], [ -64.781706616327526, -10.486787302283618 ], [ -64.781585312487536, -10.486787302283618 ], [ -64.781571829954345, -10.48703730155267 ], [ -64.781706616327526, -10.48703730155267 ] ] ] } },
{ "type": "Feature", "properties": { "DN": 1 }, "geometry": { "type": "Polygon", "coordinates": [ [ [ -64.781956615805626, -10.484037310324059 ], [ -64.781956615805626, -10.482287315440704 ], [ -64.781827998084907, -10.482287315440704 ], [ -64.781733620352597, -10.484037310324059 ], [ -64.781956615805626, -10.484037310324059 ] ] ] } },
{ "type": "Feature", "properties": { "DN": 1 }, "geometry": { "type": "Polygon", "coordinates": [ [ [ -64.781956615805626, -10.481787316902601 ], [ -64.781956615805626, -10.482287315440704 ], [ -64.782206615283727, -10.482287315440704 ], [ -64.782206615283727, -10.481787316902601 ], [ -64.781956615805626, -10.481787316902601 ] ] ] } },
{ "type": "Feature", "properties": { "DN": 1 }, "geometry": { "type": "Polygon", "coordinates": [ [ [ -64.781956615805626, -10.480037322019246 ], [ -64.782206615283727, -10.480037322019246 ], [ -64.782206615283727, -10.479787322750195 ], [ -64.781962823416777, -10.479787322750195 ], [ -64.781956615805626, -10.479902427102603 ], [ -64.781956615805626, -10.480037322019246 ] ] ] } },
{ "type": "Feature", "properties": { "DN": 1 }, "geometry": { "type": "Polygon", "coordinates": [ [ [ -64.782206615283727, -10.479537323481145 ], [ -64.782206615283727, -10.478787325673991 ], [ -64.782016753549527, -10.478787325673991 ], [ -64.781976305949968, -10.479537323481145 ], [ -64.782206615283727, -10.479537323481145 ] ] ] } },
{ "type": "Feature", "properties": { "DN": 1 }, "geometry": { "type": "Polygon", "coordinates": [ [ [ -64.792706593364088, -10.475787334445382 ], [ -64.792706593364088, -10.476037333714432 ], [ -64.792956592842188, -10.476037333714432 ], [ -64.792956592842188, -10.475787334445382 ], [ -64.792706593364088, -10.475787334445382 ] ] ] } },
{ "type": "Feature", "properties": { "DN": 1 }, "geometry": { "type": "Polygon", "coordinates": [ [ [ -64.78970659962684, -10.445287423621179 ], [ -64.78970659962684, -10.445537422890229 ], [ -64.790206598583055, -10.445537422890229 ], [ -64.790206598583055, -10.445287423621179 ], [ -64.78970659962684, -10.445287423621179 ] ] ] } },
{ "type": "Feature", "properties": { "DN": 1 }, "geometry": { "type": "Polygon", "coordinates": [ [ [ -64.793956590754604, -10.434037456513892 ], [ -64.793956590754604, -10.434287455782943 ], [ -64.794206590232704, -10.434287455782943 ], [ -64.794206590232704, -10.434037456513892 ], [ -64.793956590754604, -10.434037456513892 ] ] ] } },
{ "type": "Feature", "properties": { "DN": 1 }, "geometry": { "type": "Polygon", "coordinates": [ [ [ -64.807956561528414, -10.442037433123518 ], [ -64.807956561528414, -10.44228743239257 ], [ -64.808206561006514, -10.44228743239257 ], [ -64.808206561006514, -10.442037433123518 ], [ -64.807956561528414, -10.442037433123518 ] ] ] } },
{ "type": "Feature", "properties": { "DN": 1 }, "geometry": { "type": "Polygon", "coordinates": [ [ [ -64.813956549002896, -10.435537452128196 ], [ -64.813956549002896, -10.435787451397248 ], [ -64.81420654848101, -10.435787451397248 ], [ -64.81420654848101, -10.435537452128196 ], [ -64.813956549002896, -10.435537452128196 ] ] ] } },
{ "type": "Feature", "properties": { "DN": 1 }, "geometry": { "type": "Polygon", "coordinates": [ [ [ -64.819706536999291, -10.429787468940027 ], [ -64.819706536999291, -10.430287467478129 ], [ -64.820206535955492, -10.430287467478129 ], [ -64.820206535955492, -10.429787468940027 ], [ -64.819706536999291, -10.429787468940027 ] ] ] } },
{ "type": "Feature", "properties": { "DN": 1 }, "geometry": { "type": "Polygon", "coordinates": [ [ [ -64.806956563615998, -10.428537472594773 ], [ -64.806956563615998, -10.428787471863824 ], [ -64.806456564659797, -10.428787471863824 ], [ -64.806456564659797, -10.429037471132874 ], [ -64.806206565181682, -10.429037471132874 ], [ -64.806206565181682, -10.430037468209079 ], [ -64.807206563094098, -10.430037468209079 ], [ -64.807206563094098, -10.429787468940027 ], [ -64.807706562050313, -10.429787468940027 ], [ -64.807706562050313, -10.428787471863824 ], [ -64.807206563094098, -10.428787471863824 ], [ -64.807206563094098, -10.428537472594773 ], [ -64.806956563615998, -10.428537472594773 ] ] ] } },
{ "type": "Feature", "properties": { "DN": 1 }, "geometry": { "type": "Polygon", "coordinates": [ [ [ -64.811206554743762, -10.426287479173315 ], [ -64.810956555265662, -10.426287479173315 ], [ -64.810956555265662, -10.426787477711418 ], [ -64.810456556309447, -10.426787477711418 ], [ -64.810456556309447, -10.426537478442366 ], [ -64.809456558397031, -10.426537478442366 ], [ -64.809456558397031, -10.426787477711418 ], [ -64.80895655944083, -10.426787477711418 ], [ -64.80895655944083, -10.425787480635215 ], [ -64.807456562572199, -10.425787480635215 ], [ -64.807456562572199, -10.426037479904265 ], [ -64.807206563094098, -10.426037479904265 ], [ -64.807206563094098, -10.426287479173315 ], [ -64.806706564137897, -10.426287479173315 ], [ -64.806706564137897, -10.426037479904265 ], [ -64.805706566225481, -10.426037479904265 ], [ -64.805706566225481, -10.425550716917213 ], [ -64.805460366845665, -10.425537481366163 ], [ -64.805206567269266, -10.425537481366163 ], [ -64.805206567269266, -10.426037479904265 ], [ -64.804956567791166, -10.426037479904265 ], [ -64.804956567791166, -10.426787477711418 ], [ -64.805206567269266, -10.426787477711418 ], [ -64.805206567269266, -10.427037476980468 ], [ -64.805956565703582, -10.427037476980468 ], [ -64.805956565703582, -10.426787477711418 ], [ -64.806456564659797, -10.426787477711418 ], [ -64.806456564659797, -10.427037476980468 ], [ -64.806206565181682, -10.427037476980468 ], [ -64.806206565181682, -10.427787474787621 ], [ -64.806706564137897, -10.427787474787621 ], [ -64.806706564137897, -10.428037474056671 ], [ -64.808456560484615, -10.428037474056671 ], [ -64.808456560484615, -10.427787474787621 ], [ -64.80895655944083, -10.427787474787621 ], [ -64.80895655944083, -10.427537475518569 ], [ -64.809706557875145, -10.427537475518569 ], [ -64.809706557875145, -10.42728747624952 ], [ -64.810706555787547, -10.42728747624952 ], [ -64.810706555787547, -10.427537475518569 ], [ -64.811206554743762, -10.427537475518569 ], [ -64.811206554743762, -10.42728747624952 ], [ -64.811956553178078, -10.42728747624952 ], [ -64.811956553178078, -10.427037476980468 ], [ -64.812206552656178, -10.427037476980468 ], [ -64.812206552656178, -10.426537478442366 ], [ -64.812456552134279, -10.426537478442366 ], [ -64.812456552134279, -10.425913420118141 ], [ -64.811206554743762, -10.425846255162858 ], [ -64.811206554743762, -10.426287479173315 ] ], [ [ -64.808206561006514, -10.426787477711418 ], [ -64.807956561528414, -10.426787477711418 ], [ -64.807956561528414, -10.426287479173315 ], [ -64.808206561006514, -10.426287479173315 ], [ -64.808206561006514, -10.426787477711418 ] ] ] } },
{ "type": "Feature", "properties": { "DN": 1 }, "geometry": { "type": "Polygon", "coordinates": [ [ [ -64.815956544827728, -10.426287479173315 ], [ -64.816456543783943, -10.426287479173315 ], [ -64.816456543783943, -10.42612834797505 ], [ -64.815956544827728, -10.426101481992937 ], [ -64.815956544827728, -10.426287479173315 ] ] ] } },
{ "type": "Feature", "properties": { "DN": 1 }, "geometry": { "type": "Polygon", "coordinates": [ [ [ -64.815456545871527, -10.426287479173315 ], [ -64.815706545349627, -10.426287479173315 ], [ -64.815706545349627, -10.42608804900188 ], [ -64.815456545871527, -10.426074616010823 ], [ -64.815456545871527, -10.426287479173315 ] ] ] } },
{ "type": "Feature", "properties": { "DN": 1 }, "geometry": { "type": "Polygon", "coordinates": [ [ [ -64.853706466021393, -10.433287458706738 ], [ -64.853706466021393, -10.43353745797579 ], [ -64.853456466543292, -10.43353745797579 ], [ -64.853456466543292, -10.434287455782943 ], [ -64.853956465499493, -10.434287455782943 ], [ -64.853956465499493, -10.434037456513892 ], [ -64.854206464977594, -10.434037456513892 ], [ -64.854206464977594, -10.433287458706738 ], [ -64.853706466021393, -10.433287458706738 ] ] ] } },
{ "type": "Feature", "properties": { "DN": 1 }, "geometry": { "type": "Polygon", "coordinates": [ [ [ -64.855956461324325, -10.428287473325723 ], [ -64.855956461324325, -10.428537472594773 ], [ -64.855706461846225, -10.428537472594773 ], [ -64.855706461846225, -10.428787471863824 ], [ -64.855456462368124, -10.428787471863824 ], [ -64.855456462368124, -10.429287470401926 ], [ -64.85520646289001, -10.429287470401926 ], [ -64.85520646289001, -10.430037468209079 ], [ -64.854956463411909, -10.430037468209079 ], [ -64.854956463411909, -10.429787468940027 ], [ -64.854706463933809, -10.429787468940027 ], [ -64.854706463933809, -10.429537469670976 ], [ -64.854456464455708, -10.429537469670976 ], [ -64.854456464455708, -10.429287470401926 ], [ -64.854206464977594, -10.429287470401926 ], [ -64.854206464977594, -10.429037471132874 ], [ -64.853956465499493, -10.429037471132874 ], [ -64.853956465499493, -10.428787471863824 ], [ -64.853706466021393, -10.428787471863824 ], [ -64.853706466021393, -10.428537472594773 ], [ -64.853456466543292, -10.428537472594773 ], [ -64.853456466543292, -10.428287473325723 ], [ -64.853706466021393, -10.428287473325723 ], [ -64.853706466021393, -10.428127043283675 ], [ -64.852206469152776, -10.428046636249393 ], [ -64.852206469152776, -10.428287473325723 ], [ -64.851956469674661, -10.428287473325723 ], [ -64.851956469674661, -10.428037474056671 ], [ -64.850456472806044, -10.428037474056671 ], [ -64.850456472806044, -10.428287473325723 ], [ -64.850956471762245, -10.428287473325723 ], [ -64.850956471762245, -10.428537472594773 ], [ -64.850706472284145, -10.428537472594773 ], [ -64.850706472284145, -10.429537469670976 ], [ -64.850956471762245, -10.429537469670976 ], [ -64.850956471762245, -10.429287470401926 ], [ -64.85120647124036, -10.429287470401926 ], [ -64.85120647124036, -10.429787468940027 ], [ -64.850956471762245, -10.429787468940027 ], [ -64.850956471762245, -10.430287467478129 ], [ -64.850706472284145, -10.430287467478129 ], [ -64.850706472284145, -10.430537466747181 ], [ -64.850456472806044, -10.430537466747181 ], [ -64.850456472806044, -10.430787466016231 ], [ -64.850206473327944, -10.430787466016231 ], [ -64.850206473327944, -10.430537466747181 ], [ -64.849956473849844, -10.430537466747181 ], [ -64.849956473849844, -10.430287467478129 ], [ -64.849456474893628, -10.430287467478129 ], [ -64.849456474893628, -10.430037468209079 ], [ -64.848206477503112, -10.430037468209079 ], [ -64.848206477503112, -10.429787468940027 ], [ -64.847456479068796, -10.429787468940027 ], [ -64.847456479068796, -10.430037468209079 ], [ -64.846956480112596, -10.430037468209079 ], [ -64.846956480112596, -10.430287467478129 ], [ -64.846706480634495, -10.430287467478129 ], [ -64.846706480634495, -10.430787466016231 ], [ -64.84645648115638, -10.430787466016231 ], [ -64.84645648115638, -10.431037465285282 ], [ -64.84620648167828, -10.431037465285282 ], [ -64.84620648167828, -10.431787463092434 ], [ -64.84645648115638, -10.431787463092434 ], [ -64.84645648115638, -10.432537460899587 ], [ -64.846956480112596, -10.432537460899587 ], [ -64.846956480112596, -10.432787460168637 ], [ -64.847706478546897, -10.432787460168637 ], [ -64.847706478546897, -10.433037459437688 ], [ -64.847956478025012, -10.433037459437688 ], [ -64.847956478025012, -10.43378745724484 ], [ -64.848206477503112, -10.43378745724484 ], [ -64.848206477503112, -10.434037456513892 ], [ -64.848706476459313, -10.434037456513892 ], [ -64.848706476459313, -10.43378745724484 ], [ -64.848956475937428, -10.43378745724484 ], [ -64.848956475937428, -10.43353745797579 ], [ -64.849206475415528, -10.43353745797579 ], [ -64.849206475415528, -10.433037459437688 ], [ -64.849456474893628, -10.433037459437688 ], [ -64.849456474893628, -10.432537460899587 ], [ -64.849706474371729, -10.432537460899587 ], [ -64.849706474371729, -10.432037462361485 ], [ -64.849956473849844, -10.432037462361485 ], [ -64.849956473849844, -10.432287461630535 ], [ -64.850206473327944, -10.432287461630535 ], [ -64.850206473327944, -10.432537460899587 ], [ -64.850456472806044, -10.432537460899587 ], [ -64.850456472806044, -10.432787460168637 ], [ -64.850206473327944, -10.432787460168637 ], [ -64.850206473327944, -10.433037459437688 ], [ -64.849956473849844, -10.433037459437688 ], [ -64.849956473849844, -10.433287458706738 ], [ -64.849706474371729, -10.433287458706738 ], [ -64.849706474371729, -10.43378745724484 ], [ -64.849956473849844, -10.43378745724484 ], [ -64.849956473849844, -10.434037456513892 ], [ -64.850706472284145, -10.434037456513892 ], [ -64.850706472284145, -10.43378745724484 ], [ -64.85120647124036, -10.43378745724484 ], [ -64.85120647124036, -10.43353745797579 ], [ -64.85145647071846, -10.43353745797579 ], [ -64.85145647071846, -10.432787460168637 ], [ -64.85120647124036, -10.432787460168637 ], [ -64.85120647124036, -10.432537460899587 ], [ -64.85145647071846, -10.432537460899587 ], [ -64.85145647071846, -10.432037462361485 ], [ -64.851706470196561, -10.432037462361485 ], [ -64.851706470196561, -10.432287461630535 ], [ -64.851956469674661, -10.432287461630535 ], [ -64.851956469674661, -10.432537460899587 ], [ -64.852456468630876, -10.432537460899587 ], [ -64.852456468630876, -10.432287461630535 ], [ -64.852706468108977, -10.432287461630535 ], [ -64.852706468108977, -10.432037462361485 ], [ -64.852956467587077, -10.432037462361485 ], [ -64.852956467587077, -10.431787463092434 ], [ -64.852706468108977, -10.431787463092434 ], [ -64.852706468108977, -10.431537463823384 ], [ -64.852206469152776, -10.431537463823384 ], [ -64.852206469152776, -10.430787466016231 ], [ -64.852706468108977, -10.430787466016231 ], [ -64.852706468108977, -10.430537466747181 ], [ -64.852956467587077, -10.430537466747181 ], [ -64.852956467587077, -10.431037465285282 ], [ -64.853206467065192, -10.431037465285282 ], [ -64.853206467065192, -10.431287464554332 ], [ -64.852956467587077, -10.431287464554332 ], [ -64.852956467587077, -10.431537463823384 ], [ -64.853706466021393, -10.431537463823384 ], [ -64.853706466021393, -10.431287464554332 ], [ -64.853956465499493, -10.431287464554332 ], [ -64.853956465499493, -10.430287467478129 ], [ -64.854206464977594, -10.430287467478129 ], [ -64.854206464977594, -10.430537466747181 ], [ -64.854456464455708, -10.430537466747181 ], [ -64.854456464455708, -10.431037465285282 ], [ -64.854706463933809, -10.431037465285282 ], [ -64.854706463933809, -10.431287464554332 ], [ -64.854956463411909, -10.431287464554332 ], [ -64.854956463411909, -10.431537463823384 ], [ -64.855456462368124, -10.431537463823384 ], [ -64.855456462368124, -10.431287464554332 ], [ -64.855706461846225, -10.431287464554332 ], [ -64.855706461846225, -10.431037465285282 ], [ -64.855456462368124, -10.431037465285282 ], [ -64.855456462368124, -10.430787466016231 ], [ -64.855706461846225, -10.430787466016231 ], [ -64.855706461846225, -10.430537466747181 ], [ -64.85645646028054, -10.430537466747181 ], [ -64.85645646028054, -10.429787468940027 ], [ -64.856206460802426, -10.429787468940027 ], [ -64.856206460802426, -10.429287470401926 ], [ -64.857206458714842, -10.429287470401926 ], [ -64.857206458714842, -10.429037471132874 ], [ -64.857706457671057, -10.429037471132874 ], [ -64.857706457671057, -10.428537472594773 ], [ -64.857956457149157, -10.428537472594773 ], [ -64.857956457149157, -10.42835480870135 ], [ -64.856699631696372, -10.428287473325723 ], [ -64.855956461324325, -10.428287473325723 ] ], [ [ -64.853456466543292, -10.429787468940027 ], [ -64.852706468108977, -10.429787468940027 ], [ -64.852706468108977, -10.429537469670976 ], [ -64.853456466543292, -10.429537469670976 ], [ -64.853456466543292, -10.429787468940027 ] ], [ [ -64.848206477503112, -10.431037465285282 ], [ -64.849456474893628, -10.431037465285282 ], [ -64.849456474893628, -10.431287464554332 ], [ -64.849206475415528, -10.431287464554332 ], [ -64.849206475415528, -10.431537463823384 ], [ -64.848956475937428, -10.431537463823384 ], [ -64.848956475937428, -10.432037462361485 ], [ -64.848706476459313, -10.432037462361485 ], [ -64.848706476459313, -10.432537460899587 ], [ -64.848456476981212, -10.432537460899587 ], [ -64.848456476981212, -10.432287461630535 ], [ -64.848206477503112, -10.432287461630535 ], [ -64.848206477503112, -10.432037462361485 ], [ -64.847706478546897, -10.432037462361485 ], [ -64.847706478546897, -10.431787463092434 ], [ -64.847456479068796, -10.431787463092434 ], [ -64.847456479068796, -10.431537463823384 ], [ -64.847706478546897, -10.431537463823384 ], [ -64.847706478546897, -10.431287464554332 ], [ -64.847456479068796, -10.431287464554332 ], [ -64.847456479068796, -10.430787466016231 ], [ -64.848206477503112, -10.430787466016231 ], [ -64.848206477503112, -10.431037465285282 ] ], [ [ -64.846706480634495, -10.431537463823384 ], [ -64.84645648115638, -10.431537463823384 ], [ -64.84645648115638, -10.431287464554332 ], [ -64.846706480634495, -10.431287464554332 ], [ -64.846706480634495, -10.431537463823384 ] ] ] } },
{ "type": "Feature", "properties": { "DN": 1 }, "geometry": { "type": "Polygon", "coordinates": [ [ [ -64.863456445667438, -10.428787471863824 ], [ -64.863706445145539, -10.428787471863824 ], [ -64.863706445145539, -10.428662868663643 ], [ -64.863456445667438, -10.428649474752239 ], [ -64.863456445667438, -10.428787471863824 ] ] ] } },
{ "type": "Feature", "properties": { "DN": 1 }, "geometry": { "type": "Polygon", "coordinates": [ [ [ -64.862956446711237, -10.428787471863824 ], [ -64.863206446189338, -10.428787471863824 ], [ -64.863206446189338, -10.428636080840835 ], [ -64.862956446711237, -10.428622686929431 ], [ -64.862956446711237, -10.428787471863824 ] ] ] } },
{ "type": "Feature", "properties": { "DN": 1 }, "geometry": { "type": "Polygon", "coordinates": [ [ [ -64.858706455583473, -10.428537472594773 ], [ -64.858956455061573, -10.428537472594773 ], [ -64.858956455061573, -10.428408384346966 ], [ -64.858706455583473, -10.428394990435562 ], [ -64.858706455583473, -10.428537472594773 ] ] ] } },
{ "type": "Feature", "properties": { "DN": 1 }, "geometry": { "type": "Polygon", "coordinates": [ [ [ -64.848956475937428, -10.428037474056671 ], [ -64.849456474893628, -10.428037474056671 ], [ -64.849456474893628, -10.428287473325723 ], [ -64.849706474371729, -10.428287473325723 ], [ -64.849706474371729, -10.427912624525588 ], [ -64.848956475937428, -10.427872421008447 ], [ -64.848956475937428, -10.428037474056671 ] ] ] } },
{ "type": "Feature", "properties": { "DN": 1 }, "geometry": { "type": "Polygon", "coordinates": [ [ [ -64.84645648115638, -10.427787474787621 ], [ -64.84645648115638, -10.428037474056671 ], [ -64.848706476459313, -10.428037474056671 ], [ -64.848706476459313, -10.427859019836065 ], [ -64.847371800338124, -10.427787474787621 ], [ -64.84645648115638, -10.427787474787621 ] ] ] } },
{ "type": "Feature", "properties": { "DN": 1 }, "geometry": { "type": "Polygon", "coordinates": [ [ [ -64.785706607977176, -10.430787466016231 ], [ -64.785706607977176, -10.431287464554332 ], [ -64.78595660745529, -10.431287464554332 ], [ -64.78595660745529, -10.431537463823384 ], [ -64.786456606411491, -10.431537463823384 ], [ -64.786456606411491, -10.431037465285282 ], [ -64.78595660745529, -10.431037465285282 ], [ -64.78595660745529, -10.430787466016231 ], [ -64.785706607977176, -10.430787466016231 ] ] ] } },
{ "type": "Feature", "properties": { "DN": 1 }, "geometry": { "type": "Polygon", "coordinates": [ [ [ -64.785206609020975, -10.429787468940027 ], [ -64.785206609020975, -10.430787466016231 ], [ -64.785706607977176, -10.430787466016231 ], [ -64.785706607977176, -10.430537466747181 ], [ -64.785456608499075, -10.430537466747181 ], [ -64.785456608499075, -10.429787468940027 ], [ -64.785206609020975, -10.429787468940027 ] ] ] } },
{ "type": "Feature", "properties": { "DN": 1 }, "geometry": { "type": "Polygon", "coordinates": [ [ [ -64.799206579794784, -10.425287482097112 ], [ -64.799206579794784, -10.425537481366163 ], [ -64.800456577185301, -10.425537481366163 ], [ -64.800456577185301, -10.425287482097112 ], [ -64.799206579794784, -10.425287482097112 ] ] ] } },
{ "type": "Feature", "properties": { "DN": 1 }, "geometry": { "type": "Polygon", "coordinates": [ [ [ -64.797706582926168, -10.425287482097112 ], [ -64.798456581360469, -10.425287482097112 ], [ -64.798456581360469, -10.425160937227236 ], [ -64.797706582926168, -10.425120599545661 ], [ -64.797706582926168, -10.425287482097112 ] ] ] } },
{ "type": "Feature", "properties": { "DN": 1 }, "geometry": { "type": "Polygon", "coordinates": [ [ [ -64.795956586579436, -10.425037482828062 ], [ -64.795956586579436, -10.425287482097112 ], [ -64.797206583969952, -10.425287482097112 ], [ -64.797206583969952, -10.425093707757942 ], [ -64.796161193959136, -10.425037482828062 ], [ -64.795956586579436, -10.425037482828062 ] ] ] } },
{ "type": "Feature", "properties": { "DN": 1 }, "geometry": { "type": "Polygon", "coordinates": [ [ [ -64.793206592320288, -10.425287482097112 ], [ -64.793456591798403, -10.425287482097112 ], [ -64.793456591798403, -10.424892019350061 ], [ -64.793206592320288, -10.424878573456201 ], [ -64.793206592320288, -10.425287482097112 ] ] ] } },
{ "type": "Feature", "properties": { "DN": 1 }, "geometry": { "type": "Polygon", "coordinates": [ [ [ -64.784956609542874, -10.42453748428996 ], [ -64.784956609542874, -10.42478748355901 ], [ -64.785206609020975, -10.42478748355901 ], [ -64.785206609020975, -10.42453748428996 ], [ -64.784956609542874, -10.42453748428996 ] ] ] } },
{ "type": "Feature", "properties": { "DN": 1 }, "geometry": { "type": "Polygon", "coordinates": [ [ [ -64.990706180022229, -10.586787009903954 ], [ -64.990706180022229, -10.587287008442056 ], [ -64.99120617897843, -10.587287008442056 ], [ -64.99120617897843, -10.587037009173004 ], [ -64.99095617950033, -10.587037009173004 ], [ -64.99095617950033, -10.586787009903954 ], [ -64.990706180022229, -10.586787009903954 ] ] ] } },
{ "type": "Feature", "properties": { "DN": 1 }, "geometry": { "type": "Polygon", "coordinates": [ [ [ -64.993956173237578, -10.586287011365853 ], [ -64.993956173237578, -10.586537010634903 ], [ -64.994206172715678, -10.586537010634903 ], [ -64.994206172715678, -10.587287008442056 ], [ -64.994456172193779, -10.587287008442056 ], [ -64.994456172193779, -10.586287011365853 ], [ -64.993956173237578, -10.586287011365853 ] ] ] } },
{ "type": "Feature", "properties": { "DN": 1 }, "geometry": { "type": "Polygon", "coordinates": [ [ [ -64.991456178456545, -10.586037012096801 ], [ -64.991456178456545, -10.586537010634903 ], [ -64.991956177412746, -10.586537010634903 ], [ -64.991956177412746, -10.586287011365853 ], [ -64.991706177934645, -10.586287011365853 ], [ -64.991706177934645, -10.586037012096801 ], [ -64.991456178456545, -10.586037012096801 ] ] ] } },
{ "type": "Feature", "properties": { "DN": 1 }, "geometry": { "type": "Polygon", "coordinates": [ [ [ -64.987706186284981, -10.585787012827751 ], [ -64.987706186284981, -10.586037012096801 ], [ -64.987956185763082, -10.586037012096801 ], [ -64.987956185763082, -10.585787012827751 ], [ -64.987706186284981, -10.585787012827751 ] ] ] } },
{ "type": "Feature", "properties": { "DN": 1 }, "geometry": { "type": "Polygon", "coordinates": [ [ [ -64.994456172193779, -10.585787012827751 ], [ -64.994456172193779, -10.586037012096801 ], [ -64.994706171671893, -10.586037012096801 ], [ -64.994706171671893, -10.585787012827751 ], [ -64.994456172193779, -10.585787012827751 ] ] ] } },
{ "type": "Feature", "properties": { "DN": 1 }, "geometry": { "type": "Polygon", "coordinates": [ [ [ -64.988206185241197, -10.585537013558699 ], [ -64.988206185241197, -10.585787012827751 ], [ -64.988456184719297, -10.585787012827751 ], [ -64.988456184719297, -10.585537013558699 ], [ -64.988206185241197, -10.585537013558699 ] ] ] } },
{ "type": "Feature", "properties": { "DN": 1 }, "geometry": { "type": "Polygon", "coordinates": [ [ [ -64.988706184197397, -10.585537013558699 ], [ -64.988706184197397, -10.585787012827751 ], [ -64.988956183675498, -10.585787012827751 ], [ -64.988956183675498, -10.585537013558699 ], [ -64.988706184197397, -10.585537013558699 ] ] ] } },
{ "type": "Feature", "properties": { "DN": 1 }, "geometry": { "type": "Polygon", "coordinates": [ [ [ -64.991456178456545, -10.584787015751548 ], [ -64.991456178456545, -10.585787012827751 ], [ -64.991706177934645, -10.585787012827751 ], [ -64.991706177934645, -10.586037012096801 ], [ -64.991956177412746, -10.586037012096801 ], [ -64.991956177412746, -10.585537013558699 ], [ -64.991706177934645, -10.585537013558699 ], [ -64.991706177934645, -10.584787015751548 ], [ -64.991456178456545, -10.584787015751548 ] ] ] } },
{ "type": "Feature", "properties": { "DN": 1 }, "geometry": { "type": "Polygon", "coordinates": [ [ [ -64.982706196722916, -10.58528701428965 ], [ -64.982706196722916, -10.585537013558699 ], [ -64.982956196201016, -10.585537013558699 ], [ -64.982956196201016, -10.58528701428965 ], [ -64.982706196722916, -10.58528701428965 ] ] ] } },
{ "type": "Feature", "properties": { "DN": 1 }, "geometry": { "type": "Polygon", "coordinates": [ [ [ -64.994706171671893, -10.58528701428965 ], [ -64.994706171671893, -10.585537013558699 ], [ -64.995206170628094, -10.585537013558699 ], [ -64.995206170628094, -10.58528701428965 ], [ -64.994706171671893, -10.58528701428965 ] ] ] } },
{ "type": "Feature", "properties": { "DN": 1 }, "geometry": { "type": "Polygon", "coordinates": [ [ [ -64.995206170628094, -10.585787012827751 ], [ -64.995206170628094, -10.586037012096801 ], [ -64.995456170106195, -10.586037012096801 ], [ -64.995456170106195, -10.585787012827751 ], [ -64.995206170628094, -10.585787012827751 ] ] ] } },
{ "type": "Feature", "properties": { "DN": 1 }, "geometry": { "type": "Polygon", "coordinates": [ [ [ -65.000706159146375, -10.585537013558699 ], [ -65.000706159146375, -10.585787012827751 ], [ -65.00120615810259, -10.585787012827751 ], [ -65.00120615810259, -10.585537013558699 ], [ -65.000706159146375, -10.585537013558699 ] ] ] } },
{ "type": "Feature", "properties": { "DN": 1 }, "geometry": { "type": "Polygon", "coordinates": [ [ [ -65.007206145577072, -10.58528701428965 ], [ -65.007206145577072, -10.585537013558699 ], [ -65.007706144533287, -10.585537013558699 ], [ -65.007706144533287, -10.58528701428965 ], [ -65.007206145577072, -10.58528701428965 ] ] ] } },
{ "type": "Feature", "properties": { "DN": 1 }, "geometry": { "type": "Polygon", "coordinates": [ [ [ -65.009456140880005, -10.584287017213445 ], [ -65.009456140880005, -10.584787015751548 ], [ -65.009206141401904, -10.584787015751548 ], [ -65.009206141401904, -10.585537013558699 ], [ -65.008956141923804, -10.585537013558699 ], [ -65.008956141923804, -10.585787012827751 ], [ -65.008706142445703, -10.585787012827751 ], [ -65.008706142445703, -10.586287011365853 ], [ -65.009456140880005, -10.586287011365853 ], [ -65.009456140880005, -10.585787012827751 ], [ -65.01020613931432, -10.585787012827751 ], [ -65.01020613931432, -10.585537013558699 ], [ -65.010456138792421, -10.585537013558699 ], [ -65.010456138792421, -10.585037015020598 ], [ -65.01020613931432, -10.585037015020598 ], [ -65.01020613931432, -10.584787015751548 ], [ -65.00995613983622, -10.584787015751548 ], [ -65.00995613983622, -10.584537016482496 ], [ -65.009706140358105, -10.584537016482496 ], [ -65.009706140358105, -10.584287017213445 ], [ -65.009456140880005, -10.584287017213445 ] ] ] } },
{ "type": "Feature", "properties": { "DN": 1 }, "geometry": { "type": "Polygon", "coordinates": [ [ [ -65.002206156015006, -10.584037017944395 ], [ -65.002206156015006, -10.584287017213445 ], [ -65.001956156536892, -10.584287017213445 ], [ -65.001956156536892, -10.584037017944395 ], [ -65.001706157058791, -10.584037017944395 ], [ -65.001706157058791, -10.584287017213445 ], [ -65.00120615810259, -10.584287017213445 ], [ -65.00120615810259, -10.585037015020598 ], [ -65.001456157580691, -10.585037015020598 ], [ -65.001456157580691, -10.585537013558699 ], [ -65.001706157058791, -10.585537013558699 ], [ -65.001706157058791, -10.585787012827751 ], [ -65.001956156536892, -10.585787012827751 ], [ -65.001956156536892, -10.585537013558699 ], [ -65.002206156015006, -10.585537013558699 ], [ -65.002206156015006, -10.58528701428965 ], [ -65.002456155493107, -10.58528701428965 ], [ -65.002456155493107, -10.585537013558699 ], [ -65.002706154971207, -10.585537013558699 ], [ -65.002706154971207, -10.585787012827751 ], [ -65.003206153927408, -10.585787012827751 ], [ -65.003206153927408, -10.586037012096801 ], [ -65.003706152883623, -10.586037012096801 ], [ -65.003706152883623, -10.586537010634903 ], [ -65.003956152361724, -10.586537010634903 ], [ -65.003956152361724, -10.585787012827751 ], [ -65.003706152883623, -10.585787012827751 ], [ -65.003706152883623, -10.585537013558699 ], [ -65.002956154449308, -10.585537013558699 ], [ -65.002956154449308, -10.58528701428965 ], [ -65.002706154971207, -10.58528701428965 ], [ -65.002706154971207, -10.585037015020598 ], [ -65.002956154449308, -10.585037015020598 ], [ -65.002956154449308, -10.584787015751548 ], [ -65.002706154971207, -10.584787015751548 ], [ -65.002706154971207, -10.584537016482496 ], [ -65.002456155493107, -10.584537016482496 ], [ -65.002456155493107, -10.584037017944395 ], [ -65.002206156015006, -10.584037017944395 ] ] ] } },
{ "type": "Feature", "properties": { "DN": 1 }, "geometry": { "type": "Polygon", "coordinates": [ [ [ -65.005456149230355, -10.584787015751548 ], [ -65.005456149230355, -10.58528701428965 ], [ -65.005706148708455, -10.58528701428965 ], [ -65.005706148708455, -10.584787015751548 ], [ -65.005456149230355, -10.584787015751548 ] ] ] } },
{ "type": "Feature", "properties": { "DN": 1 }, "geometry": { "type": "Polygon", "coordinates": [ [ [ -65.008456142967589, -10.584537016482496 ], [ -65.008456142967589, -10.584787015751548 ], [ -65.008706142445703, -10.584787015751548 ], [ -65.008706142445703, -10.584537016482496 ], [ -65.008456142967589, -10.584537016482496 ] ] ] } },
{ "type": "Feature", "properties": { "DN": 1 }, "geometry": { "type": "Polygon", "coordinates": [ [ [ -65.007206145577072, -10.583037020868192 ], [ -65.007206145577072, -10.583287020137242 ], [ -65.006456147142757, -10.583287020137242 ], [ -65.006456147142757, -10.583537019406293 ], [ -65.006706146620871, -10.583537019406293 ], [ -65.006706146620871, -10.583787018675345 ], [ -65.006456147142757, -10.583787018675345 ], [ -65.006456147142757, -10.584037017944395 ], [ -65.006206147664656, -10.584037017944395 ], [ -65.006206147664656, -10.584287017213445 ], [ -65.006706146620871, -10.584287017213445 ], [ -65.006706146620871, -10.584537016482496 ], [ -65.006456147142757, -10.584537016482496 ], [ -65.006456147142757, -10.58528701428965 ], [ -65.006706146620871, -10.58528701428965 ], [ -65.006706146620871, -10.585787012827751 ], [ -65.006206147664656, -10.585787012827751 ], [ -65.006206147664656, -10.585537013558699 ], [ -65.005956148186556, -10.585537013558699 ], [ -65.005956148186556, -10.58528701428965 ], [ -65.005706148708455, -10.58528701428965 ], [ -65.005706148708455, -10.585787012827751 ], [ -65.005456149230355, -10.585787012827751 ], [ -65.005456149230355, -10.586037012096801 ], [ -65.00520614975224, -10.586037012096801 ], [ -65.00520614975224, -10.586537010634903 ], [ -65.005456149230355, -10.586537010634903 ], [ -65.005456149230355, -10.587037009173004 ], [ -65.006206147664656, -10.587037009173004 ], [ -65.006206147664656, -10.586537010634903 ], [ -65.006456147142757, -10.586537010634903 ], [ -65.006456147142757, -10.586287011365853 ], [ -65.006206147664656, -10.586287011365853 ], [ -65.006206147664656, -10.586037012096801 ], [ -65.006706146620871, -10.586037012096801 ], [ -65.006706146620871, -10.586287011365853 ], [ -65.007206145577072, -10.586287011365853 ], [ -65.007206145577072, -10.585787012827751 ], [ -65.006956146098972, -10.585787012827751 ], [ -65.006956146098972, -10.584787015751548 ], [ -65.007956144011388, -10.584787015751548 ], [ -65.007956144011388, -10.584537016482496 ], [ -65.007706144533287, -10.584537016482496 ], [ -65.007706144533287, -10.584287017213445 ], [ -65.007956144011388, -10.584287017213445 ], [ -65.007956144011388, -10.584037017944395 ], [ -65.008206143489488, -10.584037017944395 ], [ -65.008206143489488, -10.584537016482496 ], [ -65.008456142967589, -10.584537016482496 ], [ -65.008456142967589, -10.584287017213445 ], [ -65.008706142445703, -10.584287017213445 ], [ -65.008706142445703, -10.584037017944395 ], [ -65.008956141923804, -10.584037017944395 ], [ -65.008956141923804, -10.583537019406293 ], [ -65.008456142967589, -10.583537019406293 ], [ -65.008456142967589, -10.58278702159914 ], [ -65.008706142445703, -10.58278702159914 ], [ -65.008706142445703, -10.582287023061038 ], [ -65.008456142967589, -10.582287023061038 ], [ -65.008456142967589, -10.581787024522937 ], [ -65.008956141923804, -10.581787024522937 ], [ -65.008956141923804, -10.581537025253887 ], [ -65.008206143489488, -10.581537025253887 ], [ -65.008206143489488, -10.581287025984835 ], [ -65.007956144011388, -10.581287025984835 ], [ -65.007956144011388, -10.582037023791989 ], [ -65.007706144533287, -10.582037023791989 ], [ -65.007706144533287, -10.583037020868192 ], [ -65.007206145577072, -10.583037020868192 ] ], [ [ -65.007956144011388, -10.583037020868192 ], [ -65.007956144011388, -10.58278702159914 ], [ -65.008206143489488, -10.58278702159914 ], [ -65.008206143489488, -10.583537019406293 ], [ -65.007956144011388, -10.583537019406293 ], [ -65.007956144011388, -10.583787018675345 ], [ -65.007706144533287, -10.583787018675345 ], [ -65.007706144533287, -10.583037020868192 ], [ -65.007956144011388, -10.583037020868192 ] ] ] } },
{ "type": "Feature", "properties": { "DN": 1 }, "geometry": { "type": "Polygon", "coordinates": [ [ [ -64.998206164365342, -10.583537019406293 ], [ -64.998206164365342, -10.583787018675345 ], [ -64.998456163843443, -10.583787018675345 ], [ -64.998456163843443, -10.583537019406293 ], [ -64.998206164365342, -10.583537019406293 ] ] ] } },
{ "type": "Feature", "properties": { "DN": 1 }, "geometry": { "type": "Polygon", "coordinates": [ [ [ -65.011206137226736, -10.583537019406293 ], [ -65.011206137226736, -10.583787018675345 ], [ -65.011706136182937, -10.583787018675345 ], [ -65.011706136182937, -10.583537019406293 ], [ -65.011206137226736, -10.583537019406293 ] ] ] } },
{ "type": "Feature", "properties": { "DN": 1 }, "geometry": { "type": "Polygon", "coordinates": [ [ [ -64.982956196201016, -10.584787015751548 ], [ -64.982956196201016, -10.58528701428965 ], [ -64.983206195679116, -10.58528701428965 ], [ -64.983206195679116, -10.584787015751548 ], [ -64.982956196201016, -10.584787015751548 ] ] ] } },
{ "type": "Feature", "properties": { "DN": 1 }, "geometry": { "type": "Polygon", "coordinates": [ [ [ -64.989206183153613, -10.584287017213445 ], [ -64.989206183153613, -10.584787015751548 ], [ -64.989456182631713, -10.584787015751548 ], [ -64.989456182631713, -10.585537013558699 ], [ -64.989706182109813, -10.585537013558699 ], [ -64.989706182109813, -10.584537016482496 ], [ -64.989456182631713, -10.584537016482496 ], [ -64.989456182631713, -10.584287017213445 ], [ -64.989206183153613, -10.584287017213445 ] ] ] } },
{ "type": "Feature", "properties": { "DN": 1 }, "geometry": { "type": "Polygon", "coordinates": [ [ [ -64.988956183675498, -10.583787018675345 ], [ -64.988956183675498, -10.584037017944395 ], [ -64.988706184197397, -10.584037017944395 ], [ -64.988706184197397, -10.584287017213445 ], [ -64.989206183153613, -10.584287017213445 ], [ -64.989206183153613, -10.583787018675345 ], [ -64.988956183675498, -10.583787018675345 ] ] ] } },
{ "type": "Feature", "properties": { "DN": 1 }, "geometry": { "type": "Polygon", "coordinates": [ [ [ -64.991956177412746, -10.583037020868192 ], [ -64.991956177412746, -10.583287020137242 ], [ -64.991706177934645, -10.583287020137242 ], [ -64.991706177934645, -10.583537019406293 ], [ -64.991956177412746, -10.583537019406293 ], [ -64.991956177412746, -10.584037017944395 ], [ -64.991706177934645, -10.584037017944395 ], [ -64.991706177934645, -10.584287017213445 ], [ -64.991456178456545, -10.584287017213445 ], [ -64.991456178456545, -10.584037017944395 ], [ -64.99120617897843, -10.584037017944395 ], [ -64.99120617897843, -10.584287017213445 ], [ -64.99095617950033, -10.584287017213445 ], [ -64.99095617950033, -10.584037017944395 ], [ -64.990706180022229, -10.584037017944395 ], [ -64.990706180022229, -10.584537016482496 ], [ -64.991706177934645, -10.584537016482496 ], [ -64.991706177934645, -10.584787015751548 ], [ -64.992206176890846, -10.584787015751548 ], [ -64.992206176890846, -10.584537016482496 ], [ -64.992706175847061, -10.584537016482496 ], [ -64.992706175847061, -10.584287017213445 ], [ -64.992456176368961, -10.584287017213445 ], [ -64.992456176368961, -10.584037017944395 ], [ -64.992706175847061, -10.584037017944395 ], [ -64.992706175847061, -10.583287020137242 ], [ -64.992206176890846, -10.583287020137242 ], [ -64.992206176890846, -10.583037020868192 ], [ -64.991956177412746, -10.583037020868192 ] ] ] } },
{ "type": "Feature", "properties": { "DN": 1 }, "geometry": { "type": "Polygon", "coordinates": [ [ [ -64.988706184197397, -10.583537019406293 ], [ -64.988706184197397, -10.583787018675345 ], [ -64.988956183675498, -10.583787018675345 ], [ -64.988956183675498, -10.583537019406293 ], [ -64.988706184197397, -10.583537019406293 ] ] ] } },
{ "type": "Feature", "properties": { "DN": 1 }, "geometry": { "type": "Polygon", "coordinates": [ [ [ -64.993956173237578, -10.581537025253887 ], [ -64.993956173237578, -10.582037023791989 ], [ -64.993456174281377, -10.582037023791989 ], [ -64.993456174281377, -10.581537025253887 ], [ -64.993206174803262, -10.581537025253887 ], [ -64.993206174803262, -10.581287025984835 ], [ -64.992956175325162, -10.581287025984835 ], [ -64.992956175325162, -10.581537025253887 ], [ -64.992206176890846, -10.581537025253887 ], [ -64.992206176890846, -10.582287023061038 ], [ -64.993206174803262, -10.582287023061038 ], [ -64.993206174803262, -10.583037020868192 ], [ -64.992956175325162, -10.583037020868192 ], [ -64.992956175325162, -10.58278702159914 ], [ -64.992706175847061, -10.58278702159914 ], [ -64.992706175847061, -10.583287020137242 ], [ -64.993206174803262, -10.583287020137242 ], [ -64.993206174803262, -10.583537019406293 ], [ -64.993456174281377, -10.583537019406293 ], [ -64.993456174281377, -10.583787018675345 ], [ -64.993706173759477, -10.583787018675345 ], [ -64.993706173759477, -10.583537019406293 ], [ -64.993956173237578, -10.583537019406293 ], [ -64.993956173237578, -10.583287020137242 ], [ -64.994206172715678, -10.583287020137242 ], [ -64.994206172715678, -10.58278702159914 ], [ -64.994456172193779, -10.58278702159914 ], [ -64.994456172193779, -10.583287020137242 ], [ -64.994706171671893, -10.583287020137242 ], [ -64.994706171671893, -10.583537019406293 ], [ -64.994456172193779, -10.583537019406293 ], [ -64.994456172193779, -10.583787018675345 ], [ -64.994206172715678, -10.583787018675345 ], [ -64.994206172715678, -10.584037017944395 ], [ -64.994456172193779, -10.584037017944395 ], [ -64.994456172193779, -10.584287017213445 ], [ -64.993456174281377, -10.584287017213445 ], [ -64.993456174281377, -10.584537016482496 ], [ -64.992956175325162, -10.584537016482496 ], [ -64.992956175325162, -10.585037015020598 ], [ -64.993956173237578, -10.585037015020598 ], [ -64.993956173237578, -10.584787015751548 ], [ -64.994456172193779, -10.584787015751548 ], [ -64.994456172193779, -10.58528701428965 ], [ -64.994706171671893, -10.58528701428965 ], [ -64.994706171671893, -10.584787015751548 ], [ -64.995206170628094, -10.584787015751548 ], [ -64.995206170628094, -10.584287017213445 ], [ -64.995456170106195, -10.584287017213445 ], [ -64.995456170106195, -10.583287020137242 ], [ -64.99595616906241, -10.583287020137242 ], [ -64.99595616906241, -10.581787024522937 ], [ -64.995706169584309, -10.581787024522937 ], [ -64.995706169584309, -10.581287025984835 ], [ -64.994206172715678, -10.581287025984835 ], [ -64.994206172715678, -10.581537025253887 ], [ -64.993956173237578, -10.581537025253887 ] ], [ [ -64.994456172193779, -10.581537025253887 ], [ -64.994456172193779, -10.581787024522937 ], [ -64.994206172715678, -10.581787024522937 ], [ -64.994206172715678, -10.581537025253887 ], [ -64.994456172193779, -10.581537025253887 ] ], [ [ -64.994706171671893, -10.581787024522937 ], [ -64.994706171671893, -10.582037023791989 ], [ -64.994456172193779, -10.582037023791989 ], [ -64.994456172193779, -10.581787024522937 ], [ -64.994706171671893, -10.581787024522937 ] ], [ [ -64.995706169584309, -10.582287023061038 ], [ -64.995206170628094, -10.582287023061038 ], [ -64.995206170628094, -10.582037023791989 ], [ -64.995706169584309, -10.582037023791989 ], [ -64.995706169584309, -10.582287023061038 ] ], [ [ -64.993706173759477, -10.583287020137242 ], [ -64.993456174281377, -10.583287020137242 ], [ -64.993456174281377, -10.583037020868192 ], [ -64.993706173759477, -10.583037020868192 ], [ -64.993706173759477, -10.583287020137242 ] ] ] } },
{ "type": "Feature", "properties": { "DN": 1 }, "geometry": { "type": "Polygon", "coordinates": [ [ [ -64.988456184719297, -10.583037020868192 ], [ -64.988456184719297, -10.583287020137242 ], [ -64.988206185241197, -10.583287020137242 ], [ -64.988206185241197, -10.583537019406293 ], [ -64.988706184197397, -10.583537019406293 ], [ -64.988706184197397, -10.583287020137242 ], [ -64.988956183675498, -10.583287020137242 ], [ -64.988956183675498, -10.583037020868192 ], [ -64.988456184719297, -10.583037020868192 ] ] ] } },
{ "type": "Feature", "properties": { "DN": 1 }, "geometry": { "type": "Polygon", "coordinates": [ [ [ -64.988456184719297, -10.582287023061038 ], [ -64.988456184719297, -10.58278702159914 ], [ -64.988706184197397, -10.58278702159914 ], [ -64.988706184197397, -10.582287023061038 ], [ -64.988456184719297, -10.582287023061038 ] ] ] } },
{ "type": "Feature", "properties": { "DN": 1 }, "geometry": { "type": "Polygon", "coordinates": [ [ [ -64.987956185763082, -10.581787024522937 ], [ -64.987956185763082, -10.582287023061038 ], [ -64.988456184719297, -10.582287023061038 ], [ -64.988456184719297, -10.582037023791989 ], [ -64.988206185241197, -10.582037023791989 ], [ -64.988206185241197, -10.581787024522937 ], [ -64.987956185763082, -10.581787024522937 ] ] ] } },
{ "type": "Feature", "properties": { "DN": 1 }, "geometry": { "type": "Polygon", "coordinates": [ [ [ -64.988706184197397, -10.581787024522937 ], [ -64.988706184197397, -10.582287023061038 ], [ -64.988956183675498, -10.582287023061038 ], [ -64.988956183675498, -10.581787024522937 ], [ -64.988706184197397, -10.581787024522937 ] ] ] } },
{ "type": "Feature", "properties": { "DN": 1 }, "geometry": { "type": "Polygon", "coordinates": [ [ [ -64.997956164887242, -10.583287020137242 ], [ -64.997956164887242, -10.583537019406293 ], [ -64.998206164365342, -10.583537019406293 ], [ -64.998206164365342, -10.583287020137242 ], [ -64.997956164887242, -10.583287020137242 ] ] ] } },
{ "type": "Feature", "properties": { "DN": 1 }, "geometry": { "type": "Polygon", "coordinates": [ [ [ -64.998456163843443, -10.583037020868192 ], [ -64.998456163843443, -10.583287020137242 ], [ -64.998956162799658, -10.583287020137242 ], [ -64.998956162799658, -10.583037020868192 ], [ -64.998456163843443, -10.583037020868192 ] ] ] } },
{ "type": "Feature", "properties": { "DN": 1 }, "geometry": { "type": "Polygon", "coordinates": [ [ [ -65.000956158624476, -10.582287023061038 ], [ -65.000956158624476, -10.58253702233009 ], [ -65.000706159146375, -10.58253702233009 ], [ -65.000706159146375, -10.58278702159914 ], [ -65.000456159668275, -10.58278702159914 ], [ -65.000456159668275, -10.583037020868192 ], [ -65.000706159146375, -10.583037020868192 ], [ -65.000706159146375, -10.583287020137242 ], [ -65.000956158624476, -10.583287020137242 ], [ -65.000956158624476, -10.583037020868192 ], [ -65.001456157580691, -10.583037020868192 ], [ -65.001456157580691, -10.58278702159914 ], [ -65.001706157058791, -10.58278702159914 ], [ -65.001706157058791, -10.58253702233009 ], [ -65.001456157580691, -10.58253702233009 ], [ -65.001456157580691, -10.582287023061038 ], [ -65.000956158624476, -10.582287023061038 ] ] ] } },
{ "type": "Feature", "properties": { "DN": 1 }, "geometry": { "type": "Polygon", "coordinates": [ [ [ -65.006456147142757, -10.58253702233009 ], [ -65.006456147142757, -10.58278702159914 ], [ -65.006706146620871, -10.58278702159914 ], [ -65.006706146620871, -10.58253702233009 ], [ -65.006456147142757, -10.58253702233009 ] ] ] } },
{ "type": "Feature", "properties": { "DN": 1 }, "geometry": { "type": "Polygon", "coordinates": [ [ [ -65.006706146620871, -10.582287023061038 ], [ -65.006706146620871, -10.58253702233009 ], [ -65.006956146098972, -10.58253702233009 ], [ -65.006956146098972, -10.582287023061038 ], [ -65.006706146620871, -10.582287023061038 ] ] ] } },
{ "type": "Feature", "properties": { "DN": 1 }, "geometry": { "type": "Polygon", "coordinates": [ [ [ -65.007956144011388, -10.580537028177684 ], [ -65.007956144011388, -10.580787027446734 ], [ -65.008206143489488, -10.580787027446734 ], [ -65.008206143489488, -10.580537028177684 ], [ -65.007956144011388, -10.580537028177684 ] ] ] } },
{ "type": "Feature", "properties": { "DN": 1 }, "geometry": { "type": "Polygon", "coordinates": [ [ [ -65.011206137226736, -10.580537028177684 ], [ -65.011206137226736, -10.580787027446734 ], [ -65.011456136704837, -10.580787027446734 ], [ -65.011456136704837, -10.580537028177684 ], [ -65.011206137226736, -10.580537028177684 ] ] ] } },
{ "type": "Feature", "properties": { "DN": 1 }, "geometry": { "type": "Polygon", "coordinates": [ [ [ -65.007956144011388, -10.579787030370531 ], [ -65.007956144011388, -10.580287028908632 ], [ -65.008206143489488, -10.580287028908632 ], [ -65.008206143489488, -10.579787030370531 ], [ -65.007956144011388, -10.579787030370531 ] ] ] } },
{ "type": "Feature", "properties": { "DN": 1 }, "geometry": { "type": "Polygon", "coordinates": [ [ [ -65.008456142967589, -10.579537031101479 ], [ -65.008456142967589, -10.580287028908632 ], [ -65.008706142445703, -10.580287028908632 ], [ -65.008706142445703, -10.579537031101479 ], [ -65.008456142967589, -10.579537031101479 ] ] ] } },
{ "type": "Feature", "properties": { "DN": 1 }, "geometry": { "type": "Polygon", "coordinates": [ [ [ -65.006456147142757, -10.579037032563377 ], [ -65.006456147142757, -10.579287031832429 ], [ -65.006706146620871, -10.579287031832429 ], [ -65.006706146620871, -10.579037032563377 ], [ -65.006456147142757, -10.579037032563377 ] ] ] } },
{ "type": "Feature", "properties": { "DN": 1 }, "geometry": { "type": "Polygon", "coordinates": [ [ [ -65.012956133573454, -10.577037038410971 ], [ -65.012956133573454, -10.577287037680023 ], [ -65.013206133051568, -10.577287037680023 ], [ -65.013206133051568, -10.577037038410971 ], [ -65.013706132007769, -10.577037038410971 ], [ -65.013706132007769, -10.57653703987287 ], [ -65.01395613148587, -10.57653703987287 ], [ -65.01395613148587, -10.575787042065716 ], [ -65.013456132529669, -10.575787042065716 ], [ -65.013456132529669, -10.576037041334768 ], [ -65.012956133573454, -10.576037041334768 ], [ -65.012956133573454, -10.575537042796666 ], [ -65.012706134095353, -10.575537042796666 ], [ -65.012706134095353, -10.575287043527615 ], [ -65.012206135139152, -10.575287043527615 ], [ -65.012206135139152, -10.574787044989513 ], [ -65.012456134617253, -10.574787044989513 ], [ -65.012456134617253, -10.574037047182362 ], [ -65.012206135139152, -10.574037047182362 ], [ -65.012206135139152, -10.573287049375208 ], [ -65.011456136704837, -10.573287049375208 ], [ -65.011456136704837, -10.57353704864426 ], [ -65.011206137226736, -10.57353704864426 ], [ -65.011206137226736, -10.57378704791331 ], [ -65.010956137748636, -10.57378704791331 ], [ -65.010956137748636, -10.574037047182362 ], [ -65.010706138270521, -10.574037047182362 ], [ -65.010706138270521, -10.57378704791331 ], [ -65.010456138792421, -10.57378704791331 ], [ -65.010456138792421, -10.574037047182362 ], [ -65.01020613931432, -10.574037047182362 ], [ -65.01020613931432, -10.574287046451412 ], [ -65.00995613983622, -10.574287046451412 ], [ -65.00995613983622, -10.574787044989513 ], [ -65.01020613931432, -10.574787044989513 ], [ -65.01020613931432, -10.575287043527615 ], [ -65.010456138792421, -10.575287043527615 ], [ -65.010456138792421, -10.575537042796666 ], [ -65.010706138270521, -10.575537042796666 ], [ -65.010706138270521, -10.575787042065716 ], [ -65.011206137226736, -10.575787042065716 ], [ -65.011206137226736, -10.576037041334768 ], [ -65.011456136704837, -10.576037041334768 ], [ -65.011456136704837, -10.57628704060382 ], [ -65.011706136182937, -10.57628704060382 ], [ -65.011706136182937, -10.57653703987287 ], [ -65.011456136704837, -10.57653703987287 ], [ -65.011456136704837, -10.576787039141919 ], [ -65.010956137748636, -10.576787039141919 ], [ -65.010956137748636, -10.577037038410971 ], [ -65.010456138792421, -10.577037038410971 ], [ -65.010456138792421, -10.577287037680023 ], [ -65.00995613983622, -10.577287037680023 ], [ -65.00995613983622, -10.577787036218124 ], [ -65.01020613931432, -10.577787036218124 ], [ -65.01020613931432, -10.578037035487174 ], [ -65.00995613983622, -10.578037035487174 ], [ -65.00995613983622, -10.578287034756226 ], [ -65.01020613931432, -10.578287034756226 ], [ -65.01020613931432, -10.578537034025276 ], [ -65.010456138792421, -10.578537034025276 ], [ -65.010456138792421, -10.579037032563377 ], [ -65.01020613931432, -10.579037032563377 ], [ -65.01020613931432, -10.578787033294327 ], [ -65.009706140358105, -10.578787033294327 ], [ -65.009706140358105, -10.579037032563377 ], [ -65.009206141401904, -10.579037032563377 ], [ -65.009206141401904, -10.579287031832429 ], [ -65.008956141923804, -10.579287031832429 ], [ -65.008956141923804, -10.580787027446734 ], [ -65.009456140880005, -10.580787027446734 ], [ -65.009456140880005, -10.582287023061038 ], [ -65.009706140358105, -10.582287023061038 ], [ -65.009706140358105, -10.582037023791989 ], [ -65.01020613931432, -10.582037023791989 ], [ -65.01020613931432, -10.582287023061038 ], [ -65.010706138270521, -10.582287023061038 ], [ -65.010706138270521, -10.583037020868192 ], [ -65.010456138792421, -10.583037020868192 ], [ -65.010456138792421, -10.583537019406293 ], [ -65.011206137226736, -10.583537019406293 ], [ -65.011206137226736, -10.583287020137242 ], [ -65.011706136182937, -10.583287020137242 ], [ -65.011706136182937, -10.583037020868192 ], [ -65.011956135661052, -10.583037020868192 ], [ -65.011956135661052, -10.583537019406293 ], [ -65.012206135139152, -10.583537019406293 ], [ -65.012206135139152, -10.583037020868192 ], [ -65.013456132529669, -10.583037020868192 ], [ -65.013456132529669, -10.58278702159914 ], [ -65.014956129398286, -10.58278702159914 ], [ -65.014956129398286, -10.58253702233009 ], [ -65.0152061288764, -10.58253702233009 ], [ -65.0152061288764, -10.582037023791989 ], [ -65.014956129398286, -10.582037023791989 ], [ -65.014956129398286, -10.581787024522937 ], [ -65.01395613148587, -10.581787024522937 ], [ -65.01395613148587, -10.581537025253887 ], [ -65.013706132007769, -10.581537025253887 ], [ -65.013706132007769, -10.581787024522937 ], [ -65.012956133573454, -10.581787024522937 ], [ -65.012956133573454, -10.581537025253887 ], [ -65.012706134095353, -10.581537025253887 ], [ -65.012706134095353, -10.581287025984835 ], [ -65.012206135139152, -10.581287025984835 ], [ -65.012206135139152, -10.580787027446734 ], [ -65.011456136704837, -10.580787027446734 ], [ -65.011456136704837, -10.581537025253887 ], [ -65.011206137226736, -10.581537025253887 ], [ -65.011206137226736, -10.581787024522937 ], [ -65.010956137748636, -10.581787024522937 ], [ -65.010956137748636, -10.582037023791989 ], [ -65.010706138270521, -10.582037023791989 ], [ -65.010706138270521, -10.581787024522937 ], [ -65.01020613931432, -10.581787024522937 ], [ -65.01020613931432, -10.580787027446734 ], [ -65.00995613983622, -10.580787027446734 ], [ -65.00995613983622, -10.580537028177684 ], [ -65.010456138792421, -10.580537028177684 ], [ -65.010456138792421, -10.580287028908632 ], [ -65.010956137748636, -10.580287028908632 ], [ -65.010956137748636, -10.579787030370531 ], [ -65.011956135661052, -10.579787030370531 ], [ -65.011956135661052, -10.579537031101479 ], [ -65.012956133573454, -10.579537031101479 ], [ -65.012956133573454, -10.579287031832429 ], [ -65.013206133051568, -10.579287031832429 ], [ -65.013206133051568, -10.579537031101479 ], [ -65.013706132007769, -10.579537031101479 ], [ -65.013706132007769, -10.579037032563377 ], [ -65.013456132529669, -10.579037032563377 ], [ -65.013456132529669, -10.578787033294327 ], [ -65.012956133573454, -10.578787033294327 ], [ -65.012956133573454, -10.578537034025276 ], [ -65.012706134095353, -10.578537034025276 ], [ -65.012706134095353, -10.578287034756226 ], [ -65.012456134617253, -10.578287034756226 ], [ -65.012456134617253, -10.578037035487174 ], [ -65.012206135139152, -10.578037035487174 ], [ -65.012206135139152, -10.577787036218124 ], [ -65.012456134617253, -10.577787036218124 ], [ -65.012456134617253, -10.577037038410971 ], [ -65.012956133573454, -10.577037038410971 ] ], [ [ -65.011956135661052, -10.57653703987287 ], [ -65.011956135661052, -10.576787039141919 ], [ -65.011706136182937, -10.576787039141919 ], [ -65.011706136182937, -10.57653703987287 ], [ -65.011956135661052, -10.57653703987287 ] ], [ [ -65.012206135139152, -10.577037038410971 ], [ -65.012206135139152, -10.576787039141919 ], [ -65.012456134617253, -10.576787039141919 ], [ -65.012456134617253, -10.577037038410971 ], [ -65.012206135139152, -10.577037038410971 ] ], [ [ -65.011456136704837, -10.575037044258565 ], [ -65.011206137226736, -10.575037044258565 ], [ -65.011206137226736, -10.574787044989513 ], [ -65.011456136704837, -10.574787044989513 ], [ -65.011456136704837, -10.575037044258565 ] ], [ [ -65.011456136704837, -10.578537034025276 ], [ -65.011206137226736, -10.578537034025276 ], [ -65.011206137226736, -10.578037035487174 ], [ -65.011456136704837, -10.578037035487174 ], [ -65.011456136704837, -10.578537034025276 ] ] ] } },
{ "type": "Feature", "properties": { "DN": 1 }, "geometry": { "type": "Polygon", "coordinates": [ [ [ -65.007706144533287, -10.578287034756226 ], [ -65.007706144533287, -10.578537034025276 ], [ -65.007956144011388, -10.578537034025276 ], [ -65.007956144011388, -10.578287034756226 ], [ -65.007706144533287, -10.578287034756226 ] ] ] } },
{ "type": "Feature", "properties": { "DN": 1 }, "geometry": { "type": "Polygon", "coordinates": [ [ [ -65.009206141401904, -10.577037038410971 ], [ -65.009206141401904, -10.577287037680023 ], [ -65.008956141923804, -10.577287037680023 ], [ -65.008956141923804, -10.578287034756226 ], [ -65.008706142445703, -10.578287034756226 ], [ -65.008706142445703, -10.578787033294327 ], [ -65.008206143489488, -10.578787033294327 ], [ -65.008206143489488, -10.579037032563377 ], [ -65.007706144533287, -10.579037032563377 ], [ -65.007706144533287, -10.579287031832429 ], [ -65.007956144011388, -10.579287031832429 ], [ -65.007956144011388, -10.579537031101479 ], [ -65.008456142967589, -10.579537031101479 ], [ -65.008456142967589, -10.579037032563377 ], [ -65.009206141401904, -10.579037032563377 ], [ -65.009206141401904, -10.578787033294327 ], [ -65.009456140880005, -10.578787033294327 ], [ -65.009456140880005, -10.578287034756226 ], [ -65.009706140358105, -10.578287034756226 ], [ -65.009706140358105, -10.578037035487174 ], [ -65.009456140880005, -10.578037035487174 ], [ -65.009456140880005, -10.577037038410971 ], [ -65.009206141401904, -10.577037038410971 ] ] ] } },
{ "type": "Feature", "properties": { "DN": 1 }, "geometry": { "type": "Polygon", "coordinates": [ [ [ -65.006206147664656, -10.578037035487174 ], [ -65.006206147664656, -10.578287034756226 ], [ -65.006456147142757, -10.578287034756226 ], [ -65.006456147142757, -10.578037035487174 ], [ -65.006206147664656, -10.578037035487174 ] ] ] } },
{ "type": "Feature", "properties": { "DN": 1 }, "geometry": { "type": "Polygon", "coordinates": [ [ [ -65.006956146098972, -10.577537036949073 ], [ -65.006956146098972, -10.578037035487174 ], [ -65.007206145577072, -10.578037035487174 ], [ -65.007206145577072, -10.577537036949073 ], [ -65.006956146098972, -10.577537036949073 ] ] ] } },
{ "type": "Feature", "properties": { "DN": 1 }, "geometry": { "type": "Polygon", "coordinates": [ [ [ -65.006456147142757, -10.577037038410971 ], [ -65.006456147142757, -10.577787036218124 ], [ -65.006706146620871, -10.577787036218124 ], [ -65.006706146620871, -10.577037038410971 ], [ -65.006456147142757, -10.577037038410971 ] ] ] } },
{ "type": "Feature", "properties": { "DN": 1 }, "geometry": { "type": "Polygon", "coordinates": [ [ [ -65.007456145055173, -10.575787042065716 ], [ -65.007456145055173, -10.576037041334768 ], [ -65.007206145577072, -10.576037041334768 ], [ -65.007206145577072, -10.576787039141919 ], [ -65.007456145055173, -10.576787039141919 ], [ -65.007456145055173, -10.577787036218124 ], [ -65.007706144533287, -10.577787036218124 ], [ -65.007706144533287, -10.577537036949073 ], [ -65.008206143489488, -10.577537036949073 ], [ -65.008206143489488, -10.578037035487174 ], [ -65.008706142445703, -10.578037035487174 ], [ -65.008706142445703, -10.57628704060382 ], [ -65.008456142967589, -10.57628704060382 ], [ -65.008456142967589, -10.576037041334768 ], [ -65.007956144011388, -10.576037041334768 ], [ -65.007956144011388, -10.575787042065716 ], [ -65.007456145055173, -10.575787042065716 ] ] ] } },
{ "type": "Feature", "properties": { "DN": 1 }, "geometry": { "type": "Polygon", "coordinates": [ [ [ -65.010456138792421, -10.576037041334768 ], [ -65.010456138792421, -10.57628704060382 ], [ -65.01020613931432, -10.57628704060382 ], [ -65.01020613931432, -10.577037038410971 ], [ -65.010456138792421, -10.577037038410971 ], [ -65.010456138792421, -10.576787039141919 ], [ -65.010956137748636, -10.576787039141919 ], [ -65.010956137748636, -10.576037041334768 ], [ -65.010456138792421, -10.576037041334768 ] ] ] } },
{ "type": "Feature", "properties": { "DN": 1 }, "geometry": { "type": "Polygon", "coordinates": [ [ [ -65.009206141401904, -10.576037041334768 ], [ -65.009206141401904, -10.57628704060382 ], [ -65.008956141923804, -10.57628704060382 ], [ -65.008956141923804, -10.57653703987287 ], [ -65.009206141401904, -10.57653703987287 ], [ -65.009206141401904, -10.576787039141919 ], [ -65.009456140880005, -10.576787039141919 ], [ -65.009456140880005, -10.57653703987287 ], [ -65.009706140358105, -10.57653703987287 ], [ -65.009706140358105, -10.57628704060382 ], [ -65.009456140880005, -10.57628704060382 ], [ -65.009456140880005, -10.576037041334768 ], [ -65.009206141401904, -10.576037041334768 ] ] ] } },
{ "type": "Feature", "properties": { "DN": 1 }, "geometry": { "type": "Polygon", "coordinates": [ [ [ -65.008206143489488, -10.574287046451412 ], [ -65.008206143489488, -10.574787044989513 ], [ -65.007956144011388, -10.574787044989513 ], [ -65.007956144011388, -10.575537042796666 ], [ -65.008706142445703, -10.575537042796666 ], [ -65.008706142445703, -10.574287046451412 ], [ -65.008206143489488, -10.574287046451412 ] ] ] } },
{ "type": "Feature", "properties": { "DN": 1 }, "geometry": { "type": "Polygon", "coordinates": [ [ [ -64.987706186284981, -10.581287025984835 ], [ -64.987706186284981, -10.581787024522937 ], [ -64.987956185763082, -10.581787024522937 ], [ -64.987956185763082, -10.581287025984835 ], [ -64.987706186284981, -10.581287025984835 ] ] ] } },
{ "type": "Feature", "properties": { "DN": 1 }, "geometry": { "type": "Polygon", "coordinates": [ [ [ -64.988706184197397, -10.581287025984835 ], [ -64.988706184197397, -10.581537025253887 ], [ -64.988956183675498, -10.581537025253887 ], [ -64.988956183675498, -10.581287025984835 ], [ -64.988706184197397, -10.581287025984835 ] ] ] } },
{ "type": "Feature", "properties": { "DN": 1 }, "geometry": { "type": "Polygon", "coordinates": [ [ [ -64.983706194635332, -10.581037026715785 ], [ -64.983706194635332, -10.581287025984835 ], [ -64.984206193591532, -10.581287025984835 ], [ -64.984206193591532, -10.581037026715785 ], [ -64.983706194635332, -10.581037026715785 ] ] ] } },
{ "type": "Feature", "properties": { "DN": 1 }, "geometry": { "type": "Polygon", "coordinates": [ [ [ -64.992706175847061, -10.581037026715785 ], [ -64.993206174803262, -10.581037026715785 ], [ -64.993206174803262, -10.580537028177684 ], [ -64.993456174281377, -10.580537028177684 ], [ -64.993456174281377, -10.579537031101479 ], [ -64.992206176890846, -10.579537031101479 ], [ -64.992206176890846, -10.581037026715785 ], [ -64.992456176368961, -10.581037026715785 ], [ -64.992456176368961, -10.580787027446734 ], [ -64.992706175847061, -10.580787027446734 ], [ -64.992706175847061, -10.581037026715785 ] ], [ [ -64.992706175847061, -10.580537028177684 ], [ -64.992956175325162, -10.580537028177684 ], [ -64.992956175325162, -10.580787027446734 ], [ -64.992706175847061, -10.580787027446734 ], [ -64.992706175847061, -10.580537028177684 ] ] ] } },
{ "type": "Feature", "properties": { "DN": 1 }, "geometry": { "type": "Polygon", "coordinates": [ [ [ -64.99120617897843, -10.579287031832429 ], [ -64.99120617897843, -10.579537031101479 ], [ -64.990206181066029, -10.579537031101479 ], [ -64.990206181066029, -10.579787030370531 ], [ -64.99095617950033, -10.579787030370531 ], [ -64.99095617950033, -10.580537028177684 ], [ -64.99120617897843, -10.580537028177684 ], [ -64.99120617897843, -10.580787027446734 ], [ -64.991456178456545, -10.580787027446734 ], [ -64.991456178456545, -10.581037026715785 ], [ -64.991706177934645, -10.581037026715785 ], [ -64.991706177934645, -10.580537028177684 ], [ -64.991956177412746, -10.580537028177684 ], [ -64.991956177412746, -10.579787030370531 ], [ -64.991706177934645, -10.579787030370531 ], [ -64.991706177934645, -10.579287031832429 ], [ -64.99120617897843, -10.579287031832429 ] ] ] } },
{ "type": "Feature", "properties": { "DN": 1 }, "geometry": { "type": "Polygon", "coordinates": [ [ [ -64.988206185241197, -10.577037038410971 ], [ -64.987956185763082, -10.577037038410971 ], [ -64.987956185763082, -10.577287037680023 ], [ -64.987706186284981, -10.577287037680023 ], [ -64.987706186284981, -10.577787036218124 ], [ -64.98695618785068, -10.577787036218124 ], [ -64.98695618785068, -10.578537034025276 ], [ -64.986706188372565, -10.578537034025276 ], [ -64.986706188372565, -10.578787033294327 ], [ -64.98695618785068, -10.578787033294327 ], [ -64.98695618785068, -10.579537031101479 ], [ -64.986456188894465, -10.579537031101479 ], [ -64.986456188894465, -10.579787030370531 ], [ -64.986206189416365, -10.579787030370531 ], [ -64.986206189416365, -10.580537028177684 ], [ -64.987706186284981, -10.580537028177684 ], [ -64.987706186284981, -10.581037026715785 ], [ -64.987956185763082, -10.581037026715785 ], [ -64.987956185763082, -10.581287025984835 ], [ -64.988456184719297, -10.581287025984835 ], [ -64.988456184719297, -10.581037026715785 ], [ -64.988956183675498, -10.581037026715785 ], [ -64.988956183675498, -10.580787027446734 ], [ -64.988706184197397, -10.580787027446734 ], [ -64.988706184197397, -10.579787030370531 ], [ -64.988456184719297, -10.579787030370531 ], [ -64.988456184719297, -10.580287028908632 ], [ -64.988206185241197, -10.580287028908632 ], [ -64.988206185241197, -10.579537031101479 ], [ -64.988456184719297, -10.579537031101479 ], [ -64.988456184719297, -10.579287031832429 ], [ -64.988706184197397, -10.579287031832429 ], [ -64.988706184197397, -10.578787033294327 ], [ -64.988956183675498, -10.578787033294327 ], [ -64.988956183675498, -10.578537034025276 ], [ -64.989206183153613, -10.578537034025276 ], [ -64.989206183153613, -10.578037035487174 ], [ -64.988456184719297, -10.578037035487174 ], [ -64.988456184719297, -10.577787036218124 ], [ -64.988206185241197, -10.577787036218124 ], [ -64.988206185241197, -10.577037038410971 ] ], [ [ -64.988206185241197, -10.578037035487174 ], [ -64.987956185763082, -10.578037035487174 ], [ -64.987956185763082, -10.577787036218124 ], [ -64.988206185241197, -10.577787036218124 ], [ -64.988206185241197, -10.578037035487174 ] ] ] } },
{ "type": "Feature", "properties": { "DN": 1 }, "geometry": { "type": "Polygon", "coordinates": [ [ [ -64.989706182109813, -10.57628704060382 ], [ -64.989706182109813, -10.57653703987287 ], [ -64.990206181066029, -10.57653703987287 ], [ -64.990206181066029, -10.57628704060382 ], [ -64.989706182109813, -10.57628704060382 ] ] ] } },
{ "type": "Feature", "properties": { "DN": 1 }, "geometry": { "type": "Polygon", "coordinates": [ [ [ -64.990456180544129, -10.576037041334768 ], [ -64.99095617950033, -10.576037041334768 ], [ -64.99095617950033, -10.574287046451412 ], [ -64.989956181587914, -10.574287046451412 ], [ -64.989956181587914, -10.574537045720463 ], [ -64.989206183153613, -10.574537045720463 ], [ -64.989206183153613, -10.574787044989513 ], [ -64.988956183675498, -10.574787044989513 ], [ -64.988956183675498, -10.575537042796666 ], [ -64.990206181066029, -10.575537042796666 ], [ -64.990206181066029, -10.575787042065716 ], [ -64.990456180544129, -10.575787042065716 ], [ -64.990456180544129, -10.576037041334768 ] ], [ [ -64.990456180544129, -10.575537042796666 ], [ -64.990706180022229, -10.575537042796666 ], [ -64.990706180022229, -10.575787042065716 ], [ -64.990456180544129, -10.575787042065716 ], [ -64.990456180544129, -10.575537042796666 ] ] ] } },
{ "type": "Feature", "properties": { "DN": 1 }, "geometry": { "type": "Polygon", "coordinates": [ [ [ -64.987206187328781, -10.57353704864426 ], [ -64.987206187328781, -10.57378704791331 ], [ -64.987706186284981, -10.57378704791331 ], [ -64.987706186284981, -10.57353704864426 ], [ -64.987206187328781, -10.57353704864426 ] ] ] } },
{ "type": "Feature", "properties": { "DN": 1 }, "geometry": { "type": "Polygon", "coordinates": [ [ [ -64.99095617950033, -10.573037050106159 ], [ -64.99095617950033, -10.57353704864426 ], [ -64.991456178456545, -10.57353704864426 ], [ -64.991456178456545, -10.573037050106159 ], [ -64.99095617950033, -10.573037050106159 ] ] ] } },
{ "type": "Feature", "properties": { "DN": 1 }, "geometry": { "type": "Polygon", "coordinates": [ [ [ -65.028456101215895, -10.56453707495843 ], [ -65.028456101215895, -10.565037073496532 ], [ -65.02820610173778, -10.565037073496532 ], [ -65.02820610173778, -10.566037070572735 ], [ -65.029206099650196, -10.566037070572735 ], [ -65.029206099650196, -10.565787071303683 ], [ -65.029456099128311, -10.565787071303683 ], [ -65.029456099128311, -10.56478707422748 ], [ -65.029206099650196, -10.56478707422748 ], [ -65.029206099650196, -10.56453707495843 ], [ -65.028456101215895, -10.56453707495843 ] ], [ [ -65.028956100172095, -10.565537072034633 ], [ -65.028706100693995, -10.565537072034633 ], [ -65.028706100693995, -10.565037073496532 ], [ -65.028956100172095, -10.565037073496532 ], [ -65.028956100172095, -10.565537072034633 ] ] ] } },
{ "type": "Feature", "properties": { "DN": 1 }, "geometry": { "type": "Polygon", "coordinates": [ [ [ -65.023206112175714, -10.562287081536972 ], [ -65.023206112175714, -10.562787080075074 ], [ -65.023456111653815, -10.562787080075074 ], [ -65.023456111653815, -10.562287081536972 ], [ -65.023206112175714, -10.562287081536972 ] ] ] } },
{ "type": "Feature", "properties": { "DN": 1 }, "geometry": { "type": "Polygon", "coordinates": [ [ [ -65.045456065726938, -10.541037143667651 ], [ -65.045456065726938, -10.541537142205753 ], [ -65.045706065205053, -10.541537142205753 ], [ -65.045706065205053, -10.542037140743854 ], [ -65.045456065726938, -10.542037140743854 ], [ -65.045456065726938, -10.542537139281956 ], [ -65.045706065205053, -10.542537139281956 ], [ -65.045706065205053, -10.542787138551006 ], [ -65.046206064161254, -10.542787138551006 ], [ -65.046206064161254, -10.542537139281956 ], [ -65.046706063117455, -10.542537139281956 ], [ -65.046706063117455, -10.542037140743854 ], [ -65.046956062595569, -10.542037140743854 ], [ -65.046956062595569, -10.541537142205753 ], [ -65.046706063117455, -10.541537142205753 ], [ -65.046706063117455, -10.541287142936701 ], [ -65.046206064161254, -10.541287142936701 ], [ -65.046206064161254, -10.541037143667651 ], [ -65.045456065726938, -10.541037143667651 ] ] ] } },
{ "type": "Feature", "properties": { "DN": 1 }, "geometry": { "type": "Polygon", "coordinates": [ [ [ -65.049706056854703, -10.538787150246193 ], [ -65.049706056854703, -10.539037149515243 ], [ -65.049956056332803, -10.539037149515243 ], [ -65.049956056332803, -10.538787150246193 ], [ -65.049706056854703, -10.538787150246193 ] ] ] } },
{ "type": "Feature", "properties": { "DN": 1 }, "geometry": { "type": "Polygon", "coordinates": [ [ [ -65.049206057898502, -10.538787150246193 ], [ -65.049206057898502, -10.539037149515243 ], [ -65.049456057376602, -10.539037149515243 ], [ -65.049456057376602, -10.538787150246193 ], [ -65.049206057898502, -10.538787150246193 ] ] ] } },
{ "type": "Feature", "properties": { "DN": 1 }, "geometry": { "type": "Polygon", "coordinates": [ [ [ -65.049456057376602, -10.538537150977142 ], [ -65.049456057376602, -10.538787150246193 ], [ -65.049706056854703, -10.538787150246193 ], [ -65.049706056854703, -10.538537150977142 ], [ -65.049456057376602, -10.538537150977142 ] ] ] } },
{ "type": "Feature", "properties": { "DN": 1 }, "geometry": { "type": "Polygon", "coordinates": [ [ [ -65.021706115307097, -10.53778715316999 ], [ -65.021706115307097, -10.538287151708092 ], [ -65.022206114263298, -10.538287151708092 ], [ -65.022206114263298, -10.53778715316999 ], [ -65.021706115307097, -10.53778715316999 ] ] ] } },
{ "type": "Feature", "properties": { "DN": 1 }, "geometry": { "type": "Polygon", "coordinates": [ [ [ -65.053206049548152, -10.535787159017582 ], [ -65.053206049548152, -10.536037158286634 ], [ -65.053456049026266, -10.536037158286634 ], [ -65.053456049026266, -10.535787159017582 ], [ -65.053206049548152, -10.535787159017582 ] ] ] } },
{ "type": "Feature", "properties": { "DN": 1 }, "geometry": { "type": "Polygon", "coordinates": [ [ [ -65.050456055289018, -10.535787159017582 ], [ -65.050456055289018, -10.536037158286634 ], [ -65.051206053723334, -10.536037158286634 ], [ -65.051206053723334, -10.535787159017582 ], [ -65.050456055289018, -10.535787159017582 ] ] ] } },
{ "type": "Feature", "properties": { "DN": 1 }, "geometry": { "type": "Polygon", "coordinates": [ [ [ -65.049206057898502, -10.534537162672329 ], [ -65.049206057898502, -10.535287160479481 ], [ -65.048706058942287, -10.535287160479481 ], [ -65.048706058942287, -10.535037161210431 ], [ -65.048456059464186, -10.535037161210431 ], [ -65.048456059464186, -10.534787161941379 ], [ -65.048206059986086, -10.534787161941379 ], [ -65.048206059986086, -10.535537159748532 ], [ -65.048706058942287, -10.535537159748532 ], [ -65.048706058942287, -10.536287157555684 ], [ -65.048956058420401, -10.536287157555684 ], [ -65.048956058420401, -10.536537156824735 ], [ -65.049206057898502, -10.536537156824735 ], [ -65.049206057898502, -10.536287157555684 ], [ -65.049706056854703, -10.536287157555684 ], [ -65.049706056854703, -10.536037158286634 ], [ -65.049956056332803, -10.536037158286634 ], [ -65.049956056332803, -10.535537159748532 ], [ -65.050206055810918, -10.535537159748532 ], [ -65.050206055810918, -10.535037161210431 ], [ -65.049956056332803, -10.535037161210431 ], [ -65.049956056332803, -10.534787161941379 ], [ -65.050206055810918, -10.534787161941379 ], [ -65.050206055810918, -10.534537162672329 ], [ -65.049206057898502, -10.534537162672329 ] ] ] } },
{ "type": "Feature", "properties": { "DN": 1 }, "geometry": { "type": "Polygon", "coordinates": [ [ [ -65.051706052679535, -10.532537168519923 ], [ -65.051706052679535, -10.532787167788973 ], [ -65.051956052157635, -10.532787167788973 ], [ -65.051956052157635, -10.532537168519923 ], [ -65.051706052679535, -10.532537168519923 ] ] ] } },
{ "type": "Feature", "properties": { "DN": 1 }, "geometry": { "type": "Polygon", "coordinates": [ [ [ -65.051956052157635, -10.532287169250871 ], [ -65.051956052157635, -10.532537168519923 ], [ -65.05220605163575, -10.532537168519923 ], [ -65.05220605163575, -10.532287169250871 ], [ -65.051956052157635, -10.532287169250871 ] ] ] } },
{ "type": "Feature", "properties": { "DN": 1 }, "geometry": { "type": "Polygon", "coordinates": [ [ [ -65.014706129920185, -10.525537188986499 ], [ -65.014706129920185, -10.525787188255549 ], [ -65.015456128354501, -10.525787188255549 ], [ -65.015456128354501, -10.525537188986499 ], [ -65.014706129920185, -10.525537188986499 ] ] ] } },
{ "type": "Feature", "properties": { "DN": 1 }, "geometry": { "type": "Polygon", "coordinates": [ [ [ -65.014456130442085, -10.521037202143583 ], [ -65.014456130442085, -10.521287201412633 ], [ -65.014206130963984, -10.521287201412633 ], [ -65.014206130963984, -10.522287198488838 ], [ -65.014956129398286, -10.522287198488838 ], [ -65.014956129398286, -10.522037199219787 ], [ -65.0152061288764, -10.522037199219787 ], [ -65.0152061288764, -10.521787199950737 ], [ -65.015456128354501, -10.521787199950737 ], [ -65.015456128354501, -10.521287201412633 ], [ -65.0152061288764, -10.521287201412633 ], [ -65.0152061288764, -10.521037202143583 ], [ -65.014456130442085, -10.521037202143583 ] ] ] } },
{ "type": "Feature", "properties": { "DN": 1 }, "geometry": { "type": "Polygon", "coordinates": [ [ [ -65.016456126266917, -10.521037202143583 ], [ -65.016456126266917, -10.521287201412633 ], [ -65.016706125745017, -10.521287201412633 ], [ -65.016706125745017, -10.521037202143583 ], [ -65.016456126266917, -10.521037202143583 ] ] ] } },
{ "type": "Feature", "properties": { "DN": 1 }, "geometry": { "type": "Polygon", "coordinates": [ [ [ -65.015956127310702, -10.521037202143583 ], [ -65.015956127310702, -10.521287201412633 ], [ -65.016206126788802, -10.521287201412633 ], [ -65.016206126788802, -10.521037202143583 ], [ -65.015956127310702, -10.521037202143583 ] ] ] } },
{ "type": "Feature", "properties": { "DN": 1 }, "geometry": { "type": "Polygon", "coordinates": [ [ [ -65.015956127310702, -10.520537203605482 ], [ -65.015956127310702, -10.520787202874534 ], [ -65.016206126788802, -10.520787202874534 ], [ -65.016206126788802, -10.520537203605482 ], [ -65.015956127310702, -10.520537203605482 ] ] ] } },
{ "type": "Feature", "properties": { "DN": 1 }, "geometry": { "type": "Polygon", "coordinates": [ [ [ -65.020206118438466, -10.492537285471787 ], [ -65.020206118438466, -10.492787284740839 ], [ -65.020456117916567, -10.492787284740839 ], [ -65.020456117916567, -10.492537285471787 ], [ -65.020206118438466, -10.492537285471787 ] ] ] } },
{ "type": "Feature", "properties": { "DN": 1 }, "geometry": { "type": "Polygon", "coordinates": [ [ [ -65.026456105391063, -10.465287365145247 ], [ -65.026456105391063, -10.465537364414297 ], [ -65.026706104869163, -10.465537364414297 ], [ -65.026706104869163, -10.465287365145247 ], [ -65.026456105391063, -10.465287365145247 ] ] ] } },
{ "type": "Feature", "properties": { "DN": 1 }, "geometry": { "type": "Polygon", "coordinates": [ [ [ -65.023456111653815, -10.458287385611824 ], [ -65.023456111653815, -10.458537384880874 ], [ -65.023706111131915, -10.458537384880874 ], [ -65.023706111131915, -10.458287385611824 ], [ -65.023456111653815, -10.458287385611824 ] ] ] } },
{ "type": "Feature", "properties": { "DN": 1 }, "geometry": { "type": "Polygon", "coordinates": [ [ [ -65.007956144011388, -10.565537072034633 ], [ -65.007956144011388, -10.566287069841785 ], [ -65.008956141923804, -10.566287069841785 ], [ -65.008956141923804, -10.566037070572735 ], [ -65.009206141401904, -10.566037070572735 ], [ -65.009206141401904, -10.565537072034633 ], [ -65.007956144011388, -10.565537072034633 ] ] ] } },
{ "type": "Feature", "properties": { "DN": 1 }, "geometry": { "type": "Polygon", "coordinates": [ [ [ -64.996706167496711, -10.532287169250871 ], [ -64.996706167496711, -10.532787167788973 ], [ -64.996956166974826, -10.532787167788973 ], [ -64.996956166974826, -10.532287169250871 ], [ -64.996706167496711, -10.532287169250871 ] ] ] } },
{ "type": "Feature", "properties": { "DN": 1 }, "geometry": { "type": "Polygon", "coordinates": [ [ [ -64.995706169584309, -10.523537194834091 ], [ -64.995706169584309, -10.523787194103143 ], [ -64.995456170106195, -10.523787194103143 ], [ -64.995456170106195, -10.524037193372193 ], [ -64.99595616906241, -10.524037193372193 ], [ -64.99595616906241, -10.524287192641244 ], [ -64.995706169584309, -10.524287192641244 ], [ -64.995706169584309, -10.524537191910294 ], [ -64.99595616906241, -10.524537191910294 ], [ -64.99595616906241, -10.524787191179346 ], [ -64.99620616854051, -10.524787191179346 ], [ -64.99620616854051, -10.524537191910294 ], [ -64.996456168018611, -10.524537191910294 ], [ -64.996456168018611, -10.524287192641244 ], [ -64.99620616854051, -10.524287192641244 ], [ -64.99620616854051, -10.523537194834091 ], [ -64.995706169584309, -10.523537194834091 ] ] ] } },
{ "type": "Feature", "properties": { "DN": 1 }, "geometry": { "type": "Polygon", "coordinates": [ [ [ -65.005706148708455, -10.490287292050331 ], [ -65.005706148708455, -10.490537291319381 ], [ -65.005956148186556, -10.490537291319381 ], [ -65.005956148186556, -10.490287292050331 ], [ -65.005706148708455, -10.490287292050331 ] ] ] } },
{ "type": "Feature", "properties": { "DN": 1 }, "geometry": { "type": "Polygon", "coordinates": [ [ [ -64.998206164365342, -10.444037427275925 ], [ -64.998206164365342, -10.444537425814026 ], [ -64.998706163321543, -10.444537425814026 ], [ -64.998706163321543, -10.444037427275925 ], [ -64.998206164365342, -10.444037427275925 ] ] ] } },
{ "type": "Feature", "properties": { "DN": 1 }, "geometry": { "type": "Polygon", "coordinates": [ [ [ -64.999206162277758, -10.437537446280604 ], [ -64.999206162277758, -10.437406831031373 ], [ -64.998206164365342, -10.437336456403669 ], [ -64.998206164365342, -10.437537446280604 ], [ -64.998956162799658, -10.437537446280604 ], [ -64.998956162799658, -10.437787445549654 ], [ -65.002206156015006, -10.437787445549654 ], [ -65.002206156015006, -10.438037444818704 ], [ -65.003956152361724, -10.438037444818704 ], [ -65.003956152361724, -10.438287444087756 ], [ -65.005456149230355, -10.438287444087756 ], [ -65.005456149230355, -10.438537443356807 ], [ -65.009206141401904, -10.438537443356807 ], [ -65.009206141401904, -10.438787442625857 ], [ -65.012206135139152, -10.438787442625857 ], [ -65.012206135139152, -10.438537443356807 ], [ -65.012456134617253, -10.438537443356807 ], [ -65.012456134617253, -10.438338962767228 ], [ -65.011723448941893, -10.438287444087756 ], [ -65.00995613983622, -10.438287444087756 ], [ -65.00995613983622, -10.438163134277968 ], [ -65.008169382445729, -10.438037444818704 ], [ -65.006456147142757, -10.438037444818704 ], [ -65.006456147142757, -10.437916927271125 ], [ -65.006206147664656, -10.437899341056351 ], [ -65.006206147664656, -10.438037444818704 ], [ -65.005706148708455, -10.438037444818704 ], [ -65.005706148708455, -10.437864168626803 ], [ -65.004615480279128, -10.437787445549654 ], [ -65.002956154449308, -10.437787445549654 ], [ -65.002956154449308, -10.437670720264284 ], [ -65.002431408918198, -10.437633807036777 ], [ -65.001062157553662, -10.437537446280604 ], [ -64.999206162277758, -10.437537446280604 ] ] ] } },
{ "type": "Feature", "properties": { "DN": 1 }, "geometry": { "type": "Polygon", "coordinates": [ [ [ -64.99620616854051, -10.437287447011553 ], [ -64.99620616854051, -10.437537446280604 ], [ -64.997956164887242, -10.437537446280604 ], [ -64.997956164887242, -10.437318862746745 ], [ -64.997509758694648, -10.437287447011553 ], [ -64.99620616854051, -10.437287447011553 ] ] ] } },
{ "type": "Feature", "properties": { "DN": 1 }, "geometry": { "type": "Polygon", "coordinates": [ [ [ -64.994706171671893, -10.437287447011553 ], [ -64.995206170628094, -10.437287447011553 ], [ -64.995206170628094, -10.437537446280604 ], [ -64.995706169584309, -10.437537446280604 ], [ -64.995706169584309, -10.437160519834411 ], [ -64.994706171671893, -10.437090145206708 ], [ -64.994706171671893, -10.437287447011553 ] ] ] } },
{ "type": "Feature", "properties": { "DN": 1 }, "geometry": { "type": "Polygon", "coordinates": [ [ [ -64.986456188894465, -10.569287061070396 ], [ -64.986456188894465, -10.570287058146599 ], [ -64.986706188372565, -10.570287058146599 ], [ -64.986706188372565, -10.570537057415649 ], [ -64.986456188894465, -10.570537057415649 ], [ -64.986456188894465, -10.571037055953751 ], [ -64.986706188372565, -10.571037055953751 ], [ -64.986706188372565, -10.571287055222802 ], [ -64.98695618785068, -10.571287055222802 ], [ -64.98695618785068, -10.572037053029955 ], [ -64.987206187328781, -10.572037053029955 ], [ -64.987206187328781, -10.572287052299005 ], [ -64.98695618785068, -10.572287052299005 ], [ -64.98695618785068, -10.572787050837107 ], [ -64.987206187328781, -10.572787050837107 ], [ -64.987206187328781, -10.573037050106159 ], [ -64.987456186806881, -10.573037050106159 ], [ -64.987456186806881, -10.573287049375208 ], [ -64.987706186284981, -10.573287049375208 ], [ -64.987706186284981, -10.57353704864426 ], [ -64.987956185763082, -10.57353704864426 ], [ -64.987956185763082, -10.573287049375208 ], [ -64.988456184719297, -10.573287049375208 ], [ -64.988456184719297, -10.573037050106159 ], [ -64.988206185241197, -10.573037050106159 ], [ -64.988206185241197, -10.572787050837107 ], [ -64.988706184197397, -10.572787050837107 ], [ -64.988706184197397, -10.572287052299005 ], [ -64.988206185241197, -10.572287052299005 ], [ -64.988206185241197, -10.571287055222802 ], [ -64.987456186806881, -10.571287055222802 ], [ -64.987456186806881, -10.570287058146599 ], [ -64.987706186284981, -10.570287058146599 ], [ -64.987706186284981, -10.570037058877547 ], [ -64.987456186806881, -10.570037058877547 ], [ -64.987456186806881, -10.569287061070396 ], [ -64.986456188894465, -10.569287061070396 ] ] ] } },
{ "type": "Feature", "properties": { "DN": 1 }, "geometry": { "type": "Polygon", "coordinates": [ [ [ -64.987956185763082, -10.570537057415649 ], [ -64.987956185763082, -10.570787056684701 ], [ -64.987706186284981, -10.570787056684701 ], [ -64.987706186284981, -10.571037055953751 ], [ -64.988206185241197, -10.571037055953751 ], [ -64.988206185241197, -10.570537057415649 ], [ -64.987956185763082, -10.570537057415649 ] ] ] } },
{ "type": "Feature", "properties": { "DN": 1 }, "geometry": { "type": "Polygon", "coordinates": [ [ [ -64.988956183675498, -10.569787059608498 ], [ -64.988956183675498, -10.570287058146599 ], [ -64.988706184197397, -10.570287058146599 ], [ -64.988706184197397, -10.570537057415649 ], [ -64.989206183153613, -10.570537057415649 ], [ -64.989206183153613, -10.569787059608498 ], [ -64.988956183675498, -10.569787059608498 ] ] ] } },
{ "type": "Feature", "properties": { "DN": 1 }, "geometry": { "type": "Polygon", "coordinates": [ [ [ -64.9822061977667, -10.533037167058023 ], [ -64.9822061977667, -10.533287166327074 ], [ -64.982456197244801, -10.533287166327074 ], [ -64.982456197244801, -10.533037167058023 ], [ -64.9822061977667, -10.533037167058023 ] ] ] } },
{ "type": "Feature", "properties": { "DN": 1 }, "geometry": { "type": "Polygon", "coordinates": [ [ [ -64.97670620924842, -10.451037406809348 ], [ -64.97670620924842, -10.4512874060784 ], [ -64.97695620872652, -10.4512874060784 ], [ -64.97695620872652, -10.451037406809348 ], [ -64.97670620924842, -10.451037406809348 ] ] ] } },
{ "type": "Feature", "properties": { "DN": 1 }, "geometry": { "type": "Polygon", "coordinates": [ [ [ -64.992956175325162, -10.446037421428333 ], [ -64.992956175325162, -10.446287420697383 ], [ -64.993206174803262, -10.446287420697383 ], [ -64.993206174803262, -10.446037421428333 ], [ -64.992956175325162, -10.446037421428333 ] ] ] } },
{ "type": "Feature", "properties": { "DN": 1 }, "geometry": { "type": "Polygon", "coordinates": [ [ [ -64.994706171671893, -10.445287423621179 ], [ -64.994706171671893, -10.445537422890229 ], [ -64.994206172715678, -10.445537422890229 ], [ -64.994206172715678, -10.446037421428333 ], [ -64.993956173237578, -10.446037421428333 ], [ -64.993956173237578, -10.446537419966434 ], [ -64.995206170628094, -10.446537419966434 ], [ -64.995206170628094, -10.445537422890229 ], [ -64.994956171149994, -10.445537422890229 ], [ -64.994956171149994, -10.445287423621179 ], [ -64.994706171671893, -10.445287423621179 ] ] ] } },
{ "type": "Feature", "properties": { "DN": 1 }, "geometry": { "type": "Polygon", "coordinates": [ [ [ -64.983956194113432, -10.436787448473451 ], [ -64.984456193069633, -10.436787448473451 ], [ -64.984456193069633, -10.436368562002759 ], [ -64.984203986375164, -10.436350805641521 ], [ -64.983956194113432, -10.436333353264107 ], [ -64.983956194113432, -10.436787448473451 ] ] ] } },
{ "type": "Feature", "properties": { "DN": 1 }, "geometry": { "type": "Polygon", "coordinates": [ [ [ -65.098205955606829, -10.623786901723477 ], [ -65.097955956128729, -10.623786901723477 ], [ -65.097955956128729, -10.624000453036299 ], [ -65.098205955606829, -10.624014328847588 ], [ -65.098205955606829, -10.623786901723477 ] ] ] } },
{ "type": "Feature", "properties": { "DN": 1 }, "geometry": { "type": "Polygon", "coordinates": [ [ [ -65.097455957172514, -10.623786901723477 ], [ -65.096955958216313, -10.623786901723477 ], [ -65.096955958216313, -10.623944949791138 ], [ -65.097455957172514, -10.623972701413717 ], [ -65.097455957172514, -10.623786901723477 ] ] ] } },
{ "type": "Feature", "properties": { "DN": 1 }, "geometry": { "type": "Polygon", "coordinates": [ [ [ -65.095205961869581, -10.623536902454427 ], [ -65.095205961869581, -10.623786901723477 ], [ -65.095705960825796, -10.623786901723477 ], [ -65.095705960825796, -10.623536902454427 ], [ -65.095205961869581, -10.623536902454427 ] ] ] } },
{ "type": "Feature", "properties": { "DN": 1 }, "geometry": { "type": "Polygon", "coordinates": [ [ [ -65.139455869493943, -10.626036895144935 ], [ -65.137955872625312, -10.626036895144935 ], [ -65.137955872625312, -10.625786895875885 ], [ -65.137205874191011, -10.625786895875885 ], [ -65.137205874191011, -10.626036895144935 ], [ -65.137705873147212, -10.626036895144935 ], [ -65.137705873147212, -10.626167900985724 ], [ -65.139455869493943, -10.626261809197729 ], [ -65.139455869493943, -10.626036895144935 ] ] ] } },
{ "type": "Feature", "properties": { "DN": 1 }, "geometry": { "type": "Polygon", "coordinates": [ [ [ -65.133205882541347, -10.625786895875885 ], [ -65.132955883063246, -10.625786895875885 ], [ -65.132955883063246, -10.625912926072694 ], [ -65.133205882541347, -10.625926349257186 ], [ -65.133205882541347, -10.625786895875885 ] ] ] } },
{ "type": "Feature", "properties": { "DN": 1 }, "geometry": { "type": "Polygon", "coordinates": [ [ [ -65.133705881497548, -10.625786895875885 ], [ -65.133455882019447, -10.625786895875885 ], [ -65.133455882019447, -10.625939772441679 ], [ -65.133705881497548, -10.625953195626172 ], [ -65.133705881497548, -10.625786895875885 ] ] ] } },
{ "type": "Feature", "properties": { "DN": 1 }, "geometry": { "type": "Polygon", "coordinates": [ [ [ -65.131205886716515, -10.625536896606834 ], [ -65.131205886716515, -10.625786895875885 ], [ -65.13170588567273, -10.625786895875885 ], [ -65.13170588567273, -10.625536896606834 ], [ -65.131205886716515, -10.625536896606834 ] ] ] } },
{ "type": "Feature", "properties": { "DN": 1 }, "geometry": { "type": "Polygon", "coordinates": [ [ [ -65.13195588515083, -10.625536896606834 ], [ -65.13195588515083, -10.625786895875885 ], [ -65.132205884628931, -10.625786895875885 ], [ -65.132205884628931, -10.625536896606834 ], [ -65.13195588515083, -10.625536896606834 ] ] ] } },
{ "type": "Feature", "properties": { "DN": 1 }, "geometry": { "type": "Polygon", "coordinates": [ [ [ -65.130955887238414, -10.625786895875885 ], [ -65.130955887238414, -10.625536896606834 ], [ -65.130205888804099, -10.625536896606834 ], [ -65.130205888804099, -10.625286897337784 ], [ -65.129705889847898, -10.625286897337784 ], [ -65.129705889847898, -10.625536896606834 ], [ -65.128205892979267, -10.625536896606834 ], [ -65.128205892979267, -10.625657885567334 ], [ -65.130608639497851, -10.625786895875885 ], [ -65.130955887238414, -10.625786895875885 ] ] ] } },
{ "type": "Feature", "properties": { "DN": 1 }, "geometry": { "type": "Polygon", "coordinates": [ [ [ -65.120205909679953, -10.624786898799682 ], [ -65.120205909679953, -10.625036898068732 ], [ -65.120455909158053, -10.625036898068732 ], [ -65.120455909158053, -10.624786898799682 ], [ -65.120205909679953, -10.624786898799682 ] ] ] } },
{ "type": "Feature", "properties": { "DN": 1 }, "geometry": { "type": "Polygon", "coordinates": [ [ [ -65.115205920117873, -10.624786898799682 ], [ -65.114455921683572, -10.624786898799682 ], [ -65.114455921683572, -10.624916256581457 ], [ -65.115205920117873, -10.624957884015327 ], [ -65.115205920117873, -10.624786898799682 ] ] ] } },
{ "type": "Feature", "properties": { "DN": 1 }, "geometry": { "type": "Polygon", "coordinates": [ [ [ -65.116455917508404, -10.62453689953063 ], [ -65.116205918030289, -10.62453689953063 ], [ -65.116205918030289, -10.625009283318192 ], [ -65.116455917508404, -10.625007831142224 ], [ -65.116455917508404, -10.62453689953063 ] ] ] } },
{ "type": "Feature", "properties": { "DN": 1 }, "geometry": { "type": "Polygon", "coordinates": [ [ [ -65.111705927424424, -10.62453689953063 ], [ -65.111205928468223, -10.62453689953063 ], [ -65.111205928468223, -10.624735871034684 ], [ -65.111705927424424, -10.624763622657264 ], [ -65.111705927424424, -10.62453689953063 ] ] ] } },
{ "type": "Feature", "properties": { "DN": 1 }, "geometry": { "type": "Polygon", "coordinates": [ [ [ -65.103205945168895, -10.621036909763919 ], [ -65.103205945168895, -10.620786910494868 ], [ -65.10345594464701, -10.620786910494868 ], [ -65.10345594464701, -10.620536911225818 ], [ -65.10370594412511, -10.620536911225818 ], [ -65.10370594412511, -10.620286911956766 ], [ -65.103955943603211, -10.620286911956766 ], [ -65.103955943603211, -10.620536911225818 ], [ -65.104705942037526, -10.620536911225818 ], [ -65.104705942037526, -10.620286911956766 ], [ -65.104205943081311, -10.620286911956766 ], [ -65.104205943081311, -10.619786913418665 ], [ -65.10345594464701, -10.619786913418665 ], [ -65.10345594464701, -10.619536914149613 ], [ -65.102955945690795, -10.619536914149613 ], [ -65.102955945690795, -10.619786913418665 ], [ -65.102705946212694, -10.619786913418665 ], [ -65.102705946212694, -10.620536911225818 ], [ -65.102455946734594, -10.620536911225818 ], [ -65.102455946734594, -10.620036912687716 ], [ -65.102205947256493, -10.620036912687716 ], [ -65.102205947256493, -10.620286911956766 ], [ -65.101955947778379, -10.620286911956766 ], [ -65.101955947778379, -10.621286909032969 ], [ -65.102205947256493, -10.621286909032969 ], [ -65.102205947256493, -10.621536908302021 ], [ -65.102455946734594, -10.621536908302021 ], [ -65.102455946734594, -10.621286909032969 ], [ -65.102955945690795, -10.621286909032969 ], [ -65.102955945690795, -10.621036909763919 ], [ -65.103205945168895, -10.621036909763919 ] ], [ [ -65.102705946212694, -10.621036909763919 ], [ -65.102705946212694, -10.620786910494868 ], [ -65.102955945690795, -10.620786910494868 ], [ -65.102955945690795, -10.621036909763919 ], [ -65.102705946212694, -10.621036909763919 ] ] ] } },
{ "type": "Feature", "properties": { "DN": 1 }, "geometry": { "type": "Polygon", "coordinates": [ [ [ -65.096455959260098, -10.623536902454427 ], [ -65.096455959260098, -10.623786901723477 ], [ -65.096705958738198, -10.623786901723477 ], [ -65.096705958738198, -10.623536902454427 ], [ -65.096455959260098, -10.623536902454427 ] ] ] } },
{ "type": "Feature", "properties": { "DN": 1 }, "geometry": { "type": "Polygon", "coordinates": [ [ [ -65.081205991095771, -10.622786904647274 ], [ -65.081205991095771, -10.623036903916326 ], [ -65.081455990573872, -10.623036903916326 ], [ -65.081455990573872, -10.622786904647274 ], [ -65.081205991095771, -10.622786904647274 ] ] ] } },
{ "type": "Feature", "properties": { "DN": 1 }, "geometry": { "type": "Polygon", "coordinates": [ [ [ -65.079455994749054, -10.622786904647274 ], [ -65.079205995270939, -10.622786904647274 ], [ -65.079205995270939, -10.622958930425717 ], [ -65.079455994749054, -10.622972826854618 ], [ -65.079455994749054, -10.622786904647274 ] ] ] } },
{ "type": "Feature", "properties": { "DN": 1 }, "geometry": { "type": "Polygon", "coordinates": [ [ [ -65.099205953519245, -10.622036906840123 ], [ -65.099205953519245, -10.622286906109172 ], [ -65.099455952997346, -10.622286906109172 ], [ -65.099455952997346, -10.622036906840123 ], [ -65.099205953519245, -10.622036906840123 ] ] ] } },
{ "type": "Feature", "properties": { "DN": 1 }, "geometry": { "type": "Polygon", "coordinates": [ [ [ -65.098955954041145, -10.621786907571071 ], [ -65.098955954041145, -10.622036906840123 ], [ -65.099205953519245, -10.622036906840123 ], [ -65.099205953519245, -10.621786907571071 ], [ -65.098955954041145, -10.621786907571071 ] ] ] } },
{ "type": "Feature", "properties": { "DN": 1 }, "geometry": { "type": "Polygon", "coordinates": [ [ [ -65.058206039110232, -10.621536908302021 ], [ -65.058206039110232, -10.621786907571071 ], [ -65.058456038588332, -10.621786907571071 ], [ -65.058456038588332, -10.621536908302021 ], [ -65.058206039110232, -10.621536908302021 ] ] ] } },
{ "type": "Feature", "properties": { "DN": 1 }, "geometry": { "type": "Polygon", "coordinates": [ [ [ -65.057956039632131, -10.621536908302021 ], [ -65.055956043807299, -10.621536908302021 ], [ -65.055956043807299, -10.621665737484252 ], [ -65.05612452068992, -10.621675117407902 ], [ -65.057956039632131, -10.621777032288941 ], [ -65.057956039632131, -10.621536908302021 ] ] ] } },
{ "type": "Feature", "properties": { "DN": 1 }, "geometry": { "type": "Polygon", "coordinates": [ [ [ -65.09870595456303, -10.621286909032969 ], [ -65.09870595456303, -10.621536908302021 ], [ -65.098955954041145, -10.621536908302021 ], [ -65.098955954041145, -10.621286909032969 ], [ -65.09870595456303, -10.621286909032969 ] ] ] } },
{ "type": "Feature", "properties": { "DN": 1 }, "geometry": { "type": "Polygon", "coordinates": [ [ [ -65.056956041719715, -10.621036909763919 ], [ -65.056956041719715, -10.621286909032969 ], [ -65.057206041197816, -10.621286909032969 ], [ -65.057206041197816, -10.621036909763919 ], [ -65.056956041719715, -10.621036909763919 ] ] ] } },
{ "type": "Feature", "properties": { "DN": 1 }, "geometry": { "type": "Polygon", "coordinates": [ [ [ -65.056706042241615, -10.620786910494868 ], [ -65.056706042241615, -10.621036909763919 ], [ -65.056956041719715, -10.621036909763919 ], [ -65.056956041719715, -10.620786910494868 ], [ -65.056706042241615, -10.620786910494868 ] ] ] } },
{ "type": "Feature", "properties": { "DN": 1 }, "geometry": { "type": "Polygon", "coordinates": [ [ [ -65.117955914377021, -10.619286914880563 ], [ -65.117955914377021, -10.619536914149613 ], [ -65.118205913855121, -10.619536914149613 ], [ -65.118205913855121, -10.619286914880563 ], [ -65.117955914377021, -10.619286914880563 ] ] ] } },
{ "type": "Feature", "properties": { "DN": 1 }, "geometry": { "type": "Polygon", "coordinates": [ [ [ -65.107705935774774, -10.62453689953063 ], [ -65.107705935774774, -10.624286900261581 ], [ -65.106955937340459, -10.624286900261581 ], [ -65.106955937340459, -10.624036900992529 ], [ -65.108955933165291, -10.624036900992529 ], [ -65.108955933165291, -10.623536902454427 ], [ -65.107705935774774, -10.623536902454427 ], [ -65.107705935774774, -10.623786901723477 ], [ -65.106955937340459, -10.623786901723477 ], [ -65.106955937340459, -10.623286903185376 ], [ -65.105455940471842, -10.623286903185376 ], [ -65.105455940471842, -10.623036903916326 ], [ -65.104955941515627, -10.623036903916326 ], [ -65.104955941515627, -10.622786904647274 ], [ -65.104705942037526, -10.622786904647274 ], [ -65.104705942037526, -10.623036903916326 ], [ -65.104455942559426, -10.623036903916326 ], [ -65.104455942559426, -10.622786904647274 ], [ -65.10370594412511, -10.622786904647274 ], [ -65.10370594412511, -10.623036903916326 ], [ -65.10345594464701, -10.623036903916326 ], [ -65.10345594464701, -10.623286903185376 ], [ -65.103205945168895, -10.623286903185376 ], [ -65.103205945168895, -10.623036903916326 ], [ -65.102955945690795, -10.623036903916326 ], [ -65.102955945690795, -10.622786904647274 ], [ -65.102705946212694, -10.622786904647274 ], [ -65.102705946212694, -10.623036903916326 ], [ -65.101955947778379, -10.623036903916326 ], [ -65.101955947778379, -10.623536902454427 ], [ -65.101705948300278, -10.623536902454427 ], [ -65.101705948300278, -10.623286903185376 ], [ -65.101455948822178, -10.623286903185376 ], [ -65.101455948822178, -10.623036903916326 ], [ -65.100955949865963, -10.623036903916326 ], [ -65.100955949865963, -10.622536905378224 ], [ -65.101205949344077, -10.622536905378224 ], [ -65.101205949344077, -10.622036906840123 ], [ -65.100955949865963, -10.622036906840123 ], [ -65.100955949865963, -10.620786910494868 ], [ -65.101205949344077, -10.620786910494868 ], [ -65.101205949344077, -10.621036909763919 ], [ -65.101455948822178, -10.621036909763919 ], [ -65.101455948822178, -10.620786910494868 ], [ -65.101705948300278, -10.620786910494868 ], [ -65.101705948300278, -10.620286911956766 ], [ -65.101455948822178, -10.620286911956766 ], [ -65.101455948822178, -10.619286914880563 ], [ -65.101705948300278, -10.619286914880563 ], [ -65.101705948300278, -10.619536914149613 ], [ -65.101955947778379, -10.619536914149613 ], [ -65.101955947778379, -10.61853691707341 ], [ -65.101705948300278, -10.61853691707341 ], [ -65.101705948300278, -10.61828691780436 ], [ -65.101955947778379, -10.61828691780436 ], [ -65.101955947778379, -10.617286920728157 ], [ -65.101455948822178, -10.617286920728157 ], [ -65.101455948822178, -10.617036921459105 ], [ -65.100705950387862, -10.617036921459105 ], [ -65.100705950387862, -10.616786922190055 ], [ -65.100955949865963, -10.616786922190055 ], [ -65.100955949865963, -10.616036924382902 ], [ -65.100455950909762, -10.616036924382902 ], [ -65.100455950909762, -10.615786925113852 ], [ -65.099955951953547, -10.615786925113852 ], [ -65.099955951953547, -10.6155369258448 ], [ -65.100955949865963, -10.6155369258448 ], [ -65.100955949865963, -10.615036927306699 ], [ -65.100705950387862, -10.615036927306699 ], [ -65.100705950387862, -10.614036930230496 ], [ -65.100205951431661, -10.614036930230496 ], [ -65.100205951431661, -10.614286929499546 ], [ -65.100455950909762, -10.614286929499546 ], [ -65.100455950909762, -10.615036927306699 ], [ -65.099955951953547, -10.615036927306699 ], [ -65.099955951953547, -10.615286926575749 ], [ -65.099705952475446, -10.615286926575749 ], [ -65.099705952475446, -10.6155369258448 ], [ -65.098955954041145, -10.6155369258448 ], [ -65.098955954041145, -10.615786925113852 ], [ -65.099205953519245, -10.615786925113852 ], [ -65.099205953519245, -10.616036924382902 ], [ -65.099455952997346, -10.616036924382902 ], [ -65.099455952997346, -10.616786922190055 ], [ -65.099705952475446, -10.616786922190055 ], [ -65.099705952475446, -10.617286920728157 ], [ -65.100205951431661, -10.617286920728157 ], [ -65.100205951431661, -10.618036918535308 ], [ -65.100455950909762, -10.618036918535308 ], [ -65.100455950909762, -10.61828691780436 ], [ -65.100205951431661, -10.61828691780436 ], [ -65.100205951431661, -10.61853691707341 ], [ -65.100455950909762, -10.61853691707341 ], [ -65.100455950909762, -10.618786916342462 ], [ -65.100705950387862, -10.618786916342462 ], [ -65.100705950387862, -10.618036918535308 ], [ -65.101205949344077, -10.618036918535308 ], [ -65.101205949344077, -10.61828691780436 ], [ -65.101455948822178, -10.61828691780436 ], [ -65.101455948822178, -10.61853691707341 ], [ -65.101205949344077, -10.61853691707341 ], [ -65.101205949344077, -10.618786916342462 ], [ -65.100955949865963, -10.618786916342462 ], [ -65.100955949865963, -10.619286914880563 ], [ -65.100705950387862, -10.619286914880563 ], [ -65.100705950387862, -10.619536914149613 ], [ -65.100455950909762, -10.619536914149613 ], [ -65.100455950909762, -10.619786913418665 ], [ -65.100205951431661, -10.619786913418665 ], [ -65.100205951431661, -10.619536914149613 ], [ -65.099705952475446, -10.619536914149613 ], [ -65.099705952475446, -10.619286914880563 ], [ -65.099455952997346, -10.619286914880563 ], [ -65.099455952997346, -10.618786916342462 ], [ -65.098955954041145, -10.618786916342462 ], [ -65.098955954041145, -10.619036915611511 ], [ -65.09870595456303, -10.619036915611511 ], [ -65.09870595456303, -10.619536914149613 ], [ -65.097705956650614, -10.619536914149613 ], [ -65.097705956650614, -10.619786913418665 ], [ -65.097455957172514, -10.619786913418665 ], [ -65.097455957172514, -10.621036909763919 ], [ -65.098205955606829, -10.621036909763919 ], [ -65.098205955606829, -10.620786910494868 ], [ -65.09870595456303, -10.620786910494868 ], [ -65.09870595456303, -10.621036909763919 ], [ -65.098955954041145, -10.621036909763919 ], [ -65.098955954041145, -10.621286909032969 ], [ -65.099205953519245, -10.621286909032969 ], [ -65.099205953519245, -10.621036909763919 ], [ -65.099455952997346, -10.621036909763919 ], [ -65.099455952997346, -10.620786910494868 ], [ -65.100205951431661, -10.620786910494868 ], [ -65.100205951431661, -10.621536908302021 ], [ -65.100455950909762, -10.621536908302021 ], [ -65.100455950909762, -10.621786907571071 ], [ -65.100205951431661, -10.621786907571071 ], [ -65.100205951431661, -10.622036906840123 ], [ -65.100455950909762, -10.622036906840123 ], [ -65.100455950909762, -10.622786904647274 ], [ -65.100705950387862, -10.622786904647274 ], [ -65.100705950387862, -10.623286903185376 ], [ -65.101205949344077, -10.623286903185376 ], [ -65.101205949344077, -10.623786901723477 ], [ -65.101455948822178, -10.623786901723477 ], [ -65.101455948822178, -10.624036900992529 ], [ -65.101705948300278, -10.624036900992529 ], [ -65.101705948300278, -10.624208590205653 ], [ -65.101955947778379, -10.624222466016942 ], [ -65.101955947778379, -10.623786901723477 ], [ -65.102705946212694, -10.623786901723477 ], [ -65.102705946212694, -10.624036900992529 ], [ -65.10345594464701, -10.624036900992529 ], [ -65.10345594464701, -10.624286900261581 ], [ -65.105455940471842, -10.624286900261581 ], [ -65.105455940471842, -10.624036900992529 ], [ -65.106205938906143, -10.624036900992529 ], [ -65.106205938906143, -10.624458354808878 ], [ -65.10762107341867, -10.62453689953063 ], [ -65.107705935774774, -10.62453689953063 ] ], [ [ -65.097955956128729, -10.619786913418665 ], [ -65.097955956128729, -10.620286911956766 ], [ -65.098205955606829, -10.620286911956766 ], [ -65.098205955606829, -10.620536911225818 ], [ -65.097705956650614, -10.620536911225818 ], [ -65.097705956650614, -10.619786913418665 ], [ -65.097955956128729, -10.619786913418665 ] ], [ [ -65.101205949344077, -10.620536911225818 ], [ -65.100955949865963, -10.620536911225818 ], [ -65.100955949865963, -10.620286911956766 ], [ -65.101205949344077, -10.620286911956766 ], [ -65.101205949344077, -10.620536911225818 ] ], [ [ -65.10345594464701, -10.623786901723477 ], [ -65.103205945168895, -10.623786901723477 ], [ -65.103205945168895, -10.623536902454427 ], [ -65.10345594464701, -10.623536902454427 ], [ -65.10345594464701, -10.623786901723477 ] ] ] } },
{ "type": "Feature", "properties": { "DN": 1 }, "geometry": { "type": "Polygon", "coordinates": [ [ [ -65.103205945168895, -10.619036915611511 ], [ -65.103955943603211, -10.619036915611511 ], [ -65.103955943603211, -10.618786916342462 ], [ -65.104205943081311, -10.618786916342462 ], [ -65.104205943081311, -10.619036915611511 ], [ -65.104455942559426, -10.619036915611511 ], [ -65.104455942559426, -10.619286914880563 ], [ -65.105205940993727, -10.619286914880563 ], [ -65.105205940993727, -10.619036915611511 ], [ -65.105455940471842, -10.619036915611511 ], [ -65.105455940471842, -10.61828691780436 ], [ -65.103955943603211, -10.61828691780436 ], [ -65.103955943603211, -10.617786919266258 ], [ -65.104205943081311, -10.617786919266258 ], [ -65.104205943081311, -10.617286920728157 ], [ -65.105205940993727, -10.617286920728157 ], [ -65.105205940993727, -10.617786919266258 ], [ -65.105705939949942, -10.617786919266258 ], [ -65.105705939949942, -10.617036921459105 ], [ -65.105955939428043, -10.617036921459105 ], [ -65.105955939428043, -10.616536922921004 ], [ -65.105455940471842, -10.616536922921004 ], [ -65.105455940471842, -10.616786922190055 ], [ -65.104455942559426, -10.616786922190055 ], [ -65.104455942559426, -10.616536922921004 ], [ -65.103955943603211, -10.616536922921004 ], [ -65.103955943603211, -10.616286923651952 ], [ -65.10370594412511, -10.616286923651952 ], [ -65.10370594412511, -10.616536922921004 ], [ -65.103205945168895, -10.616536922921004 ], [ -65.103205945168895, -10.616286923651952 ], [ -65.102955945690795, -10.616286923651952 ], [ -65.102955945690795, -10.618786916342462 ], [ -65.103205945168895, -10.618786916342462 ], [ -65.103205945168895, -10.619036915611511 ] ], [ [ -65.103205945168895, -10.61828691780436 ], [ -65.10345594464701, -10.61828691780436 ], [ -65.10345594464701, -10.618036918535308 ], [ -65.10370594412511, -10.618036918535308 ], [ -65.10370594412511, -10.618786916342462 ], [ -65.103205945168895, -10.618786916342462 ], [ -65.103205945168895, -10.61828691780436 ] ] ] } },
{ "type": "Feature", "properties": { "DN": 1 }, "geometry": { "type": "Polygon", "coordinates": [ [ [ -65.103955943603211, -10.616036924382902 ], [ -65.103955943603211, -10.616286923651952 ], [ -65.104205943081311, -10.616286923651952 ], [ -65.104205943081311, -10.616036924382902 ], [ -65.103955943603211, -10.616036924382902 ] ] ] } },
{ "type": "Feature", "properties": { "DN": 1 }, "geometry": { "type": "Polygon", "coordinates": [ [ [ -65.105705939949942, -10.6155369258448 ], [ -65.105705939949942, -10.616036924382902 ], [ -65.105955939428043, -10.616036924382902 ], [ -65.105955939428043, -10.616286923651952 ], [ -65.106455938384244, -10.616286923651952 ], [ -65.106455938384244, -10.616036924382902 ], [ -65.106705937862358, -10.616036924382902 ], [ -65.106705937862358, -10.615786925113852 ], [ -65.106205938906143, -10.615786925113852 ], [ -65.106205938906143, -10.6155369258448 ], [ -65.105705939949942, -10.6155369258448 ] ] ] } },
{ "type": "Feature", "properties": { "DN": 1 }, "geometry": { "type": "Polygon", "coordinates": [ [ [ -65.104455942559426, -10.615286926575749 ], [ -65.104455942559426, -10.6155369258448 ], [ -65.103955943603211, -10.6155369258448 ], [ -65.103955943603211, -10.615786925113852 ], [ -65.104205943081311, -10.615786925113852 ], [ -65.104205943081311, -10.616036924382902 ], [ -65.105205940993727, -10.616036924382902 ], [ -65.105205940993727, -10.615286926575749 ], [ -65.104455942559426, -10.615286926575749 ] ] ] } },
{ "type": "Feature", "properties": { "DN": 1 }, "geometry": { "type": "Polygon", "coordinates": [ [ [ -65.104455942559426, -10.614036930230496 ], [ -65.104455942559426, -10.614536928768597 ], [ -65.104705942037526, -10.614536928768597 ], [ -65.104705942037526, -10.614036930230496 ], [ -65.104455942559426, -10.614036930230496 ] ] ] } },
{ "type": "Feature", "properties": { "DN": 1 }, "geometry": { "type": "Polygon", "coordinates": [ [ [ -65.105705939949942, -10.613786930961444 ], [ -65.106205938906143, -10.613786930961444 ], [ -65.106205938906143, -10.613536931692394 ], [ -65.106455938384244, -10.613536931692394 ], [ -65.106455938384244, -10.613786930961444 ], [ -65.107205936818559, -10.613786930961444 ], [ -65.107205936818559, -10.613036933154293 ], [ -65.106705937862358, -10.613036933154293 ], [ -65.106705937862358, -10.613286932423343 ], [ -65.106205938906143, -10.613286932423343 ], [ -65.106205938906143, -10.613036933154293 ], [ -65.105455940471842, -10.613036933154293 ], [ -65.105455940471842, -10.613536931692394 ], [ -65.105705939949942, -10.613536931692394 ], [ -65.105705939949942, -10.613786930961444 ] ], [ [ -65.106955937340459, -10.613286932423343 ], [ -65.106955937340459, -10.613536931692394 ], [ -65.106705937862358, -10.613536931692394 ], [ -65.106705937862358, -10.613286932423343 ], [ -65.106955937340459, -10.613286932423343 ] ], [ [ -65.105705939949942, -10.613286932423343 ], [ -65.105955939428043, -10.613286932423343 ], [ -65.105955939428043, -10.613536931692394 ], [ -65.105705939949942, -10.613536931692394 ], [ -65.105705939949942, -10.613286932423343 ] ] ] } },
{ "type": "Feature", "properties": { "DN": 1 }, "geometry": { "type": "Polygon", "coordinates": [ [ [ -65.106455938384244, -10.612786933885241 ], [ -65.106455938384244, -10.613036933154293 ], [ -65.106705937862358, -10.613036933154293 ], [ -65.106705937862358, -10.612786933885241 ], [ -65.106455938384244, -10.612786933885241 ] ] ] } },
{ "type": "Feature", "properties": { "DN": 1 }, "geometry": { "type": "Polygon", "coordinates": [ [ [ -65.102955945690795, -10.611536937539988 ], [ -65.102955945690795, -10.611786936809038 ], [ -65.102455946734594, -10.611786936809038 ], [ -65.102455946734594, -10.612286935347139 ], [ -65.102705946212694, -10.612286935347139 ], [ -65.102705946212694, -10.612536934616191 ], [ -65.102955945690795, -10.612536934616191 ], [ -65.102955945690795, -10.612286935347139 ], [ -65.103205945168895, -10.612286935347139 ], [ -65.103205945168895, -10.612536934616191 ], [ -65.10345594464701, -10.612536934616191 ], [ -65.10345594464701, -10.612786933885241 ], [ -65.103205945168895, -10.612786933885241 ], [ -65.103205945168895, -10.613036933154293 ], [ -65.10370594412511, -10.613036933154293 ], [ -65.10370594412511, -10.613786930961444 ], [ -65.103955943603211, -10.613786930961444 ], [ -65.103955943603211, -10.614036930230496 ], [ -65.104455942559426, -10.614036930230496 ], [ -65.104455942559426, -10.613786930961444 ], [ -65.104705942037526, -10.613786930961444 ], [ -65.104705942037526, -10.613286932423343 ], [ -65.104455942559426, -10.613286932423343 ], [ -65.104455942559426, -10.613036933154293 ], [ -65.103955943603211, -10.613036933154293 ], [ -65.103955943603211, -10.612786933885241 ], [ -65.104205943081311, -10.612786933885241 ], [ -65.104205943081311, -10.612536934616191 ], [ -65.10370594412511, -10.612536934616191 ], [ -65.10370594412511, -10.612286935347139 ], [ -65.103955943603211, -10.612286935347139 ], [ -65.103955943603211, -10.611786936809038 ], [ -65.10370594412511, -10.611786936809038 ], [ -65.10370594412511, -10.612036936078088 ], [ -65.103205945168895, -10.612036936078088 ], [ -65.103205945168895, -10.611536937539988 ], [ -65.102955945690795, -10.611536937539988 ] ] ] } },
{ "type": "Feature", "properties": { "DN": 1 }, "geometry": { "type": "Polygon", "coordinates": [ [ [ -65.100205951431661, -10.619286914880563 ], [ -65.100205951431661, -10.619536914149613 ], [ -65.100455950909762, -10.619536914149613 ], [ -65.100455950909762, -10.619286914880563 ], [ -65.100205951431661, -10.619286914880563 ] ] ] } },
{ "type": "Feature", "properties": { "DN": 1 }, "geometry": { "type": "Polygon", "coordinates": [ [ [ -65.099705952475446, -10.618786916342462 ], [ -65.099705952475446, -10.619286914880563 ], [ -65.100205951431661, -10.619286914880563 ], [ -65.100205951431661, -10.618786916342462 ], [ -65.099705952475446, -10.618786916342462 ] ] ] } },
{ "type": "Feature", "properties": { "DN": 1 }, "geometry": { "type": "Polygon", "coordinates": [ [ [ -65.102205947256493, -10.61853691707341 ], [ -65.102205947256493, -10.619036915611511 ], [ -65.102705946212694, -10.619036915611511 ], [ -65.102705946212694, -10.619286914880563 ], [ -65.102955945690795, -10.619286914880563 ], [ -65.102955945690795, -10.618786916342462 ], [ -65.102705946212694, -10.618786916342462 ], [ -65.102705946212694, -10.61853691707341 ], [ -65.102205947256493, -10.61853691707341 ] ] ] } },
{ "type": "Feature", "properties": { "DN": 1 }, "geometry": { "type": "Polygon", "coordinates": [ [ [ -65.096955958216313, -10.61853691707341 ], [ -65.096955958216313, -10.618786916342462 ], [ -65.097205957694413, -10.618786916342462 ], [ -65.097205957694413, -10.619036915611511 ], [ -65.097955956128729, -10.619036915611511 ], [ -65.097955956128729, -10.61853691707341 ], [ -65.096955958216313, -10.61853691707341 ] ] ] } },
{ "type": "Feature", "properties": { "DN": 1 }, "geometry": { "type": "Polygon", "coordinates": [ [ [ -65.095205961869581, -10.616786922190055 ], [ -65.095205961869581, -10.617286920728157 ], [ -65.094955962391481, -10.617286920728157 ], [ -65.094955962391481, -10.617536919997207 ], [ -65.095205961869581, -10.617536919997207 ], [ -65.095205961869581, -10.617786919266258 ], [ -65.095455961347682, -10.617786919266258 ], [ -65.095455961347682, -10.618036918535308 ], [ -65.095205961869581, -10.618036918535308 ], [ -65.095205961869581, -10.619036915611511 ], [ -65.094205963957165, -10.619036915611511 ], [ -65.094205963957165, -10.619286914880563 ], [ -65.093955964479065, -10.619286914880563 ], [ -65.093955964479065, -10.619536914149613 ], [ -65.094205963957165, -10.619536914149613 ], [ -65.094205963957165, -10.620286911956766 ], [ -65.094455963435266, -10.620286911956766 ], [ -65.094455963435266, -10.619786913418665 ], [ -65.09470596291338, -10.619786913418665 ], [ -65.09470596291338, -10.619536914149613 ], [ -65.095205961869581, -10.619536914149613 ], [ -65.095205961869581, -10.619786913418665 ], [ -65.095455961347682, -10.619786913418665 ], [ -65.095455961347682, -10.620786910494868 ], [ -65.095705960825796, -10.620786910494868 ], [ -65.095705960825796, -10.620536911225818 ], [ -65.095955960303897, -10.620536911225818 ], [ -65.095955960303897, -10.620286911956766 ], [ -65.096455959260098, -10.620286911956766 ], [ -65.096455959260098, -10.619786913418665 ], [ -65.096955958216313, -10.619786913418665 ], [ -65.096955958216313, -10.619036915611511 ], [ -65.096205959781997, -10.619036915611511 ], [ -65.096205959781997, -10.618786916342462 ], [ -65.096705958738198, -10.618786916342462 ], [ -65.096705958738198, -10.61853691707341 ], [ -65.096955958216313, -10.61853691707341 ], [ -65.096955958216313, -10.61828691780436 ], [ -65.096705958738198, -10.61828691780436 ], [ -65.096705958738198, -10.617786919266258 ], [ -65.096455959260098, -10.617786919266258 ], [ -65.096455959260098, -10.617036921459105 ], [ -65.096205959781997, -10.617036921459105 ], [ -65.096205959781997, -10.616786922190055 ], [ -65.095205961869581, -10.616786922190055 ] ], [ [ -65.095955960303897, -10.618036918535308 ], [ -65.095705960825796, -10.618036918535308 ], [ -65.095705960825796, -10.617786919266258 ], [ -65.095955960303897, -10.617786919266258 ], [ -65.095955960303897, -10.618036918535308 ] ] ] } },
{ "type": "Feature", "properties": { "DN": 1 }, "geometry": { "type": "Polygon", "coordinates": [ [ [ -65.091955968654233, -10.617286920728157 ], [ -65.091955968654233, -10.617536919997207 ], [ -65.091455969698032, -10.617536919997207 ], [ -65.091455969698032, -10.617786919266258 ], [ -65.091205970219917, -10.617786919266258 ], [ -65.091205970219917, -10.619036915611511 ], [ -65.091705969176132, -10.619036915611511 ], [ -65.091705969176132, -10.619286914880563 ], [ -65.091955968654233, -10.619286914880563 ], [ -65.091955968654233, -10.619536914149613 ], [ -65.092205968132333, -10.619536914149613 ], [ -65.092205968132333, -10.619286914880563 ], [ -65.092705967088548, -10.619286914880563 ], [ -65.092705967088548, -10.619036915611511 ], [ -65.092955966566649, -10.619036915611511 ], [ -65.092955966566649, -10.619286914880563 ], [ -65.093705965000964, -10.619286914880563 ], [ -65.093705965000964, -10.61853691707341 ], [ -65.093955964479065, -10.61853691707341 ], [ -65.093955964479065, -10.61828691780436 ], [ -65.093705965000964, -10.61828691780436 ], [ -65.093705965000964, -10.617786919266258 ], [ -65.09345596552285, -10.617786919266258 ], [ -65.09345596552285, -10.618036918535308 ], [ -65.092455967610448, -10.618036918535308 ], [ -65.092455967610448, -10.617786919266258 ], [ -65.092205968132333, -10.617786919266258 ], [ -65.092205968132333, -10.617286920728157 ], [ -65.091955968654233, -10.617286920728157 ] ], [ [ -65.091955968654233, -10.618786916342462 ], [ -65.091705969176132, -10.618786916342462 ], [ -65.091705969176132, -10.61828691780436 ], [ -65.091955968654233, -10.61828691780436 ], [ -65.091955968654233, -10.618786916342462 ] ] ] } },
{ "type": "Feature", "properties": { "DN": 1 }, "geometry": { "type": "Polygon", "coordinates": [ [ [ -65.102205947256493, -10.618036918535308 ], [ -65.102205947256493, -10.61828691780436 ], [ -65.102705946212694, -10.61828691780436 ], [ -65.102705946212694, -10.618036918535308 ], [ -65.102205947256493, -10.618036918535308 ] ] ] } },
{ "type": "Feature", "properties": { "DN": 1 }, "geometry": { "type": "Polygon", "coordinates": [ [ [ -65.09870595456303, -10.617286920728157 ], [ -65.098955954041145, -10.617286920728157 ], [ -65.098955954041145, -10.61828691780436 ], [ -65.099455952997346, -10.61828691780436 ], [ -65.099455952997346, -10.618786916342462 ], [ -65.099705952475446, -10.618786916342462 ], [ -65.099705952475446, -10.618036918535308 ], [ -65.099455952997346, -10.618036918535308 ], [ -65.099455952997346, -10.617286920728157 ], [ -65.099205953519245, -10.617286920728157 ], [ -65.099205953519245, -10.616286923651952 ], [ -65.09845595508493, -10.616286923651952 ], [ -65.09845595508493, -10.615786925113852 ], [ -65.097455957172514, -10.615786925113852 ], [ -65.097455957172514, -10.617036921459105 ], [ -65.096955958216313, -10.617036921459105 ], [ -65.096955958216313, -10.61828691780436 ], [ -65.097205957694413, -10.61828691780436 ], [ -65.097205957694413, -10.618036918535308 ], [ -65.097705956650614, -10.618036918535308 ], [ -65.097705956650614, -10.617286920728157 ], [ -65.098205955606829, -10.617286920728157 ], [ -65.098205955606829, -10.617036921459105 ], [ -65.09845595508493, -10.617036921459105 ], [ -65.09845595508493, -10.616786922190055 ], [ -65.09870595456303, -10.616786922190055 ], [ -65.09870595456303, -10.617286920728157 ] ], [ [ -65.09870595456303, -10.616536922921004 ], [ -65.098955954041145, -10.616536922921004 ], [ -65.098955954041145, -10.616786922190055 ], [ -65.09870595456303, -10.616786922190055 ], [ -65.09870595456303, -10.616536922921004 ] ] ] } },
{ "type": "Feature", "properties": { "DN": 1 }, "geometry": { "type": "Polygon", "coordinates": [ [ [ -65.09870595456303, -10.615786925113852 ], [ -65.09870595456303, -10.616036924382902 ], [ -65.098955954041145, -10.616036924382902 ], [ -65.098955954041145, -10.615786925113852 ], [ -65.09870595456303, -10.615786925113852 ] ] ] } },
{ "type": "Feature", "properties": { "DN": 1 }, "geometry": { "type": "Polygon", "coordinates": [ [ [ -65.095955960303897, -10.614536928768597 ], [ -65.095955960303897, -10.615286926575749 ], [ -65.096955958216313, -10.615286926575749 ], [ -65.096955958216313, -10.614536928768597 ], [ -65.095955960303897, -10.614536928768597 ] ] ] } },
{ "type": "Feature", "properties": { "DN": 1 }, "geometry": { "type": "Polygon", "coordinates": [ [ [ -65.101455948822178, -10.612786933885241 ], [ -65.101455948822178, -10.613036933154293 ], [ -65.101205949344077, -10.613036933154293 ], [ -65.101205949344077, -10.612786933885241 ], [ -65.100955949865963, -10.612786933885241 ], [ -65.100955949865963, -10.613286932423343 ], [ -65.100705950387862, -10.613286932423343 ], [ -65.100705950387862, -10.613536931692394 ], [ -65.100955949865963, -10.613536931692394 ], [ -65.100955949865963, -10.613786930961444 ], [ -65.101205949344077, -10.613786930961444 ], [ -65.101205949344077, -10.614286929499546 ], [ -65.100955949865963, -10.614286929499546 ], [ -65.100955949865963, -10.614786928037647 ], [ -65.101455948822178, -10.614786928037647 ], [ -65.101455948822178, -10.615286926575749 ], [ -65.101205949344077, -10.615286926575749 ], [ -65.101205949344077, -10.6155369258448 ], [ -65.101705948300278, -10.6155369258448 ], [ -65.101705948300278, -10.615286926575749 ], [ -65.101955947778379, -10.615286926575749 ], [ -65.101955947778379, -10.614786928037647 ], [ -65.102205947256493, -10.614786928037647 ], [ -65.102205947256493, -10.614536928768597 ], [ -65.102705946212694, -10.614536928768597 ], [ -65.102705946212694, -10.613286932423343 ], [ -65.102455946734594, -10.613286932423343 ], [ -65.102455946734594, -10.612786933885241 ], [ -65.101455948822178, -10.612786933885241 ] ] ] } },
{ "type": "Feature", "properties": { "DN": 1 }, "geometry": { "type": "Polygon", "coordinates": [ [ [ -65.096705958738198, -10.613536931692394 ], [ -65.096705958738198, -10.613786930961444 ], [ -65.096955958216313, -10.613786930961444 ], [ -65.096955958216313, -10.613536931692394 ], [ -65.096705958738198, -10.613536931692394 ] ] ] } },
{ "type": "Feature", "properties": { "DN": 1 }, "geometry": { "type": "Polygon", "coordinates": [ [ [ -65.096955958216313, -10.613286932423343 ], [ -65.096955958216313, -10.613536931692394 ], [ -65.097205957694413, -10.613536931692394 ], [ -65.097205957694413, -10.613286932423343 ], [ -65.096955958216313, -10.613286932423343 ] ] ] } },
{ "type": "Feature", "properties": { "DN": 1 }, "geometry": { "type": "Polygon", "coordinates": [ [ [ -65.095705960825796, -10.613286932423343 ], [ -65.095705960825796, -10.613536931692394 ], [ -65.095955960303897, -10.613536931692394 ], [ -65.095955960303897, -10.613286932423343 ], [ -65.095705960825796, -10.613286932423343 ] ] ] } },
{ "type": "Feature", "properties": { "DN": 1 }, "geometry": { "type": "Polygon", "coordinates": [ [ [ -65.102705946212694, -10.613036933154293 ], [ -65.102705946212694, -10.613286932423343 ], [ -65.102955945690795, -10.613286932423343 ], [ -65.102955945690795, -10.613036933154293 ], [ -65.102705946212694, -10.613036933154293 ] ] ] } },
{ "type": "Feature", "properties": { "DN": 1 }, "geometry": { "type": "Polygon", "coordinates": [ [ [ -65.084955983267335, -10.611786936809038 ], [ -65.084955983267335, -10.612036936078088 ], [ -65.08470598378922, -10.612036936078088 ], [ -65.08470598378922, -10.612786933885241 ], [ -65.08445598431112, -10.612786933885241 ], [ -65.08445598431112, -10.613786930961444 ], [ -65.08470598378922, -10.613786930961444 ], [ -65.08470598378922, -10.614036930230496 ], [ -65.085705981701636, -10.614036930230496 ], [ -65.085705981701636, -10.613536931692394 ], [ -65.085955981179751, -10.613536931692394 ], [ -65.085955981179751, -10.612536934616191 ], [ -65.086205980657851, -10.612536934616191 ], [ -65.086205980657851, -10.612286935347139 ], [ -65.085955981179751, -10.612286935347139 ], [ -65.085955981179751, -10.612036936078088 ], [ -65.085705981701636, -10.612036936078088 ], [ -65.085705981701636, -10.611786936809038 ], [ -65.084955983267335, -10.611786936809038 ] ] ] } },
{ "type": "Feature", "properties": { "DN": 1 }, "geometry": { "type": "Polygon", "coordinates": [ [ [ -65.096955958216313, -10.612036936078088 ], [ -65.096955958216313, -10.613036933154293 ], [ -65.097705956650614, -10.613036933154293 ], [ -65.097705956650614, -10.612786933885241 ], [ -65.097205957694413, -10.612786933885241 ], [ -65.097205957694413, -10.612036936078088 ], [ -65.096955958216313, -10.612036936078088 ] ] ] } },
{ "type": "Feature", "properties": { "DN": 1 }, "geometry": { "type": "Polygon", "coordinates": [ [ [ -65.093955964479065, -10.612036936078088 ], [ -65.093955964479065, -10.612786933885241 ], [ -65.094455963435266, -10.612786933885241 ], [ -65.094455963435266, -10.612036936078088 ], [ -65.093955964479065, -10.612036936078088 ] ] ] } },
{ "type": "Feature", "properties": { "DN": 1 }, "geometry": { "type": "Polygon", "coordinates": [ [ [ -65.101955947778379, -10.611286938270936 ], [ -65.101955947778379, -10.611536937539988 ], [ -65.102705946212694, -10.611536937539988 ], [ -65.102705946212694, -10.611286938270936 ], [ -65.101955947778379, -10.611286938270936 ] ] ] } },
{ "type": "Feature", "properties": { "DN": 1 }, "geometry": { "type": "Polygon", "coordinates": [ [ [ -65.099705952475446, -10.610536940463783 ], [ -65.099705952475446, -10.610786939732835 ], [ -65.099955951953547, -10.610786939732835 ], [ -65.099955951953547, -10.611286938270936 ], [ -65.100455950909762, -10.611286938270936 ], [ -65.100455950909762, -10.611036939001885 ], [ -65.100205951431661, -10.611036939001885 ], [ -65.100205951431661, -10.610536940463783 ], [ -65.099705952475446, -10.610536940463783 ] ] ] } },
{ "type": "Feature", "properties": { "DN": 1 }, "geometry": { "type": "Polygon", "coordinates": [ [ [ -65.104705942037526, -10.612036936078088 ], [ -65.104705942037526, -10.612286935347139 ], [ -65.104455942559426, -10.612286935347139 ], [ -65.104455942559426, -10.612786933885241 ], [ -65.105205940993727, -10.612786933885241 ], [ -65.105205940993727, -10.612036936078088 ], [ -65.104705942037526, -10.612036936078088 ] ] ] } },
{ "type": "Feature", "properties": { "DN": 1 }, "geometry": { "type": "Polygon", "coordinates": [ [ [ -65.104455942559426, -10.611786936809038 ], [ -65.104455942559426, -10.612036936078088 ], [ -65.104705942037526, -10.612036936078088 ], [ -65.104705942037526, -10.611786936809038 ], [ -65.104455942559426, -10.611786936809038 ] ] ] } },
{ "type": "Feature", "properties": { "DN": 1 }, "geometry": { "type": "Polygon", "coordinates": [ [ [ -65.105205940993727, -10.611536937539988 ], [ -65.105205940993727, -10.612036936078088 ], [ -65.105455940471842, -10.612036936078088 ], [ -65.105455940471842, -10.611786936809038 ], [ -65.105705939949942, -10.611786936809038 ], [ -65.105705939949942, -10.611536937539988 ], [ -65.105205940993727, -10.611536937539988 ] ] ] } },
{ "type": "Feature", "properties": { "DN": 1 }, "geometry": { "type": "Polygon", "coordinates": [ [ [ -65.10870593368719, -10.610786939732835 ], [ -65.10870593368719, -10.611036939001885 ], [ -65.108205934730975, -10.611036939001885 ], [ -65.108205934730975, -10.611286938270936 ], [ -65.107955935252875, -10.611286938270936 ], [ -65.107955935252875, -10.611536937539988 ], [ -65.107705935774774, -10.611536937539988 ], [ -65.107705935774774, -10.612286935347139 ], [ -65.109205932643391, -10.612286935347139 ], [ -65.109205932643391, -10.612036936078088 ], [ -65.109455932121492, -10.612036936078088 ], [ -65.109455932121492, -10.611036939001885 ], [ -65.108955933165291, -10.611036939001885 ], [ -65.108955933165291, -10.610786939732835 ], [ -65.10870593368719, -10.610786939732835 ] ] ] } },
{ "type": "Feature", "properties": { "DN": 1 }, "geometry": { "type": "Polygon", "coordinates": [ [ [ -65.104455942559426, -10.610786939732835 ], [ -65.104455942559426, -10.611286938270936 ], [ -65.104205943081311, -10.611286938270936 ], [ -65.104205943081311, -10.611536937539988 ], [ -65.104705942037526, -10.611536937539988 ], [ -65.104705942037526, -10.611786936809038 ], [ -65.104955941515627, -10.611786936809038 ], [ -65.104955941515627, -10.611536937539988 ], [ -65.105205940993727, -10.611536937539988 ], [ -65.105205940993727, -10.611286938270936 ], [ -65.104955941515627, -10.611286938270936 ], [ -65.104955941515627, -10.610786939732835 ], [ -65.104455942559426, -10.610786939732835 ] ] ] } },
{ "type": "Feature", "properties": { "DN": 1 }, "geometry": { "type": "Polygon", "coordinates": [ [ [ -65.102955945690795, -10.610036941925681 ], [ -65.102955945690795, -10.610286941194733 ], [ -65.102705946212694, -10.610286941194733 ], [ -65.102705946212694, -10.611286938270936 ], [ -65.10345594464701, -10.611286938270936 ], [ -65.10345594464701, -10.611786936809038 ], [ -65.10370594412511, -10.611786936809038 ], [ -65.10370594412511, -10.611536937539988 ], [ -65.103955943603211, -10.611536937539988 ], [ -65.103955943603211, -10.611036939001885 ], [ -65.10370594412511, -10.611036939001885 ], [ -65.10370594412511, -10.610286941194733 ], [ -65.10345594464701, -10.610286941194733 ], [ -65.10345594464701, -10.610036941925681 ], [ -65.102955945690795, -10.610036941925681 ] ] ] } },
{ "type": "Feature", "properties": { "DN": 1 }, "geometry": { "type": "Polygon", "coordinates": [ [ [ -65.105955939428043, -10.610536940463783 ], [ -65.105955939428043, -10.610786939732835 ], [ -65.106205938906143, -10.610786939732835 ], [ -65.106205938906143, -10.610536940463783 ], [ -65.105955939428043, -10.610536940463783 ] ] ] } },
{ "type": "Feature", "properties": { "DN": 1 }, "geometry": { "type": "Polygon", "coordinates": [ [ [ -65.106455938384244, -10.609786942656632 ], [ -65.106455938384244, -10.610536940463783 ], [ -65.106705937862358, -10.610536940463783 ], [ -65.106705937862358, -10.609786942656632 ], [ -65.106455938384244, -10.609786942656632 ] ] ] } },
{ "type": "Feature", "properties": { "DN": 1 }, "geometry": { "type": "Polygon", "coordinates": [ [ [ -65.104955941515627, -10.60928694411853 ], [ -65.104955941515627, -10.609786942656632 ], [ -65.104705942037526, -10.609786942656632 ], [ -65.104705942037526, -10.610536940463783 ], [ -65.105705939949942, -10.610536940463783 ], [ -65.105705939949942, -10.610286941194733 ], [ -65.105955939428043, -10.610286941194733 ], [ -65.105955939428043, -10.610036941925681 ], [ -65.106205938906143, -10.610036941925681 ], [ -65.106205938906143, -10.609786942656632 ], [ -65.105955939428043, -10.609786942656632 ], [ -65.105955939428043, -10.60953694338758 ], [ -65.105455940471842, -10.60953694338758 ], [ -65.105455940471842, -10.609786942656632 ], [ -65.105205940993727, -10.609786942656632 ], [ -65.105205940993727, -10.60928694411853 ], [ -65.104955941515627, -10.60928694411853 ] ] ] } },
{ "type": "Feature", "properties": { "DN": 1 }, "geometry": { "type": "Polygon", "coordinates": [ [ [ -65.10345594464701, -10.60928694411853 ], [ -65.10345594464701, -10.60953694338758 ], [ -65.103955943603211, -10.60953694338758 ], [ -65.103955943603211, -10.60928694411853 ], [ -65.10345594464701, -10.60928694411853 ] ] ] } },
{ "type": "Feature", "properties": { "DN": 1 }, "geometry": { "type": "Polygon", "coordinates": [ [ [ -65.101455948822178, -10.609036944849478 ], [ -65.100955949865963, -10.609036944849478 ], [ -65.100955949865963, -10.60928694411853 ], [ -65.100705950387862, -10.60928694411853 ], [ -65.100705950387862, -10.60953694338758 ], [ -65.100455950909762, -10.60953694338758 ], [ -65.100455950909762, -10.611036939001885 ], [ -65.100705950387862, -10.611036939001885 ], [ -65.100705950387862, -10.612036936078088 ], [ -65.101205949344077, -10.612036936078088 ], [ -65.101205949344077, -10.611536937539988 ], [ -65.100955949865963, -10.611536937539988 ], [ -65.100955949865963, -10.610786939732835 ], [ -65.101205949344077, -10.610786939732835 ], [ -65.101205949344077, -10.611036939001885 ], [ -65.101955947778379, -10.611036939001885 ], [ -65.101955947778379, -10.610536940463783 ], [ -65.101705948300278, -10.610536940463783 ], [ -65.101705948300278, -10.610286941194733 ], [ -65.101455948822178, -10.610286941194733 ], [ -65.101455948822178, -10.609036944849478 ] ], [ [ -65.101455948822178, -10.610536940463783 ], [ -65.101205949344077, -10.610536940463783 ], [ -65.101205949344077, -10.610286941194733 ], [ -65.101455948822178, -10.610286941194733 ], [ -65.101455948822178, -10.610536940463783 ] ] ] } },
{ "type": "Feature", "properties": { "DN": 1 }, "geometry": { "type": "Polygon", "coordinates": [ [ [ -65.099205953519245, -10.610036941925681 ], [ -65.099205953519245, -10.610286941194733 ], [ -65.100205951431661, -10.610286941194733 ], [ -65.100205951431661, -10.610036941925681 ], [ -65.099205953519245, -10.610036941925681 ] ] ] } },
{ "type": "Feature", "properties": { "DN": 1 }, "geometry": { "type": "Polygon", "coordinates": [ [ [ -65.099205953519245, -10.60953694338758 ], [ -65.099205953519245, -10.609786942656632 ], [ -65.099455952997346, -10.609786942656632 ], [ -65.099455952997346, -10.60953694338758 ], [ -65.099205953519245, -10.60953694338758 ] ] ] } },
{ "type": "Feature", "properties": { "DN": 1 }, "geometry": { "type": "Polygon", "coordinates": [ [ [ -65.098955954041145, -10.60928694411853 ], [ -65.098955954041145, -10.60953694338758 ], [ -65.099205953519245, -10.60953694338758 ], [ -65.099205953519245, -10.60928694411853 ], [ -65.098955954041145, -10.60928694411853 ] ] ] } },
{ "type": "Feature", "properties": { "DN": 1 }, "geometry": { "type": "Polygon", "coordinates": [ [ [ -65.089205974395099, -10.609036944849478 ], [ -65.089205974395099, -10.60928694411853 ], [ -65.0894559738732, -10.60928694411853 ], [ -65.0894559738732, -10.609036944849478 ], [ -65.089205974395099, -10.609036944849478 ] ] ] } },
{ "type": "Feature", "properties": { "DN": 1 }, "geometry": { "type": "Polygon", "coordinates": [ [ [ -65.080705992139571, -10.608036947773275 ], [ -65.080705992139571, -10.608286947042327 ], [ -65.08045599266147, -10.608286947042327 ], [ -65.08045599266147, -10.609036944849478 ], [ -65.080705992139571, -10.609036944849478 ], [ -65.080705992139571, -10.60953694338758 ], [ -65.080955991617671, -10.60953694338758 ], [ -65.080955991617671, -10.609786942656632 ], [ -65.081705990051987, -10.609786942656632 ], [ -65.081705990051987, -10.608786945580428 ], [ -65.081455990573872, -10.608786945580428 ], [ -65.081455990573872, -10.608286947042327 ], [ -65.081205991095771, -10.608286947042327 ], [ -65.081205991095771, -10.608036947773275 ], [ -65.080705992139571, -10.608036947773275 ] ] ] } },
{ "type": "Feature", "properties": { "DN": 1 }, "geometry": { "type": "Polygon", "coordinates": [ [ [ -65.101455948822178, -10.608286947042327 ], [ -65.101455948822178, -10.608536946311377 ], [ -65.101705948300278, -10.608536946311377 ], [ -65.101705948300278, -10.608286947042327 ], [ -65.101455948822178, -10.608286947042327 ] ] ] } },
{ "type": "Feature", "properties": { "DN": 1 }, "geometry": { "type": "Polygon", "coordinates": [ [ [ -65.100455950909762, -10.606536952158971 ], [ -65.100455950909762, -10.60678695142802 ], [ -65.099705952475446, -10.60678695142802 ], [ -65.099705952475446, -10.607786948504224 ], [ -65.100455950909762, -10.607786948504224 ], [ -65.100455950909762, -10.607286949966122 ], [ -65.100705950387862, -10.607286949966122 ], [ -65.100705950387862, -10.606536952158971 ], [ -65.100455950909762, -10.606536952158971 ] ] ] } },
{ "type": "Feature", "properties": { "DN": 1 }, "geometry": { "type": "Polygon", "coordinates": [ [ [ -65.101705948300278, -10.605786954351817 ], [ -65.101705948300278, -10.606286952889919 ], [ -65.101455948822178, -10.606286952889919 ], [ -65.101455948822178, -10.606536952158971 ], [ -65.101205949344077, -10.606536952158971 ], [ -65.101205949344077, -10.607286949966122 ], [ -65.101455948822178, -10.607286949966122 ], [ -65.101455948822178, -10.607786948504224 ], [ -65.101705948300278, -10.607786948504224 ], [ -65.101705948300278, -10.608286947042327 ], [ -65.102205947256493, -10.608286947042327 ], [ -65.102205947256493, -10.607786948504224 ], [ -65.101955947778379, -10.607786948504224 ], [ -65.101955947778379, -10.607286949966122 ], [ -65.102205947256493, -10.607286949966122 ], [ -65.102205947256493, -10.607036950697072 ], [ -65.101705948300278, -10.607036950697072 ], [ -65.101705948300278, -10.60678695142802 ], [ -65.101955947778379, -10.60678695142802 ], [ -65.101955947778379, -10.606286952889919 ], [ -65.102205947256493, -10.606286952889919 ], [ -65.102205947256493, -10.605786954351817 ], [ -65.101705948300278, -10.605786954351817 ] ] ] } },
{ "type": "Feature", "properties": { "DN": 1 }, "geometry": { "type": "Polygon", "coordinates": [ [ [ -65.102705946212694, -10.606536952158971 ], [ -65.102705946212694, -10.60678695142802 ], [ -65.103205945168895, -10.60678695142802 ], [ -65.103205945168895, -10.606536952158971 ], [ -65.102705946212694, -10.606536952158971 ] ] ] } },
{ "type": "Feature", "properties": { "DN": 1 }, "geometry": { "type": "Polygon", "coordinates": [ [ [ -65.222705695702473, -10.629286885642596 ], [ -65.222705695702473, -10.629536884911648 ], [ -65.222955695180588, -10.629536884911648 ], [ -65.222955695180588, -10.629286885642596 ], [ -65.222705695702473, -10.629286885642596 ] ] ] } },
{ "type": "Feature", "properties": { "DN": 1 }, "geometry": { "type": "Polygon", "coordinates": [ [ [ -65.229705681089385, -10.626036895144935 ], [ -65.229455681611284, -10.626036895144935 ], [ -65.229455681611284, -10.626286894413987 ], [ -65.229697088424942, -10.626286894413987 ], [ -65.229705681089385, -10.626127055125867 ], [ -65.229705681089385, -10.626036895144935 ] ] ] } },
{ "type": "Feature", "properties": { "DN": 1 }, "geometry": { "type": "Polygon", "coordinates": [ [ [ -65.228955682655069, -10.625286897337784 ], [ -65.228955682655069, -10.625536896606834 ], [ -65.229455681611284, -10.625536896606834 ], [ -65.229455681611284, -10.625286897337784 ], [ -65.228955682655069, -10.625286897337784 ] ] ] } },
{ "type": "Feature", "properties": { "DN": 1 }, "geometry": { "type": "Polygon", "coordinates": [ [ [ -65.229455681611284, -10.624786898799682 ], [ -65.229455681611284, -10.625286897337784 ], [ -65.229705681089385, -10.625286897337784 ], [ -65.229705681089385, -10.624786898799682 ], [ -65.229455681611284, -10.624786898799682 ] ] ] } },
{ "type": "Feature", "properties": { "DN": 1 }, "geometry": { "type": "Polygon", "coordinates": [ [ [ -65.22920568213317, -10.623786901723477 ], [ -65.22920568213317, -10.624036900992529 ], [ -65.229705681089385, -10.624036900992529 ], [ -65.229705681089385, -10.623786901723477 ], [ -65.22920568213317, -10.623786901723477 ] ] ] } },
{ "type": "Feature", "properties": { "DN": 1 }, "geometry": { "type": "Polygon", "coordinates": [ [ [ -65.22920568213317, -10.623036903916326 ], [ -65.22920568213317, -10.623536902454427 ], [ -65.229705681089385, -10.623536902454427 ], [ -65.229705681089385, -10.623286903185376 ], [ -65.229455681611284, -10.623286903185376 ], [ -65.229455681611284, -10.623036903916326 ], [ -65.22920568213317, -10.623036903916326 ] ] ] } },
{ "type": "Feature", "properties": { "DN": 1 }, "geometry": { "type": "Polygon", "coordinates": [ [ [ -65.229455681611284, -10.622286906109172 ], [ -65.229455681611284, -10.622786904647274 ], [ -65.229705681089385, -10.622786904647274 ], [ -65.229705681089385, -10.622286906109172 ], [ -65.229455681611284, -10.622286906109172 ] ] ] } },
{ "type": "Feature", "properties": { "DN": 1 }, "geometry": { "type": "Polygon", "coordinates": [ [ [ -65.227955684742653, -10.621786907571071 ], [ -65.227955684742653, -10.622036906840123 ], [ -65.228205684220754, -10.622036906840123 ], [ -65.228205684220754, -10.621786907571071 ], [ -65.227955684742653, -10.621786907571071 ] ] ] } },
{ "type": "Feature", "properties": { "DN": 1 }, "geometry": { "type": "Polygon", "coordinates": [ [ [ -65.267205602804935, -10.565287072765582 ], [ -65.267205602804935, -10.56453707495843 ], [ -65.266955603326835, -10.56453707495843 ], [ -65.266955603326835, -10.564287075689379 ], [ -65.266455604370634, -10.564287075689379 ], [ -65.266455604370634, -10.56453707495843 ], [ -65.266705603848735, -10.56453707495843 ], [ -65.266705603848735, -10.56478707422748 ], [ -65.266455604370634, -10.56478707422748 ], [ -65.266455604370634, -10.565253983926493 ], [ -65.267038012827882, -10.565287072765582 ], [ -65.267205602804935, -10.565287072765582 ] ] ] } },
{ "type": "Feature", "properties": { "DN": 1 }, "geometry": { "type": "Polygon", "coordinates": [ [ [ -65.222955695180588, -10.621536908302021 ], [ -65.222955695180588, -10.621786907571071 ], [ -65.223205694658688, -10.621786907571071 ], [ -65.223205694658688, -10.621536908302021 ], [ -65.222955695180588, -10.621536908302021 ] ] ] } },
{ "type": "Feature", "properties": { "DN": 1 }, "geometry": { "type": "Polygon", "coordinates": [ [ [ -65.223205694658688, -10.621286909032969 ], [ -65.223205694658688, -10.621536908302021 ], [ -65.223455694136788, -10.621536908302021 ], [ -65.223455694136788, -10.621286909032969 ], [ -65.223205694658688, -10.621286909032969 ] ] ] } },
{ "type": "Feature", "properties": { "DN": 1 }, "geometry": { "type": "Polygon", "coordinates": [ [ [ -65.222205696746272, -10.620286911956766 ], [ -65.222205696746272, -10.620786910494868 ], [ -65.222455696224372, -10.620786910494868 ], [ -65.222455696224372, -10.621536908302021 ], [ -65.222955695180588, -10.621536908302021 ], [ -65.222955695180588, -10.621286909032969 ], [ -65.223205694658688, -10.621286909032969 ], [ -65.223205694658688, -10.620786910494868 ], [ -65.222705695702473, -10.620786910494868 ], [ -65.222705695702473, -10.620286911956766 ], [ -65.222205696746272, -10.620286911956766 ] ] ] } },
{ "type": "Feature", "properties": { "DN": 1 }, "geometry": { "type": "Polygon", "coordinates": [ [ [ -65.224955691005405, -10.620286911956766 ], [ -65.224955691005405, -10.620536911225818 ], [ -65.22520569048352, -10.620536911225818 ], [ -65.22520569048352, -10.620286911956766 ], [ -65.224955691005405, -10.620286911956766 ] ] ] } },
{ "type": "Feature", "properties": { "DN": 1 }, "geometry": { "type": "Polygon", "coordinates": [ [ [ -65.229955680567485, -10.619036915611511 ], [ -65.230086833873585, -10.619036915611511 ], [ -65.230140591866501, -10.618036918535308 ], [ -65.229705681089385, -10.618036918535308 ], [ -65.229705681089385, -10.619536914149613 ], [ -65.229455681611284, -10.619536914149613 ], [ -65.229455681611284, -10.620286911956766 ], [ -65.22920568213317, -10.620286911956766 ], [ -65.22920568213317, -10.620536911225818 ], [ -65.229705681089385, -10.620536911225818 ], [ -65.229705681089385, -10.620786910494868 ], [ -65.229455681611284, -10.620786910494868 ], [ -65.229455681611284, -10.621036909763919 ], [ -65.229705681089385, -10.621036909763919 ], [ -65.229705681089385, -10.622286906109172 ], [ -65.229912120396605, -10.622286906109172 ], [ -65.229955680567485, -10.621476607190811 ], [ -65.229955680567485, -10.619036915611511 ] ] ] } },
{ "type": "Feature", "properties": { "DN": 1 }, "geometry": { "type": "Polygon", "coordinates": [ [ [ -65.224705691527305, -10.619786913418665 ], [ -65.224705691527305, -10.620286911956766 ], [ -65.224955691005405, -10.620286911956766 ], [ -65.224955691005405, -10.619786913418665 ], [ -65.224705691527305, -10.619786913418665 ] ] ] } },
{ "type": "Feature", "properties": { "DN": 1 }, "geometry": { "type": "Polygon", "coordinates": [ [ [ -65.228205684220754, -10.61853691707341 ], [ -65.228205684220754, -10.619036915611511 ], [ -65.228705683176969, -10.619036915611511 ], [ -65.228705683176969, -10.618786916342462 ], [ -65.228455683698868, -10.618786916342462 ], [ -65.228455683698868, -10.61853691707341 ], [ -65.228205684220754, -10.61853691707341 ] ] ] } },
{ "type": "Feature", "properties": { "DN": 1 }, "geometry": { "type": "Polygon", "coordinates": [ [ [ -65.224205692571104, -10.618036918535308 ], [ -65.224205692571104, -10.61828691780436 ], [ -65.224455692049204, -10.61828691780436 ], [ -65.224455692049204, -10.618036918535308 ], [ -65.224205692571104, -10.618036918535308 ] ] ] } },
{ "type": "Feature", "properties": { "DN": 1 }, "geometry": { "type": "Polygon", "coordinates": [ [ [ -65.223955693092989, -10.617786919266258 ], [ -65.223955693092989, -10.618036918535308 ], [ -65.224205692571104, -10.618036918535308 ], [ -65.224205692571104, -10.617786919266258 ], [ -65.223955693092989, -10.617786919266258 ] ] ] } },
{ "type": "Feature", "properties": { "DN": 1 }, "geometry": { "type": "Polygon", "coordinates": [ [ [ -65.229955680567485, -10.608536946311377 ], [ -65.229955680567485, -10.608786945580428 ], [ -65.229705681089385, -10.608786945580428 ], [ -65.229705681089385, -10.609036944849478 ], [ -65.229955680567485, -10.609036944849478 ], [ -65.229955680567485, -10.60928694411853 ], [ -65.230205680045586, -10.60928694411853 ], [ -65.230205680045586, -10.60953694338758 ], [ -65.230597558939394, -10.60953694338758 ], [ -65.230638023145147, -10.608784275951226 ], [ -65.230651320585906, -10.608536946311377 ], [ -65.229955680567485, -10.608536946311377 ] ] ] } },
{ "type": "Feature", "properties": { "DN": 1 }, "geometry": { "type": "Polygon", "coordinates": [ [ [ -65.281955572013061, -10.561037085191717 ], [ -65.281205573578745, -10.561037085191717 ], [ -65.281205573578745, -10.560537086653616 ], [ -65.281455573056846, -10.560537086653616 ], [ -65.281455573056846, -10.559787088846463 ], [ -65.28170557253496, -10.559787088846463 ], [ -65.28170557253496, -10.559537089577413 ], [ -65.281205573578745, -10.559537089577413 ], [ -65.281205573578745, -10.559787088846463 ], [ -65.280955574100645, -10.559787088846463 ], [ -65.280955574100645, -10.560287087384566 ], [ -65.280705574622544, -10.560287087384566 ], [ -65.280705574622544, -10.560537086653616 ], [ -65.280955574100645, -10.560537086653616 ], [ -65.280955574100645, -10.561037085191717 ], [ -65.280705574622544, -10.561037085191717 ], [ -65.280705574622544, -10.561287084460769 ], [ -65.28170557253496, -10.561287084460769 ], [ -65.28170557253496, -10.56141742790274 ], [ -65.281955572013061, -10.561431201436669 ], [ -65.281955572013061, -10.561037085191717 ] ] ] } },
{ "type": "Feature", "properties": { "DN": 1 }, "geometry": { "type": "Polygon", "coordinates": [ [ [ -65.281955572013061, -10.559537089577413 ], [ -65.281955572013061, -10.559787088846463 ], [ -65.28170557253496, -10.559787088846463 ], [ -65.28170557253496, -10.560537086653616 ], [ -65.281955572013061, -10.560537086653616 ], [ -65.281955572013061, -10.560287087384566 ], [ -65.282205571491161, -10.560287087384566 ], [ -65.282205571491161, -10.559537089577413 ], [ -65.281955572013061, -10.559537089577413 ] ] ] } },
{ "type": "Feature", "properties": { "DN": 1 }, "geometry": { "type": "Polygon", "coordinates": [ [ [ -65.283705568359778, -10.559037091039311 ], [ -65.283705568359778, -10.559787088846463 ], [ -65.283955567837893, -10.559787088846463 ], [ -65.283955567837893, -10.559537089577413 ], [ -65.284205567315993, -10.559537089577413 ], [ -65.284205567315993, -10.559287090308361 ], [ -65.283955567837893, -10.559287090308361 ], [ -65.283955567837893, -10.559037091039311 ], [ -65.283705568359778, -10.559037091039311 ] ] ] } },
{ "type": "Feature", "properties": { "DN": 1 }, "geometry": { "type": "Polygon", "coordinates": [ [ [ -65.281455573056846, -10.559037091039311 ], [ -65.281455573056846, -10.559287090308361 ], [ -65.28170557253496, -10.559287090308361 ], [ -65.28170557253496, -10.559037091039311 ], [ -65.281455573056846, -10.559037091039311 ] ] ] } },
{ "type": "Feature", "properties": { "DN": 1 }, "geometry": { "type": "Polygon", "coordinates": [ [ [ -65.283955567837893, -10.55878709177026 ], [ -65.283955567837893, -10.559037091039311 ], [ -65.284205567315993, -10.559037091039311 ], [ -65.284205567315993, -10.55878709177026 ], [ -65.283955567837893, -10.55878709177026 ] ] ] } },
{ "type": "Feature", "properties": { "DN": 1 }, "geometry": { "type": "Polygon", "coordinates": [ [ [ -65.281955572013061, -10.55853709250121 ], [ -65.281955572013061, -10.55878709177026 ], [ -65.28170557253496, -10.55878709177026 ], [ -65.28170557253496, -10.559037091039311 ], [ -65.282205571491161, -10.559037091039311 ], [ -65.282205571491161, -10.55853709250121 ], [ -65.281955572013061, -10.55853709250121 ] ] ] } },
{ "type": "Feature", "properties": { "DN": 1 }, "geometry": { "type": "Polygon", "coordinates": [ [ [ -65.292705549571522, -10.476037333714432 ], [ -65.292455550093408, -10.476037333714432 ], [ -65.292455550093408, -10.47803732786684 ], [ -65.29266921548917, -10.47803732786684 ], [ -65.292705549571522, -10.477366108069281 ], [ -65.292705549571522, -10.476037333714432 ] ] ] } },
{ "type": "Feature", "properties": { "DN": 1 }, "geometry": { "type": "Polygon", "coordinates": [ [ [ -65.292205550615307, -10.461287376840433 ], [ -65.292205550615307, -10.461537376109483 ], [ -65.291955551137207, -10.461537376109483 ], [ -65.291955551137207, -10.461787375378535 ], [ -65.292205550615307, -10.461787375378535 ], [ -65.292205550615307, -10.462037374647586 ], [ -65.291955551137207, -10.462037374647586 ], [ -65.291955551137207, -10.462287373916636 ], [ -65.292205550615307, -10.462287373916636 ], [ -65.292205550615307, -10.462537373185688 ], [ -65.292455550093408, -10.462537373185688 ], [ -65.292455550093408, -10.463037371723789 ], [ -65.292955549049623, -10.463037371723789 ], [ -65.292955549049623, -10.462287373916636 ], [ -65.292705549571522, -10.462287373916636 ], [ -65.292705549571522, -10.462037374647586 ], [ -65.292455550093408, -10.462037374647586 ], [ -65.292455550093408, -10.461787375378535 ], [ -65.292705549571522, -10.461787375378535 ], [ -65.292705549571522, -10.461287376840433 ], [ -65.292205550615307, -10.461287376840433 ] ] ] } },
{ "type": "Feature", "properties": { "DN": 1 }, "geometry": { "type": "Polygon", "coordinates": [ [ [ -65.293455548005824, -10.46028737976423 ], [ -65.293455548005824, -10.460787378302332 ], [ -65.293205548527723, -10.460787378302332 ], [ -65.293205548527723, -10.461537376109483 ], [ -65.293455548005824, -10.461537376109483 ], [ -65.293455548005824, -10.461037377571381 ], [ -65.293589474237081, -10.461037377571381 ], [ -65.293599076431406, -10.460860001460693 ], [ -65.293630076690846, -10.46028737976423 ], [ -65.293455548005824, -10.46028737976423 ] ] ] } },
{ "type": "Feature", "properties": { "DN": 1 }, "geometry": { "type": "Polygon", "coordinates": [ [ [ -65.293205548527723, -10.459287382688027 ], [ -65.293205548527723, -10.459537381957077 ], [ -65.293455548005824, -10.459537381957077 ], [ -65.293455548005824, -10.459287382688027 ], [ -65.293205548527723, -10.459287382688027 ] ] ] } },
{ "type": "Feature", "properties": { "DN": 1 }, "geometry": { "type": "Polygon", "coordinates": [ [ [ -65.293705547483938, -10.458787384149925 ], [ -65.293205548527723, -10.458787384149925 ], [ -65.293205548527723, -10.458537384880874 ], [ -65.292955549049623, -10.458537384880874 ], [ -65.292955549049623, -10.459037383418975 ], [ -65.293455548005824, -10.459037383418975 ], [ -65.293455548005824, -10.459287382688027 ], [ -65.293684213949362, -10.459287382688027 ], [ -65.293705547483938, -10.45889332002594 ], [ -65.293705547483938, -10.458787384149925 ] ] ] } },
{ "type": "Feature", "properties": { "DN": 1 }, "geometry": { "type": "Polygon", "coordinates": [ [ [ -65.292205550615307, -10.458287385611824 ], [ -65.292205550615307, -10.458537384880874 ], [ -65.292705549571522, -10.458537384880874 ], [ -65.292705549571522, -10.458287385611824 ], [ -65.292205550615307, -10.458287385611824 ] ] ] } },
{ "type": "Feature", "properties": { "DN": 1 }, "geometry": { "type": "Polygon", "coordinates": [ [ [ -65.282705570447376, -10.55853709250121 ], [ -65.282705570447376, -10.55878709177026 ], [ -65.283205569403577, -10.55878709177026 ], [ -65.283205569403577, -10.55853709250121 ], [ -65.282705570447376, -10.55853709250121 ] ] ] } },
{ "type": "Feature", "properties": { "DN": 1 }, "geometry": { "type": "Polygon", "coordinates": [ [ [ -65.283455568881678, -10.558037093963108 ], [ -65.283455568881678, -10.559037091039311 ], [ -65.283705568359778, -10.559037091039311 ], [ -65.283705568359778, -10.55853709250121 ], [ -65.283955567837893, -10.55853709250121 ], [ -65.283955567837893, -10.558287093232158 ], [ -65.283705568359778, -10.558287093232158 ], [ -65.283705568359778, -10.558037093963108 ], [ -65.283455568881678, -10.558037093963108 ] ] ] } },
{ "type": "Feature", "properties": { "DN": 1 }, "geometry": { "type": "Polygon", "coordinates": [ [ [ -65.278955578275813, -10.557537095425007 ], [ -65.278955578275813, -10.557787094694056 ], [ -65.279205577753913, -10.557787094694056 ], [ -65.279205577753913, -10.557537095425007 ], [ -65.278955578275813, -10.557537095425007 ] ] ] } },
{ "type": "Feature", "properties": { "DN": 1 }, "geometry": { "type": "Polygon", "coordinates": [ [ [ -65.288455558443758, -10.553037108582091 ], [ -65.288455558443758, -10.553287107851142 ], [ -65.288205558965657, -10.553287107851142 ], [ -65.288205558965657, -10.552787109313041 ], [ -65.287455560531342, -10.552787109313041 ], [ -65.287455560531342, -10.553037108582091 ], [ -65.287705560009442, -10.553037108582091 ], [ -65.287705560009442, -10.553287107851142 ], [ -65.287205561053241, -10.553287107851142 ], [ -65.287205561053241, -10.553537107120192 ], [ -65.286705562097026, -10.553537107120192 ], [ -65.286705562097026, -10.554037105658294 ], [ -65.286455562618926, -10.554037105658294 ], [ -65.286455562618926, -10.553787106389244 ], [ -65.286205563140825, -10.553787106389244 ], [ -65.286205563140825, -10.554037105658294 ], [ -65.285955563662711, -10.554037105658294 ], [ -65.285955563662711, -10.554287104927345 ], [ -65.28570556418461, -10.554287104927345 ], [ -65.28570556418461, -10.554537104196395 ], [ -65.286455562618926, -10.554537104196395 ], [ -65.286455562618926, -10.554287104927345 ], [ -65.286955561575127, -10.554287104927345 ], [ -65.286955561575127, -10.554537104196395 ], [ -65.287455560531342, -10.554537104196395 ], [ -65.287455560531342, -10.554787103465447 ], [ -65.287205561053241, -10.554787103465447 ], [ -65.287205561053241, -10.555037102734497 ], [ -65.286955561575127, -10.555037102734497 ], [ -65.286955561575127, -10.555287102003549 ], [ -65.286705562097026, -10.555287102003549 ], [ -65.286705562097026, -10.55578710054165 ], [ -65.286455562618926, -10.55578710054165 ], [ -65.286455562618926, -10.556037099810702 ], [ -65.286705562097026, -10.556037099810702 ], [ -65.286705562097026, -10.556787097617853 ], [ -65.286955561575127, -10.556787097617853 ], [ -65.286955561575127, -10.557037096886905 ], [ -65.287205561053241, -10.557037096886905 ], [ -65.287205561053241, -10.557537095425007 ], [ -65.287455560531342, -10.557537095425007 ], [ -65.287455560531342, -10.558037093963108 ], [ -65.287205561053241, -10.558037093963108 ], [ -65.287205561053241, -10.55878709177026 ], [ -65.287455560531342, -10.55878709177026 ], [ -65.287455560531342, -10.559037091039311 ], [ -65.287705560009442, -10.559037091039311 ], [ -65.287705560009442, -10.559287090308361 ], [ -65.287455560531342, -10.559287090308361 ], [ -65.287455560531342, -10.559537089577413 ], [ -65.287205561053241, -10.559537089577413 ], [ -65.287205561053241, -10.559287090308361 ], [ -65.286955561575127, -10.559287090308361 ], [ -65.286955561575127, -10.559037091039311 ], [ -65.286705562097026, -10.559037091039311 ], [ -65.286705562097026, -10.55878709177026 ], [ -65.286205563140825, -10.55878709177026 ], [ -65.286205563140825, -10.558287093232158 ], [ -65.285955563662711, -10.558287093232158 ], [ -65.285955563662711, -10.558037093963108 ], [ -65.28545556470651, -10.558037093963108 ], [ -65.28545556470651, -10.557287096155955 ], [ -65.285205565228409, -10.557287096155955 ], [ -65.285205565228409, -10.557037096886905 ], [ -65.284705566272194, -10.557037096886905 ], [ -65.284705566272194, -10.556537098348802 ], [ -65.285205565228409, -10.556537098348802 ], [ -65.285205565228409, -10.556287099079752 ], [ -65.28545556470651, -10.556287099079752 ], [ -65.28545556470651, -10.55578710054165 ], [ -65.285205565228409, -10.55578710054165 ], [ -65.285205565228409, -10.556037099810702 ], [ -65.284455566794094, -10.556037099810702 ], [ -65.284455566794094, -10.555537101272598 ], [ -65.283955567837893, -10.555537101272598 ], [ -65.283955567837893, -10.555287102003549 ], [ -65.283455568881678, -10.555287102003549 ], [ -65.283455568881678, -10.554787103465447 ], [ -65.283205569403577, -10.554787103465447 ], [ -65.283205569403577, -10.555287102003549 ], [ -65.282955569925477, -10.555287102003549 ], [ -65.282955569925477, -10.55578710054165 ], [ -65.282205571491161, -10.55578710054165 ], [ -65.282205571491161, -10.556037099810702 ], [ -65.281955572013061, -10.556037099810702 ], [ -65.281955572013061, -10.556787097617853 ], [ -65.283205569403577, -10.556787097617853 ], [ -65.283205569403577, -10.557037096886905 ], [ -65.283455568881678, -10.557037096886905 ], [ -65.283455568881678, -10.556787097617853 ], [ -65.283955567837893, -10.556787097617853 ], [ -65.283955567837893, -10.557037096886905 ], [ -65.284205567315993, -10.557037096886905 ], [ -65.284205567315993, -10.557287096155955 ], [ -65.283955567837893, -10.557287096155955 ], [ -65.283955567837893, -10.557787094694056 ], [ -65.284205567315993, -10.557787094694056 ], [ -65.284205567315993, -10.55853709250121 ], [ -65.284455566794094, -10.55853709250121 ], [ -65.284455566794094, -10.55878709177026 ], [ -65.284705566272194, -10.55878709177026 ], [ -65.284705566272194, -10.559037091039311 ], [ -65.284455566794094, -10.559037091039311 ], [ -65.284455566794094, -10.559287090308361 ], [ -65.284705566272194, -10.559287090308361 ], [ -65.284705566272194, -10.559787088846463 ], [ -65.285205565228409, -10.559787088846463 ], [ -65.285205565228409, -10.560037088115514 ], [ -65.28545556470651, -10.560037088115514 ], [ -65.28545556470651, -10.560287087384566 ], [ -65.285955563662711, -10.560287087384566 ], [ -65.285955563662711, -10.560537086653616 ], [ -65.286205563140825, -10.560537086653616 ], [ -65.286205563140825, -10.560787085922666 ], [ -65.286705562097026, -10.560787085922666 ], [ -65.286705562097026, -10.561537083729819 ], [ -65.286455562618926, -10.561537083729819 ], [ -65.286455562618926, -10.561287084460769 ], [ -65.285955563662711, -10.561287084460769 ], [ -65.285955563662711, -10.561537083729819 ], [ -65.286205563140825, -10.561537083729819 ], [ -65.286205563140825, -10.561665351513463 ], [ -65.287205561053241, -10.561720445649181 ], [ -65.287205561053241, -10.561287084460769 ], [ -65.287705560009442, -10.561287084460769 ], [ -65.287705560009442, -10.561747992717038 ], [ -65.288137852226399, -10.561771809532829 ], [ -65.288164874881176, -10.561287084460769 ], [ -65.287955559487543, -10.561287084460769 ], [ -65.287955559487543, -10.560787085922666 ], [ -65.288192749007479, -10.560787085922666 ], [ -65.288205558965657, -10.560557304357632 ], [ -65.288205558965657, -10.560287087384566 ], [ -65.287705560009442, -10.560287087384566 ], [ -65.287705560009442, -10.560037088115514 ], [ -65.287955559487543, -10.560037088115514 ], [ -65.287955559487543, -10.559537089577413 ], [ -65.288205558965657, -10.559537089577413 ], [ -65.288205558965657, -10.558287093232158 ], [ -65.288328683652423, -10.558287093232158 ], [ -65.288395837215589, -10.557037096886905 ], [ -65.288205558965657, -10.557037096886905 ], [ -65.288205558965657, -10.556787097617853 ], [ -65.28840926792823, -10.556787097617853 ], [ -65.288455558443758, -10.555925446016548 ], [ -65.288455558443758, -10.55578710054165 ], [ -65.288205558965657, -10.55578710054165 ], [ -65.288205558965657, -10.555537101272598 ], [ -65.288455558443758, -10.555537101272598 ], [ -65.288455558443758, -10.553537107120192 ], [ -65.288583867192457, -10.553537107120192 ], [ -65.288610728617726, -10.553037108582091 ], [ -65.288455558443758, -10.553037108582091 ] ], [ [ -65.284455566794094, -10.556287099079752 ], [ -65.284205567315993, -10.556287099079752 ], [ -65.284205567315993, -10.556037099810702 ], [ -65.284455566794094, -10.556037099810702 ], [ -65.284455566794094, -10.556287099079752 ] ], [ [ -65.287705560009442, -10.560787085922666 ], [ -65.287705560009442, -10.560537086653616 ], [ -65.287955559487543, -10.560537086653616 ], [ -65.287955559487543, -10.560787085922666 ], [ -65.287705560009442, -10.560787085922666 ] ], [ [ -65.287955559487543, -10.554537104196395 ], [ -65.287705560009442, -10.554537104196395 ], [ -65.287705560009442, -10.554287104927345 ], [ -65.287955559487543, -10.554287104927345 ], [ -65.287955559487543, -10.554537104196395 ] ], [ [ -65.287705560009442, -10.556037099810702 ], [ -65.287955559487543, -10.556037099810702 ], [ -65.287955559487543, -10.556537098348802 ], [ -65.287705560009442, -10.556537098348802 ], [ -65.287705560009442, -10.556787097617853 ], [ -65.287455560531342, -10.556787097617853 ], [ -65.287455560531342, -10.556287099079752 ], [ -65.287205561053241, -10.556287099079752 ], [ -65.287205561053241, -10.55578710054165 ], [ -65.287455560531342, -10.55578710054165 ], [ -65.287455560531342, -10.555537101272598 ], [ -65.287705560009442, -10.555537101272598 ], [ -65.287705560009442, -10.556037099810702 ] ], [ [ -65.283705568359778, -10.556537098348802 ], [ -65.283455568881678, -10.556537098348802 ], [ -65.283455568881678, -10.556287099079752 ], [ -65.283705568359778, -10.556287099079752 ], [ -65.283705568359778, -10.556537098348802 ] ], [ [ -65.285955563662711, -10.559537089577413 ], [ -65.28570556418461, -10.559537089577413 ], [ -65.28570556418461, -10.559287090308361 ], [ -65.285955563662711, -10.559287090308361 ], [ -65.285955563662711, -10.559537089577413 ] ], [ [ -65.286205563140825, -10.559787088846463 ], [ -65.286205563140825, -10.559537089577413 ], [ -65.286455562618926, -10.559537089577413 ], [ -65.286455562618926, -10.559787088846463 ], [ -65.286205563140825, -10.559787088846463 ] ], [ [ -65.286705562097026, -10.559787088846463 ], [ -65.286705562097026, -10.560037088115514 ], [ -65.286455562618926, -10.560037088115514 ], [ -65.286455562618926, -10.559787088846463 ], [ -65.286705562097026, -10.559787088846463 ] ], [ [ -65.287205561053241, -10.560287087384566 ], [ -65.286955561575127, -10.560287087384566 ], [ -65.286955561575127, -10.560037088115514 ], [ -65.287205561053241, -10.560037088115514 ], [ -65.287205561053241, -10.560287087384566 ] ] ] } },
{ "type": "Feature", "properties": { "DN": 1 }, "geometry": { "type": "Polygon", "coordinates": [ [ [ -65.283705568359778, -10.557037096886905 ], [ -65.283705568359778, -10.557287096155955 ], [ -65.283955567837893, -10.557287096155955 ], [ -65.283955567837893, -10.557037096886905 ], [ -65.283705568359778, -10.557037096886905 ] ] ] } },
{ "type": "Feature", "properties": { "DN": 1 }, "geometry": { "type": "Polygon", "coordinates": [ [ [ -65.282705570447376, -10.557037096886905 ], [ -65.282705570447376, -10.557287096155955 ], [ -65.282955569925477, -10.557287096155955 ], [ -65.282955569925477, -10.557037096886905 ], [ -65.282705570447376, -10.557037096886905 ] ] ] } },
{ "type": "Feature", "properties": { "DN": 1 }, "geometry": { "type": "Polygon", "coordinates": [ [ [ -65.270205596542183, -10.556787097617853 ], [ -65.270205596542183, -10.557037096886905 ], [ -65.270455596020284, -10.557037096886905 ], [ -65.270455596020284, -10.556787097617853 ], [ -65.270205596542183, -10.556787097617853 ] ] ] } },
{ "type": "Feature", "properties": { "DN": 1 }, "geometry": { "type": "Polygon", "coordinates": [ [ [ -65.273205590279431, -10.556537098348802 ], [ -65.273205590279431, -10.556787097617853 ], [ -65.273705589235632, -10.556787097617853 ], [ -65.273705589235632, -10.556537098348802 ], [ -65.273205590279431, -10.556537098348802 ] ] ] } },
{ "type": "Feature", "properties": { "DN": 1 }, "geometry": { "type": "Polygon", "coordinates": [ [ [ -65.285205565228409, -10.556537098348802 ], [ -65.285205565228409, -10.556787097617853 ], [ -65.285955563662711, -10.556787097617853 ], [ -65.285955563662711, -10.556537098348802 ], [ -65.285205565228409, -10.556537098348802 ] ] ] } },
{ "type": "Feature", "properties": { "DN": 1 }, "geometry": { "type": "Polygon", "coordinates": [ [ [ -65.270455596020284, -10.556537098348802 ], [ -65.270455596020284, -10.556787097617853 ], [ -65.270705595498384, -10.556787097617853 ], [ -65.270705595498384, -10.556537098348802 ], [ -65.270455596020284, -10.556537098348802 ] ] ] } },
{ "type": "Feature", "properties": { "DN": 1 }, "geometry": { "type": "Polygon", "coordinates": [ [ [ -65.285955563662711, -10.556287099079752 ], [ -65.285955563662711, -10.556537098348802 ], [ -65.286455562618926, -10.556537098348802 ], [ -65.286455562618926, -10.556287099079752 ], [ -65.285955563662711, -10.556287099079752 ] ] ] } },
{ "type": "Feature", "properties": { "DN": 1 }, "geometry": { "type": "Polygon", "coordinates": [ [ [ -65.279955576188229, -10.55578710054165 ], [ -65.279955576188229, -10.556037099810702 ], [ -65.28045557514443, -10.556037099810702 ], [ -65.28045557514443, -10.55578710054165 ], [ -65.279955576188229, -10.55578710054165 ] ] ] } },
{ "type": "Feature", "properties": { "DN": 1 }, "geometry": { "type": "Polygon", "coordinates": [ [ [ -65.278705578797712, -10.55578710054165 ], [ -65.278705578797712, -10.556037099810702 ], [ -65.278955578275813, -10.556037099810702 ], [ -65.278955578275813, -10.55578710054165 ], [ -65.278705578797712, -10.55578710054165 ] ] ] } },
{ "type": "Feature", "properties": { "DN": 1 }, "geometry": { "type": "Polygon", "coordinates": [ [ [ -65.270705595498384, -10.555287102003549 ], [ -65.270705595498384, -10.555537101272598 ], [ -65.269955597064083, -10.555537101272598 ], [ -65.269955597064083, -10.55578710054165 ], [ -65.269705597585983, -10.55578710054165 ], [ -65.269705597585983, -10.556037099810702 ], [ -65.269455598107868, -10.556037099810702 ], [ -65.269455598107868, -10.556537098348802 ], [ -65.270205596542183, -10.556537098348802 ], [ -65.270205596542183, -10.556287099079752 ], [ -65.270455596020284, -10.556287099079752 ], [ -65.270455596020284, -10.556037099810702 ], [ -65.270955594976499, -10.556037099810702 ], [ -65.270955594976499, -10.55578710054165 ], [ -65.271205594454599, -10.55578710054165 ], [ -65.271205594454599, -10.555287102003549 ], [ -65.270705595498384, -10.555287102003549 ] ] ] } },
{ "type": "Feature", "properties": { "DN": 1 }, "geometry": { "type": "Polygon", "coordinates": [ [ [ -65.279205577753913, -10.555537101272598 ], [ -65.279205577753913, -10.556037099810702 ], [ -65.279705576710128, -10.556037099810702 ], [ -65.279705576710128, -10.555537101272598 ], [ -65.279205577753913, -10.555537101272598 ] ] ] } },
{ "type": "Feature", "properties": { "DN": 1 }, "geometry": { "type": "Polygon", "coordinates": [ [ [ -65.28170557253496, -10.555537101272598 ], [ -65.28170557253496, -10.55578710054165 ], [ -65.282205571491161, -10.55578710054165 ], [ -65.282205571491161, -10.555537101272598 ], [ -65.28170557253496, -10.555537101272598 ] ] ] } },
{ "type": "Feature", "properties": { "DN": 1 }, "geometry": { "type": "Polygon", "coordinates": [ [ [ -65.28045557514443, -10.555287102003549 ], [ -65.28045557514443, -10.55578710054165 ], [ -65.280955574100645, -10.55578710054165 ], [ -65.280955574100645, -10.555537101272598 ], [ -65.280705574622544, -10.555537101272598 ], [ -65.280705574622544, -10.555287102003549 ], [ -65.28045557514443, -10.555287102003549 ] ] ] } },
{ "type": "Feature", "properties": { "DN": 1 }, "geometry": { "type": "Polygon", "coordinates": [ [ [ -65.285955563662711, -10.555287102003549 ], [ -65.285955563662711, -10.555537101272598 ], [ -65.286205563140825, -10.555537101272598 ], [ -65.286205563140825, -10.555287102003549 ], [ -65.285955563662711, -10.555287102003549 ] ] ] } },
{ "type": "Feature", "properties": { "DN": 1 }, "geometry": { "type": "Polygon", "coordinates": [ [ [ -65.279455577232028, -10.560287087384566 ], [ -65.279455577232028, -10.559787088846463 ], [ -65.279705576710128, -10.559787088846463 ], [ -65.279705576710128, -10.559537089577413 ], [ -65.280205575666329, -10.559537089577413 ], [ -65.280205575666329, -10.559037091039311 ], [ -65.280955574100645, -10.559037091039311 ], [ -65.280955574100645, -10.55878709177026 ], [ -65.281205573578745, -10.55878709177026 ], [ -65.281205573578745, -10.558287093232158 ], [ -65.281455573056846, -10.558287093232158 ], [ -65.281455573056846, -10.558037093963108 ], [ -65.28170557253496, -10.558037093963108 ], [ -65.28170557253496, -10.557287096155955 ], [ -65.281955572013061, -10.557287096155955 ], [ -65.281955572013061, -10.557787094694056 ], [ -65.282205571491161, -10.557787094694056 ], [ -65.282205571491161, -10.557037096886905 ], [ -65.281455573056846, -10.557037096886905 ], [ -65.281455573056846, -10.556537098348802 ], [ -65.28170557253496, -10.556537098348802 ], [ -65.28170557253496, -10.556037099810702 ], [ -65.281455573056846, -10.556037099810702 ], [ -65.281455573056846, -10.55578710054165 ], [ -65.281205573578745, -10.55578710054165 ], [ -65.281205573578745, -10.556287099079752 ], [ -65.280955574100645, -10.556287099079752 ], [ -65.280955574100645, -10.556037099810702 ], [ -65.280705574622544, -10.556037099810702 ], [ -65.280705574622544, -10.556287099079752 ], [ -65.28045557514443, -10.556287099079752 ], [ -65.28045557514443, -10.556537098348802 ], [ -65.279955576188229, -10.556537098348802 ], [ -65.279955576188229, -10.557787094694056 ], [ -65.280205575666329, -10.557787094694056 ], [ -65.280205575666329, -10.55853709250121 ], [ -65.279955576188229, -10.55853709250121 ], [ -65.279955576188229, -10.558287093232158 ], [ -65.278955578275813, -10.558287093232158 ], [ -65.278955578275813, -10.557787094694056 ], [ -65.278705578797712, -10.557787094694056 ], [ -65.278705578797712, -10.557037096886905 ], [ -65.278455579319612, -10.557037096886905 ], [ -65.278455579319612, -10.557537095425007 ], [ -65.278205579841497, -10.557537095425007 ], [ -65.278205579841497, -10.558037093963108 ], [ -65.277955580363397, -10.558037093963108 ], [ -65.277955580363397, -10.557787094694056 ], [ -65.276955582450981, -10.557787094694056 ], [ -65.276955582450981, -10.557287096155955 ], [ -65.277705580885296, -10.557287096155955 ], [ -65.277705580885296, -10.556787097617853 ], [ -65.277205581929081, -10.556787097617853 ], [ -65.277205581929081, -10.556287099079752 ], [ -65.278205579841497, -10.556287099079752 ], [ -65.278205579841497, -10.556037099810702 ], [ -65.277705580885296, -10.556037099810702 ], [ -65.277705580885296, -10.55578710054165 ], [ -65.276955582450981, -10.55578710054165 ], [ -65.276955582450981, -10.555537101272598 ], [ -65.27670558297288, -10.555537101272598 ], [ -65.27670558297288, -10.555287102003549 ], [ -65.27645558349478, -10.555287102003549 ], [ -65.27645558349478, -10.554287104927345 ], [ -65.276205584016679, -10.554287104927345 ], [ -65.276205584016679, -10.554037105658294 ], [ -65.27670558297288, -10.554037105658294 ], [ -65.27670558297288, -10.553787106389244 ], [ -65.276955582450981, -10.553787106389244 ], [ -65.276955582450981, -10.553537107120192 ], [ -65.277705580885296, -10.553537107120192 ], [ -65.277705580885296, -10.553287107851142 ], [ -65.277205581929081, -10.553287107851142 ], [ -65.277205581929081, -10.553037108582091 ], [ -65.276955582450981, -10.553037108582091 ], [ -65.276955582450981, -10.551787112236836 ], [ -65.277955580363397, -10.551787112236836 ], [ -65.277955580363397, -10.551537112967786 ], [ -65.277705580885296, -10.551537112967786 ], [ -65.277705580885296, -10.551287113698734 ], [ -65.277955580363397, -10.551287113698734 ], [ -65.277955580363397, -10.550787115160633 ], [ -65.277705580885296, -10.550787115160633 ], [ -65.277705580885296, -10.550037117353481 ], [ -65.277205581929081, -10.550037117353481 ], [ -65.277205581929081, -10.54978711808443 ], [ -65.277455581407196, -10.54978711808443 ], [ -65.277455581407196, -10.549287119546328 ], [ -65.27670558297288, -10.549287119546328 ], [ -65.27670558297288, -10.550037117353481 ], [ -65.276955582450981, -10.550037117353481 ], [ -65.276955582450981, -10.550537115891583 ], [ -65.27645558349478, -10.550537115891583 ], [ -65.27645558349478, -10.550787115160633 ], [ -65.277455581407196, -10.550787115160633 ], [ -65.277455581407196, -10.551037114429684 ], [ -65.277205581929081, -10.551037114429684 ], [ -65.277205581929081, -10.551287113698734 ], [ -65.277455581407196, -10.551287113698734 ], [ -65.277455581407196, -10.551537112967786 ], [ -65.276955582450981, -10.551537112967786 ], [ -65.276955582450981, -10.551287113698734 ], [ -65.27670558297288, -10.551287113698734 ], [ -65.27670558297288, -10.551787112236836 ], [ -65.275955584538565, -10.551787112236836 ], [ -65.275955584538565, -10.552037111505888 ], [ -65.275455585582364, -10.552037111505888 ], [ -65.275455585582364, -10.551787112236836 ], [ -65.275205586104263, -10.551787112236836 ], [ -65.275205586104263, -10.552287110774937 ], [ -65.274705587148048, -10.552287110774937 ], [ -65.274705587148048, -10.552787109313041 ], [ -65.274455587669948, -10.552787109313041 ], [ -65.274455587669948, -10.553287107851142 ], [ -65.273705589235632, -10.553287107851142 ], [ -65.273705589235632, -10.553537107120192 ], [ -65.273455589757532, -10.553537107120192 ], [ -65.273455589757532, -10.553287107851142 ], [ -65.273205590279431, -10.553287107851142 ], [ -65.273205590279431, -10.553787106389244 ], [ -65.272705591323216, -10.553787106389244 ], [ -65.272705591323216, -10.554287104927345 ], [ -65.272955590801331, -10.554287104927345 ], [ -65.272955590801331, -10.554537104196395 ], [ -65.272205592367015, -10.554537104196395 ], [ -65.272205592367015, -10.554787103465447 ], [ -65.271955592888915, -10.554787103465447 ], [ -65.271955592888915, -10.555287102003549 ], [ -65.2717055934108, -10.555287102003549 ], [ -65.2717055934108, -10.555537101272598 ], [ -65.2714555939327, -10.555537101272598 ], [ -65.2714555939327, -10.55578710054165 ], [ -65.271205594454599, -10.55578710054165 ], [ -65.271205594454599, -10.556037099810702 ], [ -65.270955594976499, -10.556037099810702 ], [ -65.270955594976499, -10.556287099079752 ], [ -65.270705595498384, -10.556287099079752 ], [ -65.270705595498384, -10.556537098348802 ], [ -65.270955594976499, -10.556537098348802 ], [ -65.270955594976499, -10.557037096886905 ], [ -65.270705595498384, -10.557037096886905 ], [ -65.270705595498384, -10.558287093232158 ], [ -65.270455596020284, -10.558287093232158 ], [ -65.270455596020284, -10.55853709250121 ], [ -65.270705595498384, -10.55853709250121 ], [ -65.270705595498384, -10.55878709177026 ], [ -65.270955594976499, -10.55878709177026 ], [ -65.270955594976499, -10.559287090308361 ], [ -65.270705595498384, -10.559287090308361 ], [ -65.270705595498384, -10.559537089577413 ], [ -65.271955592888915, -10.559537089577413 ], [ -65.271955592888915, -10.559287090308361 ], [ -65.2717055934108, -10.559287090308361 ], [ -65.2717055934108, -10.559037091039311 ], [ -65.271955592888915, -10.559037091039311 ], [ -65.271955592888915, -10.55853709250121 ], [ -65.272205592367015, -10.55853709250121 ], [ -65.272205592367015, -10.558287093232158 ], [ -65.272705591323216, -10.558287093232158 ], [ -65.272705591323216, -10.55878709177026 ], [ -65.272455591845116, -10.55878709177026 ], [ -65.272455591845116, -10.559537089577413 ], [ -65.272205592367015, -10.559537089577413 ], [ -65.272205592367015, -10.560037088115514 ], [ -65.271955592888915, -10.560037088115514 ], [ -65.271955592888915, -10.560287087384566 ], [ -65.2717055934108, -10.560287087384566 ], [ -65.2717055934108, -10.559787088846463 ], [ -65.2714555939327, -10.559787088846463 ], [ -65.2714555939327, -10.560287087384566 ], [ -65.271205594454599, -10.560287087384566 ], [ -65.271205594454599, -10.559787088846463 ], [ -65.270705595498384, -10.559787088846463 ], [ -65.270705595498384, -10.560287087384566 ], [ -65.270455596020284, -10.560287087384566 ], [ -65.270455596020284, -10.560537086653616 ], [ -65.270705595498384, -10.560537086653616 ], [ -65.270705595498384, -10.560787085922666 ], [ -65.2714555939327, -10.560787085922666 ], [ -65.2714555939327, -10.560537086653616 ], [ -65.2717055934108, -10.560537086653616 ], [ -65.2717055934108, -10.560926266053272 ], [ -65.273705589235632, -10.561020002652707 ], [ -65.273705589235632, -10.560787085922666 ], [ -65.273955588713733, -10.560787085922666 ], [ -65.273955588713733, -10.561031719727636 ], [ -65.27407006807212, -10.561037085191717 ], [ -65.27670558297288, -10.561037085191717 ], [ -65.27670558297288, -10.56116060755186 ], [ -65.278205579841497, -10.561230910001436 ], [ -65.278205579841497, -10.561037085191717 ], [ -65.277955580363397, -10.561037085191717 ], [ -65.277955580363397, -10.560787085922666 ], [ -65.278205579841497, -10.560787085922666 ], [ -65.278205579841497, -10.560537086653616 ], [ -65.278455579319612, -10.560537086653616 ], [ -65.278455579319612, -10.560787085922666 ], [ -65.279205577753913, -10.560787085922666 ], [ -65.279205577753913, -10.560537086653616 ], [ -65.278955578275813, -10.560537086653616 ], [ -65.278955578275813, -10.560287087384566 ], [ -65.279455577232028, -10.560287087384566 ] ], [ [ -65.272705591323216, -10.557287096155955 ], [ -65.273205590279431, -10.557287096155955 ], [ -65.273205590279431, -10.557037096886905 ], [ -65.272955590801331, -10.557037096886905 ], [ -65.272955590801331, -10.556537098348802 ], [ -65.273205590279431, -10.556537098348802 ], [ -65.273205590279431, -10.556287099079752 ], [ -65.273705589235632, -10.556287099079752 ], [ -65.273705589235632, -10.556037099810702 ], [ -65.273955588713733, -10.556037099810702 ], [ -65.273955588713733, -10.556537098348802 ], [ -65.274455587669948, -10.556537098348802 ], [ -65.274455587669948, -10.557037096886905 ], [ -65.273705589235632, -10.557037096886905 ], [ -65.273705589235632, -10.557787094694056 ], [ -65.274205588191847, -10.557787094694056 ], [ -65.274205588191847, -10.558287093232158 ], [ -65.273955588713733, -10.558287093232158 ], [ -65.273955588713733, -10.55878709177026 ], [ -65.273705589235632, -10.55878709177026 ], [ -65.273705589235632, -10.558037093963108 ], [ -65.273205590279431, -10.558037093963108 ], [ -65.273205590279431, -10.557787094694056 ], [ -65.272955590801331, -10.557787094694056 ], [ -65.272955590801331, -10.558287093232158 ], [ -65.272705591323216, -10.558287093232158 ], [ -65.272705591323216, -10.557287096155955 ] ], [ [ -65.273955588713733, -10.55578710054165 ], [ -65.274205588191847, -10.55578710054165 ], [ -65.274205588191847, -10.555287102003549 ], [ -65.274705587148048, -10.555287102003549 ], [ -65.274705587148048, -10.556037099810702 ], [ -65.273955588713733, -10.556037099810702 ], [ -65.273955588713733, -10.55578710054165 ] ], [ [ -65.278455579319612, -10.560287087384566 ], [ -65.278455579319612, -10.559537089577413 ], [ -65.278705578797712, -10.559537089577413 ], [ -65.278705578797712, -10.559787088846463 ], [ -65.278955578275813, -10.559787088846463 ], [ -65.278955578275813, -10.560287087384566 ], [ -65.278455579319612, -10.560287087384566 ] ], [ [ -65.278205579841497, -10.559537089577413 ], [ -65.278205579841497, -10.559287090308361 ], [ -65.278455579319612, -10.559287090308361 ], [ -65.278455579319612, -10.559537089577413 ], [ -65.278205579841497, -10.559537089577413 ] ], [ [ -65.276205584016679, -10.553287107851142 ], [ -65.275955584538565, -10.553287107851142 ], [ -65.275955584538565, -10.553037108582091 ], [ -65.276205584016679, -10.553037108582091 ], [ -65.276205584016679, -10.553287107851142 ] ], [ [ -65.275205586104263, -10.554287104927345 ], [ -65.273955588713733, -10.554287104927345 ], [ -65.273955588713733, -10.554037105658294 ], [ -65.274205588191847, -10.554037105658294 ], [ -65.274205588191847, -10.553787106389244 ], [ -65.274455587669948, -10.553787106389244 ], [ -65.274455587669948, -10.553537107120192 ], [ -65.274705587148048, -10.553537107120192 ], [ -65.274705587148048, -10.553287107851142 ], [ -65.275205586104263, -10.553287107851142 ], [ -65.275205586104263, -10.554287104927345 ] ], [ [ -65.273705589235632, -10.554037105658294 ], [ -65.273455589757532, -10.554037105658294 ], [ -65.273455589757532, -10.553787106389244 ], [ -65.273705589235632, -10.553787106389244 ], [ -65.273705589235632, -10.554037105658294 ] ], [ [ -65.272955590801331, -10.555537101272598 ], [ -65.272705591323216, -10.555537101272598 ], [ -65.272705591323216, -10.555287102003549 ], [ -65.272955590801331, -10.555287102003549 ], [ -65.272955590801331, -10.555537101272598 ] ], [ [ -65.272205592367015, -10.556787097617853 ], [ -65.271955592888915, -10.556787097617853 ], [ -65.271955592888915, -10.557037096886905 ], [ -65.2717055934108, -10.557037096886905 ], [ -65.2717055934108, -10.556537098348802 ], [ -65.271955592888915, -10.556537098348802 ], [ -65.271955592888915, -10.556287099079752 ], [ -65.272205592367015, -10.556287099079752 ], [ -65.272205592367015, -10.556787097617853 ] ], [ [ -65.275205586104263, -10.556787097617853 ], [ -65.275205586104263, -10.556537098348802 ], [ -65.275455585582364, -10.556537098348802 ], [ -65.275455585582364, -10.556787097617853 ], [ -65.275205586104263, -10.556787097617853 ] ], [ [ -65.276205584016679, -10.556787097617853 ], [ -65.276205584016679, -10.557037096886905 ], [ -65.275705585060464, -10.557037096886905 ], [ -65.275705585060464, -10.557287096155955 ], [ -65.275455585582364, -10.557287096155955 ], [ -65.275455585582364, -10.556787097617853 ], [ -65.276205584016679, -10.556787097617853 ] ], [ [ -65.27670558297288, -10.558037093963108 ], [ -65.276955582450981, -10.558037093963108 ], [ -65.276955582450981, -10.558287093232158 ], [ -65.27670558297288, -10.558287093232158 ], [ -65.27670558297288, -10.559037091039311 ], [ -65.276205584016679, -10.559037091039311 ], [ -65.276205584016679, -10.55878709177026 ], [ -65.27645558349478, -10.55878709177026 ], [ -65.27645558349478, -10.558287093232158 ], [ -65.276205584016679, -10.558287093232158 ], [ -65.276205584016679, -10.558037093963108 ], [ -65.275955584538565, -10.558037093963108 ], [ -65.275955584538565, -10.559287090308361 ], [ -65.275705585060464, -10.559287090308361 ], [ -65.275705585060464, -10.55853709250121 ], [ -65.275455585582364, -10.55853709250121 ], [ -65.275455585582364, -10.558037093963108 ], [ -65.274455587669948, -10.558037093963108 ], [ -65.274455587669948, -10.557787094694056 ], [ -65.275955584538565, -10.557787094694056 ], [ -65.275955584538565, -10.557287096155955 ], [ -65.27670558297288, -10.557287096155955 ], [ -65.27670558297288, -10.558037093963108 ] ], [ [ -65.274955586626149, -10.55878709177026 ], [ -65.274705587148048, -10.55878709177026 ], [ -65.274705587148048, -10.55853709250121 ], [ -65.274955586626149, -10.55853709250121 ], [ -65.274955586626149, -10.55878709177026 ] ], [ [ -65.278955578275813, -10.559037091039311 ], [ -65.278705578797712, -10.559037091039311 ], [ -65.278705578797712, -10.55878709177026 ], [ -65.278955578275813, -10.55878709177026 ], [ -65.278955578275813, -10.559037091039311 ] ], [ [ -65.2714555939327, -10.559287090308361 ], [ -65.271205594454599, -10.559287090308361 ], [ -65.271205594454599, -10.559037091039311 ], [ -65.2714555939327, -10.559037091039311 ], [ -65.2714555939327, -10.559287090308361 ] ], [ [ -65.276955582450981, -10.559537089577413 ], [ -65.27670558297288, -10.559537089577413 ], [ -65.27670558297288, -10.559287090308361 ], [ -65.276955582450981, -10.559287090308361 ], [ -65.276955582450981, -10.559537089577413 ] ], [ [ -65.277955580363397, -10.559787088846463 ], [ -65.277705580885296, -10.559787088846463 ], [ -65.277705580885296, -10.559537089577413 ], [ -65.277955580363397, -10.559537089577413 ], [ -65.277955580363397, -10.559787088846463 ] ], [ [ -65.276205584016679, -10.559787088846463 ], [ -65.275955584538565, -10.559787088846463 ], [ -65.275955584538565, -10.559537089577413 ], [ -65.276205584016679, -10.559537089577413 ], [ -65.276205584016679, -10.559787088846463 ] ], [ [ -65.273955588713733, -10.559787088846463 ], [ -65.273705589235632, -10.559787088846463 ], [ -65.273705589235632, -10.559537089577413 ], [ -65.273955588713733, -10.559537089577413 ], [ -65.273955588713733, -10.559787088846463 ] ], [ [ -65.273455589757532, -10.560037088115514 ], [ -65.273955588713733, -10.560037088115514 ], [ -65.273955588713733, -10.560287087384566 ], [ -65.273705589235632, -10.560287087384566 ], [ -65.273705589235632, -10.560537086653616 ], [ -65.273205590279431, -10.560537086653616 ], [ -65.273205590279431, -10.560287087384566 ], [ -65.272955590801331, -10.560287087384566 ], [ -65.272955590801331, -10.559787088846463 ], [ -65.273455589757532, -10.559787088846463 ], [ -65.273455589757532, -10.560037088115514 ] ], [ [ -65.275205586104263, -10.560287087384566 ], [ -65.274955586626149, -10.560287087384566 ], [ -65.274955586626149, -10.560037088115514 ], [ -65.275205586104263, -10.560037088115514 ], [ -65.275205586104263, -10.560287087384566 ] ], [ [ -65.277205581929081, -10.560787085922666 ], [ -65.276955582450981, -10.560787085922666 ], [ -65.276955582450981, -10.560287087384566 ], [ -65.277205581929081, -10.560287087384566 ], [ -65.277205581929081, -10.560787085922666 ] ] ] } },
{ "type": "Feature", "properties": { "DN": 1 }, "geometry": { "type": "Polygon", "coordinates": [ [ [ -65.283955567837893, -10.554787103465447 ], [ -65.283955567837893, -10.555287102003549 ], [ -65.284205567315993, -10.555287102003549 ], [ -65.284205567315993, -10.554787103465447 ], [ -65.283955567837893, -10.554787103465447 ] ] ] } },
{ "type": "Feature", "properties": { "DN": 1 }, "geometry": { "type": "Polygon", "coordinates": [ [ [ -65.28545556470651, -10.554787103465447 ], [ -65.28545556470651, -10.555287102003549 ], [ -65.28570556418461, -10.555287102003549 ], [ -65.28570556418461, -10.554787103465447 ], [ -65.28545556470651, -10.554787103465447 ] ] ] } },
{ "type": "Feature", "properties": { "DN": 1 }, "geometry": { "type": "Polygon", "coordinates": [ [ [ -65.282455570969262, -10.554037105658294 ], [ -65.282455570969262, -10.554287104927345 ], [ -65.282205571491161, -10.554287104927345 ], [ -65.282205571491161, -10.554037105658294 ], [ -65.281455573056846, -10.554037105658294 ], [ -65.281455573056846, -10.554287104927345 ], [ -65.281205573578745, -10.554287104927345 ], [ -65.281205573578745, -10.555037102734497 ], [ -65.281455573056846, -10.555037102734497 ], [ -65.281455573056846, -10.555287102003549 ], [ -65.281205573578745, -10.555287102003549 ], [ -65.281205573578745, -10.555537101272598 ], [ -65.28170557253496, -10.555537101272598 ], [ -65.28170557253496, -10.555287102003549 ], [ -65.281955572013061, -10.555287102003549 ], [ -65.281955572013061, -10.554787103465447 ], [ -65.282205571491161, -10.554787103465447 ], [ -65.282205571491161, -10.555287102003549 ], [ -65.282955569925477, -10.555287102003549 ], [ -65.282955569925477, -10.554037105658294 ], [ -65.282455570969262, -10.554037105658294 ] ] ] } },
{ "type": "Feature", "properties": { "DN": 1 }, "geometry": { "type": "Polygon", "coordinates": [ [ [ -65.283455568881678, -10.554537104196395 ], [ -65.283455568881678, -10.554787103465447 ], [ -65.283955567837893, -10.554787103465447 ], [ -65.283955567837893, -10.554537104196395 ], [ -65.283455568881678, -10.554537104196395 ] ] ] } },
{ "type": "Feature", "properties": { "DN": 1 }, "geometry": { "type": "Polygon", "coordinates": [ [ [ -65.280205575666329, -10.554037105658294 ], [ -65.280205575666329, -10.554287104927345 ], [ -65.279955576188229, -10.554287104927345 ], [ -65.279955576188229, -10.554537104196395 ], [ -65.280205575666329, -10.554537104196395 ], [ -65.280205575666329, -10.554787103465447 ], [ -65.280705574622544, -10.554787103465447 ], [ -65.280705574622544, -10.554537104196395 ], [ -65.280955574100645, -10.554537104196395 ], [ -65.280955574100645, -10.554037105658294 ], [ -65.280205575666329, -10.554037105658294 ] ] ] } },
{ "type": "Feature", "properties": { "DN": 1 }, "geometry": { "type": "Polygon", "coordinates": [ [ [ -65.270455596020284, -10.554037105658294 ], [ -65.270455596020284, -10.554537104196395 ], [ -65.270705595498384, -10.554537104196395 ], [ -65.270705595498384, -10.554037105658294 ], [ -65.270455596020284, -10.554037105658294 ] ] ] } },
{ "type": "Feature", "properties": { "DN": 1 }, "geometry": { "type": "Polygon", "coordinates": [ [ [ -65.277955580363397, -10.554037105658294 ], [ -65.277955580363397, -10.554287104927345 ], [ -65.278205579841497, -10.554287104927345 ], [ -65.278205579841497, -10.554037105658294 ], [ -65.277955580363397, -10.554037105658294 ] ] ] } },
{ "type": "Feature", "properties": { "DN": 1 }, "geometry": { "type": "Polygon", "coordinates": [ [ [ -65.28570556418461, -10.553787106389244 ], [ -65.28570556418461, -10.554037105658294 ], [ -65.285955563662711, -10.554037105658294 ], [ -65.285955563662711, -10.553787106389244 ], [ -65.28570556418461, -10.553787106389244 ] ] ] } },
{ "type": "Feature", "properties": { "DN": 1 }, "geometry": { "type": "Polygon", "coordinates": [ [ [ -65.278205579841497, -10.553537107120192 ], [ -65.278205579841497, -10.554037105658294 ], [ -65.278455579319612, -10.554037105658294 ], [ -65.278455579319612, -10.553537107120192 ], [ -65.278205579841497, -10.553537107120192 ] ] ] } },
{ "type": "Feature", "properties": { "DN": 1 }, "geometry": { "type": "Polygon", "coordinates": [ [ [ -65.271955592888915, -10.553037108582091 ], [ -65.271955592888915, -10.553287107851142 ], [ -65.272205592367015, -10.553287107851142 ], [ -65.272205592367015, -10.553037108582091 ], [ -65.271955592888915, -10.553037108582091 ] ] ] } },
{ "type": "Feature", "properties": { "DN": 1 }, "geometry": { "type": "Polygon", "coordinates": [ [ [ -65.283455568881678, -10.54978711808443 ], [ -65.283455568881678, -10.551287113698734 ], [ -65.283705568359778, -10.551287113698734 ], [ -65.283705568359778, -10.551537112967786 ], [ -65.283955567837893, -10.551537112967786 ], [ -65.283955567837893, -10.552037111505888 ], [ -65.284205567315993, -10.552037111505888 ], [ -65.284205567315993, -10.552287110774937 ], [ -65.284455566794094, -10.552287110774937 ], [ -65.284455566794094, -10.553037108582091 ], [ -65.284705566272194, -10.553037108582091 ], [ -65.284705566272194, -10.553287107851142 ], [ -65.28570556418461, -10.553287107851142 ], [ -65.28570556418461, -10.552787109313041 ], [ -65.28545556470651, -10.552787109313041 ], [ -65.28545556470651, -10.552037111505888 ], [ -65.285955563662711, -10.552037111505888 ], [ -65.285955563662711, -10.553287107851142 ], [ -65.286205563140825, -10.553287107851142 ], [ -65.286205563140825, -10.553537107120192 ], [ -65.286705562097026, -10.553537107120192 ], [ -65.286705562097026, -10.553287107851142 ], [ -65.286455562618926, -10.553287107851142 ], [ -65.286455562618926, -10.552287110774937 ], [ -65.286705562097026, -10.552287110774937 ], [ -65.286705562097026, -10.552037111505888 ], [ -65.286955561575127, -10.552037111505888 ], [ -65.286955561575127, -10.552287110774937 ], [ -65.287205561053241, -10.552287110774937 ], [ -65.287205561053241, -10.552537110043989 ], [ -65.287705560009442, -10.552537110043989 ], [ -65.287705560009442, -10.552287110774937 ], [ -65.287955559487543, -10.552287110774937 ], [ -65.287955559487543, -10.551287113698734 ], [ -65.287705560009442, -10.551287113698734 ], [ -65.287705560009442, -10.551037114429684 ], [ -65.287205561053241, -10.551037114429684 ], [ -65.287205561053241, -10.550537115891583 ], [ -65.285955563662711, -10.550537115891583 ], [ -65.285955563662711, -10.550787115160633 ], [ -65.28545556470651, -10.550787115160633 ], [ -65.28545556470651, -10.551037114429684 ], [ -65.285205565228409, -10.551037114429684 ], [ -65.285205565228409, -10.551287113698734 ], [ -65.284955565750309, -10.551287113698734 ], [ -65.284955565750309, -10.551037114429684 ], [ -65.284705566272194, -10.551037114429684 ], [ -65.284705566272194, -10.550787115160633 ], [ -65.284455566794094, -10.550787115160633 ], [ -65.284455566794094, -10.550287116622531 ], [ -65.284205567315993, -10.550287116622531 ], [ -65.284205567315993, -10.54978711808443 ], [ -65.283455568881678, -10.54978711808443 ] ], [ [ -65.286955561575127, -10.551287113698734 ], [ -65.286705562097026, -10.551287113698734 ], [ -65.286705562097026, -10.551037114429684 ], [ -65.286955561575127, -10.551037114429684 ], [ -65.286955561575127, -10.551287113698734 ] ], [ [ -65.286455562618926, -10.551537112967786 ], [ -65.28570556418461, -10.551537112967786 ], [ -65.28570556418461, -10.551287113698734 ], [ -65.286455562618926, -10.551287113698734 ], [ -65.286455562618926, -10.551537112967786 ] ], [ [ -65.287205561053241, -10.551787112236836 ], [ -65.286955561575127, -10.551787112236836 ], [ -65.286955561575127, -10.551537112967786 ], [ -65.287205561053241, -10.551537112967786 ], [ -65.287205561053241, -10.551787112236836 ] ] ] } },
{ "type": "Feature", "properties": { "DN": 1 }, "geometry": { "type": "Polygon", "coordinates": [ [ [ -65.270455596020284, -10.551037114429684 ], [ -65.270455596020284, -10.551287113698734 ], [ -65.270705595498384, -10.551287113698734 ], [ -65.270705595498384, -10.551037114429684 ], [ -65.270455596020284, -10.551037114429684 ] ] ] } },
{ "type": "Feature", "properties": { "DN": 1 }, "geometry": { "type": "Polygon", "coordinates": [ [ [ -65.272705591323216, -10.550537115891583 ], [ -65.272705591323216, -10.550787115160633 ], [ -65.272955590801331, -10.550787115160633 ], [ -65.272955590801331, -10.550537115891583 ], [ -65.272705591323216, -10.550537115891583 ] ] ] } },
{ "type": "Feature", "properties": { "DN": 1 }, "geometry": { "type": "Polygon", "coordinates": [ [ [ -65.277955580363397, -10.550537115891583 ], [ -65.277955580363397, -10.550787115160633 ], [ -65.278205579841497, -10.550787115160633 ], [ -65.278205579841497, -10.550537115891583 ], [ -65.277955580363397, -10.550537115891583 ] ] ] } },
{ "type": "Feature", "properties": { "DN": 1 }, "geometry": { "type": "Polygon", "coordinates": [ [ [ -65.271205594454599, -10.550037117353481 ], [ -65.271205594454599, -10.550287116622531 ], [ -65.270705595498384, -10.550287116622531 ], [ -65.270705595498384, -10.550537115891583 ], [ -65.270205596542183, -10.550537115891583 ], [ -65.270205596542183, -10.550787115160633 ], [ -65.270955594976499, -10.550787115160633 ], [ -65.270955594976499, -10.550537115891583 ], [ -65.271205594454599, -10.550537115891583 ], [ -65.271205594454599, -10.551037114429684 ], [ -65.271955592888915, -10.551037114429684 ], [ -65.271955592888915, -10.550787115160633 ], [ -65.272205592367015, -10.550787115160633 ], [ -65.272205592367015, -10.550537115891583 ], [ -65.271955592888915, -10.550537115891583 ], [ -65.271955592888915, -10.550287116622531 ], [ -65.2717055934108, -10.550287116622531 ], [ -65.2717055934108, -10.550037117353481 ], [ -65.271205594454599, -10.550037117353481 ] ] ] } },
{ "type": "Feature", "properties": { "DN": 1 }, "geometry": { "type": "Polygon", "coordinates": [ [ [ -65.273705589235632, -10.552287110774937 ], [ -65.274205588191847, -10.552287110774937 ], [ -65.274205588191847, -10.551787112236836 ], [ -65.274455587669948, -10.551787112236836 ], [ -65.274455587669948, -10.551537112967786 ], [ -65.274205588191847, -10.551537112967786 ], [ -65.274205588191847, -10.551287113698734 ], [ -65.274705587148048, -10.551287113698734 ], [ -65.274705587148048, -10.551037114429684 ], [ -65.274455587669948, -10.551037114429684 ], [ -65.274455587669948, -10.550787115160633 ], [ -65.274705587148048, -10.550787115160633 ], [ -65.274705587148048, -10.54978711808443 ], [ -65.274955586626149, -10.54978711808443 ], [ -65.274955586626149, -10.54953711881538 ], [ -65.275205586104263, -10.54953711881538 ], [ -65.275205586104263, -10.549287119546328 ], [ -65.274955586626149, -10.549287119546328 ], [ -65.274955586626149, -10.548787121008226 ], [ -65.275205586104263, -10.548787121008226 ], [ -65.275205586104263, -10.548537121739177 ], [ -65.275455585582364, -10.548537121739177 ], [ -65.275455585582364, -10.548287122470125 ], [ -65.274205588191847, -10.548287122470125 ], [ -65.274205588191847, -10.548537121739177 ], [ -65.273455589757532, -10.548537121739177 ], [ -65.273455589757532, -10.549037120277276 ], [ -65.272955590801331, -10.549037120277276 ], [ -65.272955590801331, -10.548787121008226 ], [ -65.272705591323216, -10.548787121008226 ], [ -65.272705591323216, -10.549287119546328 ], [ -65.272955590801331, -10.549287119546328 ], [ -65.272955590801331, -10.54978711808443 ], [ -65.273205590279431, -10.54978711808443 ], [ -65.273205590279431, -10.550787115160633 ], [ -65.273455589757532, -10.550787115160633 ], [ -65.273455589757532, -10.550537115891583 ], [ -65.273705589235632, -10.550537115891583 ], [ -65.273705589235632, -10.552287110774937 ] ], [ [ -65.273705589235632, -10.550287116622531 ], [ -65.273955588713733, -10.550287116622531 ], [ -65.273955588713733, -10.550537115891583 ], [ -65.273705589235632, -10.550537115891583 ], [ -65.273705589235632, -10.550287116622531 ] ], [ [ -65.273955588713733, -10.549037120277276 ], [ -65.273705589235632, -10.549037120277276 ], [ -65.273705589235632, -10.548787121008226 ], [ -65.273955588713733, -10.548787121008226 ], [ -65.273955588713733, -10.549037120277276 ] ], [ [ -65.273955588713733, -10.549287119546328 ], [ -65.274205588191847, -10.549287119546328 ], [ -65.274205588191847, -10.549037120277276 ], [ -65.274455587669948, -10.549037120277276 ], [ -65.274455587669948, -10.54953711881538 ], [ -65.273955588713733, -10.54953711881538 ], [ -65.273955588713733, -10.549287119546328 ] ], [ [ -65.273955588713733, -10.54978711808443 ], [ -65.273705589235632, -10.54978711808443 ], [ -65.273705589235632, -10.54953711881538 ], [ -65.273955588713733, -10.54953711881538 ], [ -65.273955588713733, -10.54978711808443 ] ] ] } },
{ "type": "Feature", "properties": { "DN": 1 }, "geometry": { "type": "Polygon", "coordinates": [ [ [ -65.275955584538565, -10.549287119546328 ], [ -65.275955584538565, -10.54978711808443 ], [ -65.275705585060464, -10.54978711808443 ], [ -65.275705585060464, -10.550287116622531 ], [ -65.275955584538565, -10.550287116622531 ], [ -65.275955584538565, -10.550537115891583 ], [ -65.275455585582364, -10.550537115891583 ], [ -65.275455585582364, -10.551037114429684 ], [ -65.276205584016679, -10.551037114429684 ], [ -65.276205584016679, -10.550537115891583 ], [ -65.27645558349478, -10.550537115891583 ], [ -65.27645558349478, -10.54953711881538 ], [ -65.276205584016679, -10.54953711881538 ], [ -65.276205584016679, -10.549287119546328 ], [ -65.275955584538565, -10.549287119546328 ] ] ] } },
{ "type": "Feature", "properties": { "DN": 1 }, "geometry": { "type": "Polygon", "coordinates": [ [ [ -65.280205575666329, -10.549037120277276 ], [ -65.280205575666329, -10.54953711881538 ], [ -65.279455577232028, -10.54953711881538 ], [ -65.279455577232028, -10.549287119546328 ], [ -65.279205577753913, -10.549287119546328 ], [ -65.279205577753913, -10.54978711808443 ], [ -65.278955578275813, -10.54978711808443 ], [ -65.278955578275813, -10.54953711881538 ], [ -65.278705578797712, -10.54953711881538 ], [ -65.278705578797712, -10.549287119546328 ], [ -65.278205579841497, -10.549287119546328 ], [ -65.278205579841497, -10.54953711881538 ], [ -65.278455579319612, -10.54953711881538 ], [ -65.278455579319612, -10.550037117353481 ], [ -65.278705578797712, -10.550037117353481 ], [ -65.278705578797712, -10.550537115891583 ], [ -65.279455577232028, -10.550537115891583 ], [ -65.279455577232028, -10.550287116622531 ], [ -65.280205575666329, -10.550287116622531 ], [ -65.280205575666329, -10.54978711808443 ], [ -65.28045557514443, -10.54978711808443 ], [ -65.28045557514443, -10.550787115160633 ], [ -65.280205575666329, -10.550787115160633 ], [ -65.280205575666329, -10.551287113698734 ], [ -65.281205573578745, -10.551287113698734 ], [ -65.281205573578745, -10.551037114429684 ], [ -65.281455573056846, -10.551037114429684 ], [ -65.281455573056846, -10.550537115891583 ], [ -65.28170557253496, -10.550537115891583 ], [ -65.28170557253496, -10.550287116622531 ], [ -65.282205571491161, -10.550287116622531 ], [ -65.282205571491161, -10.54978711808443 ], [ -65.281955572013061, -10.54978711808443 ], [ -65.281955572013061, -10.54953711881538 ], [ -65.280705574622544, -10.54953711881538 ], [ -65.280705574622544, -10.549287119546328 ], [ -65.28045557514443, -10.549287119546328 ], [ -65.28045557514443, -10.549037120277276 ], [ -65.280205575666329, -10.549037120277276 ] ], [ [ -65.281205573578745, -10.550287116622531 ], [ -65.280705574622544, -10.550287116622531 ], [ -65.280705574622544, -10.54978711808443 ], [ -65.281205573578745, -10.54978711808443 ], [ -65.281205573578745, -10.550287116622531 ] ] ] } },
{ "type": "Feature", "properties": { "DN": 1 }, "geometry": { "type": "Polygon", "coordinates": [ [ [ -65.288205558965657, -10.54953711881538 ], [ -65.288205558965657, -10.550287116622531 ], [ -65.288455558443758, -10.550287116622531 ], [ -65.288455558443758, -10.550537115891583 ], [ -65.288705557921858, -10.550537115891583 ], [ -65.288705557921858, -10.54953711881538 ], [ -65.288205558965657, -10.54953711881538 ] ] ] } },
{ "type": "Feature", "properties": { "DN": 1 }, "geometry": { "type": "Polygon", "coordinates": [ [ [ -65.272705591323216, -10.54978711808443 ], [ -65.272705591323216, -10.550287116622531 ], [ -65.272955590801331, -10.550287116622531 ], [ -65.272955590801331, -10.54978711808443 ], [ -65.272705591323216, -10.54978711808443 ] ] ] } },
{ "type": "Feature", "properties": { "DN": 1 }, "geometry": { "type": "Polygon", "coordinates": [ [ [ -65.278955578275813, -10.549037120277276 ], [ -65.278955578275813, -10.549287119546328 ], [ -65.279205577753913, -10.549287119546328 ], [ -65.279205577753913, -10.549037120277276 ], [ -65.278955578275813, -10.549037120277276 ] ] ] } },
{ "type": "Feature", "properties": { "DN": 1 }, "geometry": { "type": "Polygon", "coordinates": [ [ [ -65.276205584016679, -10.548787121008226 ], [ -65.276205584016679, -10.549037120277276 ], [ -65.27645558349478, -10.549037120277276 ], [ -65.27645558349478, -10.548787121008226 ], [ -65.276205584016679, -10.548787121008226 ] ] ] } },
{ "type": "Feature", "properties": { "DN": 1 }, "geometry": { "type": "Polygon", "coordinates": [ [ [ -65.2714555939327, -10.548787121008226 ], [ -65.2714555939327, -10.549037120277276 ], [ -65.271955592888915, -10.549037120277276 ], [ -65.271955592888915, -10.548787121008226 ], [ -65.2714555939327, -10.548787121008226 ] ] ] } },
{ "type": "Feature", "properties": { "DN": 1 }, "geometry": { "type": "Polygon", "coordinates": [ [ [ -65.275455585582364, -10.548537121739177 ], [ -65.275455585582364, -10.548787121008226 ], [ -65.275705585060464, -10.548787121008226 ], [ -65.275705585060464, -10.548537121739177 ], [ -65.275455585582364, -10.548537121739177 ] ] ] } },
{ "type": "Feature", "properties": { "DN": 1 }, "geometry": { "type": "Polygon", "coordinates": [ [ [ -65.2717055934108, -10.548287122470125 ], [ -65.2717055934108, -10.548537121739177 ], [ -65.272205592367015, -10.548537121739177 ], [ -65.272205592367015, -10.548287122470125 ], [ -65.2717055934108, -10.548287122470125 ] ] ] } },
{ "type": "Feature", "properties": { "DN": 1 }, "geometry": { "type": "Polygon", "coordinates": [ [ [ -65.272705591323216, -10.548287122470125 ], [ -65.272705591323216, -10.548537121739177 ], [ -65.272955590801331, -10.548537121739177 ], [ -65.272955590801331, -10.548287122470125 ], [ -65.272705591323216, -10.548287122470125 ] ] ] } },
{ "type": "Feature", "properties": { "DN": 1 }, "geometry": { "type": "Polygon", "coordinates": [ [ [ -65.277705580885296, -10.547537124662972 ], [ -65.277705580885296, -10.547787123932023 ], [ -65.276955582450981, -10.547787123932023 ], [ -65.276955582450981, -10.548537121739177 ], [ -65.277205581929081, -10.548537121739177 ], [ -65.277205581929081, -10.548787121008226 ], [ -65.277955580363397, -10.548787121008226 ], [ -65.277955580363397, -10.548287122470125 ], [ -65.278205579841497, -10.548287122470125 ], [ -65.278205579841497, -10.548037123201073 ], [ -65.278455579319612, -10.548037123201073 ], [ -65.278455579319612, -10.547787123932023 ], [ -65.278205579841497, -10.547787123932023 ], [ -65.278205579841497, -10.547537124662972 ], [ -65.277705580885296, -10.547537124662972 ] ], [ [ -65.277705580885296, -10.548287122470125 ], [ -65.277455581407196, -10.548287122470125 ], [ -65.277455581407196, -10.548037123201073 ], [ -65.277705580885296, -10.548037123201073 ], [ -65.277705580885296, -10.548287122470125 ] ] ] } },
{ "type": "Feature", "properties": { "DN": 1 }, "geometry": { "type": "Polygon", "coordinates": [ [ [ -65.275955584538565, -10.547787123932023 ], [ -65.275955584538565, -10.548037123201073 ], [ -65.276205584016679, -10.548037123201073 ], [ -65.276205584016679, -10.547787123932023 ], [ -65.275955584538565, -10.547787123932023 ] ] ] } },
{ "type": "Feature", "properties": { "DN": 1 }, "geometry": { "type": "Polygon", "coordinates": [ [ [ -65.274705587148048, -10.547537124662972 ], [ -65.274705587148048, -10.548037123201073 ], [ -65.274955586626149, -10.548037123201073 ], [ -65.274955586626149, -10.547537124662972 ], [ -65.274705587148048, -10.547537124662972 ] ] ] } },
{ "type": "Feature", "properties": { "DN": 1 }, "geometry": { "type": "Polygon", "coordinates": [ [ [ -65.276205584016679, -10.547287125393922 ], [ -65.276205584016679, -10.547787123932023 ], [ -65.27645558349478, -10.547787123932023 ], [ -65.27645558349478, -10.548037123201073 ], [ -65.27670558297288, -10.548037123201073 ], [ -65.27670558297288, -10.547287125393922 ], [ -65.276205584016679, -10.547287125393922 ] ] ] } },
{ "type": "Feature", "properties": { "DN": 1 }, "geometry": { "type": "Polygon", "coordinates": [ [ [ -65.274205588191847, -10.547287125393922 ], [ -65.274205588191847, -10.547787123932023 ], [ -65.274455587669948, -10.547787123932023 ], [ -65.274455587669948, -10.547287125393922 ], [ -65.274205588191847, -10.547287125393922 ] ] ] } },
{ "type": "Feature", "properties": { "DN": 1 }, "geometry": { "type": "Polygon", "coordinates": [ [ [ -65.219455702487124, -10.630536881987851 ], [ -65.219455702487124, -10.629536884911648 ], [ -65.219205703009024, -10.629536884911648 ], [ -65.219205703009024, -10.629286885642596 ], [ -65.218955703530924, -10.629286885642596 ], [ -65.218955703530924, -10.629036886373546 ], [ -65.219205703009024, -10.629036886373546 ], [ -65.219205703009024, -10.628786887104495 ], [ -65.218955703530924, -10.628786887104495 ], [ -65.218955703530924, -10.628036889297341 ], [ -65.218705704052823, -10.628036889297341 ], [ -65.218705704052823, -10.627786890028291 ], [ -65.215955709793676, -10.627786890028291 ], [ -65.215955709793676, -10.628036889297341 ], [ -65.215455710837475, -10.628036889297341 ], [ -65.215455710837475, -10.628286888566393 ], [ -65.21520571135936, -10.628286888566393 ], [ -65.21520571135936, -10.628786887104495 ], [ -65.21495571188126, -10.628786887104495 ], [ -65.21495571188126, -10.629036886373546 ], [ -65.214455712925059, -10.629036886373546 ], [ -65.214455712925059, -10.628786887104495 ], [ -65.214705712403159, -10.628786887104495 ], [ -65.214705712403159, -10.628036889297341 ], [ -65.213955713968843, -10.628036889297341 ], [ -65.213955713968843, -10.627786890028291 ], [ -65.213205715534542, -10.627786890028291 ], [ -65.213205715534542, -10.627536890759242 ], [ -65.212455717100227, -10.627536890759242 ], [ -65.212455717100227, -10.628036889297341 ], [ -65.211705718665911, -10.628036889297341 ], [ -65.211705718665911, -10.628286888566393 ], [ -65.211455719187811, -10.628286888566393 ], [ -65.211455719187811, -10.628536887835445 ], [ -65.21120571970971, -10.628536887835445 ], [ -65.21120571970971, -10.629036886373546 ], [ -65.21095572023161, -10.629036886373546 ], [ -65.21095572023161, -10.628536887835445 ], [ -65.210705720753495, -10.628536887835445 ], [ -65.210705720753495, -10.628786887104495 ], [ -65.210455721275395, -10.628786887104495 ], [ -65.210455721275395, -10.62728689149019 ], [ -65.210205721797294, -10.62728689149019 ], [ -65.210205721797294, -10.627036892221138 ], [ -65.209705722841079, -10.627036892221138 ], [ -65.209705722841079, -10.62728689149019 ], [ -65.209455723362979, -10.62728689149019 ], [ -65.209455723362979, -10.627036892221138 ], [ -65.208705724928663, -10.627036892221138 ], [ -65.208705724928663, -10.626786892952088 ], [ -65.208455725450563, -10.626786892952088 ], [ -65.208455725450563, -10.627036892221138 ], [ -65.207705727016261, -10.627036892221138 ], [ -65.207705727016261, -10.627536890759242 ], [ -65.207955726494362, -10.627536890759242 ], [ -65.207955726494362, -10.627786890028291 ], [ -65.208205725972462, -10.627786890028291 ], [ -65.208205725972462, -10.628036889297341 ], [ -65.207955726494362, -10.628036889297341 ], [ -65.207955726494362, -10.628286888566393 ], [ -65.208205725972462, -10.628286888566393 ], [ -65.208205725972462, -10.628536887835445 ], [ -65.207955726494362, -10.628536887835445 ], [ -65.207955726494362, -10.629286885642596 ], [ -65.208205725972462, -10.629286885642596 ], [ -65.208205725972462, -10.629786884180698 ], [ -65.208455725450563, -10.629786884180698 ], [ -65.208455725450563, -10.629956962415834 ], [ -65.20923966379911, -10.629998866353466 ], [ -65.209455723362979, -10.630010408369568 ], [ -65.209455723362979, -10.629786884180698 ], [ -65.209705722841079, -10.629786884180698 ], [ -65.209705722841079, -10.629536884911648 ], [ -65.210205721797294, -10.629536884911648 ], [ -65.210205721797294, -10.629786884180698 ], [ -65.210705720753495, -10.629786884180698 ], [ -65.210705720753495, -10.630036883449749 ], [ -65.212205717622126, -10.630036883449749 ], [ -65.212205717622126, -10.630157314516421 ], [ -65.214631156042145, -10.630286882718799 ], [ -65.216955707706092, -10.630286882718799 ], [ -65.216955707706092, -10.630411061497346 ], [ -65.219310991225441, -10.630536881987851 ], [ -65.219455702487124, -10.630536881987851 ] ], [ [ -65.209705722841079, -10.627786890028291 ], [ -65.209455723362979, -10.627786890028291 ], [ -65.209455723362979, -10.627536890759242 ], [ -65.209705722841079, -10.627536890759242 ], [ -65.209705722841079, -10.627786890028291 ] ], [ [ -65.208705724928663, -10.628036889297341 ], [ -65.208455725450563, -10.628036889297341 ], [ -65.208455725450563, -10.627786890028291 ], [ -65.208705724928663, -10.627786890028291 ], [ -65.208705724928663, -10.628036889297341 ] ], [ [ -65.213205715534542, -10.628786887104495 ], [ -65.212955716056427, -10.628786887104495 ], [ -65.212955716056427, -10.628536887835445 ], [ -65.213205715534542, -10.628536887835445 ], [ -65.213205715534542, -10.628786887104495 ] ], [ [ -65.209455723362979, -10.628786887104495 ], [ -65.209205723884878, -10.628786887104495 ], [ -65.209205723884878, -10.628536887835445 ], [ -65.209455723362979, -10.628536887835445 ], [ -65.209455723362979, -10.628786887104495 ] ], [ [ -65.218205705096608, -10.629036886373546 ], [ -65.217955705618508, -10.629036886373546 ], [ -65.217955705618508, -10.628786887104495 ], [ -65.218205705096608, -10.628786887104495 ], [ -65.218205705096608, -10.629036886373546 ] ], [ [ -65.212705716578327, -10.629036886373546 ], [ -65.212455717100227, -10.629036886373546 ], [ -65.212455717100227, -10.628786887104495 ], [ -65.212705716578327, -10.628786887104495 ], [ -65.212705716578327, -10.629036886373546 ] ], [ [ -65.217705706140407, -10.629286885642596 ], [ -65.218205705096608, -10.629286885642596 ], [ -65.218205705096608, -10.629536884911648 ], [ -65.217205707184192, -10.629536884911648 ], [ -65.217205707184192, -10.629786884180698 ], [ -65.216955707706092, -10.629786884180698 ], [ -65.216955707706092, -10.629286885642596 ], [ -65.216205709271776, -10.629286885642596 ], [ -65.216205709271776, -10.629036886373546 ], [ -65.217705706140407, -10.629036886373546 ], [ -65.217705706140407, -10.629286885642596 ] ], [ [ -65.213455715012643, -10.629036886373546 ], [ -65.213705714490743, -10.629036886373546 ], [ -65.213705714490743, -10.629286885642596 ], [ -65.213455715012643, -10.629286885642596 ], [ -65.213455715012643, -10.629036886373546 ] ], [ [ -65.213455715012643, -10.629536884911648 ], [ -65.213205715534542, -10.629536884911648 ], [ -65.213205715534542, -10.629286885642596 ], [ -65.213455715012643, -10.629286885642596 ], [ -65.213455715012643, -10.629536884911648 ] ], [ [ -65.212205717622126, -10.629286885642596 ], [ -65.211955718144011, -10.629286885642596 ], [ -65.211955718144011, -10.629036886373546 ], [ -65.212205717622126, -10.629036886373546 ], [ -65.212205717622126, -10.629286885642596 ] ], [ [ -65.21120571970971, -10.629536884911648 ], [ -65.21095572023161, -10.629536884911648 ], [ -65.21095572023161, -10.629286885642596 ], [ -65.21120571970971, -10.629286885642596 ], [ -65.21120571970971, -10.629536884911648 ] ] ] } },
{ "type": "Feature", "properties": { "DN": 1 }, "geometry": { "type": "Polygon", "coordinates": [ [ [ -65.178705787556225, -10.620286911956766 ], [ -65.178705787556225, -10.620536911225818 ], [ -65.178955787034326, -10.620536911225818 ], [ -65.178955787034326, -10.620286911956766 ], [ -65.178705787556225, -10.620286911956766 ] ] ] } },
{ "type": "Feature", "properties": { "DN": 1 }, "geometry": { "type": "Polygon", "coordinates": [ [ [ -65.17820578860001, -10.619786913418665 ], [ -65.17820578860001, -10.620286911956766 ], [ -65.178705787556225, -10.620286911956766 ], [ -65.178705787556225, -10.619786913418665 ], [ -65.17820578860001, -10.619786913418665 ] ] ] } },
{ "type": "Feature", "properties": { "DN": 1 }, "geometry": { "type": "Polygon", "coordinates": [ [ [ -65.172205801125529, -10.60053696970175 ], [ -65.172205801125529, -10.600786968970802 ], [ -65.172705800081729, -10.600786968970802 ], [ -65.172705800081729, -10.60053696970175 ], [ -65.172205801125529, -10.60053696970175 ] ] ] } },
{ "type": "Feature", "properties": { "DN": 1 }, "geometry": { "type": "Polygon", "coordinates": [ [ [ -65.173705797994145, -10.60053696970175 ], [ -65.173705797994145, -10.600786968970802 ], [ -65.173955797472246, -10.600786968970802 ], [ -65.173955797472246, -10.60053696970175 ], [ -65.173705797994145, -10.60053696970175 ] ] ] } },
{ "type": "Feature", "properties": { "DN": 1 }, "geometry": { "type": "Polygon", "coordinates": [ [ [ -65.173205799037945, -10.600286970432698 ], [ -65.173205799037945, -10.60053696970175 ], [ -65.173705797994145, -10.60053696970175 ], [ -65.173705797994145, -10.600286970432698 ], [ -65.173205799037945, -10.600286970432698 ] ] ] } },
{ "type": "Feature", "properties": { "DN": 1 }, "geometry": { "type": "Polygon", "coordinates": [ [ [ -65.188455767202271, -10.598286976280292 ], [ -65.188455767202271, -10.598536975549344 ], [ -65.188705766680371, -10.598536975549344 ], [ -65.188705766680371, -10.598286976280292 ], [ -65.188455767202271, -10.598286976280292 ] ] ] } },
{ "type": "Feature", "properties": { "DN": 1 }, "geometry": { "type": "Polygon", "coordinates": [ [ [ -65.198455746326417, -10.588287005518259 ], [ -65.198455746326417, -10.588537004787309 ], [ -65.198705745804517, -10.588537004787309 ], [ -65.198705745804517, -10.588287005518259 ], [ -65.198455746326417, -10.588287005518259 ] ] ] } },
{ "type": "Feature", "properties": { "DN": 1 }, "geometry": { "type": "Polygon", "coordinates": [ [ [ -65.183705777118291, -10.560287087384566 ], [ -65.183705777118291, -10.560537086653616 ], [ -65.183955776596406, -10.560537086653616 ], [ -65.183955776596406, -10.560287087384566 ], [ -65.183705777118291, -10.560287087384566 ] ] ] } },
{ "type": "Feature", "properties": { "DN": 1 }, "geometry": { "type": "Polygon", "coordinates": [ [ [ -65.206705729103845, -10.55853709250121 ], [ -65.206705729103845, -10.55878709177026 ], [ -65.206955728581946, -10.55878709177026 ], [ -65.206955728581946, -10.55853709250121 ], [ -65.206705729103845, -10.55853709250121 ] ] ] } },
{ "type": "Feature", "properties": { "DN": 1 }, "geometry": { "type": "Polygon", "coordinates": [ [ [ -65.215955709793676, -10.606286952889919 ], [ -65.215955709793676, -10.606536952158971 ], [ -65.216205709271776, -10.606536952158971 ], [ -65.216205709271776, -10.606286952889919 ], [ -65.215955709793676, -10.606286952889919 ] ] ] } },
{ "type": "Feature", "properties": { "DN": 1 }, "geometry": { "type": "Polygon", "coordinates": [ [ [ -65.230955678479901, -10.602786963123208 ], [ -65.229455681611284, -10.602786963123208 ], [ -65.229455681611284, -10.602536963854156 ], [ -65.228955682655069, -10.602536963854156 ], [ -65.228955682655069, -10.602786963123208 ], [ -65.228705683176969, -10.602786963123208 ], [ -65.228705683176969, -10.603286961661309 ], [ -65.228955682655069, -10.603286961661309 ], [ -65.228955682655069, -10.605786954351817 ], [ -65.228705683176969, -10.605786954351817 ], [ -65.228705683176969, -10.605536955082767 ], [ -65.228455683698868, -10.605536955082767 ], [ -65.228455683698868, -10.604536958006564 ], [ -65.228205684220754, -10.604536958006564 ], [ -65.228205684220754, -10.604286958737513 ], [ -65.227955684742653, -10.604286958737513 ], [ -65.227955684742653, -10.603286961661309 ], [ -65.227455685786452, -10.603286961661309 ], [ -65.227455685786452, -10.603036962392258 ], [ -65.226455687874036, -10.603036962392258 ], [ -65.226455687874036, -10.603286961661309 ], [ -65.226705687352137, -10.603286961661309 ], [ -65.226705687352137, -10.604286958737513 ], [ -65.226955686830237, -10.604286958737513 ], [ -65.226955686830237, -10.605286955813716 ], [ -65.227205686308338, -10.605286955813716 ], [ -65.227205686308338, -10.60678695142802 ], [ -65.227455685786452, -10.60678695142802 ], [ -65.227455685786452, -10.607286949966122 ], [ -65.228205684220754, -10.607286949966122 ], [ -65.228205684220754, -10.607536949235174 ], [ -65.229455681611284, -10.607536949235174 ], [ -65.229455681611284, -10.607286949966122 ], [ -65.229705681089385, -10.607286949966122 ], [ -65.229705681089385, -10.607536949235174 ], [ -65.229955680567485, -10.607536949235174 ], [ -65.229955680567485, -10.607786948504224 ], [ -65.230205680045586, -10.607786948504224 ], [ -65.230205680045586, -10.608036947773275 ], [ -65.230455679523686, -10.608036947773275 ], [ -65.230455679523686, -10.608286947042327 ], [ -65.230664761556724, -10.608286947042327 ], [ -65.230705679001801, -10.607525891051496 ], [ -65.230705679001801, -10.60678695142802 ], [ -65.230455679523686, -10.60678695142802 ], [ -65.230455679523686, -10.607036950697072 ], [ -65.230205680045586, -10.607036950697072 ], [ -65.230205680045586, -10.60678695142802 ], [ -65.229955680567485, -10.60678695142802 ], [ -65.229955680567485, -10.606536952158971 ], [ -65.22920568213317, -10.606536952158971 ], [ -65.22920568213317, -10.606286952889919 ], [ -65.229455681611284, -10.606286952889919 ], [ -65.229455681611284, -10.606036953620869 ], [ -65.229705681089385, -10.606036953620869 ], [ -65.229705681089385, -10.603536960930359 ], [ -65.230455679523686, -10.603536960930359 ], [ -65.230455679523686, -10.604036959468463 ], [ -65.230705679001801, -10.604036959468463 ], [ -65.230705679001801, -10.604286958737513 ], [ -65.230879817089757, -10.604286958737513 ], [ -65.230955678479901, -10.602875952616877 ], [ -65.230955678479901, -10.602786963123208 ] ] ] } },
{ "type": "Feature", "properties": { "DN": 1 }, "geometry": { "type": "Polygon", "coordinates": [ [ [ -65.215455710837475, -10.604286958737513 ], [ -65.215455710837475, -10.604536958006564 ], [ -65.215705710315575, -10.604536958006564 ], [ -65.215705710315575, -10.604286958737513 ], [ -65.215455710837475, -10.604286958737513 ] ] ] } },
{ "type": "Feature", "properties": { "DN": 1 }, "geometry": { "type": "Polygon", "coordinates": [ [ [ -65.221205698833856, -10.598036977011242 ], [ -65.221205698833856, -10.598286976280292 ], [ -65.221455698311956, -10.598286976280292 ], [ -65.221455698311956, -10.598036977011242 ], [ -65.221205698833856, -10.598036977011242 ] ] ] } },
{ "type": "Feature", "properties": { "DN": 1 }, "geometry": { "type": "Polygon", "coordinates": [ [ [ -65.231205677958002, -10.596286982127886 ], [ -65.230955678479901, -10.596286982127886 ], [ -65.230955678479901, -10.597036979935039 ], [ -65.230705679001801, -10.597036979935039 ], [ -65.230705679001801, -10.597286979204089 ], [ -65.230205680045586, -10.597286979204089 ], [ -65.230205680045586, -10.598286976280292 ], [ -65.230455679523686, -10.598286976280292 ], [ -65.230455679523686, -10.598786974818394 ], [ -65.230955678479901, -10.598786974818394 ], [ -65.230955678479901, -10.598536975549344 ], [ -65.23118896215739, -10.598536975549344 ], [ -65.231205677958002, -10.598226082336657 ], [ -65.231205677958002, -10.596286982127886 ] ] ] } },
{ "type": "Feature", "properties": { "DN": 1 }, "geometry": { "type": "Polygon", "coordinates": [ [ [ -65.231205677958002, -10.594786986513581 ], [ -65.231205677958002, -10.595786983589784 ], [ -65.231336821021486, -10.595786983589784 ], [ -65.231390587881165, -10.594786986513581 ], [ -65.231205677958002, -10.594786986513581 ] ] ] } },
{ "type": "Feature", "properties": { "DN": 1 }, "geometry": { "type": "Polygon", "coordinates": [ [ [ -65.248705641425261, -10.564037076420327 ], [ -65.247955642990959, -10.564037076420327 ], [ -65.247955642990959, -10.564202441511478 ], [ -65.248705641425261, -10.564245095376474 ], [ -65.248705641425261, -10.564037076420327 ] ] ] } },
{ "type": "Feature", "properties": { "DN": 1 }, "geometry": { "type": "Polygon", "coordinates": [ [ [ -65.247455644034744, -10.564037076420327 ], [ -65.247205644556644, -10.564037076420327 ], [ -65.247205644556644, -10.564159787646483 ], [ -65.247455644034744, -10.564174005601481 ], [ -65.247455644034744, -10.564037076420327 ] ] ] } },
{ "type": "Feature", "properties": { "DN": 1 }, "geometry": { "type": "Polygon", "coordinates": [ [ [ -65.230955678479901, -10.55853709250121 ], [ -65.230955678479901, -10.559037091039311 ], [ -65.231205677958002, -10.559037091039311 ], [ -65.231205677958002, -10.55853709250121 ], [ -65.230955678479901, -10.55853709250121 ] ] ] } },
{ "type": "Feature", "properties": { "DN": 1 }, "geometry": { "type": "Polygon", "coordinates": [ [ [ -65.232205675870418, -10.557787094694056 ], [ -65.232205675870418, -10.559037091039311 ], [ -65.233205673782834, -10.559037091039311 ], [ -65.233205673782834, -10.55878709177026 ], [ -65.233455673260934, -10.55878709177026 ], [ -65.233455673260934, -10.558037093963108 ], [ -65.232955674304733, -10.558037093963108 ], [ -65.232955674304733, -10.557787094694056 ], [ -65.232205675870418, -10.557787094694056 ] ] ] } },
{ "type": "Feature", "properties": { "DN": 1 }, "geometry": { "type": "Polygon", "coordinates": [ [ [ -65.266205604892519, -10.56453707495843 ], [ -65.266205604892519, -10.56478707422748 ], [ -65.266455604370634, -10.56478707422748 ], [ -65.266455604370634, -10.56453707495843 ], [ -65.266205604892519, -10.56453707495843 ] ] ] } },
{ "type": "Feature", "properties": { "DN": 1 }, "geometry": { "type": "Polygon", "coordinates": [ [ [ -65.269455598107868, -10.564287075689379 ], [ -65.269455598107868, -10.56453707495843 ], [ -65.26965705490997, -10.56453707495843 ], [ -65.2696700671098, -10.564287075689379 ], [ -65.269455598107868, -10.564287075689379 ] ] ] } },
{ "type": "Feature", "properties": { "DN": 1 }, "geometry": { "type": "Polygon", "coordinates": [ [ [ -65.269455598107868, -10.563787077151277 ], [ -65.269455598107868, -10.564037076420327 ], [ -65.26968307930963, -10.564037076420327 ], [ -65.269696091509459, -10.563787077151277 ], [ -65.269455598107868, -10.563787077151277 ] ] ] } },
{ "type": "Feature", "properties": { "DN": 1 }, "geometry": { "type": "Polygon", "coordinates": [ [ [ -65.268705599673567, -10.563787077151277 ], [ -65.268705599673567, -10.564037076420327 ], [ -65.268955599151667, -10.564037076420327 ], [ -65.268955599151667, -10.563787077151277 ], [ -65.268705599673567, -10.563787077151277 ] ] ] } },
{ "type": "Feature", "properties": { "DN": 1 }, "geometry": { "type": "Polygon", "coordinates": [ [ [ -65.269705597585983, -10.562537080806022 ], [ -65.269705597585983, -10.561537083729819 ], [ -65.269205598629767, -10.561537083729819 ], [ -65.269205598629767, -10.561287084460769 ], [ -65.268705599673567, -10.561287084460769 ], [ -65.268705599673567, -10.561037085191717 ], [ -65.267955601239251, -10.561037085191717 ], [ -65.267955601239251, -10.561287084460769 ], [ -65.267705601761151, -10.561287084460769 ], [ -65.267705601761151, -10.561787082998871 ], [ -65.266955603326835, -10.561787082998871 ], [ -65.266955603326835, -10.562037082267921 ], [ -65.266455604370634, -10.562037082267921 ], [ -65.266455604370634, -10.561787082998871 ], [ -65.266205604892519, -10.561787082998871 ], [ -65.266205604892519, -10.562287081536972 ], [ -65.265955605414419, -10.562287081536972 ], [ -65.265955605414419, -10.563037079344124 ], [ -65.265705605936319, -10.563037079344124 ], [ -65.265705605936319, -10.563287078613175 ], [ -65.265455606458218, -10.563287078613175 ], [ -65.265455606458218, -10.563537077882225 ], [ -65.265705605936319, -10.563537077882225 ], [ -65.265705605936319, -10.563787077151277 ], [ -65.265955605414419, -10.563787077151277 ], [ -65.265955605414419, -10.564037076420327 ], [ -65.266205604892519, -10.564037076420327 ], [ -65.266205604892519, -10.563787077151277 ], [ -65.266705603848735, -10.563787077151277 ], [ -65.266705603848735, -10.564037076420327 ], [ -65.266955603326835, -10.564037076420327 ], [ -65.266955603326835, -10.563537077882225 ], [ -65.267705601761151, -10.563537077882225 ], [ -65.267705601761151, -10.563287078613175 ], [ -65.267955601239251, -10.563287078613175 ], [ -65.267955601239251, -10.563787077151277 ], [ -65.268455600195452, -10.563787077151277 ], [ -65.268455600195452, -10.563537077882225 ], [ -65.268705599673567, -10.563537077882225 ], [ -65.268705599673567, -10.563287078613175 ], [ -65.268955599151667, -10.563287078613175 ], [ -65.268955599151667, -10.563537077882225 ], [ -65.269205598629767, -10.563537077882225 ], [ -65.269205598629767, -10.563787077151277 ], [ -65.269455598107868, -10.563787077151277 ], [ -65.269455598107868, -10.563537077882225 ], [ -65.269705597585983, -10.563537077882225 ], [ -65.269705597585983, -10.562787080075074 ], [ -65.269455598107868, -10.562787080075074 ], [ -65.269455598107868, -10.562537080806022 ], [ -65.269705597585983, -10.562537080806022 ] ], [ [ -65.268205600717351, -10.562537080806022 ], [ -65.268205600717351, -10.562287081536972 ], [ -65.268455600195452, -10.562287081536972 ], [ -65.268455600195452, -10.562037082267921 ], [ -65.268705599673567, -10.562037082267921 ], [ -65.268705599673567, -10.562287081536972 ], [ -65.269455598107868, -10.562287081536972 ], [ -65.269455598107868, -10.562537080806022 ], [ -65.268205600717351, -10.562537080806022 ] ] ] } },
{ "type": "Feature", "properties": { "DN": 1 }, "geometry": { "type": "Polygon", "coordinates": [ [ [ -65.266455604370634, -10.561537083729819 ], [ -65.266455604370634, -10.561787082998871 ], [ -65.266955603326835, -10.561787082998871 ], [ -65.266955603326835, -10.561537083729819 ], [ -65.266455604370634, -10.561537083729819 ] ] ] } },
{ "type": "Feature", "properties": { "DN": 1 }, "geometry": { "type": "Polygon", "coordinates": [ [ [ -65.260705616374239, -10.560287087384566 ], [ -65.260705616374239, -10.561287084460769 ], [ -65.260455616896138, -10.561287084460769 ], [ -65.260455616896138, -10.561537083729819 ], [ -65.260705616374239, -10.561537083729819 ], [ -65.260705616374239, -10.561787082998871 ], [ -65.261205615330454, -10.561787082998871 ], [ -65.261205615330454, -10.560287087384566 ], [ -65.260705616374239, -10.560287087384566 ] ] ] } },
{ "type": "Feature", "properties": { "DN": 1 }, "geometry": { "type": "Polygon", "coordinates": [ [ [ -65.266705603848735, -10.560787085922666 ], [ -65.266705603848735, -10.561287084460769 ], [ -65.266955603326835, -10.561287084460769 ], [ -65.266955603326835, -10.560787085922666 ], [ -65.266705603848735, -10.560787085922666 ] ] ] } },
{ "type": "Feature", "properties": { "DN": 1 }, "geometry": { "type": "Polygon", "coordinates": [ [ [ -65.26220561324287, -10.560537086653616 ], [ -65.26220561324287, -10.561287084460769 ], [ -65.262955611677171, -10.561287084460769 ], [ -65.262955611677171, -10.560537086653616 ], [ -65.26220561324287, -10.560537086653616 ] ] ] } },
{ "type": "Feature", "properties": { "DN": 1 }, "geometry": { "type": "Polygon", "coordinates": [ [ [ -65.270205596542183, -10.55878709177026 ], [ -65.270205596542183, -10.559787088846463 ], [ -65.270455596020284, -10.559787088846463 ], [ -65.270455596020284, -10.55878709177026 ], [ -65.270205596542183, -10.55878709177026 ] ] ] } },
{ "type": "Feature", "properties": { "DN": 1 }, "geometry": { "type": "Polygon", "coordinates": [ [ [ -65.244205650819396, -10.557287096155955 ], [ -65.244205650819396, -10.557537095425007 ], [ -65.243955651341295, -10.557537095425007 ], [ -65.243955651341295, -10.558287093232158 ], [ -65.244205650819396, -10.558287093232158 ], [ -65.244205650819396, -10.55853709250121 ], [ -65.244705649775611, -10.55853709250121 ], [ -65.244705649775611, -10.558287093232158 ], [ -65.244955649253711, -10.558287093232158 ], [ -65.244955649253711, -10.557537095425007 ], [ -65.244705649775611, -10.557537095425007 ], [ -65.244705649775611, -10.557287096155955 ], [ -65.244205650819396, -10.557287096155955 ] ] ] } },
{ "type": "Feature", "properties": { "DN": 1 }, "geometry": { "type": "Polygon", "coordinates": [ [ [ -65.227205686308338, -10.557037096886905 ], [ -65.227205686308338, -10.557287096155955 ], [ -65.226955686830237, -10.557287096155955 ], [ -65.226955686830237, -10.558287093232158 ], [ -65.228205684220754, -10.558287093232158 ], [ -65.228205684220754, -10.558037093963108 ], [ -65.228455683698868, -10.558037093963108 ], [ -65.228455683698868, -10.557287096155955 ], [ -65.228205684220754, -10.557287096155955 ], [ -65.228205684220754, -10.557037096886905 ], [ -65.227205686308338, -10.557037096886905 ] ] ] } },
{ "type": "Feature", "properties": { "DN": 1 }, "geometry": { "type": "Polygon", "coordinates": [ [ [ -65.230955678479901, -10.556287099079752 ], [ -65.230955678479901, -10.556537098348802 ], [ -65.230705679001801, -10.556537098348802 ], [ -65.230705679001801, -10.556787097617853 ], [ -65.230455679523686, -10.556787097617853 ], [ -65.230455679523686, -10.556537098348802 ], [ -65.230205680045586, -10.556537098348802 ], [ -65.230205680045586, -10.556787097617853 ], [ -65.22920568213317, -10.556787097617853 ], [ -65.22920568213317, -10.557037096886905 ], [ -65.228955682655069, -10.557037096886905 ], [ -65.228955682655069, -10.557287096155955 ], [ -65.228705683176969, -10.557287096155955 ], [ -65.228705683176969, -10.558037093963108 ], [ -65.228955682655069, -10.558037093963108 ], [ -65.228955682655069, -10.558287093232158 ], [ -65.22920568213317, -10.558287093232158 ], [ -65.22920568213317, -10.55853709250121 ], [ -65.229455681611284, -10.55853709250121 ], [ -65.229455681611284, -10.558287093232158 ], [ -65.229705681089385, -10.558287093232158 ], [ -65.229705681089385, -10.558037093963108 ], [ -65.230455679523686, -10.558037093963108 ], [ -65.230455679523686, -10.557787094694056 ], [ -65.230705679001801, -10.557787094694056 ], [ -65.230705679001801, -10.557037096886905 ], [ -65.231455677436102, -10.557037096886905 ], [ -65.231455677436102, -10.556287099079752 ], [ -65.230955678479901, -10.556287099079752 ] ] ] } },
{ "type": "Feature", "properties": { "DN": 1 }, "geometry": { "type": "Polygon", "coordinates": [ [ [ -65.222205696746272, -10.555537101272598 ], [ -65.222205696746272, -10.556287099079752 ], [ -65.221705697790057, -10.556287099079752 ], [ -65.221705697790057, -10.557787094694056 ], [ -65.221955697268172, -10.557787094694056 ], [ -65.221955697268172, -10.558037093963108 ], [ -65.222205696746272, -10.558037093963108 ], [ -65.222205696746272, -10.558287093232158 ], [ -65.222705695702473, -10.558287093232158 ], [ -65.222705695702473, -10.558037093963108 ], [ -65.222955695180588, -10.558037093963108 ], [ -65.222955695180588, -10.558287093232158 ], [ -65.223205694658688, -10.558287093232158 ], [ -65.223205694658688, -10.55878709177026 ], [ -65.223455694136788, -10.55878709177026 ], [ -65.223455694136788, -10.559037091039311 ], [ -65.224455692049204, -10.559037091039311 ], [ -65.224455692049204, -10.55878709177026 ], [ -65.224705691527305, -10.55878709177026 ], [ -65.224705691527305, -10.559037091039311 ], [ -65.22520569048352, -10.559037091039311 ], [ -65.22520569048352, -10.559287090308361 ], [ -65.22545568996162, -10.559287090308361 ], [ -65.22545568996162, -10.559037091039311 ], [ -65.225955688917821, -10.559037091039311 ], [ -65.225955688917821, -10.55878709177026 ], [ -65.226455687874036, -10.55878709177026 ], [ -65.226455687874036, -10.558037093963108 ], [ -65.226205688395936, -10.558037093963108 ], [ -65.226205688395936, -10.557787094694056 ], [ -65.225955688917821, -10.557787094694056 ], [ -65.225955688917821, -10.558037093963108 ], [ -65.22545568996162, -10.558037093963108 ], [ -65.22545568996162, -10.557787094694056 ], [ -65.225705689439721, -10.557787094694056 ], [ -65.225705689439721, -10.557037096886905 ], [ -65.22545568996162, -10.557037096886905 ], [ -65.22545568996162, -10.556787097617853 ], [ -65.22520569048352, -10.556787097617853 ], [ -65.22520569048352, -10.556537098348802 ], [ -65.224455692049204, -10.556537098348802 ], [ -65.224455692049204, -10.556787097617853 ], [ -65.223205694658688, -10.556787097617853 ], [ -65.223205694658688, -10.555537101272598 ], [ -65.222205696746272, -10.555537101272598 ] ], [ [ -65.224205692571104, -10.558037093963108 ], [ -65.224205692571104, -10.557037096886905 ], [ -65.224705691527305, -10.557037096886905 ], [ -65.224705691527305, -10.558037093963108 ], [ -65.224205692571104, -10.558037093963108 ] ], [ [ -65.22520569048352, -10.558037093963108 ], [ -65.22520569048352, -10.558287093232158 ], [ -65.224705691527305, -10.558287093232158 ], [ -65.224705691527305, -10.558037093963108 ], [ -65.22520569048352, -10.558037093963108 ] ] ] } },
{ "type": "Feature", "properties": { "DN": 1 }, "geometry": { "type": "Polygon", "coordinates": [ [ [ -65.244705649775611, -10.556287099079752 ], [ -65.244705649775611, -10.556787097617853 ], [ -65.244455650297496, -10.556787097617853 ], [ -65.244455650297496, -10.557037096886905 ], [ -65.244955649253711, -10.557037096886905 ], [ -65.244955649253711, -10.557287096155955 ], [ -65.245455648209912, -10.557287096155955 ], [ -65.245455648209912, -10.556787097617853 ], [ -65.245705647688013, -10.556787097617853 ], [ -65.245705647688013, -10.556287099079752 ], [ -65.244705649775611, -10.556287099079752 ] ] ] } },
{ "type": "Feature", "properties": { "DN": 1 }, "geometry": { "type": "Polygon", "coordinates": [ [ [ -65.221455698311956, -10.554787103465447 ], [ -65.221455698311956, -10.555037102734497 ], [ -65.220955699355756, -10.555037102734497 ], [ -65.220955699355756, -10.555287102003549 ], [ -65.22045570039954, -10.555287102003549 ], [ -65.22045570039954, -10.555537101272598 ], [ -65.219205703009024, -10.555537101272598 ], [ -65.219205703009024, -10.55578710054165 ], [ -65.218955703530924, -10.55578710054165 ], [ -65.218955703530924, -10.556787097617853 ], [ -65.219205703009024, -10.556787097617853 ], [ -65.219205703009024, -10.557287096155955 ], [ -65.22045570039954, -10.557287096155955 ], [ -65.22045570039954, -10.557037096886905 ], [ -65.220705699877641, -10.557037096886905 ], [ -65.220705699877641, -10.556537098348802 ], [ -65.22045570039954, -10.556537098348802 ], [ -65.22045570039954, -10.556287099079752 ], [ -65.220955699355756, -10.556287099079752 ], [ -65.220955699355756, -10.556037099810702 ], [ -65.221455698311956, -10.556037099810702 ], [ -65.221455698311956, -10.555537101272598 ], [ -65.221705697790057, -10.555537101272598 ], [ -65.221705697790057, -10.554787103465447 ], [ -65.221455698311956, -10.554787103465447 ] ] ] } },
{ "type": "Feature", "properties": { "DN": 1 }, "geometry": { "type": "Polygon", "coordinates": [ [ [ -65.242705653950779, -10.554287104927345 ], [ -65.242705653950779, -10.554537104196395 ], [ -65.242205654994564, -10.554537104196395 ], [ -65.242205654994564, -10.555287102003549 ], [ -65.242705653950779, -10.555287102003549 ], [ -65.242705653950779, -10.554787103465447 ], [ -65.24320565290698, -10.554787103465447 ], [ -65.24320565290698, -10.555037102734497 ], [ -65.242955653428879, -10.555037102734497 ], [ -65.242955653428879, -10.55578710054165 ], [ -65.243955651341295, -10.55578710054165 ], [ -65.243955651341295, -10.555037102734497 ], [ -65.243705651863195, -10.555037102734497 ], [ -65.243705651863195, -10.554787103465447 ], [ -65.24345565238508, -10.554787103465447 ], [ -65.24345565238508, -10.554537104196395 ], [ -65.24320565290698, -10.554537104196395 ], [ -65.24320565290698, -10.554287104927345 ], [ -65.242705653950779, -10.554287104927345 ] ] ] } },
{ "type": "Feature", "properties": { "DN": 1 }, "geometry": { "type": "Polygon", "coordinates": [ [ [ -65.223955693092989, -10.553287107851142 ], [ -65.223955693092989, -10.553537107120192 ], [ -65.223705693614889, -10.553537107120192 ], [ -65.223705693614889, -10.554037105658294 ], [ -65.224205692571104, -10.554037105658294 ], [ -65.224205692571104, -10.553287107851142 ], [ -65.223955693092989, -10.553287107851142 ] ] ] } },
{ "type": "Feature", "properties": { "DN": 1 }, "geometry": { "type": "Polygon", "coordinates": [ [ [ -65.223455694136788, -10.553037108582091 ], [ -65.223455694136788, -10.553287107851142 ], [ -65.223955693092989, -10.553287107851142 ], [ -65.223955693092989, -10.553037108582091 ], [ -65.223455694136788, -10.553037108582091 ] ] ] } },
{ "type": "Feature", "properties": { "DN": 1 }, "geometry": { "type": "Polygon", "coordinates": [ [ [ -65.219705701965239, -10.550787115160633 ], [ -65.219705701965239, -10.551537112967786 ], [ -65.218705704052823, -10.551537112967786 ], [ -65.218705704052823, -10.551787112236836 ], [ -65.218955703530924, -10.551787112236836 ], [ -65.218955703530924, -10.552037111505888 ], [ -65.218705704052823, -10.552037111505888 ], [ -65.218705704052823, -10.552287110774937 ], [ -65.218955703530924, -10.552287110774937 ], [ -65.218955703530924, -10.552537110043989 ], [ -65.219205703009024, -10.552537110043989 ], [ -65.219205703009024, -10.552787109313041 ], [ -65.219705701965239, -10.552787109313041 ], [ -65.219705701965239, -10.552537110043989 ], [ -65.221205698833856, -10.552537110043989 ], [ -65.221205698833856, -10.552287110774937 ], [ -65.221455698311956, -10.552287110774937 ], [ -65.221455698311956, -10.551287113698734 ], [ -65.221205698833856, -10.551287113698734 ], [ -65.221205698833856, -10.551537112967786 ], [ -65.220955699355756, -10.551537112967786 ], [ -65.220955699355756, -10.551287113698734 ], [ -65.220705699877641, -10.551287113698734 ], [ -65.220705699877641, -10.551037114429684 ], [ -65.22045570039954, -10.551037114429684 ], [ -65.22045570039954, -10.550787115160633 ], [ -65.219705701965239, -10.550787115160633 ] ], [ [ -65.21995570144334, -10.552037111505888 ], [ -65.219705701965239, -10.552037111505888 ], [ -65.219705701965239, -10.551787112236836 ], [ -65.21995570144334, -10.551787112236836 ], [ -65.21995570144334, -10.552037111505888 ] ] ] } },
{ "type": "Feature", "properties": { "DN": 1 }, "geometry": { "type": "Polygon", "coordinates": [ [ [ -65.259455618983722, -10.55853709250121 ], [ -65.259455618983722, -10.559537089577413 ], [ -65.260705616374239, -10.559537089577413 ], [ -65.260705616374239, -10.55878709177026 ], [ -65.260205617418038, -10.55878709177026 ], [ -65.260205617418038, -10.55853709250121 ], [ -65.259455618983722, -10.55853709250121 ] ] ] } },
{ "type": "Feature", "properties": { "DN": 1 }, "geometry": { "type": "Polygon", "coordinates": [ [ [ -65.269455598107868, -10.557037096886905 ], [ -65.269455598107868, -10.557287096155955 ], [ -65.269705597585983, -10.557287096155955 ], [ -65.269705597585983, -10.557787094694056 ], [ -65.269455598107868, -10.557787094694056 ], [ -65.269455598107868, -10.558037093963108 ], [ -65.269705597585983, -10.558037093963108 ], [ -65.269705597585983, -10.55853709250121 ], [ -65.270205596542183, -10.55853709250121 ], [ -65.270205596542183, -10.558287093232158 ], [ -65.270455596020284, -10.558287093232158 ], [ -65.270455596020284, -10.557287096155955 ], [ -65.270205596542183, -10.557287096155955 ], [ -65.270205596542183, -10.557037096886905 ], [ -65.269455598107868, -10.557037096886905 ] ] ] } },
{ "type": "Feature", "properties": { "DN": 1 }, "geometry": { "type": "Polygon", "coordinates": [ [ [ -65.267205602804935, -10.555287102003549 ], [ -65.267205602804935, -10.555537101272598 ], [ -65.267705601761151, -10.555537101272598 ], [ -65.267705601761151, -10.555287102003549 ], [ -65.267205602804935, -10.555287102003549 ] ] ] } },
{ "type": "Feature", "properties": { "DN": 1 }, "geometry": { "type": "Polygon", "coordinates": [ [ [ -65.261705614286655, -10.554537104196395 ], [ -65.261705614286655, -10.555287102003549 ], [ -65.261955613764755, -10.555287102003549 ], [ -65.261955613764755, -10.555537101272598 ], [ -65.26220561324287, -10.555537101272598 ], [ -65.26220561324287, -10.555287102003549 ], [ -65.262705612199071, -10.555287102003549 ], [ -65.262705612199071, -10.554787103465447 ], [ -65.26220561324287, -10.554787103465447 ], [ -65.26220561324287, -10.554537104196395 ], [ -65.261705614286655, -10.554537104196395 ] ] ] } },
{ "type": "Feature", "properties": { "DN": 1 }, "geometry": { "type": "Polygon", "coordinates": [ [ [ -65.267705601761151, -10.554537104196395 ], [ -65.267705601761151, -10.554787103465447 ], [ -65.267955601239251, -10.554787103465447 ], [ -65.267955601239251, -10.554537104196395 ], [ -65.267705601761151, -10.554537104196395 ] ] ] } },
{ "type": "Feature", "properties": { "DN": 1 }, "geometry": { "type": "Polygon", "coordinates": [ [ [ -65.267955601239251, -10.551787112236836 ], [ -65.267955601239251, -10.552037111505888 ], [ -65.267705601761151, -10.552037111505888 ], [ -65.267705601761151, -10.552287110774937 ], [ -65.267955601239251, -10.552287110774937 ], [ -65.267955601239251, -10.552787109313041 ], [ -65.268205600717351, -10.552787109313041 ], [ -65.268205600717351, -10.553037108582091 ], [ -65.267955601239251, -10.553037108582091 ], [ -65.267955601239251, -10.553537107120192 ], [ -65.268205600717351, -10.553537107120192 ], [ -65.268205600717351, -10.553787106389244 ], [ -65.268705599673567, -10.553787106389244 ], [ -65.268705599673567, -10.553287107851142 ], [ -65.268955599151667, -10.553287107851142 ], [ -65.268955599151667, -10.553037108582091 ], [ -65.269205598629767, -10.553037108582091 ], [ -65.269205598629767, -10.552037111505888 ], [ -65.268455600195452, -10.552037111505888 ], [ -65.268455600195452, -10.551787112236836 ], [ -65.267955601239251, -10.551787112236836 ] ] ] } },
{ "type": "Feature", "properties": { "DN": 1 }, "geometry": { "type": "Polygon", "coordinates": [ [ [ -65.265455606458218, -10.549287119546328 ], [ -65.265455606458218, -10.54953711881538 ], [ -65.265205606980103, -10.54953711881538 ], [ -65.265205606980103, -10.54978711808443 ], [ -65.265455606458218, -10.54978711808443 ], [ -65.265455606458218, -10.550287116622531 ], [ -65.265205606980103, -10.550287116622531 ], [ -65.265205606980103, -10.550537115891583 ], [ -65.264455608545802, -10.550537115891583 ], [ -65.264455608545802, -10.550787115160633 ], [ -65.264205609067687, -10.550787115160633 ], [ -65.264205609067687, -10.551537112967786 ], [ -65.263955609589587, -10.551537112967786 ], [ -65.263955609589587, -10.551287113698734 ], [ -65.263205611155286, -10.551287113698734 ], [ -65.263205611155286, -10.551037114429684 ], [ -65.263705610111487, -10.551037114429684 ], [ -65.263705610111487, -10.550787115160633 ], [ -65.263955609589587, -10.550787115160633 ], [ -65.263955609589587, -10.550287116622531 ], [ -65.263455610633386, -10.550287116622531 ], [ -65.263455610633386, -10.54978711808443 ], [ -65.262705612199071, -10.54978711808443 ], [ -65.262705612199071, -10.550287116622531 ], [ -65.26245561272097, -10.550287116622531 ], [ -65.26245561272097, -10.550537115891583 ], [ -65.261955613764755, -10.550537115891583 ], [ -65.261955613764755, -10.550287116622531 ], [ -65.261705614286655, -10.550287116622531 ], [ -65.261705614286655, -10.54953711881538 ], [ -65.261455614808554, -10.54953711881538 ], [ -65.261455614808554, -10.54978711808443 ], [ -65.260205617418038, -10.54978711808443 ], [ -65.260205617418038, -10.54953711881538 ], [ -65.260705616374239, -10.54953711881538 ], [ -65.260705616374239, -10.549037120277276 ], [ -65.259705618461822, -10.549037120277276 ], [ -65.259705618461822, -10.549287119546328 ], [ -65.259455618983722, -10.549287119546328 ], [ -65.259455618983722, -10.54953711881538 ], [ -65.259705618461822, -10.54953711881538 ], [ -65.259705618461822, -10.550287116622531 ], [ -65.259455618983722, -10.550287116622531 ], [ -65.259455618983722, -10.550537115891583 ], [ -65.259705618461822, -10.550537115891583 ], [ -65.259705618461822, -10.550787115160633 ], [ -65.260205617418038, -10.550787115160633 ], [ -65.260205617418038, -10.550537115891583 ], [ -65.260455616896138, -10.550537115891583 ], [ -65.260455616896138, -10.550787115160633 ], [ -65.260705616374239, -10.550787115160633 ], [ -65.260705616374239, -10.551037114429684 ], [ -65.261205615330454, -10.551037114429684 ], [ -65.261205615330454, -10.551287113698734 ], [ -65.260205617418038, -10.551287113698734 ], [ -65.260205617418038, -10.551537112967786 ], [ -65.260455616896138, -10.551537112967786 ], [ -65.260455616896138, -10.551787112236836 ], [ -65.260205617418038, -10.551787112236836 ], [ -65.260205617418038, -10.552037111505888 ], [ -65.260705616374239, -10.552037111505888 ], [ -65.260705616374239, -10.551787112236836 ], [ -65.260955615852339, -10.551787112236836 ], [ -65.260955615852339, -10.552287110774937 ], [ -65.261205615330454, -10.552287110774937 ], [ -65.261205615330454, -10.552037111505888 ], [ -65.261705614286655, -10.552037111505888 ], [ -65.261705614286655, -10.552287110774937 ], [ -65.262705612199071, -10.552287110774937 ], [ -65.262705612199071, -10.552037111505888 ], [ -65.263205611155286, -10.552037111505888 ], [ -65.263205611155286, -10.551787112236836 ], [ -65.263455610633386, -10.551787112236836 ], [ -65.263455610633386, -10.552287110774937 ], [ -65.263955609589587, -10.552287110774937 ], [ -65.263955609589587, -10.553537107120192 ], [ -65.263705610111487, -10.553537107120192 ], [ -65.263705610111487, -10.553787106389244 ], [ -65.263455610633386, -10.553787106389244 ], [ -65.263455610633386, -10.553287107851142 ], [ -65.262955611677171, -10.553287107851142 ], [ -65.262955611677171, -10.553787106389244 ], [ -65.263205611155286, -10.553787106389244 ], [ -65.263205611155286, -10.554037105658294 ], [ -65.262955611677171, -10.554037105658294 ], [ -65.262955611677171, -10.554287104927345 ], [ -65.262705612199071, -10.554287104927345 ], [ -65.262705612199071, -10.554787103465447 ], [ -65.262955611677171, -10.554787103465447 ], [ -65.262955611677171, -10.555287102003549 ], [ -65.263705610111487, -10.555287102003549 ], [ -65.263705610111487, -10.554537104196395 ], [ -65.264455608545802, -10.554537104196395 ], [ -65.264455608545802, -10.553787106389244 ], [ -65.265955605414419, -10.553787106389244 ], [ -65.265955605414419, -10.554037105658294 ], [ -65.266205604892519, -10.554037105658294 ], [ -65.266205604892519, -10.553787106389244 ], [ -65.266705603848735, -10.553787106389244 ], [ -65.266705603848735, -10.553537107120192 ], [ -65.266955603326835, -10.553537107120192 ], [ -65.266955603326835, -10.553287107851142 ], [ -65.267205602804935, -10.553287107851142 ], [ -65.267205602804935, -10.552787109313041 ], [ -65.267705601761151, -10.552787109313041 ], [ -65.267705601761151, -10.552287110774937 ], [ -65.267205602804935, -10.552287110774937 ], [ -65.267205602804935, -10.552037111505888 ], [ -65.266955603326835, -10.552037111505888 ], [ -65.266955603326835, -10.551537112967786 ], [ -65.267205602804935, -10.551537112967786 ], [ -65.267205602804935, -10.550787115160633 ], [ -65.266955603326835, -10.550787115160633 ], [ -65.266955603326835, -10.550287116622531 ], [ -65.267205602804935, -10.550287116622531 ], [ -65.267205602804935, -10.550537115891583 ], [ -65.268205600717351, -10.550537115891583 ], [ -65.268205600717351, -10.550287116622531 ], [ -65.268705599673567, -10.550287116622531 ], [ -65.268705599673567, -10.54978711808443 ], [ -65.268455600195452, -10.54978711808443 ], [ -65.268455600195452, -10.549287119546328 ], [ -65.268205600717351, -10.549287119546328 ], [ -65.268205600717351, -10.548787121008226 ], [ -65.267205602804935, -10.548787121008226 ], [ -65.267205602804935, -10.549037120277276 ], [ -65.266955603326835, -10.549037120277276 ], [ -65.266955603326835, -10.548787121008226 ], [ -65.265955605414419, -10.548787121008226 ], [ -65.265955605414419, -10.549037120277276 ], [ -65.265705605936319, -10.549037120277276 ], [ -65.265705605936319, -10.549287119546328 ], [ -65.265455606458218, -10.549287119546328 ] ], [ [ -65.265955605414419, -10.549287119546328 ], [ -65.265955605414419, -10.54953711881538 ], [ -65.265705605936319, -10.54953711881538 ], [ -65.265705605936319, -10.549287119546328 ], [ -65.265955605414419, -10.549287119546328 ] ], [ [ -65.261205615330454, -10.550787115160633 ], [ -65.260955615852339, -10.550787115160633 ], [ -65.260955615852339, -10.550537115891583 ], [ -65.261205615330454, -10.550537115891583 ], [ -65.261205615330454, -10.550787115160633 ] ], [ [ -65.266205604892519, -10.551037114429684 ], [ -65.265955605414419, -10.551037114429684 ], [ -65.265955605414419, -10.550787115160633 ], [ -65.266205604892519, -10.550787115160633 ], [ -65.266205604892519, -10.551037114429684 ] ], [ [ -65.262955611677171, -10.551287113698734 ], [ -65.262705612199071, -10.551287113698734 ], [ -65.262705612199071, -10.551037114429684 ], [ -65.262955611677171, -10.551037114429684 ], [ -65.262955611677171, -10.551287113698734 ] ], [ [ -65.261955613764755, -10.551537112967786 ], [ -65.261455614808554, -10.551537112967786 ], [ -65.261455614808554, -10.551287113698734 ], [ -65.261705614286655, -10.551287113698734 ], [ -65.261705614286655, -10.551037114429684 ], [ -65.261955613764755, -10.551037114429684 ], [ -65.261955613764755, -10.551537112967786 ] ], [ [ -65.262705612199071, -10.551787112236836 ], [ -65.26220561324287, -10.551787112236836 ], [ -65.26220561324287, -10.551537112967786 ], [ -65.262705612199071, -10.551537112967786 ], [ -65.262705612199071, -10.551787112236836 ] ], [ [ -65.265955605414419, -10.552037111505888 ], [ -65.265955605414419, -10.551787112236836 ], [ -65.266205604892519, -10.551787112236836 ], [ -65.266205604892519, -10.552037111505888 ], [ -65.265955605414419, -10.552037111505888 ] ], [ [ -65.266455604370634, -10.552037111505888 ], [ -65.266455604370634, -10.552287110774937 ], [ -65.266205604892519, -10.552287110774937 ], [ -65.266205604892519, -10.552037111505888 ], [ -65.266455604370634, -10.552037111505888 ] ], [ [ -65.264205609067687, -10.552037111505888 ], [ -65.264205609067687, -10.551787112236836 ], [ -65.264455608545802, -10.551787112236836 ], [ -65.264455608545802, -10.552037111505888 ], [ -65.264205609067687, -10.552037111505888 ] ], [ [ -65.264705608023903, -10.552037111505888 ], [ -65.264705608023903, -10.552287110774937 ], [ -65.264455608545802, -10.552287110774937 ], [ -65.264455608545802, -10.552037111505888 ], [ -65.264705608023903, -10.552037111505888 ] ], [ [ -65.265955605414419, -10.553037108582091 ], [ -65.265705605936319, -10.553037108582091 ], [ -65.265705605936319, -10.552787109313041 ], [ -65.265955605414419, -10.552787109313041 ], [ -65.265955605414419, -10.553037108582091 ] ], [ [ -65.263455610633386, -10.554037105658294 ], [ -65.263705610111487, -10.554037105658294 ], [ -65.263705610111487, -10.554287104927345 ], [ -65.263455610633386, -10.554287104927345 ], [ -65.263455610633386, -10.554037105658294 ] ], [ [ -65.263455610633386, -10.554537104196395 ], [ -65.263205611155286, -10.554537104196395 ], [ -65.263205611155286, -10.554287104927345 ], [ -65.263455610633386, -10.554287104927345 ], [ -65.263455610633386, -10.554537104196395 ] ] ] } },
{ "type": "Feature", "properties": { "DN": 1 }, "geometry": { "type": "Polygon", "coordinates": [ [ [ -65.269205598629767, -10.551037114429684 ], [ -65.269205598629767, -10.551787112236836 ], [ -65.269705597585983, -10.551787112236836 ], [ -65.269705597585983, -10.551287113698734 ], [ -65.269455598107868, -10.551287113698734 ], [ -65.269455598107868, -10.551037114429684 ], [ -65.269205598629767, -10.551037114429684 ] ] ] } },
{ "type": "Feature", "properties": { "DN": 1 }, "geometry": { "type": "Polygon", "coordinates": [ [ [ -65.268705599673567, -10.550537115891583 ], [ -65.268705599673567, -10.551037114429684 ], [ -65.269205598629767, -10.551037114429684 ], [ -65.269205598629767, -10.550537115891583 ], [ -65.268705599673567, -10.550537115891583 ] ] ] } },
{ "type": "Feature", "properties": { "DN": 1 }, "geometry": { "type": "Polygon", "coordinates": [ [ [ -65.251955634640609, -10.549287119546328 ], [ -65.251955634640609, -10.54978711808443 ], [ -65.25220563411871, -10.54978711808443 ], [ -65.25220563411871, -10.550287116622531 ], [ -65.252955632553025, -10.550287116622531 ], [ -65.252955632553025, -10.550037117353481 ], [ -65.253205632031126, -10.550037117353481 ], [ -65.253205632031126, -10.54978711808443 ], [ -65.252955632553025, -10.54978711808443 ], [ -65.252955632553025, -10.54953711881538 ], [ -65.25220563411871, -10.54953711881538 ], [ -65.25220563411871, -10.549287119546328 ], [ -65.251955634640609, -10.549287119546328 ] ] ] } },
{ "type": "Feature", "properties": { "DN": 1 }, "geometry": { "type": "Polygon", "coordinates": [ [ [ -65.251455635684408, -10.54953711881538 ], [ -65.251455635684408, -10.54978711808443 ], [ -65.251705635162509, -10.54978711808443 ], [ -65.251705635162509, -10.54953711881538 ], [ -65.251455635684408, -10.54953711881538 ] ] ] } },
{ "type": "Feature", "properties": { "DN": 1 }, "geometry": { "type": "Polygon", "coordinates": [ [ [ -65.250705637250093, -10.549037120277276 ], [ -65.250705637250093, -10.54953711881538 ], [ -65.251455635684408, -10.54953711881538 ], [ -65.251455635684408, -10.549287119546328 ], [ -65.251205636206308, -10.549287119546328 ], [ -65.251205636206308, -10.549037120277276 ], [ -65.250705637250093, -10.549037120277276 ] ] ] } },
{ "type": "Feature", "properties": { "DN": 1 }, "geometry": { "type": "Polygon", "coordinates": [ [ [ -65.26245561272097, -10.548537121739177 ], [ -65.26245561272097, -10.548787121008226 ], [ -65.26220561324287, -10.548787121008226 ], [ -65.26220561324287, -10.54978711808443 ], [ -65.262705612199071, -10.54978711808443 ], [ -65.262705612199071, -10.54953711881538 ], [ -65.262955611677171, -10.54953711881538 ], [ -65.262955611677171, -10.549037120277276 ], [ -65.263205611155286, -10.549037120277276 ], [ -65.263205611155286, -10.548787121008226 ], [ -65.262705612199071, -10.548787121008226 ], [ -65.262705612199071, -10.548537121739177 ], [ -65.26245561272097, -10.548537121739177 ] ] ] } },
{ "type": "Feature", "properties": { "DN": 1 }, "geometry": { "type": "Polygon", "coordinates": [ [ [ -65.268955599151667, -10.548787121008226 ], [ -65.268955599151667, -10.549037120277276 ], [ -65.269205598629767, -10.549037120277276 ], [ -65.269205598629767, -10.548787121008226 ], [ -65.268955599151667, -10.548787121008226 ] ] ] } },
{ "type": "Feature", "properties": { "DN": 1 }, "geometry": { "type": "Polygon", "coordinates": [ [ [ -65.266955603326835, -10.548287122470125 ], [ -65.266955603326835, -10.548537121739177 ], [ -65.267705601761151, -10.548537121739177 ], [ -65.267705601761151, -10.548287122470125 ], [ -65.266955603326835, -10.548287122470125 ] ] ] } },
{ "type": "Feature", "properties": { "DN": 1 }, "geometry": { "type": "Polygon", "coordinates": [ [ [ -65.254455629421656, -10.546287128317719 ], [ -65.254455629421656, -10.546537127586769 ], [ -65.253705630987341, -10.546537127586769 ], [ -65.253705630987341, -10.54678712685582 ], [ -65.25345563150924, -10.54678712685582 ], [ -65.25345563150924, -10.547287125393922 ], [ -65.253705630987341, -10.547287125393922 ], [ -65.253705630987341, -10.547537124662972 ], [ -65.253955630465441, -10.547537124662972 ], [ -65.253955630465441, -10.547787123932023 ], [ -65.254205629943542, -10.547787123932023 ], [ -65.254205629943542, -10.548037123201073 ], [ -65.253705630987341, -10.548037123201073 ], [ -65.253705630987341, -10.548287122470125 ], [ -65.25345563150924, -10.548287122470125 ], [ -65.25345563150924, -10.548787121008226 ], [ -65.252955632553025, -10.548787121008226 ], [ -65.252955632553025, -10.549037120277276 ], [ -65.252705633074925, -10.549037120277276 ], [ -65.252705633074925, -10.549287119546328 ], [ -65.252955632553025, -10.549287119546328 ], [ -65.252955632553025, -10.54953711881538 ], [ -65.253205632031126, -10.54953711881538 ], [ -65.253205632031126, -10.549287119546328 ], [ -65.253955630465441, -10.549287119546328 ], [ -65.253955630465441, -10.549037120277276 ], [ -65.254205629943542, -10.549037120277276 ], [ -65.254205629943542, -10.54953711881538 ], [ -65.254455629421656, -10.54953711881538 ], [ -65.254455629421656, -10.550287116622531 ], [ -65.255205627855958, -10.550287116622531 ], [ -65.255205627855958, -10.54978711808443 ], [ -65.255455627334058, -10.54978711808443 ], [ -65.255455627334058, -10.549287119546328 ], [ -65.255955626290273, -10.549287119546328 ], [ -65.255955626290273, -10.549037120277276 ], [ -65.256205625768374, -10.549037120277276 ], [ -65.256205625768374, -10.548787121008226 ], [ -65.256455625246474, -10.548787121008226 ], [ -65.256455625246474, -10.548537121739177 ], [ -65.256205625768374, -10.548537121739177 ], [ -65.256205625768374, -10.548287122470125 ], [ -65.255705626812173, -10.548287122470125 ], [ -65.255705626812173, -10.548537121739177 ], [ -65.255205627855958, -10.548537121739177 ], [ -65.255205627855958, -10.548287122470125 ], [ -65.254705628899757, -10.548287122470125 ], [ -65.254705628899757, -10.547537124662972 ], [ -65.254955628377857, -10.547537124662972 ], [ -65.254955628377857, -10.547787123932023 ], [ -65.255455627334058, -10.547787123932023 ], [ -65.255455627334058, -10.547537124662972 ], [ -65.255705626812173, -10.547537124662972 ], [ -65.255705626812173, -10.546537127586769 ], [ -65.255455627334058, -10.546537127586769 ], [ -65.255455627334058, -10.546287128317719 ], [ -65.254455629421656, -10.546287128317719 ] ], [ [ -65.254705628899757, -10.549037120277276 ], [ -65.254455629421656, -10.549037120277276 ], [ -65.254455629421656, -10.548787121008226 ], [ -65.254205629943542, -10.548787121008226 ], [ -65.254205629943542, -10.548537121739177 ], [ -65.254705628899757, -10.548537121739177 ], [ -65.254705628899757, -10.549037120277276 ] ] ] } },
{ "type": "Feature", "properties": { "DN": 1 }, "geometry": { "type": "Polygon", "coordinates": [ [ [ -65.258205621593206, -10.547287125393922 ], [ -65.258205621593206, -10.548037123201073 ], [ -65.257705622637005, -10.548037123201073 ], [ -65.257705622637005, -10.548787121008226 ], [ -65.258455621071306, -10.548787121008226 ], [ -65.258455621071306, -10.548287122470125 ], [ -65.258955620027521, -10.548287122470125 ], [ -65.258955620027521, -10.548037123201073 ], [ -65.259205619505622, -10.548037123201073 ], [ -65.259205619505622, -10.547287125393922 ], [ -65.258205621593206, -10.547287125393922 ] ] ] } },
{ "type": "Feature", "properties": { "DN": 1 }, "geometry": { "type": "Polygon", "coordinates": [ [ [ -65.268455600195452, -10.54678712685582 ], [ -65.268455600195452, -10.547787123932023 ], [ -65.268705599673567, -10.547787123932023 ], [ -65.268705599673567, -10.548287122470125 ], [ -65.268955599151667, -10.548287122470125 ], [ -65.268955599151667, -10.548037123201073 ], [ -65.269205598629767, -10.548037123201073 ], [ -65.269205598629767, -10.547287125393922 ], [ -65.269455598107868, -10.547287125393922 ], [ -65.269455598107868, -10.54703712612487 ], [ -65.269205598629767, -10.54703712612487 ], [ -65.269205598629767, -10.54678712685582 ], [ -65.268455600195452, -10.54678712685582 ] ] ] } },
{ "type": "Feature", "properties": { "DN": 1 }, "geometry": { "type": "Polygon", "coordinates": [ [ [ -65.25720562368079, -10.54678712685582 ], [ -65.25720562368079, -10.547287125393922 ], [ -65.257705622637005, -10.547287125393922 ], [ -65.257705622637005, -10.547787123932023 ], [ -65.257955622115105, -10.547787123932023 ], [ -65.257955622115105, -10.547287125393922 ], [ -65.258205621593206, -10.547287125393922 ], [ -65.258205621593206, -10.54703712612487 ], [ -65.257705622637005, -10.54703712612487 ], [ -65.257705622637005, -10.54678712685582 ], [ -65.25720562368079, -10.54678712685582 ] ] ] } },
{ "type": "Feature", "properties": { "DN": 1 }, "geometry": { "type": "Polygon", "coordinates": [ [ [ -65.266705603848735, -10.545537130510565 ], [ -65.266705603848735, -10.545787129779617 ], [ -65.266455604370634, -10.545787129779617 ], [ -65.266455604370634, -10.546537127586769 ], [ -65.266705603848735, -10.546537127586769 ], [ -65.266705603848735, -10.54703712612487 ], [ -65.266205604892519, -10.54703712612487 ], [ -65.266205604892519, -10.547787123932023 ], [ -65.265705605936319, -10.547787123932023 ], [ -65.265705605936319, -10.547287125393922 ], [ -65.265955605414419, -10.547287125393922 ], [ -65.265955605414419, -10.54703712612487 ], [ -65.265705605936319, -10.54703712612487 ], [ -65.265705605936319, -10.546537127586769 ], [ -65.265455606458218, -10.546537127586769 ], [ -65.265455606458218, -10.546287128317719 ], [ -65.264705608023903, -10.546287128317719 ], [ -65.264705608023903, -10.546537127586769 ], [ -65.264455608545802, -10.546537127586769 ], [ -65.264455608545802, -10.54678712685582 ], [ -65.264205609067687, -10.54678712685582 ], [ -65.264205609067687, -10.547287125393922 ], [ -65.264455608545802, -10.547287125393922 ], [ -65.264455608545802, -10.547787123932023 ], [ -65.264705608023903, -10.547787123932023 ], [ -65.264705608023903, -10.548037123201073 ], [ -65.264455608545802, -10.548037123201073 ], [ -65.264455608545802, -10.548287122470125 ], [ -65.264705608023903, -10.548287122470125 ], [ -65.264705608023903, -10.548787121008226 ], [ -65.265205606980103, -10.548787121008226 ], [ -65.265205606980103, -10.549037120277276 ], [ -65.265705605936319, -10.549037120277276 ], [ -65.265705605936319, -10.548787121008226 ], [ -65.265955605414419, -10.548787121008226 ], [ -65.265955605414419, -10.548287122470125 ], [ -65.265705605936319, -10.548287122470125 ], [ -65.265705605936319, -10.548037123201073 ], [ -65.266955603326835, -10.548037123201073 ], [ -65.266955603326835, -10.547787123932023 ], [ -65.267205602804935, -10.547787123932023 ], [ -65.267205602804935, -10.54703712612487 ], [ -65.267955601239251, -10.54703712612487 ], [ -65.267955601239251, -10.54678712685582 ], [ -65.267705601761151, -10.54678712685582 ], [ -65.267705601761151, -10.546537127586769 ], [ -65.267205602804935, -10.546537127586769 ], [ -65.267205602804935, -10.546037129048667 ], [ -65.267705601761151, -10.546037129048667 ], [ -65.267705601761151, -10.546287128317719 ], [ -65.267955601239251, -10.546287128317719 ], [ -65.267955601239251, -10.545787129779617 ], [ -65.267705601761151, -10.545787129779617 ], [ -65.267705601761151, -10.545537130510565 ], [ -65.266705603848735, -10.545537130510565 ] ], [ [ -65.266955603326835, -10.546287128317719 ], [ -65.266705603848735, -10.546287128317719 ], [ -65.266705603848735, -10.546037129048667 ], [ -65.266955603326835, -10.546037129048667 ], [ -65.266955603326835, -10.546287128317719 ] ] ] } },
{ "type": "Feature", "properties": { "DN": 1 }, "geometry": { "type": "Polygon", "coordinates": [ [ [ -65.242455654472664, -10.547787123932023 ], [ -65.242455654472664, -10.548537121739177 ], [ -65.242705653950779, -10.548537121739177 ], [ -65.242705653950779, -10.548787121008226 ], [ -65.242955653428879, -10.548787121008226 ], [ -65.242955653428879, -10.549037120277276 ], [ -65.24345565238508, -10.549037120277276 ], [ -65.24345565238508, -10.548787121008226 ], [ -65.243705651863195, -10.548787121008226 ], [ -65.243705651863195, -10.548537121739177 ], [ -65.243955651341295, -10.548537121739177 ], [ -65.243955651341295, -10.548037123201073 ], [ -65.24345565238508, -10.548037123201073 ], [ -65.24345565238508, -10.547787123932023 ], [ -65.242455654472664, -10.547787123932023 ] ] ] } },
{ "type": "Feature", "properties": { "DN": 1 }, "geometry": { "type": "Polygon", "coordinates": [ [ [ -65.236705666476283, -10.546037129048667 ], [ -65.236705666476283, -10.546287128317719 ], [ -65.236955665954383, -10.546287128317719 ], [ -65.236955665954383, -10.546037129048667 ], [ -65.236705666476283, -10.546037129048667 ] ] ] } },
{ "type": "Feature", "properties": { "DN": 1 }, "geometry": { "type": "Polygon", "coordinates": [ [ [ -65.238205663344914, -10.545787129779617 ], [ -65.238205663344914, -10.546037129048667 ], [ -65.237955663866799, -10.546037129048667 ], [ -65.237955663866799, -10.545787129779617 ], [ -65.237705664388699, -10.545787129779617 ], [ -65.237705664388699, -10.546537127586769 ], [ -65.238455662823014, -10.546537127586769 ], [ -65.238455662823014, -10.546287128317719 ], [ -65.238705662301115, -10.546287128317719 ], [ -65.238705662301115, -10.546537127586769 ], [ -65.23920566125733, -10.546537127586769 ], [ -65.23920566125733, -10.546037129048667 ], [ -65.238455662823014, -10.546037129048667 ], [ -65.238455662823014, -10.545787129779617 ], [ -65.238205663344914, -10.545787129779617 ] ] ] } },
{ "type": "Feature", "properties": { "DN": 1 }, "geometry": { "type": "Polygon", "coordinates": [ [ [ -65.232955674304733, -10.545537130510565 ], [ -65.232955674304733, -10.545787129779617 ], [ -65.232705674826633, -10.545787129779617 ], [ -65.232705674826633, -10.546037129048667 ], [ -65.232955674304733, -10.546037129048667 ], [ -65.232955674304733, -10.546287128317719 ], [ -65.233205673782834, -10.546287128317719 ], [ -65.233205673782834, -10.546037129048667 ], [ -65.233455673260934, -10.546037129048667 ], [ -65.233455673260934, -10.545537130510565 ], [ -65.232955674304733, -10.545537130510565 ] ] ] } },
{ "type": "Feature", "properties": { "DN": 1 }, "geometry": { "type": "Polygon", "coordinates": [ [ [ -65.236205667520082, -10.544787132703412 ], [ -65.236205667520082, -10.545287131241516 ], [ -65.236455666998182, -10.545287131241516 ], [ -65.236455666998182, -10.545537130510565 ], [ -65.236205667520082, -10.545537130510565 ], [ -65.236205667520082, -10.545787129779617 ], [ -65.236455666998182, -10.545787129779617 ], [ -65.236455666998182, -10.546037129048667 ], [ -65.236705666476283, -10.546037129048667 ], [ -65.236705666476283, -10.545787129779617 ], [ -65.236955665954383, -10.545787129779617 ], [ -65.236955665954383, -10.545537130510565 ], [ -65.237205665432498, -10.545537130510565 ], [ -65.237205665432498, -10.545787129779617 ], [ -65.237705664388699, -10.545787129779617 ], [ -65.237705664388699, -10.545287131241516 ], [ -65.236955665954383, -10.545287131241516 ], [ -65.236955665954383, -10.544787132703412 ], [ -65.236205667520082, -10.544787132703412 ] ] ] } },
{ "type": "Feature", "properties": { "DN": 1 }, "geometry": { "type": "Polygon", "coordinates": [ [ [ -65.231955676392317, -10.544537133434362 ], [ -65.231955676392317, -10.545537130510565 ], [ -65.232205675870418, -10.545537130510565 ], [ -65.232205675870418, -10.545787129779617 ], [ -65.232705674826633, -10.545787129779617 ], [ -65.232705674826633, -10.544787132703412 ], [ -65.232205675870418, -10.544787132703412 ], [ -65.232205675870418, -10.544537133434362 ], [ -65.231955676392317, -10.544537133434362 ] ] ] } },
{ "type": "Feature", "properties": { "DN": 1 }, "geometry": { "type": "Polygon", "coordinates": [ [ [ -65.236455666998182, -10.543287137089107 ], [ -65.236455666998182, -10.543537136358159 ], [ -65.235955668041981, -10.543537136358159 ], [ -65.235955668041981, -10.543787135627209 ], [ -65.235705668563867, -10.543787135627209 ], [ -65.235705668563867, -10.544287134165312 ], [ -65.235955668041981, -10.544287134165312 ], [ -65.235955668041981, -10.544537133434362 ], [ -65.237205665432498, -10.544537133434362 ], [ -65.237205665432498, -10.544787132703412 ], [ -65.237955663866799, -10.544787132703412 ], [ -65.237955663866799, -10.545537130510565 ], [ -65.238955661779215, -10.545537130510565 ], [ -65.238955661779215, -10.545287131241516 ], [ -65.238705662301115, -10.545287131241516 ], [ -65.238705662301115, -10.544787132703412 ], [ -65.238455662823014, -10.544787132703412 ], [ -65.238455662823014, -10.543787135627209 ], [ -65.237205665432498, -10.543787135627209 ], [ -65.237205665432498, -10.543537136358159 ], [ -65.236705666476283, -10.543537136358159 ], [ -65.236705666476283, -10.543287137089107 ], [ -65.236455666998182, -10.543287137089107 ] ] ] } },
{ "type": "Feature", "properties": { "DN": 1 }, "geometry": { "type": "Polygon", "coordinates": [ [ [ -65.230205680045586, -10.543287137089107 ], [ -65.230205680045586, -10.543787135627209 ], [ -65.230455679523686, -10.543787135627209 ], [ -65.230455679523686, -10.544037134896261 ], [ -65.230705679001801, -10.544037134896261 ], [ -65.230705679001801, -10.544287134165312 ], [ -65.230955678479901, -10.544287134165312 ], [ -65.230955678479901, -10.544037134896261 ], [ -65.231205677958002, -10.544037134896261 ], [ -65.231205677958002, -10.543287137089107 ], [ -65.230205680045586, -10.543287137089107 ] ] ] } },
{ "type": "Feature", "properties": { "DN": 1 }, "geometry": { "type": "Polygon", "coordinates": [ [ [ -65.236455666998182, -10.53203716998182 ], [ -65.236455666998182, -10.532287169250871 ], [ -65.236705666476283, -10.532287169250871 ], [ -65.236705666476283, -10.53203716998182 ], [ -65.236455666998182, -10.53203716998182 ] ] ] } },
{ "type": "Feature", "properties": { "DN": 1 }, "geometry": { "type": "Polygon", "coordinates": [ [ [ -65.241205657082148, -10.53178717071277 ], [ -65.241205657082148, -10.53203716998182 ], [ -65.241455656560262, -10.53203716998182 ], [ -65.241455656560262, -10.53178717071277 ], [ -65.241205657082148, -10.53178717071277 ] ] ] } },
{ "type": "Feature", "properties": { "DN": 1 }, "geometry": { "type": "Polygon", "coordinates": [ [ [ -65.258955620027521, -10.546287128317719 ], [ -65.258955620027521, -10.546537127586769 ], [ -65.258705620549406, -10.546537127586769 ], [ -65.258705620549406, -10.54703712612487 ], [ -65.259205619505622, -10.54703712612487 ], [ -65.259205619505622, -10.547287125393922 ], [ -65.259705618461822, -10.547287125393922 ], [ -65.259705618461822, -10.54678712685582 ], [ -65.259455618983722, -10.54678712685582 ], [ -65.259455618983722, -10.546537127586769 ], [ -65.259205619505622, -10.546537127586769 ], [ -65.259205619505622, -10.546287128317719 ], [ -65.258955620027521, -10.546287128317719 ] ] ] } },
{ "type": "Feature", "properties": { "DN": 1 }, "geometry": { "type": "Polygon", "coordinates": [ [ [ -65.267955601239251, -10.546537127586769 ], [ -65.267955601239251, -10.54678712685582 ], [ -65.268205600717351, -10.54678712685582 ], [ -65.268205600717351, -10.546537127586769 ], [ -65.267955601239251, -10.546537127586769 ] ] ] } },
{ "type": "Feature", "properties": { "DN": 1 }, "geometry": { "type": "Polygon", "coordinates": [ [ [ -65.255705626812173, -10.545287131241516 ], [ -65.255705626812173, -10.545787129779617 ], [ -65.255955626290273, -10.545787129779617 ], [ -65.255955626290273, -10.546287128317719 ], [ -65.256455625246474, -10.546287128317719 ], [ -65.256455625246474, -10.546537127586769 ], [ -65.255955626290273, -10.546537127586769 ], [ -65.255955626290273, -10.54703712612487 ], [ -65.256205625768374, -10.54703712612487 ], [ -65.256205625768374, -10.547287125393922 ], [ -65.256705624724589, -10.547287125393922 ], [ -65.256705624724589, -10.54703712612487 ], [ -65.256955624202689, -10.54703712612487 ], [ -65.256955624202689, -10.546537127586769 ], [ -65.256705624724589, -10.546537127586769 ], [ -65.256705624724589, -10.545537130510565 ], [ -65.256455625246474, -10.545537130510565 ], [ -65.256455625246474, -10.545287131241516 ], [ -65.255705626812173, -10.545287131241516 ] ] ] } },
{ "type": "Feature", "properties": { "DN": 1 }, "geometry": { "type": "Polygon", "coordinates": [ [ [ -65.257705622637005, -10.545537130510565 ], [ -65.257705622637005, -10.546287128317719 ], [ -65.257955622115105, -10.546287128317719 ], [ -65.257955622115105, -10.546537127586769 ], [ -65.258705620549406, -10.546537127586769 ], [ -65.258705620549406, -10.545787129779617 ], [ -65.258455621071306, -10.545787129779617 ], [ -65.258455621071306, -10.545537130510565 ], [ -65.257705622637005, -10.545537130510565 ] ] ] } },
{ "type": "Feature", "properties": { "DN": 1 }, "geometry": { "type": "Polygon", "coordinates": [ [ [ -65.260205617418038, -10.542787138551006 ], [ -65.260205617418038, -10.543037137820058 ], [ -65.260455616896138, -10.543037137820058 ], [ -65.260455616896138, -10.542787138551006 ], [ -65.260205617418038, -10.542787138551006 ] ] ] } },
{ "type": "Feature", "properties": { "DN": 1 }, "geometry": { "type": "Polygon", "coordinates": [ [ [ -65.266955603326835, -10.542287140012904 ], [ -65.266955603326835, -10.542787138551006 ], [ -65.267205602804935, -10.542787138551006 ], [ -65.267205602804935, -10.542287140012904 ], [ -65.266955603326835, -10.542287140012904 ] ] ] } },
{ "type": "Feature", "properties": { "DN": 1 }, "geometry": { "type": "Polygon", "coordinates": [ [ [ -65.263705610111487, -10.540537145129548 ], [ -65.263705610111487, -10.5407871443986 ], [ -65.263205611155286, -10.5407871443986 ], [ -65.263205611155286, -10.541287142936701 ], [ -65.26245561272097, -10.541287142936701 ], [ -65.26245561272097, -10.541537142205753 ], [ -65.26220561324287, -10.541537142205753 ], [ -65.26220561324287, -10.541787141474803 ], [ -65.261955613764755, -10.541787141474803 ], [ -65.261955613764755, -10.542537139281956 ], [ -65.263205611155286, -10.542537139281956 ], [ -65.263205611155286, -10.542287140012904 ], [ -65.263455610633386, -10.542287140012904 ], [ -65.263455610633386, -10.542037140743854 ], [ -65.264205609067687, -10.542037140743854 ], [ -65.264205609067687, -10.541787141474803 ], [ -65.264455608545802, -10.541787141474803 ], [ -65.264455608545802, -10.541287142936701 ], [ -65.264705608023903, -10.541287142936701 ], [ -65.264705608023903, -10.541037143667651 ], [ -65.264455608545802, -10.541037143667651 ], [ -65.264455608545802, -10.5407871443986 ], [ -65.263955609589587, -10.5407871443986 ], [ -65.263955609589587, -10.540537145129548 ], [ -65.263705610111487, -10.540537145129548 ] ] ] } },
{ "type": "Feature", "properties": { "DN": 1 }, "geometry": { "type": "Polygon", "coordinates": [ [ [ -65.265955605414419, -10.539037149515243 ], [ -65.265955605414419, -10.539287148784295 ], [ -65.265705605936319, -10.539287148784295 ], [ -65.265705605936319, -10.540287145860498 ], [ -65.266705603848735, -10.540287145860498 ], [ -65.266705603848735, -10.540037146591446 ], [ -65.266955603326835, -10.540037146591446 ], [ -65.266955603326835, -10.539787147322397 ], [ -65.267205602804935, -10.539787147322397 ], [ -65.267205602804935, -10.539537148053345 ], [ -65.266955603326835, -10.539537148053345 ], [ -65.266955603326835, -10.539037149515243 ], [ -65.265955605414419, -10.539037149515243 ] ] ] } },
{ "type": "Feature", "properties": { "DN": 1 }, "geometry": { "type": "Polygon", "coordinates": [ [ [ -65.267205602804935, -10.536537156824735 ], [ -65.267205602804935, -10.536787156093787 ], [ -65.266955603326835, -10.536787156093787 ], [ -65.266955603326835, -10.537037155362837 ], [ -65.266705603848735, -10.537037155362837 ], [ -65.266705603848735, -10.53803715243904 ], [ -65.267205602804935, -10.53803715243904 ], [ -65.267205602804935, -10.538287151708092 ], [ -65.267705601761151, -10.538287151708092 ], [ -65.267705601761151, -10.53803715243904 ], [ -65.268205600717351, -10.53803715243904 ], [ -65.268205600717351, -10.537037155362837 ], [ -65.267955601239251, -10.537037155362837 ], [ -65.267955601239251, -10.536787156093787 ], [ -65.267705601761151, -10.536787156093787 ], [ -65.267705601761151, -10.536537156824735 ], [ -65.267205602804935, -10.536537156824735 ] ] ] } },
{ "type": "Feature", "properties": { "DN": 1 }, "geometry": { "type": "Polygon", "coordinates": [ [ [ -65.269205598629767, -10.523537194834091 ], [ -65.269205598629767, -10.523787194103143 ], [ -65.268955599151667, -10.523787194103143 ], [ -65.268955599151667, -10.524537191910294 ], [ -65.268705599673567, -10.524537191910294 ], [ -65.268705599673567, -10.525037190448398 ], [ -65.268205600717351, -10.525037190448398 ], [ -65.268205600717351, -10.525287189717448 ], [ -65.268455600195452, -10.525287189717448 ], [ -65.268455600195452, -10.525537188986499 ], [ -65.268705599673567, -10.525537188986499 ], [ -65.268705599673567, -10.525787188255549 ], [ -65.269455598107868, -10.525787188255549 ], [ -65.269455598107868, -10.525287189717448 ], [ -65.269705597585983, -10.525287189717448 ], [ -65.269705597585983, -10.523537194834091 ], [ -65.269205598629767, -10.523537194834091 ] ] ] } },
{ "type": "Feature", "properties": { "DN": 1 }, "geometry": { "type": "Polygon", "coordinates": [ [ [ -65.207955726494362, -10.557787094694056 ], [ -65.207955726494362, -10.558037093963108 ], [ -65.207705727016261, -10.558037093963108 ], [ -65.207705727016261, -10.55878709177026 ], [ -65.207955726494362, -10.55878709177026 ], [ -65.207955726494362, -10.559037091039311 ], [ -65.208205725972462, -10.559037091039311 ], [ -65.208205725972462, -10.559287090308361 ], [ -65.208705724928663, -10.559287090308361 ], [ -65.208705724928663, -10.559037091039311 ], [ -65.209205723884878, -10.559037091039311 ], [ -65.209205723884878, -10.558037093963108 ], [ -65.208705724928663, -10.558037093963108 ], [ -65.208705724928663, -10.557787094694056 ], [ -65.207955726494362, -10.557787094694056 ] ] ] } },
{ "type": "Feature", "properties": { "DN": 1 }, "geometry": { "type": "Polygon", "coordinates": [ [ [ -65.20595573066953, -10.557037096886905 ], [ -65.20595573066953, -10.557787094694056 ], [ -65.205705731191429, -10.557787094694056 ], [ -65.205705731191429, -10.558037093963108 ], [ -65.205455731713315, -10.558037093963108 ], [ -65.205455731713315, -10.55878709177026 ], [ -65.205705731191429, -10.55878709177026 ], [ -65.205705731191429, -10.559037091039311 ], [ -65.20595573066953, -10.559037091039311 ], [ -65.20595573066953, -10.55878709177026 ], [ -65.206455729625731, -10.55878709177026 ], [ -65.206455729625731, -10.55853709250121 ], [ -65.206705729103845, -10.55853709250121 ], [ -65.206705729103845, -10.558287093232158 ], [ -65.207205728060046, -10.558287093232158 ], [ -65.207205728060046, -10.557787094694056 ], [ -65.206705729103845, -10.557787094694056 ], [ -65.206705729103845, -10.557287096155955 ], [ -65.206455729625731, -10.557287096155955 ], [ -65.206455729625731, -10.557037096886905 ], [ -65.20595573066953, -10.557037096886905 ] ] ] } },
{ "type": "Feature", "properties": { "DN": 1 }, "geometry": { "type": "Polygon", "coordinates": [ [ [ -65.189205765636586, -10.550037117353481 ], [ -65.189955764070888, -10.550037117353481 ], [ -65.189955764070888, -10.54953711881538 ], [ -65.189205765636586, -10.54953711881538 ], [ -65.189205765636586, -10.549037120277276 ], [ -65.188455767202271, -10.549037120277276 ], [ -65.188455767202271, -10.549287119546328 ], [ -65.187705768767955, -10.549287119546328 ], [ -65.187705768767955, -10.54953711881538 ], [ -65.187455769289855, -10.54953711881538 ], [ -65.187455769289855, -10.549287119546328 ], [ -65.187205769811754, -10.549287119546328 ], [ -65.187205769811754, -10.54978711808443 ], [ -65.18695577033364, -10.54978711808443 ], [ -65.18695577033364, -10.550537115891583 ], [ -65.187955768246056, -10.550537115891583 ], [ -65.187955768246056, -10.551037114429684 ], [ -65.18820576772417, -10.551037114429684 ], [ -65.18820576772417, -10.551287113698734 ], [ -65.188705766680371, -10.551287113698734 ], [ -65.188705766680371, -10.551037114429684 ], [ -65.188955766158472, -10.551037114429684 ], [ -65.188955766158472, -10.550787115160633 ], [ -65.189205765636586, -10.550787115160633 ], [ -65.189205765636586, -10.551287113698734 ], [ -65.189705764592787, -10.551287113698734 ], [ -65.189705764592787, -10.551537112967786 ], [ -65.190205763548988, -10.551537112967786 ], [ -65.190205763548988, -10.551787112236836 ], [ -65.189955764070888, -10.551787112236836 ], [ -65.189955764070888, -10.552037111505888 ], [ -65.190205763548988, -10.552037111505888 ], [ -65.190205763548988, -10.552287110774937 ], [ -65.190705762505203, -10.552287110774937 ], [ -65.190705762505203, -10.552787109313041 ], [ -65.191205761461404, -10.552787109313041 ], [ -65.191205761461404, -10.552287110774937 ], [ -65.190955761983304, -10.552287110774937 ], [ -65.190955761983304, -10.552037111505888 ], [ -65.191205761461404, -10.552037111505888 ], [ -65.191205761461404, -10.551787112236836 ], [ -65.191455760939519, -10.551787112236836 ], [ -65.191455760939519, -10.551037114429684 ], [ -65.191205761461404, -10.551037114429684 ], [ -65.191205761461404, -10.550787115160633 ], [ -65.190955761983304, -10.550787115160633 ], [ -65.190955761983304, -10.550537115891583 ], [ -65.190705762505203, -10.550537115891583 ], [ -65.190705762505203, -10.550037117353481 ], [ -65.190455763027103, -10.550037117353481 ], [ -65.190455763027103, -10.54978711808443 ], [ -65.190205763548988, -10.54978711808443 ], [ -65.190205763548988, -10.550287116622531 ], [ -65.189705764592787, -10.550287116622531 ], [ -65.189705764592787, -10.550537115891583 ], [ -65.189455765114687, -10.550537115891583 ], [ -65.189455765114687, -10.550287116622531 ], [ -65.189205765636586, -10.550287116622531 ], [ -65.189205765636586, -10.550037117353481 ] ], [ [ -65.189205765636586, -10.550537115891583 ], [ -65.188955766158472, -10.550537115891583 ], [ -65.188955766158472, -10.550287116622531 ], [ -65.189205765636586, -10.550287116622531 ], [ -65.189205765636586, -10.550537115891583 ] ] ] } },
{ "type": "Feature", "properties": { "DN": 1 }, "geometry": { "type": "Polygon", "coordinates": [ [ [ -65.190205763548988, -10.546037129048667 ], [ -65.190205763548988, -10.546287128317719 ], [ -65.190455763027103, -10.546287128317719 ], [ -65.190455763027103, -10.546037129048667 ], [ -65.190205763548988, -10.546037129048667 ] ] ] } },
{ "type": "Feature", "properties": { "DN": 1 }, "geometry": { "type": "Polygon", "coordinates": [ [ [ -65.171705802169313, -10.542037140743854 ], [ -65.171705802169313, -10.542287140012904 ], [ -65.171955801647428, -10.542287140012904 ], [ -65.171955801647428, -10.542037140743854 ], [ -65.171705802169313, -10.542037140743854 ] ] ] } },
{ "type": "Feature", "properties": { "DN": 1 }, "geometry": { "type": "Polygon", "coordinates": [ [ [ -65.171955801647428, -10.541787141474803 ], [ -65.171955801647428, -10.542037140743854 ], [ -65.172205801125529, -10.542037140743854 ], [ -65.172205801125529, -10.541787141474803 ], [ -65.171955801647428, -10.541787141474803 ] ] ] } },
{ "type": "Feature", "properties": { "DN": 1 }, "geometry": { "type": "Polygon", "coordinates": [ [ [ -65.172205801125529, -10.541537142205753 ], [ -65.172205801125529, -10.541787141474803 ], [ -65.172705800081729, -10.541787141474803 ], [ -65.172705800081729, -10.541537142205753 ], [ -65.172205801125529, -10.541537142205753 ] ] ] } },
{ "type": "Feature", "properties": { "DN": 1 }, "geometry": { "type": "Polygon", "coordinates": [ [ [ -65.171455802691213, -10.541037143667651 ], [ -65.171455802691213, -10.541537142205753 ], [ -65.171955801647428, -10.541537142205753 ], [ -65.171955801647428, -10.541287142936701 ], [ -65.171705802169313, -10.541287142936701 ], [ -65.171705802169313, -10.541037143667651 ], [ -65.171455802691213, -10.541037143667651 ] ] ] } },
{ "type": "Feature", "properties": { "DN": 1 }, "geometry": { "type": "Polygon", "coordinates": [ [ [ -65.185705772943123, -10.452537402423653 ], [ -65.185705772943123, -10.453787398768908 ], [ -65.185955772421238, -10.453787398768908 ], [ -65.185955772421238, -10.454037398037958 ], [ -65.186205771899338, -10.454037398037958 ], [ -65.186205771899338, -10.454537396576061 ], [ -65.186705770855539, -10.454537396576061 ], [ -65.186705770855539, -10.454287397307009 ], [ -65.18695577033364, -10.454287397307009 ], [ -65.18695577033364, -10.453537399499858 ], [ -65.186705770855539, -10.453537399499858 ], [ -65.186705770855539, -10.452787401692705 ], [ -65.186455771377439, -10.452787401692705 ], [ -65.186455771377439, -10.452537402423653 ], [ -65.185705772943123, -10.452537402423653 ] ] ] } },
{ "type": "Feature", "properties": { "DN": 1 }, "geometry": { "type": "Polygon", "coordinates": [ [ [ -65.210705720753495, -10.450287409002197 ], [ -65.209955722319194, -10.450287409002197 ], [ -65.209955722319194, -10.450787407540298 ], [ -65.210205721797294, -10.450787407540298 ], [ -65.210205721797294, -10.451037406809348 ], [ -65.211455719187811, -10.451037406809348 ], [ -65.211455719187811, -10.450787407540298 ], [ -65.211955718144011, -10.450787407540298 ], [ -65.211955718144011, -10.450287409002197 ], [ -65.211455719187811, -10.450287409002197 ], [ -65.211455719187811, -10.449914064224682 ], [ -65.210705720753495, -10.449851811340485 ], [ -65.210705720753495, -10.450287409002197 ] ] ] } },
{ "type": "Feature", "properties": { "DN": 1 }, "geometry": { "type": "Polygon", "coordinates": [ [ [ -65.237955663866799, -10.531287172174668 ], [ -65.237955663866799, -10.531537171443718 ], [ -65.238205663344914, -10.531537171443718 ], [ -65.238205663344914, -10.531287172174668 ], [ -65.237955663866799, -10.531287172174668 ] ] ] } },
{ "type": "Feature", "properties": { "DN": 1 }, "geometry": { "type": "Polygon", "coordinates": [ [ [ -65.238955661779215, -10.531037172905616 ], [ -65.238955661779215, -10.531287172174668 ], [ -65.23920566125733, -10.531287172174668 ], [ -65.23920566125733, -10.531037172905616 ], [ -65.238955661779215, -10.531037172905616 ] ] ] } },
{ "type": "Feature", "properties": { "DN": 1 }, "geometry": { "type": "Polygon", "coordinates": [ [ [ -65.236955665954383, -10.530787173636567 ], [ -65.236955665954383, -10.531037172905616 ], [ -65.237205665432498, -10.531037172905616 ], [ -65.237205665432498, -10.530787173636567 ], [ -65.236955665954383, -10.530787173636567 ] ] ] } },
{ "type": "Feature", "properties": { "DN": 1 }, "geometry": { "type": "Polygon", "coordinates": [ [ [ -65.215955709793676, -10.492787284740839 ], [ -65.215955709793676, -10.49303728400989 ], [ -65.216205709271776, -10.49303728400989 ], [ -65.216205709271776, -10.492787284740839 ], [ -65.215955709793676, -10.492787284740839 ] ] ] } },
{ "type": "Feature", "properties": { "DN": 1 }, "geometry": { "type": "Polygon", "coordinates": [ [ [ -65.230955678479901, -10.481787316902601 ], [ -65.230955678479901, -10.482037316171652 ], [ -65.231205677958002, -10.482037316171652 ], [ -65.231205677958002, -10.481787316902601 ], [ -65.230955678479901, -10.481787316902601 ] ] ] } },
{ "type": "Feature", "properties": { "DN": 1 }, "geometry": { "type": "Polygon", "coordinates": [ [ [ -65.229705681089385, -10.468037357104805 ], [ -65.229705681089385, -10.468287356373857 ], [ -65.230205680045586, -10.468287356373857 ], [ -65.230205680045586, -10.468037357104805 ], [ -65.229705681089385, -10.468037357104805 ] ] ] } },
{ "type": "Feature", "properties": { "DN": 1 }, "geometry": { "type": "Polygon", "coordinates": [ [ [ -65.224955691005405, -10.463787369530941 ], [ -65.224955691005405, -10.464287368069042 ], [ -65.22545568996162, -10.464287368069042 ], [ -65.22545568996162, -10.463787369530941 ], [ -65.224955691005405, -10.463787369530941 ] ] ] } },
{ "type": "Feature", "properties": { "DN": 1 }, "geometry": { "type": "Polygon", "coordinates": [ [ [ -65.224705691527305, -10.463287370992839 ], [ -65.224705691527305, -10.463537370261891 ], [ -65.224955691005405, -10.463537370261891 ], [ -65.224955691005405, -10.463287370992839 ], [ -65.224705691527305, -10.463287370992839 ] ] ] } },
{ "type": "Feature", "properties": { "DN": 1 }, "geometry": { "type": "Polygon", "coordinates": [ [ [ -65.223955693092989, -10.461787375378535 ], [ -65.223955693092989, -10.462037374647586 ], [ -65.224205692571104, -10.462037374647586 ], [ -65.224205692571104, -10.462287373916636 ], [ -65.224455692049204, -10.462287373916636 ], [ -65.224455692049204, -10.461787375378535 ], [ -65.223955693092989, -10.461787375378535 ] ] ] } },
{ "type": "Feature", "properties": { "DN": 1 }, "geometry": { "type": "Polygon", "coordinates": [ [ [ -65.240705658125947, -10.455287394383213 ], [ -65.240705658125947, -10.455537393652264 ], [ -65.240955657604047, -10.455537393652264 ], [ -65.240955657604047, -10.455287394383213 ], [ -65.240705658125947, -10.455287394383213 ] ] ] } },
{ "type": "Feature", "properties": { "DN": 1 }, "geometry": { "type": "Polygon", "coordinates": [ [ [ -65.097205957694413, -10.606286952889919 ], [ -65.097205957694413, -10.606536952158971 ], [ -65.098205955606829, -10.606536952158971 ], [ -65.098205955606829, -10.606286952889919 ], [ -65.097205957694413, -10.606286952889919 ] ] ] } },
{ "type": "Feature", "properties": { "DN": 1 }, "geometry": { "type": "Polygon", "coordinates": [ [ [ -65.082955987442503, -10.606036953620869 ], [ -65.082955987442503, -10.606536952158971 ], [ -65.083455986398704, -10.606536952158971 ], [ -65.083455986398704, -10.606286952889919 ], [ -65.083205986920603, -10.606286952889919 ], [ -65.083205986920603, -10.606036953620869 ], [ -65.082955987442503, -10.606036953620869 ] ] ] } },
{ "type": "Feature", "properties": { "DN": 1 }, "geometry": { "type": "Polygon", "coordinates": [ [ [ -65.083455986398704, -10.606036953620869 ], [ -65.083455986398704, -10.606286952889919 ], [ -65.083705985876804, -10.606286952889919 ], [ -65.083705985876804, -10.606036953620869 ], [ -65.083455986398704, -10.606036953620869 ] ] ] } },
{ "type": "Feature", "properties": { "DN": 1 }, "geometry": { "type": "Polygon", "coordinates": [ [ [ -65.086705979614052, -10.600786968970802 ], [ -65.086455980135952, -10.600786968970802 ], [ -65.086455980135952, -10.600286970432698 ], [ -65.086205980657851, -10.600286970432698 ], [ -65.086205980657851, -10.600786968970802 ], [ -65.085705981701636, -10.600786968970802 ], [ -65.085705981701636, -10.600286970432698 ], [ -65.085455982223536, -10.600286970432698 ], [ -65.085455982223536, -10.599786971894599 ], [ -65.085205982745435, -10.599786971894599 ], [ -65.085205982745435, -10.60053696970175 ], [ -65.085455982223536, -10.60053696970175 ], [ -65.085455982223536, -10.600786968970802 ], [ -65.08470598378922, -10.600786968970802 ], [ -65.08470598378922, -10.601286967508903 ], [ -65.08445598431112, -10.601286967508903 ], [ -65.08445598431112, -10.601536966777953 ], [ -65.084205984833019, -10.601536966777953 ], [ -65.084205984833019, -10.602036965316055 ], [ -65.083955985354919, -10.602036965316055 ], [ -65.083955985354919, -10.601286967508903 ], [ -65.084205984833019, -10.601286967508903 ], [ -65.084205984833019, -10.600786968970802 ], [ -65.083705985876804, -10.600786968970802 ], [ -65.083705985876804, -10.60053696970175 ], [ -65.082955987442503, -10.60053696970175 ], [ -65.082955987442503, -10.600286970432698 ], [ -65.083205986920603, -10.600286970432698 ], [ -65.083205986920603, -10.599786971894599 ], [ -65.083455986398704, -10.599786971894599 ], [ -65.083455986398704, -10.599286973356495 ], [ -65.083705985876804, -10.599286973356495 ], [ -65.083705985876804, -10.599036974087445 ], [ -65.083955985354919, -10.599036974087445 ], [ -65.083955985354919, -10.598786974818394 ], [ -65.08445598431112, -10.598786974818394 ], [ -65.08445598431112, -10.599036974087445 ], [ -65.08470598378922, -10.599036974087445 ], [ -65.08470598378922, -10.598786974818394 ], [ -65.085205982745435, -10.598786974818394 ], [ -65.085205982745435, -10.598286976280292 ], [ -65.08470598378922, -10.598286976280292 ], [ -65.08470598378922, -10.598036977011242 ], [ -65.083705985876804, -10.598036977011242 ], [ -65.083705985876804, -10.59778697774219 ], [ -65.082955987442503, -10.59778697774219 ], [ -65.082955987442503, -10.598536975549344 ], [ -65.083205986920603, -10.598536975549344 ], [ -65.083205986920603, -10.598786974818394 ], [ -65.082205989008187, -10.598786974818394 ], [ -65.082205989008187, -10.599536972625547 ], [ -65.081955989530087, -10.599536972625547 ], [ -65.081955989530087, -10.600286970432698 ], [ -65.082705987964403, -10.600286970432698 ], [ -65.082705987964403, -10.601036968239852 ], [ -65.083455986398704, -10.601036968239852 ], [ -65.083455986398704, -10.601536966777953 ], [ -65.083205986920603, -10.601536966777953 ], [ -65.083205986920603, -10.602786963123208 ], [ -65.082955987442503, -10.602786963123208 ], [ -65.082955987442503, -10.602536963854156 ], [ -65.082705987964403, -10.602536963854156 ], [ -65.082705987964403, -10.602036965316055 ], [ -65.081455990573872, -10.602036965316055 ], [ -65.081455990573872, -10.603036962392258 ], [ -65.081705990051987, -10.603036962392258 ], [ -65.081705990051987, -10.603536960930359 ], [ -65.081455990573872, -10.603536960930359 ], [ -65.081455990573872, -10.603786960199411 ], [ -65.081205991095771, -10.603786960199411 ], [ -65.081205991095771, -10.603536960930359 ], [ -65.080705992139571, -10.603536960930359 ], [ -65.080705992139571, -10.603786960199411 ], [ -65.08045599266147, -10.603786960199411 ], [ -65.08045599266147, -10.604536958006564 ], [ -65.080705992139571, -10.604536958006564 ], [ -65.080705992139571, -10.604786957275614 ], [ -65.079705994227155, -10.604786957275614 ], [ -65.079705994227155, -10.605036956544666 ], [ -65.079455994749054, -10.605036956544666 ], [ -65.079455994749054, -10.605536955082767 ], [ -65.079705994227155, -10.605536955082767 ], [ -65.079705994227155, -10.606036953620869 ], [ -65.080205993183355, -10.606036953620869 ], [ -65.080205993183355, -10.606286952889919 ], [ -65.080705992139571, -10.606286952889919 ], [ -65.080705992139571, -10.606036953620869 ], [ -65.080955991617671, -10.606036953620869 ], [ -65.080955991617671, -10.605536955082767 ], [ -65.081205991095771, -10.605536955082767 ], [ -65.081205991095771, -10.605286955813716 ], [ -65.081455990573872, -10.605286955813716 ], [ -65.081455990573872, -10.605036956544666 ], [ -65.081705990051987, -10.605036956544666 ], [ -65.081705990051987, -10.604786957275614 ], [ -65.081955989530087, -10.604786957275614 ], [ -65.081955989530087, -10.604536958006564 ], [ -65.082205989008187, -10.604536958006564 ], [ -65.082205989008187, -10.604286958737513 ], [ -65.082455988486288, -10.604286958737513 ], [ -65.082455988486288, -10.604036959468463 ], [ -65.082705987964403, -10.604036959468463 ], [ -65.082705987964403, -10.603786960199411 ], [ -65.083205986920603, -10.603786960199411 ], [ -65.083205986920603, -10.603036962392258 ], [ -65.083455986398704, -10.603036962392258 ], [ -65.083455986398704, -10.604036959468463 ], [ -65.082955987442503, -10.604036959468463 ], [ -65.082955987442503, -10.604536958006564 ], [ -65.082705987964403, -10.604536958006564 ], [ -65.082705987964403, -10.605286955813716 ], [ -65.081705990051987, -10.605286955813716 ], [ -65.081705990051987, -10.606536952158971 ], [ -65.081955989530087, -10.606536952158971 ], [ -65.081955989530087, -10.60678695142802 ], [ -65.082455988486288, -10.60678695142802 ], [ -65.082455988486288, -10.605536955082767 ], [ -65.083205986920603, -10.605536955082767 ], [ -65.083205986920603, -10.605786954351817 ], [ -65.083705985876804, -10.605786954351817 ], [ -65.083705985876804, -10.605536955082767 ], [ -65.083955985354919, -10.605536955082767 ], [ -65.083955985354919, -10.606036953620869 ], [ -65.08445598431112, -10.606036953620869 ], [ -65.08445598431112, -10.606286952889919 ], [ -65.085455982223536, -10.606286952889919 ], [ -65.085455982223536, -10.606536952158971 ], [ -65.085955981179751, -10.606536952158971 ], [ -65.085955981179751, -10.606036953620869 ], [ -65.086455980135952, -10.606036953620869 ], [ -65.086455980135952, -10.606286952889919 ], [ -65.086205980657851, -10.606286952889919 ], [ -65.086205980657851, -10.60678695142802 ], [ -65.085955981179751, -10.60678695142802 ], [ -65.085955981179751, -10.607036950697072 ], [ -65.085705981701636, -10.607036950697072 ], [ -65.085705981701636, -10.608036947773275 ], [ -65.085455982223536, -10.608036947773275 ], [ -65.085455982223536, -10.608286947042327 ], [ -65.085955981179751, -10.608286947042327 ], [ -65.085955981179751, -10.608536946311377 ], [ -65.086455980135952, -10.608536946311377 ], [ -65.086455980135952, -10.608786945580428 ], [ -65.086705979614052, -10.608786945580428 ], [ -65.086705979614052, -10.609036944849478 ], [ -65.086955979092153, -10.609036944849478 ], [ -65.086955979092153, -10.608536946311377 ], [ -65.087205978570267, -10.608536946311377 ], [ -65.087205978570267, -10.608036947773275 ], [ -65.087955977004569, -10.608036947773275 ], [ -65.087955977004569, -10.608536946311377 ], [ -65.087705977526468, -10.608536946311377 ], [ -65.087705977526468, -10.609036944849478 ], [ -65.088705975438884, -10.609036944849478 ], [ -65.088705975438884, -10.60928694411853 ], [ -65.088455975960784, -10.60928694411853 ], [ -65.088455975960784, -10.610286941194733 ], [ -65.088955974916985, -10.610286941194733 ], [ -65.088955974916985, -10.609786942656632 ], [ -65.089205974395099, -10.609786942656632 ], [ -65.089205974395099, -10.60928694411853 ], [ -65.088955974916985, -10.60928694411853 ], [ -65.088955974916985, -10.608786945580428 ], [ -65.090455971785616, -10.608786945580428 ], [ -65.090455971785616, -10.609036944849478 ], [ -65.090705971263716, -10.609036944849478 ], [ -65.090705971263716, -10.60928694411853 ], [ -65.090455971785616, -10.60928694411853 ], [ -65.090455971785616, -10.60953694338758 ], [ -65.090205972307501, -10.60953694338758 ], [ -65.090205972307501, -10.610286941194733 ], [ -65.0897059733513, -10.610286941194733 ], [ -65.0897059733513, -10.610536940463783 ], [ -65.091205970219917, -10.610536940463783 ], [ -65.091205970219917, -10.611036939001885 ], [ -65.091705969176132, -10.611036939001885 ], [ -65.091705969176132, -10.610536940463783 ], [ -65.091955968654233, -10.610536940463783 ], [ -65.091955968654233, -10.611036939001885 ], [ -65.092205968132333, -10.611036939001885 ], [ -65.092205968132333, -10.611286938270936 ], [ -65.092455967610448, -10.611286938270936 ], [ -65.092455967610448, -10.611536937539988 ], [ -65.092955966566649, -10.611536937539988 ], [ -65.092955966566649, -10.611286938270936 ], [ -65.093205966044749, -10.611286938270936 ], [ -65.093205966044749, -10.610786939732835 ], [ -65.092955966566649, -10.610786939732835 ], [ -65.092955966566649, -10.610286941194733 ], [ -65.092705967088548, -10.610286941194733 ], [ -65.092705967088548, -10.609786942656632 ], [ -65.092205968132333, -10.609786942656632 ], [ -65.092205968132333, -10.60928694411853 ], [ -65.092705967088548, -10.60928694411853 ], [ -65.092705967088548, -10.60953694338758 ], [ -65.093205966044749, -10.60953694338758 ], [ -65.093205966044749, -10.609786942656632 ], [ -65.09345596552285, -10.609786942656632 ], [ -65.09345596552285, -10.610286941194733 ], [ -65.094455963435266, -10.610286941194733 ], [ -65.094455963435266, -10.610536940463783 ], [ -65.093955964479065, -10.610536940463783 ], [ -65.093955964479065, -10.610786939732835 ], [ -65.093705965000964, -10.610786939732835 ], [ -65.093705965000964, -10.611036939001885 ], [ -65.093955964479065, -10.611036939001885 ], [ -65.093955964479065, -10.611286938270936 ], [ -65.094205963957165, -10.611286938270936 ], [ -65.094205963957165, -10.611536937539988 ], [ -65.094455963435266, -10.611536937539988 ], [ -65.094455963435266, -10.611786936809038 ], [ -65.09470596291338, -10.611786936809038 ], [ -65.09470596291338, -10.611286938270936 ], [ -65.095705960825796, -10.611286938270936 ], [ -65.095705960825796, -10.611536937539988 ], [ -65.095955960303897, -10.611536937539988 ], [ -65.095955960303897, -10.612036936078088 ], [ -65.095705960825796, -10.612036936078088 ], [ -65.095705960825796, -10.612286935347139 ], [ -65.096455959260098, -10.612286935347139 ], [ -65.096455959260098, -10.612036936078088 ], [ -65.096955958216313, -10.612036936078088 ], [ -65.096955958216313, -10.611786936809038 ], [ -65.097205957694413, -10.611786936809038 ], [ -65.097205957694413, -10.612036936078088 ], [ -65.097705956650614, -10.612036936078088 ], [ -65.097705956650614, -10.611286938270936 ], [ -65.097955956128729, -10.611286938270936 ], [ -65.097955956128729, -10.612286935347139 ], [ -65.098205955606829, -10.612286935347139 ], [ -65.098205955606829, -10.612786933885241 ], [ -65.097955956128729, -10.612786933885241 ], [ -65.097955956128729, -10.613036933154293 ], [ -65.097705956650614, -10.613036933154293 ], [ -65.097705956650614, -10.613286932423343 ], [ -65.097955956128729, -10.613286932423343 ], [ -65.097955956128729, -10.613536931692394 ], [ -65.09870595456303, -10.613536931692394 ], [ -65.09870595456303, -10.613786930961444 ], [ -65.098205955606829, -10.613786930961444 ], [ -65.098205955606829, -10.614536928768597 ], [ -65.09845595508493, -10.614536928768597 ], [ -65.09845595508493, -10.614286929499546 ], [ -65.09870595456303, -10.614286929499546 ], [ -65.09870595456303, -10.614036930230496 ], [ -65.098955954041145, -10.614036930230496 ], [ -65.098955954041145, -10.613536931692394 ], [ -65.099205953519245, -10.613536931692394 ], [ -65.099205953519245, -10.614536928768597 ], [ -65.099705952475446, -10.614536928768597 ], [ -65.099705952475446, -10.614286929499546 ], [ -65.099955951953547, -10.614286929499546 ], [ -65.099955951953547, -10.614036930230496 ], [ -65.099705952475446, -10.614036930230496 ], [ -65.099705952475446, -10.613286932423343 ], [ -65.100205951431661, -10.613286932423343 ], [ -65.100205951431661, -10.613036933154293 ], [ -65.099705952475446, -10.613036933154293 ], [ -65.099705952475446, -10.612786933885241 ], [ -65.100205951431661, -10.612786933885241 ], [ -65.100205951431661, -10.612536934616191 ], [ -65.100455950909762, -10.612536934616191 ], [ -65.100455950909762, -10.612286935347139 ], [ -65.100705950387862, -10.612286935347139 ], [ -65.100705950387862, -10.612036936078088 ], [ -65.100455950909762, -10.612036936078088 ], [ -65.100455950909762, -10.611786936809038 ], [ -65.099705952475446, -10.611786936809038 ], [ -65.099705952475446, -10.611036939001885 ], [ -65.099455952997346, -10.611036939001885 ], [ -65.099455952997346, -10.610786939732835 ], [ -65.098955954041145, -10.610786939732835 ], [ -65.098955954041145, -10.610536940463783 ], [ -65.09870595456303, -10.610536940463783 ], [ -65.09870595456303, -10.611036939001885 ], [ -65.098205955606829, -10.611036939001885 ], [ -65.098205955606829, -10.610786939732835 ], [ -65.097705956650614, -10.610786939732835 ], [ -65.097705956650614, -10.610286941194733 ], [ -65.097955956128729, -10.610286941194733 ], [ -65.097955956128729, -10.610536940463783 ], [ -65.09845595508493, -10.610536940463783 ], [ -65.09845595508493, -10.610036941925681 ], [ -65.099205953519245, -10.610036941925681 ], [ -65.099205953519245, -10.609786942656632 ], [ -65.09845595508493, -10.609786942656632 ], [ -65.09845595508493, -10.60953694338758 ], [ -65.097955956128729, -10.60953694338758 ], [ -65.097955956128729, -10.60928694411853 ], [ -65.097705956650614, -10.60928694411853 ], [ -65.097705956650614, -10.608786945580428 ], [ -65.097205957694413, -10.608786945580428 ], [ -65.097205957694413, -10.609036944849478 ], [ -65.096705958738198, -10.609036944849478 ], [ -65.096705958738198, -10.608786945580428 ], [ -65.096455959260098, -10.608786945580428 ], [ -65.096455959260098, -10.607786948504224 ], [ -65.095955960303897, -10.607786948504224 ], [ -65.095955960303897, -10.607286949966122 ], [ -65.094955962391481, -10.607286949966122 ], [ -65.094955962391481, -10.607036950697072 ], [ -65.094455963435266, -10.607036950697072 ], [ -65.094455963435266, -10.606036953620869 ], [ -65.094205963957165, -10.606036953620869 ], [ -65.094205963957165, -10.605786954351817 ], [ -65.09345596552285, -10.605786954351817 ], [ -65.09345596552285, -10.606036953620869 ], [ -65.093205966044749, -10.606036953620869 ], [ -65.093205966044749, -10.606286952889919 ], [ -65.092955966566649, -10.606286952889919 ], [ -65.092955966566649, -10.60678695142802 ], [ -65.093205966044749, -10.60678695142802 ], [ -65.093205966044749, -10.607036950697072 ], [ -65.092705967088548, -10.607036950697072 ], [ -65.092705967088548, -10.607286949966122 ], [ -65.092205968132333, -10.607286949966122 ], [ -65.092205968132333, -10.606536952158971 ], [ -65.091205970219917, -10.606536952158971 ], [ -65.091205970219917, -10.606036953620869 ], [ -65.091955968654233, -10.606036953620869 ], [ -65.091955968654233, -10.605786954351817 ], [ -65.092205968132333, -10.605786954351817 ], [ -65.092205968132333, -10.604786957275614 ], [ -65.091705969176132, -10.604786957275614 ], [ -65.091705969176132, -10.604536958006564 ], [ -65.091205970219917, -10.604536958006564 ], [ -65.091205970219917, -10.604786957275614 ], [ -65.090955970741817, -10.604786957275614 ], [ -65.090955970741817, -10.605286955813716 ], [ -65.090705971263716, -10.605286955813716 ], [ -65.090705971263716, -10.605536955082767 ], [ -65.090455971785616, -10.605536955082767 ], [ -65.090455971785616, -10.606036953620869 ], [ -65.090205972307501, -10.606036953620869 ], [ -65.090205972307501, -10.605536955082767 ], [ -65.0894559738732, -10.605536955082767 ], [ -65.0894559738732, -10.605286955813716 ], [ -65.0897059733513, -10.605286955813716 ], [ -65.0897059733513, -10.604786957275614 ], [ -65.089955972829401, -10.604786957275614 ], [ -65.089955972829401, -10.604536958006564 ], [ -65.0897059733513, -10.604536958006564 ], [ -65.0897059733513, -10.604286958737513 ], [ -65.090455971785616, -10.604286958737513 ], [ -65.090455971785616, -10.604036959468463 ], [ -65.090705971263716, -10.604036959468463 ], [ -65.090705971263716, -10.603536960930359 ], [ -65.091205970219917, -10.603536960930359 ], [ -65.091205970219917, -10.602786963123208 ], [ -65.090955970741817, -10.602786963123208 ], [ -65.090955970741817, -10.602286964585106 ], [ -65.090455971785616, -10.602286964585106 ], [ -65.090455971785616, -10.602036965316055 ], [ -65.0897059733513, -10.602036965316055 ], [ -65.0897059733513, -10.601786966047005 ], [ -65.0894559738732, -10.601786966047005 ], [ -65.0894559738732, -10.601536966777953 ], [ -65.089205974395099, -10.601536966777953 ], [ -65.089205974395099, -10.601286967508903 ], [ -65.0897059733513, -10.601286967508903 ], [ -65.0897059733513, -10.600786968970802 ], [ -65.0894559738732, -10.600786968970802 ], [ -65.0894559738732, -10.60053696970175 ], [ -65.088455975960784, -10.60053696970175 ], [ -65.088455975960784, -10.600286970432698 ], [ -65.087705977526468, -10.600286970432698 ], [ -65.087705977526468, -10.599786971894599 ], [ -65.087205978570267, -10.599786971894599 ], [ -65.087205978570267, -10.60053696970175 ], [ -65.086955979092153, -10.60053696970175 ], [ -65.086955979092153, -10.600786968970802 ], [ -65.087205978570267, -10.600786968970802 ], [ -65.087205978570267, -10.601786966047005 ], [ -65.086955979092153, -10.601786966047005 ], [ -65.086955979092153, -10.601286967508903 ], [ -65.086705979614052, -10.601286967508903 ], [ -65.086705979614052, -10.600786968970802 ] ], [ [ -65.083455986398704, -10.602786963123208 ], [ -65.083705985876804, -10.602786963123208 ], [ -65.083705985876804, -10.603036962392258 ], [ -65.083455986398704, -10.603036962392258 ], [ -65.083455986398704, -10.602786963123208 ] ], [ [ -65.083705985876804, -10.602286964585106 ], [ -65.083955985354919, -10.602286964585106 ], [ -65.083955985354919, -10.602786963123208 ], [ -65.083705985876804, -10.602786963123208 ], [ -65.083705985876804, -10.602286964585106 ] ], [ [ -65.086705979614052, -10.606286952889919 ], [ -65.086705979614052, -10.606536952158971 ], [ -65.086455980135952, -10.606536952158971 ], [ -65.086455980135952, -10.606286952889919 ], [ -65.086705979614052, -10.606286952889919 ] ], [ [ -65.090705971263716, -10.608786945580428 ], [ -65.090955970741817, -10.608786945580428 ], [ -65.090955970741817, -10.609036944849478 ], [ -65.090705971263716, -10.609036944849478 ], [ -65.090705971263716, -10.608786945580428 ] ], [ [ -65.091955968654233, -10.610286941194733 ], [ -65.092205968132333, -10.610286941194733 ], [ -65.092205968132333, -10.610536940463783 ], [ -65.091955968654233, -10.610536940463783 ], [ -65.091955968654233, -10.610286941194733 ] ], [ [ -65.099205953519245, -10.613286932423343 ], [ -65.099455952997346, -10.613286932423343 ], [ -65.099455952997346, -10.613536931692394 ], [ -65.099205953519245, -10.613536931692394 ], [ -65.099205953519245, -10.613286932423343 ] ], [ [ -65.097705956650614, -10.611036939001885 ], [ -65.097205957694413, -10.611036939001885 ], [ -65.097205957694413, -10.610786939732835 ], [ -65.097705956650614, -10.610786939732835 ], [ -65.097705956650614, -10.611036939001885 ] ], [ [ -65.094955962391481, -10.607536949235174 ], [ -65.09470596291338, -10.607536949235174 ], [ -65.09470596291338, -10.607286949966122 ], [ -65.094955962391481, -10.607286949966122 ], [ -65.094955962391481, -10.607536949235174 ] ], [ [ -65.094205963957165, -10.606286952889919 ], [ -65.093955964479065, -10.606286952889919 ], [ -65.093955964479065, -10.606036953620869 ], [ -65.094205963957165, -10.606036953620869 ], [ -65.094205963957165, -10.606286952889919 ] ], [ [ -65.086705979614052, -10.601786966047005 ], [ -65.086455980135952, -10.601786966047005 ], [ -65.086455980135952, -10.601286967508903 ], [ -65.086705979614052, -10.601286967508903 ], [ -65.086705979614052, -10.601786966047005 ] ], [ [ -65.085705981701636, -10.601286967508903 ], [ -65.085455982223536, -10.601286967508903 ], [ -65.085455982223536, -10.601036968239852 ], [ -65.085705981701636, -10.601036968239852 ], [ -65.085705981701636, -10.601286967508903 ] ], [ [ -65.088455975960784, -10.602036965316055 ], [ -65.088205976482683, -10.602036965316055 ], [ -65.088205976482683, -10.601786966047005 ], [ -65.088455975960784, -10.601786966047005 ], [ -65.088455975960784, -10.602036965316055 ] ], [ [ -65.087955977004569, -10.602536963854156 ], [ -65.087705977526468, -10.602536963854156 ], [ -65.087705977526468, -10.602036965316055 ], [ -65.087955977004569, -10.602036965316055 ], [ -65.087955977004569, -10.602536963854156 ] ], [ [ -65.086705979614052, -10.603036962392258 ], [ -65.086955979092153, -10.603036962392258 ], [ -65.086955979092153, -10.603536960930359 ], [ -65.087205978570267, -10.603536960930359 ], [ -65.087205978570267, -10.603786960199411 ], [ -65.086955979092153, -10.603786960199411 ], [ -65.086955979092153, -10.604536958006564 ], [ -65.086705979614052, -10.604536958006564 ], [ -65.086705979614052, -10.605036956544666 ], [ -65.085455982223536, -10.605036956544666 ], [ -65.085455982223536, -10.605286955813716 ], [ -65.08470598378922, -10.605286955813716 ], [ -65.08470598378922, -10.605036956544666 ], [ -65.08445598431112, -10.605036956544666 ], [ -65.08445598431112, -10.604786957275614 ], [ -65.083955985354919, -10.604786957275614 ], [ -65.083955985354919, -10.604536958006564 ], [ -65.084205984833019, -10.604536958006564 ], [ -65.084205984833019, -10.604036959468463 ], [ -65.08445598431112, -10.604036959468463 ], [ -65.08445598431112, -10.603286961661309 ], [ -65.08470598378922, -10.603286961661309 ], [ -65.08470598378922, -10.602786963123208 ], [ -65.084955983267335, -10.602786963123208 ], [ -65.084955983267335, -10.602036965316055 ], [ -65.085455982223536, -10.602036965316055 ], [ -65.085455982223536, -10.602286964585106 ], [ -65.085705981701636, -10.602286964585106 ], [ -65.085705981701636, -10.602536963854156 ], [ -65.085955981179751, -10.602536963854156 ], [ -65.085955981179751, -10.602786963123208 ], [ -65.086205980657851, -10.602786963123208 ], [ -65.086205980657851, -10.602536963854156 ], [ -65.086455980135952, -10.602536963854156 ], [ -65.086455980135952, -10.602786963123208 ], [ -65.086705979614052, -10.602786963123208 ], [ -65.086705979614052, -10.603036962392258 ] ], [ [ -65.086705979614052, -10.602536963854156 ], [ -65.086955979092153, -10.602536963854156 ], [ -65.086955979092153, -10.602786963123208 ], [ -65.086705979614052, -10.602786963123208 ], [ -65.086705979614052, -10.602536963854156 ] ], [ [ -65.088455975960784, -10.603036962392258 ], [ -65.088455975960784, -10.602286964585106 ], [ -65.088705975438884, -10.602286964585106 ], [ -65.088705975438884, -10.603036962392258 ], [ -65.088455975960784, -10.603036962392258 ] ], [ [ -65.088955974916985, -10.603036962392258 ], [ -65.088955974916985, -10.603286961661309 ], [ -65.088705975438884, -10.603286961661309 ], [ -65.088705975438884, -10.603036962392258 ], [ -65.088955974916985, -10.603036962392258 ] ], [ [ -65.089205974395099, -10.603286961661309 ], [ -65.089205974395099, -10.604286958737513 ], [ -65.0894559738732, -10.604286958737513 ], [ -65.0894559738732, -10.604536958006564 ], [ -65.089205974395099, -10.604536958006564 ], [ -65.089205974395099, -10.604786957275614 ], [ -65.088955974916985, -10.604786957275614 ], [ -65.088955974916985, -10.604536958006564 ], [ -65.088205976482683, -10.604536958006564 ], [ -65.088205976482683, -10.604786957275614 ], [ -65.087955977004569, -10.604786957275614 ], [ -65.087955977004569, -10.605036956544666 ], [ -65.087705977526468, -10.605036956544666 ], [ -65.087705977526468, -10.604536958006564 ], [ -65.087955977004569, -10.604536958006564 ], [ -65.087955977004569, -10.603786960199411 ], [ -65.088455975960784, -10.603786960199411 ], [ -65.088455975960784, -10.603536960930359 ], [ -65.088705975438884, -10.603536960930359 ], [ -65.088705975438884, -10.603786960199411 ], [ -65.088955974916985, -10.603786960199411 ], [ -65.088955974916985, -10.603286961661309 ], [ -65.089205974395099, -10.603286961661309 ] ], [ [ -65.0897059733513, -10.603036962392258 ], [ -65.0894559738732, -10.603036962392258 ], [ -65.0894559738732, -10.602786963123208 ], [ -65.0897059733513, -10.602786963123208 ], [ -65.0897059733513, -10.603036962392258 ] ], [ [ -65.087955977004569, -10.603036962392258 ], [ -65.087705977526468, -10.603036962392258 ], [ -65.087705977526468, -10.602786963123208 ], [ -65.087955977004569, -10.602786963123208 ], [ -65.087955977004569, -10.603036962392258 ] ], [ [ -65.0897059733513, -10.606286952889919 ], [ -65.0894559738732, -10.606286952889919 ], [ -65.0894559738732, -10.606036953620869 ], [ -65.0897059733513, -10.606036953620869 ], [ -65.0897059733513, -10.606286952889919 ] ], [ [ -65.088205976482683, -10.606286952889919 ], [ -65.087955977004569, -10.606286952889919 ], [ -65.087955977004569, -10.607036950697072 ], [ -65.087705977526468, -10.607036950697072 ], [ -65.087705977526468, -10.606036953620869 ], [ -65.088205976482683, -10.606036953620869 ], [ -65.088205976482683, -10.606286952889919 ] ], [ [ -65.093705965000964, -10.60678695142802 ], [ -65.09345596552285, -10.60678695142802 ], [ -65.09345596552285, -10.606536952158971 ], [ -65.093705965000964, -10.606536952158971 ], [ -65.093705965000964, -10.60678695142802 ] ], [ [ -65.0897059733513, -10.607036950697072 ], [ -65.0894559738732, -10.607036950697072 ], [ -65.0894559738732, -10.606536952158971 ], [ -65.0897059733513, -10.606536952158971 ], [ -65.0897059733513, -10.607036950697072 ] ], [ [ -65.091205970219917, -10.607286949966122 ], [ -65.090955970741817, -10.607286949966122 ], [ -65.090955970741817, -10.60678695142802 ], [ -65.091205970219917, -10.60678695142802 ], [ -65.091205970219917, -10.607286949966122 ] ], [ [ -65.089205974395099, -10.607036950697072 ], [ -65.088955974916985, -10.607036950697072 ], [ -65.088955974916985, -10.60678695142802 ], [ -65.089205974395099, -10.60678695142802 ], [ -65.089205974395099, -10.607036950697072 ] ], [ [ -65.09470596291338, -10.608036947773275 ], [ -65.094455963435266, -10.608036947773275 ], [ -65.094455963435266, -10.607786948504224 ], [ -65.09470596291338, -10.607786948504224 ], [ -65.09470596291338, -10.608036947773275 ] ], [ [ -65.088955974916985, -10.608036947773275 ], [ -65.088705975438884, -10.608036947773275 ], [ -65.088705975438884, -10.607786948504224 ], [ -65.088955974916985, -10.607786948504224 ], [ -65.088955974916985, -10.608036947773275 ] ], [ [ -65.086955979092153, -10.608036947773275 ], [ -65.086705979614052, -10.608036947773275 ], [ -65.086705979614052, -10.607786948504224 ], [ -65.086955979092153, -10.607786948504224 ], [ -65.086955979092153, -10.608036947773275 ] ], [ [ -65.093205966044749, -10.608286947042327 ], [ -65.092955966566649, -10.608286947042327 ], [ -65.092955966566649, -10.608036947773275 ], [ -65.093205966044749, -10.608036947773275 ], [ -65.093205966044749, -10.608286947042327 ] ], [ [ -65.091705969176132, -10.608286947042327 ], [ -65.091205970219917, -10.608286947042327 ], [ -65.091205970219917, -10.608036947773275 ], [ -65.091705969176132, -10.608036947773275 ], [ -65.091705969176132, -10.608286947042327 ] ], [ [ -65.095455961347682, -10.608786945580428 ], [ -65.095205961869581, -10.608786945580428 ], [ -65.095205961869581, -10.608536946311377 ], [ -65.095455961347682, -10.608536946311377 ], [ -65.095455961347682, -10.608786945580428 ] ], [ [ -65.093955964479065, -10.608786945580428 ], [ -65.093955964479065, -10.608536946311377 ], [ -65.094205963957165, -10.608536946311377 ], [ -65.094205963957165, -10.608786945580428 ], [ -65.093955964479065, -10.608786945580428 ] ], [ [ -65.094455963435266, -10.608786945580428 ], [ -65.094455963435266, -10.609036944849478 ], [ -65.094205963957165, -10.609036944849478 ], [ -65.094205963957165, -10.608786945580428 ], [ -65.094455963435266, -10.608786945580428 ] ], [ [ -65.095705960825796, -10.610286941194733 ], [ -65.095705960825796, -10.610536940463783 ], [ -65.095455961347682, -10.610536940463783 ], [ -65.095455961347682, -10.610036941925681 ], [ -65.095705960825796, -10.610036941925681 ], [ -65.095705960825796, -10.60953694338758 ], [ -65.096205959781997, -10.60953694338758 ], [ -65.096205959781997, -10.609786942656632 ], [ -65.095955960303897, -10.609786942656632 ], [ -65.095955960303897, -10.610286941194733 ], [ -65.095705960825796, -10.610286941194733 ] ], [ [ -65.096205959781997, -10.610286941194733 ], [ -65.096205959781997, -10.610536940463783 ], [ -65.095955960303897, -10.610536940463783 ], [ -65.095955960303897, -10.610286941194733 ], [ -65.096205959781997, -10.610286941194733 ] ], [ [ -65.095205961869581, -10.610036941925681 ], [ -65.09470596291338, -10.610036941925681 ], [ -65.09470596291338, -10.60953694338758 ], [ -65.095205961869581, -10.60953694338758 ], [ -65.095205961869581, -10.610036941925681 ] ], [ [ -65.090955970741817, -10.609786942656632 ], [ -65.090955970741817, -10.60953694338758 ], [ -65.091205970219917, -10.60953694338758 ], [ -65.091205970219917, -10.609786942656632 ], [ -65.090955970741817, -10.609786942656632 ] ], [ [ -65.091455969698032, -10.609786942656632 ], [ -65.091455969698032, -10.610286941194733 ], [ -65.091205970219917, -10.610286941194733 ], [ -65.091205970219917, -10.609786942656632 ], [ -65.091455969698032, -10.609786942656632 ] ], [ [ -65.097205957694413, -10.610286941194733 ], [ -65.096955958216313, -10.610286941194733 ], [ -65.096955958216313, -10.609786942656632 ], [ -65.097205957694413, -10.609786942656632 ], [ -65.097205957694413, -10.610286941194733 ] ], [ [ -65.096205959781997, -10.611036939001885 ], [ -65.095955960303897, -10.611036939001885 ], [ -65.095955960303897, -10.610786939732835 ], [ -65.096205959781997, -10.610786939732835 ], [ -65.096205959781997, -10.611036939001885 ] ], [ [ -65.09845595508493, -10.612036936078088 ], [ -65.098205955606829, -10.612036936078088 ], [ -65.098205955606829, -10.611786936809038 ], [ -65.09845595508493, -10.611786936809038 ], [ -65.09845595508493, -10.612036936078088 ] ], [ [ -65.099705952475446, -10.612286935347139 ], [ -65.099455952997346, -10.612286935347139 ], [ -65.099455952997346, -10.612036936078088 ], [ -65.099705952475446, -10.612036936078088 ], [ -65.099705952475446, -10.612286935347139 ] ] ] } },
{ "type": "Feature", "properties": { "DN": 1 }, "geometry": { "type": "Polygon", "coordinates": [ [ [ -65.102205947256493, -10.605536955082767 ], [ -65.102205947256493, -10.605786954351817 ], [ -65.102705946212694, -10.605786954351817 ], [ -65.102705946212694, -10.605536955082767 ], [ -65.102205947256493, -10.605536955082767 ] ] ] } },
{ "type": "Feature", "properties": { "DN": 1 }, "geometry": { "type": "Polygon", "coordinates": [ [ [ -65.102955945690795, -10.604286958737513 ], [ -65.102955945690795, -10.604536958006564 ], [ -65.102205947256493, -10.604536958006564 ], [ -65.102205947256493, -10.605286955813716 ], [ -65.102705946212694, -10.605286955813716 ], [ -65.102705946212694, -10.605536955082767 ], [ -65.102955945690795, -10.605536955082767 ], [ -65.102955945690795, -10.605286955813716 ], [ -65.103205945168895, -10.605286955813716 ], [ -65.103205945168895, -10.604786957275614 ], [ -65.10345594464701, -10.604786957275614 ], [ -65.10345594464701, -10.604536958006564 ], [ -65.103205945168895, -10.604536958006564 ], [ -65.103205945168895, -10.604286958737513 ], [ -65.102955945690795, -10.604286958737513 ] ] ] } },
{ "type": "Feature", "properties": { "DN": 1 }, "geometry": { "type": "Polygon", "coordinates": [ [ [ -65.09470596291338, -10.603036962392258 ], [ -65.09470596291338, -10.603286961661309 ], [ -65.093955964479065, -10.603286961661309 ], [ -65.093955964479065, -10.603536960930359 ], [ -65.093705965000964, -10.603536960930359 ], [ -65.093705965000964, -10.604036959468463 ], [ -65.09345596552285, -10.604036959468463 ], [ -65.09345596552285, -10.604536958006564 ], [ -65.093705965000964, -10.604536958006564 ], [ -65.093705965000964, -10.605286955813716 ], [ -65.093955964479065, -10.605286955813716 ], [ -65.093955964479065, -10.605536955082767 ], [ -65.094955962391481, -10.605536955082767 ], [ -65.094955962391481, -10.605286955813716 ], [ -65.095455961347682, -10.605286955813716 ], [ -65.095455961347682, -10.605036956544666 ], [ -65.095705960825796, -10.605036956544666 ], [ -65.095705960825796, -10.604536958006564 ], [ -65.095455961347682, -10.604536958006564 ], [ -65.095455961347682, -10.603286961661309 ], [ -65.095205961869581, -10.603286961661309 ], [ -65.095205961869581, -10.603036962392258 ], [ -65.09470596291338, -10.603036962392258 ] ] ] } },
{ "type": "Feature", "properties": { "DN": 1 }, "geometry": { "type": "Polygon", "coordinates": [ [ [ -65.080955991617671, -10.600786968970802 ], [ -65.080955991617671, -10.602036965316055 ], [ -65.080705992139571, -10.602036965316055 ], [ -65.080705992139571, -10.601786966047005 ], [ -65.08045599266147, -10.601786966047005 ], [ -65.08045599266147, -10.601536966777953 ], [ -65.079705994227155, -10.601536966777953 ], [ -65.079705994227155, -10.601786966047005 ], [ -65.079455994749054, -10.601786966047005 ], [ -65.079455994749054, -10.602786963123208 ], [ -65.079705994227155, -10.602786963123208 ], [ -65.079705994227155, -10.603036962392258 ], [ -65.080705992139571, -10.603036962392258 ], [ -65.080705992139571, -10.602536963854156 ], [ -65.081205991095771, -10.602536963854156 ], [ -65.081205991095771, -10.601786966047005 ], [ -65.081455990573872, -10.601786966047005 ], [ -65.081455990573872, -10.601536966777953 ], [ -65.081705990051987, -10.601536966777953 ], [ -65.081705990051987, -10.601286967508903 ], [ -65.081455990573872, -10.601286967508903 ], [ -65.081455990573872, -10.601036968239852 ], [ -65.081205991095771, -10.601036968239852 ], [ -65.081205991095771, -10.600786968970802 ], [ -65.080955991617671, -10.600786968970802 ] ] ] } },
{ "type": "Feature", "properties": { "DN": 1 }, "geometry": { "type": "Polygon", "coordinates": [ [ [ -65.101705948300278, -10.601786966047005 ], [ -65.101705948300278, -10.602036965316055 ], [ -65.101955947778379, -10.602036965316055 ], [ -65.101955947778379, -10.601786966047005 ], [ -65.101705948300278, -10.601786966047005 ] ] ] } },
{ "type": "Feature", "properties": { "DN": 1 }, "geometry": { "type": "Polygon", "coordinates": [ [ [ -65.082205989008187, -10.601286967508903 ], [ -65.082205989008187, -10.601786966047005 ], [ -65.082705987964403, -10.601786966047005 ], [ -65.082705987964403, -10.601286967508903 ], [ -65.082205989008187, -10.601286967508903 ] ] ] } },
{ "type": "Feature", "properties": { "DN": 1 }, "geometry": { "type": "Polygon", "coordinates": [ [ [ -65.104455942559426, -10.609036944849478 ], [ -65.104455942559426, -10.60928694411853 ], [ -65.104705942037526, -10.60928694411853 ], [ -65.104705942037526, -10.609036944849478 ], [ -65.104455942559426, -10.609036944849478 ] ] ] } },
{ "type": "Feature", "properties": { "DN": 1 }, "geometry": { "type": "Polygon", "coordinates": [ [ [ -65.103205945168895, -10.608036947773275 ], [ -65.103205945168895, -10.608286947042327 ], [ -65.102705946212694, -10.608286947042327 ], [ -65.102705946212694, -10.60928694411853 ], [ -65.102955945690795, -10.60928694411853 ], [ -65.102955945690795, -10.608536946311377 ], [ -65.103205945168895, -10.608536946311377 ], [ -65.103205945168895, -10.609036944849478 ], [ -65.10370594412511, -10.609036944849478 ], [ -65.10370594412511, -10.608286947042327 ], [ -65.10345594464701, -10.608286947042327 ], [ -65.10345594464701, -10.608036947773275 ], [ -65.103205945168895, -10.608036947773275 ] ] ] } },
{ "type": "Feature", "properties": { "DN": 1 }, "geometry": { "type": "Polygon", "coordinates": [ [ [ -65.104955941515627, -10.607786948504224 ], [ -65.104955941515627, -10.608036947773275 ], [ -65.104455942559426, -10.608036947773275 ], [ -65.104455942559426, -10.607786948504224 ], [ -65.104205943081311, -10.607786948504224 ], [ -65.104205943081311, -10.608036947773275 ], [ -65.103955943603211, -10.608036947773275 ], [ -65.103955943603211, -10.608286947042327 ], [ -65.104205943081311, -10.608286947042327 ], [ -65.104205943081311, -10.608536946311377 ], [ -65.105205940993727, -10.608536946311377 ], [ -65.105205940993727, -10.607786948504224 ], [ -65.104955941515627, -10.607786948504224 ] ] ] } },
{ "type": "Feature", "properties": { "DN": 1 }, "geometry": { "type": "Polygon", "coordinates": [ [ [ -65.103205945168895, -10.60678695142802 ], [ -65.103205945168895, -10.607036950697072 ], [ -65.102705946212694, -10.607036950697072 ], [ -65.102705946212694, -10.607286949966122 ], [ -65.102455946734594, -10.607286949966122 ], [ -65.102455946734594, -10.608036947773275 ], [ -65.102705946212694, -10.608036947773275 ], [ -65.102705946212694, -10.607536949235174 ], [ -65.102955945690795, -10.607536949235174 ], [ -65.102955945690795, -10.607286949966122 ], [ -65.10370594412511, -10.607286949966122 ], [ -65.10370594412511, -10.60678695142802 ], [ -65.103205945168895, -10.60678695142802 ] ] ] } },
{ "type": "Feature", "properties": { "DN": 1 }, "geometry": { "type": "Polygon", "coordinates": [ [ [ -65.104205943081311, -10.607036950697072 ], [ -65.104205943081311, -10.607286949966122 ], [ -65.104455942559426, -10.607286949966122 ], [ -65.104455942559426, -10.607536949235174 ], [ -65.105705939949942, -10.607536949235174 ], [ -65.105705939949942, -10.607286949966122 ], [ -65.105205940993727, -10.607286949966122 ], [ -65.105205940993727, -10.607036950697072 ], [ -65.104205943081311, -10.607036950697072 ] ] ] } },
{ "type": "Feature", "properties": { "DN": 1 }, "geometry": { "type": "Polygon", "coordinates": [ [ [ -65.103205945168895, -10.605536955082767 ], [ -65.103205945168895, -10.605786954351817 ], [ -65.102955945690795, -10.605786954351817 ], [ -65.102955945690795, -10.606286952889919 ], [ -65.103205945168895, -10.606286952889919 ], [ -65.103205945168895, -10.606536952158971 ], [ -65.10345594464701, -10.606536952158971 ], [ -65.10345594464701, -10.605536955082767 ], [ -65.103205945168895, -10.605536955082767 ] ] ] } },
{ "type": "Feature", "properties": { "DN": 1 }, "geometry": { "type": "Polygon", "coordinates": [ [ [ -65.105705939949942, -10.604286958737513 ], [ -65.105705939949942, -10.604536958006564 ], [ -65.105205940993727, -10.604536958006564 ], [ -65.105205940993727, -10.605786954351817 ], [ -65.104705942037526, -10.605786954351817 ], [ -65.104705942037526, -10.606036953620869 ], [ -65.104455942559426, -10.606036953620869 ], [ -65.104455942559426, -10.606286952889919 ], [ -65.104205943081311, -10.606286952889919 ], [ -65.104205943081311, -10.606536952158971 ], [ -65.105455940471842, -10.606536952158971 ], [ -65.105455940471842, -10.60678695142802 ], [ -65.105955939428043, -10.60678695142802 ], [ -65.105955939428043, -10.607786948504224 ], [ -65.106455938384244, -10.607786948504224 ], [ -65.106455938384244, -10.607286949966122 ], [ -65.106705937862358, -10.607286949966122 ], [ -65.106705937862358, -10.607036950697072 ], [ -65.106455938384244, -10.607036950697072 ], [ -65.106455938384244, -10.606036953620869 ], [ -65.105955939428043, -10.606036953620869 ], [ -65.105955939428043, -10.606286952889919 ], [ -65.105705939949942, -10.606286952889919 ], [ -65.105705939949942, -10.606036953620869 ], [ -65.105455940471842, -10.606036953620869 ], [ -65.105455940471842, -10.605786954351817 ], [ -65.105705939949942, -10.605786954351817 ], [ -65.105705939949942, -10.605536955082767 ], [ -65.105955939428043, -10.605536955082767 ], [ -65.105955939428043, -10.605286955813716 ], [ -65.106205938906143, -10.605286955813716 ], [ -65.106205938906143, -10.604536958006564 ], [ -65.105955939428043, -10.604536958006564 ], [ -65.105955939428043, -10.604286958737513 ], [ -65.105705939949942, -10.604286958737513 ] ] ] } },
{ "type": "Feature", "properties": { "DN": 1 }, "geometry": { "type": "Polygon", "coordinates": [ [ [ -65.10370594412511, -10.605286955813716 ], [ -65.10370594412511, -10.605536955082767 ], [ -65.103955943603211, -10.605536955082767 ], [ -65.103955943603211, -10.605286955813716 ], [ -65.10370594412511, -10.605286955813716 ] ] ] } },
{ "type": "Feature", "properties": { "DN": 1 }, "geometry": { "type": "Polygon", "coordinates": [ [ [ -65.10345594464701, -10.604786957275614 ], [ -65.10345594464701, -10.605286955813716 ], [ -65.10370594412511, -10.605286955813716 ], [ -65.10370594412511, -10.604786957275614 ], [ -65.10345594464701, -10.604786957275614 ] ] ] } },
{ "type": "Feature", "properties": { "DN": 1 }, "geometry": { "type": "Polygon", "coordinates": [ [ [ -65.104705942037526, -10.602786963123208 ], [ -65.104705942037526, -10.603536960930359 ], [ -65.105205940993727, -10.603536960930359 ], [ -65.105205940993727, -10.604286958737513 ], [ -65.105705939949942, -10.604286958737513 ], [ -65.105705939949942, -10.604036959468463 ], [ -65.105955939428043, -10.604036959468463 ], [ -65.105955939428043, -10.603786960199411 ], [ -65.105705939949942, -10.603786960199411 ], [ -65.105705939949942, -10.603036962392258 ], [ -65.105455940471842, -10.603036962392258 ], [ -65.105455940471842, -10.602786963123208 ], [ -65.104705942037526, -10.602786963123208 ] ] ] } },
{ "type": "Feature", "properties": { "DN": 1 }, "geometry": { "type": "Polygon", "coordinates": [ [ [ -65.085705981701636, -10.599786971894599 ], [ -65.085705981701636, -10.600286970432698 ], [ -65.085955981179751, -10.600286970432698 ], [ -65.085955981179751, -10.599786971894599 ], [ -65.085705981701636, -10.599786971894599 ] ] ] } },
{ "type": "Feature", "properties": { "DN": 1 }, "geometry": { "type": "Polygon", "coordinates": [ [ [ -65.085455982223536, -10.599536972625547 ], [ -65.085455982223536, -10.599786971894599 ], [ -65.085705981701636, -10.599786971894599 ], [ -65.085705981701636, -10.599536972625547 ], [ -65.085455982223536, -10.599536972625547 ] ] ] } },
{ "type": "Feature", "properties": { "DN": 1 }, "geometry": { "type": "Polygon", "coordinates": [ [ [ -65.075956002055591, -10.598036977011242 ], [ -65.075956002055591, -10.598286976280292 ], [ -65.076206001533706, -10.598286976280292 ], [ -65.076206001533706, -10.598036977011242 ], [ -65.075956002055591, -10.598036977011242 ] ] ] } },
{ "type": "Feature", "properties": { "DN": 1 }, "geometry": { "type": "Polygon", "coordinates": [ [ [ -65.086205980657851, -10.59778697774219 ], [ -65.086205980657851, -10.598286976280292 ], [ -65.086955979092153, -10.598286976280292 ], [ -65.086955979092153, -10.59778697774219 ], [ -65.086205980657851, -10.59778697774219 ] ] ] } },
{ "type": "Feature", "properties": { "DN": 1 }, "geometry": { "type": "Polygon", "coordinates": [ [ [ -65.084205984833019, -10.592036994554022 ], [ -65.084205984833019, -10.592286993823073 ], [ -65.083705985876804, -10.592286993823073 ], [ -65.083705985876804, -10.592786992361175 ], [ -65.084205984833019, -10.592786992361175 ], [ -65.084205984833019, -10.593786989437378 ], [ -65.083955985354919, -10.593786989437378 ], [ -65.083955985354919, -10.594036988706428 ], [ -65.084205984833019, -10.594036988706428 ], [ -65.084205984833019, -10.59428698797548 ], [ -65.084955983267335, -10.59428698797548 ], [ -65.084955983267335, -10.593036991630225 ], [ -65.08470598378922, -10.593036991630225 ], [ -65.08470598378922, -10.592286993823073 ], [ -65.08445598431112, -10.592286993823073 ], [ -65.08445598431112, -10.592036994554022 ], [ -65.084205984833019, -10.592036994554022 ] ] ] } },
{ "type": "Feature", "properties": { "DN": 1 }, "geometry": { "type": "Polygon", "coordinates": [ [ [ -65.063706027628513, -10.55578710054165 ], [ -65.063706027628513, -10.556037099810702 ], [ -65.063956027106613, -10.556037099810702 ], [ -65.063956027106613, -10.55578710054165 ], [ -65.063706027628513, -10.55578710054165 ] ] ] } },
{ "type": "Feature", "properties": { "DN": 1 }, "geometry": { "type": "Polygon", "coordinates": [ [ [ -65.086205980657851, -10.524287192641244 ], [ -65.086205980657851, -10.524537191910294 ], [ -65.086455980135952, -10.524537191910294 ], [ -65.086455980135952, -10.524287192641244 ], [ -65.086205980657851, -10.524287192641244 ] ] ] } },
{ "type": "Feature", "properties": { "DN": 1 }, "geometry": { "type": "Polygon", "coordinates": [ [ [ -65.085705981701636, -10.522287198488838 ], [ -65.085705981701636, -10.52303719629599 ], [ -65.085955981179751, -10.52303719629599 ], [ -65.085955981179751, -10.52278719702694 ], [ -65.086205980657851, -10.52278719702694 ], [ -65.086205980657851, -10.523537194834091 ], [ -65.086455980135952, -10.523537194834091 ], [ -65.086455980135952, -10.523287195565041 ], [ -65.086705979614052, -10.523287195565041 ], [ -65.086705979614052, -10.52303719629599 ], [ -65.086955979092153, -10.52303719629599 ], [ -65.086955979092153, -10.52278719702694 ], [ -65.086705979614052, -10.52278719702694 ], [ -65.086705979614052, -10.522287198488838 ], [ -65.085705981701636, -10.522287198488838 ] ] ] } },
{ "type": "Feature", "properties": { "DN": 1 }, "geometry": { "type": "Polygon", "coordinates": [ [ [ -65.087205978570267, -10.521537200681685 ], [ -65.087205978570267, -10.521787199950737 ], [ -65.086955979092153, -10.521787199950737 ], [ -65.086955979092153, -10.522037199219787 ], [ -65.086705979614052, -10.522037199219787 ], [ -65.086705979614052, -10.522287198488838 ], [ -65.086955979092153, -10.522287198488838 ], [ -65.086955979092153, -10.522537197757888 ], [ -65.087705977526468, -10.522537197757888 ], [ -65.087705977526468, -10.522287198488838 ], [ -65.087955977004569, -10.522287198488838 ], [ -65.087955977004569, -10.521787199950737 ], [ -65.087705977526468, -10.521787199950737 ], [ -65.087705977526468, -10.521537200681685 ], [ -65.087205978570267, -10.521537200681685 ] ] ] } },
{ "type": "Feature", "properties": { "DN": 1 }, "geometry": { "type": "Polygon", "coordinates": [ [ [ -65.086955979092153, -10.52028720433643 ], [ -65.086955979092153, -10.520537203605482 ], [ -65.086705979614052, -10.520537203605482 ], [ -65.086705979614052, -10.521287201412633 ], [ -65.087205978570267, -10.521287201412633 ], [ -65.087205978570267, -10.520787202874534 ], [ -65.087705977526468, -10.520787202874534 ], [ -65.087705977526468, -10.52028720433643 ], [ -65.086955979092153, -10.52028720433643 ] ] ] } },
{ "type": "Feature", "properties": { "DN": 1 }, "geometry": { "type": "Polygon", "coordinates": [ [ [ -65.104205943081311, -10.603286961661309 ], [ -65.104205943081311, -10.603536960930359 ], [ -65.104455942559426, -10.603536960930359 ], [ -65.104455942559426, -10.603286961661309 ], [ -65.104205943081311, -10.603286961661309 ] ] ] } },
{ "type": "Feature", "properties": { "DN": 1 }, "geometry": { "type": "Polygon", "coordinates": [ [ [ -65.105455940471842, -10.602286964585106 ], [ -65.105455940471842, -10.602786963123208 ], [ -65.105705939949942, -10.602786963123208 ], [ -65.105705939949942, -10.602286964585106 ], [ -65.105455940471842, -10.602286964585106 ] ] ] } },
{ "type": "Feature", "properties": { "DN": 1 }, "geometry": { "type": "Polygon", "coordinates": [ [ [ -65.122705904460986, -10.594036988706428 ], [ -65.122705904460986, -10.593786989437378 ], [ -65.122955903939101, -10.593786989437378 ], [ -65.122955903939101, -10.593036991630225 ], [ -65.122205905504785, -10.593036991630225 ], [ -65.122205905504785, -10.593536990168326 ], [ -65.121955906026685, -10.593536990168326 ], [ -65.121955906026685, -10.593286990899276 ], [ -65.12170590654857, -10.593286990899276 ], [ -65.12170590654857, -10.593536990168326 ], [ -65.121455907070469, -10.593536990168326 ], [ -65.121455907070469, -10.593286990899276 ], [ -65.121205907592369, -10.593286990899276 ], [ -65.121205907592369, -10.593536990168326 ], [ -65.120955908114269, -10.593536990168326 ], [ -65.120955908114269, -10.593786989437378 ], [ -65.120705908636168, -10.593786989437378 ], [ -65.120705908636168, -10.594036988706428 ], [ -65.120455909158053, -10.594036988706428 ], [ -65.120455909158053, -10.59428698797548 ], [ -65.120705908636168, -10.59428698797548 ], [ -65.120705908636168, -10.594786986513581 ], [ -65.120955908114269, -10.594786986513581 ], [ -65.120955908114269, -10.594536987244529 ], [ -65.121205907592369, -10.594536987244529 ], [ -65.121205907592369, -10.595536984320733 ], [ -65.121455907070469, -10.595536984320733 ], [ -65.121455907070469, -10.595786983589784 ], [ -65.123455902895302, -10.595786983589784 ], [ -65.123455902895302, -10.595536984320733 ], [ -65.123705902373402, -10.595536984320733 ], [ -65.123705902373402, -10.596036982858834 ], [ -65.124205901329617, -10.596036982858834 ], [ -65.124205901329617, -10.595786983589784 ], [ -65.124455900807718, -10.595786983589784 ], [ -65.124455900807718, -10.595536984320733 ], [ -65.124205901329617, -10.595536984320733 ], [ -65.124205901329617, -10.595286985051683 ], [ -65.123955901851517, -10.595286985051683 ], [ -65.123955901851517, -10.594786986513581 ], [ -65.123705902373402, -10.594786986513581 ], [ -65.123705902373402, -10.59428698797548 ], [ -65.123455902895302, -10.59428698797548 ], [ -65.123455902895302, -10.594536987244529 ], [ -65.122955903939101, -10.594536987244529 ], [ -65.122955903939101, -10.594786986513581 ], [ -65.122205905504785, -10.594786986513581 ], [ -65.122205905504785, -10.594036988706428 ], [ -65.122705904460986, -10.594036988706428 ] ], [ [ -65.121955906026685, -10.594036988706428 ], [ -65.121955906026685, -10.593786989437378 ], [ -65.122205905504785, -10.593786989437378 ], [ -65.122205905504785, -10.594036988706428 ], [ -65.121955906026685, -10.594036988706428 ] ], [ [ -65.123455902895302, -10.595286985051683 ], [ -65.123205903417201, -10.595286985051683 ], [ -65.123205903417201, -10.594786986513581 ], [ -65.123455902895302, -10.594786986513581 ], [ -65.123455902895302, -10.595286985051683 ] ] ] } },
{ "type": "Feature", "properties": { "DN": 1 }, "geometry": { "type": "Polygon", "coordinates": [ [ [ -65.116705916986504, -10.589287002594462 ], [ -65.116705916986504, -10.589537001863514 ], [ -65.116955916464605, -10.589537001863514 ], [ -65.116955916464605, -10.589287002594462 ], [ -65.116705916986504, -10.589287002594462 ] ] ] } },
{ "type": "Feature", "properties": { "DN": 1 }, "geometry": { "type": "Polygon", "coordinates": [ [ [ -65.116955916464605, -10.588787004056361 ], [ -65.116955916464605, -10.589037003325412 ], [ -65.117205915942705, -10.589037003325412 ], [ -65.117205915942705, -10.588787004056361 ], [ -65.116955916464605, -10.588787004056361 ] ] ] } },
{ "type": "Feature", "properties": { "DN": 1 }, "geometry": { "type": "Polygon", "coordinates": [ [ [ -65.122705904460986, -10.587287008442056 ], [ -65.122705904460986, -10.588287005518259 ], [ -65.122455904982885, -10.588287005518259 ], [ -65.122455904982885, -10.589037003325412 ], [ -65.122205905504785, -10.589037003325412 ], [ -65.122205905504785, -10.589287002594462 ], [ -65.121955906026685, -10.589287002594462 ], [ -65.121955906026685, -10.589537001863514 ], [ -65.122205905504785, -10.589537001863514 ], [ -65.122205905504785, -10.589787001132564 ], [ -65.122455904982885, -10.589787001132564 ], [ -65.122455904982885, -10.590037000401615 ], [ -65.122705904460986, -10.590037000401615 ], [ -65.122705904460986, -10.589787001132564 ], [ -65.122955903939101, -10.589787001132564 ], [ -65.122955903939101, -10.589537001863514 ], [ -65.123205903417201, -10.589537001863514 ], [ -65.123205903417201, -10.589037003325412 ], [ -65.123455902895302, -10.589037003325412 ], [ -65.123455902895302, -10.588537004787309 ], [ -65.123705902373402, -10.588537004787309 ], [ -65.123705902373402, -10.587537007711106 ], [ -65.123455902895302, -10.587537007711106 ], [ -65.123455902895302, -10.587287008442056 ], [ -65.122705904460986, -10.587287008442056 ] ] ] } },
{ "type": "Feature", "properties": { "DN": 1 }, "geometry": { "type": "Polygon", "coordinates": [ [ [ -65.117205915942705, -10.587037009173004 ], [ -65.117205915942705, -10.587787006980157 ], [ -65.11770591489892, -10.587787006980157 ], [ -65.11770591489892, -10.587037009173004 ], [ -65.117205915942705, -10.587037009173004 ] ] ] } },
{ "type": "Feature", "properties": { "DN": 1 }, "geometry": { "type": "Polygon", "coordinates": [ [ [ -65.109205932643391, -10.534037164134228 ], [ -65.109205932643391, -10.534287163403278 ], [ -65.109455932121492, -10.534287163403278 ], [ -65.109455932121492, -10.534037164134228 ], [ -65.109205932643391, -10.534037164134228 ] ] ] } },
{ "type": "Feature", "properties": { "DN": 1 }, "geometry": { "type": "Polygon", "coordinates": [ [ [ -65.121455907070469, -10.491787287664636 ], [ -65.121455907070469, -10.492037286933686 ], [ -65.12170590654857, -10.492037286933686 ], [ -65.12170590654857, -10.491787287664636 ], [ -65.121455907070469, -10.491787287664636 ] ] ] } },
{ "type": "Feature", "properties": { "DN": 1 }, "geometry": { "type": "Polygon", "coordinates": [ [ [ -65.106955937340459, -10.480787319826398 ], [ -65.106955937340459, -10.481037319095449 ], [ -65.107205936818559, -10.481037319095449 ], [ -65.107205936818559, -10.480787319826398 ], [ -65.106955937340459, -10.480787319826398 ] ] ] } },
{ "type": "Feature", "properties": { "DN": 1 }, "geometry": { "type": "Polygon", "coordinates": [ [ [ -65.141205865840661, -10.625536896606834 ], [ -65.141205865840661, -10.625786895875885 ], [ -65.141705864796876, -10.625786895875885 ], [ -65.141705864796876, -10.625536896606834 ], [ -65.141205865840661, -10.625536896606834 ] ] ] } },
{ "type": "Feature", "properties": { "DN": 1 }, "geometry": { "type": "Polygon", "coordinates": [ [ [ -65.14970584809619, -10.599286973356495 ], [ -65.14970584809619, -10.599536972625547 ], [ -65.14995584757429, -10.599536972625547 ], [ -65.14995584757429, -10.599286973356495 ], [ -65.14970584809619, -10.599286973356495 ] ] ] } },
{ "type": "Feature", "properties": { "DN": 1 }, "geometry": { "type": "Polygon", "coordinates": [ [ [ -65.146705854358942, -10.578037035487174 ], [ -65.146705854358942, -10.578287034756226 ], [ -65.146955853837056, -10.578287034756226 ], [ -65.146955853837056, -10.578037035487174 ], [ -65.146705854358942, -10.578037035487174 ] ] ] } },
{ "type": "Feature", "properties": { "DN": 1 }, "geometry": { "type": "Polygon", "coordinates": [ [ [ -65.171455802691213, -10.541787141474803 ], [ -65.171455802691213, -10.542037140743854 ], [ -65.171705802169313, -10.542037140743854 ], [ -65.171705802169313, -10.541787141474803 ], [ -65.171455802691213, -10.541787141474803 ] ] ] } },
{ "type": "Feature", "properties": { "DN": 1 }, "geometry": { "type": "Polygon", "coordinates": [ [ [ -65.171205803213113, -10.541537142205753 ], [ -65.171205803213113, -10.541787141474803 ], [ -65.171455802691213, -10.541787141474803 ], [ -65.171455802691213, -10.541537142205753 ], [ -65.171205803213113, -10.541537142205753 ] ] ] } },
{ "type": "Feature", "properties": { "DN": 1 }, "geometry": { "type": "Polygon", "coordinates": [ [ [ -65.167705810519664, -10.499537265005211 ], [ -65.167705810519664, -10.499787264274262 ], [ -65.167955809997764, -10.499787264274262 ], [ -65.167955809997764, -10.499537265005211 ], [ -65.167705810519664, -10.499537265005211 ] ] ] } },
{ "type": "Feature", "properties": { "DN": 1 }, "geometry": { "type": "Polygon", "coordinates": [ [ [ -65.158955828786034, -10.451787404616502 ], [ -65.158955828786034, -10.452037403885551 ], [ -65.159205828264135, -10.452037403885551 ], [ -65.159205828264135, -10.451787404616502 ], [ -65.158955828786034, -10.451787404616502 ] ] ] } },
{ "type": "Feature", "properties": { "DN": 1 }, "geometry": { "type": "Polygon", "coordinates": [ [ [ -65.169705806344496, -10.451787404616502 ], [ -65.169705806344496, -10.452037403885551 ], [ -65.170205805300697, -10.452037403885551 ], [ -65.170205805300697, -10.451787404616502 ], [ -65.169705806344496, -10.451787404616502 ] ] ] } },
{ "type": "Feature", "properties": { "DN": 1 }, "geometry": { "type": "Polygon", "coordinates": [ [ [ -65.159205828264135, -10.45153740534745 ], [ -65.159205828264135, -10.451787404616502 ], [ -65.159455827742235, -10.451787404616502 ], [ -65.159455827742235, -10.45153740534745 ], [ -65.159205828264135, -10.45153740534745 ] ] ] } },
{ "type": "Feature", "properties": { "DN": 1 }, "geometry": { "type": "Polygon", "coordinates": [ [ [ -65.170205805300697, -10.446537419966434 ], [ -65.170205805300697, -10.446787419235484 ], [ -65.170705804256897, -10.446787419235484 ], [ -65.170705804256897, -10.446537419966434 ], [ -65.170205805300697, -10.446537419966434 ] ] ] } },
{ "type": "Feature", "properties": { "DN": 1 }, "geometry": { "type": "Polygon", "coordinates": [ [ [ -65.098205955606829, -10.509787235036296 ], [ -65.098205955606829, -10.510287233574397 ], [ -65.09845595508493, -10.510287233574397 ], [ -65.09845595508493, -10.509787235036296 ], [ -65.098205955606829, -10.509787235036296 ] ] ] } },
{ "type": "Feature", "properties": { "DN": 1 }, "geometry": { "type": "Polygon", "coordinates": [ [ [ -65.09870595456303, -10.509537235767246 ], [ -65.09870595456303, -10.509787235036296 ], [ -65.098955954041145, -10.509787235036296 ], [ -65.098955954041145, -10.509537235767246 ], [ -65.09870595456303, -10.509537235767246 ] ] ] } },
{ "type": "Feature", "properties": { "DN": 1 }, "geometry": { "type": "Polygon", "coordinates": [ [ [ -65.096205959781997, -10.509537235767246 ], [ -65.096205959781997, -10.509787235036296 ], [ -65.096455959260098, -10.509787235036296 ], [ -65.096455959260098, -10.509537235767246 ], [ -65.096205959781997, -10.509537235767246 ] ] ] } },
{ "type": "Feature", "properties": { "DN": 1 }, "geometry": { "type": "Polygon", "coordinates": [ [ [ -65.095955960303897, -10.507287242345788 ], [ -65.095955960303897, -10.507787240883889 ], [ -65.096205959781997, -10.507787240883889 ], [ -65.096205959781997, -10.507287242345788 ], [ -65.095955960303897, -10.507287242345788 ] ] ] } },
{ "type": "Feature", "properties": { "DN": 1 }, "geometry": { "type": "Polygon", "coordinates": [ [ [ -65.094205963957165, -10.504037251848127 ], [ -65.094205963957165, -10.504287251117177 ], [ -65.094455963435266, -10.504287251117177 ], [ -65.094455963435266, -10.504037251848127 ], [ -65.094205963957165, -10.504037251848127 ] ] ] } },
{ "type": "Feature", "properties": { "DN": 1 }, "geometry": { "type": "Polygon", "coordinates": [ [ [ -65.07045601353731, -10.482037316171652 ], [ -65.07045601353731, -10.482287315440704 ], [ -65.070706013015425, -10.482287315440704 ], [ -65.070706013015425, -10.482037316171652 ], [ -65.07045601353731, -10.482037316171652 ] ] ] } },
{ "type": "Feature", "properties": { "DN": 1 }, "geometry": { "type": "Polygon", "coordinates": [ [ [ -65.088705975438884, -10.471037348333416 ], [ -65.088705975438884, -10.471287347602466 ], [ -65.088455975960784, -10.471287347602466 ], [ -65.088455975960784, -10.471787346140568 ], [ -65.088205976482683, -10.471787346140568 ], [ -65.088205976482683, -10.472037345409619 ], [ -65.088705975438884, -10.472037345409619 ], [ -65.088705975438884, -10.472287344678669 ], [ -65.088955974916985, -10.472287344678669 ], [ -65.088955974916985, -10.472787343216771 ], [ -65.0897059733513, -10.472787343216771 ], [ -65.0897059733513, -10.472037345409619 ], [ -65.0894559738732, -10.472037345409619 ], [ -65.0894559738732, -10.471537346871518 ], [ -65.088955974916985, -10.471537346871518 ], [ -65.088955974916985, -10.471037348333416 ], [ -65.088705975438884, -10.471037348333416 ] ] ] } },
{ "type": "Feature", "properties": { "DN": 1 }, "geometry": { "type": "Polygon", "coordinates": [ [ [ -65.087955977004569, -10.463787369530941 ], [ -65.087955977004569, -10.464037368799993 ], [ -65.087705977526468, -10.464037368799993 ], [ -65.087705977526468, -10.463787369530941 ], [ -65.085705981701636, -10.463787369530941 ], [ -65.085705981701636, -10.464537367338094 ], [ -65.085455982223536, -10.464537367338094 ], [ -65.085455982223536, -10.465037365876196 ], [ -65.085705981701636, -10.465037365876196 ], [ -65.085705981701636, -10.465537364414297 ], [ -65.085455982223536, -10.465537364414297 ], [ -65.085455982223536, -10.466037362952399 ], [ -65.085705981701636, -10.466037362952399 ], [ -65.085705981701636, -10.466287362221451 ], [ -65.086205980657851, -10.466287362221451 ], [ -65.086205980657851, -10.4665373614905 ], [ -65.085955981179751, -10.4665373614905 ], [ -65.085955981179751, -10.467287359297654 ], [ -65.086205980657851, -10.467287359297654 ], [ -65.086205980657851, -10.467537358566704 ], [ -65.086705979614052, -10.467537358566704 ], [ -65.086705979614052, -10.467287359297654 ], [ -65.086955979092153, -10.467287359297654 ], [ -65.086955979092153, -10.467787357835755 ], [ -65.087455978048368, -10.467787357835755 ], [ -65.087455978048368, -10.468037357104805 ], [ -65.087955977004569, -10.468037357104805 ], [ -65.087955977004569, -10.468287356373857 ], [ -65.088205976482683, -10.468287356373857 ], [ -65.088205976482683, -10.469037354181008 ], [ -65.088455975960784, -10.469037354181008 ], [ -65.088455975960784, -10.469537352719112 ], [ -65.088705975438884, -10.469537352719112 ], [ -65.088705975438884, -10.469787351988161 ], [ -65.088955974916985, -10.469787351988161 ], [ -65.088955974916985, -10.470537349795315 ], [ -65.089205974395099, -10.470537349795315 ], [ -65.089205974395099, -10.471037348333416 ], [ -65.090205972307501, -10.471037348333416 ], [ -65.090205972307501, -10.470787349064365 ], [ -65.090455971785616, -10.470787349064365 ], [ -65.090455971785616, -10.470287350526263 ], [ -65.090705971263716, -10.470287350526263 ], [ -65.090705971263716, -10.470537349795315 ], [ -65.090955970741817, -10.470537349795315 ], [ -65.090955970741817, -10.470287350526263 ], [ -65.091205970219917, -10.470287350526263 ], [ -65.091205970219917, -10.46928735345006 ], [ -65.090955970741817, -10.46928735345006 ], [ -65.090955970741817, -10.469037354181008 ], [ -65.090455971785616, -10.469037354181008 ], [ -65.090455971785616, -10.468287356373857 ], [ -65.090205972307501, -10.468287356373857 ], [ -65.090205972307501, -10.468037357104805 ], [ -65.088955974916985, -10.468037357104805 ], [ -65.088955974916985, -10.467787357835755 ], [ -65.089205974395099, -10.467787357835755 ], [ -65.089205974395099, -10.467037360028602 ], [ -65.0897059733513, -10.467037360028602 ], [ -65.0897059733513, -10.4665373614905 ], [ -65.0894559738732, -10.4665373614905 ], [ -65.0894559738732, -10.466037362952399 ], [ -65.089205974395099, -10.466037362952399 ], [ -65.089205974395099, -10.465787363683347 ], [ -65.0894559738732, -10.465787363683347 ], [ -65.0894559738732, -10.465037365876196 ], [ -65.089205974395099, -10.465037365876196 ], [ -65.089205974395099, -10.464537367338094 ], [ -65.088955974916985, -10.464537367338094 ], [ -65.088955974916985, -10.464037368799993 ], [ -65.088705975438884, -10.464037368799993 ], [ -65.088705975438884, -10.463787369530941 ], [ -65.087955977004569, -10.463787369530941 ] ], [ [ -65.087705977526468, -10.466037362952399 ], [ -65.087705977526468, -10.466287362221451 ], [ -65.087455978048368, -10.466287362221451 ], [ -65.087455978048368, -10.465287365145247 ], [ -65.088205976482683, -10.465287365145247 ], [ -65.088205976482683, -10.465537364414297 ], [ -65.088455975960784, -10.465537364414297 ], [ -65.088455975960784, -10.465787363683347 ], [ -65.087955977004569, -10.465787363683347 ], [ -65.087955977004569, -10.466037362952399 ], [ -65.087705977526468, -10.466037362952399 ] ], [ [ -65.088205976482683, -10.466037362952399 ], [ -65.088205976482683, -10.466287362221451 ], [ -65.087955977004569, -10.466287362221451 ], [ -65.087955977004569, -10.466037362952399 ], [ -65.088205976482683, -10.466037362952399 ] ], [ [ -65.087955977004569, -10.467537358566704 ], [ -65.087705977526468, -10.467537358566704 ], [ -65.087705977526468, -10.467287359297654 ], [ -65.087955977004569, -10.467287359297654 ], [ -65.087955977004569, -10.467537358566704 ] ], [ [ -65.0897059733513, -10.46928735345006 ], [ -65.0894559738732, -10.46928735345006 ], [ -65.0894559738732, -10.469037354181008 ], [ -65.0897059733513, -10.469037354181008 ], [ -65.0897059733513, -10.46928735345006 ] ], [ [ -65.089955972829401, -10.469787351988161 ], [ -65.0897059733513, -10.469787351988161 ], [ -65.0897059733513, -10.469537352719112 ], [ -65.089955972829401, -10.469537352719112 ], [ -65.089955972829401, -10.469787351988161 ] ] ] } },
{ "type": "Feature", "properties": { "DN": 1 }, "geometry": { "type": "Polygon", "coordinates": [ [ [ -65.072956008318357, -10.463287370992839 ], [ -65.072956008318357, -10.463537370261891 ], [ -65.073206007796458, -10.463537370261891 ], [ -65.073206007796458, -10.463287370992839 ], [ -65.072956008318357, -10.463287370992839 ] ] ] } },
{ "type": "Feature", "properties": { "DN": 1 }, "geometry": { "type": "Polygon", "coordinates": [ [ [ -65.089205974395099, -10.462287373916636 ], [ -65.089205974395099, -10.462537373185688 ], [ -65.088205976482683, -10.462537373185688 ], [ -65.088205976482683, -10.462787372454738 ], [ -65.087955977004569, -10.462787372454738 ], [ -65.087955977004569, -10.463037371723789 ], [ -65.088205976482683, -10.463037371723789 ], [ -65.088205976482683, -10.463537370261891 ], [ -65.088955974916985, -10.463537370261891 ], [ -65.088955974916985, -10.463287370992839 ], [ -65.089205974395099, -10.463287370992839 ], [ -65.089205974395099, -10.463537370261891 ], [ -65.0894559738732, -10.463537370261891 ], [ -65.0894559738732, -10.463287370992839 ], [ -65.0897059733513, -10.463287370992839 ], [ -65.0897059733513, -10.462287373916636 ], [ -65.089205974395099, -10.462287373916636 ] ] ] } },
{ "type": "Feature", "properties": { "DN": 1 }, "geometry": { "type": "Polygon", "coordinates": [ [ [ -65.094205963957165, -10.461537376109483 ], [ -65.094205963957165, -10.462287373916636 ], [ -65.094455963435266, -10.462287373916636 ], [ -65.094455963435266, -10.463787369530941 ], [ -65.09470596291338, -10.463787369530941 ], [ -65.09470596291338, -10.464037368799993 ], [ -65.095705960825796, -10.464037368799993 ], [ -65.095705960825796, -10.463787369530941 ], [ -65.096705958738198, -10.463787369530941 ], [ -65.096705958738198, -10.464037368799993 ], [ -65.097705956650614, -10.464037368799993 ], [ -65.097705956650614, -10.463787369530941 ], [ -65.097955956128729, -10.463787369530941 ], [ -65.097955956128729, -10.463537370261891 ], [ -65.098205955606829, -10.463537370261891 ], [ -65.098205955606829, -10.463037371723789 ], [ -65.097955956128729, -10.463037371723789 ], [ -65.097955956128729, -10.462787372454738 ], [ -65.097705956650614, -10.462787372454738 ], [ -65.097705956650614, -10.462287373916636 ], [ -65.097205957694413, -10.462287373916636 ], [ -65.097205957694413, -10.462037374647586 ], [ -65.096955958216313, -10.462037374647586 ], [ -65.096955958216313, -10.461537376109483 ], [ -65.096455959260098, -10.461537376109483 ], [ -65.096455959260098, -10.461287376840433 ], [ -65.096705958738198, -10.461287376840433 ], [ -65.096705958738198, -10.460787378302332 ], [ -65.097455957172514, -10.460787378302332 ], [ -65.097455957172514, -10.459787381226128 ], [ -65.097205957694413, -10.459787381226128 ], [ -65.097205957694413, -10.459537381957077 ], [ -65.096955958216313, -10.459537381957077 ], [ -65.096955958216313, -10.459787381226128 ], [ -65.095455961347682, -10.459787381226128 ], [ -65.095455961347682, -10.46028737976423 ], [ -65.095205961869581, -10.46028737976423 ], [ -65.095205961869581, -10.46053737903328 ], [ -65.09470596291338, -10.46053737903328 ], [ -65.09470596291338, -10.461287376840433 ], [ -65.095205961869581, -10.461287376840433 ], [ -65.095205961869581, -10.461537376109483 ], [ -65.094205963957165, -10.461537376109483 ] ], [ [ -65.095455961347682, -10.461537376109483 ], [ -65.095455961347682, -10.461787375378535 ], [ -65.095205961869581, -10.461787375378535 ], [ -65.095205961869581, -10.461537376109483 ], [ -65.095455961347682, -10.461537376109483 ] ], [ [ -65.096205959781997, -10.462287373916636 ], [ -65.096455959260098, -10.462287373916636 ], [ -65.096455959260098, -10.462537373185688 ], [ -65.096205959781997, -10.462537373185688 ], [ -65.096205959781997, -10.463287370992839 ], [ -65.095955960303897, -10.463287370992839 ], [ -65.095955960303897, -10.462537373185688 ], [ -65.095705960825796, -10.462537373185688 ], [ -65.095705960825796, -10.462287373916636 ], [ -65.095955960303897, -10.462287373916636 ], [ -65.095955960303897, -10.461787375378535 ], [ -65.096205959781997, -10.461787375378535 ], [ -65.096205959781997, -10.462287373916636 ] ], [ [ -65.095455961347682, -10.462537373185688 ], [ -65.095205961869581, -10.462537373185688 ], [ -65.095205961869581, -10.462287373916636 ], [ -65.095455961347682, -10.462287373916636 ], [ -65.095455961347682, -10.462537373185688 ] ], [ [ -65.094955962391481, -10.463037371723789 ], [ -65.09470596291338, -10.463037371723789 ], [ -65.09470596291338, -10.462787372454738 ], [ -65.094955962391481, -10.462787372454738 ], [ -65.094955962391481, -10.463037371723789 ] ] ] } },
{ "type": "Feature", "properties": { "DN": 1 }, "geometry": { "type": "Polygon", "coordinates": [ [ [ -65.088205976482683, -10.46028737976423 ], [ -65.088205976482683, -10.46053737903328 ], [ -65.087705977526468, -10.46053737903328 ], [ -65.087705977526468, -10.460787378302332 ], [ -65.087455978048368, -10.460787378302332 ], [ -65.087455978048368, -10.461537376109483 ], [ -65.087705977526468, -10.461537376109483 ], [ -65.087705977526468, -10.461787375378535 ], [ -65.088205976482683, -10.461787375378535 ], [ -65.088205976482683, -10.462037374647586 ], [ -65.088955974916985, -10.462037374647586 ], [ -65.088955974916985, -10.461037377571381 ], [ -65.089205974395099, -10.461037377571381 ], [ -65.089205974395099, -10.46053737903328 ], [ -65.088955974916985, -10.46053737903328 ], [ -65.088955974916985, -10.46028737976423 ], [ -65.088205976482683, -10.46028737976423 ] ] ] } },
{ "type": "Feature", "properties": { "DN": 1 }, "geometry": { "type": "Polygon", "coordinates": [ [ [ -65.071456011449726, -10.461037377571381 ], [ -65.071456011449726, -10.461287376840433 ], [ -65.071706010927826, -10.461287376840433 ], [ -65.071706010927826, -10.461037377571381 ], [ -65.071456011449726, -10.461037377571381 ] ] ] } },
{ "type": "Feature", "properties": { "DN": 1 }, "geometry": { "type": "Polygon", "coordinates": [ [ [ -65.070956012493525, -10.46053737903328 ], [ -65.070956012493525, -10.460787378302332 ], [ -65.071206011971626, -10.460787378302332 ], [ -65.071206011971626, -10.46053737903328 ], [ -65.070956012493525, -10.46053737903328 ] ] ] } },
{ "type": "Feature", "properties": { "DN": 1 }, "geometry": { "type": "Polygon", "coordinates": [ [ [ -65.07045601353731, -10.458287385611824 ], [ -65.07045601353731, -10.458537384880874 ], [ -65.070706013015425, -10.458537384880874 ], [ -65.070706013015425, -10.458287385611824 ], [ -65.07045601353731, -10.458287385611824 ] ] ] } },
{ "type": "Feature", "properties": { "DN": 1 }, "geometry": { "type": "Polygon", "coordinates": [ [ [ -65.096705958738198, -10.456537390728467 ], [ -65.096705958738198, -10.456787389997517 ], [ -65.096455959260098, -10.456787389997517 ], [ -65.096455959260098, -10.457037389266569 ], [ -65.096205959781997, -10.457037389266569 ], [ -65.096205959781997, -10.457787387073722 ], [ -65.096705958738198, -10.457787387073722 ], [ -65.096705958738198, -10.458037386342772 ], [ -65.097205957694413, -10.458037386342772 ], [ -65.097205957694413, -10.457287388535619 ], [ -65.097705956650614, -10.457287388535619 ], [ -65.097705956650614, -10.456787389997517 ], [ -65.097205957694413, -10.456787389997517 ], [ -65.097205957694413, -10.456537390728467 ], [ -65.096705958738198, -10.456537390728467 ] ] ] } },
{ "type": "Feature", "properties": { "DN": 1 }, "geometry": { "type": "Polygon", "coordinates": [ [ [ -65.093705965000964, -10.457037389266569 ], [ -65.093705965000964, -10.457287388535619 ], [ -65.094205963957165, -10.457287388535619 ], [ -65.094205963957165, -10.457037389266569 ], [ -65.093705965000964, -10.457037389266569 ] ] ] } },
{ "type": "Feature", "properties": { "DN": 1 }, "geometry": { "type": "Polygon", "coordinates": [ [ [ -65.088455975960784, -10.455287394383213 ], [ -65.088455975960784, -10.455537393652264 ], [ -65.088205976482683, -10.455537393652264 ], [ -65.088205976482683, -10.455287394383213 ], [ -65.087955977004569, -10.455287394383213 ], [ -65.087955977004569, -10.455537393652264 ], [ -65.087455978048368, -10.455537393652264 ], [ -65.087455978048368, -10.456037392190366 ], [ -65.087205978570267, -10.456037392190366 ], [ -65.087205978570267, -10.456287391459416 ], [ -65.087455978048368, -10.456287391459416 ], [ -65.087455978048368, -10.456537390728467 ], [ -65.088205976482683, -10.456537390728467 ], [ -65.088205976482683, -10.456287391459416 ], [ -65.088705975438884, -10.456287391459416 ], [ -65.088705975438884, -10.456537390728467 ], [ -65.089205974395099, -10.456537390728467 ], [ -65.089205974395099, -10.455787392921314 ], [ -65.0894559738732, -10.455787392921314 ], [ -65.0894559738732, -10.455537393652264 ], [ -65.089205974395099, -10.455537393652264 ], [ -65.089205974395099, -10.455287394383213 ], [ -65.088455975960784, -10.455287394383213 ] ] ] } },
{ "type": "Feature", "properties": { "DN": 1 }, "geometry": { "type": "Polygon", "coordinates": [ [ [ -65.082455988486288, -10.454287397307009 ], [ -65.082455988486288, -10.454787395845111 ], [ -65.082955987442503, -10.454787395845111 ], [ -65.082955987442503, -10.454287397307009 ], [ -65.082455988486288, -10.454287397307009 ] ] ] } },
{ "type": "Feature", "properties": { "DN": 1 }, "geometry": { "type": "Polygon", "coordinates": [ [ [ -65.072206009884042, -10.447287417773586 ], [ -65.072206009884042, -10.447787416311687 ], [ -65.072706008840242, -10.447787416311687 ], [ -65.072706008840242, -10.447287417773586 ], [ -65.072206009884042, -10.447287417773586 ] ] ] } },
{ "type": "Feature", "properties": { "DN": 1 }, "geometry": { "type": "Polygon", "coordinates": [ [ [ -65.106955937340459, -10.480287321288296 ], [ -65.106955937340459, -10.480537320557348 ], [ -65.107205936818559, -10.480537320557348 ], [ -65.107205936818559, -10.480287321288296 ], [ -65.106955937340459, -10.480287321288296 ] ] ] } },
{ "type": "Feature", "properties": { "DN": 1 }, "geometry": { "type": "Polygon", "coordinates": [ [ [ -65.104705942037526, -10.457287388535619 ], [ -65.104705942037526, -10.458287385611824 ], [ -65.104205943081311, -10.458287385611824 ], [ -65.104205943081311, -10.458787384149925 ], [ -65.103955943603211, -10.458787384149925 ], [ -65.103955943603211, -10.459287382688027 ], [ -65.104205943081311, -10.459287382688027 ], [ -65.104205943081311, -10.459537381957077 ], [ -65.104455942559426, -10.459537381957077 ], [ -65.104455942559426, -10.459787381226128 ], [ -65.104705942037526, -10.459787381226128 ], [ -65.104705942037526, -10.46028737976423 ], [ -65.105705939949942, -10.46028737976423 ], [ -65.105705939949942, -10.459787381226128 ], [ -65.105955939428043, -10.459787381226128 ], [ -65.105955939428043, -10.459287382688027 ], [ -65.106205938906143, -10.459287382688027 ], [ -65.106205938906143, -10.459037383418975 ], [ -65.105955939428043, -10.459037383418975 ], [ -65.105955939428043, -10.458787384149925 ], [ -65.105705939949942, -10.458787384149925 ], [ -65.105705939949942, -10.458537384880874 ], [ -65.106205938906143, -10.458537384880874 ], [ -65.106205938906143, -10.458037386342772 ], [ -65.105705939949942, -10.458037386342772 ], [ -65.105705939949942, -10.457787387073722 ], [ -65.105455940471842, -10.457787387073722 ], [ -65.105455940471842, -10.457287388535619 ], [ -65.104705942037526, -10.457287388535619 ] ] ] } },
{ "type": "Feature", "properties": { "DN": 1 }, "geometry": { "type": "Polygon", "coordinates": [ [ [ -65.10345594464701, -10.458537384880874 ], [ -65.10345594464701, -10.458787384149925 ], [ -65.10370594412511, -10.458787384149925 ], [ -65.10370594412511, -10.458537384880874 ], [ -65.10345594464701, -10.458537384880874 ] ] ] } },
{ "type": "Feature", "properties": { "DN": 1 }, "geometry": { "type": "Polygon", "coordinates": [ [ [ -65.10370594412511, -10.45753738780467 ], [ -65.10370594412511, -10.457787387073722 ], [ -65.10345594464701, -10.457787387073722 ], [ -65.10345594464701, -10.458037386342772 ], [ -65.103205945168895, -10.458037386342772 ], [ -65.103205945168895, -10.458537384880874 ], [ -65.10345594464701, -10.458537384880874 ], [ -65.10345594464701, -10.458287385611824 ], [ -65.10370594412511, -10.458287385611824 ], [ -65.10370594412511, -10.458537384880874 ], [ -65.103955943603211, -10.458537384880874 ], [ -65.103955943603211, -10.458287385611824 ], [ -65.104205943081311, -10.458287385611824 ], [ -65.104205943081311, -10.45753738780467 ], [ -65.10370594412511, -10.45753738780467 ] ] ] } },
{ "type": "Feature", "properties": { "DN": 1 }, "geometry": { "type": "Polygon", "coordinates": [ [ [ -65.108955933165291, -10.445037424352128 ], [ -65.108955933165291, -10.445287423621179 ], [ -65.109205932643391, -10.445287423621179 ], [ -65.109205932643391, -10.445537422890229 ], [ -65.109455932121492, -10.445537422890229 ], [ -65.109455932121492, -10.445287423621179 ], [ -65.109705931599592, -10.445287423621179 ], [ -65.109705931599592, -10.445037424352128 ], [ -65.108955933165291, -10.445037424352128 ] ] ] } },
{ "type": "Feature", "properties": { "DN": 1 }, "geometry": { "type": "Polygon", "coordinates": [ [ [ -65.109205932643391, -10.444287426544976 ], [ -65.109205932643391, -10.444537425814026 ], [ -65.109455932121492, -10.444537425814026 ], [ -65.109455932121492, -10.444287426544976 ], [ -65.109205932643391, -10.444287426544976 ] ] ] } },
{ "type": "Feature", "properties": { "DN": 1 }, "geometry": { "type": "Polygon", "coordinates": [ [ [ -65.110455930033908, -10.443787428006875 ], [ -65.110705929512008, -10.443787428006875 ], [ -65.110705929512008, -10.44356183541605 ], [ -65.110455930033908, -10.443550138563092 ], [ -65.110455930033908, -10.443787428006875 ] ] ] } },
{ "type": "Feature", "properties": { "DN": 1 }, "geometry": { "type": "Polygon", "coordinates": [ [ [ -65.070706013015425, -10.442037433123518 ], [ -65.070706013015425, -10.441787433854469 ], [ -65.07020601405921, -10.441787433854469 ], [ -65.07020601405921, -10.441664744852011 ], [ -65.069706015103009, -10.441641293271447 ], [ -65.069706015103009, -10.441787433854469 ], [ -65.069956014581109, -10.441787433854469 ], [ -65.069956014581109, -10.44253743166162 ], [ -65.069206016146794, -10.44253743166162 ], [ -65.069206016146794, -10.44228743239257 ], [ -65.068956016668693, -10.44228743239257 ], [ -65.068956016668693, -10.442037433123518 ], [ -65.068706017190593, -10.442037433123518 ], [ -65.068706017190593, -10.441594390110319 ], [ -65.067956018756277, -10.441559212739474 ], [ -65.067956018756277, -10.442037433123518 ], [ -65.068206018234378, -10.442037433123518 ], [ -65.068206018234378, -10.442787430930672 ], [ -65.068706017190593, -10.442787430930672 ], [ -65.068706017190593, -10.443037430199722 ], [ -65.068956016668693, -10.443037430199722 ], [ -65.068956016668693, -10.443287429468773 ], [ -65.07045601353731, -10.443287429468773 ], [ -65.07045601353731, -10.443037430199722 ], [ -65.070706013015425, -10.443037430199722 ], [ -65.070706013015425, -10.443787428006875 ], [ -65.070956012493525, -10.443787428006875 ], [ -65.070956012493525, -10.444537425814026 ], [ -65.071706010927826, -10.444537425814026 ], [ -65.071706010927826, -10.444287426544976 ], [ -65.071956010405941, -10.444287426544976 ], [ -65.071956010405941, -10.444037427275925 ], [ -65.072206009884042, -10.444037427275925 ], [ -65.072206009884042, -10.444287426544976 ], [ -65.072956008318357, -10.444287426544976 ], [ -65.072956008318357, -10.445287423621179 ], [ -65.073206007796458, -10.445287423621179 ], [ -65.073206007796458, -10.445537422890229 ], [ -65.073706006752658, -10.445537422890229 ], [ -65.073706006752658, -10.445787422159281 ], [ -65.073956006230773, -10.445787422159281 ], [ -65.073956006230773, -10.445537422890229 ], [ -65.074206005708874, -10.445537422890229 ], [ -65.074206005708874, -10.445787422159281 ], [ -65.074456005186974, -10.445787422159281 ], [ -65.074456005186974, -10.445537422890229 ], [ -65.074706004665074, -10.445537422890229 ], [ -65.074706004665074, -10.445287423621179 ], [ -65.074456005186974, -10.445287423621179 ], [ -65.074456005186974, -10.444787425083078 ], [ -65.074706004665074, -10.444787425083078 ], [ -65.074706004665074, -10.444537425814026 ], [ -65.07520600362129, -10.444537425814026 ], [ -65.07520600362129, -10.446037421428333 ], [ -65.07545600309939, -10.446037421428333 ], [ -65.07545600309939, -10.446287420697383 ], [ -65.076955999968007, -10.446287420697383 ], [ -65.076955999968007, -10.446037421428333 ], [ -65.077205999446122, -10.446037421428333 ], [ -65.077205999446122, -10.445287423621179 ], [ -65.076955999968007, -10.445287423621179 ], [ -65.076955999968007, -10.445037424352128 ], [ -65.076706000489907, -10.445037424352128 ], [ -65.076706000489907, -10.444287426544976 ], [ -65.076955999968007, -10.444287426544976 ], [ -65.076955999968007, -10.444537425814026 ], [ -65.077205999446122, -10.444537425814026 ], [ -65.077205999446122, -10.445037424352128 ], [ -65.077455998924222, -10.445037424352128 ], [ -65.077455998924222, -10.445287423621179 ], [ -65.077705998402323, -10.445287423621179 ], [ -65.077705998402323, -10.445787422159281 ], [ -65.077955997880423, -10.445787422159281 ], [ -65.077955997880423, -10.445537422890229 ], [ -65.078205997358523, -10.445537422890229 ], [ -65.078205997358523, -10.445287423621179 ], [ -65.078455996836638, -10.445287423621179 ], [ -65.078455996836638, -10.444787425083078 ], [ -65.078705996314739, -10.444787425083078 ], [ -65.078705996314739, -10.444537425814026 ], [ -65.079455994749054, -10.444537425814026 ], [ -65.079455994749054, -10.444287426544976 ], [ -65.079705994227155, -10.444287426544976 ], [ -65.079705994227155, -10.444037427275925 ], [ -65.081455990573872, -10.444037427275925 ], [ -65.081455990573872, -10.443787428006875 ], [ -65.081705990051987, -10.443787428006875 ], [ -65.081705990051987, -10.444037427275925 ], [ -65.081955989530087, -10.444037427275925 ], [ -65.081955989530087, -10.444287426544976 ], [ -65.081705990051987, -10.444287426544976 ], [ -65.081705990051987, -10.444537425814026 ], [ -65.080955991617671, -10.444537425814026 ], [ -65.080955991617671, -10.444787425083078 ], [ -65.080705992139571, -10.444787425083078 ], [ -65.080705992139571, -10.444537425814026 ], [ -65.08045599266147, -10.444537425814026 ], [ -65.08045599266147, -10.445287423621179 ], [ -65.080205993183355, -10.445287423621179 ], [ -65.080205993183355, -10.445537422890229 ], [ -65.079705994227155, -10.445537422890229 ], [ -65.079705994227155, -10.445787422159281 ], [ -65.079955993705255, -10.445787422159281 ], [ -65.079955993705255, -10.446287420697383 ], [ -65.080205993183355, -10.446287420697383 ], [ -65.080205993183355, -10.447787416311687 ], [ -65.08045599266147, -10.447787416311687 ], [ -65.08045599266147, -10.448037415580739 ], [ -65.080705992139571, -10.448037415580739 ], [ -65.080705992139571, -10.448537414118841 ], [ -65.080955991617671, -10.448537414118841 ], [ -65.080955991617671, -10.44878741338789 ], [ -65.081205991095771, -10.44878741338789 ], [ -65.081205991095771, -10.449537411195044 ], [ -65.081455990573872, -10.449537411195044 ], [ -65.081455990573872, -10.449787410464094 ], [ -65.081705990051987, -10.449787410464094 ], [ -65.081705990051987, -10.450537408271247 ], [ -65.082205989008187, -10.450537408271247 ], [ -65.082205989008187, -10.450037409733145 ], [ -65.082705987964403, -10.450037409733145 ], [ -65.082705987964403, -10.449787410464094 ], [ -65.082455988486288, -10.449787410464094 ], [ -65.082455988486288, -10.449537411195044 ], [ -65.082705987964403, -10.449537411195044 ], [ -65.082705987964403, -10.449287411925994 ], [ -65.082455988486288, -10.449287411925994 ], [ -65.082455988486288, -10.449037412656942 ], [ -65.081955989530087, -10.449037412656942 ], [ -65.081955989530087, -10.44878741338789 ], [ -65.082205989008187, -10.44878741338789 ], [ -65.082205989008187, -10.448537414118841 ], [ -65.081955989530087, -10.448537414118841 ], [ -65.081955989530087, -10.448287414849789 ], [ -65.083205986920603, -10.448287414849789 ], [ -65.083205986920603, -10.448037415580739 ], [ -65.083455986398704, -10.448037415580739 ], [ -65.083455986398704, -10.447787416311687 ], [ -65.083955985354919, -10.447787416311687 ], [ -65.083955985354919, -10.447537417042637 ], [ -65.08445598431112, -10.447537417042637 ], [ -65.08445598431112, -10.447287417773586 ], [ -65.084205984833019, -10.447287417773586 ], [ -65.084205984833019, -10.447037418504536 ], [ -65.08445598431112, -10.447037418504536 ], [ -65.08445598431112, -10.446537419966434 ], [ -65.084955983267335, -10.446537419966434 ], [ -65.084955983267335, -10.445537422890229 ], [ -65.084205984833019, -10.445537422890229 ], [ -65.084205984833019, -10.445787422159281 ], [ -65.083955985354919, -10.445787422159281 ], [ -65.083955985354919, -10.446037421428333 ], [ -65.083455986398704, -10.446037421428333 ], [ -65.083455986398704, -10.445287423621179 ], [ -65.083205986920603, -10.445287423621179 ], [ -65.083205986920603, -10.444787425083078 ], [ -65.082955987442503, -10.444787425083078 ], [ -65.082955987442503, -10.444537425814026 ], [ -65.083205986920603, -10.444537425814026 ], [ -65.083205986920603, -10.444287426544976 ], [ -65.084205984833019, -10.444287426544976 ], [ -65.084205984833019, -10.444037427275925 ], [ -65.08445598431112, -10.444037427275925 ], [ -65.08445598431112, -10.443287429468773 ], [ -65.084955983267335, -10.443287429468773 ], [ -65.084955983267335, -10.443537428737823 ], [ -65.085205982745435, -10.443537428737823 ], [ -65.085205982745435, -10.443287429468773 ], [ -65.086205980657851, -10.443287429468773 ], [ -65.086205980657851, -10.443537428737823 ], [ -65.086455980135952, -10.443537428737823 ], [ -65.086455980135952, -10.443787428006875 ], [ -65.087705977526468, -10.443787428006875 ], [ -65.087705977526468, -10.444287426544976 ], [ -65.088205976482683, -10.444287426544976 ], [ -65.088205976482683, -10.444787425083078 ], [ -65.087955977004569, -10.444787425083078 ], [ -65.087955977004569, -10.446537419966434 ], [ -65.088205976482683, -10.446537419966434 ], [ -65.088205976482683, -10.446787419235484 ], [ -65.090205972307501, -10.446787419235484 ], [ -65.090205972307501, -10.446287420697383 ], [ -65.090455971785616, -10.446287420697383 ], [ -65.090455971785616, -10.446037421428333 ], [ -65.090205972307501, -10.446037421428333 ], [ -65.090205972307501, -10.445037424352128 ], [ -65.090455971785616, -10.445037424352128 ], [ -65.090455971785616, -10.444287426544976 ], [ -65.091455969698032, -10.444287426544976 ], [ -65.091455969698032, -10.444037427275925 ], [ -65.091955968654233, -10.444037427275925 ], [ -65.091955968654233, -10.442787430930672 ], [ -65.091455969698032, -10.442787430930672 ], [ -65.091455969698032, -10.442660780177553 ], [ -65.090955970741817, -10.442637357533851 ], [ -65.090955970741817, -10.443287429468773 ], [ -65.090455971785616, -10.443287429468773 ], [ -65.090455971785616, -10.443537428737823 ], [ -65.089955972829401, -10.443537428737823 ], [ -65.089955972829401, -10.443787428006875 ], [ -65.0897059733513, -10.443787428006875 ], [ -65.0897059733513, -10.444287426544976 ], [ -65.0894559738732, -10.444287426544976 ], [ -65.0894559738732, -10.444037427275925 ], [ -65.089205974395099, -10.444037427275925 ], [ -65.089205974395099, -10.443537428737823 ], [ -65.088955974916985, -10.443537428737823 ], [ -65.088955974916985, -10.443287429468773 ], [ -65.088705975438884, -10.443287429468773 ], [ -65.088705975438884, -10.443037430199722 ], [ -65.088455975960784, -10.443037430199722 ], [ -65.088455975960784, -10.442787430930672 ], [ -65.087705977526468, -10.442787430930672 ], [ -65.087705977526468, -10.44253743166162 ], [ -65.086205980657851, -10.44253743166162 ], [ -65.086205980657851, -10.442414842418675 ], [ -65.085955981179751, -10.442403131096823 ], [ -65.085955981179751, -10.442787430930672 ], [ -65.085455982223536, -10.442787430930672 ], [ -65.085455982223536, -10.44253743166162 ], [ -65.085205982745435, -10.44253743166162 ], [ -65.085205982745435, -10.442367997131269 ], [ -65.084723929250501, -10.442345415149612 ], [ -65.08470598378922, -10.442344573962856 ], [ -65.08470598378922, -10.44253743166162 ], [ -65.08445598431112, -10.44253743166162 ], [ -65.08445598431112, -10.442332855331243 ], [ -65.083705985876804, -10.442297699436402 ], [ -65.083705985876804, -10.44253743166162 ], [ -65.083205986920603, -10.44253743166162 ], [ -65.083205986920603, -10.442787430930672 ], [ -65.082955987442503, -10.442787430930672 ], [ -65.082955987442503, -10.443037430199722 ], [ -65.082455988486288, -10.443037430199722 ], [ -65.082455988486288, -10.442787430930672 ], [ -65.082705987964403, -10.442787430930672 ], [ -65.082705987964403, -10.44228743239257 ], [ -65.081955989530087, -10.44228743239257 ], [ -65.081955989530087, -10.443287429468773 ], [ -65.081705990051987, -10.443287429468773 ], [ -65.081705990051987, -10.443537428737823 ], [ -65.081455990573872, -10.443537428737823 ], [ -65.081455990573872, -10.443037430199722 ], [ -65.081705990051987, -10.443037430199722 ], [ -65.081705990051987, -10.44228743239257 ], [ -65.081455990573872, -10.44228743239257 ], [ -65.081455990573872, -10.442787430930672 ], [ -65.081205991095771, -10.442787430930672 ], [ -65.081205991095771, -10.44228743239257 ], [ -65.080705992139571, -10.44228743239257 ], [ -65.080705992139571, -10.442157075857041 ], [ -65.07815359336756, -10.442037433123518 ], [ -65.077705998402323, -10.442037433123518 ], [ -65.077705998402323, -10.44253743166162 ], [ -65.076456001011806, -10.44253743166162 ], [ -65.076456001011806, -10.442037433123518 ], [ -65.075956002055591, -10.442037433123518 ], [ -65.075956002055591, -10.44228743239257 ], [ -65.07570600257749, -10.44228743239257 ], [ -65.07570600257749, -10.44253743166162 ], [ -65.07545600309939, -10.44253743166162 ], [ -65.07545600309939, -10.443537428737823 ], [ -65.075956002055591, -10.443537428737823 ], [ -65.075956002055591, -10.443787428006875 ], [ -65.076456001011806, -10.443787428006875 ], [ -65.076456001011806, -10.444037427275925 ], [ -65.07520600362129, -10.444037427275925 ], [ -65.07520600362129, -10.443787428006875 ], [ -65.074456005186974, -10.443787428006875 ], [ -65.074456005186974, -10.443537428737823 ], [ -65.074956004143175, -10.443537428737823 ], [ -65.074956004143175, -10.442787430930672 ], [ -65.07520600362129, -10.442787430930672 ], [ -65.07520600362129, -10.44228743239257 ], [ -65.074956004143175, -10.44228743239257 ], [ -65.074956004143175, -10.442037433123518 ], [ -65.07545600309939, -10.442037433123518 ], [ -65.07545600309939, -10.441910984593159 ], [ -65.075391229665613, -10.441907948362786 ], [ -65.072821802491916, -10.441787433854469 ], [ -65.071956010405941, -10.441787433854469 ], [ -65.071956010405941, -10.442037433123518 ], [ -65.071706010927826, -10.442037433123518 ], [ -65.071706010927826, -10.441787433854469 ], [ -65.070956012493525, -10.441787433854469 ], [ -65.070956012493525, -10.442037433123518 ], [ -65.070706013015425, -10.442037433123518 ] ], [ [ -65.071706010927826, -10.444037427275925 ], [ -65.071706010927826, -10.443787428006875 ], [ -65.071456011449726, -10.443787428006875 ], [ -65.071456011449726, -10.443537428737823 ], [ -65.071956010405941, -10.443537428737823 ], [ -65.071956010405941, -10.444037427275925 ], [ -65.071706010927826, -10.444037427275925 ] ], [ [ -65.083205986920603, -10.447787416311687 ], [ -65.083205986920603, -10.447537417042637 ], [ -65.083455986398704, -10.447537417042637 ], [ -65.083455986398704, -10.447787416311687 ], [ -65.083205986920603, -10.447787416311687 ] ], [ [ -65.078205997358523, -10.44253743166162 ], [ -65.078205997358523, -10.442787430930672 ], [ -65.077705998402323, -10.442787430930672 ], [ -65.077705998402323, -10.44253743166162 ], [ -65.078205997358523, -10.44253743166162 ] ], [ [ -65.071206011971626, -10.442037433123518 ], [ -65.071206011971626, -10.44228743239257 ], [ -65.070956012493525, -10.44228743239257 ], [ -65.070956012493525, -10.442037433123518 ], [ -65.071206011971626, -10.442037433123518 ] ], [ [ -65.071456011449726, -10.44228743239257 ], [ -65.071456011449726, -10.44253743166162 ], [ -65.071206011971626, -10.44253743166162 ], [ -65.071206011971626, -10.44228743239257 ], [ -65.071456011449726, -10.44228743239257 ] ], [ [ -65.074706004665074, -10.44228743239257 ], [ -65.074206005708874, -10.44228743239257 ], [ -65.074206005708874, -10.442037433123518 ], [ -65.074706004665074, -10.442037433123518 ], [ -65.074706004665074, -10.44228743239257 ] ], [ [ -65.073956006230773, -10.44228743239257 ], [ -65.073456007274558, -10.44228743239257 ], [ -65.073456007274558, -10.442037433123518 ], [ -65.073956006230773, -10.442037433123518 ], [ -65.073956006230773, -10.44228743239257 ] ], [ [ -65.073206007796458, -10.44228743239257 ], [ -65.072956008318357, -10.44228743239257 ], [ -65.072956008318357, -10.442037433123518 ], [ -65.073206007796458, -10.442037433123518 ], [ -65.073206007796458, -10.44228743239257 ] ], [ [ -65.072706008840242, -10.44228743239257 ], [ -65.072206009884042, -10.44228743239257 ], [ -65.072206009884042, -10.442037433123518 ], [ -65.072706008840242, -10.442037433123518 ], [ -65.072706008840242, -10.44228743239257 ] ], [ [ -65.079955993705255, -10.443037430199722 ], [ -65.079455994749054, -10.443037430199722 ], [ -65.079455994749054, -10.44228743239257 ], [ -65.079955993705255, -10.44228743239257 ], [ -65.079955993705255, -10.443037430199722 ] ], [ [ -65.078955995792839, -10.443037430199722 ], [ -65.078705996314739, -10.443037430199722 ], [ -65.078705996314739, -10.44228743239257 ], [ -65.078955995792839, -10.44228743239257 ], [ -65.078955995792839, -10.443037430199722 ] ], [ [ -65.070956012493525, -10.442787430930672 ], [ -65.070706013015425, -10.442787430930672 ], [ -65.070706013015425, -10.44253743166162 ], [ -65.070956012493525, -10.44253743166162 ], [ -65.070956012493525, -10.442787430930672 ] ], [ [ -65.080705992139571, -10.443037430199722 ], [ -65.08045599266147, -10.443037430199722 ], [ -65.08045599266147, -10.442787430930672 ], [ -65.080705992139571, -10.442787430930672 ], [ -65.080705992139571, -10.443037430199722 ] ], [ [ -65.073456007274558, -10.442787430930672 ], [ -65.073956006230773, -10.442787430930672 ], [ -65.073956006230773, -10.443037430199722 ], [ -65.073456007274558, -10.443037430199722 ], [ -65.073456007274558, -10.442787430930672 ] ], [ [ -65.073456007274558, -10.443287429468773 ], [ -65.072956008318357, -10.443287429468773 ], [ -65.072956008318357, -10.443537428737823 ], [ -65.072706008840242, -10.443537428737823 ], [ -65.072706008840242, -10.443037430199722 ], [ -65.073456007274558, -10.443037430199722 ], [ -65.073456007274558, -10.443287429468773 ] ], [ [ -65.077705998402323, -10.443287429468773 ], [ -65.077705998402323, -10.443037430199722 ], [ -65.077955997880423, -10.443037430199722 ], [ -65.077955997880423, -10.443287429468773 ], [ -65.077705998402323, -10.443287429468773 ] ], [ [ -65.078205997358523, -10.443287429468773 ], [ -65.078205997358523, -10.443537428737823 ], [ -65.078455996836638, -10.443537428737823 ], [ -65.078455996836638, -10.444037427275925 ], [ -65.078205997358523, -10.444037427275925 ], [ -65.078205997358523, -10.444287426544976 ], [ -65.077705998402323, -10.444287426544976 ], [ -65.077705998402323, -10.444037427275925 ], [ -65.077455998924222, -10.444037427275925 ], [ -65.077455998924222, -10.443787428006875 ], [ -65.077705998402323, -10.443787428006875 ], [ -65.077705998402323, -10.443537428737823 ], [ -65.077955997880423, -10.443537428737823 ], [ -65.077955997880423, -10.443287429468773 ], [ -65.078205997358523, -10.443287429468773 ] ], [ [ -65.077205999446122, -10.443287429468773 ], [ -65.076456001011806, -10.443287429468773 ], [ -65.076456001011806, -10.443037430199722 ], [ -65.077205999446122, -10.443037430199722 ], [ -65.077205999446122, -10.443287429468773 ] ], [ [ -65.071956010405941, -10.443287429468773 ], [ -65.071706010927826, -10.443287429468773 ], [ -65.071706010927826, -10.443037430199722 ], [ -65.071956010405941, -10.443037430199722 ], [ -65.071956010405941, -10.443287429468773 ] ], [ [ -65.083705985876804, -10.443537428737823 ], [ -65.083455986398704, -10.443537428737823 ], [ -65.083455986398704, -10.443287429468773 ], [ -65.083705985876804, -10.443287429468773 ], [ -65.083705985876804, -10.443537428737823 ] ], [ [ -65.079955993705255, -10.443537428737823 ], [ -65.079455994749054, -10.443537428737823 ], [ -65.079455994749054, -10.443287429468773 ], [ -65.079955993705255, -10.443287429468773 ], [ -65.079955993705255, -10.443537428737823 ] ], [ [ -65.083205986920603, -10.443787428006875 ], [ -65.082705987964403, -10.443787428006875 ], [ -65.082705987964403, -10.444037427275925 ], [ -65.082455988486288, -10.444037427275925 ], [ -65.082455988486288, -10.443537428737823 ], [ -65.083205986920603, -10.443537428737823 ], [ -65.083205986920603, -10.443787428006875 ] ], [ [ -65.074206005708874, -10.444037427275925 ], [ -65.073706006752658, -10.444037427275925 ], [ -65.073706006752658, -10.443787428006875 ], [ -65.074206005708874, -10.443787428006875 ], [ -65.074206005708874, -10.444037427275925 ] ], [ [ -65.081205991095771, -10.445537422890229 ], [ -65.081205991095771, -10.445287423621179 ], [ -65.081455990573872, -10.445287423621179 ], [ -65.081455990573872, -10.445537422890229 ], [ -65.081205991095771, -10.445537422890229 ] ], [ [ -65.081705990051987, -10.445537422890229 ], [ -65.081705990051987, -10.445787422159281 ], [ -65.081455990573872, -10.445787422159281 ], [ -65.081455990573872, -10.445537422890229 ], [ -65.081705990051987, -10.445537422890229 ] ], [ [ -65.081455990573872, -10.446037421428333 ], [ -65.080955991617671, -10.446037421428333 ], [ -65.080955991617671, -10.446537419966434 ], [ -65.08045599266147, -10.446537419966434 ], [ -65.08045599266147, -10.446287420697383 ], [ -65.080705992139571, -10.446287420697383 ], [ -65.080705992139571, -10.445787422159281 ], [ -65.081455990573872, -10.445787422159281 ], [ -65.081455990573872, -10.446037421428333 ] ], [ [ -65.075956002055591, -10.445787422159281 ], [ -65.07570600257749, -10.445787422159281 ], [ -65.07570600257749, -10.445537422890229 ], [ -65.075956002055591, -10.445537422890229 ], [ -65.075956002055591, -10.445787422159281 ] ], [ [ -65.083205986920603, -10.446537419966434 ], [ -65.082205989008187, -10.446537419966434 ], [ -65.082205989008187, -10.446287420697383 ], [ -65.083205986920603, -10.446287420697383 ], [ -65.083205986920603, -10.446537419966434 ] ], [ [ -65.083205986920603, -10.447287417773586 ], [ -65.082705987964403, -10.447287417773586 ], [ -65.082705987964403, -10.447037418504536 ], [ -65.082955987442503, -10.447037418504536 ], [ -65.082955987442503, -10.446787419235484 ], [ -65.083205986920603, -10.446787419235484 ], [ -65.083205986920603, -10.447287417773586 ] ], [ [ -65.081955989530087, -10.447787416311687 ], [ -65.081705990051987, -10.447787416311687 ], [ -65.081705990051987, -10.447037418504536 ], [ -65.081955989530087, -10.447037418504536 ], [ -65.081955989530087, -10.447787416311687 ] ], [ [ -65.081205991095771, -10.448287414849789 ], [ -65.080955991617671, -10.448287414849789 ], [ -65.080955991617671, -10.448037415580739 ], [ -65.081205991095771, -10.448037415580739 ], [ -65.081205991095771, -10.448287414849789 ] ] ] } },
{ "type": "Feature", "properties": { "DN": 1 }, "geometry": { "type": "Polygon", "coordinates": [ [ [ -65.073956006230773, -10.445787422159281 ], [ -65.073956006230773, -10.446037421428333 ], [ -65.074206005708874, -10.446037421428333 ], [ -65.074206005708874, -10.445787422159281 ], [ -65.073956006230773, -10.445787422159281 ] ] ] } },
{ "type": "Feature", "properties": { "DN": 1 }, "geometry": { "type": "Polygon", "coordinates": [ [ [ -65.088455975960784, -10.44253743166162 ], [ -65.088455975960784, -10.442787430930672 ], [ -65.088705975438884, -10.442787430930672 ], [ -65.088705975438884, -10.443037430199722 ], [ -65.089205974395099, -10.443037430199722 ], [ -65.089205974395099, -10.443287429468773 ], [ -65.0894559738732, -10.443287429468773 ], [ -65.0894559738732, -10.443037430199722 ], [ -65.0897059733513, -10.443037430199722 ], [ -65.0897059733513, -10.442787430930672 ], [ -65.090205972307501, -10.442787430930672 ], [ -65.090205972307501, -10.442602223568295 ], [ -65.088822871146093, -10.44253743166162 ], [ -65.088455975960784, -10.44253743166162 ] ] ] } },
{ "type": "Feature", "properties": { "DN": 1 }, "geometry": { "type": "Polygon", "coordinates": [ [ [ -65.167455811041563, -10.446287420697383 ], [ -65.167455811041563, -10.446537419966434 ], [ -65.167955809997764, -10.446537419966434 ], [ -65.167955809997764, -10.446300624706726 ], [ -65.167796972786633, -10.446287420697383 ], [ -65.167455811041563, -10.446287420697383 ] ] ] } },
{ "type": "Feature", "properties": { "DN": 1 }, "geometry": { "type": "Polygon", "coordinates": [ [ [ -65.165455815216731, -10.446287420697383 ], [ -65.166205813651032, -10.446287420697383 ], [ -65.166205813651032, -10.446155148920861 ], [ -65.166149317914432, -10.446150452475811 ], [ -65.165455815216731, -10.446095492680238 ], [ -65.165455815216731, -10.446287420697383 ] ] ] } },
{ "type": "Feature", "properties": { "DN": 1 }, "geometry": { "type": "Polygon", "coordinates": [ [ [ -65.147705852271358, -10.445537422890229 ], [ -65.147705852271358, -10.446287420697383 ], [ -65.148205851227573, -10.446287420697383 ], [ -65.148205851227573, -10.446037421428333 ], [ -65.148705850183774, -10.446037421428333 ], [ -65.148705850183774, -10.445787422159281 ], [ -65.148205851227573, -10.445787422159281 ], [ -65.148205851227573, -10.445537422890229 ], [ -65.147705852271358, -10.445537422890229 ] ] ] } },
{ "type": "Feature", "properties": { "DN": 1 }, "geometry": { "type": "Polygon", "coordinates": [ [ [ -65.250705637250093, -10.517787211645922 ], [ -65.250705637250093, -10.518287210184024 ], [ -65.250455637771992, -10.518287210184024 ], [ -65.250455637771992, -10.518537209453076 ], [ -65.250705637250093, -10.518537209453076 ], [ -65.250705637250093, -10.518787208722125 ], [ -65.250955636728193, -10.518787208722125 ], [ -65.250955636728193, -10.517787211645922 ], [ -65.250705637250093, -10.517787211645922 ] ] ] } },
{ "type": "Feature", "properties": { "DN": 1 }, "geometry": { "type": "Polygon", "coordinates": [ [ [ -65.250955636728193, -10.517287213107821 ], [ -65.250955636728193, -10.517787211645922 ], [ -65.251205636206308, -10.517787211645922 ], [ -65.251205636206308, -10.517287213107821 ], [ -65.250955636728193, -10.517287213107821 ] ] ] } },
{ "type": "Feature", "properties": { "DN": 1 }, "geometry": { "type": "Polygon", "coordinates": [ [ [ -65.259455618983722, -10.503787252579075 ], [ -65.259455618983722, -10.504037251848127 ], [ -65.259705618461822, -10.504037251848127 ], [ -65.259705618461822, -10.503787252579075 ], [ -65.259455618983722, -10.503787252579075 ] ] ] } },
{ "type": "Feature", "properties": { "DN": 1 }, "geometry": { "type": "Polygon", "coordinates": [ [ [ -65.266205604892519, -10.503287254040973 ], [ -65.266205604892519, -10.503537253310025 ], [ -65.266455604370634, -10.503537253310025 ], [ -65.266455604370634, -10.503287254040973 ], [ -65.266205604892519, -10.503287254040973 ] ] ] } },
{ "type": "Feature", "properties": { "DN": 1 }, "geometry": { "type": "Polygon", "coordinates": [ [ [ -65.261705614286655, -10.492037286933686 ], [ -65.261705614286655, -10.492287286202737 ], [ -65.261955613764755, -10.492287286202737 ], [ -65.261955613764755, -10.492037286933686 ], [ -65.261705614286655, -10.492037286933686 ] ] ] } },
{ "type": "Feature", "properties": { "DN": 1 }, "geometry": { "type": "Polygon", "coordinates": [ [ [ -65.256705624724589, -10.482787313978806 ], [ -65.256705624724589, -10.483287312516907 ], [ -65.257705622637005, -10.483287312516907 ], [ -65.257705622637005, -10.482787313978806 ], [ -65.256705624724589, -10.482787313978806 ] ] ] } },
{ "type": "Feature", "properties": { "DN": 1 }, "geometry": { "type": "Polygon", "coordinates": [ [ [ -65.25720562368079, -10.451787404616502 ], [ -65.256955624202689, -10.451787404616502 ], [ -65.256955624202689, -10.45153740534745 ], [ -65.256455625246474, -10.45153740534745 ], [ -65.256455625246474, -10.451787404616502 ], [ -65.256205625768374, -10.451787404616502 ], [ -65.256205625768374, -10.452037403885551 ], [ -65.255955626290273, -10.452037403885551 ], [ -65.255955626290273, -10.452537402423653 ], [ -65.256205625768374, -10.452537402423653 ], [ -65.256205625768374, -10.452787401692705 ], [ -65.258205621593206, -10.452787401692705 ], [ -65.258205621593206, -10.452537402423653 ], [ -65.258955620027521, -10.452537402423653 ], [ -65.258955620027521, -10.452787401692705 ], [ -65.259455618983722, -10.452787401692705 ], [ -65.259455618983722, -10.453037400961755 ], [ -65.260205617418038, -10.453037400961755 ], [ -65.260205617418038, -10.452287403154603 ], [ -65.259705618461822, -10.452287403154603 ], [ -65.259705618461822, -10.452037403885551 ], [ -65.258955620027521, -10.452037403885551 ], [ -65.258955620027521, -10.451787404616502 ], [ -65.258705620549406, -10.451787404616502 ], [ -65.258705620549406, -10.451619893429786 ], [ -65.257565861315456, -10.451559592533842 ], [ -65.25720562368079, -10.451540522931149 ], [ -65.25720562368079, -10.451787404616502 ] ] ] } },
{ "type": "Feature", "properties": { "DN": 1 }, "geometry": { "type": "Polygon", "coordinates": [ [ [ -65.213455715012643, -10.450287409002197 ], [ -65.214455712925059, -10.450287409002197 ], [ -65.214455712925059, -10.450163075761468 ], [ -65.213455715012643, -10.450080071915872 ], [ -65.213455715012643, -10.450287409002197 ] ] ] } },
{ "type": "Feature", "properties": { "DN": 1 }, "geometry": { "type": "Polygon", "coordinates": [ [ [ -65.247205644556644, -10.454287397307009 ], [ -65.247205644556644, -10.454537396576061 ], [ -65.247705643512845, -10.454537396576061 ], [ -65.247705643512845, -10.454287397307009 ], [ -65.247205644556644, -10.454287397307009 ] ] ] } },
{ "type": "Feature", "properties": { "DN": 1 }, "geometry": { "type": "Polygon", "coordinates": [ [ [ -65.217455706662292, -10.450287409002197 ], [ -65.217205707184192, -10.450287409002197 ], [ -65.217205707184192, -10.451037406809348 ], [ -65.216955707706092, -10.451037406809348 ], [ -65.216955707706092, -10.450537408271247 ], [ -65.213205715534542, -10.450537408271247 ], [ -65.213205715534542, -10.451037406809348 ], [ -65.213455715012643, -10.451037406809348 ], [ -65.213455715012643, -10.4512874060784 ], [ -65.214205713446958, -10.4512874060784 ], [ -65.214205713446958, -10.45153740534745 ], [ -65.214455712925059, -10.45153740534745 ], [ -65.214455712925059, -10.451787404616502 ], [ -65.214705712403159, -10.451787404616502 ], [ -65.214705712403159, -10.452037403885551 ], [ -65.21495571188126, -10.452037403885551 ], [ -65.21495571188126, -10.452287403154603 ], [ -65.21520571135936, -10.452287403154603 ], [ -65.21520571135936, -10.452537402423653 ], [ -65.215705710315575, -10.452537402423653 ], [ -65.215705710315575, -10.453287400230806 ], [ -65.215455710837475, -10.453287400230806 ], [ -65.215455710837475, -10.453537399499858 ], [ -65.215705710315575, -10.453537399499858 ], [ -65.215705710315575, -10.454037398037958 ], [ -65.216205709271776, -10.454037398037958 ], [ -65.216205709271776, -10.454287397307009 ], [ -65.216955707706092, -10.454287397307009 ], [ -65.216955707706092, -10.454537396576061 ], [ -65.217705706140407, -10.454537396576061 ], [ -65.217705706140407, -10.454787395845111 ], [ -65.218455704574708, -10.454787395845111 ], [ -65.218455704574708, -10.455037395114163 ], [ -65.218705704052823, -10.455037395114163 ], [ -65.218705704052823, -10.455287394383213 ], [ -65.219455702487124, -10.455287394383213 ], [ -65.219455702487124, -10.455037395114163 ], [ -65.219705701965239, -10.455037395114163 ], [ -65.219705701965239, -10.454787395845111 ], [ -65.21995570144334, -10.454787395845111 ], [ -65.21995570144334, -10.453787398768908 ], [ -65.22020570092144, -10.453787398768908 ], [ -65.22020570092144, -10.454287397307009 ], [ -65.220955699355756, -10.454287397307009 ], [ -65.220955699355756, -10.454537396576061 ], [ -65.22020570092144, -10.454537396576061 ], [ -65.22020570092144, -10.455787392921314 ], [ -65.21995570144334, -10.455787392921314 ], [ -65.21995570144334, -10.457287388535619 ], [ -65.22020570092144, -10.457287388535619 ], [ -65.22020570092144, -10.45753738780467 ], [ -65.221455698311956, -10.45753738780467 ], [ -65.221455698311956, -10.457787387073722 ], [ -65.221705697790057, -10.457787387073722 ], [ -65.221705697790057, -10.458037386342772 ], [ -65.222205696746272, -10.458037386342772 ], [ -65.222205696746272, -10.457787387073722 ], [ -65.222455696224372, -10.457787387073722 ], [ -65.222455696224372, -10.45753738780467 ], [ -65.222705695702473, -10.45753738780467 ], [ -65.222705695702473, -10.457037389266569 ], [ -65.222955695180588, -10.457037389266569 ], [ -65.222955695180588, -10.456287391459416 ], [ -65.223205694658688, -10.456287391459416 ], [ -65.223205694658688, -10.456037392190366 ], [ -65.223455694136788, -10.456037392190366 ], [ -65.223455694136788, -10.455287394383213 ], [ -65.223205694658688, -10.455287394383213 ], [ -65.223205694658688, -10.454037398037958 ], [ -65.222955695180588, -10.454037398037958 ], [ -65.222955695180588, -10.453287400230806 ], [ -65.221955697268172, -10.453287400230806 ], [ -65.221955697268172, -10.453037400961755 ], [ -65.221205698833856, -10.453037400961755 ], [ -65.221205698833856, -10.452787401692705 ], [ -65.221455698311956, -10.452787401692705 ], [ -65.221455698311956, -10.451787404616502 ], [ -65.221955697268172, -10.451787404616502 ], [ -65.221955697268172, -10.45153740534745 ], [ -65.222705695702473, -10.45153740534745 ], [ -65.222705695702473, -10.450287409002197 ], [ -65.222955695180588, -10.450287409002197 ], [ -65.222955695180588, -10.450037409733145 ], [ -65.222705695702473, -10.450037409733145 ], [ -65.222705695702473, -10.449787410464094 ], [ -65.221705697790057, -10.449787410464094 ], [ -65.221705697790057, -10.449659761902373 ], [ -65.221531302432709, -10.449650515002396 ], [ -65.221205698833856, -10.449664214351778 ], [ -65.221205698833856, -10.449787410464094 ], [ -65.22045570039954, -10.449787410464094 ], [ -65.22045570039954, -10.450037409733145 ], [ -65.220705699877641, -10.450037409733145 ], [ -65.220705699877641, -10.450287409002197 ], [ -65.221955697268172, -10.450287409002197 ], [ -65.221955697268172, -10.450787407540298 ], [ -65.221705697790057, -10.450787407540298 ], [ -65.221705697790057, -10.451037406809348 ], [ -65.221205698833856, -10.451037406809348 ], [ -65.221205698833856, -10.4512874060784 ], [ -65.220955699355756, -10.4512874060784 ], [ -65.220955699355756, -10.45153740534745 ], [ -65.220705699877641, -10.45153740534745 ], [ -65.220705699877641, -10.452537402423653 ], [ -65.22045570039954, -10.452537402423653 ], [ -65.22045570039954, -10.453037400961755 ], [ -65.219705701965239, -10.453037400961755 ], [ -65.219705701965239, -10.453287400230806 ], [ -65.219205703009024, -10.453287400230806 ], [ -65.219205703009024, -10.454287397307009 ], [ -65.218955703530924, -10.454287397307009 ], [ -65.218955703530924, -10.453787398768908 ], [ -65.218705704052823, -10.453787398768908 ], [ -65.218705704052823, -10.454037398037958 ], [ -65.218205705096608, -10.454037398037958 ], [ -65.218205705096608, -10.453787398768908 ], [ -65.217205707184192, -10.453787398768908 ], [ -65.217205707184192, -10.453537399499858 ], [ -65.216705708227991, -10.453537399499858 ], [ -65.216705708227991, -10.453287400230806 ], [ -65.216455708749891, -10.453287400230806 ], [ -65.216455708749891, -10.452537402423653 ], [ -65.216705708227991, -10.452537402423653 ], [ -65.216705708227991, -10.452287403154603 ], [ -65.216455708749891, -10.452287403154603 ], [ -65.216455708749891, -10.452037403885551 ], [ -65.216205709271776, -10.452037403885551 ], [ -65.216205709271776, -10.451787404616502 ], [ -65.215455710837475, -10.451787404616502 ], [ -65.215455710837475, -10.45153740534745 ], [ -65.21520571135936, -10.45153740534745 ], [ -65.21520571135936, -10.4512874060784 ], [ -65.216455708749891, -10.4512874060784 ], [ -65.216455708749891, -10.45153740534745 ], [ -65.216705708227991, -10.45153740534745 ], [ -65.216705708227991, -10.451787404616502 ], [ -65.217455706662292, -10.451787404616502 ], [ -65.217455706662292, -10.45153740534745 ], [ -65.217705706140407, -10.45153740534745 ], [ -65.217705706140407, -10.4512874060784 ], [ -65.217955705618508, -10.4512874060784 ], [ -65.217955705618508, -10.450787407540298 ], [ -65.218205705096608, -10.450787407540298 ], [ -65.218205705096608, -10.450537408271247 ], [ -65.218455704574708, -10.450537408271247 ], [ -65.218455704574708, -10.450787407540298 ], [ -65.218705704052823, -10.450787407540298 ], [ -65.218705704052823, -10.450287409002197 ], [ -65.218955703530924, -10.450287409002197 ], [ -65.218955703530924, -10.450037409733145 ], [ -65.219205703009024, -10.450037409733145 ], [ -65.219205703009024, -10.450287409002197 ], [ -65.219455702487124, -10.450287409002197 ], [ -65.219455702487124, -10.450037409733145 ], [ -65.22020570092144, -10.450037409733145 ], [ -65.22020570092144, -10.449787410464094 ], [ -65.218455704574708, -10.449787410464094 ], [ -65.218455704574708, -10.450037409733145 ], [ -65.218205705096608, -10.450037409733145 ], [ -65.218205705096608, -10.449790435199736 ], [ -65.217672164527656, -10.44981288322761 ], [ -65.217455706662292, -10.44988263736083 ], [ -65.217455706662292, -10.450287409002197 ] ] ] } },
{ "type": "Feature", "properties": { "DN": 1 }, "geometry": { "type": "Polygon", "coordinates": [ [ [ -65.246955645078543, -10.452787401692705 ], [ -65.246955645078543, -10.453037400961755 ], [ -65.247205644556644, -10.453037400961755 ], [ -65.247205644556644, -10.452787401692705 ], [ -65.246955645078543, -10.452787401692705 ] ] ] } },
{ "type": "Feature", "properties": { "DN": 1 }, "geometry": { "type": "Polygon", "coordinates": [ [ [ -65.245205648731812, -10.451037406809348 ], [ -65.245455648209912, -10.451037406809348 ], [ -65.245455648209912, -10.4509184386293 ], [ -65.245205648731812, -10.450905197376605 ], [ -65.245205648731812, -10.451037406809348 ] ] ] } },
{ "type": "Feature", "properties": { "DN": 1 }, "geometry": { "type": "Polygon", "coordinates": [ [ [ -65.235455669085766, -10.450537408271247 ], [ -65.235705668563867, -10.450537408271247 ], [ -65.235705668563867, -10.450401921985554 ], [ -65.235455669085766, -10.450388673496734 ], [ -65.235455669085766, -10.450537408271247 ] ] ] } },
{ "type": "Feature", "properties": { "DN": 1 }, "geometry": { "type": "Polygon", "coordinates": [ [ [ -65.233705672739035, -10.450537408271247 ], [ -65.234705670651451, -10.450537408271247 ], [ -65.234705670651451, -10.450348928030275 ], [ -65.233705672739035, -10.450295934074996 ], [ -65.233705672739035, -10.450537408271247 ] ] ] } },
{ "type": "Feature", "properties": { "DN": 1 }, "geometry": { "type": "Polygon", "coordinates": [ [ [ -65.216705708227991, -10.450287409002197 ], [ -65.217205707184192, -10.450287409002197 ], [ -65.217205707184192, -10.450037409733145 ], [ -65.216975424049878, -10.450037409733145 ], [ -65.216705708227991, -10.450124326387064 ], [ -65.216705708227991, -10.450287409002197 ] ] ] } },
{ "type": "Feature", "properties": { "DN": 1 }, "geometry": { "type": "Polygon", "coordinates": [ [ [ -65.230455679523686, -10.450287409002197 ], [ -65.231205677958002, -10.450287409002197 ], [ -65.231205677958002, -10.4501634491868 ], [ -65.230455679523686, -10.45012370372034 ], [ -65.230455679523686, -10.450287409002197 ] ] ] } },
{ "type": "Feature", "properties": { "DN": 1 }, "geometry": { "type": "Polygon", "coordinates": [ [ [ -65.228705683176969, -10.450037409733145 ], [ -65.228705683176969, -10.450287409002197 ], [ -65.228955682655069, -10.450287409002197 ], [ -65.228955682655069, -10.450044175145351 ], [ -65.228828087841421, -10.450037409733145 ], [ -65.228705683176969, -10.450037409733145 ] ] ] } },
{ "type": "Feature", "properties": { "DN": 1 }, "geometry": { "type": "Polygon", "coordinates": [ [ [ -65.277955580363397, -10.54678712685582 ], [ -65.277955580363397, -10.547287125393922 ], [ -65.278455579319612, -10.547287125393922 ], [ -65.278455579319612, -10.547787123932023 ], [ -65.278955578275813, -10.547787123932023 ], [ -65.278955578275813, -10.547537124662972 ], [ -65.278705578797712, -10.547537124662972 ], [ -65.278705578797712, -10.54678712685582 ], [ -65.277955580363397, -10.54678712685582 ] ] ] } },
{ "type": "Feature", "properties": { "DN": 1 }, "geometry": { "type": "Polygon", "coordinates": [ [ [ -65.274455587669948, -10.54703712612487 ], [ -65.274455587669948, -10.547287125393922 ], [ -65.274705587148048, -10.547287125393922 ], [ -65.274705587148048, -10.54703712612487 ], [ -65.274455587669948, -10.54703712612487 ] ] ] } },
{ "type": "Feature", "properties": { "DN": 1 }, "geometry": { "type": "Polygon", "coordinates": [ [ [ -65.287705560009442, -10.546287128317719 ], [ -65.287705560009442, -10.546537127586769 ], [ -65.287205561053241, -10.546537127586769 ], [ -65.287205561053241, -10.54678712685582 ], [ -65.286955561575127, -10.54678712685582 ], [ -65.286955561575127, -10.547787123932023 ], [ -65.288455558443758, -10.547787123932023 ], [ -65.288455558443758, -10.546287128317719 ], [ -65.287705560009442, -10.546287128317719 ] ] ] } },
{ "type": "Feature", "properties": { "DN": 1 }, "geometry": { "type": "Polygon", "coordinates": [ [ [ -65.27670558297288, -10.54678712685582 ], [ -65.27670558297288, -10.547287125393922 ], [ -65.276955582450981, -10.547287125393922 ], [ -65.276955582450981, -10.54678712685582 ], [ -65.27670558297288, -10.54678712685582 ] ] ] } },
{ "type": "Feature", "properties": { "DN": 1 }, "geometry": { "type": "Polygon", "coordinates": [ [ [ -65.275955584538565, -10.54678712685582 ], [ -65.275955584538565, -10.54703712612487 ], [ -65.276205584016679, -10.54703712612487 ], [ -65.276205584016679, -10.54678712685582 ], [ -65.275955584538565, -10.54678712685582 ] ] ] } },
{ "type": "Feature", "properties": { "DN": 1 }, "geometry": { "type": "Polygon", "coordinates": [ [ [ -65.273705589235632, -10.546537127586769 ], [ -65.273705589235632, -10.54678712685582 ], [ -65.274205588191847, -10.54678712685582 ], [ -65.274205588191847, -10.546537127586769 ], [ -65.273705589235632, -10.546537127586769 ] ] ] } },
{ "type": "Feature", "properties": { "DN": 1 }, "geometry": { "type": "Polygon", "coordinates": [ [ [ -65.275455585582364, -10.546537127586769 ], [ -65.275455585582364, -10.54678712685582 ], [ -65.275705585060464, -10.54678712685582 ], [ -65.275705585060464, -10.546537127586769 ], [ -65.275455585582364, -10.546537127586769 ] ] ] } },
{ "type": "Feature", "properties": { "DN": 1 }, "geometry": { "type": "Polygon", "coordinates": [ [ [ -65.278955578275813, -10.546037129048667 ], [ -65.278955578275813, -10.546287128317719 ], [ -65.279205577753913, -10.546287128317719 ], [ -65.279205577753913, -10.546037129048667 ], [ -65.278955578275813, -10.546037129048667 ] ] ] } },
{ "type": "Feature", "properties": { "DN": 1 }, "geometry": { "type": "Polygon", "coordinates": [ [ [ -65.27645558349478, -10.546037129048667 ], [ -65.27645558349478, -10.546287128317719 ], [ -65.27670558297288, -10.546287128317719 ], [ -65.27670558297288, -10.546037129048667 ], [ -65.27645558349478, -10.546037129048667 ] ] ] } },
{ "type": "Feature", "properties": { "DN": 1 }, "geometry": { "type": "Polygon", "coordinates": [ [ [ -65.275455585582364, -10.545287131241516 ], [ -65.275455585582364, -10.546287128317719 ], [ -65.275705585060464, -10.546287128317719 ], [ -65.275705585060464, -10.545787129779617 ], [ -65.275955584538565, -10.545787129779617 ], [ -65.275955584538565, -10.545287131241516 ], [ -65.275455585582364, -10.545287131241516 ] ] ] } },
{ "type": "Feature", "properties": { "DN": 1 }, "geometry": { "type": "Polygon", "coordinates": [ [ [ -65.2717055934108, -10.544537133434362 ], [ -65.2717055934108, -10.544787132703412 ], [ -65.272455591845116, -10.544787132703412 ], [ -65.272455591845116, -10.544537133434362 ], [ -65.2717055934108, -10.544537133434362 ] ] ] } },
{ "type": "Feature", "properties": { "DN": 1 }, "geometry": { "type": "Polygon", "coordinates": [ [ [ -65.272955590801331, -10.543787135627209 ], [ -65.272955590801331, -10.544037134896261 ], [ -65.273455589757532, -10.544037134896261 ], [ -65.273455589757532, -10.543787135627209 ], [ -65.272955590801331, -10.543787135627209 ] ] ] } },
{ "type": "Feature", "properties": { "DN": 1 }, "geometry": { "type": "Polygon", "coordinates": [ [ [ -65.274205588191847, -10.543537136358159 ], [ -65.274205588191847, -10.544037134896261 ], [ -65.274455587669948, -10.544037134896261 ], [ -65.274455587669948, -10.543537136358159 ], [ -65.274205588191847, -10.543537136358159 ] ] ] } },
{ "type": "Feature", "properties": { "DN": 1 }, "geometry": { "type": "Polygon", "coordinates": [ [ [ -65.271955592888915, -10.543287137089107 ], [ -65.271955592888915, -10.543787135627209 ], [ -65.272205592367015, -10.543787135627209 ], [ -65.272205592367015, -10.543287137089107 ], [ -65.271955592888915, -10.543287137089107 ] ] ] } },
{ "type": "Feature", "properties": { "DN": 1 }, "geometry": { "type": "Polygon", "coordinates": [ [ [ -65.275455585582364, -10.543037137820058 ], [ -65.275455585582364, -10.543787135627209 ], [ -65.275705585060464, -10.543787135627209 ], [ -65.275705585060464, -10.544037134896261 ], [ -65.275955584538565, -10.544037134896261 ], [ -65.275955584538565, -10.544287134165312 ], [ -65.27670558297288, -10.544287134165312 ], [ -65.27670558297288, -10.543787135627209 ], [ -65.276955582450981, -10.543787135627209 ], [ -65.276955582450981, -10.543537136358159 ], [ -65.27670558297288, -10.543537136358159 ], [ -65.27670558297288, -10.542787138551006 ], [ -65.27645558349478, -10.542787138551006 ], [ -65.27645558349478, -10.542537139281956 ], [ -65.276205584016679, -10.542537139281956 ], [ -65.276205584016679, -10.541537142205753 ], [ -65.275955584538565, -10.541537142205753 ], [ -65.275955584538565, -10.541287142936701 ], [ -65.275455585582364, -10.541287142936701 ], [ -65.275455585582364, -10.542037140743854 ], [ -65.275205586104263, -10.542037140743854 ], [ -65.275205586104263, -10.542537139281956 ], [ -65.275455585582364, -10.542537139281956 ], [ -65.275455585582364, -10.542787138551006 ], [ -65.275705585060464, -10.542787138551006 ], [ -65.275705585060464, -10.543037137820058 ], [ -65.275455585582364, -10.543037137820058 ] ], [ [ -65.276205584016679, -10.543037137820058 ], [ -65.276205584016679, -10.543287137089107 ], [ -65.275705585060464, -10.543287137089107 ], [ -65.275705585060464, -10.543037137820058 ], [ -65.276205584016679, -10.543037137820058 ] ] ] } },
{ "type": "Feature", "properties": { "DN": 1 }, "geometry": { "type": "Polygon", "coordinates": [ [ [ -65.273455589757532, -10.542287140012904 ], [ -65.273455589757532, -10.542787138551006 ], [ -65.273705589235632, -10.542787138551006 ], [ -65.273705589235632, -10.543037137820058 ], [ -65.273955588713733, -10.543037137820058 ], [ -65.273955588713733, -10.542287140012904 ], [ -65.273455589757532, -10.542287140012904 ] ] ] } },
{ "type": "Feature", "properties": { "DN": 1 }, "geometry": { "type": "Polygon", "coordinates": [ [ [ -65.27645558349478, -10.542037140743854 ], [ -65.27645558349478, -10.542537139281956 ], [ -65.27670558297288, -10.542537139281956 ], [ -65.27670558297288, -10.542787138551006 ], [ -65.276955582450981, -10.542787138551006 ], [ -65.276955582450981, -10.542037140743854 ], [ -65.27645558349478, -10.542037140743854 ] ] ] } },
{ "type": "Feature", "properties": { "DN": 1 }, "geometry": { "type": "Polygon", "coordinates": [ [ [ -65.273955588713733, -10.541537142205753 ], [ -65.273955588713733, -10.542037140743854 ], [ -65.274455587669948, -10.542037140743854 ], [ -65.274455587669948, -10.541537142205753 ], [ -65.273955588713733, -10.541537142205753 ] ] ] } },
{ "type": "Feature", "properties": { "DN": 1 }, "geometry": { "type": "Polygon", "coordinates": [ [ [ -65.289205556878059, -10.539787147322397 ], [ -65.289327341361215, -10.539787147322397 ], [ -65.289435559817775, -10.53778715316999 ], [ -65.289205556878059, -10.53778715316999 ], [ -65.289205556878059, -10.53803715243904 ], [ -65.288455558443758, -10.53803715243904 ], [ -65.288455558443758, -10.538287151708092 ], [ -65.288205558965657, -10.538287151708092 ], [ -65.288205558965657, -10.538537150977142 ], [ -65.288955557399959, -10.538537150977142 ], [ -65.288955557399959, -10.539787147322397 ], [ -65.288705557921858, -10.539787147322397 ], [ -65.288705557921858, -10.541287142936701 ], [ -65.288455558443758, -10.541287142936701 ], [ -65.288455558443758, -10.541537142205753 ], [ -65.288205558965657, -10.541537142205753 ], [ -65.288205558965657, -10.542287140012904 ], [ -65.288455558443758, -10.542287140012904 ], [ -65.288455558443758, -10.543037137820058 ], [ -65.288705557921858, -10.543037137820058 ], [ -65.288705557921858, -10.543287137089107 ], [ -65.289137959157671, -10.543287137089107 ], [ -65.289139626533, -10.543256320425133 ], [ -65.289205556878059, -10.542037856322368 ], [ -65.289205556878059, -10.539787147322397 ] ] ] } },
{ "type": "Feature", "properties": { "DN": 1 }, "geometry": { "type": "Polygon", "coordinates": [ [ [ -65.289455556356174, -10.533537165596126 ], [ -65.289455556356174, -10.533287166327074 ], [ -65.288705557921858, -10.533287166327074 ], [ -65.288705557921858, -10.533537165596126 ], [ -65.288205558965657, -10.533537165596126 ], [ -65.288205558965657, -10.533787164865176 ], [ -65.287455560531342, -10.533787164865176 ], [ -65.287455560531342, -10.534037164134228 ], [ -65.287205561053241, -10.534037164134228 ], [ -65.287205561053241, -10.533787164865176 ], [ -65.286955561575127, -10.533787164865176 ], [ -65.286955561575127, -10.533287166327074 ], [ -65.286705562097026, -10.533287166327074 ], [ -65.286705562097026, -10.532787167788973 ], [ -65.286455562618926, -10.532787167788973 ], [ -65.286455562618926, -10.533037167058023 ], [ -65.286205563140825, -10.533037167058023 ], [ -65.286205563140825, -10.532537168519923 ], [ -65.285955563662711, -10.532537168519923 ], [ -65.285955563662711, -10.53178717071277 ], [ -65.28570556418461, -10.53178717071277 ], [ -65.28570556418461, -10.531537171443718 ], [ -65.284705566272194, -10.531537171443718 ], [ -65.284705566272194, -10.53178717071277 ], [ -65.284455566794094, -10.53178717071277 ], [ -65.284455566794094, -10.531537171443718 ], [ -65.284205567315993, -10.531537171443718 ], [ -65.284205567315993, -10.53178717071277 ], [ -65.283705568359778, -10.53178717071277 ], [ -65.283705568359778, -10.531537171443718 ], [ -65.283455568881678, -10.531537171443718 ], [ -65.283455568881678, -10.531287172174668 ], [ -65.282705570447376, -10.531287172174668 ], [ -65.282705570447376, -10.531037172905616 ], [ -65.28170557253496, -10.531037172905616 ], [ -65.28170557253496, -10.531287172174668 ], [ -65.281455573056846, -10.531287172174668 ], [ -65.281455573056846, -10.531537171443718 ], [ -65.281205573578745, -10.531537171443718 ], [ -65.281205573578745, -10.53203716998182 ], [ -65.280705574622544, -10.53203716998182 ], [ -65.280705574622544, -10.532287169250871 ], [ -65.280205575666329, -10.532287169250871 ], [ -65.280205575666329, -10.532537168519923 ], [ -65.279955576188229, -10.532537168519923 ], [ -65.279955576188229, -10.533537165596126 ], [ -65.280205575666329, -10.533537165596126 ], [ -65.280205575666329, -10.534037164134228 ], [ -65.279955576188229, -10.534037164134228 ], [ -65.279955576188229, -10.534287163403278 ], [ -65.279455577232028, -10.534287163403278 ], [ -65.279455577232028, -10.534537162672329 ], [ -65.278705578797712, -10.534537162672329 ], [ -65.278705578797712, -10.534787161941379 ], [ -65.278205579841497, -10.534787161941379 ], [ -65.278205579841497, -10.534537162672329 ], [ -65.277955580363397, -10.534537162672329 ], [ -65.277955580363397, -10.534787161941379 ], [ -65.277705580885296, -10.534787161941379 ], [ -65.277705580885296, -10.535037161210431 ], [ -65.277205581929081, -10.535037161210431 ], [ -65.277205581929081, -10.535287160479481 ], [ -65.276955582450981, -10.535287160479481 ], [ -65.276955582450981, -10.535787159017582 ], [ -65.27670558297288, -10.535787159017582 ], [ -65.27670558297288, -10.536287157555684 ], [ -65.276955582450981, -10.536287157555684 ], [ -65.276955582450981, -10.536787156093787 ], [ -65.277205581929081, -10.536787156093787 ], [ -65.277205581929081, -10.537287154631889 ], [ -65.277705580885296, -10.537287154631889 ], [ -65.277705580885296, -10.537037155362837 ], [ -65.277955580363397, -10.537037155362837 ], [ -65.277955580363397, -10.53778715316999 ], [ -65.277705580885296, -10.53778715316999 ], [ -65.277705580885296, -10.53803715243904 ], [ -65.277205581929081, -10.53803715243904 ], [ -65.277205581929081, -10.53778715316999 ], [ -65.276955582450981, -10.53778715316999 ], [ -65.276955582450981, -10.537537153900939 ], [ -65.275955584538565, -10.537537153900939 ], [ -65.275955584538565, -10.53778715316999 ], [ -65.275705585060464, -10.53778715316999 ], [ -65.275705585060464, -10.538537150977142 ], [ -65.276205584016679, -10.538537150977142 ], [ -65.276205584016679, -10.538787150246193 ], [ -65.275455585582364, -10.538787150246193 ], [ -65.275455585582364, -10.539287148784295 ], [ -65.275205586104263, -10.539287148784295 ], [ -65.275205586104263, -10.539537148053345 ], [ -65.273955588713733, -10.539537148053345 ], [ -65.273955588713733, -10.540037146591446 ], [ -65.273705589235632, -10.540037146591446 ], [ -65.273705589235632, -10.539537148053345 ], [ -65.273205590279431, -10.539537148053345 ], [ -65.273205590279431, -10.539787147322397 ], [ -65.272205592367015, -10.539787147322397 ], [ -65.272205592367015, -10.540037146591446 ], [ -65.271955592888915, -10.540037146591446 ], [ -65.271955592888915, -10.540287145860498 ], [ -65.270955594976499, -10.540287145860498 ], [ -65.270955594976499, -10.540037146591446 ], [ -65.270205596542183, -10.540037146591446 ], [ -65.270205596542183, -10.540537145129548 ], [ -65.269705597585983, -10.540537145129548 ], [ -65.269705597585983, -10.541287142936701 ], [ -65.269455598107868, -10.541287142936701 ], [ -65.269455598107868, -10.541537142205753 ], [ -65.268955599151667, -10.541537142205753 ], [ -65.268955599151667, -10.541287142936701 ], [ -65.268705599673567, -10.541287142936701 ], [ -65.268705599673567, -10.541037143667651 ], [ -65.268455600195452, -10.541037143667651 ], [ -65.268455600195452, -10.540037146591446 ], [ -65.268205600717351, -10.540037146591446 ], [ -65.268205600717351, -10.539787147322397 ], [ -65.267955601239251, -10.539787147322397 ], [ -65.267955601239251, -10.539537148053345 ], [ -65.267455602283036, -10.539537148053345 ], [ -65.267455602283036, -10.539787147322397 ], [ -65.267205602804935, -10.539787147322397 ], [ -65.267205602804935, -10.540037146591446 ], [ -65.266955603326835, -10.540037146591446 ], [ -65.266955603326835, -10.541037143667651 ], [ -65.267205602804935, -10.541037143667651 ], [ -65.267205602804935, -10.541287142936701 ], [ -65.267455602283036, -10.541287142936701 ], [ -65.267455602283036, -10.542037140743854 ], [ -65.267205602804935, -10.542037140743854 ], [ -65.267205602804935, -10.542287140012904 ], [ -65.267705601761151, -10.542287140012904 ], [ -65.267705601761151, -10.542787138551006 ], [ -65.267205602804935, -10.542787138551006 ], [ -65.267205602804935, -10.543037137820058 ], [ -65.266705603848735, -10.543037137820058 ], [ -65.266705603848735, -10.543287137089107 ], [ -65.266455604370634, -10.543287137089107 ], [ -65.266455604370634, -10.544787132703412 ], [ -65.266955603326835, -10.544787132703412 ], [ -65.266955603326835, -10.545287131241516 ], [ -65.267205602804935, -10.545287131241516 ], [ -65.267205602804935, -10.544787132703412 ], [ -65.267705601761151, -10.544787132703412 ], [ -65.267705601761151, -10.545537130510565 ], [ -65.267955601239251, -10.545537130510565 ], [ -65.267955601239251, -10.545787129779617 ], [ -65.268205600717351, -10.545787129779617 ], [ -65.268205600717351, -10.545537130510565 ], [ -65.268955599151667, -10.545537130510565 ], [ -65.268955599151667, -10.546037129048667 ], [ -65.269705597585983, -10.546037129048667 ], [ -65.269705597585983, -10.546287128317719 ], [ -65.269455598107868, -10.546287128317719 ], [ -65.269455598107868, -10.546537127586769 ], [ -65.269205598629767, -10.546537127586769 ], [ -65.269205598629767, -10.54678712685582 ], [ -65.269705597585983, -10.54678712685582 ], [ -65.269705597585983, -10.548287122470125 ], [ -65.270455596020284, -10.548287122470125 ], [ -65.270455596020284, -10.548537121739177 ], [ -65.270705595498384, -10.548537121739177 ], [ -65.270705595498384, -10.549287119546328 ], [ -65.271205594454599, -10.549287119546328 ], [ -65.271205594454599, -10.548787121008226 ], [ -65.270955594976499, -10.548787121008226 ], [ -65.270955594976499, -10.547787123932023 ], [ -65.272205592367015, -10.547787123932023 ], [ -65.272205592367015, -10.548037123201073 ], [ -65.272955590801331, -10.548037123201073 ], [ -65.272955590801331, -10.548287122470125 ], [ -65.273205590279431, -10.548287122470125 ], [ -65.273205590279431, -10.547787123932023 ], [ -65.272955590801331, -10.547787123932023 ], [ -65.272955590801331, -10.547287125393922 ], [ -65.272705591323216, -10.547287125393922 ], [ -65.272705591323216, -10.547537124662972 ], [ -65.272455591845116, -10.547537124662972 ], [ -65.272455591845116, -10.547287125393922 ], [ -65.272205592367015, -10.547287125393922 ], [ -65.272205592367015, -10.546537127586769 ], [ -65.272455591845116, -10.546537127586769 ], [ -65.272455591845116, -10.546287128317719 ], [ -65.272705591323216, -10.546287128317719 ], [ -65.272705591323216, -10.546037129048667 ], [ -65.272955590801331, -10.546037129048667 ], [ -65.272955590801331, -10.546287128317719 ], [ -65.273205590279431, -10.546287128317719 ], [ -65.273205590279431, -10.54678712685582 ], [ -65.273455589757532, -10.54678712685582 ], [ -65.273455589757532, -10.546537127586769 ], [ -65.273705589235632, -10.546537127586769 ], [ -65.273705589235632, -10.546287128317719 ], [ -65.273955588713733, -10.546287128317719 ], [ -65.273955588713733, -10.546037129048667 ], [ -65.273705589235632, -10.546037129048667 ], [ -65.273705589235632, -10.545787129779617 ], [ -65.273955588713733, -10.545787129779617 ], [ -65.273955588713733, -10.545537130510565 ], [ -65.274205588191847, -10.545537130510565 ], [ -65.274205588191847, -10.545787129779617 ], [ -65.274705587148048, -10.545787129779617 ], [ -65.274705587148048, -10.545287131241516 ], [ -65.275205586104263, -10.545287131241516 ], [ -65.275205586104263, -10.544287134165312 ], [ -65.274705587148048, -10.544287134165312 ], [ -65.274705587148048, -10.544037134896261 ], [ -65.274455587669948, -10.544037134896261 ], [ -65.274455587669948, -10.544287134165312 ], [ -65.274205588191847, -10.544287134165312 ], [ -65.274205588191847, -10.545037131972464 ], [ -65.273955588713733, -10.545037131972464 ], [ -65.273955588713733, -10.544787132703412 ], [ -65.272955590801331, -10.544787132703412 ], [ -65.272955590801331, -10.545287131241516 ], [ -65.271955592888915, -10.545287131241516 ], [ -65.271955592888915, -10.545037131972464 ], [ -65.2717055934108, -10.545037131972464 ], [ -65.2717055934108, -10.544787132703412 ], [ -65.271205594454599, -10.544787132703412 ], [ -65.271205594454599, -10.545287131241516 ], [ -65.270455596020284, -10.545287131241516 ], [ -65.270455596020284, -10.544787132703412 ], [ -65.270205596542183, -10.544787132703412 ], [ -65.270205596542183, -10.544537133434362 ], [ -65.270955594976499, -10.544537133434362 ], [ -65.270955594976499, -10.544287134165312 ], [ -65.2717055934108, -10.544287134165312 ], [ -65.2717055934108, -10.544037134896261 ], [ -65.2714555939327, -10.544037134896261 ], [ -65.2714555939327, -10.543787135627209 ], [ -65.270955594976499, -10.543787135627209 ], [ -65.270955594976499, -10.543037137820058 ], [ -65.2714555939327, -10.543037137820058 ], [ -65.2714555939327, -10.542787138551006 ], [ -65.272205592367015, -10.542787138551006 ], [ -65.272205592367015, -10.543037137820058 ], [ -65.272705591323216, -10.543037137820058 ], [ -65.272705591323216, -10.542287140012904 ], [ -65.272205592367015, -10.542287140012904 ], [ -65.272205592367015, -10.541537142205753 ], [ -65.272705591323216, -10.541537142205753 ], [ -65.272705591323216, -10.541037143667651 ], [ -65.272955590801331, -10.541037143667651 ], [ -65.272955590801331, -10.5407871443986 ], [ -65.273705589235632, -10.5407871443986 ], [ -65.273705589235632, -10.540287145860498 ], [ -65.275455585582364, -10.540287145860498 ], [ -65.275455585582364, -10.5407871443986 ], [ -65.275955584538565, -10.5407871443986 ], [ -65.275955584538565, -10.541037143667651 ], [ -65.276205584016679, -10.541037143667651 ], [ -65.276205584016679, -10.541537142205753 ], [ -65.27670558297288, -10.541537142205753 ], [ -65.27670558297288, -10.541287142936701 ], [ -65.276955582450981, -10.541287142936701 ], [ -65.276955582450981, -10.5407871443986 ], [ -65.277205581929081, -10.5407871443986 ], [ -65.277205581929081, -10.541537142205753 ], [ -65.277955580363397, -10.541537142205753 ], [ -65.277955580363397, -10.542787138551006 ], [ -65.278205579841497, -10.542787138551006 ], [ -65.278205579841497, -10.543037137820058 ], [ -65.278455579319612, -10.543037137820058 ], [ -65.278455579319612, -10.542787138551006 ], [ -65.278705578797712, -10.542787138551006 ], [ -65.278705578797712, -10.541787141474803 ], [ -65.278205579841497, -10.541787141474803 ], [ -65.278205579841497, -10.541537142205753 ], [ -65.278455579319612, -10.541537142205753 ], [ -65.278455579319612, -10.541287142936701 ], [ -65.278955578275813, -10.541287142936701 ], [ -65.278955578275813, -10.542287140012904 ], [ -65.279205577753913, -10.542287140012904 ], [ -65.279205577753913, -10.543037137820058 ], [ -65.278955578275813, -10.543037137820058 ], [ -65.278955578275813, -10.543287137089107 ], [ -65.279205577753913, -10.543287137089107 ], [ -65.279205577753913, -10.543537136358159 ], [ -65.279455577232028, -10.543537136358159 ], [ -65.279455577232028, -10.543787135627209 ], [ -65.279205577753913, -10.543787135627209 ], [ -65.279205577753913, -10.544037134896261 ], [ -65.278955578275813, -10.544037134896261 ], [ -65.278955578275813, -10.544287134165312 ], [ -65.278705578797712, -10.544287134165312 ], [ -65.278705578797712, -10.543537136358159 ], [ -65.278205579841497, -10.543537136358159 ], [ -65.278205579841497, -10.544037134896261 ], [ -65.277705580885296, -10.544037134896261 ], [ -65.277705580885296, -10.544287134165312 ], [ -65.277205581929081, -10.544287134165312 ], [ -65.277205581929081, -10.544537133434362 ], [ -65.276955582450981, -10.544537133434362 ], [ -65.276955582450981, -10.545537130510565 ], [ -65.278455579319612, -10.545537130510565 ], [ -65.278455579319612, -10.546037129048667 ], [ -65.278955578275813, -10.546037129048667 ], [ -65.278955578275813, -10.545287131241516 ], [ -65.279205577753913, -10.545287131241516 ], [ -65.279205577753913, -10.545787129779617 ], [ -65.279955576188229, -10.545787129779617 ], [ -65.279955576188229, -10.546037129048667 ], [ -65.280705574622544, -10.546037129048667 ], [ -65.280705574622544, -10.546287128317719 ], [ -65.281205573578745, -10.546287128317719 ], [ -65.281205573578745, -10.545537130510565 ], [ -65.281455573056846, -10.545537130510565 ], [ -65.281455573056846, -10.546287128317719 ], [ -65.28170557253496, -10.546287128317719 ], [ -65.28170557253496, -10.546037129048667 ], [ -65.281955572013061, -10.546037129048667 ], [ -65.281955572013061, -10.545787129779617 ], [ -65.28170557253496, -10.545787129779617 ], [ -65.28170557253496, -10.545537130510565 ], [ -65.281955572013061, -10.545537130510565 ], [ -65.281955572013061, -10.544787132703412 ], [ -65.282205571491161, -10.544787132703412 ], [ -65.282205571491161, -10.544287134165312 ], [ -65.282705570447376, -10.544287134165312 ], [ -65.282705570447376, -10.544037134896261 ], [ -65.282955569925477, -10.544037134896261 ], [ -65.282955569925477, -10.544287134165312 ], [ -65.283205569403577, -10.544287134165312 ], [ -65.283205569403577, -10.544037134896261 ], [ -65.283455568881678, -10.544037134896261 ], [ -65.283455568881678, -10.544787132703412 ], [ -65.283205569403577, -10.544787132703412 ], [ -65.283205569403577, -10.545537130510565 ], [ -65.283455568881678, -10.545537130510565 ], [ -65.283455568881678, -10.545787129779617 ], [ -65.283205569403577, -10.545787129779617 ], [ -65.283205569403577, -10.546037129048667 ], [ -65.283455568881678, -10.546037129048667 ], [ -65.283455568881678, -10.546287128317719 ], [ -65.282955569925477, -10.546287128317719 ], [ -65.282955569925477, -10.546037129048667 ], [ -65.282455570969262, -10.546037129048667 ], [ -65.282455570969262, -10.546537127586769 ], [ -65.282205571491161, -10.546537127586769 ], [ -65.282205571491161, -10.54678712685582 ], [ -65.281955572013061, -10.54678712685582 ], [ -65.281955572013061, -10.54703712612487 ], [ -65.281205573578745, -10.54703712612487 ], [ -65.281205573578745, -10.547287125393922 ], [ -65.280955574100645, -10.547287125393922 ], [ -65.280955574100645, -10.54703712612487 ], [ -65.280205575666329, -10.54703712612487 ], [ -65.280205575666329, -10.547287125393922 ], [ -65.28045557514443, -10.547287125393922 ], [ -65.28045557514443, -10.547787123932023 ], [ -65.281205573578745, -10.547787123932023 ], [ -65.281205573578745, -10.548037123201073 ], [ -65.28170557253496, -10.548037123201073 ], [ -65.28170557253496, -10.547787123932023 ], [ -65.282205571491161, -10.547787123932023 ], [ -65.282205571491161, -10.548037123201073 ], [ -65.282955569925477, -10.548037123201073 ], [ -65.282955569925477, -10.548287122470125 ], [ -65.283455568881678, -10.548287122470125 ], [ -65.283455568881678, -10.548537121739177 ], [ -65.283705568359778, -10.548537121739177 ], [ -65.283705568359778, -10.548787121008226 ], [ -65.284205567315993, -10.548787121008226 ], [ -65.284205567315993, -10.548287122470125 ], [ -65.28545556470651, -10.548287122470125 ], [ -65.28545556470651, -10.547787123932023 ], [ -65.284455566794094, -10.547787123932023 ], [ -65.284455566794094, -10.547287125393922 ], [ -65.284705566272194, -10.547287125393922 ], [ -65.284705566272194, -10.54703712612487 ], [ -65.284455566794094, -10.54703712612487 ], [ -65.284455566794094, -10.546537127586769 ], [ -65.284705566272194, -10.546537127586769 ], [ -65.284705566272194, -10.546037129048667 ], [ -65.284205567315993, -10.546037129048667 ], [ -65.284205567315993, -10.544787132703412 ], [ -65.283955567837893, -10.544787132703412 ], [ -65.283955567837893, -10.544537133434362 ], [ -65.284705566272194, -10.544537133434362 ], [ -65.284705566272194, -10.544287134165312 ], [ -65.284455566794094, -10.544287134165312 ], [ -65.284455566794094, -10.544037134896261 ], [ -65.283705568359778, -10.544037134896261 ], [ -65.283705568359778, -10.543787135627209 ], [ -65.283455568881678, -10.543787135627209 ], [ -65.283455568881678, -10.543537136358159 ], [ -65.283955567837893, -10.543537136358159 ], [ -65.283955567837893, -10.543787135627209 ], [ -65.284705566272194, -10.543787135627209 ], [ -65.284705566272194, -10.543537136358159 ], [ -65.28545556470651, -10.543537136358159 ], [ -65.28545556470651, -10.543037137820058 ], [ -65.28570556418461, -10.543037137820058 ], [ -65.28570556418461, -10.542787138551006 ], [ -65.285955563662711, -10.542787138551006 ], [ -65.285955563662711, -10.543037137820058 ], [ -65.286455562618926, -10.543037137820058 ], [ -65.286455562618926, -10.543287137089107 ], [ -65.286705562097026, -10.543287137089107 ], [ -65.286705562097026, -10.543537136358159 ], [ -65.287205561053241, -10.543537136358159 ], [ -65.287205561053241, -10.543287137089107 ], [ -65.287705560009442, -10.543287137089107 ], [ -65.287705560009442, -10.541787141474803 ], [ -65.287955559487543, -10.541787141474803 ], [ -65.287955559487543, -10.541287142936701 ], [ -65.287705560009442, -10.541287142936701 ], [ -65.287705560009442, -10.540287145860498 ], [ -65.287455560531342, -10.540287145860498 ], [ -65.287455560531342, -10.540037146591446 ], [ -65.286955561575127, -10.540037146591446 ], [ -65.286955561575127, -10.539787147322397 ], [ -65.286705562097026, -10.539787147322397 ], [ -65.286705562097026, -10.539537148053345 ], [ -65.286205563140825, -10.539537148053345 ], [ -65.286205563140825, -10.539787147322397 ], [ -65.285955563662711, -10.539787147322397 ], [ -65.285955563662711, -10.5407871443986 ], [ -65.286205563140825, -10.5407871443986 ], [ -65.286205563140825, -10.541037143667651 ], [ -65.285955563662711, -10.541037143667651 ], [ -65.285955563662711, -10.541537142205753 ], [ -65.28545556470651, -10.541537142205753 ], [ -65.28545556470651, -10.541787141474803 ], [ -65.285205565228409, -10.541787141474803 ], [ -65.285205565228409, -10.541537142205753 ], [ -65.284955565750309, -10.541537142205753 ], [ -65.284955565750309, -10.540037146591446 ], [ -65.284705566272194, -10.540037146591446 ], [ -65.284705566272194, -10.539287148784295 ], [ -65.283705568359778, -10.539287148784295 ], [ -65.283705568359778, -10.539537148053345 ], [ -65.283455568881678, -10.539537148053345 ], [ -65.283455568881678, -10.540287145860498 ], [ -65.283205569403577, -10.540287145860498 ], [ -65.283205569403577, -10.539537148053345 ], [ -65.282705570447376, -10.539537148053345 ], [ -65.282705570447376, -10.539037149515243 ], [ -65.282455570969262, -10.539037149515243 ], [ -65.282455570969262, -10.539287148784295 ], [ -65.28170557253496, -10.539287148784295 ], [ -65.28170557253496, -10.539537148053345 ], [ -65.281455573056846, -10.539537148053345 ], [ -65.281455573056846, -10.539287148784295 ], [ -65.281205573578745, -10.539287148784295 ], [ -65.281205573578745, -10.539037149515243 ], [ -65.280955574100645, -10.539037149515243 ], [ -65.280955574100645, -10.539537148053345 ], [ -65.281205573578745, -10.539537148053345 ], [ -65.281205573578745, -10.540287145860498 ], [ -65.280705574622544, -10.540287145860498 ], [ -65.280705574622544, -10.541037143667651 ], [ -65.280955574100645, -10.541037143667651 ], [ -65.280955574100645, -10.541287142936701 ], [ -65.281455573056846, -10.541287142936701 ], [ -65.281455573056846, -10.541037143667651 ], [ -65.28170557253496, -10.541037143667651 ], [ -65.28170557253496, -10.5407871443986 ], [ -65.281955572013061, -10.5407871443986 ], [ -65.281955572013061, -10.540537145129548 ], [ -65.28170557253496, -10.540537145129548 ], [ -65.28170557253496, -10.540287145860498 ], [ -65.282455570969262, -10.540287145860498 ], [ -65.282455570969262, -10.540537145129548 ], [ -65.282205571491161, -10.540537145129548 ], [ -65.282205571491161, -10.541787141474803 ], [ -65.281955572013061, -10.541787141474803 ], [ -65.281955572013061, -10.542537139281956 ], [ -65.28170557253496, -10.542537139281956 ], [ -65.28170557253496, -10.542287140012904 ], [ -65.281455573056846, -10.542287140012904 ], [ -65.281455573056846, -10.542037140743854 ], [ -65.280955574100645, -10.542037140743854 ], [ -65.280955574100645, -10.542787138551006 ], [ -65.280705574622544, -10.542787138551006 ], [ -65.280705574622544, -10.543287137089107 ], [ -65.28045557514443, -10.543287137089107 ], [ -65.28045557514443, -10.543037137820058 ], [ -65.280205575666329, -10.543037137820058 ], [ -65.280205575666329, -10.5407871443986 ], [ -65.279705576710128, -10.5407871443986 ], [ -65.279705576710128, -10.540287145860498 ], [ -65.279455577232028, -10.540287145860498 ], [ -65.279455577232028, -10.539287148784295 ], [ -65.279955576188229, -10.539287148784295 ], [ -65.279955576188229, -10.539037149515243 ], [ -65.280205575666329, -10.539037149515243 ], [ -65.280205575666329, -10.53778715316999 ], [ -65.280705574622544, -10.53778715316999 ], [ -65.280705574622544, -10.537537153900939 ], [ -65.280955574100645, -10.537537153900939 ], [ -65.280955574100645, -10.537287154631889 ], [ -65.281205573578745, -10.537287154631889 ], [ -65.281205573578745, -10.536787156093787 ], [ -65.281455573056846, -10.536787156093787 ], [ -65.281455573056846, -10.537037155362837 ], [ -65.282705570447376, -10.537037155362837 ], [ -65.282705570447376, -10.536537156824735 ], [ -65.282955569925477, -10.536537156824735 ], [ -65.282955569925477, -10.536287157555684 ], [ -65.283205569403577, -10.536287157555684 ], [ -65.283205569403577, -10.536037158286634 ], [ -65.283455568881678, -10.536037158286634 ], [ -65.283455568881678, -10.535787159017582 ], [ -65.283205569403577, -10.535787159017582 ], [ -65.283205569403577, -10.535537159748532 ], [ -65.283455568881678, -10.535537159748532 ], [ -65.283455568881678, -10.535037161210431 ], [ -65.283205569403577, -10.535037161210431 ], [ -65.283205569403577, -10.534787161941379 ], [ -65.282955569925477, -10.534787161941379 ], [ -65.282955569925477, -10.534537162672329 ], [ -65.28170557253496, -10.534537162672329 ], [ -65.28170557253496, -10.534037164134228 ], [ -65.282205571491161, -10.534037164134228 ], [ -65.282205571491161, -10.533287166327074 ], [ -65.281955572013061, -10.533287166327074 ], [ -65.281955572013061, -10.533037167058023 ], [ -65.282205571491161, -10.533037167058023 ], [ -65.282205571491161, -10.532537168519923 ], [ -65.281955572013061, -10.532537168519923 ], [ -65.281955572013061, -10.532287169250871 ], [ -65.282455570969262, -10.532287169250871 ], [ -65.282455570969262, -10.532787167788973 ], [ -65.282705570447376, -10.532787167788973 ], [ -65.282705570447376, -10.533037167058023 ], [ -65.283455568881678, -10.533037167058023 ], [ -65.283455568881678, -10.533287166327074 ], [ -65.283705568359778, -10.533287166327074 ], [ -65.283705568359778, -10.533537165596126 ], [ -65.283955567837893, -10.533537165596126 ], [ -65.283955567837893, -10.533787164865176 ], [ -65.284455566794094, -10.533787164865176 ], [ -65.284455566794094, -10.533537165596126 ], [ -65.285205565228409, -10.533537165596126 ], [ -65.285205565228409, -10.534037164134228 ], [ -65.284705566272194, -10.534037164134228 ], [ -65.284705566272194, -10.534537162672329 ], [ -65.284955565750309, -10.534537162672329 ], [ -65.284955565750309, -10.534787161941379 ], [ -65.284205567315993, -10.534787161941379 ], [ -65.284205567315993, -10.535037161210431 ], [ -65.283955567837893, -10.535037161210431 ], [ -65.283955567837893, -10.535287160479481 ], [ -65.283705568359778, -10.535287160479481 ], [ -65.283705568359778, -10.536037158286634 ], [ -65.283955567837893, -10.536037158286634 ], [ -65.283955567837893, -10.536537156824735 ], [ -65.284205567315993, -10.536537156824735 ], [ -65.284205567315993, -10.536787156093787 ], [ -65.284705566272194, -10.536787156093787 ], [ -65.284705566272194, -10.536537156824735 ], [ -65.284955565750309, -10.536537156824735 ], [ -65.284955565750309, -10.537037155362837 ], [ -65.285205565228409, -10.537037155362837 ], [ -65.285205565228409, -10.537287154631889 ], [ -65.28570556418461, -10.537287154631889 ], [ -65.28570556418461, -10.53778715316999 ], [ -65.28545556470651, -10.53778715316999 ], [ -65.28545556470651, -10.53803715243904 ], [ -65.28570556418461, -10.53803715243904 ], [ -65.28570556418461, -10.538287151708092 ], [ -65.285955563662711, -10.538287151708092 ], [ -65.285955563662711, -10.538787150246193 ], [ -65.286705562097026, -10.538787150246193 ], [ -65.286705562097026, -10.538537150977142 ], [ -65.287205561053241, -10.538537150977142 ], [ -65.287205561053241, -10.538787150246193 ], [ -65.287955559487543, -10.538787150246193 ], [ -65.287955559487543, -10.538287151708092 ], [ -65.287705560009442, -10.538287151708092 ], [ -65.287705560009442, -10.53803715243904 ], [ -65.287205561053241, -10.53803715243904 ], [ -65.287205561053241, -10.53778715316999 ], [ -65.286955561575127, -10.53778715316999 ], [ -65.286955561575127, -10.537287154631889 ], [ -65.287205561053241, -10.537287154631889 ], [ -65.287205561053241, -10.536287157555684 ], [ -65.286955561575127, -10.536287157555684 ], [ -65.286955561575127, -10.536037158286634 ], [ -65.287205561053241, -10.536037158286634 ], [ -65.287205561053241, -10.535537159748532 ], [ -65.287705560009442, -10.535537159748532 ], [ -65.287705560009442, -10.535787159017582 ], [ -65.287455560531342, -10.535787159017582 ], [ -65.287455560531342, -10.536787156093787 ], [ -65.288205558965657, -10.536787156093787 ], [ -65.288205558965657, -10.536537156824735 ], [ -65.288455558443758, -10.536537156824735 ], [ -65.288455558443758, -10.536287157555684 ], [ -65.288705557921858, -10.536287157555684 ], [ -65.288705557921858, -10.535787159017582 ], [ -65.288955557399959, -10.535787159017582 ], [ -65.288955557399959, -10.535537159748532 ], [ -65.289205556878059, -10.535537159748532 ], [ -65.289205556878059, -10.535287160479481 ], [ -65.289455556356174, -10.535287160479481 ], [ -65.289455556356174, -10.535037161210431 ], [ -65.289584360195562, -10.535037161210431 ], [ -65.289634332266971, -10.534113623268972 ], [ -65.289665525851646, -10.533537165596126 ], [ -65.289455556356174, -10.533537165596126 ] ], [ [ -65.27645558349478, -10.538787150246193 ], [ -65.27645558349478, -10.539037149515243 ], [ -65.276205584016679, -10.539037149515243 ], [ -65.276205584016679, -10.538787150246193 ], [ -65.27645558349478, -10.538787150246193 ] ], [ [ -65.268205600717351, -10.542787138551006 ], [ -65.268205600717351, -10.542537139281956 ], [ -65.268455600195452, -10.542537139281956 ], [ -65.268455600195452, -10.543287137089107 ], [ -65.267705601761151, -10.543287137089107 ], [ -65.267705601761151, -10.542787138551006 ], [ -65.268205600717351, -10.542787138551006 ] ], [ [ -65.268955599151667, -10.545287131241516 ], [ -65.269205598629767, -10.545287131241516 ], [ -65.269205598629767, -10.545537130510565 ], [ -65.268955599151667, -10.545537130510565 ], [ -65.268955599151667, -10.545287131241516 ] ], [ [ -65.269455598107868, -10.545537130510565 ], [ -65.269455598107868, -10.545787129779617 ], [ -65.269205598629767, -10.545787129779617 ], [ -65.269205598629767, -10.545537130510565 ], [ -65.269455598107868, -10.545537130510565 ] ], [ [ -65.2714555939327, -10.545287131241516 ], [ -65.2714555939327, -10.545537130510565 ], [ -65.271205594454599, -10.545537130510565 ], [ -65.271205594454599, -10.545287131241516 ], [ -65.2714555939327, -10.545287131241516 ] ], [ [ -65.271205594454599, -10.545787129779617 ], [ -65.270705595498384, -10.545787129779617 ], [ -65.270705595498384, -10.545537130510565 ], [ -65.271205594454599, -10.545537130510565 ], [ -65.271205594454599, -10.545787129779617 ] ], [ [ -65.270705595498384, -10.546037129048667 ], [ -65.270455596020284, -10.546037129048667 ], [ -65.270455596020284, -10.545787129779617 ], [ -65.270705595498384, -10.545787129779617 ], [ -65.270705595498384, -10.546037129048667 ] ], [ [ -65.269705597585983, -10.544537133434362 ], [ -65.269705597585983, -10.544287134165312 ], [ -65.270205596542183, -10.544287134165312 ], [ -65.270205596542183, -10.544537133434362 ], [ -65.269705597585983, -10.544537133434362 ] ], [ [ -65.270205596542183, -10.543287137089107 ], [ -65.270705595498384, -10.543287137089107 ], [ -65.270705595498384, -10.543537136358159 ], [ -65.270455596020284, -10.543537136358159 ], [ -65.270455596020284, -10.544287134165312 ], [ -65.270205596542183, -10.544287134165312 ], [ -65.270205596542183, -10.543287137089107 ] ], [ [ -65.275455585582364, -10.539787147322397 ], [ -65.275705585060464, -10.539787147322397 ], [ -65.275705585060464, -10.540287145860498 ], [ -65.275455585582364, -10.540287145860498 ], [ -65.275455585582364, -10.539787147322397 ] ], [ [ -65.280955574100645, -10.544787132703412 ], [ -65.280955574100645, -10.545037131972464 ], [ -65.28045557514443, -10.545037131972464 ], [ -65.28045557514443, -10.544787132703412 ], [ -65.280205575666329, -10.544787132703412 ], [ -65.280205575666329, -10.544287134165312 ], [ -65.28045557514443, -10.544287134165312 ], [ -65.28045557514443, -10.543537136358159 ], [ -65.280705574622544, -10.543537136358159 ], [ -65.280705574622544, -10.544537133434362 ], [ -65.281455573056846, -10.544537133434362 ], [ -65.281455573056846, -10.544287134165312 ], [ -65.28170557253496, -10.544287134165312 ], [ -65.28170557253496, -10.544037134896261 ], [ -65.281955572013061, -10.544037134896261 ], [ -65.281955572013061, -10.544787132703412 ], [ -65.280955574100645, -10.544787132703412 ] ], [ [ -65.281955572013061, -10.543537136358159 ], [ -65.282205571491161, -10.543537136358159 ], [ -65.282205571491161, -10.543787135627209 ], [ -65.282455570969262, -10.543787135627209 ], [ -65.282455570969262, -10.544037134896261 ], [ -65.281955572013061, -10.544037134896261 ], [ -65.281955572013061, -10.543537136358159 ] ], [ [ -65.282705570447376, -10.54678712685582 ], [ -65.282705570447376, -10.546537127586769 ], [ -65.282955569925477, -10.546537127586769 ], [ -65.282955569925477, -10.54678712685582 ], [ -65.283205569403577, -10.54678712685582 ], [ -65.283205569403577, -10.547287125393922 ], [ -65.282705570447376, -10.547287125393922 ], [ -65.282705570447376, -10.54703712612487 ], [ -65.282205571491161, -10.54703712612487 ], [ -65.282205571491161, -10.54678712685582 ], [ -65.282705570447376, -10.54678712685582 ] ], [ [ -65.282955569925477, -10.543537136358159 ], [ -65.282955569925477, -10.543037137820058 ], [ -65.282205571491161, -10.543037137820058 ], [ -65.282205571491161, -10.542787138551006 ], [ -65.282455570969262, -10.542787138551006 ], [ -65.282455570969262, -10.542537139281956 ], [ -65.282705570447376, -10.542537139281956 ], [ -65.282705570447376, -10.542287140012904 ], [ -65.283455568881678, -10.542287140012904 ], [ -65.283455568881678, -10.543537136358159 ], [ -65.282955569925477, -10.543537136358159 ] ], [ [ -65.279705576710128, -10.541037143667651 ], [ -65.279455577232028, -10.541037143667651 ], [ -65.279455577232028, -10.5407871443986 ], [ -65.279705576710128, -10.5407871443986 ], [ -65.279705576710128, -10.541037143667651 ] ], [ [ -65.279455577232028, -10.540537145129548 ], [ -65.279205577753913, -10.540537145129548 ], [ -65.279205577753913, -10.540287145860498 ], [ -65.279455577232028, -10.540287145860498 ], [ -65.279455577232028, -10.540537145129548 ] ], [ [ -65.279205577753913, -10.5407871443986 ], [ -65.278955578275813, -10.5407871443986 ], [ -65.278955578275813, -10.540537145129548 ], [ -65.279205577753913, -10.540537145129548 ], [ -65.279205577753913, -10.5407871443986 ] ], [ [ -65.278705578797712, -10.540287145860498 ], [ -65.278705578797712, -10.540537145129548 ], [ -65.278205579841497, -10.540537145129548 ], [ -65.278205579841497, -10.540037146591446 ], [ -65.278455579319612, -10.540037146591446 ], [ -65.278455579319612, -10.539537148053345 ], [ -65.278705578797712, -10.539537148053345 ], [ -65.278705578797712, -10.539787147322397 ], [ -65.278955578275813, -10.539787147322397 ], [ -65.278955578275813, -10.539537148053345 ], [ -65.279205577753913, -10.539537148053345 ], [ -65.279205577753913, -10.540287145860498 ], [ -65.278705578797712, -10.540287145860498 ] ], [ [ -65.280955574100645, -10.536787156093787 ], [ -65.280955574100645, -10.536537156824735 ], [ -65.281205573578745, -10.536537156824735 ], [ -65.281205573578745, -10.536787156093787 ], [ -65.280955574100645, -10.536787156093787 ] ], [ [ -65.283455568881678, -10.532787167788973 ], [ -65.283705568359778, -10.532787167788973 ], [ -65.283705568359778, -10.533037167058023 ], [ -65.283455568881678, -10.533037167058023 ], [ -65.283455568881678, -10.532787167788973 ] ], [ [ -65.28570556418461, -10.537037155362837 ], [ -65.285955563662711, -10.537037155362837 ], [ -65.285955563662711, -10.537287154631889 ], [ -65.28570556418461, -10.537287154631889 ], [ -65.28570556418461, -10.537037155362837 ] ], [ [ -65.286205563140825, -10.537287154631889 ], [ -65.286205563140825, -10.53778715316999 ], [ -65.285955563662711, -10.53778715316999 ], [ -65.285955563662711, -10.537287154631889 ], [ -65.286205563140825, -10.537287154631889 ] ], [ [ -65.286705562097026, -10.537287154631889 ], [ -65.286705562097026, -10.537037155362837 ], [ -65.286955561575127, -10.537037155362837 ], [ -65.286955561575127, -10.537287154631889 ], [ -65.286705562097026, -10.537287154631889 ] ], [ [ -65.28170557253496, -10.532537168519923 ], [ -65.281455573056846, -10.532537168519923 ], [ -65.281455573056846, -10.532287169250871 ], [ -65.28170557253496, -10.532287169250871 ], [ -65.28170557253496, -10.532537168519923 ] ], [ [ -65.28170557253496, -10.533287166327074 ], [ -65.281455573056846, -10.533287166327074 ], [ -65.281455573056846, -10.532787167788973 ], [ -65.28170557253496, -10.532787167788973 ], [ -65.28170557253496, -10.533287166327074 ] ], [ [ -65.28570556418461, -10.535537159748532 ], [ -65.285955563662711, -10.535537159748532 ], [ -65.285955563662711, -10.535787159017582 ], [ -65.286205563140825, -10.535787159017582 ], [ -65.286205563140825, -10.536287157555684 ], [ -65.285955563662711, -10.536287157555684 ], [ -65.285955563662711, -10.536537156824735 ], [ -65.28570556418461, -10.536537156824735 ], [ -65.28570556418461, -10.535787159017582 ], [ -65.28545556470651, -10.535787159017582 ], [ -65.28545556470651, -10.535537159748532 ], [ -65.285205565228409, -10.535537159748532 ], [ -65.285205565228409, -10.535037161210431 ], [ -65.28545556470651, -10.535037161210431 ], [ -65.28545556470651, -10.534787161941379 ], [ -65.28570556418461, -10.534787161941379 ], [ -65.28570556418461, -10.535537159748532 ] ], [ [ -65.281455573056846, -10.534787161941379 ], [ -65.28170557253496, -10.534787161941379 ], [ -65.28170557253496, -10.535037161210431 ], [ -65.281455573056846, -10.535037161210431 ], [ -65.281455573056846, -10.534787161941379 ] ], [ [ -65.281455573056846, -10.535287160479481 ], [ -65.28170557253496, -10.535287160479481 ], [ -65.28170557253496, -10.535537159748532 ], [ -65.281205573578745, -10.535537159748532 ], [ -65.281205573578745, -10.535037161210431 ], [ -65.281455573056846, -10.535037161210431 ], [ -65.281455573056846, -10.535287160479481 ] ], [ [ -65.281205573578745, -10.536037158286634 ], [ -65.28045557514443, -10.536037158286634 ], [ -65.28045557514443, -10.535787159017582 ], [ -65.280955574100645, -10.535787159017582 ], [ -65.280955574100645, -10.535537159748532 ], [ -65.281205573578745, -10.535537159748532 ], [ -65.281205573578745, -10.536037158286634 ] ], [ [ -65.279205577753913, -10.535787159017582 ], [ -65.278955578275813, -10.535787159017582 ], [ -65.278955578275813, -10.535537159748532 ], [ -65.279205577753913, -10.535537159748532 ], [ -65.279205577753913, -10.535787159017582 ] ], [ [ -65.277955580363397, -10.536037158286634 ], [ -65.277705580885296, -10.536037158286634 ], [ -65.277705580885296, -10.535787159017582 ], [ -65.277955580363397, -10.535787159017582 ], [ -65.277955580363397, -10.536037158286634 ] ], [ [ -65.278955578275813, -10.536787156093787 ], [ -65.278705578797712, -10.536787156093787 ], [ -65.278705578797712, -10.537037155362837 ], [ -65.278455579319612, -10.537037155362837 ], [ -65.278455579319612, -10.536537156824735 ], [ -65.278955578275813, -10.536537156824735 ], [ -65.278955578275813, -10.536787156093787 ] ], [ [ -65.280705574622544, -10.537037155362837 ], [ -65.28045557514443, -10.537037155362837 ], [ -65.28045557514443, -10.536787156093787 ], [ -65.280705574622544, -10.536787156093787 ], [ -65.280705574622544, -10.537037155362837 ] ], [ [ -65.278455579319612, -10.538287151708092 ], [ -65.278705578797712, -10.538287151708092 ], [ -65.278705578797712, -10.53778715316999 ], [ -65.279205577753913, -10.53778715316999 ], [ -65.279205577753913, -10.537537153900939 ], [ -65.279455577232028, -10.537537153900939 ], [ -65.279455577232028, -10.538287151708092 ], [ -65.279205577753913, -10.538287151708092 ], [ -65.279205577753913, -10.538537150977142 ], [ -65.278955578275813, -10.538537150977142 ], [ -65.278955578275813, -10.538787150246193 ], [ -65.278705578797712, -10.538787150246193 ], [ -65.278705578797712, -10.538537150977142 ], [ -65.278455579319612, -10.538537150977142 ], [ -65.278455579319612, -10.538287151708092 ] ], [ [ -65.278455579319612, -10.538787150246193 ], [ -65.278205579841497, -10.538787150246193 ], [ -65.278205579841497, -10.538537150977142 ], [ -65.278455579319612, -10.538537150977142 ], [ -65.278455579319612, -10.538787150246193 ] ], [ [ -65.277205581929081, -10.539287148784295 ], [ -65.276955582450981, -10.539287148784295 ], [ -65.276955582450981, -10.539037149515243 ], [ -65.277205581929081, -10.539037149515243 ], [ -65.277205581929081, -10.539287148784295 ] ], [ [ -65.282455570969262, -10.540037146591446 ], [ -65.281955572013061, -10.540037146591446 ], [ -65.281955572013061, -10.539787147322397 ], [ -65.282205571491161, -10.539787147322397 ], [ -65.282205571491161, -10.539537148053345 ], [ -65.282455570969262, -10.539537148053345 ], [ -65.282455570969262, -10.540037146591446 ] ], [ [ -65.27670558297288, -10.540287145860498 ], [ -65.275955584538565, -10.540287145860498 ], [ -65.275955584538565, -10.540037146591446 ], [ -65.276205584016679, -10.540037146591446 ], [ -65.276205584016679, -10.539787147322397 ], [ -65.27645558349478, -10.539787147322397 ], [ -65.27645558349478, -10.539537148053345 ], [ -65.27670558297288, -10.539537148053345 ], [ -65.27670558297288, -10.540287145860498 ] ], [ [ -65.2717055934108, -10.541537142205753 ], [ -65.271955592888915, -10.541537142205753 ], [ -65.271955592888915, -10.541787141474803 ], [ -65.2714555939327, -10.541787141474803 ], [ -65.2714555939327, -10.542037140743854 ], [ -65.271205594454599, -10.542037140743854 ], [ -65.271205594454599, -10.541787141474803 ], [ -65.270705595498384, -10.541787141474803 ], [ -65.270705595498384, -10.541537142205753 ], [ -65.270955594976499, -10.541537142205753 ], [ -65.270955594976499, -10.541037143667651 ], [ -65.271205594454599, -10.541037143667651 ], [ -65.271205594454599, -10.5407871443986 ], [ -65.2714555939327, -10.5407871443986 ], [ -65.2714555939327, -10.540537145129548 ], [ -65.2717055934108, -10.540537145129548 ], [ -65.2717055934108, -10.541537142205753 ] ], [ [ -65.284455566794094, -10.541537142205753 ], [ -65.284205567315993, -10.541537142205753 ], [ -65.284205567315993, -10.541287142936701 ], [ -65.284455566794094, -10.541287142936701 ], [ -65.284455566794094, -10.541537142205753 ] ], [ [ -65.283705568359778, -10.541537142205753 ], [ -65.283955567837893, -10.541537142205753 ], [ -65.283955567837893, -10.541787141474803 ], [ -65.283705568359778, -10.541787141474803 ], [ -65.283705568359778, -10.542037140743854 ], [ -65.283455568881678, -10.542037140743854 ], [ -65.283455568881678, -10.541787141474803 ], [ -65.283205569403577, -10.541787141474803 ], [ -65.283205569403577, -10.541287142936701 ], [ -65.283705568359778, -10.541287142936701 ], [ -65.283705568359778, -10.541537142205753 ] ], [ [ -65.268455600195452, -10.541787141474803 ], [ -65.267955601239251, -10.541787141474803 ], [ -65.267955601239251, -10.541537142205753 ], [ -65.268455600195452, -10.541537142205753 ], [ -65.268455600195452, -10.541787141474803 ] ], [ [ -65.284705566272194, -10.542287140012904 ], [ -65.284455566794094, -10.542287140012904 ], [ -65.284455566794094, -10.542537139281956 ], [ -65.284205567315993, -10.542537139281956 ], [ -65.284205567315993, -10.542287140012904 ], [ -65.283955567837893, -10.542287140012904 ], [ -65.283955567837893, -10.542037140743854 ], [ -65.284705566272194, -10.542037140743854 ], [ -65.284705566272194, -10.542287140012904 ] ], [ [ -65.269455598107868, -10.542287140012904 ], [ -65.269205598629767, -10.542287140012904 ], [ -65.269205598629767, -10.542037140743854 ], [ -65.269455598107868, -10.542037140743854 ], [ -65.269455598107868, -10.542287140012904 ] ], [ [ -65.269455598107868, -10.543537136358159 ], [ -65.268705599673567, -10.543537136358159 ], [ -65.268705599673567, -10.543037137820058 ], [ -65.269455598107868, -10.543037137820058 ], [ -65.269455598107868, -10.543537136358159 ] ], [ [ -65.268705599673567, -10.544037134896261 ], [ -65.268455600195452, -10.544037134896261 ], [ -65.268455600195452, -10.543787135627209 ], [ -65.268705599673567, -10.543787135627209 ], [ -65.268705599673567, -10.544037134896261 ] ], [ [ -65.267955601239251, -10.544287134165312 ], [ -65.267955601239251, -10.544037134896261 ], [ -65.268205600717351, -10.544037134896261 ], [ -65.268205600717351, -10.544287134165312 ], [ -65.267955601239251, -10.544287134165312 ] ], [ [ -65.268455600195452, -10.544287134165312 ], [ -65.268455600195452, -10.544537133434362 ], [ -65.268205600717351, -10.544537133434362 ], [ -65.268205600717351, -10.544287134165312 ], [ -65.268455600195452, -10.544287134165312 ] ], [ [ -65.268955599151667, -10.544537133434362 ], [ -65.268705599673567, -10.544537133434362 ], [ -65.268705599673567, -10.544287134165312 ], [ -65.268955599151667, -10.544287134165312 ], [ -65.268955599151667, -10.544537133434362 ] ], [ [ -65.278455579319612, -10.544787132703412 ], [ -65.278205579841497, -10.544787132703412 ], [ -65.278205579841497, -10.544537133434362 ], [ -65.278455579319612, -10.544537133434362 ], [ -65.278455579319612, -10.544787132703412 ] ], [ [ -65.269455598107868, -10.544787132703412 ], [ -65.269205598629767, -10.544787132703412 ], [ -65.269205598629767, -10.544537133434362 ], [ -65.269455598107868, -10.544537133434362 ], [ -65.269455598107868, -10.544787132703412 ] ], [ [ -65.269955597064083, -10.545287131241516 ], [ -65.269705597585983, -10.545287131241516 ], [ -65.269705597585983, -10.544787132703412 ], [ -65.269955597064083, -10.544787132703412 ], [ -65.269955597064083, -10.545287131241516 ] ], [ [ -65.268705599673567, -10.545287131241516 ], [ -65.268455600195452, -10.545287131241516 ], [ -65.268455600195452, -10.544787132703412 ], [ -65.268705599673567, -10.544787132703412 ], [ -65.268705599673567, -10.545287131241516 ] ], [ [ -65.271955592888915, -10.545787129779617 ], [ -65.2717055934108, -10.545787129779617 ], [ -65.2717055934108, -10.545537130510565 ], [ -65.271955592888915, -10.545537130510565 ], [ -65.271955592888915, -10.545787129779617 ] ], [ [ -65.270955594976499, -10.546537127586769 ], [ -65.270705595498384, -10.546537127586769 ], [ -65.270705595498384, -10.546287128317719 ], [ -65.270955594976499, -10.546287128317719 ], [ -65.270955594976499, -10.546537127586769 ] ], [ [ -65.2714555939327, -10.54703712612487 ], [ -65.2714555939327, -10.546537127586769 ], [ -65.271955592888915, -10.546537127586769 ], [ -65.271955592888915, -10.54678712685582 ], [ -65.2717055934108, -10.54678712685582 ], [ -65.2717055934108, -10.54703712612487 ], [ -65.2714555939327, -10.54703712612487 ] ], [ [ -65.271955592888915, -10.54703712612487 ], [ -65.271955592888915, -10.547287125393922 ], [ -65.2717055934108, -10.547287125393922 ], [ -65.2717055934108, -10.54703712612487 ], [ -65.271955592888915, -10.54703712612487 ] ], [ [ -65.2717055934108, -10.547537124662972 ], [ -65.2714555939327, -10.547537124662972 ], [ -65.2714555939327, -10.547287125393922 ], [ -65.2717055934108, -10.547287125393922 ], [ -65.2717055934108, -10.547537124662972 ] ] ] } },
{ "type": "Feature", "properties": { "DN": 1 }, "geometry": { "type": "Polygon", "coordinates": [ [ [ -65.28045557514443, -10.539537148053345 ], [ -65.28045557514443, -10.539787147322397 ], [ -65.280705574622544, -10.539787147322397 ], [ -65.280705574622544, -10.539537148053345 ], [ -65.28045557514443, -10.539537148053345 ] ] ] } },
{ "type": "Feature", "properties": { "DN": 1 }, "geometry": { "type": "Polygon", "coordinates": [ [ [ -65.281205573578745, -10.538537150977142 ], [ -65.281205573578745, -10.539037149515243 ], [ -65.281455573056846, -10.539037149515243 ], [ -65.281455573056846, -10.538787150246193 ], [ -65.28170557253496, -10.538787150246193 ], [ -65.28170557253496, -10.538537150977142 ], [ -65.281205573578745, -10.538537150977142 ] ] ] } },
{ "type": "Feature", "properties": { "DN": 1 }, "geometry": { "type": "Polygon", "coordinates": [ [ [ -65.282705570447376, -10.53803715243904 ], [ -65.282705570447376, -10.538537150977142 ], [ -65.282955569925477, -10.538537150977142 ], [ -65.282955569925477, -10.538787150246193 ], [ -65.283205569403577, -10.538787150246193 ], [ -65.283205569403577, -10.539037149515243 ], [ -65.283955567837893, -10.539037149515243 ], [ -65.283955567837893, -10.538787150246193 ], [ -65.283705568359778, -10.538787150246193 ], [ -65.283705568359778, -10.538537150977142 ], [ -65.283455568881678, -10.538537150977142 ], [ -65.283455568881678, -10.538287151708092 ], [ -65.283205569403577, -10.538287151708092 ], [ -65.283205569403577, -10.53803715243904 ], [ -65.282705570447376, -10.53803715243904 ] ] ] } },
{ "type": "Feature", "properties": { "DN": 1 }, "geometry": { "type": "Polygon", "coordinates": [ [ [ -65.280705574622544, -10.53803715243904 ], [ -65.280705574622544, -10.538287151708092 ], [ -65.280955574100645, -10.538287151708092 ], [ -65.280955574100645, -10.538537150977142 ], [ -65.281205573578745, -10.538537150977142 ], [ -65.281205573578745, -10.53803715243904 ], [ -65.280705574622544, -10.53803715243904 ] ] ] } },
{ "type": "Feature", "properties": { "DN": 1 }, "geometry": { "type": "Polygon", "coordinates": [ [ [ -65.284455566794094, -10.53778715316999 ], [ -65.284205567315993, -10.53778715316999 ], [ -65.284205567315993, -10.537287154631889 ], [ -65.283955567837893, -10.537287154631889 ], [ -65.283955567837893, -10.536787156093787 ], [ -65.283455568881678, -10.536787156093787 ], [ -65.283455568881678, -10.536537156824735 ], [ -65.283205569403577, -10.536537156824735 ], [ -65.283205569403577, -10.53778715316999 ], [ -65.283455568881678, -10.53778715316999 ], [ -65.283455568881678, -10.537037155362837 ], [ -65.283705568359778, -10.537037155362837 ], [ -65.283705568359778, -10.537537153900939 ], [ -65.283955567837893, -10.537537153900939 ], [ -65.283955567837893, -10.53778715316999 ], [ -65.283705568359778, -10.53778715316999 ], [ -65.283705568359778, -10.538537150977142 ], [ -65.284205567315993, -10.538537150977142 ], [ -65.284205567315993, -10.539037149515243 ], [ -65.284705566272194, -10.539037149515243 ], [ -65.284705566272194, -10.539287148784295 ], [ -65.28545556470651, -10.539287148784295 ], [ -65.28545556470651, -10.539037149515243 ], [ -65.28570556418461, -10.539037149515243 ], [ -65.28570556418461, -10.538537150977142 ], [ -65.28545556470651, -10.538537150977142 ], [ -65.28545556470651, -10.538287151708092 ], [ -65.284705566272194, -10.538287151708092 ], [ -65.284705566272194, -10.53803715243904 ], [ -65.284455566794094, -10.53803715243904 ], [ -65.284455566794094, -10.53778715316999 ] ], [ [ -65.284455566794094, -10.538287151708092 ], [ -65.284205567315993, -10.538287151708092 ], [ -65.284205567315993, -10.53803715243904 ], [ -65.284455566794094, -10.53803715243904 ], [ -65.284455566794094, -10.538287151708092 ] ] ] } },
{ "type": "Feature", "properties": { "DN": 1 }, "geometry": { "type": "Polygon", "coordinates": [ [ [ -65.28170557253496, -10.537287154631889 ], [ -65.28170557253496, -10.53778715316999 ], [ -65.281455573056846, -10.53778715316999 ], [ -65.281455573056846, -10.53803715243904 ], [ -65.28170557253496, -10.53803715243904 ], [ -65.28170557253496, -10.538287151708092 ], [ -65.282205571491161, -10.538287151708092 ], [ -65.282205571491161, -10.53803715243904 ], [ -65.282705570447376, -10.53803715243904 ], [ -65.282705570447376, -10.53778715316999 ], [ -65.282205571491161, -10.53778715316999 ], [ -65.282205571491161, -10.537287154631889 ], [ -65.28170557253496, -10.537287154631889 ] ] ] } },
{ "type": "Feature", "properties": { "DN": 1 }, "geometry": { "type": "Polygon", "coordinates": [ [ [ -65.289455556356174, -10.537287154631889 ], [ -65.289205556878059, -10.537287154631889 ], [ -65.289205556878059, -10.537537153900939 ], [ -65.289449087124851, -10.537537153900939 ], [ -65.289455556356174, -10.537417595507407 ], [ -65.289455556356174, -10.537287154631889 ] ] ] } },
{ "type": "Feature", "properties": { "DN": 1 }, "geometry": { "type": "Polygon", "coordinates": [ [ [ -65.284205567315993, -10.537037155362837 ], [ -65.284205567315993, -10.537287154631889 ], [ -65.284705566272194, -10.537287154631889 ], [ -65.284705566272194, -10.537037155362837 ], [ -65.284205567315993, -10.537037155362837 ] ] ] } },
{ "type": "Feature", "properties": { "DN": 1 }, "geometry": { "type": "Polygon", "coordinates": [ [ [ -65.289205556878059, -10.536787156093787 ], [ -65.289205556878059, -10.537037155362837 ], [ -65.289455556356174, -10.537037155362837 ], [ -65.289455556356174, -10.536787156093787 ], [ -65.289205556878059, -10.536787156093787 ] ] ] } },
{ "type": "Feature", "properties": { "DN": 1 }, "geometry": { "type": "Polygon", "coordinates": [ [ [ -65.289205556878059, -10.535787159017582 ], [ -65.289205556878059, -10.536287157555684 ], [ -65.289455556356174, -10.536287157555684 ], [ -65.289455556356174, -10.535787159017582 ], [ -65.289205556878059, -10.535787159017582 ] ] ] } },
{ "type": "Feature", "properties": { "DN": 1 }, "geometry": { "type": "Polygon", "coordinates": [ [ [ -65.289205556878059, -10.529287178022262 ], [ -65.289205556878059, -10.529537177291312 ], [ -65.288705557921858, -10.529537177291312 ], [ -65.288705557921858, -10.530787173636567 ], [ -65.288955557399959, -10.530787173636567 ], [ -65.288955557399959, -10.531037172905616 ], [ -65.289705555834274, -10.531037172905616 ], [ -65.289705555834274, -10.530537174367515 ], [ -65.289827862975116, -10.530537174367515 ], [ -65.289895503443233, -10.529287178022262 ], [ -65.289205556878059, -10.529287178022262 ] ] ] } },
{ "type": "Feature", "properties": { "DN": 1 }, "geometry": { "type": "Polygon", "coordinates": [ [ [ -65.275205586104263, -10.529287178022262 ], [ -65.275205586104263, -10.529787176560363 ], [ -65.275705585060464, -10.529787176560363 ], [ -65.275705585060464, -10.529287178022262 ], [ -65.275205586104263, -10.529287178022262 ] ] ] } },
{ "type": "Feature", "properties": { "DN": 1 }, "geometry": { "type": "Polygon", "coordinates": [ [ [ -65.285955563662711, -10.528537180215109 ], [ -65.285955563662711, -10.528787179484159 ], [ -65.28570556418461, -10.528787179484159 ], [ -65.28570556418461, -10.530537174367515 ], [ -65.286705562097026, -10.530537174367515 ], [ -65.286705562097026, -10.530287175098465 ], [ -65.287455560531342, -10.530287175098465 ], [ -65.287455560531342, -10.530037175829413 ], [ -65.287705560009442, -10.530037175829413 ], [ -65.287705560009442, -10.529537177291312 ], [ -65.287955559487543, -10.529537177291312 ], [ -65.287955559487543, -10.52903717875321 ], [ -65.287705560009442, -10.52903717875321 ], [ -65.287705560009442, -10.528787179484159 ], [ -65.286955561575127, -10.528787179484159 ], [ -65.286955561575127, -10.528537180215109 ], [ -65.285955563662711, -10.528537180215109 ] ], [ [ -65.286705562097026, -10.529537177291312 ], [ -65.286455562618926, -10.529537177291312 ], [ -65.286455562618926, -10.529287178022262 ], [ -65.286705562097026, -10.529287178022262 ], [ -65.286705562097026, -10.529537177291312 ] ] ] } },
{ "type": "Feature", "properties": { "DN": 1 }, "geometry": { "type": "Polygon", "coordinates": [ [ [ -65.28170557253496, -10.525537188986499 ], [ -65.28170557253496, -10.525787188255549 ], [ -65.281455573056846, -10.525787188255549 ], [ -65.281455573056846, -10.526287186793651 ], [ -65.281205573578745, -10.526287186793651 ], [ -65.281205573578745, -10.526787185331752 ], [ -65.280955574100645, -10.526787185331752 ], [ -65.280955574100645, -10.527287183869854 ], [ -65.281455573056846, -10.527287183869854 ], [ -65.281455573056846, -10.527787182407955 ], [ -65.28170557253496, -10.527787182407955 ], [ -65.28170557253496, -10.527537183138906 ], [ -65.281955572013061, -10.527537183138906 ], [ -65.281955572013061, -10.527287183869854 ], [ -65.282205571491161, -10.527287183869854 ], [ -65.282205571491161, -10.527037184600804 ], [ -65.282955569925477, -10.527037184600804 ], [ -65.282955569925477, -10.525787188255549 ], [ -65.282455570969262, -10.525787188255549 ], [ -65.282455570969262, -10.525537188986499 ], [ -65.28170557253496, -10.525537188986499 ] ] ] } },
{ "type": "Feature", "properties": { "DN": 1 }, "geometry": { "type": "Polygon", "coordinates": [ [ [ -65.284955565750309, -10.525287189717448 ], [ -65.284955565750309, -10.525537188986499 ], [ -65.284705566272194, -10.525537188986499 ], [ -65.284705566272194, -10.525787188255549 ], [ -65.284455566794094, -10.525787188255549 ], [ -65.284455566794094, -10.526037187524601 ], [ -65.284205567315993, -10.526037187524601 ], [ -65.284205567315993, -10.526787185331752 ], [ -65.285205565228409, -10.526787185331752 ], [ -65.285205565228409, -10.526537186062702 ], [ -65.28570556418461, -10.526537186062702 ], [ -65.28570556418461, -10.525537188986499 ], [ -65.285205565228409, -10.525537188986499 ], [ -65.285205565228409, -10.525287189717448 ], [ -65.284955565750309, -10.525287189717448 ] ] ] } },
{ "type": "Feature", "properties": { "DN": 1 }, "geometry": { "type": "Polygon", "coordinates": [ [ [ -65.272455591845116, -10.523787194103143 ], [ -65.272455591845116, -10.524037193372193 ], [ -65.272205592367015, -10.524037193372193 ], [ -65.272205592367015, -10.524287192641244 ], [ -65.271955592888915, -10.524287192641244 ], [ -65.271955592888915, -10.524537191910294 ], [ -65.272205592367015, -10.524537191910294 ], [ -65.272205592367015, -10.525037190448398 ], [ -65.273205590279431, -10.525037190448398 ], [ -65.273205590279431, -10.524037193372193 ], [ -65.272955590801331, -10.524037193372193 ], [ -65.272955590801331, -10.523787194103143 ], [ -65.272455591845116, -10.523787194103143 ] ] ] } },
{ "type": "Feature", "properties": { "DN": 1 }, "geometry": { "type": "Polygon", "coordinates": [ [ [ -65.285955563662711, -10.52303719629599 ], [ -65.285955563662711, -10.523537194834091 ], [ -65.28545556470651, -10.523537194834091 ], [ -65.28545556470651, -10.524037193372193 ], [ -65.286455562618926, -10.524037193372193 ], [ -65.286455562618926, -10.523787194103143 ], [ -65.286705562097026, -10.523787194103143 ], [ -65.286705562097026, -10.523287195565041 ], [ -65.286455562618926, -10.523287195565041 ], [ -65.286455562618926, -10.52303719629599 ], [ -65.285955563662711, -10.52303719629599 ] ] ] } },
{ "type": "Feature", "properties": { "DN": 1 }, "geometry": { "type": "Polygon", "coordinates": [ [ [ -65.29045555426859, -10.517787211645922 ], [ -65.289955555312375, -10.517787211645922 ], [ -65.289955555312375, -10.518287210184024 ], [ -65.289705555834274, -10.518287210184024 ], [ -65.289705555834274, -10.518787208722125 ], [ -65.289455556356174, -10.518787208722125 ], [ -65.289455556356174, -10.519037207991177 ], [ -65.288955557399959, -10.519037207991177 ], [ -65.288955557399959, -10.519287207260227 ], [ -65.288455558443758, -10.519287207260227 ], [ -65.288455558443758, -10.520537203605482 ], [ -65.288955557399959, -10.520537203605482 ], [ -65.288955557399959, -10.520787202874534 ], [ -65.288455558443758, -10.520787202874534 ], [ -65.288455558443758, -10.521037202143583 ], [ -65.288205558965657, -10.521037202143583 ], [ -65.288205558965657, -10.521287201412633 ], [ -65.287705560009442, -10.521287201412633 ], [ -65.287705560009442, -10.521537200681685 ], [ -65.287455560531342, -10.521537200681685 ], [ -65.287455560531342, -10.522537197757888 ], [ -65.287705560009442, -10.522537197757888 ], [ -65.287705560009442, -10.524287192641244 ], [ -65.287455560531342, -10.524287192641244 ], [ -65.287455560531342, -10.525037190448398 ], [ -65.287705560009442, -10.525037190448398 ], [ -65.287705560009442, -10.525287189717448 ], [ -65.287955559487543, -10.525287189717448 ], [ -65.287955559487543, -10.525537188986499 ], [ -65.287705560009442, -10.525537188986499 ], [ -65.287705560009442, -10.526287186793651 ], [ -65.287455560531342, -10.526287186793651 ], [ -65.287455560531342, -10.527287183869854 ], [ -65.287705560009442, -10.527287183869854 ], [ -65.287705560009442, -10.527787182407955 ], [ -65.287955559487543, -10.527787182407955 ], [ -65.287955559487543, -10.528037181677007 ], [ -65.288455558443758, -10.528037181677007 ], [ -65.288455558443758, -10.528287180946057 ], [ -65.289455556356174, -10.528287180946057 ], [ -65.289455556356174, -10.528537180215109 ], [ -65.289705555834274, -10.528537180215109 ], [ -65.289705555834274, -10.528287180946057 ], [ -65.289949615817719, -10.528287180946057 ], [ -65.289955555312375, -10.528177419041416 ], [ -65.289955555312375, -10.526787185331752 ], [ -65.289705555834274, -10.526787185331752 ], [ -65.289705555834274, -10.527037184600804 ], [ -65.289455556356174, -10.527037184600804 ], [ -65.289455556356174, -10.527287183869854 ], [ -65.288955557399959, -10.527287183869854 ], [ -65.288955557399959, -10.527537183138906 ], [ -65.288705557921858, -10.527537183138906 ], [ -65.288705557921858, -10.527287183869854 ], [ -65.288455558443758, -10.527287183869854 ], [ -65.288455558443758, -10.527037184600804 ], [ -65.288205558965657, -10.527037184600804 ], [ -65.288205558965657, -10.526537186062702 ], [ -65.288455558443758, -10.526537186062702 ], [ -65.288455558443758, -10.525787188255549 ], [ -65.288705557921858, -10.525787188255549 ], [ -65.288705557921858, -10.524787191179346 ], [ -65.288455558443758, -10.524787191179346 ], [ -65.288455558443758, -10.524287192641244 ], [ -65.288705557921858, -10.524287192641244 ], [ -65.288705557921858, -10.523787194103143 ], [ -65.289455556356174, -10.523787194103143 ], [ -65.289455556356174, -10.524037193372193 ], [ -65.289205556878059, -10.524037193372193 ], [ -65.289205556878059, -10.526037187524601 ], [ -65.289455556356174, -10.526037187524601 ], [ -65.289455556356174, -10.526287186793651 ], [ -65.289705555834274, -10.526287186793651 ], [ -65.289705555834274, -10.526537186062702 ], [ -65.289955555312375, -10.526537186062702 ], [ -65.289955555312375, -10.525787188255549 ], [ -65.290084896753953, -10.525787188255549 ], [ -65.290134842205063, -10.52486419595375 ], [ -65.290205554790475, -10.523557502888831 ], [ -65.290205554790475, -10.521287201412633 ], [ -65.290328413701531, -10.521287201412633 ], [ -65.29045555426859, -10.518937779506036 ], [ -65.29045555426859, -10.517787211645922 ] ], [ [ -65.289205556878059, -10.523287195565041 ], [ -65.288955557399959, -10.523287195565041 ], [ -65.288955557399959, -10.522287198488838 ], [ -65.289205556878059, -10.522287198488838 ], [ -65.289205556878059, -10.523287195565041 ] ], [ [ -65.289705555834274, -10.52278719702694 ], [ -65.289455556356174, -10.52278719702694 ], [ -65.289455556356174, -10.522537197757888 ], [ -65.289705555834274, -10.522537197757888 ], [ -65.289705555834274, -10.52278719702694 ] ] ] } },
{ "type": "Feature", "properties": { "DN": 1 }, "geometry": { "type": "Polygon", "coordinates": [ [ [ -65.28170557253496, -10.519787205798329 ], [ -65.28170557253496, -10.52003720506738 ], [ -65.281455573056846, -10.52003720506738 ], [ -65.281455573056846, -10.522037199219787 ], [ -65.282205571491161, -10.522037199219787 ], [ -65.282205571491161, -10.521787199950737 ], [ -65.282455570969262, -10.521787199950737 ], [ -65.282455570969262, -10.52003720506738 ], [ -65.281955572013061, -10.52003720506738 ], [ -65.281955572013061, -10.519787205798329 ], [ -65.28170557253496, -10.519787205798329 ] ] ] } },
{ "type": "Feature", "properties": { "DN": 1 }, "geometry": { "type": "Polygon", "coordinates": [ [ [ -65.2714555939327, -10.518287210184024 ], [ -65.2714555939327, -10.518537209453076 ], [ -65.2717055934108, -10.518537209453076 ], [ -65.2717055934108, -10.518287210184024 ], [ -65.2714555939327, -10.518287210184024 ] ] ] } },
{ "type": "Feature", "properties": { "DN": 1 }, "geometry": { "type": "Polygon", "coordinates": [ [ [ -65.271205594454599, -10.518037210914974 ], [ -65.271205594454599, -10.518287210184024 ], [ -65.2714555939327, -10.518287210184024 ], [ -65.2714555939327, -10.518037210914974 ], [ -65.271205594454599, -10.518037210914974 ] ] ] } },
{ "type": "Feature", "properties": { "DN": 1 }, "geometry": { "type": "Polygon", "coordinates": [ [ [ -65.29045555426859, -10.515287218955415 ], [ -65.29045555426859, -10.515537218224464 ], [ -65.290639578565589, -10.515537218224464 ], [ -65.290653108226081, -10.515287218955415 ], [ -65.29045555426859, -10.515287218955415 ] ] ] } },
{ "type": "Feature", "properties": { "DN": 1 }, "geometry": { "type": "Polygon", "coordinates": [ [ [ -65.29070555374669, -10.510537232843449 ], [ -65.29070555374669, -10.51103723138155 ], [ -65.29045555426859, -10.51103723138155 ], [ -65.29045555426859, -10.5112872306506 ], [ -65.290205554790475, -10.5112872306506 ], [ -65.290205554790475, -10.511537229919652 ], [ -65.29045555426859, -10.511537229919652 ], [ -65.29045555426859, -10.511787229188702 ], [ -65.290205554790475, -10.511787229188702 ], [ -65.290205554790475, -10.512037228457753 ], [ -65.289705555834274, -10.512037228457753 ], [ -65.289705555834274, -10.512287227726803 ], [ -65.289455556356174, -10.512287227726803 ], [ -65.289455556356174, -10.51378722334111 ], [ -65.289705555834274, -10.51378722334111 ], [ -65.289705555834274, -10.51403722261016 ], [ -65.289955555312375, -10.51403722261016 ], [ -65.289955555312375, -10.51378722334111 ], [ -65.29070555374669, -10.51378722334111 ], [ -65.29070555374669, -10.512037228457753 ], [ -65.290828993812468, -10.512037228457753 ], [ -65.290910171775423, -10.510537232843449 ], [ -65.29070555374669, -10.510537232843449 ] ] ] } },
{ "type": "Feature", "properties": { "DN": 1 }, "geometry": { "type": "Polygon", "coordinates": [ [ [ -65.28545556470651, -10.51103723138155 ], [ -65.28545556470651, -10.5112872306506 ], [ -65.285205565228409, -10.5112872306506 ], [ -65.285205565228409, -10.511537229919652 ], [ -65.284955565750309, -10.511537229919652 ], [ -65.284955565750309, -10.511787229188702 ], [ -65.284705566272194, -10.511787229188702 ], [ -65.284705566272194, -10.512037228457753 ], [ -65.284955565750309, -10.512037228457753 ], [ -65.284955565750309, -10.512287227726803 ], [ -65.285205565228409, -10.512287227726803 ], [ -65.285205565228409, -10.512537226995855 ], [ -65.28545556470651, -10.512537226995855 ], [ -65.28545556470651, -10.512287227726803 ], [ -65.28570556418461, -10.512287227726803 ], [ -65.28570556418461, -10.512037228457753 ], [ -65.285955563662711, -10.512037228457753 ], [ -65.285955563662711, -10.511537229919652 ], [ -65.286205563140825, -10.511537229919652 ], [ -65.286205563140825, -10.5112872306506 ], [ -65.285955563662711, -10.5112872306506 ], [ -65.285955563662711, -10.51103723138155 ], [ -65.28545556470651, -10.51103723138155 ] ] ] } },
{ "type": "Feature", "properties": { "DN": 1 }, "geometry": { "type": "Polygon", "coordinates": [ [ [ -65.29070555374669, -10.50528724819338 ], [ -65.29070555374669, -10.505537247462431 ], [ -65.29045555426859, -10.505537247462431 ], [ -65.29045555426859, -10.50528724819338 ], [ -65.290205554790475, -10.50528724819338 ], [ -65.290205554790475, -10.505537247462431 ], [ -65.289955555312375, -10.505537247462431 ], [ -65.289955555312375, -10.50528724819338 ], [ -65.289205556878059, -10.50528724819338 ], [ -65.289205556878059, -10.507037243076736 ], [ -65.288955557399959, -10.507037243076736 ], [ -65.288955557399959, -10.507787240883889 ], [ -65.289205556878059, -10.507787240883889 ], [ -65.289205556878059, -10.508537238691041 ], [ -65.289955555312375, -10.508537238691041 ], [ -65.289955555312375, -10.508787237960092 ], [ -65.290955553224791, -10.508787237960092 ], [ -65.290955553224791, -10.507287242345788 ], [ -65.29070555374669, -10.507287242345788 ], [ -65.29070555374669, -10.507787240883889 ], [ -65.289955555312375, -10.507787240883889 ], [ -65.289955555312375, -10.506287245269585 ], [ -65.290955553224791, -10.506287245269585 ], [ -65.290955553224791, -10.506537244538634 ], [ -65.291126646783368, -10.506537244538634 ], [ -65.29119429897294, -10.50528724819338 ], [ -65.29070555374669, -10.50528724819338 ] ] ] } },
{ "type": "Feature", "properties": { "DN": 1 }, "geometry": { "type": "Polygon", "coordinates": [ [ [ -65.291455552181006, -10.491287289126534 ], [ -65.291455552181006, -10.491037289857482 ], [ -65.291205552702891, -10.491037289857482 ], [ -65.291205552702891, -10.491287289126534 ], [ -65.29070555374669, -10.491287289126534 ], [ -65.29070555374669, -10.491537288395584 ], [ -65.29045555426859, -10.491537288395584 ], [ -65.29045555426859, -10.491787287664636 ], [ -65.290205554790475, -10.491787287664636 ], [ -65.290205554790475, -10.492287286202737 ], [ -65.289955555312375, -10.492287286202737 ], [ -65.289955555312375, -10.491787287664636 ], [ -65.289705555834274, -10.491787287664636 ], [ -65.289705555834274, -10.491537288395584 ], [ -65.289955555312375, -10.491537288395584 ], [ -65.289955555312375, -10.490287292050331 ], [ -65.289455556356174, -10.490287292050331 ], [ -65.289455556356174, -10.489787293512229 ], [ -65.289205556878059, -10.489787293512229 ], [ -65.289205556878059, -10.489537294243178 ], [ -65.287955559487543, -10.489537294243178 ], [ -65.287955559487543, -10.489787293512229 ], [ -65.287205561053241, -10.489787293512229 ], [ -65.287205561053241, -10.490287292050331 ], [ -65.286955561575127, -10.490287292050331 ], [ -65.286955561575127, -10.489787293512229 ], [ -65.286705562097026, -10.489787293512229 ], [ -65.286705562097026, -10.490537291319381 ], [ -65.287205561053241, -10.490537291319381 ], [ -65.287205561053241, -10.490787290588433 ], [ -65.287705560009442, -10.490787290588433 ], [ -65.287705560009442, -10.491287289126534 ], [ -65.287955559487543, -10.491287289126534 ], [ -65.287955559487543, -10.491037289857482 ], [ -65.288205558965657, -10.491037289857482 ], [ -65.288205558965657, -10.491287289126534 ], [ -65.288455558443758, -10.491287289126534 ], [ -65.288455558443758, -10.491037289857482 ], [ -65.288705557921858, -10.491037289857482 ], [ -65.288705557921858, -10.491537288395584 ], [ -65.288955557399959, -10.491537288395584 ], [ -65.288955557399959, -10.492037286933686 ], [ -65.289205556878059, -10.492037286933686 ], [ -65.289205556878059, -10.492287286202737 ], [ -65.288955557399959, -10.492287286202737 ], [ -65.288955557399959, -10.492537285471787 ], [ -65.289205556878059, -10.492537285471787 ], [ -65.289205556878059, -10.492787284740839 ], [ -65.289455556356174, -10.492787284740839 ], [ -65.289455556356174, -10.49303728400989 ], [ -65.289205556878059, -10.49303728400989 ], [ -65.289205556878059, -10.49328728327894 ], [ -65.288955557399959, -10.49328728327894 ], [ -65.288955557399959, -10.493787281817042 ], [ -65.289205556878059, -10.493787281817042 ], [ -65.289205556878059, -10.494037281086094 ], [ -65.289705555834274, -10.494037281086094 ], [ -65.289705555834274, -10.494287280355143 ], [ -65.289455556356174, -10.494287280355143 ], [ -65.289455556356174, -10.495037278162297 ], [ -65.289705555834274, -10.495037278162297 ], [ -65.289705555834274, -10.495287277431347 ], [ -65.290955553224791, -10.495287277431347 ], [ -65.290955553224791, -10.495537276700398 ], [ -65.29070555374669, -10.495537276700398 ], [ -65.29070555374669, -10.495787275969448 ], [ -65.290955553224791, -10.495787275969448 ], [ -65.290955553224791, -10.4960372752385 ], [ -65.291205552702891, -10.4960372752385 ], [ -65.291205552702891, -10.496537273776601 ], [ -65.291455552181006, -10.496537273776601 ], [ -65.291455552181006, -10.497537270852805 ], [ -65.29070555374669, -10.497537270852805 ], [ -65.29070555374669, -10.497287271583755 ], [ -65.29045555426859, -10.497287271583755 ], [ -65.29045555426859, -10.497037272314703 ], [ -65.290205554790475, -10.497037272314703 ], [ -65.290205554790475, -10.497287271583755 ], [ -65.288455558443758, -10.497287271583755 ], [ -65.288455558443758, -10.497787270121856 ], [ -65.286955561575127, -10.497787270121856 ], [ -65.286955561575127, -10.498037269390906 ], [ -65.286455562618926, -10.498037269390906 ], [ -65.286455562618926, -10.498537267929008 ], [ -65.286705562097026, -10.498537267929008 ], [ -65.286705562097026, -10.498787267198059 ], [ -65.286955561575127, -10.498787267198059 ], [ -65.286955561575127, -10.499037266467109 ], [ -65.287205561053241, -10.499037266467109 ], [ -65.287205561053241, -10.499287265736161 ], [ -65.286955561575127, -10.499287265736161 ], [ -65.286955561575127, -10.499537265005211 ], [ -65.287705560009442, -10.499537265005211 ], [ -65.287705560009442, -10.499787264274262 ], [ -65.287205561053241, -10.499787264274262 ], [ -65.287205561053241, -10.500287262812364 ], [ -65.287705560009442, -10.500287262812364 ], [ -65.287705560009442, -10.500537262081414 ], [ -65.288955557399959, -10.500537262081414 ], [ -65.288955557399959, -10.500287262812364 ], [ -65.289205556878059, -10.500287262812364 ], [ -65.289205556878059, -10.501537259157619 ], [ -65.289455556356174, -10.501537259157619 ], [ -65.289455556356174, -10.501787258426669 ], [ -65.289705555834274, -10.501787258426669 ], [ -65.289705555834274, -10.50203725769572 ], [ -65.289455556356174, -10.50203725769572 ], [ -65.289455556356174, -10.50228725696477 ], [ -65.289205556878059, -10.50228725696477 ], [ -65.289205556878059, -10.503037254771924 ], [ -65.289455556356174, -10.503037254771924 ], [ -65.289455556356174, -10.503287254040973 ], [ -65.29045555426859, -10.503287254040973 ], [ -65.29045555426859, -10.504537250386228 ], [ -65.291205552702891, -10.504537250386228 ], [ -65.291205552702891, -10.502787255502872 ], [ -65.291329603352082, -10.502787255502872 ], [ -65.291383725103742, -10.501787258426669 ], [ -65.291205552702891, -10.501787258426669 ], [ -65.291205552702891, -10.501537259157619 ], [ -65.291397255541654, -10.501537259157619 ], [ -65.291455552181006, -10.50046012349374 ], [ -65.291455552181006, -10.500287262812364 ], [ -65.290955553224791, -10.500287262812364 ], [ -65.290955553224791, -10.499787264274262 ], [ -65.291455552181006, -10.499787264274262 ], [ -65.291455552181006, -10.499287265736161 ], [ -65.29070555374669, -10.499287265736161 ], [ -65.29070555374669, -10.498787267198059 ], [ -65.290955553224791, -10.498787267198059 ], [ -65.290955553224791, -10.498537267929008 ], [ -65.29070555374669, -10.498537267929008 ], [ -65.29070555374669, -10.498287268659958 ], [ -65.291455552181006, -10.498287268659958 ], [ -65.291455552181006, -10.498037269390906 ], [ -65.291586681672456, -10.498037269390906 ], [ -65.291609083023346, -10.497623363988604 ], [ -65.291705551659106, -10.495841034062112 ], [ -65.291705551659106, -10.493787281817042 ], [ -65.291455552181006, -10.493787281817042 ], [ -65.291455552181006, -10.494037281086094 ], [ -65.291205552702891, -10.494037281086094 ], [ -65.291205552702891, -10.494537279624195 ], [ -65.29045555426859, -10.494537279624195 ], [ -65.29045555426859, -10.493787281817042 ], [ -65.290205554790475, -10.493787281817042 ], [ -65.290205554790475, -10.49353728254799 ], [ -65.289955555312375, -10.49353728254799 ], [ -65.289955555312375, -10.49328728327894 ], [ -65.290205554790475, -10.49328728327894 ], [ -65.290205554790475, -10.49303728400989 ], [ -65.29045555426859, -10.49303728400989 ], [ -65.29045555426859, -10.492787284740839 ], [ -65.29070555374669, -10.492787284740839 ], [ -65.29070555374669, -10.492537285471787 ], [ -65.290955553224791, -10.492537285471787 ], [ -65.290955553224791, -10.492037286933686 ], [ -65.291205552702891, -10.492037286933686 ], [ -65.291205552702891, -10.492287286202737 ], [ -65.291455552181006, -10.492287286202737 ], [ -65.291455552181006, -10.492537285471787 ], [ -65.291705551659106, -10.492537285471787 ], [ -65.291705551659106, -10.492787284740839 ], [ -65.291870835889938, -10.492787284740839 ], [ -65.291952023176535, -10.491287289126534 ], [ -65.291455552181006, -10.491287289126534 ] ], [ [ -65.289205556878059, -10.491787287664636 ], [ -65.289455556356174, -10.491787287664636 ], [ -65.289455556356174, -10.492037286933686 ], [ -65.289205556878059, -10.492037286933686 ], [ -65.289205556878059, -10.491787287664636 ] ], [ [ -65.288955557399959, -10.490037292781279 ], [ -65.288705557921858, -10.490037292781279 ], [ -65.288705557921858, -10.489787293512229 ], [ -65.288955557399959, -10.489787293512229 ], [ -65.288955557399959, -10.490037292781279 ] ], [ [ -65.290205554790475, -10.499037266467109 ], [ -65.289205556878059, -10.499037266467109 ], [ -65.289205556878059, -10.498787267198059 ], [ -65.290205554790475, -10.498787267198059 ], [ -65.290205554790475, -10.499037266467109 ] ], [ [ -65.29045555426859, -10.500287262812364 ], [ -65.289455556356174, -10.500287262812364 ], [ -65.289455556356174, -10.500037263543312 ], [ -65.289705555834274, -10.500037263543312 ], [ -65.289705555834274, -10.499787264274262 ], [ -65.29045555426859, -10.499787264274262 ], [ -65.29045555426859, -10.500287262812364 ] ], [ [ -65.290955553224791, -10.501037260619515 ], [ -65.29070555374669, -10.501037260619515 ], [ -65.29070555374669, -10.500787261350466 ], [ -65.290955553224791, -10.500787261350466 ], [ -65.290955553224791, -10.501037260619515 ] ], [ [ -65.29045555426859, -10.501287259888567 ], [ -65.289955555312375, -10.501287259888567 ], [ -65.289955555312375, -10.501037260619515 ], [ -65.29045555426859, -10.501037260619515 ], [ -65.29045555426859, -10.501287259888567 ] ], [ [ -65.290955553224791, -10.50203725769572 ], [ -65.29070555374669, -10.50203725769572 ], [ -65.29070555374669, -10.501787258426669 ], [ -65.290955553224791, -10.501787258426669 ], [ -65.290955553224791, -10.50203725769572 ] ] ] } },
{ "type": "Feature", "properties": { "DN": 1 }, "geometry": { "type": "Polygon", "coordinates": [ [ [ -65.28545556470651, -10.495537276700398 ], [ -65.28545556470651, -10.4960372752385 ], [ -65.285205565228409, -10.4960372752385 ], [ -65.285205565228409, -10.496537273776601 ], [ -65.28545556470651, -10.496537273776601 ], [ -65.28545556470651, -10.496787273045651 ], [ -65.28570556418461, -10.496787273045651 ], [ -65.28570556418461, -10.497037272314703 ], [ -65.286455562618926, -10.497037272314703 ], [ -65.286455562618926, -10.496787273045651 ], [ -65.286705562097026, -10.496787273045651 ], [ -65.286705562097026, -10.495787275969448 ], [ -65.286205563140825, -10.495787275969448 ], [ -65.286205563140825, -10.495537276700398 ], [ -65.28545556470651, -10.495537276700398 ] ] ] } },
{ "type": "Feature", "properties": { "DN": 1 }, "geometry": { "type": "Polygon", "coordinates": [ [ [ -65.290205554790475, -10.491287289126534 ], [ -65.290205554790475, -10.491537288395584 ], [ -65.29045555426859, -10.491537288395584 ], [ -65.29045555426859, -10.491287289126534 ], [ -65.290205554790475, -10.491287289126534 ] ] ] } },
{ "type": "Feature", "properties": { "DN": 1 }, "geometry": { "type": "Polygon", "coordinates": [ [ [ -65.291955551137207, -10.48728730082172 ], [ -65.291955551137207, -10.48703730155267 ], [ -65.292182058721579, -10.48703730155267 ], [ -65.292195590712637, -10.486787302283618 ], [ -65.291705551659106, -10.486787302283618 ], [ -65.291705551659106, -10.487537300090771 ], [ -65.291455552181006, -10.487537300090771 ], [ -65.291455552181006, -10.488537297166975 ], [ -65.29070555374669, -10.488537297166975 ], [ -65.29070555374669, -10.488787296436026 ], [ -65.29045555426859, -10.488787296436026 ], [ -65.29045555426859, -10.489037295705076 ], [ -65.290205554790475, -10.489037295705076 ], [ -65.290205554790475, -10.489787293512229 ], [ -65.29045555426859, -10.489787293512229 ], [ -65.29045555426859, -10.490287292050331 ], [ -65.29070555374669, -10.490287292050331 ], [ -65.29070555374669, -10.490537291319381 ], [ -65.291205552702891, -10.490537291319381 ], [ -65.291205552702891, -10.490787290588433 ], [ -65.291455552181006, -10.490787290588433 ], [ -65.291455552181006, -10.491037289857482 ], [ -65.291705551659106, -10.491037289857482 ], [ -65.291705551659106, -10.490787290588433 ], [ -65.291955551137207, -10.490787290588433 ], [ -65.291955551137207, -10.489037295705076 ], [ -65.292073804106437, -10.489037295705076 ], [ -65.292087335320872, -10.488787296436026 ], [ -65.291955551137207, -10.488787296436026 ], [ -65.291955551137207, -10.488287297897923 ], [ -65.292114398766302, -10.488287297897923 ], [ -65.292168526730521, -10.48728730082172 ], [ -65.291955551137207, -10.48728730082172 ] ], [ [ -65.291705551659106, -10.489537294243178 ], [ -65.291455552181006, -10.489537294243178 ], [ -65.291455552181006, -10.489787293512229 ], [ -65.291205552702891, -10.489787293512229 ], [ -65.291205552702891, -10.489537294243178 ], [ -65.290955553224791, -10.489537294243178 ], [ -65.290955553224791, -10.489287294974126 ], [ -65.291705551659106, -10.489287294974126 ], [ -65.291705551659106, -10.489537294243178 ] ] ] } },
{ "type": "Feature", "properties": { "DN": 1 }, "geometry": { "type": "Polygon", "coordinates": [ [ [ -65.284705566272194, -10.487537300090771 ], [ -65.284705566272194, -10.488037298628873 ], [ -65.284455566794094, -10.488037298628873 ], [ -65.284455566794094, -10.488287297897923 ], [ -65.284205567315993, -10.488287297897923 ], [ -65.284205567315993, -10.488787296436026 ], [ -65.284455566794094, -10.488787296436026 ], [ -65.284455566794094, -10.489037295705076 ], [ -65.284955565750309, -10.489037295705076 ], [ -65.284955565750309, -10.488787296436026 ], [ -65.285205565228409, -10.488787296436026 ], [ -65.285205565228409, -10.488287297897923 ], [ -65.284955565750309, -10.488287297897923 ], [ -65.284955565750309, -10.487537300090771 ], [ -65.284705566272194, -10.487537300090771 ] ] ] } },
{ "type": "Feature", "properties": { "DN": 1 }, "geometry": { "type": "Polygon", "coordinates": [ [ [ -65.291705551659106, -10.486037304476467 ], [ -65.291705551659106, -10.486537303014568 ], [ -65.292205550615307, -10.486537303014568 ], [ -65.292205550615307, -10.486037304476467 ], [ -65.291705551659106, -10.486037304476467 ] ] ] } },
{ "type": "Feature", "properties": { "DN": 1 }, "geometry": { "type": "Polygon", "coordinates": [ [ [ -65.291955551137207, -10.485287306669314 ], [ -65.291955551137207, -10.485537305938365 ], [ -65.292205550615307, -10.485537305938365 ], [ -65.292205550615307, -10.485287306669314 ], [ -65.291955551137207, -10.485287306669314 ] ] ] } },
{ "type": "Feature", "properties": { "DN": 1 }, "geometry": { "type": "Polygon", "coordinates": [ [ [ -65.292205550615307, -10.483787311055009 ], [ -65.292205550615307, -10.483537311785957 ], [ -65.291705551659106, -10.483537311785957 ], [ -65.291705551659106, -10.485287306669314 ], [ -65.291955551137207, -10.485287306669314 ], [ -65.291955551137207, -10.484787308131212 ], [ -65.292205550615307, -10.484787308131212 ], [ -65.292205550615307, -10.48428730959311 ], [ -65.292330910623207, -10.48428730959311 ], [ -65.292357974605324, -10.483787311055009 ], [ -65.292205550615307, -10.483787311055009 ] ] ] } },
{ "type": "Feature", "properties": { "DN": 1 }, "geometry": { "type": "Polygon", "coordinates": [ [ [ -65.289205556878059, -10.483537311785957 ], [ -65.289205556878059, -10.48428730959311 ], [ -65.289455556356174, -10.48428730959311 ], [ -65.289455556356174, -10.48453730886216 ], [ -65.29045555426859, -10.48453730886216 ], [ -65.29045555426859, -10.48428730959311 ], [ -65.29070555374669, -10.48428730959311 ], [ -65.29070555374669, -10.483537311785957 ], [ -65.289205556878059, -10.483537311785957 ] ] ] } },
{ "type": "Feature", "properties": { "DN": 1 }, "geometry": { "type": "Polygon", "coordinates": [ [ [ -65.281455573056846, -10.483037313247856 ], [ -65.280705574622544, -10.483037313247856 ], [ -65.280705574622544, -10.483287312516907 ], [ -65.28045557514443, -10.483287312516907 ], [ -65.28045557514443, -10.484037310324059 ], [ -65.279955576188229, -10.484037310324059 ], [ -65.279955576188229, -10.482787313978806 ], [ -65.279705576710128, -10.482787313978806 ], [ -65.279705576710128, -10.482537314709754 ], [ -65.279205577753913, -10.482537314709754 ], [ -65.279205577753913, -10.482787313978806 ], [ -65.278955578275813, -10.482787313978806 ], [ -65.278955578275813, -10.483037313247856 ], [ -65.278705578797712, -10.483037313247856 ], [ -65.278705578797712, -10.48428730959311 ], [ -65.278955578275813, -10.48428730959311 ], [ -65.278955578275813, -10.48453730886216 ], [ -65.279205577753913, -10.48453730886216 ], [ -65.279205577753913, -10.484787308131212 ], [ -65.279455577232028, -10.484787308131212 ], [ -65.279455577232028, -10.485037307400262 ], [ -65.279705576710128, -10.485037307400262 ], [ -65.279705576710128, -10.484787308131212 ], [ -65.28045557514443, -10.484787308131212 ], [ -65.28045557514443, -10.485037307400262 ], [ -65.280705574622544, -10.485037307400262 ], [ -65.280705574622544, -10.484787308131212 ], [ -65.281455573056846, -10.484787308131212 ], [ -65.281455573056846, -10.485287306669314 ], [ -65.28170557253496, -10.485287306669314 ], [ -65.28170557253496, -10.484787308131212 ], [ -65.282205571491161, -10.484787308131212 ], [ -65.282205571491161, -10.48453730886216 ], [ -65.281955572013061, -10.48453730886216 ], [ -65.281955572013061, -10.48428730959311 ], [ -65.282205571491161, -10.48428730959311 ], [ -65.282205571491161, -10.483787311055009 ], [ -65.281955572013061, -10.483787311055009 ], [ -65.281955572013061, -10.483537311785957 ], [ -65.281455573056846, -10.483537311785957 ], [ -65.281455573056846, -10.483037313247856 ] ], [ [ -65.281455573056846, -10.483787311055009 ], [ -65.281205573578745, -10.483787311055009 ], [ -65.281205573578745, -10.483537311785957 ], [ -65.281455573056846, -10.483537311785957 ], [ -65.281455573056846, -10.483787311055009 ] ], [ [ -65.28170557253496, -10.48453730886216 ], [ -65.281455573056846, -10.48453730886216 ], [ -65.281455573056846, -10.48428730959311 ], [ -65.28170557253496, -10.48428730959311 ], [ -65.28170557253496, -10.48453730886216 ] ], [ [ -65.281205573578745, -10.48453730886216 ], [ -65.280955574100645, -10.48453730886216 ], [ -65.280955574100645, -10.48428730959311 ], [ -65.281205573578745, -10.48428730959311 ], [ -65.281205573578745, -10.48453730886216 ] ] ] } },
{ "type": "Feature", "properties": { "DN": 1 }, "geometry": { "type": "Polygon", "coordinates": [ [ [ -65.276205584016679, -10.482787313978806 ], [ -65.276205584016679, -10.483037313247856 ], [ -65.27645558349478, -10.483037313247856 ], [ -65.27645558349478, -10.482787313978806 ], [ -65.276205584016679, -10.482787313978806 ] ] ] } },
{ "type": "Feature", "properties": { "DN": 1 }, "geometry": { "type": "Polygon", "coordinates": [ [ [ -65.275205586104263, -10.482787313978806 ], [ -65.275205586104263, -10.483037313247856 ], [ -65.275455585582364, -10.483037313247856 ], [ -65.275455585582364, -10.482787313978806 ], [ -65.275205586104263, -10.482787313978806 ] ] ] } },
{ "type": "Feature", "properties": { "DN": 1 }, "geometry": { "type": "Polygon", "coordinates": [ [ [ -65.286955561575127, -10.480037322019246 ], [ -65.286955561575127, -10.480287321288296 ], [ -65.287205561053241, -10.480287321288296 ], [ -65.287205561053241, -10.480037322019246 ], [ -65.286955561575127, -10.480037322019246 ] ] ] } },
{ "type": "Feature", "properties": { "DN": 1 }, "geometry": { "type": "Polygon", "coordinates": [ [ [ -65.281455573056846, -10.47828732713589 ], [ -65.281455573056846, -10.478787325673991 ], [ -65.281205573578745, -10.478787325673991 ], [ -65.281205573578745, -10.479037324943043 ], [ -65.280955574100645, -10.479037324943043 ], [ -65.280955574100645, -10.479287324212093 ], [ -65.281205573578745, -10.479287324212093 ], [ -65.281205573578745, -10.480037322019246 ], [ -65.28170557253496, -10.480037322019246 ], [ -65.28170557253496, -10.479787322750195 ], [ -65.281955572013061, -10.479787322750195 ], [ -65.281955572013061, -10.479537323481145 ], [ -65.282205571491161, -10.479537323481145 ], [ -65.282205571491161, -10.479287324212093 ], [ -65.281955572013061, -10.479287324212093 ], [ -65.281955572013061, -10.478787325673991 ], [ -65.28170557253496, -10.478787325673991 ], [ -65.28170557253496, -10.47828732713589 ], [ -65.281455573056846, -10.47828732713589 ] ] ] } },
{ "type": "Feature", "properties": { "DN": 1 }, "geometry": { "type": "Polygon", "coordinates": [ [ [ -65.291205552702891, -10.478537326404942 ], [ -65.291205552702891, -10.478787325673991 ], [ -65.29070555374669, -10.478787325673991 ], [ -65.29070555374669, -10.479287324212093 ], [ -65.290955553224791, -10.479287324212093 ], [ -65.290955553224791, -10.479537323481145 ], [ -65.291205552702891, -10.479537323481145 ], [ -65.291205552702891, -10.479787322750195 ], [ -65.291455552181006, -10.479787322750195 ], [ -65.291455552181006, -10.479537323481145 ], [ -65.291705551659106, -10.479537323481145 ], [ -65.291705551659106, -10.478787325673991 ], [ -65.291455552181006, -10.478787325673991 ], [ -65.291455552181006, -10.478537326404942 ], [ -65.291205552702891, -10.478537326404942 ] ], [ [ -65.291455552181006, -10.479287324212093 ], [ -65.291205552702891, -10.479287324212093 ], [ -65.291205552702891, -10.479037324943043 ], [ -65.291455552181006, -10.479037324943043 ], [ -65.291455552181006, -10.479287324212093 ] ] ] } },
{ "type": "Feature", "properties": { "DN": 1 }, "geometry": { "type": "Polygon", "coordinates": [ [ [ -65.290205554790475, -10.477287330059687 ], [ -65.290205554790475, -10.477537329328737 ], [ -65.289955555312375, -10.477537329328737 ], [ -65.289955555312375, -10.478537326404942 ], [ -65.290955553224791, -10.478537326404942 ], [ -65.290955553224791, -10.47803732786684 ], [ -65.291205552702891, -10.47803732786684 ], [ -65.291205552702891, -10.477787328597788 ], [ -65.290955553224791, -10.477787328597788 ], [ -65.290955553224791, -10.477537329328737 ], [ -65.29070555374669, -10.477537329328737 ], [ -65.29070555374669, -10.477287330059687 ], [ -65.290205554790475, -10.477287330059687 ] ], [ [ -65.29070555374669, -10.47803732786684 ], [ -65.29045555426859, -10.47803732786684 ], [ -65.29045555426859, -10.477787328597788 ], [ -65.29070555374669, -10.477787328597788 ], [ -65.29070555374669, -10.47803732786684 ] ] ] } },
{ "type": "Feature", "properties": { "DN": 1 }, "geometry": { "type": "Polygon", "coordinates": [ [ [ -65.28170557253496, -10.477287330059687 ], [ -65.28170557253496, -10.47828732713589 ], [ -65.282205571491161, -10.47828732713589 ], [ -65.282205571491161, -10.477287330059687 ], [ -65.28170557253496, -10.477287330059687 ] ] ] } },
{ "type": "Feature", "properties": { "DN": 1 }, "geometry": { "type": "Polygon", "coordinates": [ [ [ -65.278705578797712, -10.476537332252533 ], [ -65.278705578797712, -10.477037330790637 ], [ -65.278955578275813, -10.477037330790637 ], [ -65.278955578275813, -10.477287330059687 ], [ -65.279205577753913, -10.477287330059687 ], [ -65.279205577753913, -10.477037330790637 ], [ -65.279455577232028, -10.477037330790637 ], [ -65.279455577232028, -10.476537332252533 ], [ -65.278705578797712, -10.476537332252533 ] ] ] } },
{ "type": "Feature", "properties": { "DN": 1 }, "geometry": { "type": "Polygon", "coordinates": [ [ [ -65.293205548527723, -10.463537370261891 ], [ -65.293205548527723, -10.463787369530941 ], [ -65.292705549571522, -10.463787369530941 ], [ -65.292705549571522, -10.463287370992839 ], [ -65.292205550615307, -10.463287370992839 ], [ -65.292205550615307, -10.463037371723789 ], [ -65.291455552181006, -10.463037371723789 ], [ -65.291455552181006, -10.463787369530941 ], [ -65.291705551659106, -10.463787369530941 ], [ -65.291705551659106, -10.464287368069042 ], [ -65.291455552181006, -10.464287368069042 ], [ -65.291455552181006, -10.464037368799993 ], [ -65.290955553224791, -10.464037368799993 ], [ -65.290955553224791, -10.464287368069042 ], [ -65.29070555374669, -10.464287368069042 ], [ -65.29070555374669, -10.464537367338094 ], [ -65.29045555426859, -10.464537367338094 ], [ -65.29045555426859, -10.465287365145247 ], [ -65.288705557921858, -10.465287365145247 ], [ -65.288705557921858, -10.465787363683347 ], [ -65.288455558443758, -10.465787363683347 ], [ -65.288455558443758, -10.466287362221451 ], [ -65.288205558965657, -10.466287362221451 ], [ -65.288205558965657, -10.4665373614905 ], [ -65.287955559487543, -10.4665373614905 ], [ -65.287955559487543, -10.466787360759552 ], [ -65.287705560009442, -10.466787360759552 ], [ -65.287705560009442, -10.467037360028602 ], [ -65.287455560531342, -10.467037360028602 ], [ -65.287455560531342, -10.467787357835755 ], [ -65.287705560009442, -10.467787357835755 ], [ -65.287705560009442, -10.468037357104805 ], [ -65.287955559487543, -10.468037357104805 ], [ -65.287955559487543, -10.468287356373857 ], [ -65.288205558965657, -10.468287356373857 ], [ -65.288205558965657, -10.468537355642907 ], [ -65.288705557921858, -10.468537355642907 ], [ -65.288705557921858, -10.469037354181008 ], [ -65.288955557399959, -10.469037354181008 ], [ -65.288955557399959, -10.46928735345006 ], [ -65.289205556878059, -10.46928735345006 ], [ -65.289205556878059, -10.469537352719112 ], [ -65.289455556356174, -10.469537352719112 ], [ -65.289455556356174, -10.469787351988161 ], [ -65.289705555834274, -10.469787351988161 ], [ -65.289705555834274, -10.469537352719112 ], [ -65.290205554790475, -10.469537352719112 ], [ -65.290205554790475, -10.470287350526263 ], [ -65.289955555312375, -10.470287350526263 ], [ -65.289955555312375, -10.471287347602466 ], [ -65.289705555834274, -10.471287347602466 ], [ -65.289705555834274, -10.471537346871518 ], [ -65.289455556356174, -10.471537346871518 ], [ -65.289455556356174, -10.471787346140568 ], [ -65.289705555834274, -10.471787346140568 ], [ -65.289705555834274, -10.472037345409619 ], [ -65.289955555312375, -10.472037345409619 ], [ -65.289955555312375, -10.472787343216771 ], [ -65.292205550615307, -10.472787343216771 ], [ -65.292205550615307, -10.473287341754872 ], [ -65.292705549571522, -10.473287341754872 ], [ -65.292705549571522, -10.473787340292976 ], [ -65.292455550093408, -10.473787340292976 ], [ -65.292455550093408, -10.474037339562026 ], [ -65.291205552702891, -10.474037339562026 ], [ -65.291205552702891, -10.474287338831077 ], [ -65.290955553224791, -10.474287338831077 ], [ -65.290955553224791, -10.474537338100127 ], [ -65.291205552702891, -10.474537338100127 ], [ -65.291205552702891, -10.474787337369179 ], [ -65.290955553224791, -10.474787337369179 ], [ -65.290955553224791, -10.47528733590728 ], [ -65.29070555374669, -10.47528733590728 ], [ -65.29070555374669, -10.475037336638229 ], [ -65.29045555426859, -10.475037336638229 ], [ -65.29045555426859, -10.47528733590728 ], [ -65.290205554790475, -10.47528733590728 ], [ -65.290205554790475, -10.47553733517633 ], [ -65.289455556356174, -10.47553733517633 ], [ -65.289455556356174, -10.474537338100127 ], [ -65.289205556878059, -10.474537338100127 ], [ -65.289205556878059, -10.474287338831077 ], [ -65.288705557921858, -10.474287338831077 ], [ -65.288705557921858, -10.474037339562026 ], [ -65.288455558443758, -10.474037339562026 ], [ -65.288455558443758, -10.474537338100127 ], [ -65.288205558965657, -10.474537338100127 ], [ -65.288205558965657, -10.474787337369179 ], [ -65.287955559487543, -10.474787337369179 ], [ -65.287955559487543, -10.47528733590728 ], [ -65.287705560009442, -10.47528733590728 ], [ -65.287705560009442, -10.474537338100127 ], [ -65.287955559487543, -10.474537338100127 ], [ -65.287955559487543, -10.474287338831077 ], [ -65.287705560009442, -10.474287338831077 ], [ -65.287705560009442, -10.473537341023924 ], [ -65.287205561053241, -10.473537341023924 ], [ -65.287205561053241, -10.472787343216771 ], [ -65.286955561575127, -10.472787343216771 ], [ -65.286955561575127, -10.472287344678669 ], [ -65.285955563662711, -10.472287344678669 ], [ -65.285955563662711, -10.472037345409619 ], [ -65.28545556470651, -10.472037345409619 ], [ -65.28545556470651, -10.472287344678669 ], [ -65.285205565228409, -10.472287344678669 ], [ -65.285205565228409, -10.473037342485823 ], [ -65.28545556470651, -10.473037342485823 ], [ -65.28545556470651, -10.473537341023924 ], [ -65.285205565228409, -10.473537341023924 ], [ -65.285205565228409, -10.473787340292976 ], [ -65.28545556470651, -10.473787340292976 ], [ -65.28545556470651, -10.474037339562026 ], [ -65.285205565228409, -10.474037339562026 ], [ -65.285205565228409, -10.474787337369179 ], [ -65.28545556470651, -10.474787337369179 ], [ -65.28545556470651, -10.47528733590728 ], [ -65.284705566272194, -10.47528733590728 ], [ -65.284705566272194, -10.474787337369179 ], [ -65.284455566794094, -10.474787337369179 ], [ -65.284455566794094, -10.474537338100127 ], [ -65.284205567315993, -10.474537338100127 ], [ -65.284205567315993, -10.474287338831077 ], [ -65.283205569403577, -10.474287338831077 ], [ -65.283205569403577, -10.475037336638229 ], [ -65.282955569925477, -10.475037336638229 ], [ -65.282955569925477, -10.47528733590728 ], [ -65.282205571491161, -10.47528733590728 ], [ -65.282205571491161, -10.475787334445382 ], [ -65.282705570447376, -10.475787334445382 ], [ -65.282705570447376, -10.476287332983484 ], [ -65.282205571491161, -10.476287332983484 ], [ -65.282205571491161, -10.476037333714432 ], [ -65.281955572013061, -10.476037333714432 ], [ -65.281955572013061, -10.476287332983484 ], [ -65.28170557253496, -10.476287332983484 ], [ -65.28170557253496, -10.476037333714432 ], [ -65.281455573056846, -10.476037333714432 ], [ -65.281455573056846, -10.474787337369179 ], [ -65.28170557253496, -10.474787337369179 ], [ -65.28170557253496, -10.474537338100127 ], [ -65.281205573578745, -10.474537338100127 ], [ -65.281205573578745, -10.474287338831077 ], [ -65.280955574100645, -10.474287338831077 ], [ -65.280955574100645, -10.474037339562026 ], [ -65.28045557514443, -10.474037339562026 ], [ -65.28045557514443, -10.474537338100127 ], [ -65.280205575666329, -10.474537338100127 ], [ -65.280205575666329, -10.474787337369179 ], [ -65.28045557514443, -10.474787337369179 ], [ -65.28045557514443, -10.47528733590728 ], [ -65.280955574100645, -10.47528733590728 ], [ -65.280955574100645, -10.476037333714432 ], [ -65.280705574622544, -10.476037333714432 ], [ -65.280705574622544, -10.476287332983484 ], [ -65.280205575666329, -10.476287332983484 ], [ -65.280205575666329, -10.476537332252533 ], [ -65.279955576188229, -10.476537332252533 ], [ -65.279955576188229, -10.477037330790637 ], [ -65.280955574100645, -10.477037330790637 ], [ -65.280955574100645, -10.476537332252533 ], [ -65.281955572013061, -10.476537332252533 ], [ -65.281955572013061, -10.477037330790637 ], [ -65.282205571491161, -10.477037330790637 ], [ -65.282205571491161, -10.476537332252533 ], [ -65.282455570969262, -10.476537332252533 ], [ -65.282455570969262, -10.477037330790637 ], [ -65.283205569403577, -10.477037330790637 ], [ -65.283205569403577, -10.477287330059687 ], [ -65.283455568881678, -10.477287330059687 ], [ -65.283455568881678, -10.476787331521585 ], [ -65.283205569403577, -10.476787331521585 ], [ -65.283205569403577, -10.476537332252533 ], [ -65.283705568359778, -10.476537332252533 ], [ -65.283705568359778, -10.47553733517633 ], [ -65.284205567315993, -10.47553733517633 ], [ -65.284205567315993, -10.477037330790637 ], [ -65.284705566272194, -10.477037330790637 ], [ -65.284705566272194, -10.477287330059687 ], [ -65.284205567315993, -10.477287330059687 ], [ -65.284205567315993, -10.477787328597788 ], [ -65.283955567837893, -10.477787328597788 ], [ -65.283955567837893, -10.478537326404942 ], [ -65.284205567315993, -10.478537326404942 ], [ -65.284205567315993, -10.478787325673991 ], [ -65.284455566794094, -10.478787325673991 ], [ -65.284455566794094, -10.479037324943043 ], [ -65.284955565750309, -10.479037324943043 ], [ -65.284955565750309, -10.478787325673991 ], [ -65.28570556418461, -10.478787325673991 ], [ -65.28570556418461, -10.478537326404942 ], [ -65.285955563662711, -10.478537326404942 ], [ -65.285955563662711, -10.477787328597788 ], [ -65.28570556418461, -10.477787328597788 ], [ -65.28570556418461, -10.477287330059687 ], [ -65.28545556470651, -10.477287330059687 ], [ -65.28545556470651, -10.476787331521585 ], [ -65.28570556418461, -10.476787331521585 ], [ -65.28570556418461, -10.476287332983484 ], [ -65.28545556470651, -10.476287332983484 ], [ -65.28545556470651, -10.47553733517633 ], [ -65.285955563662711, -10.47553733517633 ], [ -65.285955563662711, -10.475787334445382 ], [ -65.286205563140825, -10.475787334445382 ], [ -65.286205563140825, -10.476037333714432 ], [ -65.286705562097026, -10.476037333714432 ], [ -65.286705562097026, -10.475787334445382 ], [ -65.286955561575127, -10.475787334445382 ], [ -65.286955561575127, -10.476037333714432 ], [ -65.287205561053241, -10.476037333714432 ], [ -65.287205561053241, -10.476537332252533 ], [ -65.287955559487543, -10.476537332252533 ], [ -65.287955559487543, -10.476787331521585 ], [ -65.287205561053241, -10.476787331521585 ], [ -65.287205561053241, -10.477037330790637 ], [ -65.286705562097026, -10.477037330790637 ], [ -65.286705562097026, -10.477287330059687 ], [ -65.286455562618926, -10.477287330059687 ], [ -65.286455562618926, -10.477787328597788 ], [ -65.286205563140825, -10.477787328597788 ], [ -65.286205563140825, -10.47803732786684 ], [ -65.286455562618926, -10.47803732786684 ], [ -65.286455562618926, -10.47828732713589 ], [ -65.287205561053241, -10.47828732713589 ], [ -65.287205561053241, -10.478537326404942 ], [ -65.286705562097026, -10.478537326404942 ], [ -65.286705562097026, -10.479037324943043 ], [ -65.286955561575127, -10.479037324943043 ], [ -65.286955561575127, -10.479287324212093 ], [ -65.286455562618926, -10.479287324212093 ], [ -65.286455562618926, -10.479537323481145 ], [ -65.285955563662711, -10.479537323481145 ], [ -65.285955563662711, -10.480537320557348 ], [ -65.28545556470651, -10.480537320557348 ], [ -65.28545556470651, -10.480037322019246 ], [ -65.284705566272194, -10.480037322019246 ], [ -65.284705566272194, -10.480787319826398 ], [ -65.285205565228409, -10.480787319826398 ], [ -65.285205565228409, -10.481037319095449 ], [ -65.284955565750309, -10.481037319095449 ], [ -65.284955565750309, -10.481287318364501 ], [ -65.284705566272194, -10.481287318364501 ], [ -65.284705566272194, -10.481037319095449 ], [ -65.284205567315993, -10.481037319095449 ], [ -65.284205567315993, -10.480537320557348 ], [ -65.283705568359778, -10.480537320557348 ], [ -65.283705568359778, -10.480287321288296 ], [ -65.283205569403577, -10.480287321288296 ], [ -65.283205569403577, -10.480537320557348 ], [ -65.283455568881678, -10.480537320557348 ], [ -65.283455568881678, -10.480787319826398 ], [ -65.282455570969262, -10.480787319826398 ], [ -65.282455570969262, -10.481287318364501 ], [ -65.282205571491161, -10.481287318364501 ], [ -65.282205571491161, -10.482287315440704 ], [ -65.282705570447376, -10.482287315440704 ], [ -65.282705570447376, -10.482037316171652 ], [ -65.282955569925477, -10.482037316171652 ], [ -65.282955569925477, -10.481787316902601 ], [ -65.283455568881678, -10.481787316902601 ], [ -65.283455568881678, -10.481537317633551 ], [ -65.283955567837893, -10.481537317633551 ], [ -65.283955567837893, -10.481287318364501 ], [ -65.284205567315993, -10.481287318364501 ], [ -65.284205567315993, -10.482037316171652 ], [ -65.284705566272194, -10.482037316171652 ], [ -65.284705566272194, -10.482537314709754 ], [ -65.284455566794094, -10.482537314709754 ], [ -65.284455566794094, -10.482287315440704 ], [ -65.284205567315993, -10.482287315440704 ], [ -65.284205567315993, -10.482537314709754 ], [ -65.283955567837893, -10.482537314709754 ], [ -65.283955567837893, -10.482787313978806 ], [ -65.283705568359778, -10.482787313978806 ], [ -65.283705568359778, -10.483037313247856 ], [ -65.282955569925477, -10.483037313247856 ], [ -65.282955569925477, -10.482787313978806 ], [ -65.282705570447376, -10.482787313978806 ], [ -65.282705570447376, -10.483037313247856 ], [ -65.282455570969262, -10.483037313247856 ], [ -65.282455570969262, -10.484037310324059 ], [ -65.282705570447376, -10.484037310324059 ], [ -65.282705570447376, -10.48453730886216 ], [ -65.282455570969262, -10.48453730886216 ], [ -65.282455570969262, -10.485537305938365 ], [ -65.282705570447376, -10.485537305938365 ], [ -65.282705570447376, -10.485787305207415 ], [ -65.283455568881678, -10.485787305207415 ], [ -65.283455568881678, -10.485537305938365 ], [ -65.283705568359778, -10.485537305938365 ], [ -65.283705568359778, -10.48453730886216 ], [ -65.283955567837893, -10.48453730886216 ], [ -65.283955567837893, -10.484787308131212 ], [ -65.284705566272194, -10.484787308131212 ], [ -65.284705566272194, -10.48453730886216 ], [ -65.285205565228409, -10.48453730886216 ], [ -65.285205565228409, -10.48428730959311 ], [ -65.28545556470651, -10.48428730959311 ], [ -65.28545556470651, -10.485287306669314 ], [ -65.28570556418461, -10.485287306669314 ], [ -65.28570556418461, -10.485537305938365 ], [ -65.285955563662711, -10.485537305938365 ], [ -65.285955563662711, -10.485787305207415 ], [ -65.286455562618926, -10.485787305207415 ], [ -65.286455562618926, -10.486537303014568 ], [ -65.285955563662711, -10.486537303014568 ], [ -65.285955563662711, -10.486787302283618 ], [ -65.28570556418461, -10.486787302283618 ], [ -65.28570556418461, -10.487537300090771 ], [ -65.285205565228409, -10.487537300090771 ], [ -65.285205565228409, -10.488037298628873 ], [ -65.28545556470651, -10.488037298628873 ], [ -65.28545556470651, -10.488787296436026 ], [ -65.285955563662711, -10.488787296436026 ], [ -65.285955563662711, -10.488037298628873 ], [ -65.286455562618926, -10.488037298628873 ], [ -65.286455562618926, -10.487787299359821 ], [ -65.286705562097026, -10.487787299359821 ], [ -65.286705562097026, -10.48728730082172 ], [ -65.286955561575127, -10.48728730082172 ], [ -65.286955561575127, -10.48703730155267 ], [ -65.287455560531342, -10.48703730155267 ], [ -65.287455560531342, -10.486287303745517 ], [ -65.287705560009442, -10.486287303745517 ], [ -65.287705560009442, -10.486037304476467 ], [ -65.287455560531342, -10.486037304476467 ], [ -65.287455560531342, -10.485787305207415 ], [ -65.286705562097026, -10.485787305207415 ], [ -65.286705562097026, -10.48428730959311 ], [ -65.286455562618926, -10.48428730959311 ], [ -65.286455562618926, -10.484037310324059 ], [ -65.285205565228409, -10.484037310324059 ], [ -65.285205565228409, -10.483537311785957 ], [ -65.28545556470651, -10.483537311785957 ], [ -65.28545556470651, -10.483287312516907 ], [ -65.286205563140825, -10.483287312516907 ], [ -65.286205563140825, -10.482287315440704 ], [ -65.286455562618926, -10.482287315440704 ], [ -65.286455562618926, -10.482787313978806 ], [ -65.286955561575127, -10.482787313978806 ], [ -65.286955561575127, -10.481787316902601 ], [ -65.286705562097026, -10.481787316902601 ], [ -65.286705562097026, -10.481537317633551 ], [ -65.287205561053241, -10.481537317633551 ], [ -65.287205561053241, -10.481287318364501 ], [ -65.287705560009442, -10.481287318364501 ], [ -65.287705560009442, -10.480537320557348 ], [ -65.288205558965657, -10.480537320557348 ], [ -65.288205558965657, -10.480037322019246 ], [ -65.288455558443758, -10.480037322019246 ], [ -65.288455558443758, -10.480287321288296 ], [ -65.288705557921858, -10.480287321288296 ], [ -65.288705557921858, -10.480537320557348 ], [ -65.289205556878059, -10.480537320557348 ], [ -65.289205556878059, -10.480787319826398 ], [ -65.289455556356174, -10.480787319826398 ], [ -65.289455556356174, -10.481037319095449 ], [ -65.289205556878059, -10.481037319095449 ], [ -65.289205556878059, -10.481287318364501 ], [ -65.288955557399959, -10.481287318364501 ], [ -65.288955557399959, -10.481537317633551 ], [ -65.288705557921858, -10.481537317633551 ], [ -65.288705557921858, -10.482287315440704 ], [ -65.288955557399959, -10.482287315440704 ], [ -65.288955557399959, -10.482537314709754 ], [ -65.289455556356174, -10.482537314709754 ], [ -65.289455556356174, -10.483287312516907 ], [ -65.290205554790475, -10.483287312516907 ], [ -65.290205554790475, -10.483037313247856 ], [ -65.29070555374669, -10.483037313247856 ], [ -65.29070555374669, -10.482787313978806 ], [ -65.290205554790475, -10.482787313978806 ], [ -65.290205554790475, -10.482537314709754 ], [ -65.290955553224791, -10.482537314709754 ], [ -65.290955553224791, -10.482787313978806 ], [ -65.292205550615307, -10.482787313978806 ], [ -65.292205550615307, -10.483037313247856 ], [ -65.292398570578499, -10.483037313247856 ], [ -65.292455550093408, -10.481984634671583 ], [ -65.292455550093408, -10.481787316902601 ], [ -65.292205550615307, -10.481787316902601 ], [ -65.292205550615307, -10.480537320557348 ], [ -65.292455550093408, -10.480537320557348 ], [ -65.292455550093408, -10.480037322019246 ], [ -65.292205550615307, -10.480037322019246 ], [ -65.292205550615307, -10.480287321288296 ], [ -65.291955551137207, -10.480287321288296 ], [ -65.291955551137207, -10.480537320557348 ], [ -65.291705551659106, -10.480537320557348 ], [ -65.291705551659106, -10.482287315440704 ], [ -65.291205552702891, -10.482287315440704 ], [ -65.291205552702891, -10.482037316171652 ], [ -65.290955553224791, -10.482037316171652 ], [ -65.290955553224791, -10.481537317633551 ], [ -65.29070555374669, -10.481537317633551 ], [ -65.29070555374669, -10.480537320557348 ], [ -65.29045555426859, -10.480537320557348 ], [ -65.29045555426859, -10.480287321288296 ], [ -65.289705555834274, -10.480287321288296 ], [ -65.289705555834274, -10.480037322019246 ], [ -65.288955557399959, -10.480037322019246 ], [ -65.288955557399959, -10.479287324212093 ], [ -65.288705557921858, -10.479287324212093 ], [ -65.288705557921858, -10.479037324943043 ], [ -65.288955557399959, -10.479037324943043 ], [ -65.288955557399959, -10.477037330790637 ], [ -65.289205556878059, -10.477037330790637 ], [ -65.289205556878059, -10.476537332252533 ], [ -65.288955557399959, -10.476537332252533 ], [ -65.288955557399959, -10.475787334445382 ], [ -65.289205556878059, -10.475787334445382 ], [ -65.289205556878059, -10.476037333714432 ], [ -65.29045555426859, -10.476037333714432 ], [ -65.29045555426859, -10.47553733517633 ], [ -65.291205552702891, -10.47553733517633 ], [ -65.291205552702891, -10.475037336638229 ], [ -65.291455552181006, -10.475037336638229 ], [ -65.291455552181006, -10.47553733517633 ], [ -65.292205550615307, -10.47553733517633 ], [ -65.292205550615307, -10.474787337369179 ], [ -65.291455552181006, -10.474787337369179 ], [ -65.291455552181006, -10.474287338831077 ], [ -65.292705549571522, -10.474287338831077 ], [ -65.292705549571522, -10.474537338100127 ], [ -65.292858674913433, -10.474537338100127 ], [ -65.292939871809537, -10.473037342485823 ], [ -65.292705549571522, -10.473037342485823 ], [ -65.292705549571522, -10.472787343216771 ], [ -65.292953404625564, -10.472787343216771 ], [ -65.292955549049623, -10.472747728073275 ], [ -65.292955549049623, -10.472537343947721 ], [ -65.291705551659106, -10.472537343947721 ], [ -65.291705551659106, -10.472287344678669 ], [ -65.291455552181006, -10.472287344678669 ], [ -65.291455552181006, -10.472037345409619 ], [ -65.29070555374669, -10.472037345409619 ], [ -65.29070555374669, -10.471787346140568 ], [ -65.29045555426859, -10.471787346140568 ], [ -65.29045555426859, -10.471537346871518 ], [ -65.29070555374669, -10.471537346871518 ], [ -65.29070555374669, -10.470787349064365 ], [ -65.291705551659106, -10.470787349064365 ], [ -65.291705551659106, -10.470287350526263 ], [ -65.291955551137207, -10.470287350526263 ], [ -65.291955551137207, -10.470037351257213 ], [ -65.292205550615307, -10.470037351257213 ], [ -65.292205550615307, -10.469537352719112 ], [ -65.292705549571522, -10.469537352719112 ], [ -65.292705549571522, -10.469787351988161 ], [ -65.292955549049623, -10.469787351988161 ], [ -65.292955549049623, -10.470537349795315 ], [ -65.293075199969721, -10.470537349795315 ], [ -65.2931293312338, -10.469537352719112 ], [ -65.292955549049623, -10.469537352719112 ], [ -65.292955549049623, -10.46928735345006 ], [ -65.29314286464998, -10.46928735345006 ], [ -65.29319699914538, -10.468287356373857 ], [ -65.292705549571522, -10.468287356373857 ], [ -65.292705549571522, -10.468037357104805 ], [ -65.291455552181006, -10.468037357104805 ], [ -65.291455552181006, -10.468287356373857 ], [ -65.291205552702891, -10.468287356373857 ], [ -65.291205552702891, -10.468537355642907 ], [ -65.290955553224791, -10.468537355642907 ], [ -65.290955553224791, -10.469037354181008 ], [ -65.29070555374669, -10.469037354181008 ], [ -65.29070555374669, -10.468787354911958 ], [ -65.29045555426859, -10.468787354911958 ], [ -65.29045555426859, -10.468537355642907 ], [ -65.289705555834274, -10.468537355642907 ], [ -65.289705555834274, -10.468287356373857 ], [ -65.289455556356174, -10.468287356373857 ], [ -65.289455556356174, -10.467787357835755 ], [ -65.29045555426859, -10.467787357835755 ], [ -65.29045555426859, -10.467537358566704 ], [ -65.291455552181006, -10.467537358566704 ], [ -65.291455552181006, -10.467787357835755 ], [ -65.291705551659106, -10.467787357835755 ], [ -65.291705551659106, -10.467287359297654 ], [ -65.291955551137207, -10.467287359297654 ], [ -65.291955551137207, -10.467037360028602 ], [ -65.292705549571522, -10.467037360028602 ], [ -65.292705549571522, -10.467287359297654 ], [ -65.292955549049623, -10.467287359297654 ], [ -65.292955549049623, -10.467537358566704 ], [ -65.293205548527723, -10.467537358566704 ], [ -65.293205548527723, -10.465787363683347 ], [ -65.292455550093408, -10.465787363683347 ], [ -65.292455550093408, -10.466037362952399 ], [ -65.292205550615307, -10.466037362952399 ], [ -65.292205550615307, -10.466287362221451 ], [ -65.291955551137207, -10.466287362221451 ], [ -65.291955551137207, -10.466037362952399 ], [ -65.291705551659106, -10.466037362952399 ], [ -65.291705551659106, -10.465537364414297 ], [ -65.291205552702891, -10.465537364414297 ], [ -65.291205552702891, -10.465287365145247 ], [ -65.291705551659106, -10.465287365145247 ], [ -65.291705551659106, -10.465037365876196 ], [ -65.291955551137207, -10.465037365876196 ], [ -65.291955551137207, -10.464537367338094 ], [ -65.292205550615307, -10.464537367338094 ], [ -65.292205550615307, -10.464287368069042 ], [ -65.293205548527723, -10.464287368069042 ], [ -65.293205548527723, -10.464037368799993 ], [ -65.293427070750866, -10.464037368799993 ], [ -65.293454137998566, -10.463537370261891 ], [ -65.293205548527723, -10.463537370261891 ] ], [ [ -65.283205569403577, -10.47528733590728 ], [ -65.283205569403577, -10.47553733517633 ], [ -65.282955569925477, -10.47553733517633 ], [ -65.282955569925477, -10.47528733590728 ], [ -65.283205569403577, -10.47528733590728 ] ], [ [ -65.283455568881678, -10.47553733517633 ], [ -65.283455568881678, -10.475787334445382 ], [ -65.283205569403577, -10.475787334445382 ], [ -65.283205569403577, -10.47553733517633 ], [ -65.283455568881678, -10.47553733517633 ] ], [ [ -65.283205569403577, -10.476037333714432 ], [ -65.282955569925477, -10.476037333714432 ], [ -65.282955569925477, -10.475787334445382 ], [ -65.283205569403577, -10.475787334445382 ], [ -65.283205569403577, -10.476037333714432 ] ], [ [ -65.284205567315993, -10.47528733590728 ], [ -65.284455566794094, -10.47528733590728 ], [ -65.284455566794094, -10.47553733517633 ], [ -65.284205567315993, -10.47553733517633 ], [ -65.284205567315993, -10.47528733590728 ] ], [ [ -65.286955561575127, -10.477287330059687 ], [ -65.286955561575127, -10.477787328597788 ], [ -65.286705562097026, -10.477787328597788 ], [ -65.286705562097026, -10.477287330059687 ], [ -65.286955561575127, -10.477287330059687 ] ], [ [ -65.283455568881678, -10.48453730886216 ], [ -65.283455568881678, -10.48428730959311 ], [ -65.283705568359778, -10.48428730959311 ], [ -65.283705568359778, -10.48453730886216 ], [ -65.283455568881678, -10.48453730886216 ] ], [ [ -65.286955561575127, -10.480537320557348 ], [ -65.286955561575127, -10.480287321288296 ], [ -65.286455562618926, -10.480287321288296 ], [ -65.286455562618926, -10.480037322019246 ], [ -65.286955561575127, -10.480037322019246 ], [ -65.286955561575127, -10.479787322750195 ], [ -65.287205561053241, -10.479787322750195 ], [ -65.287205561053241, -10.480037322019246 ], [ -65.287455560531342, -10.480037322019246 ], [ -65.287455560531342, -10.480287321288296 ], [ -65.287705560009442, -10.480287321288296 ], [ -65.287705560009442, -10.480537320557348 ], [ -65.286955561575127, -10.480537320557348 ] ], [ [ -65.287955559487543, -10.480037322019246 ], [ -65.287955559487543, -10.479787322750195 ], [ -65.288205558965657, -10.479787322750195 ], [ -65.288205558965657, -10.480037322019246 ], [ -65.287955559487543, -10.480037322019246 ] ], [ [ -65.287705560009442, -10.479787322750195 ], [ -65.287705560009442, -10.479537323481145 ], [ -65.287955559487543, -10.479537323481145 ], [ -65.287955559487543, -10.479787322750195 ], [ -65.287705560009442, -10.479787322750195 ] ], [ [ -65.292455550093408, -10.463787369530941 ], [ -65.292205550615307, -10.463787369530941 ], [ -65.292205550615307, -10.463537370261891 ], [ -65.292455550093408, -10.463537370261891 ], [ -65.292455550093408, -10.463787369530941 ] ], [ [ -65.292955549049623, -10.466787360759552 ], [ -65.292705549571522, -10.466787360759552 ], [ -65.292705549571522, -10.466287362221451 ], [ -65.292955549049623, -10.466287362221451 ], [ -65.292955549049623, -10.466787360759552 ] ], [ [ -65.291705551659106, -10.466787360759552 ], [ -65.291455552181006, -10.466787360759552 ], [ -65.291455552181006, -10.4665373614905 ], [ -65.291705551659106, -10.4665373614905 ], [ -65.291705551659106, -10.466787360759552 ] ], [ [ -65.290205554790475, -10.466787360759552 ], [ -65.289705555834274, -10.466787360759552 ], [ -65.289705555834274, -10.4665373614905 ], [ -65.290205554790475, -10.4665373614905 ], [ -65.290205554790475, -10.466787360759552 ] ], [ [ -65.291955551137207, -10.468787354911958 ], [ -65.292705549571522, -10.468787354911958 ], [ -65.292705549571522, -10.469037354181008 ], [ -65.291955551137207, -10.469037354181008 ], [ -65.291955551137207, -10.468787354911958 ] ], [ [ -65.291955551137207, -10.469787351988161 ], [ -65.291705551659106, -10.469787351988161 ], [ -65.291705551659106, -10.469037354181008 ], [ -65.291955551137207, -10.469037354181008 ], [ -65.291955551137207, -10.469787351988161 ] ], [ [ -65.291705551659106, -10.470037351257213 ], [ -65.290955553224791, -10.470037351257213 ], [ -65.290955553224791, -10.469787351988161 ], [ -65.291705551659106, -10.469787351988161 ], [ -65.291705551659106, -10.470037351257213 ] ], [ [ -65.286955561575127, -10.473787340292976 ], [ -65.286705562097026, -10.473787340292976 ], [ -65.286705562097026, -10.473537341023924 ], [ -65.286955561575127, -10.473537341023924 ], [ -65.286955561575127, -10.473787340292976 ] ], [ [ -65.286455562618926, -10.474037339562026 ], [ -65.286205563140825, -10.474037339562026 ], [ -65.286205563140825, -10.473787340292976 ], [ -65.286455562618926, -10.473787340292976 ], [ -65.286455562618926, -10.474037339562026 ] ], [ [ -65.285955563662711, -10.474037339562026 ], [ -65.28570556418461, -10.474037339562026 ], [ -65.28570556418461, -10.473787340292976 ], [ -65.285955563662711, -10.473787340292976 ], [ -65.285955563662711, -10.474037339562026 ] ], [ [ -65.291955551137207, -10.47528733590728 ], [ -65.291705551659106, -10.47528733590728 ], [ -65.291705551659106, -10.475037336638229 ], [ -65.291955551137207, -10.475037336638229 ], [ -65.291955551137207, -10.47528733590728 ] ], [ [ -65.288205558965657, -10.476037333714432 ], [ -65.287955559487543, -10.476037333714432 ], [ -65.287955559487543, -10.47553733517633 ], [ -65.288205558965657, -10.47553733517633 ], [ -65.288205558965657, -10.476037333714432 ] ], [ [ -65.288205558965657, -10.476537332252533 ], [ -65.288205558965657, -10.476287332983484 ], [ -65.288455558443758, -10.476287332983484 ], [ -65.288455558443758, -10.476537332252533 ], [ -65.288205558965657, -10.476537332252533 ] ], [ [ -65.288705557921858, -10.476537332252533 ], [ -65.288705557921858, -10.476787331521585 ], [ -65.288455558443758, -10.476787331521585 ], [ -65.288455558443758, -10.476537332252533 ], [ -65.288705557921858, -10.476537332252533 ] ], [ [ -65.288205558965657, -10.478537326404942 ], [ -65.287955559487543, -10.478537326404942 ], [ -65.287955559487543, -10.47828732713589 ], [ -65.288205558965657, -10.47828732713589 ], [ -65.288205558965657, -10.478537326404942 ] ], [ [ -65.290205554790475, -10.481287318364501 ], [ -65.289705555834274, -10.481287318364501 ], [ -65.289705555834274, -10.481037319095449 ], [ -65.289955555312375, -10.481037319095449 ], [ -65.289955555312375, -10.480787319826398 ], [ -65.290205554790475, -10.480787319826398 ], [ -65.290205554790475, -10.481287318364501 ] ], [ [ -65.29070555374669, -10.482287315440704 ], [ -65.29045555426859, -10.482287315440704 ], [ -65.29045555426859, -10.482037316171652 ], [ -65.29070555374669, -10.482037316171652 ], [ -65.29070555374669, -10.482287315440704 ] ], [ [ -65.289955555312375, -10.482537314709754 ], [ -65.289705555834274, -10.482537314709754 ], [ -65.289705555834274, -10.482287315440704 ], [ -65.289955555312375, -10.482287315440704 ], [ -65.289955555312375, -10.482537314709754 ] ], [ [ -65.284455566794094, -10.483787311055009 ], [ -65.284205567315993, -10.483787311055009 ], [ -65.284205567315993, -10.483537311785957 ], [ -65.284455566794094, -10.483537311785957 ], [ -65.284455566794094, -10.483787311055009 ] ] ] } },
{ "type": "Feature", "properties": { "DN": 1 }, "geometry": { "type": "Polygon", "coordinates": [ [ [ -65.28170557253496, -10.475787334445382 ], [ -65.28170557253496, -10.476037333714432 ], [ -65.281955572013061, -10.476037333714432 ], [ -65.281955572013061, -10.475787334445382 ], [ -65.28170557253496, -10.475787334445382 ] ] ] } },
{ "type": "Feature", "properties": { "DN": 1 }, "geometry": { "type": "Polygon", "coordinates": [ [ [ -65.278205579841497, -10.47553733517633 ], [ -65.278205579841497, -10.476037333714432 ], [ -65.278955578275813, -10.476037333714432 ], [ -65.278955578275813, -10.47553733517633 ], [ -65.278205579841497, -10.47553733517633 ] ] ] } },
{ "type": "Feature", "properties": { "DN": 1 }, "geometry": { "type": "Polygon", "coordinates": [ [ [ -65.284455566794094, -10.474037339562026 ], [ -65.284455566794094, -10.474537338100127 ], [ -65.284705566272194, -10.474537338100127 ], [ -65.284705566272194, -10.474787337369179 ], [ -65.284955565750309, -10.474787337369179 ], [ -65.284955565750309, -10.474037339562026 ], [ -65.284455566794094, -10.474037339562026 ] ] ] } },
{ "type": "Feature", "properties": { "DN": 1 }, "geometry": { "type": "Polygon", "coordinates": [ [ [ -65.2717055934108, -10.463287370992839 ], [ -65.2717055934108, -10.463537370261891 ], [ -65.2714555939327, -10.463537370261891 ], [ -65.2714555939327, -10.463787369530941 ], [ -65.271205594454599, -10.463787369530941 ], [ -65.271205594454599, -10.464537367338094 ], [ -65.2714555939327, -10.464537367338094 ], [ -65.2714555939327, -10.464787366607144 ], [ -65.271955592888915, -10.464787366607144 ], [ -65.271955592888915, -10.465037365876196 ], [ -65.272705591323216, -10.465037365876196 ], [ -65.272705591323216, -10.464787366607144 ], [ -65.273455589757532, -10.464787366607144 ], [ -65.273455589757532, -10.464537367338094 ], [ -65.273705589235632, -10.464537367338094 ], [ -65.273705589235632, -10.463787369530941 ], [ -65.273455589757532, -10.463787369530941 ], [ -65.273455589757532, -10.463537370261891 ], [ -65.272955590801331, -10.463537370261891 ], [ -65.272955590801331, -10.463287370992839 ], [ -65.2717055934108, -10.463287370992839 ] ] ] } },
{ "type": "Feature", "properties": { "DN": 1 }, "geometry": { "type": "Polygon", "coordinates": [ [ [ -65.278705578797712, -10.459787381226128 ], [ -65.278705578797712, -10.46028737976423 ], [ -65.278455579319612, -10.46028737976423 ], [ -65.278455579319612, -10.46053737903328 ], [ -65.278205579841497, -10.46053737903328 ], [ -65.278205579841497, -10.462287373916636 ], [ -65.278705578797712, -10.462287373916636 ], [ -65.278705578797712, -10.462537373185688 ], [ -65.279205577753913, -10.462537373185688 ], [ -65.279205577753913, -10.463037371723789 ], [ -65.278455579319612, -10.463037371723789 ], [ -65.278455579319612, -10.464537367338094 ], [ -65.277955580363397, -10.464537367338094 ], [ -65.277955580363397, -10.465037365876196 ], [ -65.277705580885296, -10.465037365876196 ], [ -65.277705580885296, -10.464787366607144 ], [ -65.277205581929081, -10.464787366607144 ], [ -65.277205581929081, -10.464287368069042 ], [ -65.27645558349478, -10.464287368069042 ], [ -65.27645558349478, -10.465537364414297 ], [ -65.275955584538565, -10.465537364414297 ], [ -65.275955584538565, -10.465787363683347 ], [ -65.275455585582364, -10.465787363683347 ], [ -65.275455585582364, -10.465537364414297 ], [ -65.275205586104263, -10.465537364414297 ], [ -65.275205586104263, -10.465287365145247 ], [ -65.274205588191847, -10.465287365145247 ], [ -65.274205588191847, -10.465787363683347 ], [ -65.273955588713733, -10.465787363683347 ], [ -65.273955588713733, -10.466037362952399 ], [ -65.273705589235632, -10.466037362952399 ], [ -65.273705589235632, -10.466287362221451 ], [ -65.273455589757532, -10.466287362221451 ], [ -65.273455589757532, -10.466787360759552 ], [ -65.273955588713733, -10.466787360759552 ], [ -65.273955588713733, -10.467037360028602 ], [ -65.274455587669948, -10.467037360028602 ], [ -65.274455587669948, -10.466787360759552 ], [ -65.275205586104263, -10.466787360759552 ], [ -65.275205586104263, -10.467037360028602 ], [ -65.275455585582364, -10.467037360028602 ], [ -65.275455585582364, -10.467787357835755 ], [ -65.275705585060464, -10.467787357835755 ], [ -65.275705585060464, -10.468037357104805 ], [ -65.276205584016679, -10.468037357104805 ], [ -65.276205584016679, -10.468287356373857 ], [ -65.27670558297288, -10.468287356373857 ], [ -65.27670558297288, -10.468037357104805 ], [ -65.276955582450981, -10.468037357104805 ], [ -65.276955582450981, -10.466287362221451 ], [ -65.277705580885296, -10.466287362221451 ], [ -65.277705580885296, -10.465537364414297 ], [ -65.277955580363397, -10.465537364414297 ], [ -65.277955580363397, -10.465787363683347 ], [ -65.278705578797712, -10.465787363683347 ], [ -65.278705578797712, -10.466037362952399 ], [ -65.280205575666329, -10.466037362952399 ], [ -65.280205575666329, -10.4665373614905 ], [ -65.28045557514443, -10.4665373614905 ], [ -65.28045557514443, -10.467037360028602 ], [ -65.281205573578745, -10.467037360028602 ], [ -65.281205573578745, -10.466787360759552 ], [ -65.28170557253496, -10.466787360759552 ], [ -65.28170557253496, -10.4665373614905 ], [ -65.281455573056846, -10.4665373614905 ], [ -65.281455573056846, -10.466287362221451 ], [ -65.281205573578745, -10.466287362221451 ], [ -65.281205573578745, -10.466037362952399 ], [ -65.28170557253496, -10.466037362952399 ], [ -65.28170557253496, -10.465787363683347 ], [ -65.281955572013061, -10.465787363683347 ], [ -65.281955572013061, -10.464787366607144 ], [ -65.28170557253496, -10.464787366607144 ], [ -65.28170557253496, -10.464537367338094 ], [ -65.281205573578745, -10.464537367338094 ], [ -65.281205573578745, -10.464287368069042 ], [ -65.280955574100645, -10.464287368069042 ], [ -65.280955574100645, -10.464037368799993 ], [ -65.281205573578745, -10.464037368799993 ], [ -65.281205573578745, -10.463287370992839 ], [ -65.280705574622544, -10.463287370992839 ], [ -65.280705574622544, -10.463037371723789 ], [ -65.280955574100645, -10.463037371723789 ], [ -65.280955574100645, -10.462537373185688 ], [ -65.280705574622544, -10.462537373185688 ], [ -65.280705574622544, -10.462037374647586 ], [ -65.28045557514443, -10.462037374647586 ], [ -65.28045557514443, -10.461537376109483 ], [ -65.279955576188229, -10.461537376109483 ], [ -65.279955576188229, -10.461037377571381 ], [ -65.279705576710128, -10.461037377571381 ], [ -65.279705576710128, -10.460787378302332 ], [ -65.279455577232028, -10.460787378302332 ], [ -65.279455577232028, -10.459787381226128 ], [ -65.278705578797712, -10.459787381226128 ] ], [ [ -65.279205577753913, -10.46053737903328 ], [ -65.278955578275813, -10.46053737903328 ], [ -65.278955578275813, -10.46028737976423 ], [ -65.279205577753913, -10.46028737976423 ], [ -65.279205577753913, -10.46053737903328 ] ], [ [ -65.280705574622544, -10.465037365876196 ], [ -65.28045557514443, -10.465037365876196 ], [ -65.28045557514443, -10.464537367338094 ], [ -65.280705574622544, -10.464537367338094 ], [ -65.280705574622544, -10.465037365876196 ] ], [ [ -65.280705574622544, -10.465537364414297 ], [ -65.28045557514443, -10.465537364414297 ], [ -65.28045557514443, -10.465287365145247 ], [ -65.280705574622544, -10.465287365145247 ], [ -65.280705574622544, -10.465537364414297 ] ], [ [ -65.275205586104263, -10.4665373614905 ], [ -65.274705587148048, -10.4665373614905 ], [ -65.274705587148048, -10.466287362221451 ], [ -65.275205586104263, -10.466287362221451 ], [ -65.275205586104263, -10.4665373614905 ] ] ] } },
{ "type": "Feature", "properties": { "DN": 1 }, "geometry": { "type": "Polygon", "coordinates": [ [ [ -65.277705580885296, -10.463537370261891 ], [ -65.277705580885296, -10.463787369530941 ], [ -65.277205581929081, -10.463787369530941 ], [ -65.277205581929081, -10.464037368799993 ], [ -65.277705580885296, -10.464037368799993 ], [ -65.277705580885296, -10.464287368069042 ], [ -65.278205579841497, -10.464287368069042 ], [ -65.278205579841497, -10.463787369530941 ], [ -65.277955580363397, -10.463787369530941 ], [ -65.277955580363397, -10.463537370261891 ], [ -65.277705580885296, -10.463537370261891 ] ] ] } },
{ "type": "Feature", "properties": { "DN": 1 }, "geometry": { "type": "Polygon", "coordinates": [ [ [ -65.283205569403577, -10.462537373185688 ], [ -65.283205569403577, -10.462787372454738 ], [ -65.282705570447376, -10.462787372454738 ], [ -65.282705570447376, -10.462537373185688 ], [ -65.282455570969262, -10.462537373185688 ], [ -65.282455570969262, -10.462787372454738 ], [ -65.282205571491161, -10.462787372454738 ], [ -65.282205571491161, -10.463037371723789 ], [ -65.281955572013061, -10.463037371723789 ], [ -65.281955572013061, -10.463537370261891 ], [ -65.282205571491161, -10.463537370261891 ], [ -65.282205571491161, -10.463787369530941 ], [ -65.282705570447376, -10.463787369530941 ], [ -65.282705570447376, -10.463537370261891 ], [ -65.282955569925477, -10.463537370261891 ], [ -65.282955569925477, -10.463287370992839 ], [ -65.283205569403577, -10.463287370992839 ], [ -65.283205569403577, -10.463537370261891 ], [ -65.283455568881678, -10.463537370261891 ], [ -65.283455568881678, -10.463787369530941 ], [ -65.283955567837893, -10.463787369530941 ], [ -65.283955567837893, -10.462787372454738 ], [ -65.283455568881678, -10.462787372454738 ], [ -65.283455568881678, -10.462537373185688 ], [ -65.283205569403577, -10.462537373185688 ] ] ] } },
{ "type": "Feature", "properties": { "DN": 1 }, "geometry": { "type": "Polygon", "coordinates": [ [ [ -65.283955567837893, -10.460787378302332 ], [ -65.283955567837893, -10.461037377571381 ], [ -65.283705568359778, -10.461037377571381 ], [ -65.283705568359778, -10.461537376109483 ], [ -65.283455568881678, -10.461537376109483 ], [ -65.283455568881678, -10.462037374647586 ], [ -65.284455566794094, -10.462037374647586 ], [ -65.284455566794094, -10.461787375378535 ], [ -65.28570556418461, -10.461787375378535 ], [ -65.28570556418461, -10.461037377571381 ], [ -65.28545556470651, -10.461037377571381 ], [ -65.28545556470651, -10.460787378302332 ], [ -65.283955567837893, -10.460787378302332 ] ] ] } },
{ "type": "Feature", "properties": { "DN": 1 }, "geometry": { "type": "Polygon", "coordinates": [ [ [ -65.286455562618926, -10.459787381226128 ], [ -65.286455562618926, -10.46053737903328 ], [ -65.286205563140825, -10.46053737903328 ], [ -65.286205563140825, -10.46028737976423 ], [ -65.28570556418461, -10.46028737976423 ], [ -65.28570556418461, -10.460787378302332 ], [ -65.286205563140825, -10.460787378302332 ], [ -65.286205563140825, -10.461037377571381 ], [ -65.286455562618926, -10.461037377571381 ], [ -65.286455562618926, -10.461287376840433 ], [ -65.286205563140825, -10.461287376840433 ], [ -65.286205563140825, -10.461537376109483 ], [ -65.285955563662711, -10.461537376109483 ], [ -65.285955563662711, -10.461787375378535 ], [ -65.28570556418461, -10.461787375378535 ], [ -65.28570556418461, -10.462037374647586 ], [ -65.284705566272194, -10.462037374647586 ], [ -65.284705566272194, -10.462287373916636 ], [ -65.284205567315993, -10.462287373916636 ], [ -65.284205567315993, -10.463037371723789 ], [ -65.28545556470651, -10.463037371723789 ], [ -65.28545556470651, -10.462787372454738 ], [ -65.28570556418461, -10.462787372454738 ], [ -65.28570556418461, -10.462287373916636 ], [ -65.286455562618926, -10.462287373916636 ], [ -65.286455562618926, -10.462037374647586 ], [ -65.286705562097026, -10.462037374647586 ], [ -65.286705562097026, -10.461787375378535 ], [ -65.286955561575127, -10.461787375378535 ], [ -65.286955561575127, -10.461537376109483 ], [ -65.286705562097026, -10.461537376109483 ], [ -65.286705562097026, -10.461287376840433 ], [ -65.286955561575127, -10.461287376840433 ], [ -65.286955561575127, -10.46028737976423 ], [ -65.286705562097026, -10.46028737976423 ], [ -65.286705562097026, -10.459787381226128 ], [ -65.286455562618926, -10.459787381226128 ] ] ] } },
{ "type": "Feature", "properties": { "DN": 1 }, "geometry": { "type": "Polygon", "coordinates": [ [ [ -65.283705568359778, -10.459787381226128 ], [ -65.283705568359778, -10.46053737903328 ], [ -65.283955567837893, -10.46053737903328 ], [ -65.283955567837893, -10.459787381226128 ], [ -65.283705568359778, -10.459787381226128 ] ] ] } },
{ "type": "Feature", "properties": { "DN": 1 }, "geometry": { "type": "Polygon", "coordinates": [ [ [ -65.279205577753913, -10.459287382688027 ], [ -65.279205577753913, -10.459537381957077 ], [ -65.279455577232028, -10.459537381957077 ], [ -65.279455577232028, -10.459287382688027 ], [ -65.279205577753913, -10.459287382688027 ] ] ] } },
{ "type": "Feature", "properties": { "DN": 1 }, "geometry": { "type": "Polygon", "coordinates": [ [ [ -65.288205558965657, -10.46053737903328 ], [ -65.289205556878059, -10.46053737903328 ], [ -65.289205556878059, -10.460037380495178 ], [ -65.289455556356174, -10.460037380495178 ], [ -65.289455556356174, -10.459787381226128 ], [ -65.289205556878059, -10.459787381226128 ], [ -65.289205556878059, -10.459037383418975 ], [ -65.288705557921858, -10.459037383418975 ], [ -65.288705557921858, -10.459287382688027 ], [ -65.288205558965657, -10.459287382688027 ], [ -65.288205558965657, -10.458037386342772 ], [ -65.286455562618926, -10.458037386342772 ], [ -65.286455562618926, -10.459287382688027 ], [ -65.286705562097026, -10.459287382688027 ], [ -65.286705562097026, -10.459537381957077 ], [ -65.286955561575127, -10.459537381957077 ], [ -65.286955561575127, -10.459787381226128 ], [ -65.287205561053241, -10.459787381226128 ], [ -65.287205561053241, -10.460037380495178 ], [ -65.287955559487543, -10.460037380495178 ], [ -65.287955559487543, -10.459787381226128 ], [ -65.288205558965657, -10.459787381226128 ], [ -65.288205558965657, -10.46053737903328 ] ], [ [ -65.288205558965657, -10.459537381957077 ], [ -65.288455558443758, -10.459537381957077 ], [ -65.288455558443758, -10.459787381226128 ], [ -65.288205558965657, -10.459787381226128 ], [ -65.288205558965657, -10.459537381957077 ] ] ] } },
{ "type": "Feature", "properties": { "DN": 1 }, "geometry": { "type": "Polygon", "coordinates": [ [ [ -65.293705547483938, -10.455537393652264 ], [ -65.293705547483938, -10.455287394383213 ], [ -65.293455548005824, -10.455287394383213 ], [ -65.293455548005824, -10.454287397307009 ], [ -65.293205548527723, -10.454287397307009 ], [ -65.293205548527723, -10.454037398037958 ], [ -65.292955549049623, -10.454037398037958 ], [ -65.292955549049623, -10.453537399499858 ], [ -65.292455550093408, -10.453537399499858 ], [ -65.292455550093408, -10.453417061994678 ], [ -65.292207293929295, -10.453406043400751 ], [ -65.291705551659106, -10.453378524227475 ], [ -65.291705551659106, -10.453537399499858 ], [ -65.291205552702891, -10.453537399499858 ], [ -65.291205552702891, -10.45335110067014 ], [ -65.290044136888412, -10.453287400230806 ], [ -65.289455556356174, -10.453287400230806 ], [ -65.289455556356174, -10.453537399499858 ], [ -65.289205556878059, -10.453537399499858 ], [ -65.289205556878059, -10.453287400230806 ], [ -65.288455558443758, -10.453287400230806 ], [ -65.288455558443758, -10.453537399499858 ], [ -65.287955559487543, -10.453537399499858 ], [ -65.287955559487543, -10.454037398037958 ], [ -65.288455558443758, -10.454037398037958 ], [ -65.288455558443758, -10.454287397307009 ], [ -65.288705557921858, -10.454287397307009 ], [ -65.288705557921858, -10.455537393652264 ], [ -65.288955557399959, -10.455537393652264 ], [ -65.288955557399959, -10.455787392921314 ], [ -65.288705557921858, -10.455787392921314 ], [ -65.288705557921858, -10.456037392190366 ], [ -65.289205556878059, -10.456037392190366 ], [ -65.289205556878059, -10.455787392921314 ], [ -65.289705555834274, -10.455787392921314 ], [ -65.289705555834274, -10.455537393652264 ], [ -65.289205556878059, -10.455537393652264 ], [ -65.289205556878059, -10.455287394383213 ], [ -65.289455556356174, -10.455287394383213 ], [ -65.289455556356174, -10.454287397307009 ], [ -65.29045555426859, -10.454287397307009 ], [ -65.29045555426859, -10.454537396576061 ], [ -65.291455552181006, -10.454537396576061 ], [ -65.291455552181006, -10.455287394383213 ], [ -65.291955551137207, -10.455287394383213 ], [ -65.291955551137207, -10.455537393652264 ], [ -65.292705549571522, -10.455537393652264 ], [ -65.292705549571522, -10.454537396576061 ], [ -65.292955549049623, -10.454537396576061 ], [ -65.292955549049623, -10.455287394383213 ], [ -65.293205548527723, -10.455287394383213 ], [ -65.293205548527723, -10.455787392921314 ], [ -65.293455548005824, -10.455787392921314 ], [ -65.293455548005824, -10.456537390728467 ], [ -65.293205548527723, -10.456537390728467 ], [ -65.293205548527723, -10.456287391459416 ], [ -65.292205550615307, -10.456287391459416 ], [ -65.292205550615307, -10.457037389266569 ], [ -65.291955551137207, -10.457037389266569 ], [ -65.291955551137207, -10.457287388535619 ], [ -65.291205552702891, -10.457287388535619 ], [ -65.291205552702891, -10.457787387073722 ], [ -65.29045555426859, -10.457787387073722 ], [ -65.29045555426859, -10.458037386342772 ], [ -65.289705555834274, -10.458037386342772 ], [ -65.289705555834274, -10.458537384880874 ], [ -65.289455556356174, -10.458537384880874 ], [ -65.289455556356174, -10.459537381957077 ], [ -65.289705555834274, -10.459537381957077 ], [ -65.289705555834274, -10.459787381226128 ], [ -65.29045555426859, -10.459787381226128 ], [ -65.29045555426859, -10.459537381957077 ], [ -65.29070555374669, -10.459537381957077 ], [ -65.29070555374669, -10.46028737976423 ], [ -65.289705555834274, -10.46028737976423 ], [ -65.289705555834274, -10.461287376840433 ], [ -65.290205554790475, -10.461287376840433 ], [ -65.290205554790475, -10.462787372454738 ], [ -65.29045555426859, -10.462787372454738 ], [ -65.29045555426859, -10.463537370261891 ], [ -65.290955553224791, -10.463537370261891 ], [ -65.290955553224791, -10.463037371723789 ], [ -65.291205552702891, -10.463037371723789 ], [ -65.291205552702891, -10.462537373185688 ], [ -65.291455552181006, -10.462537373185688 ], [ -65.291455552181006, -10.462287373916636 ], [ -65.291205552702891, -10.462287373916636 ], [ -65.291205552702891, -10.462037374647586 ], [ -65.291455552181006, -10.462037374647586 ], [ -65.291455552181006, -10.461787375378535 ], [ -65.291705551659106, -10.461787375378535 ], [ -65.291705551659106, -10.461537376109483 ], [ -65.291955551137207, -10.461537376109483 ], [ -65.291955551137207, -10.461287376840433 ], [ -65.292205550615307, -10.461287376840433 ], [ -65.292205550615307, -10.461037377571381 ], [ -65.292705549571522, -10.461037377571381 ], [ -65.292705549571522, -10.460787378302332 ], [ -65.292955549049623, -10.460787378302332 ], [ -65.292955549049623, -10.459537381957077 ], [ -65.292205550615307, -10.459537381957077 ], [ -65.292205550615307, -10.459287382688027 ], [ -65.292455550093408, -10.459287382688027 ], [ -65.292455550093408, -10.459037383418975 ], [ -65.292205550615307, -10.459037383418975 ], [ -65.292205550615307, -10.458787384149925 ], [ -65.291955551137207, -10.458787384149925 ], [ -65.291955551137207, -10.457787387073722 ], [ -65.292205550615307, -10.457787387073722 ], [ -65.292205550615307, -10.458037386342772 ], [ -65.292705549571522, -10.458037386342772 ], [ -65.292705549571522, -10.458287385611824 ], [ -65.293205548527723, -10.458287385611824 ], [ -65.293205548527723, -10.458537384880874 ], [ -65.293455548005824, -10.458537384880874 ], [ -65.293455548005824, -10.458037386342772 ], [ -65.293705547483938, -10.458037386342772 ], [ -65.293705547483938, -10.456537390728467 ], [ -65.293833091410249, -10.456537390728467 ], [ -65.293887228668751, -10.455537393652264 ], [ -65.293705547483938, -10.455537393652264 ] ], [ [ -65.289955555312375, -10.453537399499858 ], [ -65.289955555312375, -10.453787398768908 ], [ -65.289455556356174, -10.453787398768908 ], [ -65.289455556356174, -10.453537399499858 ], [ -65.289955555312375, -10.453537399499858 ] ], [ [ -65.292455550093408, -10.454537396576061 ], [ -65.292455550093408, -10.453787398768908 ], [ -65.292705549571522, -10.453787398768908 ], [ -65.292705549571522, -10.454537396576061 ], [ -65.292455550093408, -10.454537396576061 ] ], [ [ -65.291205552702891, -10.458537384880874 ], [ -65.290955553224791, -10.458537384880874 ], [ -65.290955553224791, -10.458287385611824 ], [ -65.291205552702891, -10.458287385611824 ], [ -65.291205552702891, -10.458537384880874 ] ], [ [ -65.290955553224791, -10.459037383418975 ], [ -65.29070555374669, -10.459037383418975 ], [ -65.29070555374669, -10.458787384149925 ], [ -65.290955553224791, -10.458787384149925 ], [ -65.290955553224791, -10.459037383418975 ] ] ] } },
{ "type": "Feature", "properties": { "DN": 1 }, "geometry": { "type": "Polygon", "coordinates": [ [ [ -65.28545556470651, -10.458287385611824 ], [ -65.28545556470651, -10.458537384880874 ], [ -65.28570556418461, -10.458537384880874 ], [ -65.28570556418461, -10.458287385611824 ], [ -65.28545556470651, -10.458287385611824 ] ] ] } },
{ "type": "Feature", "properties": { "DN": 1 }, "geometry": { "type": "Polygon", "coordinates": [ [ [ -65.284205567315993, -10.459787381226128 ], [ -65.284705566272194, -10.459787381226128 ], [ -65.284705566272194, -10.460037380495178 ], [ -65.284955565750309, -10.460037380495178 ], [ -65.284955565750309, -10.459787381226128 ], [ -65.285205565228409, -10.459787381226128 ], [ -65.285205565228409, -10.459537381957077 ], [ -65.284955565750309, -10.459537381957077 ], [ -65.284955565750309, -10.459287382688027 ], [ -65.284705566272194, -10.459287382688027 ], [ -65.284705566272194, -10.458787384149925 ], [ -65.285205565228409, -10.458787384149925 ], [ -65.285205565228409, -10.459037383418975 ], [ -65.28545556470651, -10.459037383418975 ], [ -65.28545556470651, -10.458537384880874 ], [ -65.285205565228409, -10.458537384880874 ], [ -65.285205565228409, -10.458287385611824 ], [ -65.28545556470651, -10.458287385611824 ], [ -65.28545556470651, -10.458037386342772 ], [ -65.28570556418461, -10.458037386342772 ], [ -65.28570556418461, -10.45753738780467 ], [ -65.285955563662711, -10.45753738780467 ], [ -65.285955563662711, -10.457037389266569 ], [ -65.286205563140825, -10.457037389266569 ], [ -65.286205563140825, -10.456537390728467 ], [ -65.28570556418461, -10.456537390728467 ], [ -65.28570556418461, -10.456787389997517 ], [ -65.285205565228409, -10.456787389997517 ], [ -65.285205565228409, -10.456537390728467 ], [ -65.284705566272194, -10.456537390728467 ], [ -65.284705566272194, -10.456787389997517 ], [ -65.284455566794094, -10.456787389997517 ], [ -65.284455566794094, -10.457037389266569 ], [ -65.284205567315993, -10.457037389266569 ], [ -65.284205567315993, -10.457287388535619 ], [ -65.283955567837893, -10.457287388535619 ], [ -65.283955567837893, -10.45753738780467 ], [ -65.283455568881678, -10.45753738780467 ], [ -65.283455568881678, -10.459287382688027 ], [ -65.284205567315993, -10.459287382688027 ], [ -65.284205567315993, -10.459787381226128 ] ], [ [ -65.284205567315993, -10.459037383418975 ], [ -65.284455566794094, -10.459037383418975 ], [ -65.284455566794094, -10.459287382688027 ], [ -65.284205567315993, -10.459287382688027 ], [ -65.284205567315993, -10.459037383418975 ] ], [ [ -65.283955567837893, -10.459037383418975 ], [ -65.283955567837893, -10.458787384149925 ], [ -65.284205567315993, -10.458787384149925 ], [ -65.284205567315993, -10.459037383418975 ], [ -65.283955567837893, -10.459037383418975 ] ], [ [ -65.284455566794094, -10.458037386342772 ], [ -65.284205567315993, -10.458037386342772 ], [ -65.284205567315993, -10.457787387073722 ], [ -65.284455566794094, -10.457787387073722 ], [ -65.284455566794094, -10.458037386342772 ] ] ] } },
{ "type": "Feature", "properties": { "DN": 1 }, "geometry": { "type": "Polygon", "coordinates": [ [ [ -65.289705555834274, -10.456537390728467 ], [ -65.289705555834274, -10.456787389997517 ], [ -65.289205556878059, -10.456787389997517 ], [ -65.289205556878059, -10.457037389266569 ], [ -65.29045555426859, -10.457037389266569 ], [ -65.29045555426859, -10.456787389997517 ], [ -65.290205554790475, -10.456787389997517 ], [ -65.290205554790475, -10.456537390728467 ], [ -65.289705555834274, -10.456537390728467 ] ] ] } },
{ "type": "Feature", "properties": { "DN": 1 }, "geometry": { "type": "Polygon", "coordinates": [ [ [ -65.288455558443758, -10.456287391459416 ], [ -65.288455558443758, -10.456537390728467 ], [ -65.288705557921858, -10.456537390728467 ], [ -65.288705557921858, -10.456287391459416 ], [ -65.288455558443758, -10.456287391459416 ] ] ] } },
{ "type": "Feature", "properties": { "DN": 1 }, "geometry": { "type": "Polygon", "coordinates": [ [ [ -65.291455552181006, -10.456037392190366 ], [ -65.291455552181006, -10.456537390728467 ], [ -65.291705551659106, -10.456537390728467 ], [ -65.291705551659106, -10.456037392190366 ], [ -65.291455552181006, -10.456037392190366 ] ] ] } },
{ "type": "Feature", "properties": { "DN": 1 }, "geometry": { "type": "Polygon", "coordinates": [ [ [ -65.287955559487543, -10.455787392921314 ], [ -65.287955559487543, -10.456037392190366 ], [ -65.288205558965657, -10.456037392190366 ], [ -65.288205558965657, -10.455787392921314 ], [ -65.287955559487543, -10.455787392921314 ] ] ] } },
{ "type": "Feature", "properties": { "DN": 1 }, "geometry": { "type": "Polygon", "coordinates": [ [ [ -65.29045555426859, -10.454787395845111 ], [ -65.29045555426859, -10.455287394383213 ], [ -65.29070555374669, -10.455287394383213 ], [ -65.29070555374669, -10.454787395845111 ], [ -65.29045555426859, -10.454787395845111 ] ] ] } },
{ "type": "Feature", "properties": { "DN": 1 }, "geometry": { "type": "Polygon", "coordinates": [ [ [ -65.283705568359778, -10.454787395845111 ], [ -65.283705568359778, -10.455287394383213 ], [ -65.283955567837893, -10.455287394383213 ], [ -65.283955567837893, -10.454787395845111 ], [ -65.283705568359778, -10.454787395845111 ] ] ] } },
{ "type": "Feature", "properties": { "DN": 1 }, "geometry": { "type": "Polygon", "coordinates": [ [ [ -65.286705562097026, -10.453287400230806 ], [ -65.284455566794094, -10.453287400230806 ], [ -65.284455566794094, -10.453037400961755 ], [ -65.283205569403577, -10.453037400961755 ], [ -65.283205569403577, -10.452915418906716 ], [ -65.282205571491161, -10.452862570382642 ], [ -65.282205571491161, -10.453037400961755 ], [ -65.281955572013061, -10.453037400961755 ], [ -65.281955572013061, -10.452849358251624 ], [ -65.28170557253496, -10.452836146120607 ], [ -65.28170557253496, -10.453037400961755 ], [ -65.281205573578745, -10.453037400961755 ], [ -65.281205573578745, -10.452809721858568 ], [ -65.280955574100645, -10.45279650972755 ], [ -65.280955574100645, -10.453037400961755 ], [ -65.280705574622544, -10.453037400961755 ], [ -65.280705574622544, -10.452787401692705 ], [ -65.279955576188229, -10.452787401692705 ], [ -65.279955576188229, -10.453537399499858 ], [ -65.280205575666329, -10.453537399499858 ], [ -65.280205575666329, -10.453787398768908 ], [ -65.279205577753913, -10.453787398768908 ], [ -65.279205577753913, -10.453037400961755 ], [ -65.279705576710128, -10.453037400961755 ], [ -65.279705576710128, -10.452787401692705 ], [ -65.278455579319612, -10.452787401692705 ], [ -65.278455579319612, -10.453787398768908 ], [ -65.278205579841497, -10.453787398768908 ], [ -65.278205579841497, -10.454287397307009 ], [ -65.278455579319612, -10.454287397307009 ], [ -65.278455579319612, -10.454537396576061 ], [ -65.278705578797712, -10.454537396576061 ], [ -65.278705578797712, -10.454787395845111 ], [ -65.279205577753913, -10.454787395845111 ], [ -65.279205577753913, -10.454537396576061 ], [ -65.28045557514443, -10.454537396576061 ], [ -65.28045557514443, -10.454787395845111 ], [ -65.282705570447376, -10.454787395845111 ], [ -65.282705570447376, -10.454537396576061 ], [ -65.282955569925477, -10.454537396576061 ], [ -65.282955569925477, -10.454287397307009 ], [ -65.283705568359778, -10.454287397307009 ], [ -65.283705568359778, -10.454537396576061 ], [ -65.283955567837893, -10.454537396576061 ], [ -65.283955567837893, -10.454787395845111 ], [ -65.286705562097026, -10.454787395845111 ], [ -65.286705562097026, -10.454537396576061 ], [ -65.287455560531342, -10.454537396576061 ], [ -65.287455560531342, -10.454037398037958 ], [ -65.287705560009442, -10.454037398037958 ], [ -65.287705560009442, -10.453537399499858 ], [ -65.287455560531342, -10.453537399499858 ], [ -65.287455560531342, -10.453287400230806 ], [ -65.287705560009442, -10.453287400230806 ], [ -65.287705560009442, -10.453159135768802 ], [ -65.287205561053241, -10.453131712211468 ], [ -65.287205561053241, -10.453287400230806 ], [ -65.286955561575127, -10.453287400230806 ], [ -65.286955561575127, -10.4531180004328 ], [ -65.286705562097026, -10.453104288654133 ], [ -65.286705562097026, -10.453287400230806 ] ], [ [ -65.281205573578745, -10.454037398037958 ], [ -65.280955574100645, -10.454037398037958 ], [ -65.280955574100645, -10.453787398768908 ], [ -65.281205573578745, -10.453787398768908 ], [ -65.281205573578745, -10.454037398037958 ] ] ] } },
{ "type": "Feature", "properties": { "DN": 1 }, "geometry": { "type": "Polygon", "coordinates": [ [ [ -65.278205579841497, -10.452787401692705 ], [ -65.278455579319612, -10.452787401692705 ], [ -65.278455579319612, -10.452664388417366 ], [ -65.278205579841497, -10.452651176286347 ], [ -65.278205579841497, -10.452787401692705 ] ] ] } },
{ "type": "Feature", "properties": { "DN": 1 }, "geometry": { "type": "Polygon", "coordinates": [ [ [ -64.96295623795271, -10.458537384880874 ], [ -64.96295623795271, -10.458787384149925 ], [ -64.963206237430825, -10.458787384149925 ], [ -64.963206237430825, -10.458537384880874 ], [ -64.96295623795271, -10.458537384880874 ] ] ] } },
{ "type": "Feature", "properties": { "DN": 1 }, "geometry": { "type": "Polygon", "coordinates": [ [ [ -64.970956221252038, -10.435537452128196 ], [ -64.970956221252038, -10.435417625597536 ], [ -64.969456224383407, -10.435311940071044 ], [ -64.969456224383407, -10.435537452128196 ], [ -64.970206222817723, -10.435537452128196 ], [ -64.970206222817723, -10.435787451397248 ], [ -64.970956221252038, -10.435787451397248 ], [ -64.970956221252038, -10.436037450666298 ], [ -64.971956219164454, -10.436037450666298 ], [ -64.971956219164454, -10.435787451397248 ], [ -64.972706217598756, -10.435787451397248 ], [ -64.972706217598756, -10.436037450666298 ], [ -64.973456216033071, -10.436037450666298 ], [ -64.973456216033071, -10.43628744993535 ], [ -64.974206214467387, -10.43628744993535 ], [ -64.974206214467387, -10.436037450666298 ], [ -64.974956212901702, -10.436037450666298 ], [ -64.974956212901702, -10.43628744993535 ], [ -64.975206212379803, -10.43628744993535 ], [ -64.975206212379803, -10.435787451397248 ], [ -64.974456213945487, -10.435787451397248 ], [ -64.974456213945487, -10.435664225159348 ], [ -64.972656921686024, -10.435537452128196 ], [ -64.970956221252038, -10.435537452128196 ] ] ] } },
{ "type": "Feature", "properties": { "DN": 1 }, "geometry": { "type": "Polygon", "coordinates": [ [ [ -64.966456230646173, -10.435287452859146 ], [ -64.966456230646173, -10.435787451397248 ], [ -64.966706230124274, -10.435787451397248 ], [ -64.966706230124274, -10.435287452859146 ], [ -64.966456230646173, -10.435287452859146 ] ] ] } },
{ "type": "Feature", "properties": { "DN": 1 }, "geometry": { "type": "Polygon", "coordinates": [ [ [ -64.96770622803669, -10.435287452859146 ], [ -64.96770622803669, -10.435537452128196 ], [ -64.968456226471005, -10.435537452128196 ], [ -64.968456226471005, -10.435287452859146 ], [ -64.96770622803669, -10.435287452859146 ] ] ] } },
{ "type": "Feature", "properties": { "DN": 1 }, "geometry": { "type": "Polygon", "coordinates": [ [ [ -65.053456049026266, -10.457037389266569 ], [ -65.053456049026266, -10.457287388535619 ], [ -65.053706048504367, -10.457287388535619 ], [ -65.053706048504367, -10.457037389266569 ], [ -65.053456049026266, -10.457037389266569 ] ] ] } },
{ "type": "Feature", "properties": { "DN": 1 }, "geometry": { "type": "Polygon", "coordinates": [ [ [ -65.022956112697614, -10.448037415580739 ], [ -65.022956112697614, -10.448287414849789 ], [ -65.023206112175714, -10.448287414849789 ], [ -65.023206112175714, -10.448037415580739 ], [ -65.022956112697614, -10.448037415580739 ] ] ] } },
{ "type": "Feature", "properties": { "DN": 1 }, "geometry": { "type": "Polygon", "coordinates": [ [ [ -65.022206114263298, -10.447037418504536 ], [ -65.022206114263298, -10.447537417042637 ], [ -65.022456113741399, -10.447537417042637 ], [ -65.022456113741399, -10.447287417773586 ], [ -65.022706113219499, -10.447287417773586 ], [ -65.022706113219499, -10.447037418504536 ], [ -65.022206114263298, -10.447037418504536 ] ] ] } },
{ "type": "Feature", "properties": { "DN": 1 }, "geometry": { "type": "Polygon", "coordinates": [ [ [ -65.038956079296241, -10.440287438240162 ], [ -65.038956079296241, -10.440537437509214 ], [ -65.039206078774356, -10.440537437509214 ], [ -65.039206078774356, -10.440287438240162 ], [ -65.038956079296241, -10.440287438240162 ] ] ] } },
{ "type": "Feature", "properties": { "DN": 1 }, "geometry": { "type": "Polygon", "coordinates": [ [ [ -65.022956112697614, -10.439537440433011 ], [ -65.022956112697614, -10.43978743970206 ], [ -65.023206112175714, -10.43978743970206 ], [ -65.023206112175714, -10.439537440433011 ], [ -65.022956112697614, -10.439537440433011 ] ] ] } }
]
}
