{
"type": "FeatureCollection",
"name": "karitiana",
"crs": { "type": "name", "properties": { "name": "urn:ogc:def:crs:OGC:1.3:CRS84" } },
"features": [
{ "type": "Feature", "properties": { "area_ha": 921.22 }, "geometry": { "type": "MultiPolygon", "coordinates": [ [ [ [ -64.197707835477246, -9.440790360574914 ], [ -64.197707835477246, -9.440540361305864 ], [ -64.19695783704293, -9.440540361305851 ], [ -64.19695783704293, -9.440790360574917 ], [ -64.197707835477246, -9.440790360574914 ] ] ], [ [ [ -64.19670783756483, -9.440790360574912 ], [ -64.19670783756483, -9.44054036130585 ], [ -64.196457838086729, -9.44054036130586 ], [ -64.196457838086729, -9.440790360574912 ], [ -64.19670783756483, -9.440790360574912 ] ] ], [ [ [ -64.2207077874628, -9.398040485567211 ], [ -64.2207077874628, -9.398290484836274 ], [ -64.220957786940886, -9.398290484836272 ], [ -64.220957786940886, -9.398540484105311 ], [ -64.221207786418987, -9.398540484105313 ], [ -64.221207786418987, -9.398790483374359 ], [ -64.221707785375202, -9.398790483374373 ], [ -64.221707785375202, -9.399790480450566 ], [ -64.22187975016972, -9.399790480469573 ], [ -64.221869171923771, -9.396040491435045 ], [ -64.221707785375202, -9.396040491414812 ], [ -64.221707785375202, -9.398040485567218 ], [ -64.221207786418987, -9.398040485567217 ], [ -64.221207786418987, -9.397790486298161 ], [ -64.220957786940886, -9.397790486298168 ], [ -64.220957786940886, -9.397540487029106 ], [ -64.220457787984685, -9.397540487029113 ], [ -64.220457787984685, -9.397290487760065 ], [ -64.220207788506571, -9.397290487760062 ], [ -64.220207788506571, -9.398040485567211 ], [ -64.2207077874628, -9.398040485567211 ] ] ], [ [ [ -64.21995778902847, -9.397540487029108 ], [ -64.21995778902847, -9.397040488491019 ], [ -64.21970778955037, -9.397040488491008 ], [ -64.21970778955037, -9.39754048702912 ], [ -64.21995778902847, -9.397540487029108 ] ] ], [ [ [ -64.221867056926257, -9.395290493628112 ], [ -64.221865647048602, -9.39479049509014 ], [ -64.221707785375202, -9.394790495069552 ], [ -64.221707785375202, -9.39529049360765 ], [ -64.221867056926257, -9.395290493628112 ] ] ], [ [ [ -64.188957853743617, -9.364790582783447 ], [ -64.188957853743617, -9.364540583514398 ], [ -64.188457854787401, -9.364540583514412 ], [ -64.188457854787401, -9.364790582783449 ], [ -64.188957853743617, -9.364790582783447 ] ] ], [ [ [ -64.191207849046549, -9.364540583514392 ], [ -64.191207849046549, -9.364290584245362 ], [ -64.190957849568449, -9.364290584245362 ], [ -64.190957849568449, -9.364540583514401 ], [ -64.191207849046549, -9.364540583514392 ] ] ], [ [ [ -64.191207849046549, -9.3640405849763 ], [ -64.191207849046549, -9.363790585707257 ], [ -64.190707850090334, -9.363790585707259 ], [ -64.190707850090334, -9.364040584976307 ], [ -64.191207849046549, -9.3640405849763 ] ] ], [ [ [ -64.189207853221717, -9.364040584976296 ], [ -64.189207853221717, -9.363790585707248 ], [ -64.188957853743617, -9.363790585707246 ], [ -64.188957853743617, -9.364040584976307 ], [ -64.189207853221717, -9.364040584976296 ] ] ], [ [ [ -64.190457850612233, -9.363790585707251 ], [ -64.190457850612233, -9.363540586438205 ], [ -64.190207851134133, -9.363540586438207 ], [ -64.190207851134133, -9.36379058570725 ], [ -64.190457850612233, -9.363790585707251 ] ] ], [ [ [ -64.190707850090334, -9.3635405864382 ], [ -64.190707850090334, -9.363290587169148 ], [ -64.190457850612233, -9.363290587169146 ], [ -64.190457850612233, -9.363540586438205 ], [ -64.190707850090334, -9.3635405864382 ] ] ], [ [ [ -64.188457854787401, -9.364040584976308 ], [ -64.188457854787401, -9.363290587169161 ], [ -64.188707854265516, -9.363290587169157 ], [ -64.188707854265516, -9.363040587900105 ], [ -64.188457854787401, -9.363040587900102 ], [ -64.188457854787401, -9.362790588631048 ], [ -64.188207855309301, -9.362790588631047 ], [ -64.188207855309301, -9.363290587169145 ], [ -64.187207857396885, -9.363290587169152 ], [ -64.187207857396885, -9.363540586438194 ], [ -64.186707858440684, -9.363540586438209 ], [ -64.186707858440684, -9.363790585707251 ], [ -64.187957855831201, -9.363790585707246 ], [ -64.187957855831201, -9.363540586438194 ], [ -64.188207855309301, -9.3635405864382 ], [ -64.188207855309301, -9.364040584976298 ], [ -64.188457854787401, -9.364040584976308 ] ] ], [ [ [ -64.184707862615852, -9.363040587900098 ], [ -64.184707862615852, -9.362790588631054 ], [ -64.184457863137752, -9.362790588631047 ], [ -64.184457863137752, -9.363040587900102 ], [ -64.184707862615852, -9.363040587900098 ] ] ], [ [ [ -64.189707852177932, -9.362790588631054 ], [ -64.189707852177932, -9.362290590092943 ], [ -64.189457852699817, -9.362290590092941 ], [ -64.189457852699817, -9.362790588631054 ], [ -64.189707852177932, -9.362790588631054 ] ] ], [ [ [ -64.221207786418987, -9.362290590092943 ], [ -64.221207786418987, -9.362040590823886 ], [ -64.220957786940886, -9.362040590823902 ], [ -64.220957786940886, -9.362290590092947 ], [ -64.221207786418987, -9.362290590092943 ] ] ], [ [ [ -64.188457854787401, -9.36229059009294 ], [ -64.188457854787401, -9.362040590823899 ], [ -64.188207855309301, -9.3620405908239 ], [ -64.188207855309301, -9.362290590092941 ], [ -64.188457854787401, -9.36229059009294 ] ] ], [ [ [ -64.186957857918784, -9.362290590092954 ], [ -64.186957857918784, -9.362040590823899 ], [ -64.186707858440684, -9.362040590823904 ], [ -64.186707858440684, -9.362290590092947 ], [ -64.186957857918784, -9.362290590092954 ] ] ], [ [ [ -64.220457787984685, -9.361290593016747 ], [ -64.220457787984685, -9.361540592285793 ], [ -64.220207788506571, -9.361540592285795 ], [ -64.220207788506571, -9.362540589361997 ], [ -64.220457787984685, -9.362540589361993 ], [ -64.220457787984685, -9.362790588631045 ], [ -64.2207077874628, -9.362790588631052 ], [ -64.2207077874628, -9.363040587900107 ], [ -64.221207786418987, -9.363040587900095 ], [ -64.221207786418987, -9.363540586438193 ], [ -64.221707785375202, -9.363540586438198 ], [ -64.221707785375202, -9.358290601788134 ], [ -64.220957786940886, -9.358290601788127 ], [ -64.220957786940886, -9.358540601057182 ], [ -64.2207077874628, -9.358540601057191 ], [ -64.2207077874628, -9.35904059959528 ], [ -64.220957786940886, -9.359040599595291 ], [ -64.220957786940886, -9.360290595940544 ], [ -64.221207786418987, -9.360290595940544 ], [ -64.221207786418987, -9.360540595209596 ], [ -64.220957786940886, -9.360540595209583 ], [ -64.220957786940886, -9.361290593016742 ], [ -64.220457787984685, -9.361290593016747 ] ], [ [ -64.221457785897101, -9.362540589361993 ], [ -64.220957786940886, -9.362540589361997 ], [ -64.220957786940886, -9.362290590092947 ], [ -64.2207077874628, -9.362290590092941 ], [ -64.2207077874628, -9.361790591554842 ], [ -64.221207786418987, -9.361790591554842 ], [ -64.221207786418987, -9.362040590823886 ], [ -64.221457785897101, -9.3620405908239 ], [ -64.221457785897101, -9.362540589361993 ] ] ], [ [ [ -64.16370790645513, -9.325540697542479 ], [ -64.16370790645513, -9.324790699735326 ], [ -64.163207907498929, -9.324790699735322 ], [ -64.163207907498929, -9.325540697542479 ], [ -64.16370790645513, -9.325540697542479 ] ] ], [ [ [ -64.165457902801862, -9.323790702659117 ], [ -64.165457902801862, -9.323540703390059 ], [ -64.164457904889446, -9.323540703390069 ], [ -64.164457904889446, -9.324040701928167 ], [ -64.165457902801862, -9.324040701928169 ], [ -64.165457902801862, -9.324540700466269 ], [ -64.165707902279962, -9.324540700466267 ], [ -64.165707902279962, -9.32479069973532 ], [ -64.165957901758077, -9.324790699735324 ], [ -64.165957901758077, -9.324290701197212 ], [ -64.165707902279962, -9.324290701197224 ], [ -64.165707902279962, -9.323790702659123 ], [ -64.165457902801862, -9.323790702659117 ] ] ], [ [ [ -64.216457796335021, -9.323290704121009 ], [ -64.216457796335021, -9.322790705582916 ], [ -64.216207796856921, -9.322790705582914 ], [ -64.216207796856921, -9.32329070412101 ], [ -64.216457796335021, -9.323290704121009 ] ] ], [ [ [ -64.216957795291222, -9.323040704851966 ], [ -64.216957795291222, -9.322790705582907 ], [ -64.216707795813122, -9.322790705582912 ], [ -64.216707795813122, -9.323040704851971 ], [ -64.216957795291222, -9.323040704851966 ] ] ], [ [ [ -64.158707916893064, -9.323040704851959 ], [ -64.158707916893064, -9.322290707044813 ], [ -64.158207917936849, -9.322290707044818 ], [ -64.158207917936849, -9.323040704851966 ], [ -64.158707916893064, -9.323040704851959 ] ] ], [ [ [ -64.157957918458749, -9.321790708506716 ], [ -64.157957918458749, -9.322290707044809 ], [ -64.158207917936849, -9.322290707044818 ], [ -64.158207917936849, -9.321790708506716 ], [ -64.158457917414964, -9.321790708506709 ], [ -64.158457917414964, -9.321540709237665 ], [ -64.157707918980648, -9.321540709237659 ], [ -64.157707918980648, -9.321790708506709 ], [ -64.157957918458749, -9.321790708506716 ] ] ], [ [ [ -64.15970791480548, -9.321040710699565 ], [ -64.15970791480548, -9.320540712161462 ], [ -64.15945791532738, -9.320540712161449 ], [ -64.15945791532738, -9.321040710699551 ], [ -64.15970791480548, -9.321040710699565 ] ] ], [ [ [ -64.159207915849265, -9.320790711430504 ], [ -64.159207915849265, -9.320540712161451 ], [ -64.158707916893064, -9.320540712161458 ], [ -64.158707916893064, -9.320790711430504 ], [ -64.159207915849265, -9.320790711430504 ] ] ], [ [ [ -64.158457917414964, -9.319790714354307 ], [ -64.158457917414964, -9.319290715816198 ], [ -64.158207917936849, -9.319290715816196 ], [ -64.158207917936849, -9.320540712161453 ], [ -64.158707916893064, -9.320540712161458 ], [ -64.158707916893064, -9.3197907143543 ], [ -64.158457917414964, -9.319790714354307 ] ] ], [ [ [ -64.157207920024447, -9.319540715085246 ], [ -64.157207920024447, -9.319290715816203 ], [ -64.156957920546333, -9.319290715816201 ], [ -64.156957920546333, -9.319540715085255 ], [ -64.157207920024447, -9.319540715085246 ] ] ], [ [ [ -64.164707904367546, -9.322290707044806 ], [ -64.164457904889446, -9.322290707044818 ], [ -64.164457904889446, -9.32279070558292 ], [ -64.163957905933245, -9.322790705582912 ], [ -64.163957905933245, -9.321790708506706 ], [ -64.164207905411345, -9.321790708506706 ], [ -64.164207905411345, -9.320790711430513 ], [ -64.16370790645513, -9.320790711430504 ], [ -64.16370790645513, -9.320540712161462 ], [ -64.16345790697703, -9.320540712161462 ], [ -64.16345790697703, -9.319540715085255 ], [ -64.16370790645513, -9.31954071508525 ], [ -64.16370790645513, -9.319040716547146 ], [ -64.162957908020829, -9.319040716547146 ], [ -64.162957908020829, -9.318290718739998 ], [ -64.162707908542728, -9.318290718739998 ], [ -64.162707908542728, -9.318540718009041 ], [ -64.162207909586513, -9.318540718009046 ], [ -64.162207909586513, -9.318290718740005 ], [ -64.161957910108413, -9.318290718739998 ], [ -64.161957910108413, -9.317040722394752 ], [ -64.161707910630312, -9.31704072239474 ], [ -64.161707910630312, -9.317290721663788 ], [ -64.160957912195997, -9.317290721663788 ], [ -64.160957912195997, -9.316540723856644 ], [ -64.160707912717896, -9.316540723856638 ], [ -64.160707912717896, -9.316290724587597 ], [ -64.160957912195997, -9.316290724587599 ], [ -64.160957912195997, -9.316040725318548 ], [ -64.160707912717896, -9.316040725318549 ], [ -64.160707912717896, -9.315790726049483 ], [ -64.160457913239796, -9.315790726049487 ], [ -64.160457913239796, -9.315540726780441 ], [ -64.160207913761681, -9.315540726780437 ], [ -64.160207913761681, -9.314790728973287 ], [ -64.15945791532738, -9.314790728973286 ], [ -64.15945791532738, -9.31404073116614 ], [ -64.15970791480548, -9.314040731166131 ], [ -64.15970791480548, -9.313290733358976 ], [ -64.15945791532738, -9.313290733358976 ], [ -64.15945791532738, -9.313540732628031 ], [ -64.159207915849265, -9.313540732628026 ], [ -64.159207915849265, -9.315540726780441 ], [ -64.15945791532738, -9.315540726780448 ], [ -64.15945791532738, -9.315790726049487 ], [ -64.160207913761681, -9.315790726049489 ], [ -64.160207913761681, -9.316040725318533 ], [ -64.160457913239796, -9.316040725318546 ], [ -64.160457913239796, -9.316790723125699 ], [ -64.159207915849265, -9.316790723125692 ], [ -64.159207915849265, -9.318540718009045 ], [ -64.15970791480548, -9.318540718009052 ], [ -64.15970791480548, -9.318290718740005 ], [ -64.160457913239796, -9.318290718740005 ], [ -64.160457913239796, -9.318540718009052 ], [ -64.160707912717896, -9.318540718009052 ], [ -64.160707912717896, -9.318290718739995 ], [ -64.160957912195997, -9.318290718740007 ], [ -64.160957912195997, -9.319040716547152 ], [ -64.160707912717896, -9.31904071654715 ], [ -64.160707912717896, -9.319290715816207 ], [ -64.160457913239796, -9.319290715816198 ], [ -64.160457913239796, -9.319540715085258 ], [ -64.160707912717896, -9.319540715085257 ], [ -64.160707912717896, -9.320290712892414 ], [ -64.160957912195997, -9.320290712892405 ], [ -64.160957912195997, -9.319790714354303 ], [ -64.161207911674097, -9.319790714354296 ], [ -64.161207911674097, -9.319540715085244 ], [ -64.162707908542728, -9.319540715085264 ], [ -64.162707908542728, -9.320540712161458 ], [ -64.163207907498929, -9.320540712161458 ], [ -64.163207907498929, -9.320790711430504 ], [ -64.162707908542728, -9.320790711430504 ], [ -64.162707908542728, -9.321040710699565 ], [ -64.161957910108413, -9.321040710699556 ], [ -64.161957910108413, -9.320290712892405 ], [ -64.162207909586513, -9.320290712892399 ], [ -64.162207909586513, -9.31979071435431 ], [ -64.161457911152198, -9.319790714354296 ], [ -64.161457911152198, -9.320290712892403 ], [ -64.161207911674097, -9.320290712892412 ], [ -64.161207911674097, -9.320790711430508 ], [ -64.160957912195997, -9.320790711430501 ], [ -64.160957912195997, -9.322040707775756 ], [ -64.161207911674097, -9.322040707775759 ], [ -64.161207911674097, -9.322290707044806 ], [ -64.161707910630312, -9.322290707044811 ], [ -64.161707910630312, -9.323040704851962 ], [ -64.161457911152198, -9.323040704851971 ], [ -64.161457911152198, -9.324040701928169 ], [ -64.161707910630312, -9.32404070192818 ], [ -64.161707910630312, -9.323540703390067 ], [ -64.162207909586513, -9.323540703390073 ], [ -64.162207909586513, -9.325290698273431 ], [ -64.162957908020829, -9.32529069827342 ], [ -64.162957908020829, -9.324790699735326 ], [ -64.163207907498929, -9.324790699735322 ], [ -64.163207907498929, -9.324540700466269 ], [ -64.162957908020829, -9.324540700466272 ], [ -64.162957908020829, -9.323790702659116 ], [ -64.162707908542728, -9.323790702659112 ], [ -64.162707908542728, -9.323040704851973 ], [ -64.162207909586513, -9.323040704851966 ], [ -64.162207909586513, -9.322790705582918 ], [ -64.161957910108413, -9.322790705582907 ], [ -64.161957910108413, -9.322290707044813 ], [ -64.162207909586513, -9.322290707044809 ], [ -64.162207909586513, -9.322040707775759 ], [ -64.162707908542728, -9.322040707775763 ], [ -64.162707908542728, -9.322290707044813 ], [ -64.162957908020829, -9.322290707044802 ], [ -64.162957908020829, -9.323040704851969 ], [ -64.16345790697703, -9.323040704851962 ], [ -64.16345790697703, -9.323290704121012 ], [ -64.16370790645513, -9.323290704121018 ], [ -64.16370790645513, -9.323790702659112 ], [ -64.163957905933245, -9.323790702659112 ], [ -64.163957905933245, -9.323540703390066 ], [ -64.164207905411345, -9.323540703390071 ], [ -64.164207905411345, -9.32329070412101 ], [ -64.164707904367546, -9.323290704121018 ], [ -64.164707904367546, -9.322290707044806 ] ], [ [ -64.162957908020829, -9.322040707775768 ], [ -64.163207907498929, -9.322040707775759 ], [ -64.163207907498929, -9.322290707044807 ], [ -64.162957908020829, -9.322290707044802 ], [ -64.162957908020829, -9.322040707775768 ] ], [ [ -64.16345790697703, -9.322290707044809 ], [ -64.16345790697703, -9.32279070558292 ], [ -64.163207907498929, -9.322790705582916 ], [ -64.163207907498929, -9.322290707044807 ], [ -64.16345790697703, -9.322290707044809 ] ], [ [ -64.15945791532738, -9.317790720201907 ], [ -64.15970791480548, -9.317790720201897 ], [ -64.15970791480548, -9.318040719470954 ], [ -64.15945791532738, -9.318040719470938 ], [ -64.15945791532738, -9.317790720201907 ] ] ], [ [ [ -64.158707916893064, -9.319290715816201 ], [ -64.158707916893064, -9.319040716547152 ], [ -64.158457917414964, -9.319040716547162 ], [ -64.158457917414964, -9.319290715816198 ], [ -64.158707916893064, -9.319290715816201 ] ] ], [ [ [ -64.157707918980648, -9.319040716547157 ], [ -64.157707918980648, -9.318790717278107 ], [ -64.156957920546333, -9.318790717278105 ], [ -64.156957920546333, -9.319040716547155 ], [ -64.157707918980648, -9.319040716547157 ] ] ], [ [ [ -64.159207915849265, -9.318540718009045 ], [ -64.158957916371165, -9.318540718009059 ], [ -64.158957916371165, -9.317790720201897 ], [ -64.158707916893064, -9.317790720201893 ], [ -64.158707916893064, -9.317290721663792 ], [ -64.158457917414964, -9.31729072166379 ], [ -64.158457917414964, -9.318790717278102 ], [ -64.159207915849265, -9.318790717278098 ], [ -64.159207915849265, -9.318540718009045 ] ] ], [ [ [ -64.158207917936849, -9.317790720201893 ], [ -64.157957918458749, -9.317790720201897 ], [ -64.157957918458749, -9.318040719470943 ], [ -64.157707918980648, -9.318040719470954 ], [ -64.157707918980648, -9.318290718740004 ], [ -64.158207917936849, -9.318290718740009 ], [ -64.158207917936849, -9.317790720201893 ] ] ], [ [ [ -64.156957920546333, -9.315790726049487 ], [ -64.156957920546333, -9.315540726780446 ], [ -64.156707921068232, -9.315540726780444 ], [ -64.156707921068232, -9.315790726049489 ], [ -64.156957920546333, -9.315790726049487 ] ] ], [ [ [ -64.157707918980648, -9.315540726780432 ], [ -64.157707918980648, -9.314540729704241 ], [ -64.157207920024447, -9.314540729704238 ], [ -64.157207920024447, -9.315540726780435 ], [ -64.157707918980648, -9.315540726780432 ] ] ], [ [ [ -64.160457913239796, -9.314540729704243 ], [ -64.160457913239796, -9.314290730435191 ], [ -64.160207913761681, -9.314290730435181 ], [ -64.160207913761681, -9.314540729704236 ], [ -64.160457913239796, -9.314540729704243 ] ] ], [ [ [ -64.157207920024447, -9.314290730435188 ], [ -64.157207920024447, -9.313790731897079 ], [ -64.156957920546333, -9.313790731897077 ], [ -64.156957920546333, -9.314290730435181 ], [ -64.157207920024447, -9.314290730435188 ] ] ], [ [ [ -64.156707921068232, -9.314040731166141 ], [ -64.156707921068232, -9.313790731897079 ], [ -64.156457921590132, -9.313790731897083 ], [ -64.156457921590132, -9.314040731166132 ], [ -64.156707921068232, -9.314040731166141 ] ] ], [ [ [ -64.157707918980648, -9.313790731897088 ], [ -64.157707918980648, -9.313540732628031 ], [ -64.157207920024447, -9.313540732628034 ], [ -64.157207920024447, -9.313790731897079 ], [ -64.157707918980648, -9.313790731897088 ] ] ], [ [ [ -64.158957916371165, -9.313040734089935 ], [ -64.158957916371165, -9.312290736282783 ], [ -64.158707916893064, -9.312290736282783 ], [ -64.158707916893064, -9.312040737013726 ], [ -64.158457917414964, -9.31204073701373 ], [ -64.158457917414964, -9.311790737744676 ], [ -64.158207917936849, -9.311790737744678 ], [ -64.158207917936849, -9.311290739206576 ], [ -64.157707918980648, -9.311290739206585 ], [ -64.157707918980648, -9.311040739937528 ], [ -64.157207920024447, -9.311040739937518 ], [ -64.157207920024447, -9.31204073701373 ], [ -64.158207917936849, -9.312040737013731 ], [ -64.158207917936849, -9.312790734820878 ], [ -64.158457917414964, -9.312790734820883 ], [ -64.158457917414964, -9.313040734089936 ], [ -64.157957918458749, -9.313040734089931 ], [ -64.157957918458749, -9.313290733358984 ], [ -64.158707916893064, -9.313290733358981 ], [ -64.158707916893064, -9.313040734089936 ], [ -64.158957916371165, -9.313040734089935 ] ] ], [ [ [ -64.158957916371165, -9.311540738475619 ], [ -64.158957916371165, -9.311290739206584 ], [ -64.158707916893064, -9.311290739206584 ], [ -64.158707916893064, -9.311540738475619 ], [ -64.158957916371165, -9.311540738475619 ] ] ], [ [ [ -64.212207805207257, -9.309540744323215 ], [ -64.212207805207257, -9.309040745785127 ], [ -64.211957805729156, -9.309040745785124 ], [ -64.211957805729156, -9.309540744323217 ], [ -64.212207805207257, -9.309540744323215 ] ] ], [ [ [ -64.21470779998829, -9.306290753825561 ], [ -64.21470779998829, -9.306040754556502 ], [ -64.214207801032089, -9.306040754556506 ], [ -64.214207801032089, -9.306290753825555 ], [ -64.21470779998829, -9.306290753825561 ] ] ], [ [ [ -64.207957814079492, -9.305040757480306 ], [ -64.207957814079492, -9.304790758211245 ], [ -64.207457815123291, -9.304790758211247 ], [ -64.207457815123291, -9.305040757480311 ], [ -64.207957814079492, -9.305040757480306 ] ] ], [ [ [ -64.207957814079492, -9.304040760404106 ], [ -64.207957814079492, -9.303540761865996 ], [ -64.207457815123291, -9.303540761866 ], [ -64.207457815123291, -9.303790761135051 ], [ -64.207707814601392, -9.303790761135046 ], [ -64.207707814601392, -9.304040760404105 ], [ -64.207957814079492, -9.304040760404106 ] ] ], [ [ [ -64.207457815123291, -9.302290765520743 ], [ -64.207457815123291, -9.302040766251693 ], [ -64.206957816167076, -9.302040766251702 ], [ -64.206957816167076, -9.302290765520752 ], [ -64.207457815123291, -9.302290765520743 ] ] ], [ [ [ -64.212207805207257, -9.302290765520741 ], [ -64.212207805207257, -9.301790766982649 ], [ -64.211707806251056, -9.301790766982636 ], [ -64.211707806251056, -9.302290765520741 ], [ -64.212207805207257, -9.302290765520741 ] ] ], [ [ [ -64.20570781877656, -9.298540776484993 ], [ -64.20570781877656, -9.29829077721593 ], [ -64.205457819298459, -9.298290777215927 ], [ -64.205457819298459, -9.298540776484973 ], [ -64.20570781877656, -9.298540776484993 ] ] ], [ [ [ -64.206207817732775, -9.298290777215936 ], [ -64.206207817732775, -9.297790778677831 ], [ -64.20570781877656, -9.297790778677824 ], [ -64.20570781877656, -9.29829077721593 ], [ -64.206207817732775, -9.298290777215936 ] ] ], [ [ [ -64.21470779998829, -9.294790787449212 ], [ -64.21470779998829, -9.294540788180168 ], [ -64.214457800510189, -9.294540788180178 ], [ -64.214457800510189, -9.294790787449221 ], [ -64.21470779998829, -9.294790787449212 ] ] ], [ [ [ -64.221457785897101, -9.288790804992006 ], [ -64.221457785897101, -9.288540805722947 ], [ -64.221207786418987, -9.288540805722945 ], [ -64.221207786418987, -9.288790804991997 ], [ -64.221457785897101, -9.288790804992006 ] ] ], [ [ [ -64.213707802075874, -9.288540805722947 ], [ -64.213707802075874, -9.288290806453892 ], [ -64.213457802597773, -9.28829080645389 ], [ -64.213457802597773, -9.288540805722949 ], [ -64.213707802075874, -9.288540805722947 ] ] ], [ [ [ -64.221457785897101, -9.28379081961098 ], [ -64.221457785897101, -9.28229082399668 ], [ -64.221207786418987, -9.282290823996673 ], [ -64.221207786418987, -9.282540823265736 ], [ -64.220957786940886, -9.282540823265732 ], [ -64.220957786940886, -9.282790822534775 ], [ -64.2207077874628, -9.282790822534782 ], [ -64.2207077874628, -9.283040821803832 ], [ -64.220957786940886, -9.283040821803841 ], [ -64.220957786940886, -9.283290821072876 ], [ -64.221207786418987, -9.283290821072882 ], [ -64.221207786418987, -9.28379081961098 ], [ -64.221457785897101, -9.28379081961098 ] ] ], [ [ [ -64.219207790594169, -9.267290867853625 ], [ -64.219207790594169, -9.266790869315521 ], [ -64.218957791116054, -9.266790869315527 ], [ -64.218957791116054, -9.267290867853628 ], [ -64.219207790594169, -9.267290867853625 ] ] ], [ [ [ -64.157957918458749, -9.26654087004648 ], [ -64.157957918458749, -9.266290870777416 ], [ -64.157207920024447, -9.266290870777413 ], [ -64.157207920024447, -9.266540870046478 ], [ -64.157957918458749, -9.26654087004648 ] ] ], [ [ [ -64.158457917414964, -9.266290870777418 ], [ -64.158457917414964, -9.266040871508375 ], [ -64.158207917936849, -9.266040871508375 ], [ -64.158207917936849, -9.26629087077743 ], [ -64.158457917414964, -9.266290870777418 ] ] ], [ [ [ -64.156457921590132, -9.26554087297027 ], [ -64.156457921590132, -9.265290873701229 ], [ -64.156207922112031, -9.265290873701211 ], [ -64.156207922112031, -9.265540872970266 ], [ -64.156457921590132, -9.26554087297027 ] ] ], [ [ [ -64.156957920546333, -9.265290873701229 ], [ -64.156957920546333, -9.264790875163124 ], [ -64.156707921068232, -9.264790875163117 ], [ -64.156707921068232, -9.265040874432168 ], [ -64.156457921590132, -9.265040874432161 ], [ -64.156457921590132, -9.265290873701229 ], [ -64.156957920546333, -9.265290873701229 ] ] ], [ [ [ -64.156457921590132, -9.264790875163131 ], [ -64.156457921590132, -9.264540875894074 ], [ -64.156207922112031, -9.264540875894072 ], [ -64.156207922112031, -9.264790875163124 ], [ -64.156457921590132, -9.264790875163131 ] ] ], [ [ [ -64.159207915849265, -9.264540875894065 ], [ -64.159207915849265, -9.264290876625019 ], [ -64.158957916371165, -9.264290876625024 ], [ -64.158957916371165, -9.264540875894069 ], [ -64.159207915849265, -9.264540875894065 ] ] ], [ [ [ -64.157207920024447, -9.26454087589407 ], [ -64.157207920024447, -9.264290876625026 ], [ -64.156957920546333, -9.264290876625017 ], [ -64.156957920546333, -9.264540875894072 ], [ -64.157207920024447, -9.26454087589407 ] ] ], [ [ [ -64.157707918980648, -9.263790878086921 ], [ -64.157707918980648, -9.263540878817862 ], [ -64.157207920024447, -9.26354087881786 ], [ -64.157207920024447, -9.263790878086917 ], [ -64.157707918980648, -9.263790878086921 ] ] ], [ [ [ -64.159207915849265, -9.263540878817873 ], [ -64.159207915849265, -9.263290879548812 ], [ -64.158957916371165, -9.263290879548821 ], [ -64.158957916371165, -9.263540878817862 ], [ -64.159207915849265, -9.263540878817873 ] ] ], [ [ [ -64.156707921068232, -9.26329087954881 ], [ -64.156707921068232, -9.263040880279762 ], [ -64.156207922112031, -9.263040880279769 ], [ -64.156207922112031, -9.26329087954881 ], [ -64.156707921068232, -9.26329087954881 ] ] ], [ [ [ -64.153207928374783, -9.261790883934509 ], [ -64.152957928896683, -9.261790883934504 ], [ -64.152957928896683, -9.262040883203564 ], [ -64.153207928374783, -9.262040883203566 ], [ -64.153207928374783, -9.261790883934509 ] ] ], [ [ [ -64.147207940900287, -9.259290891243998 ], [ -64.146957941422187, -9.259290891243996 ], [ -64.146957941422187, -9.259540890513057 ], [ -64.147207940900287, -9.259540890513044 ], [ -64.147207940900287, -9.259290891243998 ] ] ], [ [ [ -64.220207788506571, -9.259290891244005 ], [ -64.220207788506571, -9.258540893436848 ], [ -64.219457790072269, -9.258540893436857 ], [ -64.219457790072269, -9.259040891974948 ], [ -64.21970778955037, -9.25904089197495 ], [ -64.21970778955037, -9.259290891244 ], [ -64.220207788506571, -9.259290891244005 ] ] ], [ [ [ -64.149207936725119, -9.259040891974951 ], [ -64.149207936725119, -9.258790892705898 ], [ -64.148957937247019, -9.2587908927059 ], [ -64.148957937247019, -9.25904089197495 ], [ -64.149207936725119, -9.259040891974951 ] ] ], [ [ [ -64.149957935159435, -9.258540893436843 ], [ -64.149957935159435, -9.258290894167791 ], [ -64.14945793620322, -9.2582908941678 ], [ -64.14945793620322, -9.258540893436855 ], [ -64.149957935159435, -9.258540893436843 ] ] ], [ [ [ -64.148457938290818, -9.258040894898743 ], [ -64.148457938290818, -9.257790895629688 ], [ -64.148207938812718, -9.257790895629693 ], [ -64.148207938812718, -9.258040894898752 ], [ -64.148457938290818, -9.258040894898743 ] ] ], [ [ [ -64.147957939334603, -9.257790895629695 ], [ -64.147957939334603, -9.257540896360638 ], [ -64.147707939856502, -9.257540896360638 ], [ -64.147707939856502, -9.257790895629691 ], [ -64.147957939334603, -9.257790895629695 ] ] ], [ [ [ -64.202957824517426, -9.255790901477285 ], [ -64.202957824517426, -9.255540902208235 ], [ -64.202707825039312, -9.255540902208232 ], [ -64.202707825039312, -9.255790901477283 ], [ -64.202957824517426, -9.255790901477285 ] ] ], [ [ [ -64.201707827126896, -9.255040903670139 ], [ -64.201707827126896, -9.25529090293918 ], [ -64.202207826083111, -9.255290902939187 ], [ -64.202207826083111, -9.255540902208233 ], [ -64.202457825561211, -9.255540902208232 ], [ -64.202457825561211, -9.254790904401085 ], [ -64.202207826083111, -9.254790904401094 ], [ -64.202207826083111, -9.255040903670132 ], [ -64.201707827126896, -9.255040903670139 ] ] ], [ [ [ -64.152707929418568, -9.253790907324889 ], [ -64.152707929418568, -9.253540908055825 ], [ -64.152457929940468, -9.253540908055825 ], [ -64.152457929940468, -9.253790907324888 ], [ -64.152707929418568, -9.253790907324889 ] ] ], [ [ [ -64.154957924721501, -9.244790933639059 ], [ -64.154957924721501, -9.244540934369999 ], [ -64.1547079252434, -9.244540934370006 ], [ -64.1547079252434, -9.24529093217715 ], [ -64.155457923677716, -9.245290932177156 ], [ -64.155457923677716, -9.244790933639063 ], [ -64.154957924721501, -9.244790933639059 ] ] ], [ [ [ -64.211707806251056, -9.244790933639058 ], [ -64.211707806251056, -9.244540934370011 ], [ -64.21095780781674, -9.244540934369997 ], [ -64.21095780781674, -9.244790933639061 ], [ -64.211707806251056, -9.244790933639058 ] ] ], [ [ [ -64.155707923155816, -9.244790933639045 ], [ -64.155707923155816, -9.244290935100949 ], [ -64.155457923677716, -9.244290935100945 ], [ -64.155457923677716, -9.244790933639063 ], [ -64.155707923155816, -9.244790933639045 ] ] ], [ [ [ -64.215457798422605, -9.240290946796142 ], [ -64.215457798422605, -9.239790948258028 ], [ -64.214957799466404, -9.239790948258033 ], [ -64.214957799466404, -9.240540946065185 ], [ -64.215207798944505, -9.240540946065183 ], [ -64.215207798944505, -9.240290946796144 ], [ -64.215457798422605, -9.240290946796142 ] ] ], [ [ [ -64.214457800510189, -9.240290946796145 ], [ -64.214457800510189, -9.239790948258033 ], [ -64.214207801032089, -9.23979094825804 ], [ -64.214207801032089, -9.240040947527081 ], [ -64.213957801553988, -9.240040947527079 ], [ -64.213957801553988, -9.240290946796133 ], [ -64.214457800510189, -9.240290946796145 ] ] ], [ [ [ -64.208957811991908, -9.238540951912775 ], [ -64.208957811991908, -9.238290952643723 ], [ -64.208707812513808, -9.238290952643727 ], [ -64.208707812513808, -9.238540951912789 ], [ -64.208957811991908, -9.238540951912775 ] ] ], [ [ [ -64.208957811991908, -9.237040956298474 ], [ -64.208957811991908, -9.236790957029433 ], [ -64.208707812513808, -9.236790957029418 ], [ -64.208707812513808, -9.237040956298472 ], [ -64.208957811991908, -9.237040956298474 ] ] ], [ [ [ -64.208207813557593, -9.23679095702942 ], [ -64.208207813557593, -9.236540957760369 ], [ -64.207707814601392, -9.236540957760379 ], [ -64.207707814601392, -9.236790957029426 ], [ -64.208207813557593, -9.23679095702942 ] ] ], [ [ [ -64.207707814601392, -9.236540957760379 ], [ -64.207707814601392, -9.23629095849132 ], [ -64.207457815123291, -9.236290958491315 ], [ -64.207457815123291, -9.236540957760383 ], [ -64.207707814601392, -9.236540957760379 ] ] ], [ [ [ -64.219207790594169, -9.234790962877026 ], [ -64.219207790594169, -9.23504096214608 ], [ -64.218957791116054, -9.235040962146082 ], [ -64.218957791116054, -9.235290961415117 ], [ -64.21970778955037, -9.23529096141511 ], [ -64.21970778955037, -9.235540960684176 ], [ -64.220207788506571, -9.23554096068418 ], [ -64.220207788506571, -9.235790959953221 ], [ -64.220957786940886, -9.235790959953226 ], [ -64.220957786940886, -9.236040959222278 ], [ -64.221207786418987, -9.236040959222267 ], [ -64.221207786418987, -9.236290958491326 ], [ -64.221423578652704, -9.236290958501595 ], [ -64.221419441319057, -9.234790962915008 ], [ -64.2207077874628, -9.234790962877021 ], [ -64.2207077874628, -9.235040962146067 ], [ -64.220457787984685, -9.235040962146075 ], [ -64.220457787984685, -9.235290961415117 ], [ -64.220207788506571, -9.235290961415128 ], [ -64.220207788506571, -9.234540963607964 ], [ -64.21970778955037, -9.234540963607964 ], [ -64.21970778955037, -9.235040962146067 ], [ -64.219457790072269, -9.235040962146073 ], [ -64.219457790072269, -9.23479096287701 ], [ -64.219207790594169, -9.234790962877026 ] ] ], [ [ [ -64.215457798422605, -9.235290961415119 ], [ -64.215457798422605, -9.235540960684165 ], [ -64.21595779737882, -9.235540960684176 ], [ -64.21595779737882, -9.235290961415117 ], [ -64.215707797900706, -9.235290961415119 ], [ -64.215707797900706, -9.235040962146078 ], [ -64.215207798944505, -9.235040962146066 ], [ -64.215207798944505, -9.235290961415128 ], [ -64.215457798422605, -9.235290961415119 ] ] ], [ [ [ -64.207207815645191, -9.234040965069861 ], [ -64.207207815645191, -9.233790965800807 ], [ -64.206957816167076, -9.233790965800823 ], [ -64.206957816167076, -9.234040965069871 ], [ -64.207207815645191, -9.234040965069861 ] ] ], [ [ [ -64.216207796856921, -9.232790968724617 ], [ -64.216207796856921, -9.233290967262707 ], [ -64.216457796335021, -9.233290967262715 ], [ -64.216457796335021, -9.233540966531757 ], [ -64.216707795813122, -9.233540966531772 ], [ -64.216707795813122, -9.233790965800816 ], [ -64.217207794769351, -9.233790965800809 ], [ -64.217207794769351, -9.233040967993654 ], [ -64.216957795291222, -9.233040967993658 ], [ -64.216957795291222, -9.232790968724618 ], [ -64.216207796856921, -9.232790968724617 ] ] ], [ [ [ -64.212457804685357, -9.233290967262718 ], [ -64.212457804685357, -9.232790968724618 ], [ -64.211957805729156, -9.232790968724617 ], [ -64.211957805729156, -9.233040967993654 ], [ -64.212207805207257, -9.233040967993656 ], [ -64.212207805207257, -9.233290967262709 ], [ -64.212457804685357, -9.233290967262718 ] ] ], [ [ [ -64.213457802597773, -9.232290970186517 ], [ -64.213457802597773, -9.232540969455556 ], [ -64.213207803119673, -9.23254096945556 ], [ -64.213207803119673, -9.233290967262715 ], [ -64.213457802597773, -9.233290967262706 ], [ -64.213457802597773, -9.233040967993668 ], [ -64.213707802075874, -9.233040967993661 ], [ -64.213707802075874, -9.232790968724609 ], [ -64.213957801553988, -9.232790968724613 ], [ -64.213957801553988, -9.232290970186519 ], [ -64.213457802597773, -9.232290970186517 ] ] ], [ [ [ -64.163957905933245, -9.232540969455556 ], [ -64.163957905933245, -9.232290970186517 ], [ -64.16370790645513, -9.232290970186513 ], [ -64.16370790645513, -9.23254096945556 ], [ -64.163957905933245, -9.232540969455556 ] ] ], [ [ [ -64.16370790645513, -9.232290970186513 ], [ -64.16370790645513, -9.232040970917462 ], [ -64.16345790697703, -9.23204097091746 ], [ -64.16345790697703, -9.232290970186511 ], [ -64.16370790645513, -9.232290970186513 ] ] ], [ [ [ -64.171457890276358, -9.232040970917462 ], [ -64.171457890276358, -9.231790971648413 ], [ -64.171207890798243, -9.231790971648403 ], [ -64.171207890798243, -9.232040970917462 ], [ -64.171457890276358, -9.232040970917462 ] ] ], [ [ [ -64.214957799466404, -9.230790974572201 ], [ -64.214957799466404, -9.23054097530315 ], [ -64.213957801553988, -9.23054097530315 ], [ -64.213957801553988, -9.2307909745722 ], [ -64.213707802075874, -9.230790974572207 ], [ -64.213707802075874, -9.231040973841255 ], [ -64.213957801553988, -9.231040973841257 ], [ -64.213957801553988, -9.231540972379355 ], [ -64.214957799466404, -9.231540972379355 ], [ -64.214957799466404, -9.231040973841258 ], [ -64.215207798944505, -9.231040973841262 ], [ -64.215207798944505, -9.230790974572198 ], [ -64.214957799466404, -9.230790974572201 ] ] ], [ [ [ -64.162957908020829, -9.23054097530316 ], [ -64.162957908020829, -9.230040976765048 ], [ -64.161707910630312, -9.230040976765057 ], [ -64.161707910630312, -9.23079097457221 ], [ -64.161957910108413, -9.23079097457221 ], [ -64.161957910108413, -9.230540975303152 ], [ -64.162957908020829, -9.23054097530316 ] ] ], [ [ [ -64.148957937247019, -9.226040988460243 ], [ -64.148957937247019, -9.225790989191184 ], [ -64.148707937768918, -9.225790989191198 ], [ -64.148707937768918, -9.226040988460243 ], [ -64.148957937247019, -9.226040988460243 ] ] ], [ [ [ -64.170707891842042, -9.225790989191184 ], [ -64.170707891842042, -9.225540989922134 ], [ -64.170457892363942, -9.225540989922134 ], [ -64.170457892363942, -9.225790989191195 ], [ -64.170707891842042, -9.225790989191184 ] ] ], [ [ [ -64.173457886101176, -9.224290993576881 ], [ -64.173457886101176, -9.224040994307837 ], [ -64.173207886623075, -9.224040994307826 ], [ -64.173207886623075, -9.224290993576885 ], [ -64.173457886101176, -9.224290993576881 ] ] ], [ [ [ -64.124707987870963, -9.3950404943386 ], [ -64.124207988914748, -9.395040494338609 ], [ -64.124207988914748, -9.395290493607652 ], [ -64.124707987870963, -9.395290493607661 ], [ -64.124707987870963, -9.3950404943386 ] ] ], [ [ [ -64.113708010834401, -9.371290563778777 ], [ -64.113458011356286, -9.37129056377878 ], [ -64.113458011356286, -9.371540563047832 ], [ -64.113708010834401, -9.371540563047832 ], [ -64.113708010834401, -9.371290563778777 ] ] ], [ [ [ -64.127707981608197, -9.315790726049496 ], [ -64.127707981608197, -9.315540726780435 ], [ -64.127207982651996, -9.315540726780441 ], [ -64.127207982651996, -9.315790726049489 ], [ -64.127707981608197, -9.315790726049496 ] ] ], [ [ [ -64.126957983173895, -9.315540726780432 ], [ -64.126957983173895, -9.315290727511394 ], [ -64.126707983695781, -9.315290727511384 ], [ -64.126707983695781, -9.315540726780441 ], [ -64.126957983173895, -9.315540726780432 ] ] ], [ [ [ -64.12620798473958, -9.315290727511394 ], [ -64.12620798473958, -9.314790728973286 ], [ -64.125957985261479, -9.314790728973277 ], [ -64.125957985261479, -9.315540726780441 ], [ -64.12645798421768, -9.315540726780444 ], [ -64.12645798421768, -9.315290727511389 ], [ -64.12620798473958, -9.315290727511394 ] ] ], [ [ [ -64.134457967517008, -9.305540756018408 ], [ -64.134457967517008, -9.305290756749359 ], [ -64.134207968038893, -9.305290756749352 ], [ -64.134207968038893, -9.305540756018404 ], [ -64.134457967517008, -9.305540756018408 ] ] ], [ [ [ -64.133207970126477, -9.298790775754039 ], [ -64.133207970126477, -9.298540776484977 ], [ -64.132957970648377, -9.298540776484977 ], [ -64.132957970648377, -9.298790775754025 ], [ -64.133207970126477, -9.298790775754039 ] ] ], [ [ [ -64.130207976389244, -9.298290777215941 ], [ -64.130207976389244, -9.297790778677827 ], [ -64.129707977433029, -9.297790778677838 ], [ -64.129707977433029, -9.298290777215929 ], [ -64.130207976389244, -9.298290777215941 ] ] ], [ [ [ -64.128707979520613, -9.296040783794465 ], [ -64.128707979520613, -9.295540785256367 ], [ -64.128457980042512, -9.295540785256375 ], [ -64.128457980042512, -9.295790784525423 ], [ -64.128207980564412, -9.295790784525417 ], [ -64.128207980564412, -9.29604078379448 ], [ -64.128707979520613, -9.296040783794465 ] ] ], [ [ [ -64.115708006659219, -9.294290788911114 ], [ -64.115708006659219, -9.29404078964207 ], [ -64.115458007181118, -9.294040789642072 ], [ -64.115458007181118, -9.294290788911127 ], [ -64.115708006659219, -9.294290788911114 ] ] ], [ [ [ -64.129207978476828, -9.292790793296815 ], [ -64.129207978476828, -9.292040795489662 ], [ -64.128957978998727, -9.292040795489669 ], [ -64.128957978998727, -9.292790793296819 ], [ -64.129207978476828, -9.292790793296815 ] ] ], [ [ [ -64.135207965951309, -9.292290794758708 ], [ -64.135207965951309, -9.291790796220605 ], [ -64.134707966995109, -9.291790796220614 ], [ -64.134707966995109, -9.292290794758719 ], [ -64.135207965951309, -9.292290794758708 ] ] ], [ [ [ -64.130457975867344, -9.291790796220605 ], [ -64.130457975867344, -9.291540796951566 ], [ -64.130207976389244, -9.291540796951558 ], [ -64.130207976389244, -9.291790796220601 ], [ -64.130457975867344, -9.291790796220605 ] ] ], [ [ [ -64.135207965951309, -9.291040798413453 ], [ -64.135207965951309, -9.290790799144412 ], [ -64.134707966995109, -9.290790799144402 ], [ -64.134707966995109, -9.291040798413457 ], [ -64.135207965951309, -9.291040798413453 ] ] ], [ [ [ -64.115958006137333, -9.287540808646737 ], [ -64.115958006137333, -9.287290809377701 ], [ -64.115708006659219, -9.287290809377691 ], [ -64.115708006659219, -9.287540808646755 ], [ -64.115958006137333, -9.287540808646737 ] ] ], [ [ [ -64.115708006659219, -9.287290809377691 ], [ -64.115708006659219, -9.286540811570548 ], [ -64.115208007703018, -9.286540811570541 ], [ -64.115208007703018, -9.287290809377691 ], [ -64.115708006659219, -9.287290809377691 ] ] ], [ [ [ -64.121707994133715, -9.283290821072884 ], [ -64.121707994133715, -9.283040821803827 ], [ -64.1212079951775, -9.283040821803834 ], [ -64.1212079951775, -9.28354082034193 ], [ -64.121457994655614, -9.283540820341928 ], [ -64.121457994655614, -9.283290821072875 ], [ -64.121707994133715, -9.283290821072884 ] ] ], [ [ [ -64.120207997265084, -9.282290823996679 ], [ -64.120207997265084, -9.282040824727622 ], [ -64.119707998308883, -9.282040824727629 ], [ -64.119707998308883, -9.282290823996675 ], [ -64.120207997265084, -9.282290823996679 ] ] ], [ [ [ -64.139457957079074, -9.279040833499012 ], [ -64.139457957079074, -9.278790834229973 ], [ -64.139207957600973, -9.278790834229957 ], [ -64.139207957600973, -9.279040833499018 ], [ -64.139457957079074, -9.279040833499012 ] ] ], [ [ [ -64.14120795342582, -9.278790834229969 ], [ -64.14120795342582, -9.278540834960912 ], [ -64.140957953947705, -9.278540834960923 ], [ -64.140957953947705, -9.278790834229966 ], [ -64.14120795342582, -9.278790834229969 ] ] ], [ [ [ -64.14045795499149, -9.278790834229966 ], [ -64.14045795499149, -9.27854083496092 ], [ -64.139707956557174, -9.278540834960912 ], [ -64.139707956557174, -9.278790834229975 ], [ -64.14045795499149, -9.278790834229966 ] ] ], [ [ [ -64.125707985783379, -9.278540834960921 ], [ -64.125707985783379, -9.278290835691871 ], [ -64.124207988914748, -9.278290835691857 ], [ -64.124207988914748, -9.278540834960927 ], [ -64.125707985783379, -9.278540834960921 ] ] ], [ [ [ -64.140957953947705, -9.278290835691868 ], [ -64.140957953947705, -9.278040836422816 ], [ -64.14070795446959, -9.278040836422811 ], [ -64.14070795446959, -9.278290835691855 ], [ -64.140957953947705, -9.278290835691868 ] ] ], [ [ [ -64.119707998308883, -9.275790843001362 ], [ -64.119707998308883, -9.275540843732303 ], [ -64.119457998830782, -9.275540843732308 ], [ -64.119457998830782, -9.275790843001353 ], [ -64.119707998308883, -9.275790843001362 ] ] ], [ [ [ -64.127207982651996, -9.274540846656109 ], [ -64.127207982651996, -9.274040848118005 ], [ -64.126957983173895, -9.274040848117995 ], [ -64.126957983173895, -9.274540846656096 ], [ -64.127207982651996, -9.274540846656109 ] ] ], [ [ [ -64.118458000918366, -9.274290847387054 ], [ -64.118458000918366, -9.274040848117997 ], [ -64.118208001440266, -9.274040848118009 ], [ -64.118208001440266, -9.274290847387059 ], [ -64.118458000918366, -9.274290847387054 ] ] ], [ [ [ -64.126707983695781, -9.273540849579895 ], [ -64.126707983695781, -9.27329085031084 ], [ -64.12645798421768, -9.273290850310843 ], [ -64.12645798421768, -9.273790848848956 ], [ -64.126957983173895, -9.273790848848948 ], [ -64.126957983173895, -9.273540849579902 ], [ -64.126707983695781, -9.273540849579895 ] ] ], [ [ [ -64.126957983173895, -9.273290850310845 ], [ -64.126957983173895, -9.273040851041802 ], [ -64.126707983695781, -9.273040851041802 ], [ -64.126707983695781, -9.27329085031084 ], [ -64.126957983173895, -9.273290850310845 ] ] ], [ [ [ -64.128957978998727, -9.271790854696549 ], [ -64.128957978998727, -9.271540855427489 ], [ -64.128707979520613, -9.271540855427483 ], [ -64.128707979520613, -9.271790854696542 ], [ -64.128457980042512, -9.271790854696548 ], [ -64.128457980042512, -9.272290853234649 ], [ -64.128707979520613, -9.272290853234635 ], [ -64.128707979520613, -9.272540852503688 ], [ -64.128957978998727, -9.272540852503701 ], [ -64.128957978998727, -9.272290853234647 ], [ -64.129207978476828, -9.272290853234647 ], [ -64.129207978476828, -9.271790854696539 ], [ -64.128957978998727, -9.271790854696549 ] ] ], [ [ [ -64.12645798421768, -9.272040853965599 ], [ -64.12645798421768, -9.271790854696549 ], [ -64.12620798473958, -9.271790854696537 ], [ -64.12620798473958, -9.27204085396559 ], [ -64.12645798421768, -9.272040853965599 ] ] ], [ [ [ -64.129707977433029, -9.271040856889385 ], [ -64.129707977433029, -9.271290856158444 ], [ -64.129957976911129, -9.271290856158432 ], [ -64.129957976911129, -9.271540855427499 ], [ -64.130207976389244, -9.271540855427491 ], [ -64.130207976389244, -9.270790857620336 ], [ -64.129957976911129, -9.27079085762033 ], [ -64.129957976911129, -9.271040856889387 ], [ -64.129707977433029, -9.271040856889385 ] ] ], [ [ [ -64.126707983695781, -9.269540861275082 ], [ -64.126707983695781, -9.269290862006041 ], [ -64.12645798421768, -9.269290862006029 ], [ -64.12645798421768, -9.269540861275077 ], [ -64.126707983695781, -9.269540861275082 ] ] ], [ [ [ -64.128207980564412, -9.26904086273699 ], [ -64.128207980564412, -9.268540864198876 ], [ -64.127957981086311, -9.268540864198886 ], [ -64.127957981086311, -9.268790863467935 ], [ -64.127707981608197, -9.268790863467935 ], [ -64.127707981608197, -9.269040862736988 ], [ -64.128207980564412, -9.26904086273699 ] ] ], [ [ [ -64.129207978476828, -9.264540875894063 ], [ -64.128957978998727, -9.264540875894072 ], [ -64.128957978998727, -9.264790875163117 ], [ -64.129207978476828, -9.26479087516312 ], [ -64.129207978476828, -9.264540875894063 ] ] ], [ [ [ -64.130207976389244, -9.2612908853964 ], [ -64.129457977954928, -9.261290885396399 ], [ -64.129457977954928, -9.261540884665456 ], [ -64.130207976389244, -9.261540884665456 ], [ -64.130207976389244, -9.2612908853964 ] ] ], [ [ [ -64.131707973257861, -9.2587908927059 ], [ -64.131707973257861, -9.258540893436857 ], [ -64.13145797377976, -9.258540893436843 ], [ -64.13145797377976, -9.258790892705901 ], [ -64.131707973257861, -9.2587908927059 ] ] ], [ [ [ -64.134707966995109, -9.252040912441533 ], [ -64.134707966995109, -9.251540913903426 ], [ -64.134457967517008, -9.251540913903419 ], [ -64.134457967517008, -9.252040912441522 ], [ -64.134707966995109, -9.252040912441533 ] ] ], [ [ [ -64.142957949772523, -9.251290914634371 ], [ -64.142957949772523, -9.250790916096264 ], [ -64.142707950294422, -9.250790916096269 ], [ -64.142707950294422, -9.251290914634369 ], [ -64.142957949772523, -9.251290914634371 ] ] ], [ [ [ -64.142457950816322, -9.250790916096266 ], [ -64.142457950816322, -9.250540916827219 ], [ -64.142207951338222, -9.250540916827223 ], [ -64.142207951338222, -9.250790916096269 ], [ -64.142457950816322, -9.250790916096266 ] ] ], [ [ [ -64.135207965951309, -9.250790916096269 ], [ -64.135207965951309, -9.250540916827214 ], [ -64.134707966995109, -9.250540916827219 ], [ -64.134707966995109, -9.250790916096271 ], [ -64.135207965951309, -9.250790916096269 ] ] ], [ [ [ -64.141707952382006, -9.250540916827219 ], [ -64.141707952382006, -9.250290917558175 ], [ -64.141457952903906, -9.250290917558166 ], [ -64.141457952903906, -9.250540916827221 ], [ -64.141707952382006, -9.250540916827219 ] ] ], [ [ [ -64.13145797377976, -9.250290917558177 ], [ -64.13145797377976, -9.250540916827225 ], [ -64.132207972214076, -9.250540916827232 ], [ -64.132207972214076, -9.250290917558173 ], [ -64.131957972735961, -9.250290917558177 ], [ -64.131957972735961, -9.250040918289118 ], [ -64.131707973257861, -9.250040918289118 ], [ -64.131707973257861, -9.250290917558168 ], [ -64.13145797377976, -9.250290917558177 ] ] ], [ [ [ -64.114708008746803, -9.249040921212908 ], [ -64.114708008746803, -9.248790921943872 ], [ -64.114458009268702, -9.248790921943868 ], [ -64.114458009268702, -9.249040921212918 ], [ -64.114708008746803, -9.249040921212908 ] ] ], [ [ [ -64.143207949250638, -9.248790921943874 ], [ -64.143207949250638, -9.248290923405762 ], [ -64.142957949772523, -9.248290923405756 ], [ -64.142957949772523, -9.24879092194387 ], [ -64.143207949250638, -9.248790921943874 ] ] ], [ [ [ -64.118708000396467, -9.24854092267481 ], [ -64.118708000396467, -9.248290923405769 ], [ -64.118458000918366, -9.248290923405758 ], [ -64.118458000918366, -9.248540922674819 ], [ -64.118708000396467, -9.24854092267481 ] ] ], [ [ [ -64.142957949772523, -9.248290923405756 ], [ -64.142957949772523, -9.248040924136712 ], [ -64.142707950294422, -9.248040924136719 ], [ -64.142707950294422, -9.248290923405769 ], [ -64.142957949772523, -9.248290923405756 ] ] ], [ [ [ -64.119457998830782, -9.248040924136721 ], [ -64.119457998830782, -9.247790924867667 ], [ -64.119207999352682, -9.247790924867664 ], [ -64.119207999352682, -9.248040924136717 ], [ -64.119457998830782, -9.248040924136721 ] ] ], [ [ [ -64.137457961254242, -9.247540925598605 ], [ -64.137457961254242, -9.247290926329555 ], [ -64.136957962298041, -9.247290926329555 ], [ -64.136957962298041, -9.247540925598614 ], [ -64.137457961254242, -9.247540925598605 ] ] ], [ [ [ -64.117708002484051, -9.247290926329567 ], [ -64.117708002484051, -9.247040927060517 ], [ -64.11720800352785, -9.24704092706051 ], [ -64.11720800352785, -9.246790927791453 ], [ -64.116958004049749, -9.246790927791453 ], [ -64.116958004049749, -9.247040927060501 ], [ -64.116708004571635, -9.247040927060509 ], [ -64.116708004571635, -9.247790924867662 ], [ -64.116958004049749, -9.247790924867656 ], [ -64.116958004049749, -9.24729092632956 ], [ -64.11720800352785, -9.24729092632956 ], [ -64.11720800352785, -9.247790924867667 ], [ -64.117958001962151, -9.247790924867658 ], [ -64.117958001962151, -9.247290926329562 ], [ -64.117708002484051, -9.247290926329567 ] ] ], [ [ [ -64.136957962298041, -9.247040927060505 ], [ -64.136957962298041, -9.246790927791455 ], [ -64.136707962819941, -9.246790927791466 ], [ -64.136707962819941, -9.247040927060512 ], [ -64.136957962298041, -9.247040927060505 ] ] ], [ [ [ -64.113708010834401, -9.246790927791455 ], [ -64.113708010834401, -9.246540928522414 ], [ -64.113458011356286, -9.24654092852241 ], [ -64.113458011356286, -9.246790927791467 ], [ -64.113708010834401, -9.246790927791455 ] ] ], [ [ [ -64.133707969082693, -9.246540928522403 ], [ -64.133707969082693, -9.246040929984311 ], [ -64.133207970126477, -9.246040929984311 ], [ -64.133207970126477, -9.246290929253357 ], [ -64.133457969604592, -9.246290929253361 ], [ -64.133457969604592, -9.246540928522402 ], [ -64.133707969082693, -9.246540928522403 ] ] ], [ [ [ -64.130957974823545, -9.246040929984312 ], [ -64.130957974823545, -9.245790930715254 ], [ -64.130707975345445, -9.245790930715259 ], [ -64.130707975345445, -9.246040929984307 ], [ -64.130957974823545, -9.246040929984312 ] ] ], [ [ [ -64.118957999874567, -9.246040929984314 ], [ -64.118957999874567, -9.245790930715255 ], [ -64.118708000396467, -9.245790930715259 ], [ -64.118708000396467, -9.246040929984305 ], [ -64.118957999874567, -9.246040929984314 ] ] ], [ [ [ -64.113458011356286, -9.246040929984311 ], [ -64.113458011356286, -9.245790930715245 ], [ -64.113208011878186, -9.245790930715255 ], [ -64.113208011878186, -9.246040929984312 ], [ -64.113458011356286, -9.246040929984311 ] ] ], [ [ [ -64.142957949772523, -9.245290932177154 ], [ -64.142957949772523, -9.245040932908099 ], [ -64.142457950816322, -9.245040932908095 ], [ -64.142457950816322, -9.245540931446211 ], [ -64.142707950294422, -9.245540931446204 ], [ -64.142707950294422, -9.245290932177156 ], [ -64.142957949772523, -9.245290932177154 ] ] ], [ [ [ -64.121707994133715, -9.244540934369994 ], [ -64.121707994133715, -9.244790933639043 ], [ -64.121457994655614, -9.244790933639047 ], [ -64.121457994655614, -9.245290932177157 ], [ -64.120957995699399, -9.245290932177152 ], [ -64.120957995699399, -9.245540931446206 ], [ -64.121707994133715, -9.245540931446202 ], [ -64.121707994133715, -9.245290932177152 ], [ -64.121957993611815, -9.245290932177145 ], [ -64.121957993611815, -9.244540934370008 ], [ -64.121707994133715, -9.244540934369994 ] ] ], [ [ [ -64.128707979520613, -9.244040935831897 ], [ -64.128707979520613, -9.243790936562853 ], [ -64.128207980564412, -9.243790936562847 ], [ -64.128207980564412, -9.244040935831904 ], [ -64.128707979520613, -9.244040935831897 ] ] ], [ [ [ -64.138707958644773, -9.242040941679489 ], [ -64.138707958644773, -9.242790939486635 ], [ -64.138957958122873, -9.242790939486644 ], [ -64.138957958122873, -9.243290938024742 ], [ -64.139707956557174, -9.243290938024755 ], [ -64.139707956557174, -9.2425409402176 ], [ -64.139207957600973, -9.2425409402176 ], [ -64.139207957600973, -9.242290940948548 ], [ -64.138957958122873, -9.242290940948545 ], [ -64.138957958122873, -9.242040941679484 ], [ -64.138707958644773, -9.242040941679489 ] ] ], [ [ [ -64.124957987349063, -9.242790939486637 ], [ -64.124957987349063, -9.242290940948543 ], [ -64.124707987870963, -9.242290940948537 ], [ -64.124707987870963, -9.24279093948665 ], [ -64.124957987349063, -9.242790939486637 ] ] ], [ [ [ -64.125457986305264, -9.242290940948552 ], [ -64.125457986305264, -9.242040941679488 ], [ -64.125207986827164, -9.242040941679493 ], [ -64.125207986827164, -9.242290940948546 ], [ -64.125457986305264, -9.242290940948552 ] ] ], [ [ [ -64.12620798473958, -9.242040941679489 ], [ -64.12620798473958, -9.241790942410439 ], [ -64.125957985261479, -9.241790942410448 ], [ -64.125957985261479, -9.242040941679486 ], [ -64.12620798473958, -9.242040941679489 ] ] ], [ [ [ -64.126707983695781, -9.241540943141388 ], [ -64.126707983695781, -9.241290943872345 ], [ -64.12620798473958, -9.24129094387234 ], [ -64.12620798473958, -9.241540943141391 ], [ -64.126707983695781, -9.241540943141388 ] ] ], [ [ [ -64.126957983173895, -9.239040950450889 ], [ -64.126957983173895, -9.238790951181837 ], [ -64.126707983695781, -9.238790951181834 ], [ -64.126707983695781, -9.239040950450875 ], [ -64.126957983173895, -9.239040950450889 ] ] ], [ [ [ -64.126707983695781, -9.238790951181834 ], [ -64.126707983695781, -9.23854095191278 ], [ -64.12645798421768, -9.238540951912789 ], [ -64.12645798421768, -9.238790951181826 ], [ -64.126707983695781, -9.238790951181834 ] ] ], [ [ [ -64.127207982651996, -9.23629095849132 ], [ -64.127207982651996, -9.236040959222276 ], [ -64.126957983173895, -9.236040959222267 ], [ -64.126957983173895, -9.23629095849132 ], [ -64.127207982651996, -9.23629095849132 ] ] ], [ [ [ -64.126957983173895, -9.235540960684169 ], [ -64.126707983695781, -9.23554096068418 ], [ -64.126707983695781, -9.236040959222267 ], [ -64.126957983173895, -9.236040959222267 ], [ -64.126957983173895, -9.235540960684169 ] ] ], [ [ [ -64.116708004571635, -9.234040965069864 ], [ -64.116458005093534, -9.23404096506987 ], [ -64.116458005093534, -9.234290964338918 ], [ -64.116708004571635, -9.234290964338923 ], [ -64.116708004571635, -9.234040965069864 ] ] ], [ [ [ -64.117958001962151, -9.233790965800818 ], [ -64.117958001962151, -9.233540966531756 ], [ -64.117708002484051, -9.233540966531764 ], [ -64.117708002484051, -9.23379096580082 ], [ -64.117958001962151, -9.233790965800818 ] ] ], [ [ [ -64.143957947684939, -9.233790965800805 ], [ -64.143957947684939, -9.233040967993658 ], [ -64.143707948206838, -9.233040967993661 ], [ -64.143707948206838, -9.233290967262715 ], [ -64.143457948728738, -9.233290967262715 ], [ -64.143457948728738, -9.233790965800825 ], [ -64.143957947684939, -9.233790965800805 ] ] ], [ [ [ -64.125957985261479, -9.233540966531761 ], [ -64.125957985261479, -9.23329096726272 ], [ -64.125707985783379, -9.233290967262707 ], [ -64.125707985783379, -9.233540966531766 ], [ -64.125957985261479, -9.233540966531761 ] ] ], [ [ [ -64.125457986305264, -9.233290967262722 ], [ -64.125457986305264, -9.233040967993658 ], [ -64.125207986827164, -9.233040967993672 ], [ -64.125207986827164, -9.233290967262707 ], [ -64.125457986305264, -9.233290967262722 ] ] ], [ [ [ -64.130207976389244, -9.233290967262706 ], [ -64.130207976389244, -9.232790968724615 ], [ -64.129457977954928, -9.232790968724617 ], [ -64.129457977954928, -9.233290967262715 ], [ -64.130207976389244, -9.233290967262706 ] ] ], [ [ [ -64.125207986827164, -9.233040967993672 ], [ -64.125207986827164, -9.232790968724615 ], [ -64.124707987870963, -9.232790968724604 ], [ -64.124707987870963, -9.233040967993668 ], [ -64.125207986827164, -9.233040967993672 ] ] ], [ [ [ -64.118708000396467, -9.233040967993658 ], [ -64.118708000396467, -9.232790968724617 ], [ -64.118458000918366, -9.232790968724617 ], [ -64.118458000918366, -9.233040967993668 ], [ -64.118708000396467, -9.233040967993658 ] ] ], [ [ [ -64.130207976389244, -9.23254096945556 ], [ -64.130207976389244, -9.232290970186506 ], [ -64.129707977433029, -9.232290970186508 ], [ -64.129707977433029, -9.232540969455568 ], [ -64.130207976389244, -9.23254096945556 ] ] ], [ [ [ -64.134457967517008, -9.232290970186504 ], [ -64.134457967517008, -9.23204097091746 ], [ -64.134207968038893, -9.23204097091746 ], [ -64.134207968038893, -9.232290970186511 ], [ -64.134457967517008, -9.232290970186504 ] ] ], [ [ [ -64.139957956035289, -9.230790974572212 ], [ -64.139957956035289, -9.231290973110315 ], [ -64.140207955513389, -9.23129097311031 ], [ -64.140207955513389, -9.23154097237936 ], [ -64.14070795446959, -9.231540972379356 ], [ -64.14070795446959, -9.23129097311031 ], [ -64.14045795499149, -9.231290973110315 ], [ -64.14045795499149, -9.231040973841253 ], [ -64.140207955513389, -9.231040973841248 ], [ -64.140207955513389, -9.230790974572212 ], [ -64.139957956035289, -9.230790974572212 ] ] ], [ [ [ -64.124207988914748, -9.231290973110307 ], [ -64.124207988914748, -9.231040973841264 ], [ -64.123957989436647, -9.231040973841248 ], [ -64.123957989436647, -9.231290973110315 ], [ -64.124207988914748, -9.231290973110307 ] ] ], [ [ [ -64.142457950816322, -9.231040973841257 ], [ -64.142457950816322, -9.230790974572201 ], [ -64.141957951860121, -9.230790974572212 ], [ -64.141957951860121, -9.231290973110307 ], [ -64.142707950294422, -9.231290973110307 ], [ -64.142707950294422, -9.231040973841251 ], [ -64.142457950816322, -9.231040973841257 ] ] ], [ [ [ -64.120957995699399, -9.230540975303146 ], [ -64.120957995699399, -9.230290976034103 ], [ -64.120707996221299, -9.230290976034095 ], [ -64.120707996221299, -9.230540975303152 ], [ -64.120957995699399, -9.230540975303146 ] ] ], [ [ [ -64.120707996221299, -9.230290976034095 ], [ -64.120707996221299, -9.23004097676505 ], [ -64.120457996743198, -9.23004097676505 ], [ -64.120457996743198, -9.2302909760341 ], [ -64.120707996221299, -9.230290976034095 ] ] ], [ [ [ -64.14070795446959, -9.229790977496002 ], [ -64.14070795446959, -9.22954097822695 ], [ -64.14045795499149, -9.229540978226948 ], [ -64.14045795499149, -9.229790977496004 ], [ -64.14070795446959, -9.229790977496002 ] ] ], [ [ [ -64.134957966473209, -9.229540978226956 ], [ -64.134957966473209, -9.229290978957899 ], [ -64.134707966995109, -9.229290978957907 ], [ -64.134707966995109, -9.229540978226948 ], [ -64.134957966473209, -9.229540978226956 ] ] ], [ [ [ -64.142207951338222, -9.229540978226959 ], [ -64.142207951338222, -9.22904097968885 ], [ -64.141707952382006, -9.229040979688847 ], [ -64.141707952382006, -9.229540978226954 ], [ -64.142207951338222, -9.229540978226959 ] ] ], [ [ [ -64.121957993611815, -9.229040979688849 ], [ -64.121957993611815, -9.228790980419804 ], [ -64.121707994133715, -9.228790980419793 ], [ -64.121707994133715, -9.229290978957906 ], [ -64.122207993089916, -9.229290978957902 ], [ -64.122207993089916, -9.229040979688849 ], [ -64.121957993611815, -9.229040979688849 ] ] ], [ [ [ -64.14120795342582, -9.229040979688856 ], [ -64.14120795342582, -9.22879098041979 ], [ -64.140957953947705, -9.228790980419804 ], [ -64.140957953947705, -9.229040979688852 ], [ -64.14120795342582, -9.229040979688856 ] ] ], [ [ [ -64.142207951338222, -9.228540981150742 ], [ -64.142207951338222, -9.228290981881697 ], [ -64.141957951860121, -9.228290981881688 ], [ -64.141957951860121, -9.228540981150751 ], [ -64.142207951338222, -9.228540981150742 ] ] ], [ [ [ -64.12245799256803, -9.227290984805487 ], [ -64.12245799256803, -9.227540984074547 ], [ -64.122207993089916, -9.227540984074542 ], [ -64.122207993089916, -9.227790983343594 ], [ -64.12245799256803, -9.227790983343594 ], [ -64.12245799256803, -9.228040982612656 ], [ -64.122707992046131, -9.228040982612649 ], [ -64.122707992046131, -9.227790983343601 ], [ -64.122957991524231, -9.227790983343601 ], [ -64.122957991524231, -9.227290984805492 ], [ -64.12245799256803, -9.227290984805487 ] ] ], [ [ [ -64.115208007703018, -9.226790986267396 ], [ -64.115208007703018, -9.226540986998335 ], [ -64.114708008746803, -9.226540986998344 ], [ -64.114708008746803, -9.226790986267387 ], [ -64.115208007703018, -9.226790986267396 ] ] ], [ [ [ -64.114208009790602, -9.226790986267385 ], [ -64.114208009790602, -9.226540986998337 ], [ -64.113458011356286, -9.226540986998346 ], [ -64.113458011356286, -9.226790986267394 ], [ -64.114208009790602, -9.226790986267385 ] ] ], [ [ [ -64.121957993611815, -9.226790986267394 ], [ -64.121957993611815, -9.226290987729298 ], [ -64.121707994133715, -9.226290987729286 ], [ -64.121707994133715, -9.226540986998341 ], [ -64.121457994655614, -9.226540986998344 ], [ -64.121457994655614, -9.226790986267396 ], [ -64.121957993611815, -9.226790986267394 ] ] ], [ [ [ -64.144707946119269, -9.226290987729286 ], [ -64.144707946119269, -9.226040988460232 ], [ -64.144207947163054, -9.226040988460243 ], [ -64.144207947163054, -9.226290987729291 ], [ -64.144707946119269, -9.226290987729286 ] ] ], [ [ [ -64.12620798473958, -9.225040991384034 ], [ -64.12620798473958, -9.224790992114977 ], [ -64.125957985261479, -9.224790992114992 ], [ -64.125957985261479, -9.225040991384034 ], [ -64.12620798473958, -9.225040991384034 ] ] ], [ [ [ -64.144707946112447, -9.223888892001446 ], [ -64.144207947151912, -9.223889794794866 ], [ -64.144207947163054, -9.224540992845927 ], [ -64.144457946641154, -9.224540992845931 ], [ -64.144457946641154, -9.22479099211499 ], [ -64.144707946119269, -9.224790992114992 ], [ -64.144707946119269, -9.225040991384033 ], [ -64.14520794507547, -9.225040991384043 ], [ -64.14520794507547, -9.22454099284594 ], [ -64.14545794455357, -9.224540992845942 ], [ -64.14545794455357, -9.22429099357689 ], [ -64.144707946119269, -9.224290993576886 ], [ -64.144707946112447, -9.223888892001446 ] ] ], [ [ [ -64.122207993089916, -9.224290993576888 ], [ -64.122207993089916, -9.224040994307833 ], [ -64.121957993611815, -9.22404099430784 ], [ -64.121957993611815, -9.224290993576881 ], [ -64.122207993089916, -9.224290993576888 ] ] ], [ [ [ -64.123707989955903, -9.223926210910989 ], [ -64.122957991521588, -9.223927521054097 ], [ -64.122957991524231, -9.224040994307842 ], [ -64.123707989958547, -9.22404099430784 ], [ -64.123707989955903, -9.223926210910989 ] ] ], [ [ [ -64.068708104775737, -9.437290370808192 ], [ -64.068708104775737, -9.437040371539149 ], [ -64.068208105819522, -9.437040371539148 ], [ -64.068208105819522, -9.437290370808192 ], [ -64.068708104775737, -9.437290370808192 ] ] ], [ [ [ -64.069458103210039, -9.436790372270094 ], [ -64.069458103210039, -9.436540373001042 ], [ -64.068708104775737, -9.436540373001044 ], [ -64.068708104775737, -9.436290373732 ], [ -64.069208103731938, -9.436290373731987 ], [ -64.069208103731938, -9.436040374462946 ], [ -64.068458105297623, -9.436040374462937 ], [ -64.068458105297623, -9.436790372270087 ], [ -64.069458103210039, -9.436790372270094 ] ] ], [ [ [ -64.098958041626275, -9.411790445365009 ], [ -64.098708042148175, -9.411790445365009 ], [ -64.098708042148175, -9.412040444634057 ], [ -64.098958041626275, -9.412040444634066 ], [ -64.098958041626275, -9.411790445365009 ] ] ], [ [ [ -64.098458042670075, -9.411290446826916 ], [ -64.09820804319196, -9.411290446826913 ], [ -64.09820804319196, -9.411540446095955 ], [ -64.098458042670075, -9.411540446095959 ], [ -64.098458042670075, -9.411290446826916 ] ] ], [ [ [ -64.073708094337803, -9.411290446826909 ], [ -64.073708094337803, -9.411040447557859 ], [ -64.073458094859703, -9.411040447557866 ], [ -64.073458094859703, -9.411290446826911 ], [ -64.073708094337803, -9.411290446826909 ] ] ], [ [ [ -64.073208095381588, -9.411290446826916 ], [ -64.073208095381588, -9.410790448288802 ], [ -64.072708096425387, -9.410790448288806 ], [ -64.072708096425387, -9.411290446826914 ], [ -64.073208095381588, -9.411290446826916 ] ] ], [ [ [ -64.072208097469186, -9.411040447557857 ], [ -64.072208097469186, -9.410790448288809 ], [ -64.071958097991072, -9.410790448288809 ], [ -64.071958097991072, -9.411040447557868 ], [ -64.072208097469186, -9.411040447557857 ] ] ], [ [ [ -64.072708096425387, -9.410540449019756 ], [ -64.072708096425387, -9.410290449750715 ], [ -64.072208097469186, -9.410290449750704 ], [ -64.072208097469186, -9.410540449019752 ], [ -64.072708096425387, -9.410540449019756 ] ] ], [ [ [ -64.071958097991072, -9.410540449019754 ], [ -64.071958097991072, -9.410290449750713 ], [ -64.071708098512971, -9.410290449750699 ], [ -64.071708098512971, -9.410540449019765 ], [ -64.071958097991072, -9.410540449019754 ] ] ], [ [ [ -64.072208097469186, -9.410290449750704 ], [ -64.072208097469186, -9.409540451943553 ], [ -64.071958097991072, -9.409540451943553 ], [ -64.071958097991072, -9.410290449750713 ], [ -64.072208097469186, -9.410290449750704 ] ] ], [ [ [ -64.081708077637117, -9.408790454136392 ], [ -64.081708077637117, -9.408540454867346 ], [ -64.081208078680916, -9.408540454867349 ], [ -64.081208078680916, -9.408790454136408 ], [ -64.081708077637117, -9.408790454136392 ] ] ], [ [ [ -64.093458053107994, -9.408040456329251 ], [ -64.093458053107994, -9.407790457060194 ], [ -64.092958054151779, -9.407790457060196 ], [ -64.092958054151779, -9.408040456329239 ], [ -64.093458053107994, -9.408040456329251 ] ] ], [ [ [ -64.09420805154231, -9.407790457060209 ], [ -64.09420805154231, -9.407040459253048 ], [ -64.093958052064195, -9.40704045925305 ], [ -64.093958052064195, -9.4077904570602 ], [ -64.09420805154231, -9.407790457060209 ] ] ], [ [ [ -64.111458015531454, -9.370540565971629 ], [ -64.111458015531454, -9.370290566702575 ], [ -64.111208016053354, -9.370290566702565 ], [ -64.111208016053354, -9.370540565971632 ], [ -64.111458015531454, -9.370540565971629 ] ] ], [ [ [ -64.110958016575253, -9.370540565971632 ], [ -64.110958016575253, -9.370040567433515 ], [ -64.110708017097153, -9.370040567433522 ], [ -64.110708017097153, -9.370790565240682 ], [ -64.111208016053354, -9.37079056524068 ], [ -64.111208016053354, -9.370540565971632 ], [ -64.110958016575253, -9.370540565971632 ] ] ], [ [ [ -64.111208016053354, -9.370040567433513 ], [ -64.111208016053354, -9.369790568164479 ], [ -64.110958016575253, -9.369790568164474 ], [ -64.110958016575253, -9.370040567433515 ], [ -64.111208016053354, -9.370040567433513 ] ] ], [ [ [ -64.111708015009569, -9.369540568895419 ], [ -64.111708015009569, -9.369040570357326 ], [ -64.110958016575253, -9.369040570357324 ], [ -64.110958016575253, -9.369540568895415 ], [ -64.111708015009569, -9.369540568895419 ] ] ], [ [ [ -64.11220801396577, -9.368790571088276 ], [ -64.11220801396577, -9.368540571819224 ], [ -64.111958014487669, -9.36854057181921 ], [ -64.111958014487669, -9.368790571088269 ], [ -64.11220801396577, -9.368790571088276 ] ] ], [ [ [ -64.111208016053354, -9.368790571088271 ], [ -64.111208016053354, -9.368540571819215 ], [ -64.110958016575253, -9.368540571819214 ], [ -64.110958016575253, -9.368790571088262 ], [ -64.111208016053354, -9.368790571088271 ] ] ], [ [ [ -64.11220801396577, -9.368290572550169 ], [ -64.11220801396577, -9.368040573281116 ], [ -64.111958014487669, -9.368040573281121 ], [ -64.111958014487669, -9.368290572550167 ], [ -64.11220801396577, -9.368290572550169 ] ] ], [ [ [ -64.110708017097153, -9.367290575473962 ], [ -64.110708017097153, -9.367040576204909 ], [ -64.110458017619052, -9.367040576204914 ], [ -64.110458017619052, -9.367290575473966 ], [ -64.110708017097153, -9.367290575473962 ] ] ], [ [ [ -64.110458017619052, -9.364040584976298 ], [ -64.110458017619052, -9.363790585707248 ], [ -64.110208018140952, -9.363790585707257 ], [ -64.110208018140952, -9.364290584245349 ], [ -64.110958016575253, -9.36429058424536 ], [ -64.110958016575253, -9.364040584976308 ], [ -64.110458017619052, -9.364040584976298 ] ] ], [ [ [ -64.109208020228522, -9.364040584976307 ], [ -64.109208020228522, -9.363790585707248 ], [ -64.109458019706636, -9.363790585707251 ], [ -64.109458019706636, -9.363540586438203 ], [ -64.108958020750421, -9.363540586438194 ], [ -64.108958020750421, -9.36379058570726 ], [ -64.108708021272321, -9.363790585707253 ], [ -64.108708021272321, -9.364040584976307 ], [ -64.10845802179422, -9.364040584976296 ], [ -64.10845802179422, -9.364540583514406 ], [ -64.108708021272321, -9.364540583514406 ], [ -64.108708021272321, -9.364290584245355 ], [ -64.108958020750421, -9.36429058424536 ], [ -64.108958020750421, -9.364040584976308 ], [ -64.109208020228522, -9.364040584976307 ] ] ], [ [ [ -64.111208016053354, -9.364040584976308 ], [ -64.111208016053354, -9.363790585707251 ], [ -64.110958016575253, -9.363790585707262 ], [ -64.110958016575253, -9.364040584976308 ], [ -64.111208016053354, -9.364040584976308 ] ] ], [ [ [ -64.109708019184737, -9.364040584976294 ], [ -64.109708019184737, -9.363790585707259 ], [ -64.109458019706636, -9.363790585707251 ], [ -64.109458019706636, -9.364040584976305 ], [ -64.109708019184737, -9.364040584976294 ] ] ], [ [ [ -64.078458084421769, -9.33754066245691 ], [ -64.078458084421769, -9.337790661725958 ], [ -64.078708083899869, -9.337790661725968 ], [ -64.078708083899869, -9.337540662456915 ], [ -64.078958083377984, -9.337540662456922 ], [ -64.078958083377984, -9.337290663187868 ], [ -64.078208084943668, -9.337290663187861 ], [ -64.078208084943668, -9.337540662456918 ], [ -64.078458084421769, -9.33754066245691 ] ] ], [ [ [ -64.082208076593332, -9.335290669035459 ], [ -64.082208076593332, -9.334790670497355 ], [ -64.081708077637117, -9.334790670497355 ], [ -64.081708077637117, -9.335290669035457 ], [ -64.082208076593332, -9.335290669035459 ] ] ], [ [ [ -64.081708077637117, -9.334790670497355 ], [ -64.081708077637117, -9.3345406712283 ], [ -64.081208078680916, -9.334540671228302 ], [ -64.081208078680916, -9.334790670497354 ], [ -64.081708077637117, -9.334790670497355 ] ] ], [ [ [ -64.080958079202802, -9.334540671228307 ], [ -64.080958079202802, -9.3340406726902 ], [ -64.080458080246601, -9.334040672690202 ], [ -64.080458080246601, -9.334290671959256 ], [ -64.080708079724701, -9.33429067195925 ], [ -64.080708079724701, -9.334540671228311 ], [ -64.080958079202802, -9.334540671228307 ] ] ], [ [ [ -64.0802080807685, -9.334290671959248 ], [ -64.0802080807685, -9.3340406726902 ], [ -64.079708081812285, -9.334040672690195 ], [ -64.079708081812285, -9.334290671959256 ], [ -64.0802080807685, -9.334290671959248 ] ] ], [ [ [ -64.073708094337803, -9.334040672690193 ], [ -64.073708094337803, -9.333790673421149 ], [ -64.073458094859703, -9.333790673421158 ], [ -64.073458094859703, -9.334040672690197 ], [ -64.073708094337803, -9.334040672690193 ] ] ], [ [ [ -64.068958104253824, -9.333290674883054 ], [ -64.068958104253824, -9.332790676344944 ], [ -64.068458105297623, -9.332790676344944 ], [ -64.068458105297623, -9.333290674883049 ], [ -64.068958104253824, -9.333290674883054 ] ] ], [ [ [ -64.070708100600555, -9.332790676344937 ], [ -64.070708100600555, -9.332290677806851 ], [ -64.070958100078656, -9.332290677806856 ], [ -64.070958100078656, -9.331790679268744 ], [ -64.068958104253824, -9.331790679268737 ], [ -64.068958104253824, -9.332540677075903 ], [ -64.069208103731938, -9.332540677075901 ], [ -64.069208103731938, -9.332790676344947 ], [ -64.069708102688139, -9.332790676344947 ], [ -64.069708102688139, -9.332540677075897 ], [ -64.070208101644354, -9.332540677075892 ], [ -64.070208101644354, -9.332290677806844 ], [ -64.070458101122455, -9.332290677806844 ], [ -64.070458101122455, -9.332790676344953 ], [ -64.070708100600555, -9.332790676344937 ] ] ], [ [ [ -64.093708052586095, -9.323540703390069 ], [ -64.093708052586095, -9.32329070412101 ], [ -64.093458053107994, -9.323290704121009 ], [ -64.093458053107994, -9.323540703390067 ], [ -64.093708052586095, -9.323540703390069 ] ] ], [ [ [ -64.095458048932827, -9.322290707044804 ], [ -64.095458048932827, -9.322040707775761 ], [ -64.095208049454726, -9.322040707775759 ], [ -64.095208049454726, -9.322290707044806 ], [ -64.095458048932827, -9.322290707044804 ] ] ], [ [ [ -64.095958047889027, -9.321540709237661 ], [ -64.095708048410927, -9.321540709237661 ], [ -64.095708048410927, -9.321790708506713 ], [ -64.095958047889027, -9.321790708506716 ], [ -64.095958047889027, -9.321540709237661 ] ] ], [ [ [ -64.067208107907106, -9.321540709237654 ], [ -64.066708108950891, -9.321540709237654 ], [ -64.066708108950891, -9.321790708506706 ], [ -64.067208107907106, -9.321790708506708 ], [ -64.067208107907106, -9.321540709237654 ] ] ], [ [ [ -64.096458046845243, -9.321540709237652 ], [ -64.096458046845243, -9.32129070996861 ], [ -64.096208047367128, -9.321290709968615 ], [ -64.096208047367128, -9.321540709237659 ], [ -64.096458046845243, -9.321540709237652 ] ] ], [ [ [ -64.098458042670075, -9.319040716547152 ], [ -64.098458042670075, -9.319290715816198 ], [ -64.09820804319196, -9.319290715816198 ], [ -64.09820804319196, -9.319540715085257 ], [ -64.097958043713859, -9.319540715085246 ], [ -64.097958043713859, -9.319790714354308 ], [ -64.098958041626275, -9.319790714354301 ], [ -64.098958041626275, -9.319540715085255 ], [ -64.098708042148175, -9.319540715085246 ], [ -64.098708042148175, -9.319040716547152 ], [ -64.098458042670075, -9.319040716547152 ] ] ], [ [ [ -64.097958043713859, -9.319540715085246 ], [ -64.097958043713859, -9.319290715816201 ], [ -64.097708044235759, -9.319290715816209 ], [ -64.097708044235759, -9.31954071508525 ], [ -64.097958043713859, -9.319540715085246 ] ] ], [ [ [ -64.099208041104376, -9.319290715816201 ], [ -64.099208041104376, -9.31904071654715 ], [ -64.098958041626275, -9.319040716547155 ], [ -64.098958041626275, -9.319290715816209 ], [ -64.099208041104376, -9.319290715816201 ] ] ], [ [ [ -64.098458042670075, -9.319040716547152 ], [ -64.098458042670075, -9.318790717278109 ], [ -64.09820804319196, -9.318790717278096 ], [ -64.09820804319196, -9.319040716547148 ], [ -64.098458042670075, -9.319040716547152 ] ] ], [ [ [ -64.098708042148175, -9.318540718009041 ], [ -64.098708042148175, -9.318790717278096 ], [ -64.099208041104376, -9.318790717278096 ], [ -64.099208041104376, -9.31904071654715 ], [ -64.099458040582476, -9.319040716547155 ], [ -64.099458040582476, -9.318290718739993 ], [ -64.098958041626275, -9.318290718739997 ], [ -64.098958041626275, -9.318540718009041 ], [ -64.098708042148175, -9.318540718009041 ] ] ], [ [ [ -64.098708042148175, -9.318540718009041 ], [ -64.098708042148175, -9.318040719470954 ], [ -64.09820804319196, -9.318040719470954 ], [ -64.09820804319196, -9.318540718009055 ], [ -64.098708042148175, -9.318540718009041 ] ] ], [ [ [ -64.098958041626275, -9.318040719470952 ], [ -64.098958041626275, -9.317790720201899 ], [ -64.098708042148175, -9.317790720201904 ], [ -64.098708042148175, -9.318040719470954 ], [ -64.098958041626275, -9.318040719470952 ] ] ], [ [ [ -64.099708040060605, -9.315790726049491 ], [ -64.099708040060605, -9.315540726780442 ], [ -64.099458040582476, -9.315540726780446 ], [ -64.099458040582476, -9.315790726049491 ], [ -64.099708040060605, -9.315790726049491 ] ] ], [ [ [ -64.100458038494892, -9.315290727511396 ], [ -64.100458038494892, -9.314790728973287 ], [ -64.099708040060605, -9.314790728973287 ], [ -64.099708040060605, -9.315290727511389 ], [ -64.100458038494892, -9.315290727511396 ] ] ], [ [ [ -64.108208022316106, -9.303290762596951 ], [ -64.108208022316106, -9.303040763327894 ], [ -64.107708023359905, -9.303040763327891 ], [ -64.107708023359905, -9.303290762596946 ], [ -64.108208022316106, -9.303290762596951 ] ] ], [ [ [ -64.113208011878186, -9.298040777946879 ], [ -64.113208011878186, -9.297790778677827 ], [ -64.112708012921985, -9.297790778677829 ], [ -64.112708012921985, -9.298290777215929 ], [ -64.113458011356286, -9.298290777215929 ], [ -64.113458011356286, -9.298040777946884 ], [ -64.113208011878186, -9.298040777946879 ] ] ], [ [ [ -64.10845802179422, -9.288290806453892 ], [ -64.10845802179422, -9.288040807184849 ], [ -64.108208022316106, -9.288040807184839 ], [ -64.108208022316106, -9.288290806453892 ], [ -64.10845802179422, -9.288290806453892 ] ] ], [ [ [ -64.103708031710241, -9.286040813032441 ], [ -64.103708031710241, -9.285790813763384 ], [ -64.10345803223214, -9.285790813763382 ], [ -64.10345803223214, -9.286040813032448 ], [ -64.103708031710241, -9.286040813032441 ] ] ], [ [ [ -64.102708033797825, -9.285790813763384 ], [ -64.102708033797825, -9.285540814494333 ], [ -64.102208034841624, -9.285540814494343 ], [ -64.102208034841624, -9.285790813763384 ], [ -64.102708033797825, -9.285790813763384 ] ] ], [ [ [ -64.103958031188355, -9.284790816687181 ], [ -64.10345803223214, -9.284790816687188 ], [ -64.10345803223214, -9.285540814494345 ], [ -64.103708031710241, -9.28554081449434 ], [ -64.103708031710241, -9.285290815225286 ], [ -64.103958031188355, -9.285290815225286 ], [ -64.103958031188355, -9.284790816687181 ] ] ], [ [ [ -64.088458063545914, -9.276540840808503 ], [ -64.087958064589714, -9.276540840808513 ], [ -64.087958064589714, -9.276790840077554 ], [ -64.088208064067814, -9.276790840077563 ], [ -64.088208064067814, -9.277040839346618 ], [ -64.088458063545914, -9.277040839346611 ], [ -64.088458063545914, -9.276540840808503 ] ] ], [ [ [ -64.078208084943668, -9.274790845925152 ], [ -64.078208084943668, -9.274540846656096 ], [ -64.077208087031252, -9.274540846656107 ], [ -64.077208087031252, -9.274290847387043 ], [ -64.076458088596937, -9.274290847387054 ], [ -64.076458088596937, -9.27479084592516 ], [ -64.076708088075037, -9.274790845925159 ], [ -64.076708088075037, -9.275290844463262 ], [ -64.077208087031252, -9.27529084446325 ], [ -64.077208087031252, -9.275540843732307 ], [ -64.078208084943668, -9.275540843732299 ], [ -64.078208084943668, -9.275290844463255 ], [ -64.078458084421769, -9.275290844463248 ], [ -64.078458084421769, -9.274790845925157 ], [ -64.078208084943668, -9.274790845925152 ] ] ], [ [ [ -64.078208084943668, -9.273290850310849 ], [ -64.078208084943668, -9.273790848848941 ], [ -64.077708085987453, -9.273790848848956 ], [ -64.077708085987453, -9.274040848118004 ], [ -64.077958085465568, -9.274040848117995 ], [ -64.077958085465568, -9.274290847387054 ], [ -64.078708083899869, -9.274290847387052 ], [ -64.078708083899869, -9.273540849579902 ], [ -64.078458084421769, -9.273540849579897 ], [ -64.078458084421769, -9.273290850310838 ], [ -64.078208084943668, -9.273290850310849 ] ] ], [ [ [ -64.076708088075037, -9.273290850310849 ], [ -64.076708088075037, -9.273040851041788 ], [ -64.076208089118836, -9.273040851041801 ], [ -64.076208089118836, -9.273540849579891 ], [ -64.076458088596937, -9.2735408495799 ], [ -64.076458088596937, -9.273290850310847 ], [ -64.076708088075037, -9.273290850310849 ] ] ], [ [ [ -64.068458105297623, -9.268290864929837 ], [ -64.068458105297623, -9.268540864198883 ], [ -64.067958106341408, -9.268540864198892 ], [ -64.067958106341408, -9.268790863467927 ], [ -64.068958104253824, -9.268790863467926 ], [ -64.068958104253824, -9.269040862736984 ], [ -64.069208103731938, -9.269040862736992 ], [ -64.069208103731938, -9.269790860544141 ], [ -64.068708104775737, -9.269790860544134 ], [ -64.068708104775737, -9.26904086273699 ], [ -64.068458105297623, -9.269040862736977 ], [ -64.068458105297623, -9.269540861275091 ], [ -64.068208105819522, -9.269540861275079 ], [ -64.068208105819522, -9.270540858351289 ], [ -64.067958106341408, -9.27054085835128 ], [ -64.067958106341408, -9.271040856889389 ], [ -64.067208107907106, -9.271040856889393 ], [ -64.067208107907106, -9.270790857620339 ], [ -64.066708108950891, -9.270790857620346 ], [ -64.066708108950891, -9.270540858351289 ], [ -64.066458109472791, -9.270540858351284 ], [ -64.066458109472791, -9.271040856889387 ], [ -64.06620810999469, -9.271040856889387 ], [ -64.06620810999469, -9.271290856158439 ], [ -64.06595811051659, -9.271290856158437 ], [ -64.06595811051659, -9.271040856889396 ], [ -64.065458111560375, -9.271040856889394 ], [ -64.065458111560375, -9.270540858351298 ], [ -64.065708111038475, -9.270540858351282 ], [ -64.065708111038475, -9.270290859082243 ], [ -64.065208112082288, -9.270290859082236 ], [ -64.065208112082288, -9.271290856158437 ], [ -64.065708111038475, -9.271290856158444 ], [ -64.065708111038475, -9.271790854696537 ], [ -64.06620810999469, -9.271790854696544 ], [ -64.06620810999469, -9.272290853234642 ], [ -64.06595811051659, -9.272290853234635 ], [ -64.06595811051659, -9.273040851041804 ], [ -64.06620810999469, -9.273040851041802 ], [ -64.06620810999469, -9.27329085031085 ], [ -64.066458109472791, -9.273290850310852 ], [ -64.066458109472791, -9.273540849579895 ], [ -64.066958108429006, -9.273540849579893 ], [ -64.066958108429006, -9.273790848848948 ], [ -64.067208107907106, -9.273790848848945 ], [ -64.067208107907106, -9.273540849579891 ], [ -64.068208105819522, -9.273540849579897 ], [ -64.068208105819522, -9.27379084884894 ], [ -64.068708104775737, -9.273790848848952 ], [ -64.068708104775737, -9.273290850310842 ], [ -64.069208103731938, -9.273290850310842 ], [ -64.069208103731938, -9.273040851041793 ], [ -64.070958100078656, -9.273040851041804 ], [ -64.070958100078656, -9.272790851772754 ], [ -64.071708098512971, -9.272790851772749 ], [ -64.071708098512971, -9.272290853234651 ], [ -64.073958093815904, -9.272290853234642 ], [ -64.073958093815904, -9.271790854696546 ], [ -64.073708094337803, -9.271790854696539 ], [ -64.073708094337803, -9.271540855427492 ], [ -64.073208095381588, -9.271540855427485 ], [ -64.073208095381588, -9.271290856158441 ], [ -64.072958095903488, -9.271290856158439 ], [ -64.072958095903488, -9.271040856889387 ], [ -64.073208095381588, -9.271040856889387 ], [ -64.073208095381588, -9.270540858351284 ], [ -64.072708096425387, -9.270540858351289 ], [ -64.072708096425387, -9.271040856889382 ], [ -64.072208097469186, -9.271040856889394 ], [ -64.072208097469186, -9.270290859082241 ], [ -64.071958097991072, -9.270290859082241 ], [ -64.071958097991072, -9.26954086127509 ], [ -64.071708098512971, -9.269540861275091 ], [ -64.071708098512971, -9.270290859082232 ], [ -64.071458099034871, -9.27029085908223 ], [ -64.071458099034871, -9.269790860544136 ], [ -64.071208099556756, -9.269790860544132 ], [ -64.071208099556756, -9.269540861275084 ], [ -64.070708100600555, -9.269540861275082 ], [ -64.070708100600555, -9.26929086200604 ], [ -64.070458101122455, -9.269290862006038 ], [ -64.070458101122455, -9.269790860544134 ], [ -64.070708100600555, -9.269790860544132 ], [ -64.070708100600555, -9.270790857620339 ], [ -64.070458101122455, -9.270790857620346 ], [ -64.070458101122455, -9.270290859082241 ], [ -64.069708102688139, -9.270290859082245 ], [ -64.069708102688139, -9.269040862736992 ], [ -64.069458103210039, -9.269040862736984 ], [ -64.069458103210039, -9.268790863467927 ], [ -64.069208103731938, -9.268790863467924 ], [ -64.069208103731938, -9.268540864198879 ], [ -64.069458103210039, -9.268540864198878 ], [ -64.069458103210039, -9.268290864929821 ], [ -64.068458105297623, -9.268290864929837 ] ], [ [ -64.069458103210039, -9.269790860544127 ], [ -64.069458103210039, -9.270290859082234 ], [ -64.069208103731938, -9.270290859082241 ], [ -64.069208103731938, -9.269790860544141 ], [ -64.069458103210039, -9.269790860544127 ] ], [ [ -64.069208103731938, -9.27054085835128 ], [ -64.068958104253824, -9.270540858351284 ], [ -64.068958104253824, -9.270290859082234 ], [ -64.069208103731938, -9.270290859082241 ], [ -64.069208103731938, -9.27054085835128 ] ], [ [ -64.068708104775737, -9.270540858351291 ], [ -64.068458105297623, -9.270540858351289 ], [ -64.068458105297623, -9.269790860544138 ], [ -64.068708104775737, -9.269790860544134 ], [ -64.068708104775737, -9.270540858351291 ] ], [ [ -64.071208099556756, -9.270290859082241 ], [ -64.070958100078656, -9.270290859082241 ], [ -64.070958100078656, -9.269790860544132 ], [ -64.071208099556756, -9.269790860544132 ], [ -64.071208099556756, -9.270290859082241 ] ], [ [ -64.070958100078656, -9.270790857620332 ], [ -64.070958100078656, -9.271040856889398 ], [ -64.070708100600555, -9.271040856889389 ], [ -64.070708100600555, -9.270790857620339 ], [ -64.070958100078656, -9.270790857620332 ] ], [ [ -64.071708098512971, -9.271040856889389 ], [ -64.071208099556756, -9.271040856889382 ], [ -64.071208099556756, -9.270790857620344 ], [ -64.071458099034871, -9.270790857620337 ], [ -64.071458099034871, -9.270540858351289 ], [ -64.071958097991072, -9.270540858351289 ], [ -64.071958097991072, -9.270790857620346 ], [ -64.071708098512971, -9.270790857620334 ], [ -64.071708098512971, -9.271040856889389 ] ], [ [ -64.069458103210039, -9.271540855427496 ], [ -64.068708104775737, -9.271540855427489 ], [ -64.068708104775737, -9.271290856158444 ], [ -64.069458103210039, -9.271290856158437 ], [ -64.069458103210039, -9.271540855427496 ] ], [ [ -64.068708104775737, -9.272040853965603 ], [ -64.069458103210039, -9.272040853965597 ], [ -64.069458103210039, -9.272290853234644 ], [ -64.069208103731938, -9.272290853234638 ], [ -64.069208103731938, -9.272540852503701 ], [ -64.068708104775737, -9.272540852503692 ], [ -64.068708104775737, -9.272290853234651 ], [ -64.068208105819522, -9.272290853234642 ], [ -64.068208105819522, -9.272040853965601 ], [ -64.067958106341408, -9.272040853965592 ], [ -64.067958106341408, -9.27229085323464 ], [ -64.067458107385207, -9.272290853234642 ], [ -64.067458107385207, -9.272790851772745 ], [ -64.067208107907106, -9.272790851772754 ], [ -64.067208107907106, -9.273040851041804 ], [ -64.066958108429006, -9.273040851041792 ], [ -64.066958108429006, -9.27279085177274 ], [ -64.066708108950891, -9.27279085177274 ], [ -64.066708108950891, -9.272290853234646 ], [ -64.066958108429006, -9.272290853234642 ], [ -64.066958108429006, -9.271790854696549 ], [ -64.068208105819522, -9.271790854696549 ], [ -64.068208105819522, -9.271540855427491 ], [ -64.068708104775737, -9.271540855427489 ], [ -64.068708104775737, -9.272040853965603 ] ], [ [ -64.067958106341408, -9.272790851772752 ], [ -64.068208105819522, -9.27279085177274 ], [ -64.068208105819522, -9.273040851041797 ], [ -64.067958106341408, -9.273040851041797 ], [ -64.067958106341408, -9.272790851772752 ] ] ], [ [ [ -64.06620810999469, -9.271040856889387 ], [ -64.06620810999469, -9.270790857620343 ], [ -64.06595811051659, -9.270790857620348 ], [ -64.06595811051659, -9.271040856889396 ], [ -64.06620810999469, -9.271040856889387 ] ] ], [ [ [ -64.073458094859703, -9.270540858351293 ], [ -64.073458094859703, -9.27029085908223 ], [ -64.073208095381588, -9.270290859082236 ], [ -64.073208095381588, -9.270540858351284 ], [ -64.073458094859703, -9.270540858351293 ] ] ], [ [ [ -64.067708106863307, -9.270290859082243 ], [ -64.067708106863307, -9.269790860544138 ], [ -64.067208107907106, -9.269790860544132 ], [ -64.067208107907106, -9.270290859082232 ], [ -64.067708106863307, -9.270290859082243 ] ] ], [ [ [ -64.067958106341408, -9.269790860544131 ], [ -64.067958106341408, -9.269540861275081 ], [ -64.067708106863307, -9.269540861275091 ], [ -64.067708106863307, -9.269790860544138 ], [ -64.067958106341408, -9.269790860544131 ] ] ], [ [ [ -64.06595811051659, -9.269790860544143 ], [ -64.06595811051659, -9.269540861275091 ], [ -64.065708111038475, -9.269540861275088 ], [ -64.065708111038475, -9.269790860544141 ], [ -64.06595811051659, -9.269790860544143 ] ] ], [ [ [ -64.075958089640736, -9.269040862736983 ], [ -64.075958089640736, -9.268290864929826 ], [ -64.075708090162635, -9.268290864929837 ], [ -64.075708090162635, -9.269290862006041 ], [ -64.075958089640736, -9.269290862006034 ], [ -64.075958089640736, -9.269790860544132 ], [ -64.076208089118836, -9.269790860544138 ], [ -64.076208089118836, -9.270290859082239 ], [ -64.076458088596937, -9.270290859082232 ], [ -64.076458088596937, -9.269290862006034 ], [ -64.076208089118836, -9.269290862006038 ], [ -64.076208089118836, -9.269040862736988 ], [ -64.075958089640736, -9.269040862736983 ] ] ], [ [ [ -64.067708106863307, -9.269290862006027 ], [ -64.067708106863307, -9.269040862736977 ], [ -64.067208107907106, -9.269040862736983 ], [ -64.067208107907106, -9.26929086200604 ], [ -64.067708106863307, -9.269290862006027 ] ] ], [ [ [ -64.071208099556756, -9.269290862006041 ], [ -64.071208099556756, -9.268790863467927 ], [ -64.070708100600555, -9.268790863467929 ], [ -64.070708100600555, -9.26929086200604 ], [ -64.071208099556756, -9.269290862006041 ] ] ], [ [ [ -64.066708108950891, -9.268790863467924 ], [ -64.066708108950891, -9.26854086419889 ], [ -64.06620810999469, -9.268540864198883 ], [ -64.06620810999469, -9.268790863467924 ], [ -64.066708108950891, -9.268790863467924 ] ] ], [ [ [ -64.066958108429006, -9.268040865660778 ], [ -64.066958108429006, -9.268290864929829 ], [ -64.067208107907106, -9.268290864929824 ], [ -64.067208107907106, -9.268790863467929 ], [ -64.067708106863307, -9.268790863467929 ], [ -64.067708106863307, -9.26854086419889 ], [ -64.067958106341408, -9.268540864198892 ], [ -64.067958106341408, -9.268290864929828 ], [ -64.067708106863307, -9.268290864929824 ], [ -64.067708106863307, -9.268040865660783 ], [ -64.066958108429006, -9.268040865660778 ] ] ], [ [ [ -64.06620810999469, -9.268540864198883 ], [ -64.06620810999469, -9.268290864929837 ], [ -64.06595811051659, -9.268290864929822 ], [ -64.06595811051659, -9.268540864198876 ], [ -64.06620810999469, -9.268540864198883 ] ] ], [ [ [ -64.065708111038475, -9.268290864929824 ], [ -64.065458111560375, -9.268290864929826 ], [ -64.065458111560375, -9.268540864198892 ], [ -64.065708111038475, -9.268540864198881 ], [ -64.065708111038475, -9.268290864929824 ] ] ], [ [ [ -64.075708090162635, -9.268040865660788 ], [ -64.075458090684521, -9.26804086566078 ], [ -64.075458090684521, -9.268290864929837 ], [ -64.075708090162635, -9.268290864929837 ], [ -64.075708090162635, -9.268040865660788 ] ] ], [ [ [ -64.068208105819522, -9.268290864929826 ], [ -64.068208105819522, -9.268040865660776 ], [ -64.067958106341408, -9.268040865660788 ], [ -64.067958106341408, -9.268290864929828 ], [ -64.068208105819522, -9.268290864929826 ] ] ], [ [ [ -64.066708108950891, -9.268290864929829 ], [ -64.066708108950891, -9.268040865660776 ], [ -64.066458109472791, -9.268040865660774 ], [ -64.066458109472791, -9.268290864929824 ], [ -64.066708108950891, -9.268290864929829 ] ] ], [ [ [ -64.069208103731938, -9.268040865660783 ], [ -64.069208103731938, -9.267790866391731 ], [ -64.068958104253824, -9.267790866391733 ], [ -64.068958104253824, -9.268040865660778 ], [ -64.069208103731938, -9.268040865660783 ] ] ], [ [ [ -64.070958100078656, -9.268040865660783 ], [ -64.070958100078656, -9.267290867853625 ], [ -64.070708100600555, -9.267290867853632 ], [ -64.070708100600555, -9.268040865660778 ], [ -64.070958100078656, -9.268040865660783 ] ] ], [ [ [ -64.066958108429006, -9.268040865660778 ], [ -64.066958108429006, -9.267290867853625 ], [ -64.066708108950891, -9.267290867853625 ], [ -64.066708108950891, -9.268040865660776 ], [ -64.066958108429006, -9.268040865660778 ] ] ], [ [ [ -64.074708092250219, -9.26704086858458 ], [ -64.074708092250219, -9.266790869315525 ], [ -64.074458092772105, -9.266790869315527 ], [ -64.074458092772105, -9.267790866391735 ], [ -64.074708092250219, -9.267790866391719 ], [ -64.074708092250219, -9.268290864929831 ], [ -64.07520809120642, -9.268290864929829 ], [ -64.07520809120642, -9.267790866391739 ], [ -64.075458090684521, -9.267790866391735 ], [ -64.075458090684521, -9.267290867853625 ], [ -64.07520809120642, -9.267290867853635 ], [ -64.07520809120642, -9.26704086858458 ], [ -64.074708092250219, -9.26704086858458 ] ] ], [ [ [ -64.068208105819522, -9.267290867853625 ], [ -64.068208105819522, -9.267040868584569 ], [ -64.067958106341408, -9.267040868584571 ], [ -64.067958106341408, -9.267290867853632 ], [ -64.068208105819522, -9.267290867853625 ] ] ], [ [ [ -64.066708108950891, -9.267290867853625 ], [ -64.066708108950891, -9.26704086858458 ], [ -64.066458109472791, -9.26704086858458 ], [ -64.066458109472791, -9.267290867853633 ], [ -64.066708108950891, -9.267290867853625 ] ] ], [ [ [ -64.073708094337803, -9.267040868584582 ], [ -64.073708094337803, -9.266790869315527 ], [ -64.073458094859703, -9.266790869315528 ], [ -64.073458094859703, -9.267290867853632 ], [ -64.074208093294004, -9.267290867853623 ], [ -64.074208093294004, -9.267040868584582 ], [ -64.073708094337803, -9.267040868584582 ] ] ], [ [ [ -64.067708106863307, -9.266790869315523 ], [ -64.067708106863307, -9.266540870046475 ], [ -64.067208107907106, -9.266540870046478 ], [ -64.067208107907106, -9.267040868584573 ], [ -64.067958106341408, -9.267040868584571 ], [ -64.067958106341408, -9.266790869315523 ], [ -64.067708106863307, -9.266790869315523 ] ] ], [ [ [ -64.073958093815904, -9.266790869315527 ], [ -64.073958093815904, -9.266540870046473 ], [ -64.073708094337803, -9.266540870046478 ], [ -64.073708094337803, -9.266790869315527 ], [ -64.073958093815904, -9.266790869315527 ] ] ], [ [ [ -64.072708096425387, -9.266790869315521 ], [ -64.072708096425387, -9.266040871508366 ], [ -64.072208097469186, -9.266040871508372 ], [ -64.072208097469186, -9.26629087077742 ], [ -64.071958097991072, -9.26629087077743 ], [ -64.071958097991072, -9.266540870046484 ], [ -64.071708098512971, -9.266540870046482 ], [ -64.071708098512971, -9.267040868584576 ], [ -64.071958097991072, -9.26704086858458 ], [ -64.071958097991072, -9.267290867853625 ], [ -64.072208097469186, -9.267290867853632 ], [ -64.072208097469186, -9.266790869315525 ], [ -64.072708096425387, -9.266790869315521 ] ] ], [ [ [ -64.073458094859703, -9.266290870777429 ], [ -64.073458094859703, -9.26604087150838 ], [ -64.073208095381588, -9.266040871508368 ], [ -64.073208095381588, -9.266290870777421 ], [ -64.073458094859703, -9.266290870777429 ] ] ], [ [ [ -64.071458099034871, -9.266040871508372 ], [ -64.071458099034871, -9.265290873701229 ], [ -64.070958100078656, -9.265290873701229 ], [ -64.070958100078656, -9.265790872239329 ], [ -64.071208099556756, -9.265790872239316 ], [ -64.071208099556756, -9.266540870046477 ], [ -64.071458099034871, -9.266540870046473 ], [ -64.071458099034871, -9.266290870777429 ], [ -64.071958097991072, -9.26629087077743 ], [ -64.071958097991072, -9.26579087223932 ], [ -64.071708098512971, -9.265790872239331 ], [ -64.071708098512971, -9.266040871508372 ], [ -64.071458099034871, -9.266040871508372 ] ] ], [ [ [ -64.073208095381588, -9.264790875163122 ], [ -64.073208095381588, -9.265790872239323 ], [ -64.073458094859703, -9.26579087223932 ], [ -64.073458094859703, -9.264040877355972 ], [ -64.073208095381588, -9.26404087735596 ], [ -64.073208095381588, -9.263540878817873 ], [ -64.072958095903488, -9.263540878817857 ], [ -64.072958095903488, -9.263290879548812 ], [ -64.072708096425387, -9.263290879548814 ], [ -64.072708096425387, -9.263040880279757 ], [ -64.071958097991072, -9.26304088027976 ], [ -64.071958097991072, -9.26354087881786 ], [ -64.072208097469186, -9.263540878817858 ], [ -64.072208097469186, -9.26379087808691 ], [ -64.071958097991072, -9.263790878086912 ], [ -64.071958097991072, -9.264040877355974 ], [ -64.072208097469186, -9.264040877355974 ], [ -64.072208097469186, -9.264290876625015 ], [ -64.072958095903488, -9.264290876625017 ], [ -64.072958095903488, -9.264790875163129 ], [ -64.073208095381588, -9.264790875163122 ] ] ], [ [ [ -64.06595811051659, -9.262040883203561 ], [ -64.06595811051659, -9.262790881010721 ], [ -64.06620810999469, -9.26279088101071 ], [ -64.06620810999469, -9.263040880279771 ], [ -64.066458109472791, -9.263040880279767 ], [ -64.066458109472791, -9.263290879548808 ], [ -64.066708108950891, -9.263290879548812 ], [ -64.066708108950891, -9.263540878817865 ], [ -64.06620810999469, -9.263540878817867 ], [ -64.06620810999469, -9.263790878086919 ], [ -64.065708111038475, -9.263790878086921 ], [ -64.065708111038475, -9.263040880279755 ], [ -64.065208112082288, -9.263040880279757 ], [ -64.065208112082288, -9.263290879548817 ], [ -64.064708113126059, -9.263290879548819 ], [ -64.064708113126059, -9.263790878086922 ], [ -64.064458113647959, -9.263790878086917 ], [ -64.064458113647959, -9.264040877355969 ], [ -64.064208114169858, -9.264040877355963 ], [ -64.064208114169858, -9.264290876625013 ], [ -64.064458113647959, -9.264290876625029 ], [ -64.064458113647959, -9.264540875894058 ], [ -64.064708113126059, -9.264540875894063 ], [ -64.064708113126059, -9.265790872239323 ], [ -64.06595811051659, -9.265790872239323 ], [ -64.06595811051659, -9.266040871508368 ], [ -64.065708111038475, -9.266040871508373 ], [ -64.065708111038475, -9.26629087077743 ], [ -64.06595811051659, -9.266290870777421 ], [ -64.06595811051659, -9.266790869315519 ], [ -64.06620810999469, -9.266790869315525 ], [ -64.06620810999469, -9.266290870777416 ], [ -64.066458109472791, -9.266290870777427 ], [ -64.066458109472791, -9.265790872239315 ], [ -64.06620810999469, -9.265790872239322 ], [ -64.06620810999469, -9.265540872970272 ], [ -64.066458109472791, -9.265540872970272 ], [ -64.066458109472791, -9.265290873701222 ], [ -64.066708108950891, -9.265290873701215 ], [ -64.066708108950891, -9.264790875163115 ], [ -64.06620810999469, -9.264790875163115 ], [ -64.06620810999469, -9.264540875894063 ], [ -64.066708108950891, -9.264540875894069 ], [ -64.066708108950891, -9.264040877355965 ], [ -64.066458109472791, -9.264040877355972 ], [ -64.066458109472791, -9.263790878086921 ], [ -64.066958108429006, -9.263790878086917 ], [ -64.066958108429006, -9.264040877355971 ], [ -64.067208107907106, -9.264040877355962 ], [ -64.067208107907106, -9.26429087662502 ], [ -64.068208105819522, -9.264290876625013 ], [ -64.068208105819522, -9.265790872239329 ], [ -64.067958106341408, -9.265790872239331 ], [ -64.067958106341408, -9.265540872970266 ], [ -64.067708106863307, -9.265540872970274 ], [ -64.067708106863307, -9.266290870777423 ], [ -64.068208105819522, -9.266290870777427 ], [ -64.068208105819522, -9.266790869315528 ], [ -64.068708104775737, -9.266790869315523 ], [ -64.068708104775737, -9.267790866391723 ], [ -64.068958104253824, -9.267790866391733 ], [ -64.068958104253824, -9.267290867853633 ], [ -64.069208103731938, -9.26729086785363 ], [ -64.069208103731938, -9.267790866391731 ], [ -64.070208101644354, -9.267790866391737 ], [ -64.070208101644354, -9.267290867853621 ], [ -64.069708102688139, -9.26729086785363 ], [ -64.069708102688139, -9.266790869315535 ], [ -64.069458103210039, -9.266790869315528 ], [ -64.069458103210039, -9.266540870046477 ], [ -64.069208103731938, -9.266540870046478 ], [ -64.069208103731938, -9.266290870777421 ], [ -64.068958104253824, -9.266290870777427 ], [ -64.068958104253824, -9.265540872970263 ], [ -64.069208103731938, -9.26554087297027 ], [ -64.069208103731938, -9.265290873701215 ], [ -64.068958104253824, -9.26529087370122 ], [ -64.068958104253824, -9.264290876625015 ], [ -64.069208103731938, -9.264290876625015 ], [ -64.069208103731938, -9.264040877355969 ], [ -64.068958104253824, -9.26404087735596 ], [ -64.068958104253824, -9.263790878086915 ], [ -64.068708104775737, -9.263790878086912 ], [ -64.068708104775737, -9.264290876625017 ], [ -64.068458105297623, -9.264290876625022 ], [ -64.068458105297623, -9.263040880279759 ], [ -64.067958106341408, -9.26304088027976 ], [ -64.067958106341408, -9.263290879548816 ], [ -64.067208107907106, -9.263290879548817 ], [ -64.067208107907106, -9.262040883203552 ], [ -64.066958108429006, -9.262040883203563 ], [ -64.066958108429006, -9.262790881010709 ], [ -64.066458109472791, -9.262790881010716 ], [ -64.066458109472791, -9.261790883934502 ], [ -64.066708108950891, -9.261790883934509 ], [ -64.066708108950891, -9.261540884665466 ], [ -64.066458109472791, -9.261540884665465 ], [ -64.066458109472791, -9.261290885396404 ], [ -64.06595811051659, -9.261290885396399 ], [ -64.06595811051659, -9.261040886127347 ], [ -64.065458111560375, -9.261040886127354 ], [ -64.065458111560375, -9.260790886858301 ], [ -64.065208112082288, -9.26079088685831 ], [ -64.065208112082288, -9.261040886127359 ], [ -64.064208114169858, -9.261040886127363 ], [ -64.064208114169858, -9.261290885396409 ], [ -64.064458113647959, -9.261290885396406 ], [ -64.064458113647959, -9.261540884665456 ], [ -64.065458111560375, -9.261540884665465 ], [ -64.065458111560375, -9.261790883934511 ], [ -64.065708111038475, -9.261790883934516 ], [ -64.065708111038475, -9.262040883203563 ], [ -64.06595811051659, -9.262040883203561 ] ], [ [ -64.065458111560375, -9.264040877355967 ], [ -64.065208112082288, -9.264040877355967 ], [ -64.065208112082288, -9.263790878086917 ], [ -64.065458111560375, -9.263790878086922 ], [ -64.065458111560375, -9.264040877355967 ] ], [ [ -64.065208112082288, -9.264290876625015 ], [ -64.064708113126059, -9.264290876625028 ], [ -64.064708113126059, -9.264040877355962 ], [ -64.065208112082288, -9.264040877355967 ], [ -64.065208112082288, -9.264290876625015 ] ], [ [ -64.068458105297623, -9.266040871508368 ], [ -64.068708104775737, -9.266040871508368 ], [ -64.068708104775737, -9.266290870777427 ], [ -64.068458105297623, -9.266290870777427 ], [ -64.068458105297623, -9.266040871508368 ] ] ], [ [ [ -64.070708100600555, -9.264290876625017 ], [ -64.070708100600555, -9.264040877355967 ], [ -64.070208101644354, -9.264040877355962 ], [ -64.070208101644354, -9.264290876625012 ], [ -64.070708100600555, -9.264290876625017 ] ] ], [ [ [ -64.071458099034871, -9.262790881010705 ], [ -64.071458099034871, -9.262290882472607 ], [ -64.071208099556756, -9.262290882472605 ], [ -64.071208099556756, -9.262790881010705 ], [ -64.071458099034871, -9.262790881010705 ] ] ], [ [ [ -64.070458101122455, -9.261790883934506 ], [ -64.070458101122455, -9.26204088320357 ], [ -64.070958100078656, -9.262040883203561 ], [ -64.070958100078656, -9.261790883934509 ], [ -64.071458099034871, -9.261790883934513 ], [ -64.071458099034871, -9.261540884665465 ], [ -64.070708100600555, -9.261540884665466 ], [ -64.070708100600555, -9.2617908839345 ], [ -64.070458101122455, -9.261790883934506 ] ] ], [ [ [ -64.070458101122455, -9.261790883934506 ], [ -64.070458101122455, -9.261540884665454 ], [ -64.070208101644354, -9.26154088466545 ], [ -64.070208101644354, -9.261790883934502 ], [ -64.070458101122455, -9.261790883934506 ] ] ], [ [ [ -64.067708106863307, -9.257790895629695 ], [ -64.067208107907106, -9.257790895629698 ], [ -64.067208107907106, -9.257290897091602 ], [ -64.066708108950891, -9.257290897091591 ], [ -64.066708108950891, -9.257790895629691 ], [ -64.06620810999469, -9.257790895629697 ], [ -64.06620810999469, -9.258040894898745 ], [ -64.065708111038475, -9.258040894898746 ], [ -64.065708111038475, -9.257790895629688 ], [ -64.065458111560375, -9.257790895629689 ], [ -64.065458111560375, -9.258040894898745 ], [ -64.065208112082288, -9.258040894898741 ], [ -64.065208112082288, -9.257790895629691 ], [ -64.064708113126059, -9.257790895629689 ], [ -64.064708113126059, -9.25929089124401 ], [ -64.06595811051659, -9.259290891244001 ], [ -64.06595811051659, -9.259540890513053 ], [ -64.066708108950891, -9.259540890513049 ], [ -64.066708108950891, -9.259790889782098 ], [ -64.067208107907106, -9.259790889782105 ], [ -64.067208107907106, -9.260290888320196 ], [ -64.068208105819522, -9.26029088832021 ], [ -64.068208105819522, -9.260790886858308 ], [ -64.067958106341408, -9.260790886858304 ], [ -64.067958106341408, -9.261290885396409 ], [ -64.068208105819522, -9.261290885396395 ], [ -64.068208105819522, -9.261790883934506 ], [ -64.068708104775737, -9.261790883934518 ], [ -64.068708104775737, -9.262040883203559 ], [ -64.068958104253824, -9.262040883203561 ], [ -64.068958104253824, -9.26279088101071 ], [ -64.069458103210039, -9.262790881010707 ], [ -64.069458103210039, -9.263040880279759 ], [ -64.069708102688139, -9.263040880279766 ], [ -64.069708102688139, -9.263290879548808 ], [ -64.070208101644354, -9.263290879548807 ], [ -64.070208101644354, -9.263040880279762 ], [ -64.070458101122455, -9.263040880279757 ], [ -64.070458101122455, -9.262790881010719 ], [ -64.070208101644354, -9.262790881010712 ], [ -64.070208101644354, -9.262290882472604 ], [ -64.069708102688139, -9.262290882472607 ], [ -64.069708102688139, -9.261790883934507 ], [ -64.069208103731938, -9.261790883934513 ], [ -64.069208103731938, -9.261540884665463 ], [ -64.068958104253824, -9.261540884665465 ], [ -64.068958104253824, -9.2612908853964 ], [ -64.068708104775737, -9.261290885396397 ], [ -64.068708104775737, -9.261040886127352 ], [ -64.069208103731938, -9.261040886127356 ], [ -64.069208103731938, -9.261290885396406 ], [ -64.069458103210039, -9.261290885396399 ], [ -64.069458103210039, -9.261040886127351 ], [ -64.069708102688139, -9.261040886127351 ], [ -64.069708102688139, -9.261290885396399 ], [ -64.070458101122455, -9.261290885396409 ], [ -64.070458101122455, -9.261040886127359 ], [ -64.070208101644354, -9.261040886127363 ], [ -64.070208101644354, -9.260790886858311 ], [ -64.069708102688139, -9.260790886858311 ], [ -64.069708102688139, -9.260540887589249 ], [ -64.069458103210039, -9.260540887589263 ], [ -64.069458103210039, -9.26079088685831 ], [ -64.069208103731938, -9.260790886858304 ], [ -64.069208103731938, -9.259790889782106 ], [ -64.068958104253824, -9.259790889782094 ], [ -64.068958104253824, -9.259540890513049 ], [ -64.068708104775737, -9.259540890513046 ], [ -64.068708104775737, -9.259290891244008 ], [ -64.068458105297623, -9.259290891244008 ], [ -64.068458105297623, -9.259040891974943 ], [ -64.068208105819522, -9.259040891974957 ], [ -64.068208105819522, -9.258790892705907 ], [ -64.067958106341408, -9.258790892705905 ], [ -64.067958106341408, -9.258040894898745 ], [ -64.067708106863307, -9.258040894898746 ], [ -64.067708106863307, -9.257790895629695 ] ], [ [ -64.068458105297623, -9.260790886858306 ], [ -64.068458105297623, -9.261040886127356 ], [ -64.068208105819522, -9.261040886127352 ], [ -64.068208105819522, -9.260790886858308 ], [ -64.068458105297623, -9.260790886858306 ] ], [ [ -64.068958104253824, -9.260290888320197 ], [ -64.068708104775737, -9.260290888320197 ], [ -64.068708104775737, -9.259790889782096 ], [ -64.068958104253824, -9.259790889782094 ], [ -64.068958104253824, -9.260290888320197 ] ], [ [ -64.06620810999469, -9.258290894167789 ], [ -64.066458109472791, -9.258290894167789 ], [ -64.066458109472791, -9.258540893436852 ], [ -64.06620810999469, -9.258540893436846 ], [ -64.06620810999469, -9.258290894167789 ] ] ], [ [ [ -64.103208032754054, -9.260290888320208 ], [ -64.103208032754054, -9.25979088978211 ], [ -64.102708033797825, -9.259790889782098 ], [ -64.102708033797825, -9.260290888320204 ], [ -64.103208032754054, -9.260290888320208 ] ] ], [ [ [ -64.071458099034871, -9.253040909517727 ], [ -64.071458099034871, -9.252790910248681 ], [ -64.071208099556756, -9.25279091024867 ], [ -64.071208099556756, -9.253040909517724 ], [ -64.071458099034871, -9.253040909517727 ] ] ], [ [ [ -64.111208016053354, -9.2267909862674 ], [ -64.111208016053354, -9.226540986998341 ], [ -64.110958016575253, -9.226540986998332 ], [ -64.110958016575253, -9.2267909862674 ], [ -64.111208016053354, -9.2267909862674 ] ] ], [ [ [ -64.097958043713859, -9.225540989922145 ], [ -64.097958043713859, -9.22529099065309 ], [ -64.097708044235759, -9.225290990653086 ], [ -64.097708044235759, -9.225540989922145 ], [ -64.097958043713859, -9.225540989922145 ] ] ], [ [ [ -64.109708019184737, -9.22529099065309 ], [ -64.109708019184737, -9.22479099211499 ], [ -64.109208020228522, -9.224790992114988 ], [ -64.109208020228522, -9.225290990653081 ], [ -64.109708019184737, -9.22529099065309 ] ] ], [ [ [ -64.026708192454308, -9.441040359843964 ], [ -64.026708192454308, -9.440790360574917 ], [ -64.026458192976193, -9.440790360574907 ], [ -64.026458192976193, -9.44104035984396 ], [ -64.026708192454308, -9.441040359843964 ] ] ], [ [ [ -64.034458176275521, -9.441040359843957 ], [ -64.034458176275521, -9.440540361305857 ], [ -64.034208176797421, -9.440540361305866 ], [ -64.034208176797421, -9.440790360574917 ], [ -64.033708177841206, -9.440790360574905 ], [ -64.033708177841206, -9.441040359843967 ], [ -64.034458176275521, -9.441040359843957 ] ] ], [ [ [ -64.026208193498093, -9.440790360574905 ], [ -64.026208193498093, -9.440540361305855 ], [ -64.025958194019992, -9.44054036130586 ], [ -64.025958194019992, -9.440790360574907 ], [ -64.026208193498093, -9.440790360574905 ] ] ], [ [ [ -64.026458192976193, -9.440540361305857 ], [ -64.026458192976193, -9.440290362036816 ], [ -64.026208193498093, -9.440290362036809 ], [ -64.026208193498093, -9.440540361305855 ], [ -64.026458192976193, -9.440540361305857 ] ] ], [ [ [ -64.024208197673261, -9.440540361305866 ], [ -64.024208197673261, -9.440290362036803 ], [ -64.02395819819516, -9.44029036203681 ], [ -64.02395819819516, -9.44054036130585 ], [ -64.024208197673261, -9.440540361305866 ] ] ], [ [ [ -64.034208176797421, -9.439790363498709 ], [ -64.033958177319306, -9.439790363498707 ], [ -64.033958177319306, -9.440290362036817 ], [ -64.034208176797421, -9.440290362036809 ], [ -64.034208176797421, -9.439790363498709 ] ] ], [ [ [ -64.034458176275521, -9.439290364960607 ], [ -64.034208176797421, -9.439290364960605 ], [ -64.034208176797421, -9.439540364229652 ], [ -64.034458176275521, -9.439540364229661 ], [ -64.034458176275521, -9.439290364960607 ] ] ], [ [ [ -64.025958194019992, -9.439540364229659 ], [ -64.025958194019992, -9.439290364960604 ], [ -64.025708194541892, -9.439290364960595 ], [ -64.025708194541892, -9.439540364229657 ], [ -64.025958194019992, -9.439540364229659 ] ] ], [ [ [ -64.026208193498093, -9.439290364960598 ], [ -64.026208193498093, -9.438790366422499 ], [ -64.025958194019992, -9.438790366422511 ], [ -64.025958194019992, -9.439290364960604 ], [ -64.026208193498093, -9.439290364960598 ] ] ], [ [ [ -64.031708182016374, -9.438540367153452 ], [ -64.031708182016374, -9.438290367884411 ], [ -64.031458182538273, -9.438290367884397 ], [ -64.031458182538273, -9.43854036715345 ], [ -64.031708182016374, -9.438540367153452 ] ] ], [ [ [ -64.030458184625857, -9.436040374462952 ], [ -64.030458184625857, -9.435790375193893 ], [ -64.030208185147757, -9.435790375193896 ], [ -64.030208185147757, -9.436040374462946 ], [ -64.030458184625857, -9.436040374462952 ] ] ], [ [ [ -64.02770819036671, -9.434040380310531 ], [ -64.02770819036671, -9.433540381772437 ], [ -64.027958189844824, -9.43354038177244 ], [ -64.027958189844824, -9.433290382503387 ], [ -64.027208191410523, -9.43329038250338 ], [ -64.027208191410523, -9.433040383234324 ], [ -64.027958189844824, -9.433040383234337 ], [ -64.027958189844824, -9.432790383965282 ], [ -64.028708188279126, -9.432790383965292 ], [ -64.028708188279126, -9.432290385427187 ], [ -64.028458188801025, -9.432290385427175 ], [ -64.028458188801025, -9.432040386158134 ], [ -64.028708188279126, -9.432040386158125 ], [ -64.028708188279126, -9.431790386889082 ], [ -64.028208189322925, -9.431790386889086 ], [ -64.028208189322925, -9.431540387620027 ], [ -64.02770819036671, -9.431540387620036 ], [ -64.02770819036671, -9.431040389081922 ], [ -64.027208191410523, -9.431040389081932 ], [ -64.027208191410523, -9.431290388350975 ], [ -64.026958191932408, -9.431290388350986 ], [ -64.026958191932408, -9.431040389081929 ], [ -64.026708192454308, -9.431040389081918 ], [ -64.026708192454308, -9.43129038835097 ], [ -64.026208193498093, -9.43129038835098 ], [ -64.026208193498093, -9.431040389081934 ], [ -64.025708194541892, -9.431040389081925 ], [ -64.025708194541892, -9.430540390543833 ], [ -64.025208195585677, -9.430540390543824 ], [ -64.025208195585677, -9.430790389812875 ], [ -64.024458197151361, -9.430790389812884 ], [ -64.024458197151361, -9.43104038908192 ], [ -64.024708196629476, -9.431040389081918 ], [ -64.024708196629476, -9.431290388350977 ], [ -64.025208195585677, -9.431290388350984 ], [ -64.025208195585677, -9.431540387620027 ], [ -64.025458195063777, -9.431540387620036 ], [ -64.025458195063777, -9.432040386158135 ], [ -64.025708194541892, -9.432040386158127 ], [ -64.025708194541892, -9.432290385427182 ], [ -64.025458195063777, -9.432290385427184 ], [ -64.025458195063777, -9.432790383965282 ], [ -64.025208195585677, -9.432790383965283 ], [ -64.025208195585677, -9.433290382503381 ], [ -64.024708196629476, -9.43329038250338 ], [ -64.024708196629476, -9.433540381772438 ], [ -64.025208195585677, -9.433540381772435 ], [ -64.025208195585677, -9.433790381041494 ], [ -64.025458195063777, -9.43379038104149 ], [ -64.025458195063777, -9.434540378848638 ], [ -64.025958194019992, -9.434540378848643 ], [ -64.025958194019992, -9.435290376655795 ], [ -64.025708194541892, -9.435290376655793 ], [ -64.025708194541892, -9.435040377386734 ], [ -64.025458195063777, -9.435040377386734 ], [ -64.025458195063777, -9.434790378117693 ], [ -64.024708196629476, -9.43479037811769 ], [ -64.024708196629476, -9.435290376655797 ], [ -64.024958196107576, -9.435290376655786 ], [ -64.024958196107576, -9.435540375924841 ], [ -64.025208195585677, -9.435540375924843 ], [ -64.025208195585677, -9.435790375193889 ], [ -64.024708196629476, -9.435790375193896 ], [ -64.024708196629476, -9.436290373731987 ], [ -64.024458197151361, -9.436290373731987 ], [ -64.024458197151361, -9.436540373001046 ], [ -64.024708196629476, -9.436540373001042 ], [ -64.024708196629476, -9.436790372270105 ], [ -64.025208195585677, -9.436790372270096 ], [ -64.025208195585677, -9.437040371539156 ], [ -64.025708194541892, -9.437040371539156 ], [ -64.025708194541892, -9.437290370808203 ], [ -64.025958194019992, -9.437290370808203 ], [ -64.025958194019992, -9.438040368615351 ], [ -64.026208193498093, -9.438040368615342 ], [ -64.026208193498093, -9.438290367884406 ], [ -64.026458192976193, -9.438290367884409 ], [ -64.026458192976193, -9.438540367153458 ], [ -64.026958191932408, -9.438540367153449 ], [ -64.026958191932408, -9.439040365691548 ], [ -64.02770819036671, -9.439040365691548 ], [ -64.02770819036671, -9.439290364960607 ], [ -64.026958191932408, -9.439290364960602 ], [ -64.026958191932408, -9.439540364229655 ], [ -64.027208191410523, -9.439540364229654 ], [ -64.027208191410523, -9.439790363498698 ], [ -64.027958189844824, -9.439790363498696 ], [ -64.027958189844824, -9.440540361305853 ], [ -64.026958191932408, -9.440540361305866 ], [ -64.026958191932408, -9.441040359843969 ], [ -64.02895818775724, -9.441040359843958 ], [ -64.02895818775724, -9.440290362036809 ], [ -64.029208187235341, -9.440290362036803 ], [ -64.029208187235341, -9.440790360574907 ], [ -64.029708186191542, -9.440790360574915 ], [ -64.029708186191542, -9.441040359843958 ], [ -64.030208185147757, -9.441040359843962 ], [ -64.030208185147757, -9.440540361305853 ], [ -64.030458184625857, -9.440540361305851 ], [ -64.030458184625857, -9.44104035984396 ], [ -64.030708184103972, -9.441040359843964 ], [ -64.030708184103972, -9.440790360574919 ], [ -64.030958183582058, -9.440790360574907 ], [ -64.030958183582058, -9.441040359843967 ], [ -64.031708182016374, -9.44104035984396 ], [ -64.031708182016374, -9.440540361305866 ], [ -64.031958181494474, -9.440540361305858 ], [ -64.031958181494474, -9.441040359843969 ], [ -64.032208180972589, -9.441040359843964 ], [ -64.032208180972589, -9.440790360574912 ], [ -64.03270817992879, -9.44079036057491 ], [ -64.03270817992879, -9.441040359843957 ], [ -64.033458178363105, -9.441040359843967 ], [ -64.033458178363105, -9.440790360574905 ], [ -64.033708177841206, -9.440790360574905 ], [ -64.033708177841206, -9.44054036130586 ], [ -64.033958177319306, -9.440540361305866 ], [ -64.033958177319306, -9.440290362036817 ], [ -64.033208178884991, -9.440290362036801 ], [ -64.033208178884991, -9.440540361305858 ], [ -64.03295817940689, -9.440540361305866 ], [ -64.03295817940689, -9.440290362036801 ], [ -64.03270817992879, -9.440290362036816 ], [ -64.03270817992879, -9.4397903634987 ], [ -64.03295817940689, -9.439790363498705 ], [ -64.03295817940689, -9.439540364229657 ], [ -64.033208178884991, -9.439540364229657 ], [ -64.033208178884991, -9.439290364960609 ], [ -64.03295817940689, -9.439290364960602 ], [ -64.03295817940689, -9.439040365691552 ], [ -64.031958181494474, -9.43904036569155 ], [ -64.031958181494474, -9.439290364960598 ], [ -64.031208183060173, -9.439290364960613 ], [ -64.031208183060173, -9.439040365691561 ], [ -64.030958183582058, -9.439040365691563 ], [ -64.030958183582058, -9.438790366422497 ], [ -64.030708184103972, -9.438790366422502 ], [ -64.030708184103972, -9.438540367153447 ], [ -64.030958183582058, -9.438540367153458 ], [ -64.030958183582058, -9.438290367884408 ], [ -64.031208183060173, -9.438290367884401 ], [ -64.031208183060173, -9.438040368615345 ], [ -64.031708182016374, -9.438040368615356 ], [ -64.031708182016374, -9.437290370808194 ], [ -64.031458182538273, -9.437290370808197 ], [ -64.031458182538273, -9.437790369346304 ], [ -64.030958183582058, -9.43779036934631 ], [ -64.030958183582058, -9.438040368615347 ], [ -64.030708184103972, -9.438040368615356 ], [ -64.030708184103972, -9.437790369346301 ], [ -64.030458184625857, -9.437790369346299 ], [ -64.030458184625857, -9.437290370808194 ], [ -64.030708184103972, -9.437290370808201 ], [ -64.030708184103972, -9.436790372270096 ], [ -64.030958183582058, -9.436790372270101 ], [ -64.030958183582058, -9.436540373001051 ], [ -64.031208183060173, -9.436540373001041 ], [ -64.031208183060173, -9.436040374462934 ], [ -64.030708184103972, -9.436040374462948 ], [ -64.030708184103972, -9.436540373001044 ], [ -64.030208185147757, -9.436540373001046 ], [ -64.030208185147757, -9.436790372270096 ], [ -64.029458186713441, -9.436790372270098 ], [ -64.029458186713441, -9.436290373731987 ], [ -64.029208187235341, -9.436290373731989 ], [ -64.029208187235341, -9.436540373001053 ], [ -64.02895818775724, -9.436540373001039 ], [ -64.02895818775724, -9.436790372270094 ], [ -64.028708188279126, -9.436790372270098 ], [ -64.028708188279126, -9.436540373001044 ], [ -64.028458188801025, -9.436540373001048 ], [ -64.028458188801025, -9.435790375193887 ], [ -64.028708188279126, -9.435790375193895 ], [ -64.028708188279126, -9.436040374462944 ], [ -64.029208187235341, -9.436040374462948 ], [ -64.029208187235341, -9.435290376655791 ], [ -64.029458186713441, -9.435290376655782 ], [ -64.029458186713441, -9.434540378848645 ], [ -64.029208187235341, -9.434540378848633 ], [ -64.029208187235341, -9.434290379579597 ], [ -64.028208189322925, -9.43429037957959 ], [ -64.028208189322925, -9.434040380310543 ], [ -64.02770819036671, -9.434040380310531 ] ], [ [ -64.025708194541892, -9.432790383965283 ], [ -64.025708194541892, -9.433040383234331 ], [ -64.025458195063777, -9.433040383234335 ], [ -64.025458195063777, -9.432790383965282 ], [ -64.025708194541892, -9.432790383965283 ] ], [ [ -64.030458184625857, -9.438290367884404 ], [ -64.030208185147757, -9.438290367884395 ], [ -64.030208185147757, -9.438040368615351 ], [ -64.029458186713441, -9.438040368615354 ], [ -64.029458186713441, -9.437790369346304 ], [ -64.030458184625857, -9.437790369346299 ], [ -64.030458184625857, -9.438290367884404 ] ], [ [ -64.028208189322925, -9.435790375193891 ], [ -64.028208189322925, -9.435540375924838 ], [ -64.028458188801025, -9.435540375924836 ], [ -64.028458188801025, -9.435790375193887 ], [ -64.028208189322925, -9.435790375193891 ] ], [ [ -64.028208189322925, -9.436040374462939 ], [ -64.027958189844824, -9.436040374462941 ], [ -64.027958189844824, -9.435790375193891 ], [ -64.028208189322925, -9.435790375193891 ], [ -64.028208189322925, -9.436040374462939 ] ], [ [ -64.027958189844824, -9.435540375924836 ], [ -64.027958189844824, -9.434540378848634 ], [ -64.028208189322925, -9.434540378848636 ], [ -64.028208189322925, -9.434790378117679 ], [ -64.028458188801025, -9.434790378117677 ], [ -64.028458188801025, -9.434540378848641 ], [ -64.02895818775724, -9.434540378848641 ], [ -64.02895818775724, -9.435540375924839 ], [ -64.028708188279126, -9.435540375924838 ], [ -64.028708188279126, -9.435290376655788 ], [ -64.028208189322925, -9.435290376655789 ], [ -64.028208189322925, -9.435540375924838 ], [ -64.027958189844824, -9.435540375924836 ] ], [ [ -64.026958191932408, -9.431540387620032 ], [ -64.027208191410523, -9.43154038762002 ], [ -64.027208191410523, -9.431790386889078 ], [ -64.026958191932408, -9.431790386889073 ], [ -64.026958191932408, -9.431540387620032 ] ], [ [ -64.025458195063777, -9.43329038250338 ], [ -64.026208193498093, -9.433290382503388 ], [ -64.026208193498093, -9.433790381041486 ], [ -64.026458192976193, -9.433790381041494 ], [ -64.026458192976193, -9.434040380310543 ], [ -64.026208193498093, -9.434040380310536 ], [ -64.026208193498093, -9.434290379579595 ], [ -64.025708194541892, -9.43429037957959 ], [ -64.025708194541892, -9.434040380310545 ], [ -64.025958194019992, -9.434040380310542 ], [ -64.025958194019992, -9.433540381772435 ], [ -64.025458195063777, -9.433540381772428 ], [ -64.025458195063777, -9.43329038250338 ] ], [ [ -64.027208191410523, -9.434790378117679 ], [ -64.02770819036671, -9.434790378117693 ], [ -64.02770819036671, -9.435290376655793 ], [ -64.027208191410523, -9.435290376655789 ], [ -64.027208191410523, -9.434790378117679 ] ], [ [ -64.026208193498093, -9.434790378117679 ], [ -64.026458192976193, -9.434790378117679 ], [ -64.026458192976193, -9.435540375924832 ], [ -64.026208193498093, -9.435540375924841 ], [ -64.026208193498093, -9.434790378117679 ] ], [ [ -64.025708194541892, -9.435790375193887 ], [ -64.026208193498093, -9.435790375193891 ], [ -64.026208193498093, -9.436040374462946 ], [ -64.025958194019992, -9.436040374462936 ], [ -64.025958194019992, -9.436290373731998 ], [ -64.025708194541892, -9.436290373731987 ], [ -64.025708194541892, -9.435790375193887 ] ], [ [ -64.027208191410523, -9.436290373731989 ], [ -64.02770819036671, -9.436290373731998 ], [ -64.02770819036671, -9.436540373001053 ], [ -64.027208191410523, -9.436540373001041 ], [ -64.027208191410523, -9.436290373731989 ] ], [ [ -64.026708192454308, -9.436540373001044 ], [ -64.026958191932408, -9.436540373001044 ], [ -64.026958191932408, -9.436790372270099 ], [ -64.026708192454308, -9.436790372270092 ], [ -64.026708192454308, -9.436540373001044 ] ], [ [ -64.028458188801025, -9.437790369346304 ], [ -64.028708188279126, -9.437790369346306 ], [ -64.028708188279126, -9.438040368615344 ], [ -64.028458188801025, -9.438040368615349 ], [ -64.028458188801025, -9.437790369346304 ] ], [ [ -64.027958189844824, -9.438040368615349 ], [ -64.028208189322925, -9.438040368615344 ], [ -64.028208189322925, -9.438290367884401 ], [ -64.027958189844824, -9.438290367884404 ], [ -64.027958189844824, -9.438040368615349 ] ], [ [ -64.028458188801025, -9.439790363498705 ], [ -64.028708188279126, -9.4397903634987 ], [ -64.028708188279126, -9.440540361305855 ], [ -64.028458188801025, -9.44054036130585 ], [ -64.028458188801025, -9.439790363498705 ] ] ], [ [ [ -64.024708196629476, -9.43479037811769 ], [ -64.024708196629476, -9.434540378848645 ], [ -64.024458197151361, -9.434540378848633 ], [ -64.024458197151361, -9.434790378117697 ], [ -64.024708196629476, -9.43479037811769 ] ] ], [ [ [ -64.025208195585677, -9.434290379579584 ], [ -64.025208195585677, -9.434040380310545 ], [ -64.024958196107576, -9.434040380310551 ], [ -64.024958196107576, -9.434290379579586 ], [ -64.025208195585677, -9.434290379579584 ] ] ], [ [ [ -64.02395819819516, -9.430540390543824 ], [ -64.02395819819516, -9.429790392736674 ], [ -64.023708198717074, -9.429790392736679 ], [ -64.023708198717074, -9.430290391274777 ], [ -64.023458199238959, -9.430290391274781 ], [ -64.023458199238959, -9.430540390543831 ], [ -64.02395819819516, -9.430540390543824 ] ] ], [ [ [ -64.023208199760845, -9.430290391274777 ], [ -64.023208199760845, -9.429790392736674 ], [ -64.023458199238959, -9.429790392736674 ], [ -64.023458199238959, -9.429040394929526 ], [ -64.023208199760845, -9.429040394929524 ], [ -64.023208199760845, -9.428790395660474 ], [ -64.022958200282744, -9.428790395660464 ], [ -64.022958200282744, -9.429040394929528 ], [ -64.022708200804644, -9.429040394929515 ], [ -64.022708200804644, -9.428790395660476 ], [ -64.022208201848429, -9.428790395660476 ], [ -64.022208201848429, -9.429290394198578 ], [ -64.022708200804644, -9.429290394198576 ], [ -64.022708200804644, -9.429540393467629 ], [ -64.022958200282744, -9.429540393467626 ], [ -64.022958200282744, -9.430290391274776 ], [ -64.023208199760845, -9.430290391274777 ] ] ], [ [ [ -64.019708207067396, -9.425540405162804 ], [ -64.019708207067396, -9.425290405893756 ], [ -64.019458207589295, -9.425290405893755 ], [ -64.019458207589295, -9.425540405162817 ], [ -64.019708207067396, -9.425540405162804 ] ] ], [ [ [ -64.019458207589295, -9.425290405893755 ], [ -64.019458207589295, -9.424790407355653 ], [ -64.019208208111195, -9.424790407355664 ], [ -64.019208208111195, -9.425290405893755 ], [ -64.019458207589295, -9.425290405893755 ] ] ], [ [ [ -64.019208208111195, -9.424540408086596 ], [ -64.019208208111195, -9.424290408817559 ], [ -64.01870820915498, -9.424290408817559 ], [ -64.01870820915498, -9.424790407355655 ], [ -64.01895820863308, -9.424790407355653 ], [ -64.01895820863308, -9.424540408086594 ], [ -64.019208208111195, -9.424540408086596 ] ] ], [ [ [ -64.018458209676879, -9.423790410279453 ], [ -64.018458209676879, -9.424040409548502 ], [ -64.018208210198779, -9.424040409548496 ], [ -64.018208210198779, -9.424290408817548 ], [ -64.017958210720678, -9.424290408817559 ], [ -64.017958210720678, -9.424540408086594 ], [ -64.018458209676879, -9.42454040808661 ], [ -64.018458209676879, -9.424290408817559 ], [ -64.01870820915498, -9.424290408817559 ], [ -64.01870820915498, -9.423790410279453 ], [ -64.018458209676879, -9.423790410279453 ] ] ], [ [ [ -64.017958210720678, -9.424290408817559 ], [ -64.017958210720678, -9.424040409548502 ], [ -64.017708211242564, -9.4240404095485 ], [ -64.017708211242564, -9.424290408817559 ], [ -64.017958210720678, -9.424290408817559 ] ] ], [ [ [ -64.020208206023625, -9.421790416127052 ], [ -64.020208206023625, -9.421290417588938 ], [ -64.019458207589295, -9.42129041758894 ], [ -64.019458207589295, -9.421540416858004 ], [ -64.019208208111195, -9.421540416857995 ], [ -64.019208208111195, -9.421790416127047 ], [ -64.020208206023625, -9.421790416127052 ] ] ], [ [ [ -64.017958210720678, -9.419540422705589 ], [ -64.017958210720678, -9.419290423436532 ], [ -64.017708211242564, -9.419290423436543 ], [ -64.017708211242564, -9.419790421974639 ], [ -64.018208210198779, -9.419790421974639 ], [ -64.018208210198779, -9.41954042270558 ], [ -64.017958210720678, -9.419540422705589 ] ] ], [ [ [ -64.06095812095451, -9.415290435131721 ], [ -64.06095812095451, -9.414790436593623 ], [ -64.060708121476409, -9.414790436593627 ], [ -64.060708121476409, -9.415290435131729 ], [ -64.06095812095451, -9.415290435131721 ] ] ], [ [ [ -64.062958116779342, -9.410290449750697 ], [ -64.062958116779342, -9.409790451212615 ], [ -64.062708117301241, -9.409790451212606 ], [ -64.062708117301241, -9.410290449750702 ], [ -64.062958116779342, -9.410290449750697 ] ] ], [ [ [ -64.062708117301241, -9.409790451212606 ], [ -64.062708117301241, -9.409540451943547 ], [ -64.062208118345026, -9.409540451943551 ], [ -64.062208118345026, -9.409790451212606 ], [ -64.062708117301241, -9.409790451212606 ] ] ], [ [ [ -64.062708117301241, -9.408290455598303 ], [ -64.062708117301241, -9.407790457060194 ], [ -64.061958118866926, -9.407790457060198 ], [ -64.061958118866926, -9.408290455598303 ], [ -64.062708117301241, -9.408290455598303 ] ] ], [ [ [ -64.055458132436229, -9.399040482643418 ], [ -64.055458132436229, -9.398790483374366 ], [ -64.055208132958128, -9.398790483374365 ], [ -64.055208132958128, -9.399040482643414 ], [ -64.055458132436229, -9.399040482643418 ] ] ], [ [ [ -64.054458134523813, -9.399040482643414 ], [ -64.054458134523813, -9.398790483374361 ], [ -64.054208135045712, -9.398790483374377 ], [ -64.054208135045712, -9.399040482643423 ], [ -64.054458134523813, -9.399040482643414 ] ] ], [ [ [ -64.055708131914329, -9.39879048337437 ], [ -64.055708131914329, -9.398540484105316 ], [ -64.055458132436229, -9.398540484105324 ], [ -64.055458132436229, -9.398790483374366 ], [ -64.055708131914329, -9.39879048337437 ] ] ], [ [ [ -64.056208130870544, -9.398040485567222 ], [ -64.056208130870544, -9.397790486298161 ], [ -64.05595813139243, -9.39779048629817 ], [ -64.05595813139243, -9.398040485567227 ], [ -64.056208130870544, -9.398040485567222 ] ] ], [ [ [ -64.051458140786565, -9.395040494338609 ], [ -64.051458140786565, -9.394540495800495 ], [ -64.051208141308464, -9.394540495800509 ], [ -64.051208141308464, -9.394790495069563 ], [ -64.050708142352264, -9.39479049506955 ], [ -64.050708142352264, -9.3950404943386 ], [ -64.051458140786565, -9.395040494338609 ] ] ], [ [ [ -64.05170814026468, -9.348790629564206 ], [ -64.05170814026468, -9.348540630295147 ], [ -64.051458140786565, -9.348540630295147 ], [ -64.051458140786565, -9.348790629564199 ], [ -64.05170814026468, -9.348790629564206 ] ] ], [ [ [ -64.056208130870544, -9.348040631757044 ], [ -64.056208130870544, -9.347790632487987 ], [ -64.05595813139243, -9.347790632488 ], [ -64.05595813139243, -9.348040631757044 ], [ -64.056208130870544, -9.348040631757044 ] ] ], [ [ [ -64.058208126695391, -9.344040643452239 ], [ -64.058208126695391, -9.34379064418318 ], [ -64.057958127217262, -9.343790644183182 ], [ -64.057958127217262, -9.344040643452237 ], [ -64.058208126695391, -9.344040643452239 ] ] ], [ [ [ -64.062958116779342, -9.329040687309186 ], [ -64.062958116779342, -9.32879068804014 ], [ -64.062708117301241, -9.328790688040131 ], [ -64.062708117301241, -9.329040687309179 ], [ -64.062958116779342, -9.329040687309186 ] ] ], [ [ [ -64.062208118345026, -9.328540688771087 ], [ -64.062208118345026, -9.328290689502026 ], [ -64.061958118866926, -9.32829068950203 ], [ -64.061958118866926, -9.328540688771074 ], [ -64.062208118345026, -9.328540688771087 ] ] ], [ [ [ -64.059708123563993, -9.324790699735328 ], [ -64.059708123563993, -9.324540700466262 ], [ -64.059458124085893, -9.324540700466263 ], [ -64.059458124085893, -9.324790699735315 ], [ -64.059708123563993, -9.324790699735328 ] ] ], [ [ [ -64.059208124607778, -9.323290704121014 ], [ -64.058958125129678, -9.323290704121012 ], [ -64.058958125129678, -9.323540703390069 ], [ -64.059208124607778, -9.323540703390057 ], [ -64.059208124607778, -9.323290704121014 ] ] ], [ [ [ -64.063458115735543, -9.322290707044816 ], [ -64.063708115213657, -9.322290707044816 ], [ -64.063708115213657, -9.322040707775757 ], [ -64.063958114691758, -9.322040707775768 ], [ -64.063958114691758, -9.321790708506716 ], [ -64.064208114169858, -9.321790708506711 ], [ -64.064208114169858, -9.321540709237651 ], [ -64.063458115735543, -9.321540709237667 ], [ -64.063458115735543, -9.321790708506715 ], [ -64.063208116257442, -9.321790708506706 ], [ -64.063208116257442, -9.321540709237668 ], [ -64.062958116779342, -9.321540709237659 ], [ -64.062958116779342, -9.321790708506702 ], [ -64.062708117301241, -9.321790708506716 ], [ -64.062708117301241, -9.322290707044813 ], [ -64.062958116779342, -9.322290707044816 ], [ -64.062958116779342, -9.322540706313871 ], [ -64.063458115735543, -9.322540706313857 ], [ -64.063458115735543, -9.322290707044816 ] ] ], [ [ [ -64.062458117823127, -9.319290715816205 ], [ -64.062458117823127, -9.31954071508525 ], [ -64.062708117301241, -9.319540715085246 ], [ -64.062708117301241, -9.319790714354301 ], [ -64.062458117823127, -9.319790714354303 ], [ -64.062458117823127, -9.320290712892401 ], [ -64.062208118345026, -9.320290712892406 ], [ -64.062208118345026, -9.320540712161462 ], [ -64.062708117301241, -9.320540712161447 ], [ -64.062708117301241, -9.320790711430504 ], [ -64.063208116257442, -9.320790711430519 ], [ -64.063208116257442, -9.320040713623357 ], [ -64.063458115735543, -9.320040713623362 ], [ -64.063458115735543, -9.31954071508526 ], [ -64.063708115213657, -9.319540715085257 ], [ -64.063708115213657, -9.320540712161462 ], [ -64.063958114691758, -9.320540712161462 ], [ -64.063958114691758, -9.320790711430504 ], [ -64.064208114169858, -9.320790711430506 ], [ -64.064208114169858, -9.321040710699551 ], [ -64.065458111560375, -9.321040710699558 ], [ -64.065458111560375, -9.320540712161456 ], [ -64.065208112082288, -9.320540712161462 ], [ -64.065208112082288, -9.320290712892414 ], [ -64.064208114169858, -9.320290712892401 ], [ -64.064208114169858, -9.319790714354303 ], [ -64.064458113647959, -9.319790714354301 ], [ -64.064458113647959, -9.319290715816209 ], [ -64.064208114169858, -9.319290715816203 ], [ -64.064208114169858, -9.31854071800905 ], [ -64.063708115213657, -9.318540718009041 ], [ -64.063708115213657, -9.318790717278095 ], [ -64.063208116257442, -9.318790717278102 ], [ -64.063208116257442, -9.319040716547152 ], [ -64.063458115735543, -9.319040716547144 ], [ -64.063458115735543, -9.319290715816207 ], [ -64.063208116257442, -9.319290715816207 ], [ -64.063208116257442, -9.31954071508525 ], [ -64.062958116779342, -9.319540715085253 ], [ -64.062958116779342, -9.319290715816205 ], [ -64.062458117823127, -9.319290715816205 ] ] ], [ [ [ -64.057458128261061, -9.320040713623348 ], [ -64.057458128261061, -9.319540715085251 ], [ -64.057708127739161, -9.319540715085251 ], [ -64.057708127739161, -9.319290715816201 ], [ -64.056958129304846, -9.319290715816194 ], [ -64.056958129304846, -9.319040716547143 ], [ -64.05720812878296, -9.31904071654715 ], [ -64.05720812878296, -9.318790717278098 ], [ -64.056958129304846, -9.318790717278093 ], [ -64.056958129304846, -9.318540718009046 ], [ -64.056208130870544, -9.31854071800905 ], [ -64.056208130870544, -9.318790717278095 ], [ -64.05595813139243, -9.318790717278103 ], [ -64.05595813139243, -9.319040716547146 ], [ -64.055708131914329, -9.319040716547155 ], [ -64.055708131914329, -9.319290715816194 ], [ -64.05595813139243, -9.319290715816194 ], [ -64.05595813139243, -9.319790714354298 ], [ -64.056208130870544, -9.319790714354305 ], [ -64.056208130870544, -9.320040713623348 ], [ -64.057458128261061, -9.320040713623348 ] ] ], [ [ [ -64.062458117823127, -9.317790720201902 ], [ -64.062458117823127, -9.317540720932842 ], [ -64.06170811938884, -9.317540720932845 ], [ -64.06170811938884, -9.318290718739993 ], [ -64.061458119910725, -9.318290718740011 ], [ -64.061458119910725, -9.319040716547155 ], [ -64.062958116779342, -9.319040716547159 ], [ -64.062958116779342, -9.318790717278105 ], [ -64.063208116257442, -9.318790717278102 ], [ -64.063208116257442, -9.318290718739998 ], [ -64.062958116779342, -9.318290718740009 ], [ -64.062958116779342, -9.317790720201899 ], [ -64.062458117823127, -9.317790720201902 ] ], [ [ -64.062708117301241, -9.318540718009043 ], [ -64.061958118866926, -9.318540718009048 ], [ -64.061958118866926, -9.318290718739993 ], [ -64.062208118345026, -9.318290718740005 ], [ -64.062208118345026, -9.318040719470945 ], [ -64.062458117823127, -9.318040719470954 ], [ -64.062458117823127, -9.318290718740002 ], [ -64.062708117301241, -9.318290718739997 ], [ -64.062708117301241, -9.318540718009043 ] ] ], [ [ [ -64.056458130348645, -9.317290721663797 ], [ -64.056458130348645, -9.317040722394745 ], [ -64.056208130870544, -9.317040722394742 ], [ -64.056208130870544, -9.317290721663795 ], [ -64.056458130348645, -9.317290721663797 ] ] ], [ [ [ -64.056208130870544, -9.317040722394742 ], [ -64.056208130870544, -9.316790723125694 ], [ -64.05595813139243, -9.316790723125685 ], [ -64.05595813139243, -9.317040722394745 ], [ -64.056208130870544, -9.317040722394742 ] ] ], [ [ [ -64.05595813139243, -9.316790723125685 ], [ -64.05595813139243, -9.316540723856644 ], [ -64.055708131914329, -9.316540723856651 ], [ -64.055708131914329, -9.316790723125699 ], [ -64.05595813139243, -9.316790723125685 ] ] ], [ [ [ -64.055458132436229, -9.316290724587596 ], [ -64.055458132436229, -9.316040725318551 ], [ -64.055208132958128, -9.31604072531854 ], [ -64.055208132958128, -9.316540723856647 ], [ -64.055708131914329, -9.316540723856651 ], [ -64.055708131914329, -9.316290724587594 ], [ -64.055458132436229, -9.316290724587596 ] ] ], [ [ [ -64.028708188279126, -9.315540726780442 ], [ -64.028708188279126, -9.315290727511393 ], [ -64.028458188801025, -9.315290727511389 ], [ -64.028458188801025, -9.315540726780442 ], [ -64.028708188279126, -9.315540726780442 ] ] ], [ [ [ -64.05220813922088, -9.313540732628034 ], [ -64.05220813922088, -9.313290733358977 ], [ -64.05195813974278, -9.313290733358977 ], [ -64.05195813974278, -9.313540732628026 ], [ -64.05220813922088, -9.313540732628034 ] ] ], [ [ [ -64.051208141308464, -9.312790734820886 ], [ -64.051208141308464, -9.312040737013724 ], [ -64.050708142352264, -9.312040737013726 ], [ -64.050708142352264, -9.312290736282776 ], [ -64.050958141830364, -9.312290736282783 ], [ -64.050958141830364, -9.312790734820881 ], [ -64.051208141308464, -9.312790734820886 ] ] ], [ [ [ -64.033708177841206, -9.310290742130382 ], [ -64.033708177841206, -9.310040742861327 ], [ -64.033208178884991, -9.310040742861311 ], [ -64.033208178884991, -9.310540741399423 ], [ -64.033458178363105, -9.310540741399427 ], [ -64.033458178363105, -9.310290742130373 ], [ -64.033708177841206, -9.310290742130382 ] ] ], [ [ [ -64.045958152268284, -9.310290742130372 ], [ -64.045958152268284, -9.31054074139942 ], [ -64.046708150702599, -9.310540741399418 ], [ -64.046708150702599, -9.310290742130372 ], [ -64.046208151746384, -9.31029074213038 ], [ -64.046208151746384, -9.309790743592274 ], [ -64.045708152790183, -9.309790743592272 ], [ -64.045708152790183, -9.310290742130379 ], [ -64.045958152268284, -9.310290742130372 ] ] ], [ [ [ -64.045458153312083, -9.309790743592272 ], [ -64.045458153312083, -9.309540744323218 ], [ -64.044708154877767, -9.309540744323217 ], [ -64.044708154877767, -9.309790743592274 ], [ -64.045458153312083, -9.309790743592272 ] ] ], [ [ [ -64.023708198717074, -9.309540744323213 ], [ -64.023708198717074, -9.309290745054161 ], [ -64.023458199238959, -9.30929074505417 ], [ -64.023458199238959, -9.309540744323217 ], [ -64.023708198717074, -9.309540744323213 ] ] ], [ [ [ -64.044458155399667, -9.309290745054176 ], [ -64.044458155399667, -9.309040745785122 ], [ -64.044208155921567, -9.30904074578512 ], [ -64.044208155921567, -9.309290745054163 ], [ -64.044458155399667, -9.309290745054176 ] ] ], [ [ [ -64.043958156443452, -9.309040745785113 ], [ -64.043958156443452, -9.30879074651606 ], [ -64.043708156965351, -9.308790746516074 ], [ -64.043708156965351, -9.30904074578512 ], [ -64.043958156443452, -9.309040745785113 ] ] ], [ [ [ -64.033958177319306, -9.309040745785124 ], [ -64.033958177319306, -9.308790746516074 ], [ -64.033458178363105, -9.30879074651606 ], [ -64.033458178363105, -9.309040745785115 ], [ -64.033958177319306, -9.309040745785124 ] ] ], [ [ [ -64.043208158009151, -9.308540747247021 ], [ -64.043208158009151, -9.30829074797796 ], [ -64.042958158531036, -9.308290747977965 ], [ -64.042958158531036, -9.308540747247012 ], [ -64.043208158009151, -9.308540747247021 ] ] ], [ [ [ -64.022958200282744, -9.30804074870891 ], [ -64.022958200282744, -9.307790749439862 ], [ -64.022708200804644, -9.307790749439866 ], [ -64.022708200804644, -9.308040748708912 ], [ -64.022958200282744, -9.30804074870891 ] ] ], [ [ [ -64.041458161662419, -9.30729075090176 ], [ -64.041458161662419, -9.307040751632707 ], [ -64.041208162184319, -9.307040751632703 ], [ -64.041208162184319, -9.307290750901767 ], [ -64.041458161662419, -9.30729075090176 ] ] ], [ [ [ -64.039708165315687, -9.306790752363653 ], [ -64.039708165315687, -9.306540753094607 ], [ -64.039208166359487, -9.306540753094609 ], [ -64.039208166359487, -9.306790752363657 ], [ -64.039708165315687, -9.306790752363653 ] ] ], [ [ [ -64.039208166359487, -9.306540753094609 ], [ -64.039208166359487, -9.306290753825552 ], [ -64.038958166881386, -9.306290753825559 ], [ -64.038958166881386, -9.306540753094609 ], [ -64.039208166359487, -9.306540753094609 ] ] ], [ [ [ -64.036708171578454, -9.306040754556511 ], [ -64.036708171578454, -9.305790755287452 ], [ -64.036458172100339, -9.305790755287454 ], [ -64.036458172100339, -9.306040754556516 ], [ -64.036708171578454, -9.306040754556511 ] ] ], [ [ [ -64.036458172100339, -9.305790755287454 ], [ -64.036458172100339, -9.305540756018397 ], [ -64.036208172622239, -9.305540756018404 ], [ -64.036208172622239, -9.305790755287454 ], [ -64.036458172100339, -9.305790755287454 ] ] ], [ [ [ -64.035708173666038, -9.305540756018404 ], [ -64.035708173666038, -9.305290756749351 ], [ -64.035458174187937, -9.305290756749349 ], [ -64.035458174187937, -9.305540756018397 ], [ -64.035708173666038, -9.305540756018404 ] ] ], [ [ [ -64.034458176275521, -9.305290756749349 ], [ -64.034458176275521, -9.304790758211254 ], [ -64.033958177319306, -9.304790758211263 ], [ -64.033958177319306, -9.305290756749361 ], [ -64.034458176275521, -9.305290756749349 ] ] ], [ [ [ -64.033208178884991, -9.305290756749356 ], [ -64.033208178884991, -9.30454075894221 ], [ -64.032208180972589, -9.304540758942199 ], [ -64.032208180972589, -9.304790758211261 ], [ -64.03295817940689, -9.304790758211261 ], [ -64.03295817940689, -9.305290756749349 ], [ -64.033208178884991, -9.305290756749356 ] ] ], [ [ [ -64.026208193498093, -9.303540761865992 ], [ -64.026208193498093, -9.303290762596948 ], [ -64.025958194019992, -9.303290762596943 ], [ -64.025958194019992, -9.303540761866 ], [ -64.026208193498093, -9.303540761865992 ] ] ], [ [ [ -64.018458209676879, -9.303290762596957 ], [ -64.018458209676879, -9.303040763327893 ], [ -64.018208210198779, -9.3030407633279 ], [ -64.018208210198779, -9.303290762596946 ], [ -64.018458209676879, -9.303290762596957 ] ] ], [ [ [ -64.024208197673261, -9.303040763327903 ], [ -64.024208197673261, -9.302790764058843 ], [ -64.02395819819516, -9.302790764058853 ], [ -64.02395819819516, -9.303040763327902 ], [ -64.024208197673261, -9.303040763327903 ] ] ], [ [ [ -64.019708207067396, -9.302790764058845 ], [ -64.019708207067396, -9.302290765520754 ], [ -64.019208208111195, -9.302290765520747 ], [ -64.019208208111195, -9.302040766251693 ], [ -64.018208210198779, -9.302040766251697 ], [ -64.018208210198779, -9.301790766982633 ], [ -64.017208212286363, -9.301790766982634 ], [ -64.017208212286363, -9.3020407662517 ], [ -64.017708211242564, -9.302040766251702 ], [ -64.017708211242564, -9.302290765520741 ], [ -64.018208210198779, -9.302290765520741 ], [ -64.018208210198779, -9.30279076405885 ], [ -64.018458209676879, -9.302790764058848 ], [ -64.018458209676879, -9.303040763327893 ], [ -64.019458207589295, -9.303040763327905 ], [ -64.019458207589295, -9.302790764058855 ], [ -64.019708207067396, -9.302790764058845 ] ] ], [ [ [ -64.061458119910725, -9.269790860544134 ], [ -64.061458119910725, -9.270290859082243 ], [ -64.06170811938884, -9.270290859082239 ], [ -64.06170811938884, -9.270540858351291 ], [ -64.061458119910725, -9.270540858351289 ], [ -64.061458119910725, -9.270790857620337 ], [ -64.06170811938884, -9.270790857620339 ], [ -64.06170811938884, -9.272290853234646 ], [ -64.061958118866926, -9.27229085323464 ], [ -64.061958118866926, -9.273040851041795 ], [ -64.063208116257442, -9.273040851041799 ], [ -64.063208116257442, -9.273790848848945 ], [ -64.063458115735543, -9.273790848848957 ], [ -64.063458115735543, -9.274040848118002 ], [ -64.063708115213657, -9.274040848118002 ], [ -64.063708115213657, -9.274290847387043 ], [ -64.064458113647959, -9.274290847387046 ], [ -64.064458113647959, -9.274040848118005 ], [ -64.06595811051659, -9.274040848118002 ], [ -64.06595811051659, -9.273790848848952 ], [ -64.066458109472791, -9.273790848848947 ], [ -64.066458109472791, -9.273540849579895 ], [ -64.06595811051659, -9.273540849579891 ], [ -64.06595811051659, -9.273040851041804 ], [ -64.065458111560375, -9.27304085104179 ], [ -64.065458111560375, -9.272040853965592 ], [ -64.065208112082288, -9.272040853965587 ], [ -64.065208112082288, -9.272290853234647 ], [ -64.064458113647959, -9.272290853234651 ], [ -64.064458113647959, -9.271540855427494 ], [ -64.063708115213657, -9.271540855427485 ], [ -64.063708115213657, -9.270540858351284 ], [ -64.062708117301241, -9.270540858351291 ], [ -64.062708117301241, -9.270790857620336 ], [ -64.062208118345026, -9.270790857620334 ], [ -64.062208118345026, -9.270290859082229 ], [ -64.061958118866926, -9.270290859082245 ], [ -64.061958118866926, -9.269040862736977 ], [ -64.061458119910725, -9.269040862736992 ], [ -64.061458119910725, -9.269290862006045 ], [ -64.06120812043261, -9.269290862006036 ], [ -64.06120812043261, -9.269790860544129 ], [ -64.061458119910725, -9.269790860544134 ] ], [ [ -64.063708115213657, -9.271790854696544 ], [ -64.063208116257442, -9.271790854696553 ], [ -64.063208116257442, -9.271540855427499 ], [ -64.063708115213657, -9.271540855427485 ], [ -64.063708115213657, -9.271790854696544 ] ], [ [ -64.062958116779342, -9.271040856889387 ], [ -64.062958116779342, -9.271290856158448 ], [ -64.062208118345026, -9.271290856158439 ], [ -64.062208118345026, -9.271040856889391 ], [ -64.062958116779342, -9.271040856889387 ] ], [ [ -64.063958114691758, -9.272790851772742 ], [ -64.063708115213657, -9.272790851772754 ], [ -64.063708115213657, -9.272540852503688 ], [ -64.063958114691758, -9.272540852503692 ], [ -64.063958114691758, -9.272790851772742 ] ], [ [ -64.064208114169858, -9.272790851772747 ], [ -64.064208114169858, -9.273040851041802 ], [ -64.063958114691758, -9.273040851041797 ], [ -64.063958114691758, -9.272790851772742 ], [ -64.064208114169858, -9.272790851772747 ] ], [ [ -64.064958112604174, -9.273040851041792 ], [ -64.064958112604174, -9.273290850310858 ], [ -64.064458113647959, -9.273290850310842 ], [ -64.064458113647959, -9.273040851041806 ], [ -64.064958112604174, -9.273040851041792 ] ], [ [ -64.064208114169858, -9.273290850310847 ], [ -64.064208114169858, -9.273540849579895 ], [ -64.063958114691758, -9.273540849579907 ], [ -64.063958114691758, -9.273290850310843 ], [ -64.064208114169858, -9.273290850310847 ] ] ], [ [ [ -64.062958116779342, -9.269790860544134 ], [ -64.062708117301241, -9.269790860544141 ], [ -64.062708117301241, -9.270290859082234 ], [ -64.062958116779342, -9.270290859082241 ], [ -64.062958116779342, -9.269790860544134 ] ] ], [ [ [ -64.064458113647959, -9.269790860544145 ], [ -64.064458113647959, -9.269290862006041 ], [ -64.064208114169858, -9.269290862006029 ], [ -64.064208114169858, -9.270540858351282 ], [ -64.064708113126059, -9.270540858351289 ], [ -64.064708113126059, -9.269790860544131 ], [ -64.064458113647959, -9.269790860544145 ] ] ], [ [ [ -64.064208114169858, -9.268290864929826 ], [ -64.064208114169858, -9.268790863467926 ], [ -64.064708113126059, -9.268790863467938 ], [ -64.064708113126059, -9.269040862736992 ], [ -64.065208112082288, -9.269040862736988 ], [ -64.065208112082288, -9.268790863467936 ], [ -64.065458111560375, -9.268790863467927 ], [ -64.065458111560375, -9.268540864198892 ], [ -64.064458113647959, -9.268540864198892 ], [ -64.064458113647959, -9.268290864929826 ], [ -64.064208114169858, -9.268290864929826 ] ] ], [ [ [ -64.063458115735543, -9.268540864198878 ], [ -64.063458115735543, -9.268290864929833 ], [ -64.063208116257442, -9.268290864929821 ], [ -64.063208116257442, -9.268540864198886 ], [ -64.063458115735543, -9.268540864198878 ] ] ], [ [ [ -64.065458111560375, -9.268290864929826 ], [ -64.065458111560375, -9.268040865660788 ], [ -64.065208112082288, -9.268040865660778 ], [ -64.065208112082288, -9.268290864929821 ], [ -64.065458111560375, -9.268290864929826 ] ] ], [ [ [ -64.064208114169858, -9.268290864929826 ], [ -64.064208114169858, -9.26804086566078 ], [ -64.063958114691758, -9.26804086566078 ], [ -64.063958114691758, -9.268290864929826 ], [ -64.064208114169858, -9.268290864929826 ] ] ], [ [ [ -64.064708113126059, -9.267290867853625 ], [ -64.064708113126059, -9.267040868584569 ], [ -64.065208112082288, -9.267040868584573 ], [ -64.065208112082288, -9.267790866391739 ], [ -64.065458111560375, -9.267790866391737 ], [ -64.065458111560375, -9.266790869315525 ], [ -64.064458113647959, -9.26679086931553 ], [ -64.064458113647959, -9.267290867853635 ], [ -64.064708113126059, -9.267290867853625 ] ] ], [ [ [ -64.062208118345026, -9.266790869315532 ], [ -64.062208118345026, -9.266540870046471 ], [ -64.06170811938884, -9.266540870046478 ], [ -64.06170811938884, -9.26679086931553 ], [ -64.062208118345026, -9.266790869315532 ] ] ], [ [ [ -64.061958118866926, -9.265790872239325 ], [ -64.061958118866926, -9.265290873701218 ], [ -64.06170811938884, -9.265290873701213 ], [ -64.06170811938884, -9.265790872239327 ], [ -64.061958118866926, -9.265790872239325 ] ] ], [ [ [ -64.064208114169858, -9.26554087297027 ], [ -64.064208114169858, -9.265290873701215 ], [ -64.063958114691758, -9.265290873701229 ], [ -64.063958114691758, -9.264790875163126 ], [ -64.063708115213657, -9.264790875163131 ], [ -64.063708115213657, -9.264540875894067 ], [ -64.062958116779342, -9.264540875894072 ], [ -64.062958116779342, -9.264790875163117 ], [ -64.063458115735543, -9.264790875163126 ], [ -64.063458115735543, -9.265790872239325 ], [ -64.063208116257442, -9.265790872239318 ], [ -64.063208116257442, -9.266040871508368 ], [ -64.063708115213657, -9.266040871508373 ], [ -64.063708115213657, -9.265790872239322 ], [ -64.064458113647959, -9.265790872239325 ], [ -64.064458113647959, -9.265540872970268 ], [ -64.064208114169858, -9.26554087297027 ] ] ], [ [ [ -64.062208118345026, -9.264790875163115 ], [ -64.062208118345026, -9.264540875894063 ], [ -64.061958118866926, -9.264540875894072 ], [ -64.061958118866926, -9.264790875163126 ], [ -64.062208118345026, -9.264790875163115 ] ] ], [ [ [ -64.06095812095451, -9.264790875163122 ], [ -64.06095812095451, -9.264540875894067 ], [ -64.060708121476409, -9.264540875894074 ], [ -64.060708121476409, -9.26479087516312 ], [ -64.06095812095451, -9.264790875163122 ] ] ], [ [ [ -64.063958114691758, -9.264290876625017 ], [ -64.063958114691758, -9.264040877355967 ], [ -64.063708115213657, -9.26404087735596 ], [ -64.063708115213657, -9.26429087662501 ], [ -64.063958114691758, -9.264290876625017 ] ] ], [ [ [ -64.064208114169858, -9.263290879548817 ], [ -64.064208114169858, -9.263040880279767 ], [ -64.063958114691758, -9.263040880279762 ], [ -64.063958114691758, -9.263290879548816 ], [ -64.064208114169858, -9.263290879548817 ] ] ], [ [ [ -64.064708113126059, -9.263040880279771 ], [ -64.064708113126059, -9.262790881010716 ], [ -64.064208114169858, -9.26279088101071 ], [ -64.064208114169858, -9.263040880279767 ], [ -64.064708113126059, -9.263040880279771 ] ] ], [ [ [ -64.063708115213657, -9.255540902208242 ], [ -64.063708115213657, -9.254790904401091 ], [ -64.063208116257442, -9.25479090440108 ], [ -64.063208116257442, -9.255290902939185 ], [ -64.063458115735543, -9.255290902939178 ], [ -64.063458115735543, -9.255540902208246 ], [ -64.063708115213657, -9.255540902208242 ] ] ], [ [ [ -64.062208118345026, -9.234040965069873 ], [ -64.062208118345026, -9.233290967262704 ], [ -64.061458119910725, -9.233290967262706 ], [ -64.061458119910725, -9.233540966531759 ], [ -64.06170811938884, -9.233540966531772 ], [ -64.06170811938884, -9.23404096506987 ], [ -64.062208118345026, -9.234040965069873 ] ] ], [ [ [ -64.041458161662419, -9.23254096945557 ], [ -64.041458161662419, -9.232040970917462 ], [ -64.040958162706218, -9.23204097091746 ], [ -64.040958162706218, -9.232290970186511 ], [ -64.041208162184319, -9.232290970186511 ], [ -64.041208162184319, -9.232540969455563 ], [ -64.041458161662419, -9.23254096945557 ] ] ], [ [ [ -64.038958166881386, -9.225790989191188 ], [ -64.038958166881386, -9.225540989922132 ], [ -64.038458167925171, -9.225540989922136 ], [ -64.038458167925171, -9.225790989191184 ], [ -64.038958166881386, -9.225790989191188 ] ] ], [ [ [ -64.039458165837587, -9.225540989922136 ], [ -64.039458165837587, -9.225290990653093 ], [ -64.039208166359487, -9.225290990653079 ], [ -64.039208166359487, -9.225540989922141 ], [ -64.039458165837587, -9.225540989922136 ] ] ], [ [ [ -64.038208168447071, -9.225540989922132 ], [ -64.038208168447071, -9.224790992114979 ], [ -64.03795816896897, -9.224790992114988 ], [ -64.03795816896897, -9.225540989922134 ], [ -64.038208168447071, -9.225540989922132 ] ] ], [ [ [ -64.040208164271903, -9.225290990653081 ], [ -64.040208164271903, -9.224540992845938 ], [ -64.039208166359487, -9.224540992845943 ], [ -64.039208166359487, -9.224790992114988 ], [ -64.039708165315687, -9.224790992114992 ], [ -64.039708165315687, -9.225290990653084 ], [ -64.040208164271903, -9.225290990653081 ] ] ], [ [ [ -64.03770816949087, -9.225290990653088 ], [ -64.03770816949087, -9.224540992845936 ], [ -64.037208170534655, -9.224540992845927 ], [ -64.037208170534655, -9.225290990653081 ], [ -64.03770816949087, -9.225290990653088 ] ] ], [ [ [ -64.038208168447071, -9.224540992845935 ], [ -64.038208168447071, -9.224290993576886 ], [ -64.03795816896897, -9.224290993576894 ], [ -64.03795816896897, -9.224540992845935 ], [ -64.038208168447071, -9.224540992845935 ] ] ], [ [ [ -64.039708165314892, -9.224063226367518 ], [ -64.038958166880562, -9.224064361365206 ], [ -64.038958166881386, -9.224290993576879 ], [ -64.039708165315687, -9.224290993576886 ], [ -64.039708165314892, -9.224063226367518 ] ] ], [ [ [ -64.011208224811867, -9.439040365691559 ], [ -64.011208224811867, -9.438540367153447 ], [ -64.010958225333766, -9.438540367153458 ], [ -64.010958225333766, -9.438790366422497 ], [ -64.010708225855666, -9.438790366422497 ], [ -64.010708225855666, -9.439040365691547 ], [ -64.011208224811867, -9.439040365691559 ] ] ], [ [ [ -64.010708225855666, -9.43854036715345 ], [ -64.010708225855666, -9.438290367884404 ], [ -64.010458226377565, -9.438290367884397 ], [ -64.010458226377565, -9.438540367153445 ], [ -64.010708225855666, -9.43854036715345 ] ] ], [ [ [ -64.009208228987035, -9.438290367884408 ], [ -64.009208228987035, -9.438790366422509 ], [ -64.009458228465149, -9.438790366422509 ], [ -64.009458228465149, -9.438540367153445 ], [ -64.010208226899451, -9.438540367153459 ], [ -64.010208226899451, -9.438040368615352 ], [ -64.009458228465149, -9.43804036861534 ], [ -64.009458228465149, -9.438290367884399 ], [ -64.009208228987035, -9.438290367884408 ] ] ], [ [ [ -64.008958229508934, -9.438040368615342 ], [ -64.008958229508934, -9.438290367884406 ], [ -64.009208228987035, -9.438290367884408 ], [ -64.009208228987035, -9.438040368615352 ], [ -64.009458228465149, -9.43804036861534 ], [ -64.009458228465149, -9.437790369346299 ], [ -64.008708230030834, -9.437790369346308 ], [ -64.008708230030834, -9.438040368615356 ], [ -64.008958229508934, -9.438040368615342 ] ] ], [ [ [ -64.005958235771686, -9.437290370808199 ], [ -64.005958235771686, -9.437040371539149 ], [ -64.005708236293586, -9.437040371539155 ], [ -64.005708236293586, -9.437290370808203 ], [ -64.005958235771686, -9.437290370808199 ] ] ], [ [ [ -64.008708230030834, -9.437290370808194 ], [ -64.008708230030834, -9.436540373001055 ], [ -64.008458230552733, -9.436540373001048 ], [ -64.008458230552733, -9.436040374462946 ], [ -64.007958231596518, -9.436040374462944 ], [ -64.007958231596518, -9.435790375193891 ], [ -64.007208233162217, -9.435790375193896 ], [ -64.007208233162217, -9.436790372270103 ], [ -64.007708232118418, -9.436790372270094 ], [ -64.007708232118418, -9.43704037153914 ], [ -64.007208233162217, -9.437040371539144 ], [ -64.007208233162217, -9.437790369346299 ], [ -64.007708232118418, -9.437790369346299 ], [ -64.007708232118418, -9.438040368615356 ], [ -64.008458230552733, -9.438040368615352 ], [ -64.008458230552733, -9.437290370808205 ], [ -64.008708230030834, -9.437290370808194 ] ] ], [ [ [ -64.007208233162217, -9.435790375193896 ], [ -64.007208233162217, -9.435290376655789 ], [ -64.006708234206002, -9.435290376655786 ], [ -64.006708234206002, -9.435540375924838 ], [ -64.006958233684102, -9.435540375924848 ], [ -64.006958233684102, -9.435790375193903 ], [ -64.007208233162217, -9.435790375193896 ] ] ], [ [ [ -64.005958235771686, -9.43354038177244 ], [ -64.005708236293586, -9.433540381772429 ], [ -64.005708236293586, -9.43454037884864 ], [ -64.006208235249801, -9.434540378848641 ], [ -64.006208235249801, -9.433790381041483 ], [ -64.005958235771686, -9.433790381041486 ], [ -64.005958235771686, -9.43354038177244 ] ] ], [ [ [ -64.005708236293586, -9.432290385427184 ], [ -64.005458236815485, -9.43229038542718 ], [ -64.005458236815485, -9.432790383965276 ], [ -64.005208237337385, -9.432790383965274 ], [ -64.005208237337385, -9.433290382503385 ], [ -64.005708236293586, -9.433290382503383 ], [ -64.005708236293586, -9.432290385427184 ] ] ], [ [ [ -64.013458220114799, -9.429290394198571 ], [ -64.013458220114799, -9.429040394929519 ], [ -64.013208220636699, -9.429040394929528 ], [ -64.013208220636699, -9.429290394198571 ], [ -64.013458220114799, -9.429290394198571 ] ] ], [ [ [ -64.005708236293586, -9.426540402239011 ], [ -64.005708236293586, -9.427040400777114 ], [ -64.005458236815485, -9.427040400777109 ], [ -64.005458236815485, -9.427290400046166 ], [ -64.006208235249801, -9.427290400046171 ], [ -64.006208235249801, -9.426290402969961 ], [ -64.005958235771686, -9.426290402969961 ], [ -64.005958235771686, -9.426540402239022 ], [ -64.005708236293586, -9.426540402239011 ] ] ], [ [ [ -64.013958219071014, -9.424790407355662 ], [ -64.013958219071014, -9.424540408086605 ], [ -64.013458220114799, -9.4245404080866 ], [ -64.013458220114799, -9.425290405893758 ], [ -64.013708219592914, -9.425290405893767 ], [ -64.013708219592914, -9.424790407355657 ], [ -64.013958219071014, -9.424790407355662 ] ] ], [ [ [ -64.010458226377565, -9.42404040954851 ], [ -64.010458226377565, -9.423790410279459 ], [ -64.010208226899451, -9.423790410279459 ], [ -64.010208226899451, -9.42404040954851 ], [ -64.010458226377565, -9.42404040954851 ] ] ], [ [ [ -64.011458224289981, -9.423790410279445 ], [ -64.011458224289981, -9.423540411010402 ], [ -64.011208224811867, -9.423540411010402 ], [ -64.011208224811867, -9.423790410279445 ], [ -64.011458224289981, -9.423790410279445 ] ] ], [ [ [ -64.016458213852047, -9.423540411010409 ], [ -64.016458213852047, -9.423290411741347 ], [ -64.016208214373947, -9.423290411741348 ], [ -64.016208214373947, -9.423540411010405 ], [ -64.016458213852047, -9.423540411010409 ] ] ], [ [ [ -64.017208212286363, -9.423540411010398 ], [ -64.017208212286363, -9.423290411741355 ], [ -64.016958212808262, -9.423290411741348 ], [ -64.016958212808262, -9.422790413203247 ], [ -64.016708213330148, -9.42279041320325 ], [ -64.016708213330148, -9.423040412472298 ], [ -64.016458213852047, -9.423040412472295 ], [ -64.016458213852047, -9.423290411741347 ], [ -64.016708213330148, -9.423290411741355 ], [ -64.016708213330148, -9.423540411010404 ], [ -64.016958212808262, -9.423540411010398 ], [ -64.016958212808262, -9.423790410279457 ], [ -64.017708211242564, -9.423790410279445 ], [ -64.017708211242564, -9.423540411010402 ], [ -64.017208212286363, -9.423540411010398 ] ] ], [ [ [ -64.011208224811867, -9.423290411741345 ], [ -64.011208224811867, -9.422040415396092 ], [ -64.010708225855666, -9.422040415396102 ], [ -64.010708225855666, -9.422290414665154 ], [ -64.010958225333766, -9.422290414665149 ], [ -64.010958225333766, -9.42279041320325 ], [ -64.010708225855666, -9.422790413203243 ], [ -64.010708225855666, -9.423040412472306 ], [ -64.010458226377565, -9.423040412472306 ], [ -64.010458226377565, -9.423540411010402 ], [ -64.010708225855666, -9.423540411010411 ], [ -64.010708225855666, -9.423290411741345 ], [ -64.011208224811867, -9.423290411741345 ] ] ], [ [ [ -64.016458213852047, -9.422790413203249 ], [ -64.016458213852047, -9.422290414665156 ], [ -64.016208214373947, -9.422290414665154 ], [ -64.016208214373947, -9.422790413203249 ], [ -64.016458213852047, -9.422790413203249 ] ] ], [ [ [ -64.012208222724283, -9.422790413203254 ], [ -64.012208222724283, -9.422290414665142 ], [ -64.011958223246182, -9.422290414665149 ], [ -64.011958223246182, -9.422790413203243 ], [ -64.012208222724283, -9.422790413203254 ] ] ], [ [ [ -64.014208218549115, -9.422040415396092 ], [ -64.014208218549115, -9.421790416127044 ], [ -64.013458220114799, -9.421790416127044 ], [ -64.013458220114799, -9.422040415396093 ], [ -64.014208218549115, -9.422040415396092 ] ] ], [ [ [ -64.011708223768082, -9.421790416127044 ], [ -64.011708223768082, -9.421540416857987 ], [ -64.011208224811867, -9.421540416858004 ], [ -64.011208224811867, -9.421790416127051 ], [ -64.011708223768082, -9.421790416127044 ] ] ], [ [ [ -64.010208226899451, -9.422290414665149 ], [ -64.010208226899451, -9.422040415396101 ], [ -64.010708225855666, -9.422040415396102 ], [ -64.010708225855666, -9.421540416857995 ], [ -64.010208226899451, -9.421540416857997 ], [ -64.010208226899451, -9.421290417588938 ], [ -64.009458228465149, -9.421290417588937 ], [ -64.009458228465149, -9.421040418319894 ], [ -64.009208228987035, -9.421040418319894 ], [ -64.009208228987035, -9.421540416857987 ], [ -64.009458228465149, -9.421540416857987 ], [ -64.009458228465149, -9.421790416127045 ], [ -64.009208228987035, -9.421790416127047 ], [ -64.009208228987035, -9.422290414665154 ], [ -64.009458228465149, -9.422290414665152 ], [ -64.009458228465149, -9.422040415396095 ], [ -64.00970822794325, -9.422040415396093 ], [ -64.00970822794325, -9.422290414665145 ], [ -64.010208226899451, -9.422290414665149 ] ] ], [ [ [ -64.008958229508934, -9.421790416127049 ], [ -64.008958229508934, -9.421540416857994 ], [ -64.008458230552733, -9.421540416857999 ], [ -64.008458230552733, -9.421790416127049 ], [ -64.008958229508934, -9.421790416127049 ] ] ], [ [ [ -64.012708221680498, -9.42154041685799 ], [ -64.012708221680498, -9.421290417588951 ], [ -64.012208222724283, -9.421290417588949 ], [ -64.012208222724283, -9.421540416858001 ], [ -64.012708221680498, -9.42154041685799 ] ] ], [ [ [ -64.011958223246182, -9.42154041685799 ], [ -64.011958223246182, -9.42129041758894 ], [ -64.011708223768082, -9.421290417588942 ], [ -64.011708223768082, -9.421540416857987 ], [ -64.011958223246182, -9.42154041685799 ] ] ], [ [ [ -64.016958212808262, -9.421040418319889 ], [ -64.016958212808262, -9.420790419050849 ], [ -64.016708213330148, -9.420790419050837 ], [ -64.016708213330148, -9.421040418319894 ], [ -64.016958212808262, -9.421040418319889 ] ] ], [ [ [ -64.008958229508934, -9.421040418319894 ], [ -64.008958229508934, -9.420790419050846 ], [ -64.008708230030834, -9.420790419050837 ], [ -64.008708230030834, -9.421040418319894 ], [ -64.008958229508934, -9.421040418319894 ] ] ], [ [ [ -64.010708225855666, -9.42079041905084 ], [ -64.010708225855666, -9.42029042051275 ], [ -64.010208226899451, -9.420290420512746 ], [ -64.010208226899451, -9.420790419050835 ], [ -64.010708225855666, -9.42079041905084 ] ] ], [ [ [ -64.007208233162217, -9.420540419781792 ], [ -64.007208233162217, -9.419790421974637 ], [ -64.006708234206002, -9.419790421974639 ], [ -64.006708234206002, -9.420540419781794 ], [ -64.007208233162217, -9.420540419781792 ] ] ], [ [ [ -64.007708232118418, -9.419790421974639 ], [ -64.007708232118418, -9.420290420512737 ], [ -64.007958231596518, -9.420290420512741 ], [ -64.007958231596518, -9.419540422705598 ], [ -64.007708232118418, -9.419540422705589 ], [ -64.007708232118418, -9.419290423436545 ], [ -64.007208233162217, -9.419290423436541 ], [ -64.007208233162217, -9.419790421974637 ], [ -64.007708232118418, -9.419790421974639 ] ] ], [ [ [ -64.006208235249801, -9.419790421974637 ], [ -64.006208235249801, -9.419540422705589 ], [ -64.005958235771686, -9.419540422705586 ], [ -64.005958235771686, -9.419790421974644 ], [ -64.006208235249801, -9.419790421974637 ] ] ], [ [ [ -64.006958233684102, -9.419540422705593 ], [ -64.006958233684102, -9.419290423436536 ], [ -64.006458234727901, -9.419290423436539 ], [ -64.006458234727901, -9.419540422705586 ], [ -64.006958233684102, -9.419540422705593 ] ] ], [ [ [ -64.007958231596518, -9.419290423436545 ], [ -64.007958231596518, -9.419040424167484 ], [ -64.007708232118418, -9.419040424167493 ], [ -64.007708232118418, -9.419290423436545 ], [ -64.007958231596518, -9.419290423436545 ] ] ], [ [ [ -64.005958235771686, -9.419290423436536 ], [ -64.005958235771686, -9.419040424167493 ], [ -64.005708236293586, -9.419040424167493 ], [ -64.005708236293586, -9.419290423436541 ], [ -64.005958235771686, -9.419290423436536 ] ] ], [ [ [ -64.008708230030834, -9.419040424167482 ], [ -64.008708230030834, -9.418040427091285 ], [ -64.008458230552733, -9.418040427091288 ], [ -64.008458230552733, -9.419040424167486 ], [ -64.008708230030834, -9.419040424167482 ] ] ], [ [ [ -64.006208235249801, -9.418540425629386 ], [ -64.006208235249801, -9.41879042489844 ], [ -64.006958233684102, -9.418790424898436 ], [ -64.006958233684102, -9.418540425629388 ], [ -64.007208233162217, -9.41854042562939 ], [ -64.007208233162217, -9.418290426360329 ], [ -64.006458234727901, -9.418290426360326 ], [ -64.006458234727901, -9.418540425629386 ], [ -64.006208235249801, -9.418540425629386 ] ] ], [ [ [ -64.006708234206002, -9.41704043001508 ], [ -64.006708234206002, -9.417290429284131 ], [ -64.006458234727901, -9.417290429284128 ], [ -64.006458234727901, -9.417790427822228 ], [ -64.006708234206002, -9.417790427822244 ], [ -64.006708234206002, -9.418040427091286 ], [ -64.006958233684102, -9.418040427091288 ], [ -64.006958233684102, -9.417290429284138 ], [ -64.007208233162217, -9.417290429284124 ], [ -64.007208233162217, -9.417040430015074 ], [ -64.006708234206002, -9.41704043001508 ] ] ], [ [ [ -64.005958235771686, -9.417290429284128 ], [ -64.005958235771686, -9.416790430746033 ], [ -64.005708236293586, -9.416790430746028 ], [ -64.005708236293586, -9.417290429284128 ], [ -64.005958235771686, -9.417290429284128 ] ] ], [ [ [ -64.006208235249801, -9.416790430746021 ], [ -64.006208235249801, -9.416540431476975 ], [ -64.005958235771686, -9.416540431476976 ], [ -64.005958235771686, -9.416790430746033 ], [ -64.006208235249801, -9.416790430746021 ] ] ], [ [ [ -64.005458236815485, -9.41654043147698 ], [ -64.005458236815485, -9.416290432207928 ], [ -64.005208237337385, -9.41629043220793 ], [ -64.005208237337385, -9.416540431476978 ], [ -64.005458236815485, -9.41654043147698 ] ] ], [ [ [ -64.005958235771686, -9.41329044097931 ], [ -64.005458236815485, -9.413290440979312 ], [ -64.005458236815485, -9.413540440248369 ], [ -64.005708236293586, -9.413540440248365 ], [ -64.005708236293586, -9.413790439517413 ], [ -64.005958235771686, -9.413790439517422 ], [ -64.005958235771686, -9.413540440248362 ], [ -64.006458234727901, -9.413540440248372 ], [ -64.006458234727901, -9.413040441710265 ], [ -64.005958235771686, -9.413040441710269 ], [ -64.005958235771686, -9.41329044097931 ] ] ], [ [ [ -64.005458236815485, -9.413040441710265 ], [ -64.005208237337385, -9.413040441710264 ], [ -64.005208237337385, -9.413290440979324 ], [ -64.005458236815485, -9.413290440979312 ], [ -64.005458236815485, -9.413040441710265 ] ] ], [ [ [ -64.016458213852047, -9.315290727511385 ], [ -64.016458213852047, -9.314790728973287 ], [ -64.016208214373947, -9.314790728973293 ], [ -64.016208214373947, -9.315290727511387 ], [ -64.016458213852047, -9.315290727511385 ] ] ], [ [ [ -64.015708215417732, -9.308790746516062 ], [ -64.015708215417732, -9.309040745785122 ], [ -64.015208216461531, -9.309040745785117 ], [ -64.015208216461531, -9.309540744323224 ], [ -64.015458215939631, -9.309540744323217 ], [ -64.015458215939631, -9.309790743592259 ], [ -64.016208214373947, -9.30979074359227 ], [ -64.016208214373947, -9.309040745785117 ], [ -64.015958214895846, -9.309040745785117 ], [ -64.015958214895846, -9.30879074651606 ], [ -64.015708215417732, -9.308790746516062 ] ], [ [ -64.015708215417732, -9.309290745054167 ], [ -64.015958214895846, -9.30929074505417 ], [ -64.015958214895846, -9.309540744323222 ], [ -64.015708215417732, -9.309540744323225 ], [ -64.015708215417732, -9.309290745054167 ] ] ], [ [ [ -64.009208228987035, -9.305540756018406 ], [ -64.009208228987035, -9.305290756749354 ], [ -64.008958229508934, -9.305290756749351 ], [ -64.008958229508934, -9.305540756018408 ], [ -64.009208228987035, -9.305540756018406 ] ] ], [ [ [ -64.01470821750533, -9.304290759673153 ], [ -64.01470821750533, -9.304040760404103 ], [ -64.014458218027215, -9.304040760404098 ], [ -64.014458218027215, -9.304290759673151 ], [ -64.01470821750533, -9.304290759673153 ] ] ], [ [ [ -64.017208212286363, -9.303040763327889 ], [ -64.017208212286363, -9.302790764058853 ], [ -64.016958212808262, -9.302790764058853 ], [ -64.016958212808262, -9.303040763327887 ], [ -64.017208212286363, -9.303040763327889 ] ] ], [ [ [ -64.016208214373947, -9.302790764058853 ], [ -64.016208214373947, -9.303040763327905 ], [ -64.016458213852047, -9.303040763327902 ], [ -64.016458213852047, -9.302790764058852 ], [ -64.016958212808262, -9.302790764058853 ], [ -64.016958212808262, -9.302540764789788 ], [ -64.017208212286363, -9.302540764789804 ], [ -64.017208212286363, -9.3020407662517 ], [ -64.016958212808262, -9.30204076625169 ], [ -64.016958212808262, -9.301540767713599 ], [ -64.015958214895846, -9.301540767713592 ], [ -64.015958214895846, -9.30104076917549 ], [ -64.015708215417732, -9.301040769175486 ], [ -64.015708215417732, -9.300790769906436 ], [ -64.015208216461531, -9.300790769906438 ], [ -64.015208216461531, -9.300540770637383 ], [ -64.014458218027215, -9.300540770637385 ], [ -64.014458218027215, -9.299540773561192 ], [ -64.014208218549115, -9.299540773561187 ], [ -64.014208218549115, -9.29929077429213 ], [ -64.013208220636699, -9.299290774292134 ], [ -64.013208220636699, -9.300040772099281 ], [ -64.012958221158598, -9.30004077209929 ], [ -64.012958221158598, -9.300290771368349 ], [ -64.012208222724283, -9.300290771368338 ], [ -64.012208222724283, -9.299790772830232 ], [ -64.012708221680498, -9.29979077283023 ], [ -64.012708221680498, -9.299540773561187 ], [ -64.011958223246182, -9.299540773561176 ], [ -64.011958223246182, -9.299790772830244 ], [ -64.011708223768082, -9.299790772830237 ], [ -64.011708223768082, -9.299540773561176 ], [ -64.011208224811867, -9.299540773561196 ], [ -64.011208224811867, -9.299290774292142 ], [ -64.010958225333766, -9.299290774292134 ], [ -64.010958225333766, -9.299540773561194 ], [ -64.010458226377565, -9.299540773561185 ], [ -64.010458226377565, -9.299790772830232 ], [ -64.010958225333766, -9.299790772830233 ], [ -64.010958225333766, -9.300540770637379 ], [ -64.010708225855666, -9.300540770637392 ], [ -64.010708225855666, -9.300790769906435 ], [ -64.010458226377565, -9.300790769906444 ], [ -64.010458226377565, -9.301040769175488 ], [ -64.010708225855666, -9.301040769175499 ], [ -64.010708225855666, -9.30154076771359 ], [ -64.010208226899451, -9.301540767713593 ], [ -64.010208226899451, -9.301290768444536 ], [ -64.00970822794325, -9.301290768444535 ], [ -64.00970822794325, -9.301540767713597 ], [ -64.009458228465149, -9.301540767713586 ], [ -64.009458228465149, -9.301040769175483 ], [ -64.009208228987035, -9.301040769175501 ], [ -64.009208228987035, -9.300790769906433 ], [ -64.008958229508934, -9.300790769906435 ], [ -64.008958229508934, -9.300540770637392 ], [ -64.008708230030834, -9.30054077063739 ], [ -64.008708230030834, -9.300790769906449 ], [ -64.008458230552733, -9.30079076990644 ], [ -64.008458230552733, -9.301040769175493 ], [ -64.008958229508934, -9.301040769175492 ], [ -64.008958229508934, -9.301540767713588 ], [ -64.008708230030834, -9.301540767713588 ], [ -64.008708230030834, -9.301790766982643 ], [ -64.007958231596518, -9.301790766982647 ], [ -64.007958231596518, -9.3015407677136 ], [ -64.007708232118418, -9.301540767713602 ], [ -64.007708232118418, -9.301290768444538 ], [ -64.006958233684102, -9.301290768444533 ], [ -64.006958233684102, -9.301040769175497 ], [ -64.005958235771686, -9.301040769175486 ], [ -64.005958235771686, -9.301290768444533 ], [ -64.006208235249801, -9.301290768444547 ], [ -64.006208235249801, -9.301790766982636 ], [ -64.005958235771686, -9.301790766982638 ], [ -64.005958235771686, -9.301540767713595 ], [ -64.005458236815485, -9.301540767713599 ], [ -64.005458236815485, -9.301790766982647 ], [ -64.005208237337385, -9.301790766982649 ], [ -64.005208237337385, -9.301290768444543 ], [ -64.00470823838117, -9.30129076844454 ], [ -64.00470823838117, -9.30104076917549 ], [ -64.005208237337385, -9.301040769175488 ], [ -64.005208237337385, -9.300790769906449 ], [ -64.00470823838117, -9.30079076990644 ], [ -64.00470823838117, -9.300540770637388 ], [ -64.004208239424969, -9.300540770637385 ], [ -64.004208239424969, -9.301290768444533 ], [ -64.003958239946869, -9.301290768444542 ], [ -64.003958239946869, -9.301540767713599 ], [ -64.004208239424969, -9.30154076771359 ], [ -64.004208239424969, -9.302040766251704 ], [ -64.004458238903069, -9.30204076625169 ], [ -64.004458238903069, -9.303040763327903 ], [ -64.00470823838117, -9.303040763327902 ], [ -64.00470823838117, -9.302790764058845 ], [ -64.005958235771686, -9.302790764058841 ], [ -64.005958235771686, -9.302290765520743 ], [ -64.006208235249801, -9.302290765520738 ], [ -64.006208235249801, -9.30279076405885 ], [ -64.006708234206002, -9.302790764058846 ], [ -64.006708234206002, -9.303040763327902 ], [ -64.006958233684102, -9.303040763327891 ], [ -64.006958233684102, -9.303290762596946 ], [ -64.006708234206002, -9.303290762596959 ], [ -64.006708234206002, -9.303540761865996 ], [ -64.007208233162217, -9.303540761865994 ], [ -64.007208233162217, -9.303790761135048 ], [ -64.006958233684102, -9.303790761135044 ], [ -64.006958233684102, -9.305290756749358 ], [ -64.007458232640317, -9.305290756749363 ], [ -64.007458232640317, -9.305790755287463 ], [ -64.007708232118418, -9.305790755287466 ], [ -64.007708232118418, -9.305540756018409 ], [ -64.007958231596518, -9.305540756018411 ], [ -64.007958231596518, -9.305790755287454 ], [ -64.008458230552733, -9.305790755287452 ], [ -64.008458230552733, -9.305290756749352 ], [ -64.007958231596518, -9.305290756749356 ], [ -64.007958231596518, -9.304790758211263 ], [ -64.008458230552733, -9.304790758211258 ], [ -64.008458230552733, -9.305040757480297 ], [ -64.008708230030834, -9.305040757480299 ], [ -64.008708230030834, -9.304790758211258 ], [ -64.009458228465149, -9.304790758211258 ], [ -64.009458228465149, -9.305540756018411 ], [ -64.010208226899451, -9.3055407560184 ], [ -64.010208226899451, -9.305290756749361 ], [ -64.010458226377565, -9.305290756749361 ], [ -64.010458226377565, -9.305540756018409 ], [ -64.010708225855666, -9.305540756018409 ], [ -64.010708225855666, -9.306040754556509 ], [ -64.011458224289981, -9.30604075455652 ], [ -64.011458224289981, -9.306540753094607 ], [ -64.012458222202383, -9.306540753094611 ], [ -64.012458222202383, -9.306290753825555 ], [ -64.013208220636699, -9.306290753825561 ], [ -64.013208220636699, -9.306040754556516 ], [ -64.013458220114799, -9.306040754556509 ], [ -64.013458220114799, -9.305790755287459 ], [ -64.013708219592914, -9.30579075528745 ], [ -64.013708219592914, -9.305540756018404 ], [ -64.013458220114799, -9.305540756018409 ], [ -64.013458220114799, -9.305040757480311 ], [ -64.013708219592914, -9.305040757480308 ], [ -64.013708219592914, -9.304790758211254 ], [ -64.014208218549115, -9.304790758211263 ], [ -64.014208218549115, -9.304540758942196 ], [ -64.013958219071014, -9.304540758942197 ], [ -64.013958219071014, -9.304290759673151 ], [ -64.014208218549115, -9.304290759673144 ], [ -64.014208218549115, -9.303540761866007 ], [ -64.01470821750533, -9.303540761866005 ], [ -64.01470821750533, -9.303790761135053 ], [ -64.015458215939631, -9.303790761135042 ], [ -64.015458215939631, -9.303540761865998 ], [ -64.015708215417732, -9.303540761866 ], [ -64.015708215417732, -9.303040763327898 ], [ -64.015958214895846, -9.303040763327891 ], [ -64.015958214895846, -9.302790764058843 ], [ -64.016208214373947, -9.302790764058853 ] ], [ [ -64.011208224811867, -9.301540767713595 ], [ -64.011208224811867, -9.301790766982647 ], [ -64.011458224289981, -9.301790766982643 ], [ -64.011458224289981, -9.302040766251704 ], [ -64.011208224811867, -9.3020407662517 ], [ -64.011208224811867, -9.302790764058845 ], [ -64.010458226377565, -9.302790764058848 ], [ -64.010458226377565, -9.303040763327893 ], [ -64.010708225855666, -9.303040763327889 ], [ -64.010708225855666, -9.303290762596946 ], [ -64.010208226899451, -9.303290762596959 ], [ -64.010208226899451, -9.303040763327905 ], [ -64.00970822794325, -9.303040763327902 ], [ -64.00970822794325, -9.302290765520752 ], [ -64.010208226899451, -9.302290765520745 ], [ -64.010208226899451, -9.302040766251688 ], [ -64.010458226377565, -9.302040766251702 ], [ -64.010458226377565, -9.302290765520747 ], [ -64.010958225333766, -9.302290765520754 ], [ -64.010958225333766, -9.301790766982647 ], [ -64.010708225855666, -9.301790766982636 ], [ -64.010708225855666, -9.30154076771359 ], [ -64.011208224811867, -9.301540767713595 ] ], [ [ -64.006458234727901, -9.30179076698264 ], [ -64.006458234727901, -9.302040766251695 ], [ -64.006208235249801, -9.302040766251693 ], [ -64.006208235249801, -9.301790766982636 ], [ -64.006458234727901, -9.30179076698264 ] ], [ [ -64.004458238903069, -9.301790766982636 ], [ -64.00470823838117, -9.301790766982636 ], [ -64.00470823838117, -9.302040766251698 ], [ -64.004458238903069, -9.30204076625169 ], [ -64.004458238903069, -9.301790766982636 ] ], [ [ -64.005208237337385, -9.302040766251704 ], [ -64.005208237337385, -9.302290765520752 ], [ -64.00470823838117, -9.302290765520747 ], [ -64.00470823838117, -9.302040766251698 ], [ -64.005208237337385, -9.302040766251704 ] ], [ [ -64.007708232118418, -9.303790761135042 ], [ -64.007708232118418, -9.304290759673149 ], [ -64.007208233162217, -9.304290759673151 ], [ -64.007208233162217, -9.303790761135048 ], [ -64.007708232118418, -9.303790761135042 ] ], [ [ -64.010708225855666, -9.304790758211249 ], [ -64.011458224289981, -9.304790758211254 ], [ -64.011458224289981, -9.305290756749358 ], [ -64.011208224811867, -9.305290756749356 ], [ -64.011208224811867, -9.305540756018413 ], [ -64.010708225855666, -9.305540756018409 ], [ -64.010708225855666, -9.304790758211249 ] ], [ [ -64.013708219592914, -9.304290759673153 ], [ -64.013708219592914, -9.304040760404101 ], [ -64.013958219071014, -9.304040760404105 ], [ -64.013958219071014, -9.304290759673151 ], [ -64.013708219592914, -9.304290759673153 ] ], [ [ -64.014208218549115, -9.301040769175486 ], [ -64.013708219592914, -9.301040769175485 ], [ -64.013708219592914, -9.300790769906436 ], [ -64.014208218549115, -9.30079076990644 ], [ -64.014208218549115, -9.301040769175486 ] ], [ [ -64.013708219592914, -9.301290768444533 ], [ -64.013458220114799, -9.301290768444547 ], [ -64.013458220114799, -9.301540767713599 ], [ -64.013708219592914, -9.301540767713602 ], [ -64.013708219592914, -9.301790766982634 ], [ -64.014458218027215, -9.301790766982643 ], [ -64.014458218027215, -9.301290768444543 ], [ -64.01470821750533, -9.301290768444536 ], [ -64.01470821750533, -9.302790764058855 ], [ -64.014458218027215, -9.30279076405885 ], [ -64.014458218027215, -9.302290765520745 ], [ -64.013958219071014, -9.302290765520752 ], [ -64.013958219071014, -9.30204076625169 ], [ -64.013208220636699, -9.302040766251688 ], [ -64.013208220636699, -9.301790766982636 ], [ -64.012958221158598, -9.301790766982649 ], [ -64.012958221158598, -9.300790769906447 ], [ -64.013208220636699, -9.300790769906438 ], [ -64.013208220636699, -9.301040769175488 ], [ -64.013708219592914, -9.301040769175485 ], [ -64.013708219592914, -9.301290768444533 ] ], [ [ -64.012208222724283, -9.301790766982641 ], [ -64.012708221680498, -9.301790766982638 ], [ -64.012708221680498, -9.30204076625169 ], [ -64.012208222724283, -9.30204076625169 ], [ -64.012208222724283, -9.301790766982641 ] ], [ [ -64.007208233162217, -9.301790766982647 ], [ -64.007708232118418, -9.301790766982647 ], [ -64.007708232118418, -9.302040766251691 ], [ -64.007208233162217, -9.302040766251693 ], [ -64.007208233162217, -9.301790766982647 ] ], [ [ -64.008458230552733, -9.302290765520736 ], [ -64.008958229508934, -9.302290765520743 ], [ -64.008958229508934, -9.303290762596959 ], [ -64.008708230030834, -9.303290762596957 ], [ -64.008708230030834, -9.303040763327902 ], [ -64.008458230552733, -9.303040763327902 ], [ -64.008458230552733, -9.302290765520736 ] ], [ [ -64.007708232118418, -9.303540761866008 ], [ -64.007708232118418, -9.303290762596953 ], [ -64.007458232640317, -9.303290762596946 ], [ -64.007458232640317, -9.303040763327894 ], [ -64.007208233162217, -9.303040763327902 ], [ -64.007208233162217, -9.302790764058843 ], [ -64.007708232118418, -9.302790764058855 ], [ -64.007708232118418, -9.303040763327898 ], [ -64.007958231596518, -9.3030407633279 ], [ -64.007958231596518, -9.303540761866 ], [ -64.007708232118418, -9.303540761866008 ] ], [ [ -64.008208231074633, -9.303540761866 ], [ -64.008208231074633, -9.304290759673155 ], [ -64.007958231596518, -9.304290759673144 ], [ -64.007958231596518, -9.303540761866 ], [ -64.008208231074633, -9.303540761866 ] ], [ [ -64.008708230030834, -9.304290759673153 ], [ -64.008708230030834, -9.304540758942197 ], [ -64.008208231074633, -9.304540758942199 ], [ -64.008208231074633, -9.304290759673155 ], [ -64.008708230030834, -9.304290759673153 ] ], [ [ -64.013958219071014, -9.303040763327903 ], [ -64.014208218549115, -9.303040763327902 ], [ -64.014208218549115, -9.303290762596957 ], [ -64.013958219071014, -9.303290762596951 ], [ -64.013958219071014, -9.303040763327903 ] ], [ [ -64.011708223768082, -9.303040763327887 ], [ -64.011958223246182, -9.303040763327896 ], [ -64.011958223246182, -9.303290762596953 ], [ -64.011708223768082, -9.303290762596946 ], [ -64.011708223768082, -9.303040763327887 ] ] ], [ [ [ -64.008458230552733, -9.301290768444547 ], [ -64.008458230552733, -9.301040769175493 ], [ -64.008208231074633, -9.301040769175483 ], [ -64.008208231074633, -9.301290768444547 ], [ -64.008458230552733, -9.301290768444547 ] ] ], [ [ [ -64.007208233162217, -9.301040769175488 ], [ -64.007208233162217, -9.300790769906442 ], [ -64.006958233684102, -9.300790769906429 ], [ -64.006958233684102, -9.301040769175497 ], [ -64.007208233162217, -9.301040769175488 ] ] ], [ [ [ -64.007708232118418, -9.300790769906444 ], [ -64.007708232118418, -9.300540770637394 ], [ -64.007208233162217, -9.300540770637392 ], [ -64.007208233162217, -9.300790769906442 ], [ -64.007708232118418, -9.300790769906444 ] ] ], [ [ [ -64.006958233684102, -9.300790769906429 ], [ -64.006958233684102, -9.300540770637395 ], [ -64.006458234727901, -9.300540770637388 ], [ -64.006458234727901, -9.300790769906445 ], [ -64.006958233684102, -9.300790769906429 ] ] ], [ [ [ -64.005458236815485, -9.300790769906445 ], [ -64.005458236815485, -9.300540770637392 ], [ -64.005208237337385, -9.30054077063739 ], [ -64.005208237337385, -9.300790769906449 ], [ -64.005458236815485, -9.300790769906445 ] ] ], [ [ [ -64.010458226377565, -9.300540770637397 ], [ -64.010458226377565, -9.300290771368337 ], [ -64.00970822794325, -9.300290771368347 ], [ -64.00970822794325, -9.300540770637394 ], [ -64.010458226377565, -9.300540770637397 ] ] ], [ [ [ -64.009458228465149, -9.300790769906438 ], [ -64.009458228465149, -9.29979077283023 ], [ -64.009208228987035, -9.299790772830237 ], [ -64.009208228987035, -9.300790769906433 ], [ -64.009458228465149, -9.300790769906438 ] ] ], [ [ [ -64.010958225333766, -9.299290774292134 ], [ -64.010958225333766, -9.299040775023078 ], [ -64.010708225855666, -9.299040775023085 ], [ -64.010708225855666, -9.29929077429213 ], [ -64.010958225333766, -9.299290774292134 ] ] ], [ [ [ -64.009458228465149, -9.298790775754025 ], [ -64.011208224811867, -9.29879077575403 ], [ -64.011208224811867, -9.299040775023094 ], [ -64.011458224289981, -9.299040775023085 ], [ -64.011458224289981, -9.299290774292141 ], [ -64.011708223768082, -9.299290774292139 ], [ -64.011708223768082, -9.299540773561176 ], [ -64.011958223246182, -9.299540773561176 ], [ -64.011958223246182, -9.29879077575403 ], [ -64.011708223768082, -9.298790775754036 ], [ -64.011708223768082, -9.298540776484984 ], [ -64.011458224289981, -9.298540776484982 ], [ -64.011458224289981, -9.298290777215934 ], [ -64.011958223246182, -9.298290777215941 ], [ -64.011958223246182, -9.298540776484982 ], [ -64.012208222724283, -9.298540776484984 ], [ -64.012208222724283, -9.29829077721593 ], [ -64.012708221680498, -9.298290777215936 ], [ -64.012708221680498, -9.298040777946884 ], [ -64.012208222724283, -9.298040777946882 ], [ -64.012208222724283, -9.297790778677832 ], [ -64.011458224289981, -9.297790778677836 ], [ -64.011458224289981, -9.295540785256382 ], [ -64.011208224811867, -9.295540785256378 ], [ -64.011208224811867, -9.295790784525423 ], [ -64.010458226377565, -9.295790784525419 ], [ -64.010458226377565, -9.295540785256364 ], [ -64.00970822794325, -9.295540785256376 ], [ -64.00970822794325, -9.295790784525417 ], [ -64.009208228987035, -9.29579078452543 ], [ -64.009208228987035, -9.294790787449223 ], [ -64.008958229508934, -9.294790787449214 ], [ -64.008958229508934, -9.294540788180175 ], [ -64.008458230552733, -9.294540788180162 ], [ -64.008458230552733, -9.29479078744923 ], [ -64.008208231074633, -9.294790787449225 ], [ -64.008208231074633, -9.295290785987318 ], [ -64.008458230552733, -9.295290785987321 ], [ -64.008458230552733, -9.295540785256376 ], [ -64.008208231074633, -9.295540785256366 ], [ -64.008208231074633, -9.295790784525416 ], [ -64.007208233162217, -9.295790784525419 ], [ -64.007208233162217, -9.295540785256378 ], [ -64.007708232118418, -9.295540785256376 ], [ -64.007708232118418, -9.295290785987323 ], [ -64.007958231596518, -9.295290785987323 ], [ -64.007958231596518, -9.294790787449221 ], [ -64.007708232118418, -9.294790787449219 ], [ -64.007708232118418, -9.294290788911125 ], [ -64.006958233684102, -9.294290788911121 ], [ -64.006958233684102, -9.294540788180161 ], [ -64.006708234206002, -9.294540788180171 ], [ -64.006708234206002, -9.294790787449225 ], [ -64.006208235249801, -9.294790787449218 ], [ -64.006208235249801, -9.294540788180177 ], [ -64.005958235771686, -9.294540788180177 ], [ -64.005958235771686, -9.295290785987323 ], [ -64.005708236293586, -9.295290785987321 ], [ -64.005708236293586, -9.295540785256364 ], [ -64.005208237337385, -9.295540785256373 ], [ -64.005208237337385, -9.295290785987328 ], [ -64.00470823838117, -9.295290785987316 ], [ -64.00470823838117, -9.294790787449227 ], [ -64.003708240468754, -9.294790787449216 ], [ -64.003708240468754, -9.294540788180173 ], [ -64.003458240990653, -9.294540788180162 ], [ -64.003458240990653, -9.294290788911113 ], [ -64.002958242034452, -9.294290788911118 ], [ -64.002958242034452, -9.294540788180164 ], [ -64.002708242556338, -9.294540788180162 ], [ -64.002708242556338, -9.296540782332574 ], [ -64.002208243600137, -9.296540782332581 ], [ -64.002208243600137, -9.297040780870672 ], [ -64.001958244122036, -9.297040780870672 ], [ -64.001958244122036, -9.297790778677834 ], [ -64.002208243600137, -9.29779077867784 ], [ -64.002208243600137, -9.298040777946873 ], [ -64.002958242034452, -9.298040777946875 ], [ -64.002958242034452, -9.297790778677825 ], [ -64.003208241512553, -9.297790778677834 ], [ -64.003208241512553, -9.298290777215941 ], [ -64.002958242034452, -9.298290777215929 ], [ -64.002958242034452, -9.299290774292126 ], [ -64.003208241512553, -9.29929077429213 ], [ -64.003208241512553, -9.298790775754025 ], [ -64.003458240990653, -9.298790775754039 ], [ -64.003458240990653, -9.299040775023093 ], [ -64.004208239424969, -9.299040775023091 ], [ -64.004208239424969, -9.298540776484986 ], [ -64.003958239946869, -9.29854077648498 ], [ -64.003958239946869, -9.298040777946879 ], [ -64.003708240468754, -9.298040777946884 ], [ -64.003708240468754, -9.297790778677822 ], [ -64.003958239946869, -9.297790778677825 ], [ -64.003958239946869, -9.297040780870672 ], [ -64.00470823838117, -9.297040780870677 ], [ -64.00470823838117, -9.297290780139734 ], [ -64.004458238903069, -9.297290780139734 ], [ -64.004458238903069, -9.298040777946884 ], [ -64.00470823838117, -9.298040777946875 ], [ -64.00470823838117, -9.298790775754034 ], [ -64.005458236815485, -9.298790775754032 ], [ -64.005458236815485, -9.299290774292128 ], [ -64.005708236293586, -9.299290774292139 ], [ -64.005708236293586, -9.299790772830237 ], [ -64.006208235249801, -9.299790772830242 ], [ -64.006208235249801, -9.299040775023091 ], [ -64.006708234206002, -9.29904077502308 ], [ -64.006708234206002, -9.299290774292128 ], [ -64.006958233684102, -9.299290774292134 ], [ -64.006958233684102, -9.299540773561187 ], [ -64.008708230030834, -9.299540773561189 ], [ -64.008708230030834, -9.300290771368347 ], [ -64.008958229508934, -9.300290771368335 ], [ -64.008958229508934, -9.299540773561176 ], [ -64.009458228465149, -9.299540773561191 ], [ -64.009458228465149, -9.29979077283023 ], [ -64.00970822794325, -9.299790772830237 ], [ -64.00970822794325, -9.299290774292128 ], [ -64.009208228987035, -9.299290774292128 ], [ -64.009208228987035, -9.299040775023077 ], [ -64.008208231074633, -9.299040775023084 ], [ -64.008208231074633, -9.298790775754039 ], [ -64.007958231596518, -9.298790775754039 ], [ -64.007958231596518, -9.298290777215925 ], [ -64.008208231074633, -9.298290777215936 ], [ -64.008208231074633, -9.297790778677829 ], [ -64.007958231596518, -9.297790778677829 ], [ -64.007958231596518, -9.298040777946881 ], [ -64.007708232118418, -9.298040777946877 ], [ -64.007708232118418, -9.298290777215925 ], [ -64.006958233684102, -9.298290777215938 ], [ -64.006958233684102, -9.298040777946884 ], [ -64.006708234206002, -9.298040777946877 ], [ -64.006708234206002, -9.297290780139727 ], [ -64.006458234727901, -9.297290780139729 ], [ -64.006458234727901, -9.296290783063526 ], [ -64.007208233162217, -9.296290783063521 ], [ -64.007208233162217, -9.29604078379448 ], [ -64.007958231596518, -9.296040783794471 ], [ -64.007958231596518, -9.296290783063531 ], [ -64.008208231074633, -9.296290783063521 ], [ -64.008208231074633, -9.296540782332576 ], [ -64.007958231596518, -9.296540782332572 ], [ -64.007958231596518, -9.296790781601631 ], [ -64.008458230552733, -9.296790781601629 ], [ -64.008458230552733, -9.297040780870679 ], [ -64.008708230030834, -9.297040780870683 ], [ -64.008708230030834, -9.297290780139733 ], [ -64.008458230552733, -9.297290780139729 ], [ -64.008458230552733, -9.297790778677827 ], [ -64.008708230030834, -9.297790778677825 ], [ -64.008708230030834, -9.298040777946879 ], [ -64.008958229508934, -9.298040777946888 ], [ -64.008958229508934, -9.298290777215927 ], [ -64.009208228987035, -9.298290777215925 ], [ -64.009208228987035, -9.298540776484991 ], [ -64.009458228465149, -9.298540776484982 ], [ -64.009458228465149, -9.298790775754025 ] ], [ [ -64.00470823838117, -9.296790781601636 ], [ -64.005208237337385, -9.29679078160162 ], [ -64.005208237337385, -9.297040780870683 ], [ -64.00470823838117, -9.297040780870677 ], [ -64.00470823838117, -9.296790781601636 ] ], [ [ -64.005458236815485, -9.298540776484989 ], [ -64.005708236293586, -9.298540776484977 ], [ -64.005708236293586, -9.298790775754039 ], [ -64.005458236815485, -9.298790775754032 ], [ -64.005458236815485, -9.298540776484989 ] ], [ [ -64.005208237337385, -9.298540776484987 ], [ -64.005208237337385, -9.298290777215927 ], [ -64.005458236815485, -9.298290777215932 ], [ -64.005458236815485, -9.298540776484989 ], [ -64.005208237337385, -9.298540776484987 ] ], [ [ -64.005958235771686, -9.299040775023087 ], [ -64.005958235771686, -9.298790775754036 ], [ -64.006208235249801, -9.298790775754039 ], [ -64.006208235249801, -9.299040775023091 ], [ -64.005958235771686, -9.299040775023087 ] ], [ [ -64.008708230030834, -9.296790781601629 ], [ -64.008958229508934, -9.296790781601629 ], [ -64.008958229508934, -9.296540782332578 ], [ -64.009458228465149, -9.296540782332572 ], [ -64.009458228465149, -9.297290780139726 ], [ -64.010208226899451, -9.297290780139729 ], [ -64.010208226899451, -9.29804077794687 ], [ -64.00970822794325, -9.298040777946881 ], [ -64.00970822794325, -9.297790778677838 ], [ -64.009208228987035, -9.297790778677825 ], [ -64.009208228987035, -9.297290780139733 ], [ -64.008958229508934, -9.297290780139729 ], [ -64.008958229508934, -9.297040780870677 ], [ -64.008708230030834, -9.297040780870683 ], [ -64.008708230030834, -9.296790781601629 ] ], [ [ -64.004208239424969, -9.29554078525638 ], [ -64.004458238903069, -9.295540785256362 ], [ -64.004458238903069, -9.295790784525424 ], [ -64.004208239424969, -9.295790784525432 ], [ -64.004208239424969, -9.29554078525638 ] ], [ [ -64.004208239424969, -9.296290783063531 ], [ -64.004458238903069, -9.296290783063522 ], [ -64.004458238903069, -9.29679078160162 ], [ -64.004208239424969, -9.29679078160162 ], [ -64.004208239424969, -9.296290783063531 ] ], [ [ -64.010708225855666, -9.296540782332576 ], [ -64.010958225333766, -9.296540782332572 ], [ -64.010958225333766, -9.296790781601633 ], [ -64.010708225855666, -9.296790781601626 ], [ -64.010708225855666, -9.296540782332576 ] ] ], [ [ [ -64.012708221680498, -9.296290783063531 ], [ -64.012708221680498, -9.295540785256376 ], [ -64.012208222724283, -9.295540785256366 ], [ -64.012208222724283, -9.295790784525432 ], [ -64.011958223246182, -9.295790784525426 ], [ -64.011958223246182, -9.296790781601631 ], [ -64.011708223768082, -9.296790781601629 ], [ -64.011708223768082, -9.297540779408774 ], [ -64.012708221680498, -9.297540779408784 ], [ -64.012708221680498, -9.297290780139736 ], [ -64.012458222202383, -9.297290780139727 ], [ -64.012458222202383, -9.296290783063531 ], [ -64.012708221680498, -9.296290783063531 ] ] ], [ [ [ -64.011708223768082, -9.295290785987326 ], [ -64.011708223768082, -9.294790787449223 ], [ -64.011208224811867, -9.294790787449221 ], [ -64.011208224811867, -9.295290785987319 ], [ -64.011708223768082, -9.295290785987326 ] ] ], [ [ [ -64.010458226377565, -9.294790787449223 ], [ -64.010458226377565, -9.295040786718271 ], [ -64.010958225333766, -9.295040786718276 ], [ -64.010958225333766, -9.294790787449216 ], [ -64.010708225855666, -9.294790787449225 ], [ -64.010708225855666, -9.294540788180161 ], [ -64.010208226899451, -9.294540788180171 ], [ -64.010208226899451, -9.294790787449218 ], [ -64.010458226377565, -9.294790787449223 ] ] ], [ [ [ -64.012708221680498, -9.29404078964207 ], [ -64.012708221680498, -9.294540788180171 ], [ -64.012208222724283, -9.294540788180177 ], [ -64.012208222724283, -9.294790787449218 ], [ -64.011958223246182, -9.294790787449219 ], [ -64.011958223246182, -9.295290785987325 ], [ -64.012708221680498, -9.295290785987332 ], [ -64.012708221680498, -9.294790787449227 ], [ -64.012958221158598, -9.294790787449227 ], [ -64.012958221158598, -9.294040789642072 ], [ -64.012708221680498, -9.29404078964207 ] ] ], [ [ [ -64.00970822794325, -9.294790787449219 ], [ -64.00970822794325, -9.294540788180162 ], [ -64.009458228465149, -9.294540788180164 ], [ -64.009458228465149, -9.294790787449219 ], [ -64.00970822794325, -9.294790787449219 ] ] ], [ [ [ -64.011958223246182, -9.294540788180168 ], [ -64.011958223246182, -9.293790790373022 ], [ -64.011208224811867, -9.293790790373011 ], [ -64.011208224811867, -9.29454078818017 ], [ -64.011958223246182, -9.294540788180168 ] ] ], [ [ [ -64.009208228987035, -9.294290788911116 ], [ -64.009208228987035, -9.294040789642075 ], [ -64.008708230030834, -9.294040789642064 ], [ -64.008708230030834, -9.294290788911113 ], [ -64.009208228987035, -9.294290788911116 ] ] ], [ [ [ -64.006958233684102, -9.294290788911121 ], [ -64.006958233684102, -9.29379079037302 ], [ -64.005708236293586, -9.293790790373022 ], [ -64.005708236293586, -9.294040789642075 ], [ -64.005958235771686, -9.294040789642064 ], [ -64.005958235771686, -9.294290788911121 ], [ -64.006958233684102, -9.294290788911121 ] ] ], [ [ [ -64.013208220636699, -9.293790790373009 ], [ -64.013208220636699, -9.293540791103966 ], [ -64.012958221158598, -9.293540791103961 ], [ -64.012958221158598, -9.293790790373013 ], [ -64.013208220636699, -9.293790790373009 ] ] ], [ [ [ -64.012708221680498, -9.293790790373022 ], [ -64.012708221680498, -9.293540791103959 ], [ -64.012208222724283, -9.293540791103965 ], [ -64.012208222724283, -9.293790790373023 ], [ -64.012708221680498, -9.293790790373022 ] ] ], [ [ [ -64.008458230552733, -9.29379079037302 ], [ -64.008458230552733, -9.293540791103959 ], [ -64.008208231074633, -9.293540791103974 ], [ -64.008208231074633, -9.293790790373007 ], [ -64.008458230552733, -9.29379079037302 ] ] ], [ [ [ -64.008958229508934, -9.293540791103968 ], [ -64.008958229508934, -9.293290791834911 ], [ -64.008708230030834, -9.293290791834908 ], [ -64.008708230030834, -9.293540791103966 ], [ -64.008958229508934, -9.293540791103968 ] ] ], [ [ [ -64.013208220636699, -9.293290791834911 ], [ -64.013208220636699, -9.293040792565861 ], [ -64.012958221158598, -9.293040792565863 ], [ -64.012958221158598, -9.293290791834908 ], [ -64.013208220636699, -9.293290791834911 ] ] ], [ [ [ -64.013708219592914, -9.293040792565867 ], [ -64.013708219592914, -9.292790793296808 ], [ -64.013458220114799, -9.29279079329681 ], [ -64.013458220114799, -9.293290791834909 ], [ -64.014208218549115, -9.293290791834917 ], [ -64.014208218549115, -9.293040792565856 ], [ -64.013708219592914, -9.293040792565867 ] ] ], [ [ [ -64.00470823838117, -9.293540791103966 ], [ -64.00470823838117, -9.293290791834918 ], [ -64.005708236293586, -9.293290791834924 ], [ -64.005708236293586, -9.293040792565858 ], [ -64.005958235771686, -9.293040792565858 ], [ -64.005958235771686, -9.292290794758706 ], [ -64.005208237337385, -9.292290794758705 ], [ -64.005208237337385, -9.292790793296822 ], [ -64.00470823838117, -9.292790793296815 ], [ -64.00470823838117, -9.293040792565861 ], [ -64.004458238903069, -9.293040792565867 ], [ -64.004458238903069, -9.293290791834918 ], [ -64.004208239424969, -9.293290791834913 ], [ -64.004208239424969, -9.293790790373015 ], [ -64.004458238903069, -9.293790790373007 ], [ -64.004458238903069, -9.29354079110397 ], [ -64.00470823838117, -9.293540791103966 ] ] ], [ [ [ -64.011958223246182, -9.292790793296822 ], [ -64.011958223246182, -9.293040792565867 ], [ -64.012708221680498, -9.293040792565867 ], [ -64.012708221680498, -9.292790793296813 ], [ -64.012208222724283, -9.292790793296815 ], [ -64.012208222724283, -9.292290794758721 ], [ -64.011708223768082, -9.292290794758719 ], [ -64.011708223768082, -9.29279079329681 ], [ -64.011958223246182, -9.292790793296822 ] ] ], [ [ [ -64.010458226377565, -9.292290794758717 ], [ -64.010208226899451, -9.29229079475871 ], [ -64.010208226899451, -9.29279079329682 ], [ -64.010458226377565, -9.292790793296817 ], [ -64.010458226377565, -9.292290794758717 ] ] ], [ [ [ -64.007458232640317, -9.293290791834913 ], [ -64.007708232118418, -9.293290791834922 ], [ -64.007708232118418, -9.293040792565868 ], [ -64.008208231074633, -9.29304079256586 ], [ -64.008208231074633, -9.292790793296813 ], [ -64.008458230552733, -9.29279079329681 ], [ -64.008458230552733, -9.29254079402776 ], [ -64.008708230030834, -9.29254079402776 ], [ -64.008708230030834, -9.291540796951558 ], [ -64.008208231074633, -9.291540796951555 ], [ -64.008208231074633, -9.291790796220605 ], [ -64.007708232118418, -9.291790796220617 ], [ -64.007708232118418, -9.291540796951562 ], [ -64.007208233162217, -9.29154079695156 ], [ -64.007208233162217, -9.292040795489669 ], [ -64.006958233684102, -9.292040795489669 ], [ -64.006958233684102, -9.29254079402776 ], [ -64.007208233162217, -9.292540794027769 ], [ -64.007208233162217, -9.292790793296806 ], [ -64.007458232640317, -9.292790793296817 ], [ -64.007458232640317, -9.293290791834913 ] ] ], [ [ [ -64.006208235249801, -9.29204079548966 ], [ -64.006208235249801, -9.291790796220605 ], [ -64.005958235771686, -9.291790796220612 ], [ -64.005958235771686, -9.292040795489665 ], [ -64.006208235249801, -9.29204079548966 ] ] ], [ [ [ -64.009458228465149, -9.291540796951558 ], [ -64.009458228465149, -9.291290797682509 ], [ -64.00970822794325, -9.291290797682507 ], [ -64.00970822794325, -9.290790799144412 ], [ -64.009458228465149, -9.290790799144414 ], [ -64.009458228465149, -9.290540799875355 ], [ -64.009208228987035, -9.290540799875354 ], [ -64.009208228987035, -9.291540796951555 ], [ -64.009458228465149, -9.291540796951558 ] ] ], [ [ [ -64.006208235249801, -9.28854080572294 ], [ -64.006208235249801, -9.288290806453899 ], [ -64.005708236293586, -9.288290806453904 ], [ -64.005708236293586, -9.288790804991999 ], [ -64.005958235771686, -9.288790804992004 ], [ -64.005958235771686, -9.288540805722954 ], [ -64.006208235249801, -9.28854080572294 ] ] ], [ [ [ -64.005708236293586, -9.288290806453904 ], [ -64.005708236293586, -9.288040807184842 ], [ -64.005458236815485, -9.288040807184849 ], [ -64.005458236815485, -9.288290806453903 ], [ -64.005708236293586, -9.288290806453904 ] ] ], [ [ [ -64.006708234206002, -9.287290809377692 ], [ -64.006708234206002, -9.286790810839587 ], [ -64.006208235249801, -9.286790810839593 ], [ -64.006208235249801, -9.287290809377705 ], [ -64.006708234206002, -9.287290809377692 ] ] ], [ [ [ -64.005708236293586, -9.286790810839598 ], [ -64.005708236293586, -9.286290812301495 ], [ -64.005458236815485, -9.286290812301486 ], [ -64.005458236815485, -9.28654081157055 ], [ -64.005208237337385, -9.286540811570537 ], [ -64.005208237337385, -9.287040810108651 ], [ -64.004958237859285, -9.287040810108646 ], [ -64.004958237859285, -9.287540808646749 ], [ -64.005708236293586, -9.287540808646751 ], [ -64.005708236293586, -9.287040810108639 ], [ -64.005958235771686, -9.287040810108637 ], [ -64.005958235771686, -9.286790810839598 ], [ -64.005708236293586, -9.286790810839598 ] ] ], [ [ [ -64.005958235771686, -9.286290812301491 ], [ -64.005958235771686, -9.286040813032445 ], [ -64.005708236293586, -9.286040813032436 ], [ -64.005708236293586, -9.286290812301495 ], [ -64.005958235771686, -9.286290812301491 ] ] ], [ [ [ -64.005458236815485, -9.285290815225284 ], [ -64.005458236815485, -9.284790816687192 ], [ -64.00470823838117, -9.284790816687185 ], [ -64.00470823838117, -9.28579081376339 ], [ -64.005208237337385, -9.285790813763393 ], [ -64.005208237337385, -9.285290815225284 ], [ -64.005458236815485, -9.285290815225284 ] ] ], [ [ [ -64.006958233684102, -9.285290815225281 ], [ -64.006958233684102, -9.285040815956231 ], [ -64.006708234206002, -9.28504081595624 ], [ -64.006708234206002, -9.285290815225293 ], [ -64.006958233684102, -9.285290815225281 ] ] ], [ [ [ -64.006958233684102, -9.284540817418142 ], [ -64.006958233684102, -9.28429081814909 ], [ -64.006708234206002, -9.284290818149081 ], [ -64.006708234206002, -9.284540817418133 ], [ -64.006958233684102, -9.284540817418142 ] ] ], [ [ [ -64.006458234727901, -9.284540817418128 ], [ -64.006458234727901, -9.283790819610973 ], [ -64.006208235249801, -9.28379081961098 ], [ -64.006208235249801, -9.28404081888003 ], [ -64.005958235771686, -9.28404081888004 ], [ -64.005958235771686, -9.284540817418129 ], [ -64.006458234727901, -9.284540817418128 ] ] ], [ [ [ -64.007958231596518, -9.284540817418144 ], [ -64.007958231596518, -9.284790816687185 ], [ -64.008208231074633, -9.284790816687186 ], [ -64.008208231074633, -9.284540817418137 ], [ -64.008458230552733, -9.284540817418133 ], [ -64.008458230552733, -9.284290818149081 ], [ -64.008708230030834, -9.28429081814908 ], [ -64.008708230030834, -9.284040818880031 ], [ -64.008958229508934, -9.28404081888004 ], [ -64.008958229508934, -9.283540820341935 ], [ -64.009208228987035, -9.283540820341941 ], [ -64.009208228987035, -9.282540823265723 ], [ -64.008708230030834, -9.282540823265736 ], [ -64.008708230030834, -9.282790822534777 ], [ -64.008458230552733, -9.282790822534785 ], [ -64.008458230552733, -9.282540823265723 ], [ -64.008208231074633, -9.282540823265734 ], [ -64.008208231074633, -9.283290821072875 ], [ -64.007708232118418, -9.283290821072878 ], [ -64.007708232118418, -9.28354082034193 ], [ -64.007458232640317, -9.283540820341937 ], [ -64.007458232640317, -9.283790819610973 ], [ -64.007708232118418, -9.283790819610987 ], [ -64.007708232118418, -9.28454081741814 ], [ -64.007958231596518, -9.284540817418144 ] ], [ [ -64.008958229508934, -9.282790822534775 ], [ -64.008958229508934, -9.283040821803841 ], [ -64.008708230030834, -9.283040821803832 ], [ -64.008708230030834, -9.282790822534777 ], [ -64.008958229508934, -9.282790822534775 ] ] ], [ [ [ -64.011958223246182, -9.281290826920481 ], [ -64.011958223246182, -9.281540826189522 ], [ -64.011708223768082, -9.281540826189525 ], [ -64.011708223768082, -9.282040824727627 ], [ -64.012708221680498, -9.282040824727622 ], [ -64.012708221680498, -9.281790825458572 ], [ -64.012208222724283, -9.281790825458572 ], [ -64.012208222724283, -9.281540826189522 ], [ -64.012708221680498, -9.281540826189527 ], [ -64.012708221680498, -9.281290826920474 ], [ -64.011958223246182, -9.281290826920481 ] ] ], [ [ [ -64.011208224811867, -9.28154082618952 ], [ -64.011208224811867, -9.28129082692047 ], [ -64.010958225333766, -9.281290826920479 ], [ -64.010958225333766, -9.281540826189525 ], [ -64.011208224811867, -9.28154082618952 ] ] ], [ [ [ -64.011708223768082, -9.281290826920477 ], [ -64.011708223768082, -9.28079082838237 ], [ -64.011458224289981, -9.28079082838237 ], [ -64.011458224289981, -9.281040827651422 ], [ -64.011208224811867, -9.281040827651424 ], [ -64.011208224811867, -9.28129082692047 ], [ -64.011708223768082, -9.281290826920477 ] ] ], [ [ [ -64.005208237337385, -9.276040842270415 ], [ -64.005208237337385, -9.275790843001358 ], [ -64.00470823838117, -9.275790843001348 ], [ -64.00470823838117, -9.27604084227041 ], [ -64.005208237337385, -9.276040842270415 ] ] ], [ [ [ -64.013208220636699, -9.275540843732307 ], [ -64.013208220636699, -9.27529084446326 ], [ -64.012958221158598, -9.27529084446325 ], [ -64.012958221158598, -9.275540843732308 ], [ -64.013208220636699, -9.275540843732307 ] ] ], [ [ [ -64.013458220114799, -9.27379084884895 ], [ -64.013458220114799, -9.273540849579895 ], [ -64.012958221158598, -9.273540849579902 ], [ -64.012958221158598, -9.273790848848959 ], [ -64.013208220636699, -9.273790848848947 ], [ -64.013208220636699, -9.274040848117997 ], [ -64.012958221158598, -9.274040848118007 ], [ -64.012958221158598, -9.27429084738705 ], [ -64.012708221680498, -9.274290847387061 ], [ -64.012708221680498, -9.274790845925148 ], [ -64.013208220636699, -9.274790845925159 ], [ -64.013208220636699, -9.27529084446326 ], [ -64.014208218549115, -9.275290844463246 ], [ -64.014208218549115, -9.274540846656098 ], [ -64.013958219071014, -9.274540846656095 ], [ -64.013958219071014, -9.274040848118 ], [ -64.013708219592914, -9.274040848118002 ], [ -64.013708219592914, -9.273790848848948 ], [ -64.013458220114799, -9.27379084884895 ] ], [ [ -64.013208220636699, -9.274290847387057 ], [ -64.013208220636699, -9.274540846656112 ], [ -64.012958221158598, -9.274540846656103 ], [ -64.012958221158598, -9.27429084738705 ], [ -64.013208220636699, -9.274290847387057 ] ] ], [ [ [ -64.013958219071014, -9.273290850310854 ], [ -64.013958219071014, -9.273040851041792 ], [ -64.013708219592914, -9.273040851041793 ], [ -64.013708219592914, -9.273290850310852 ], [ -64.013958219071014, -9.273290850310854 ] ] ], [ [ [ -64.005458236815485, -9.232540969455558 ], [ -64.005458236815485, -9.232790968724608 ], [ -64.005708236293586, -9.232790968724617 ], [ -64.005708236293586, -9.232540969455556 ], [ -64.005958235771686, -9.23254096945556 ], [ -64.005958235771686, -9.232290970186513 ], [ -64.005208237337385, -9.232290970186511 ], [ -64.005208237337385, -9.232540969455563 ], [ -64.005458236815485, -9.232540969455558 ] ] ], [ [ [ -64.006458234727901, -9.232540969455558 ], [ -64.006458234727901, -9.23229097018651 ], [ -64.006208235249801, -9.232290970186506 ], [ -64.006208235249801, -9.232540969455558 ], [ -64.006458234727901, -9.232540969455558 ] ] ], [ [ [ -64.00995822742135, -9.224540992845933 ], [ -64.00995822742135, -9.224290993576892 ], [ -64.009458228465149, -9.22429099357689 ], [ -64.009458228465149, -9.224540992845929 ], [ -64.00995822742135, -9.224540992845933 ] ] ], [ [ [ -63.99845825142858, -9.436040374462936 ], [ -63.99845825142858, -9.435790375193889 ], [ -63.99820825195048, -9.435790375193889 ], [ -63.99820825195048, -9.436040374462939 ], [ -63.99845825142858, -9.436040374462936 ] ] ], [ [ [ -64.005458236815485, -9.434790378117681 ], [ -64.005458236815485, -9.43454037884864 ], [ -64.005208237337385, -9.434540378848636 ], [ -64.005208237337385, -9.434790378117684 ], [ -64.005458236815485, -9.434790378117681 ] ] ], [ [ [ -64.005208237337385, -9.433540381772433 ], [ -64.005208237337385, -9.433290382503385 ], [ -64.00470823838117, -9.433290382503392 ], [ -64.00470823838117, -9.433540381772431 ], [ -64.005208237337385, -9.433540381772433 ] ] ], [ [ [ -64.005458236815485, -9.427790398584262 ], [ -64.005458236815485, -9.427290400046166 ], [ -64.005208237337385, -9.427290400046161 ], [ -64.005208237337385, -9.427790398584262 ], [ -64.005458236815485, -9.427790398584262 ] ] ], [ [ [ -64.00470823838117, -9.426790401508059 ], [ -64.00470823838117, -9.426540402239013 ], [ -64.004458238903069, -9.426540402239018 ], [ -64.004458238903069, -9.426790401508065 ], [ -64.00470823838117, -9.426790401508059 ] ] ], [ [ [ -64.004208239424969, -9.426790401508065 ], [ -64.004208239424969, -9.426540402239009 ], [ -64.003958239946869, -9.426540402239018 ], [ -64.003958239946869, -9.426790401508063 ], [ -64.004208239424969, -9.426790401508065 ] ] ], [ [ [ -64.003708240468754, -9.424790407355657 ], [ -64.003708240468754, -9.424290408817546 ], [ -64.003458240990653, -9.424290408817544 ], [ -64.003458240990653, -9.424790407355649 ], [ -64.003708240468754, -9.424790407355657 ] ] ], [ [ [ -64.003458240990653, -9.424040409548512 ], [ -64.003458240990653, -9.423290411741355 ], [ -64.002958242034452, -9.423290411741348 ], [ -64.002958242034452, -9.423540411010396 ], [ -64.001958244122036, -9.4235404110104 ], [ -64.001958244122036, -9.423790410279445 ], [ -64.001708244643936, -9.423790410279448 ], [ -64.001708244643936, -9.424040409548509 ], [ -64.002208243600137, -9.424040409548502 ], [ -64.002208243600137, -9.423790410279461 ], [ -64.003208241512553, -9.423790410279457 ], [ -64.003208241512553, -9.424040409548512 ], [ -64.003458240990653, -9.424040409548512 ] ] ], [ [ [ -64.002208243600137, -9.423290411741352 ], [ -64.002208243600137, -9.423040412472293 ], [ -64.001708244643936, -9.423040412472295 ], [ -64.001708244643936, -9.423540411010407 ], [ -64.001958244122036, -9.4235404110104 ], [ -64.001958244122036, -9.423290411741348 ], [ -64.002208243600137, -9.423290411741352 ] ] ], [ [ [ -64.001958244122036, -9.422040415396093 ], [ -64.001708244643936, -9.422040415396092 ], [ -64.001708244643936, -9.422290414665147 ], [ -64.001958244122036, -9.422290414665149 ], [ -64.001958244122036, -9.422040415396093 ] ] ], [ [ [ -64.002208243600137, -9.420290420512739 ], [ -64.002708242556338, -9.420290420512739 ], [ -64.002708242556338, -9.419790421974637 ], [ -64.002208243600137, -9.419790421974644 ], [ -64.002208243600137, -9.419540422705596 ], [ -64.001958244122036, -9.419540422705591 ], [ -64.001958244122036, -9.420540419781789 ], [ -64.002208243600137, -9.420540419781796 ], [ -64.002208243600137, -9.420290420512739 ] ] ], [ [ [ -64.001708244643936, -9.420290420512739 ], [ -64.001708244643936, -9.419540422705582 ], [ -64.001458245165821, -9.419540422705582 ], [ -64.001458245165821, -9.419790421974632 ], [ -64.001208245687721, -9.419790421974639 ], [ -64.001208245687721, -9.420290420512742 ], [ -64.001708244643936, -9.420290420512739 ] ] ], [ [ [ -64.003458240990653, -9.419290423436532 ], [ -64.003458240990653, -9.419040424167497 ], [ -64.003208241512553, -9.419040424167498 ], [ -64.003208241512553, -9.419290423436543 ], [ -64.003458240990653, -9.419290423436532 ] ] ], [ [ [ -64.005458236815485, -9.418790424898441 ], [ -64.005458236815485, -9.418540425629393 ], [ -64.00470823838117, -9.418540425629393 ], [ -64.00470823838117, -9.418790424898429 ], [ -64.005458236815485, -9.418790424898441 ] ] ], [ [ [ -64.00470823838117, -9.418040427091277 ], [ -64.00470823838117, -9.417790427822229 ], [ -64.004208239424969, -9.417790427822231 ], [ -64.004208239424969, -9.41804042709129 ], [ -64.00470823838117, -9.418040427091277 ] ] ], [ [ [ -64.00070824673152, -9.418040427091277 ], [ -64.00070824673152, -9.417790427822236 ], [ -64.000458247253405, -9.417790427822233 ], [ -64.000458247253405, -9.418040427091286 ], [ -64.00070824673152, -9.418040427091277 ] ] ], [ [ [ -64.003958239946869, -9.41779042782224 ], [ -64.003958239946869, -9.417290429284137 ], [ -64.003708240468754, -9.417290429284133 ], [ -64.003708240468754, -9.417790427822244 ], [ -64.003958239946869, -9.41779042782224 ] ] ], [ [ [ -64.00095824620962, -9.417790427822236 ], [ -64.00095824620962, -9.417290429284137 ], [ -64.00070824673152, -9.417290429284128 ], [ -64.00070824673152, -9.417790427822236 ], [ -64.00095824620962, -9.417790427822236 ] ] ], [ [ [ -63.999708248819097, -9.416040432938871 ], [ -63.999708248819097, -9.416540431476975 ], [ -63.999458249340989, -9.416540431476982 ], [ -63.999458249340989, -9.416790430746024 ], [ -64.000208247775305, -9.41679043074603 ], [ -64.000208247775305, -9.417040430015074 ], [ -64.000458247253405, -9.417040430015087 ], [ -64.000458247253405, -9.416540431476982 ], [ -64.000208247775305, -9.416540431476975 ], [ -64.000208247775305, -9.416040432938871 ], [ -63.999708248819097, -9.416040432938871 ] ] ], [ [ [ -64.004208239424969, -9.415790433669828 ], [ -64.004208239424969, -9.415290435131727 ], [ -64.003958239946869, -9.415290435131732 ], [ -64.003958239946869, -9.41579043366983 ], [ -64.004208239424969, -9.415790433669828 ] ] ], [ [ [ -64.003458240990653, -9.416290432207925 ], [ -64.003458240990653, -9.416040432938882 ], [ -64.003958239946869, -9.416040432938876 ], [ -64.003958239946869, -9.41579043366983 ], [ -64.003458240990653, -9.415790433669819 ], [ -64.003458240990653, -9.415540434400782 ], [ -64.003708240468754, -9.415540434400771 ], [ -64.003708240468754, -9.414790436593622 ], [ -64.003458240990653, -9.414790436593622 ], [ -64.003458240990653, -9.414540437324568 ], [ -64.002958242034452, -9.414540437324575 ], [ -64.002958242034452, -9.414790436593627 ], [ -64.002708242556338, -9.414790436593618 ], [ -64.002708242556338, -9.415790433669823 ], [ -64.001958244122036, -9.415790433669819 ], [ -64.001958244122036, -9.416290432207932 ], [ -64.002958242034452, -9.416290432207928 ], [ -64.002958242034452, -9.416040432938873 ], [ -64.003208241512553, -9.416040432938882 ], [ -64.003208241512553, -9.416290432207933 ], [ -64.003458240990653, -9.416290432207925 ] ], [ [ -64.002958242034452, -9.415540434400771 ], [ -64.003208241512553, -9.415540434400775 ], [ -64.003208241512553, -9.415790433669825 ], [ -64.002958242034452, -9.415790433669825 ], [ -64.002958242034452, -9.415540434400771 ] ] ], [ [ [ -64.002708242556338, -9.414790436593618 ], [ -64.002708242556338, -9.414290438055518 ], [ -64.002208243600137, -9.414290438055525 ], [ -64.002208243600137, -9.414540437324581 ], [ -64.001958244122036, -9.414540437324572 ], [ -64.001958244122036, -9.41479043659362 ], [ -64.001708244643936, -9.414790436593616 ], [ -64.001708244643936, -9.415790433669832 ], [ -64.001958244122036, -9.415790433669819 ], [ -64.001958244122036, -9.415540434400771 ], [ -64.002208243600137, -9.415540434400775 ], [ -64.002208243600137, -9.414790436593622 ], [ -64.002708242556338, -9.414790436593618 ] ] ], [ [ [ -64.00470823838117, -9.41529043513173 ], [ -64.00470823838117, -9.414540437324572 ], [ -64.004458238903069, -9.414540437324568 ], [ -64.004458238903069, -9.414790436593615 ], [ -64.004208239424969, -9.414790436593627 ], [ -64.004208239424969, -9.415290435131727 ], [ -64.00470823838117, -9.41529043513173 ] ] ], [ [ [ -64.004208239424969, -9.414790436593627 ], [ -64.004208239424969, -9.414540437324565 ], [ -64.003958239946869, -9.414540437324565 ], [ -64.003958239946869, -9.414790436593618 ], [ -64.004208239424969, -9.414790436593627 ] ] ], [ [ [ -64.001208245687721, -9.414290438055522 ], [ -64.001208245687721, -9.414040438786467 ], [ -64.00095824620962, -9.414040438786477 ], [ -64.00095824620962, -9.414290438055515 ], [ -64.001208245687721, -9.414290438055522 ] ] ], [ [ [ -64.003708240468754, -9.412040444634057 ], [ -64.003708240468754, -9.411790445365009 ], [ -64.003458240990653, -9.411790445365011 ], [ -64.003458240990653, -9.412040444634071 ], [ -64.003708240468754, -9.412040444634057 ] ] ], [ [ [ -64.001208245687721, -9.411290446826913 ], [ -64.00095824620962, -9.411290446826913 ], [ -64.00095824620962, -9.411540446095962 ], [ -64.001208245687721, -9.411540446095962 ], [ -64.001208245687721, -9.411290446826913 ] ] ], [ [ [ -63.998958250384796, -9.408790454136399 ], [ -63.998708250906688, -9.408790454136406 ], [ -63.998708250906688, -9.409040453405451 ], [ -63.998958250384796, -9.409040453405463 ], [ -63.998958250384796, -9.408790454136399 ] ] ], [ [ [ -64.004458238903069, -9.303290762596946 ], [ -64.004458238903069, -9.303040763327903 ], [ -64.004208239424969, -9.303040763327891 ], [ -64.004208239424969, -9.303290762596959 ], [ -64.004458238903069, -9.303290762596946 ] ] ], [ [ [ -64.003958239946869, -9.302790764058841 ], [ -64.003958239946869, -9.302290765520743 ], [ -64.003708240468754, -9.302290765520747 ], [ -64.003708240468754, -9.302790764058846 ], [ -64.003958239946869, -9.302790764058841 ] ] ], [ [ [ -64.003708240468754, -9.301790766982634 ], [ -64.003708240468754, -9.301540767713588 ], [ -64.003458240990653, -9.30154076771359 ], [ -64.003458240990653, -9.301790766982645 ], [ -64.003708240468754, -9.301790766982634 ] ] ], [ [ [ -64.005208237337385, -9.30054077063739 ], [ -64.005208237337385, -9.300290771368331 ], [ -64.00470823838117, -9.300290771368337 ], [ -64.00470823838117, -9.300540770637388 ], [ -64.005208237337385, -9.30054077063739 ] ] ], [ [ [ -64.003208241512553, -9.29929077429213 ], [ -64.003208241512553, -9.300290771368346 ], [ -64.003958239946869, -9.300290771368337 ], [ -64.003958239946869, -9.300540770637381 ], [ -64.004208239424969, -9.300540770637385 ], [ -64.004208239424969, -9.29979077283024 ], [ -64.003958239946869, -9.299790772830244 ], [ -64.003958239946869, -9.29954077356118 ], [ -64.003458240990653, -9.299540773561194 ], [ -64.003458240990653, -9.299290774292125 ], [ -64.003208241512553, -9.29929077429213 ] ] ], [ [ [ -64.00095824620962, -9.300040772099296 ], [ -64.00095824620962, -9.299790772830233 ], [ -64.00070824673152, -9.299790772830233 ], [ -64.00070824673152, -9.300040772099281 ], [ -64.00095824620962, -9.300040772099296 ] ] ], [ [ [ -63.999708248819097, -9.30004077209928 ], [ -63.999708248819097, -9.29979077283023 ], [ -63.999458249340989, -9.299790772830235 ], [ -63.999458249340989, -9.300040772099283 ], [ -63.999708248819097, -9.30004077209928 ] ] ], [ [ [ -64.00095824620962, -9.300540770637394 ], [ -64.00095824620962, -9.300290771368337 ], [ -64.00070824673152, -9.300290771368347 ], [ -64.00070824673152, -9.300040772099281 ], [ -64.000458247253405, -9.30004077209928 ], [ -64.000458247253405, -9.299290774292134 ], [ -63.999708248819097, -9.299290774292128 ], [ -63.999708248819097, -9.299040775023093 ], [ -63.999458249340989, -9.299040775023093 ], [ -63.999458249340989, -9.29954077356118 ], [ -63.999708248819097, -9.29954077356118 ], [ -63.999708248819097, -9.29979077283023 ], [ -63.999958248297204, -9.299790772830244 ], [ -63.999958248297204, -9.300040772099287 ], [ -64.000208247775305, -9.300040772099285 ], [ -64.000208247775305, -9.300290771368335 ], [ -64.000458247253405, -9.30029077136833 ], [ -64.000458247253405, -9.300540770637395 ], [ -64.00095824620962, -9.300540770637394 ] ] ], [ [ [ -63.99820825195048, -9.298540776484991 ], [ -63.99820825195048, -9.298290777215925 ], [ -63.997958252472372, -9.298290777215941 ], [ -63.997958252472372, -9.298540776484991 ], [ -63.99820825195048, -9.298540776484991 ] ] ], [ [ [ -64.004208239424969, -9.298040777946884 ], [ -64.004208239424969, -9.297790778677829 ], [ -64.003958239946869, -9.297790778677825 ], [ -64.003958239946869, -9.298040777946879 ], [ -64.004208239424969, -9.298040777946884 ] ] ], [ [ [ -64.00095824620962, -9.298290777215925 ], [ -64.00095824620962, -9.299040775023077 ], [ -64.001708244643936, -9.299040775023093 ], [ -64.001708244643936, -9.298540776484989 ], [ -64.001958244122036, -9.298540776484989 ], [ -64.001958244122036, -9.297790778677834 ], [ -64.001708244643936, -9.297790778677825 ], [ -64.001708244643936, -9.296290783063517 ], [ -64.00095824620962, -9.296290783063519 ], [ -64.00095824620962, -9.296540782332581 ], [ -64.00070824673152, -9.296540782332567 ], [ -64.00070824673152, -9.297040780870677 ], [ -64.000458247253405, -9.297040780870681 ], [ -64.000458247253405, -9.297290780139729 ], [ -64.00070824673152, -9.297290780139724 ], [ -64.00070824673152, -9.297790778677832 ], [ -64.001208245687721, -9.297790778677827 ], [ -64.001208245687721, -9.298290777215929 ], [ -64.00095824620962, -9.298290777215925 ] ] ], [ [ [ -64.002208243600137, -9.296540782332581 ], [ -64.002208243600137, -9.296290783063526 ], [ -64.001958244122036, -9.296290783063528 ], [ -64.001958244122036, -9.296540782332576 ], [ -64.002208243600137, -9.296540782332581 ] ] ], [ [ [ -63.999458249340989, -9.296290783063526 ], [ -63.999458249340989, -9.296040783794474 ], [ -63.999208249862889, -9.296040783794476 ], [ -63.999208249862889, -9.296290783063521 ], [ -63.999458249340989, -9.296290783063526 ] ] ], [ [ [ -64.00095824620962, -9.294290788911111 ], [ -64.00070824673152, -9.29429078891112 ], [ -64.00070824673152, -9.294540788180162 ], [ -64.000458247253405, -9.294540788180171 ], [ -64.000458247253405, -9.294790787449223 ], [ -64.001208245687721, -9.294790787449227 ], [ -64.001208245687721, -9.295790784525426 ], [ -64.002208243600137, -9.295790784525423 ], [ -64.002208243600137, -9.295290785987319 ], [ -64.001958244122036, -9.29529078598733 ], [ -64.001958244122036, -9.294540788180168 ], [ -64.002208243600137, -9.294540788180162 ], [ -64.002208243600137, -9.294040789642064 ], [ -64.001458245165821, -9.294040789642064 ], [ -64.001458245165821, -9.293790790373022 ], [ -64.00095824620962, -9.293790790373016 ], [ -64.00095824620962, -9.294290788911111 ] ], [ [ -64.001208245687721, -9.294290788911121 ], [ -64.001708244643936, -9.294290788911123 ], [ -64.001708244643936, -9.294790787449221 ], [ -64.001208245687721, -9.294790787449227 ], [ -64.001208245687721, -9.294290788911121 ] ] ], [ [ [ -63.99820825195048, -9.294540788180162 ], [ -63.99820825195048, -9.294290788911121 ], [ -63.997958252472372, -9.294290788911121 ], [ -63.997958252472372, -9.294540788180175 ], [ -63.99820825195048, -9.294540788180162 ] ] ], [ [ [ -63.998958250384796, -9.294540788180168 ], [ -64.000208247775305, -9.294540788180168 ], [ -64.000208247775305, -9.294290788911118 ], [ -64.000458247253405, -9.294290788911121 ], [ -64.000458247253405, -9.293790790373018 ], [ -64.00095824620962, -9.293790790373016 ], [ -64.00095824620962, -9.293290791834906 ], [ -64.000458247253405, -9.29329079183492 ], [ -64.000458247253405, -9.293540791103968 ], [ -63.999708248819097, -9.293540791103974 ], [ -63.999708248819097, -9.293790790373022 ], [ -63.999458249340989, -9.293790790373022 ], [ -63.999458249340989, -9.294040789642075 ], [ -63.998958250384796, -9.294040789642064 ], [ -63.998958250384796, -9.294290788911125 ], [ -63.998708250906688, -9.29429078891112 ], [ -63.998708250906688, -9.294790787449219 ], [ -63.998958250384796, -9.294790787449228 ], [ -63.998958250384796, -9.294540788180168 ] ] ], [ [ [ -63.99820825195048, -9.293540791103965 ], [ -63.997958252472372, -9.293540791103961 ], [ -63.997958252472372, -9.293790790373015 ], [ -63.99820825195048, -9.293790790373013 ], [ -63.99820825195048, -9.293540791103965 ] ] ], [ [ [ -64.001708244643936, -9.293040792565872 ], [ -64.001708244643936, -9.292790793296819 ], [ -64.00095824620962, -9.292790793296817 ], [ -64.00095824620962, -9.293040792565852 ], [ -64.001708244643936, -9.293040792565872 ] ] ], [ [ [ -64.003208241512553, -9.293540791103963 ], [ -64.003458240990653, -9.293540791103977 ], [ -64.003458240990653, -9.293290791834915 ], [ -64.003208241512553, -9.293290791834913 ], [ -64.003208241512553, -9.291290797682509 ], [ -64.002708242556338, -9.291290797682505 ], [ -64.002708242556338, -9.291040798413464 ], [ -64.002458243078237, -9.291040798413464 ], [ -64.002458243078237, -9.2907907991444 ], [ -64.002208243600137, -9.290790799144402 ], [ -64.002208243600137, -9.290540799875354 ], [ -64.001708244643936, -9.290540799875361 ], [ -64.001708244643936, -9.2907907991444 ], [ -64.001208245687721, -9.290790799144403 ], [ -64.001208245687721, -9.290540799875357 ], [ -64.00095824620962, -9.290540799875357 ], [ -64.00095824620962, -9.291040798413462 ], [ -64.000208247775305, -9.291040798413457 ], [ -64.000208247775305, -9.291540796951555 ], [ -64.000458247253405, -9.291540796951564 ], [ -64.000458247253405, -9.292040795489669 ], [ -64.000208247775305, -9.292040795489658 ], [ -64.000208247775305, -9.292790793296811 ], [ -64.00070824673152, -9.29279079329681 ], [ -64.00070824673152, -9.292540794027763 ], [ -64.001208245687721, -9.292540794027762 ], [ -64.001208245687721, -9.292290794758706 ], [ -64.001958244122036, -9.292290794758705 ], [ -64.001958244122036, -9.292040795489667 ], [ -64.002458243078237, -9.292040795489655 ], [ -64.002458243078237, -9.291790796220617 ], [ -64.002708242556338, -9.29179079622061 ], [ -64.002708242556338, -9.29204079548966 ], [ -64.002958242034452, -9.292040795489651 ], [ -64.002958242034452, -9.293040792565867 ], [ -64.001708244643936, -9.293040792565872 ], [ -64.001708244643936, -9.293540791103961 ], [ -64.002208243600137, -9.293540791103965 ], [ -64.002208243600137, -9.293790790373018 ], [ -64.002958242034452, -9.293790790373018 ], [ -64.002958242034452, -9.294040789642066 ], [ -64.003208241512553, -9.294040789642075 ], [ -64.003208241512553, -9.293540791103963 ] ], [ [ -64.000458247253405, -9.291290797682509 ], [ -64.00070824673152, -9.291290797682514 ], [ -64.00070824673152, -9.291540796951553 ], [ -64.000458247253405, -9.291540796951564 ], [ -64.000458247253405, -9.291290797682509 ] ], [ [ -64.00070824673152, -9.292290794758706 ], [ -64.00070824673152, -9.292040795489664 ], [ -64.001208245687721, -9.292040795489671 ], [ -64.001208245687721, -9.292290794758706 ], [ -64.00070824673152, -9.292290794758706 ] ], [ [ -64.002708242556338, -9.291540796951566 ], [ -64.002958242034452, -9.291540796951566 ], [ -64.002958242034452, -9.291790796220617 ], [ -64.002708242556338, -9.29179079622061 ], [ -64.002708242556338, -9.291540796951566 ] ] ], [ [ [ -63.998958250384796, -9.29179079622061 ], [ -63.998958250384796, -9.291540796951555 ], [ -63.99845825142858, -9.291540796951555 ], [ -63.99845825142858, -9.291790796220615 ], [ -63.998958250384796, -9.29179079622061 ] ] ], [ [ [ -63.99845825142858, -9.29129079768251 ], [ -63.99845825142858, -9.29104079841345 ], [ -63.99820825195048, -9.291040798413452 ], [ -63.99820825195048, -9.29129079768251 ], [ -63.99845825142858, -9.29129079768251 ] ] ], [ [ [ -63.999958248297204, -9.291040798413455 ], [ -63.999958248297204, -9.290790799144405 ], [ -63.999458249340989, -9.290790799144407 ], [ -63.999458249340989, -9.29104079841345 ], [ -63.999958248297204, -9.291040798413455 ] ] ], [ [ [ -63.999208249862889, -9.291040798413466 ], [ -63.999208249862889, -9.290540799875364 ], [ -63.998958250384796, -9.290540799875361 ], [ -63.998958250384796, -9.290790799144412 ], [ -63.99845825142858, -9.290790799144409 ], [ -63.99845825142858, -9.29104079841345 ], [ -63.999208249862889, -9.291040798413466 ] ] ], [ [ [ -63.99845825142858, -9.29054079987535 ], [ -63.99845825142858, -9.290290800606311 ], [ -63.997958252472372, -9.2902908006063 ], [ -63.997958252472372, -9.290540799875361 ], [ -63.99845825142858, -9.29054079987535 ] ] ], [ [ [ -64.002708242556338, -9.290540799875362 ], [ -64.002708242556338, -9.290040801337245 ], [ -64.002458243078237, -9.29004080133725 ], [ -64.002458243078237, -9.290540799875354 ], [ -64.002708242556338, -9.290540799875362 ] ] ], [ [ [ -64.004208239424969, -9.290290800606302 ], [ -64.004208239424969, -9.290040801337252 ], [ -64.003708240468754, -9.290040801337254 ], [ -64.003708240468754, -9.290290800606302 ], [ -64.004208239424969, -9.290290800606302 ] ] ], [ [ [ -64.003708240468754, -9.290040801337254 ], [ -64.003708240468754, -9.289790802068215 ], [ -64.003458240990653, -9.289790802068204 ], [ -64.003458240990653, -9.290040801337257 ], [ -64.003708240468754, -9.290040801337254 ] ] ], [ [ [ -64.004958237859285, -9.290040801337245 ], [ -64.004958237859285, -9.289540802799161 ], [ -64.00470823838117, -9.289540802799159 ], [ -64.00470823838117, -9.290040801337254 ], [ -64.004958237859285, -9.290040801337245 ] ] ], [ [ [ -64.003708240468754, -9.289040804261049 ], [ -64.003708240468754, -9.289290803530101 ], [ -64.003458240990653, -9.289290803530111 ], [ -64.003458240990653, -9.289040804261051 ], [ -64.003208241512553, -9.289040804261058 ], [ -64.003208241512553, -9.288790804991995 ], [ -64.002958242034452, -9.288790804991994 ], [ -64.002958242034452, -9.289540802799156 ], [ -64.003208241512553, -9.289540802799159 ], [ -64.003208241512553, -9.289790802068207 ], [ -64.003458240990653, -9.289790802068204 ], [ -64.003458240990653, -9.289540802799158 ], [ -64.003708240468754, -9.289540802799158 ], [ -64.003708240468754, -9.289790802068215 ], [ -64.004458238903069, -9.289790802068207 ], [ -64.004458238903069, -9.289040804261051 ], [ -64.003708240468754, -9.289040804261049 ] ] ], [ [ [ -63.998708250906688, -9.288790804992001 ], [ -63.998708250906688, -9.288540805722956 ], [ -63.99845825142858, -9.288540805722949 ], [ -63.99845825142858, -9.289040804261047 ], [ -63.998708250906688, -9.289040804261047 ], [ -63.998708250906688, -9.289290803530111 ], [ -63.998958250384796, -9.289290803530113 ], [ -63.998958250384796, -9.2897908020682 ], [ -63.999208249862889, -9.289790802068202 ], [ -63.999208249862889, -9.289040804261054 ], [ -63.998958250384796, -9.289040804261052 ], [ -63.998958250384796, -9.288790804991995 ], [ -63.998708250906688, -9.288790804992001 ] ] ], [ [ [ -64.004458238903069, -9.28429081814908 ], [ -64.004458238903069, -9.284040818880039 ], [ -64.003958239946869, -9.284040818880035 ], [ -64.003958239946869, -9.284540817418137 ], [ -64.004208239424969, -9.284540817418138 ], [ -64.004208239424969, -9.284290818149085 ], [ -64.004458238903069, -9.28429081814908 ] ] ], [ [ [ -64.003458240990653, -9.282040824727629 ], [ -64.003458240990653, -9.281790825458582 ], [ -64.003208241512553, -9.281790825458575 ], [ -64.003208241512553, -9.282040824727623 ], [ -64.003458240990653, -9.282040824727629 ] ] ], [ [ [ -64.00095824620962, -9.281290826920481 ], [ -64.00095824620962, -9.281040827651417 ], [ -64.00070824673152, -9.281040827651418 ], [ -64.00070824673152, -9.281290826920477 ], [ -64.00095824620962, -9.281290826920481 ] ] ], [ [ [ -64.003958239946869, -9.281040827651418 ], [ -64.003958239946869, -9.280790828382365 ], [ -64.003708240468754, -9.280790828382376 ], [ -64.003708240468754, -9.281040827651424 ], [ -64.003958239946869, -9.281040827651418 ] ] ], [ [ [ -64.002958242034452, -9.281040827651429 ], [ -64.002958242034452, -9.280790828382365 ], [ -64.002208243600137, -9.28079082838237 ], [ -64.002208243600137, -9.281040827651426 ], [ -64.002958242034452, -9.281040827651429 ] ] ], [ [ [ -63.997208254038071, -9.281040827651429 ], [ -63.997208254038071, -9.282040824727627 ], [ -63.996958254559949, -9.282040824727627 ], [ -63.996958254559949, -9.28229082399667 ], [ -63.996708255081856, -9.282290823996679 ], [ -63.996708255081856, -9.28279082253477 ], [ -63.996958254559949, -9.282790822534789 ], [ -63.996958254559949, -9.283290821072884 ], [ -63.997208254038071, -9.283290821072884 ], [ -63.997208254038071, -9.283540820341937 ], [ -63.997708252994265, -9.283540820341928 ], [ -63.997708252994265, -9.284040818880044 ], [ -63.997958252472372, -9.28404081888003 ], [ -63.997958252472372, -9.283290821072876 ], [ -63.99820825195048, -9.283290821072875 ], [ -63.99820825195048, -9.28079082838237 ], [ -63.99845825142858, -9.280790828382367 ], [ -63.99845825142858, -9.279040833499023 ], [ -63.998708250906688, -9.279040833499018 ], [ -63.998708250906688, -9.278540834960912 ], [ -63.998958250384796, -9.278540834960912 ], [ -63.998958250384796, -9.278790834229971 ], [ -63.999458249340989, -9.278790834229969 ], [ -63.999458249340989, -9.278290835691871 ], [ -63.999208249862889, -9.278290835691859 ], [ -63.999208249862889, -9.278040836422809 ], [ -63.998708250906688, -9.278040836422814 ], [ -63.998708250906688, -9.278290835691871 ], [ -63.99845825142858, -9.278290835691863 ], [ -63.99845825142858, -9.277790837153768 ], [ -63.99820825195048, -9.277790837153763 ], [ -63.99820825195048, -9.279290832768076 ], [ -63.997958252472372, -9.279290832768067 ], [ -63.997958252472372, -9.279540832037114 ], [ -63.997208254038071, -9.279540832037112 ], [ -63.997208254038071, -9.279790831306169 ], [ -63.997958252472372, -9.279790831306164 ], [ -63.997958252472372, -9.280540829113329 ], [ -63.997708252994265, -9.28054082911332 ], [ -63.997708252994265, -9.281040827651429 ], [ -63.997208254038071, -9.281040827651429 ] ] ], [ [ [ -64.001958244122036, -9.280790828382365 ], [ -64.001958244122036, -9.280540829113315 ], [ -64.001708244643936, -9.28054082911332 ], [ -64.001708244643936, -9.280790828382365 ], [ -64.001958244122036, -9.280790828382365 ] ] ], [ [ [ -64.001208245687721, -9.280540829113331 ], [ -64.001208245687721, -9.280290829844278 ], [ -64.00095824620962, -9.280290829844267 ], [ -64.00095824620962, -9.280540829113317 ], [ -64.001208245687721, -9.280540829113331 ] ] ], [ [ [ -64.001458245165821, -9.279540832037126 ], [ -64.001458245165821, -9.279290832768066 ], [ -64.001208245687721, -9.279290832768075 ], [ -64.001208245687721, -9.279540832037124 ], [ -64.001458245165821, -9.279540832037126 ] ] ], [ [ [ -64.002208243600137, -9.279290832768066 ], [ -64.002208243600137, -9.279040833499016 ], [ -64.001958244122036, -9.27904083349901 ], [ -64.001958244122036, -9.279290832768076 ], [ -64.002208243600137, -9.279290832768066 ] ] ], [ [ [ -64.002958242034452, -9.277790837153761 ], [ -64.002958242034452, -9.277540837884713 ], [ -64.002708242556338, -9.277540837884711 ], [ -64.002708242556338, -9.277790837153761 ], [ -64.002958242034452, -9.277790837153761 ] ] ], [ [ [ -64.001458245165821, -9.277540837884716 ], [ -64.001458245165821, -9.277290838615654 ], [ -64.001208245687721, -9.277290838615656 ], [ -64.001208245687721, -9.277790837153756 ], [ -64.001708244643936, -9.277790837153768 ], [ -64.001708244643936, -9.277540837884711 ], [ -64.001458245165821, -9.277540837884716 ] ] ], [ [ [ -63.998708250906688, -9.277790837153766 ], [ -63.998708250906688, -9.277290838615654 ], [ -63.99845825142858, -9.277290838615661 ], [ -63.99845825142858, -9.277790837153768 ], [ -63.998708250906688, -9.277790837153766 ] ] ], [ [ [ -64.002208243600137, -9.277290838615668 ], [ -64.002208243600137, -9.277040839346602 ], [ -64.001958244122036, -9.277040839346611 ], [ -64.001958244122036, -9.277290838615659 ], [ -64.002208243600137, -9.277290838615668 ] ] ], [ [ [ -64.001708244643936, -9.277290838615659 ], [ -64.001708244643936, -9.277040839346611 ], [ -64.001458245165821, -9.277040839346617 ], [ -64.001458245165821, -9.277290838615654 ], [ -64.001708244643936, -9.277290838615659 ] ] ], [ [ [ -63.998708250906688, -9.277040839346602 ], [ -63.998708250906688, -9.27679084007756 ], [ -63.99845825142858, -9.276790840077561 ], [ -63.99845825142858, -9.277040839346608 ], [ -63.998708250906688, -9.277040839346602 ] ] ], [ [ [ -64.001708244643936, -9.276790840077554 ], [ -64.001708244643936, -9.276540840808503 ], [ -64.001208245687721, -9.276540840808513 ], [ -64.001208245687721, -9.27679084007756 ], [ -64.001708244643936, -9.276790840077554 ] ] ], [ [ [ -64.000458247253405, -9.275790843001355 ], [ -64.000458247253405, -9.275540843732301 ], [ -64.000208247775305, -9.275540843732307 ], [ -64.000208247775305, -9.275790843001362 ], [ -64.000458247253405, -9.275790843001355 ] ] ], [ [ [ -63.999458249340989, -9.275790843001348 ], [ -63.999708248819097, -9.275790843001351 ], [ -63.999708248819097, -9.275540843732305 ], [ -64.000208247775305, -9.275540843732307 ], [ -64.000208247775305, -9.27479084592516 ], [ -63.999708248819097, -9.27479084592515 ], [ -63.999708248819097, -9.275290844463262 ], [ -63.999458249340989, -9.275290844463248 ], [ -63.999458249340989, -9.275790843001348 ] ] ], [ [ [ -64.001458245165821, -9.274540846656109 ], [ -64.001208245687721, -9.274540846656093 ], [ -64.001208245687721, -9.274790845925152 ], [ -64.001458245165821, -9.27479084592516 ], [ -64.001458245165821, -9.274540846656109 ] ] ], [ [ [ -64.001208245687721, -9.274540846656093 ], [ -64.001208245687721, -9.274290847387048 ], [ -64.00095824620962, -9.274290847387054 ], [ -64.00095824620962, -9.274540846656103 ], [ -64.001208245687721, -9.274540846656093 ] ] ], [ [ [ -64.000458247253405, -9.273790848848954 ], [ -64.000458247253405, -9.27354084957989 ], [ -64.000208247775305, -9.273540849579904 ], [ -64.000208247775305, -9.273790848848956 ], [ -64.000458247253405, -9.273790848848954 ] ] ], [ [ [ -64.000458247253405, -9.272040853965589 ], [ -64.000458247253405, -9.271790854696548 ], [ -64.000208247775305, -9.271790854696539 ], [ -64.000208247775305, -9.272040853965601 ], [ -64.000458247253405, -9.272040853965589 ] ] ], [ [ [ -63.999458249340989, -9.271540855427485 ], [ -63.999458249340989, -9.272040853965587 ], [ -63.999708248819097, -9.272040853965601 ], [ -63.999708248819097, -9.271790854696544 ], [ -63.999958248297204, -9.271790854696551 ], [ -63.999958248297204, -9.271290856158435 ], [ -63.999708248819097, -9.271290856158439 ], [ -63.999708248819097, -9.271540855427498 ], [ -63.999458249340989, -9.271540855427485 ] ] ], [ [ [ -63.99820825195048, -9.271040856889394 ], [ -63.99820825195048, -9.270790857620344 ], [ -63.997958252472372, -9.270790857620334 ], [ -63.997958252472372, -9.271040856889393 ], [ -63.99820825195048, -9.271040856889394 ] ] ], [ [ [ -63.99820825195048, -9.269790860544138 ], [ -63.99820825195048, -9.269540861275079 ], [ -63.997958252472372, -9.269540861275086 ], [ -63.997958252472372, -9.269790860544138 ], [ -63.99820825195048, -9.269790860544138 ] ] ], [ [ [ -63.99845825142858, -9.269540861275086 ], [ -63.99845825142858, -9.26929086200604 ], [ -63.99820825195048, -9.269290862006033 ], [ -63.99820825195048, -9.269540861275079 ], [ -63.99845825142858, -9.269540861275086 ] ] ], [ [ [ -63.99820825195048, -9.275290844463255 ], [ -63.99820825195048, -9.275790843001348 ], [ -63.99845825142858, -9.275790843001353 ], [ -63.99845825142858, -9.276540840808503 ], [ -63.998708250906688, -9.27654084080851 ], [ -63.998708250906688, -9.275790843001353 ], [ -63.998958250384796, -9.275790843001349 ], [ -63.998958250384796, -9.27529084446325 ], [ -63.999208249862889, -9.275290844463255 ], [ -63.999208249862889, -9.2745408466561 ], [ -63.998958250384796, -9.274540846656103 ], [ -63.998958250384796, -9.2735408495799 ], [ -63.998708250906688, -9.273540849579907 ], [ -63.998708250906688, -9.273040851041795 ], [ -63.998958250384796, -9.273040851041793 ], [ -63.998958250384796, -9.27229085323464 ], [ -63.999208249862889, -9.272290853234644 ], [ -63.999208249862889, -9.272040853965589 ], [ -63.998958250384796, -9.272040853965603 ], [ -63.998958250384796, -9.271540855427487 ], [ -63.999208249862889, -9.271540855427498 ], [ -63.999208249862889, -9.271040856889394 ], [ -63.999458249340989, -9.271040856889385 ], [ -63.999458249340989, -9.271290856158441 ], [ -63.999708248819097, -9.271290856158439 ], [ -63.999708248819097, -9.270790857620336 ], [ -63.999208249862889, -9.270790857620346 ], [ -63.999208249862889, -9.270540858351287 ], [ -63.999458249340989, -9.270540858351286 ], [ -63.999458249340989, -9.270290859082236 ], [ -63.999708248819097, -9.27029085908223 ], [ -63.999708248819097, -9.269540861275079 ], [ -63.999458249340989, -9.269540861275079 ], [ -63.999458249340989, -9.269290862006034 ], [ -63.998958250384796, -9.269290862006027 ], [ -63.998958250384796, -9.268790863467927 ], [ -63.999208249862889, -9.268790863467935 ], [ -63.999208249862889, -9.268540864198881 ], [ -63.999458249340989, -9.268540864198883 ], [ -63.999458249340989, -9.268290864929822 ], [ -63.998958250384796, -9.268290864929829 ], [ -63.998958250384796, -9.268040865660794 ], [ -63.999208249862889, -9.268040865660781 ], [ -63.999208249862889, -9.267040868584573 ], [ -63.999458249340989, -9.267040868584578 ], [ -63.999458249340989, -9.266790869315521 ], [ -63.999208249862889, -9.266790869315534 ], [ -63.999208249862889, -9.266540870046484 ], [ -63.999458249340989, -9.266540870046478 ], [ -63.999458249340989, -9.266040871508368 ], [ -63.999208249862889, -9.266040871508366 ], [ -63.999208249862889, -9.265290873701227 ], [ -63.998958250384796, -9.265290873701217 ], [ -63.998958250384796, -9.263540878817871 ], [ -63.999208249862889, -9.26354087881786 ], [ -63.999208249862889, -9.263040880279757 ], [ -63.998958250384796, -9.263040880279773 ], [ -63.998958250384796, -9.261040886127359 ], [ -63.998708250906688, -9.261040886127352 ], [ -63.998708250906688, -9.266790869315527 ], [ -63.998958250384796, -9.266790869315532 ], [ -63.998958250384796, -9.267290867853625 ], [ -63.998708250906688, -9.267290867853619 ], [ -63.998708250906688, -9.268290864929837 ], [ -63.99845825142858, -9.268290864929822 ], [ -63.99845825142858, -9.268540864198885 ], [ -63.998708250906688, -9.268540864198892 ], [ -63.998708250906688, -9.269040862736979 ], [ -63.99845825142858, -9.269040862736986 ], [ -63.99845825142858, -9.26929086200604 ], [ -63.998708250906688, -9.269290862006043 ], [ -63.998708250906688, -9.269540861275082 ], [ -63.998958250384796, -9.269540861275093 ], [ -63.998958250384796, -9.269790860544131 ], [ -63.998708250906688, -9.269790860544136 ], [ -63.998708250906688, -9.270290859082241 ], [ -63.99845825142858, -9.270290859082245 ], [ -63.99845825142858, -9.270540858351289 ], [ -63.99820825195048, -9.270540858351289 ], [ -63.99820825195048, -9.270790857620344 ], [ -63.998708250906688, -9.27079085762033 ], [ -63.998708250906688, -9.271540855427496 ], [ -63.99845825142858, -9.271540855427489 ], [ -63.99845825142858, -9.272040853965587 ], [ -63.99820825195048, -9.27204085396559 ], [ -63.99820825195048, -9.271790854696546 ], [ -63.997958252472372, -9.271790854696539 ], [ -63.997958252472372, -9.272290853234644 ], [ -63.997708252994265, -9.272290853234654 ], [ -63.997708252994265, -9.273040851041804 ], [ -63.99820825195048, -9.273040851041799 ], [ -63.99820825195048, -9.273540849579902 ], [ -63.99845825142858, -9.273540849579895 ], [ -63.99845825142858, -9.274040848118007 ], [ -63.99820825195048, -9.274040848118004 ], [ -63.99820825195048, -9.274290847387045 ], [ -63.99845825142858, -9.274290847387052 ], [ -63.99845825142858, -9.275290844463258 ], [ -63.99820825195048, -9.275290844463255 ] ], [ [ -63.99820825195048, -9.272290853234646 ], [ -63.99820825195048, -9.272790851772742 ], [ -63.997958252472372, -9.272790851772749 ], [ -63.997958252472372, -9.272290853234644 ], [ -63.99820825195048, -9.272290853234646 ] ] ], [ [ [ -63.999708248819097, -9.266040871508372 ], [ -63.999708248819097, -9.265790872239316 ], [ -63.999458249340989, -9.265790872239322 ], [ -63.999458249340989, -9.266040871508368 ], [ -63.999708248819097, -9.266040871508372 ] ] ], [ [ [ -63.998708250906688, -9.261040886127352 ], [ -63.998708250906688, -9.260540887589251 ], [ -63.99845825142858, -9.260540887589256 ], [ -63.99845825142858, -9.261040886127359 ], [ -63.998708250906688, -9.261040886127352 ] ] ], [ [ [ -63.998708250906688, -9.255290902939183 ], [ -63.998708250906688, -9.254790904401094 ], [ -63.99845825142858, -9.254790904401094 ], [ -63.99845825142858, -9.254540905132037 ], [ -63.99820825195048, -9.254540905132037 ], [ -63.99820825195048, -9.257540896360647 ], [ -63.99845825142858, -9.257540896360643 ], [ -63.99845825142858, -9.260290888320212 ], [ -63.998958250384796, -9.260290888320203 ], [ -63.998958250384796, -9.255790901477297 ], [ -63.998708250906688, -9.255790901477294 ], [ -63.998708250906688, -9.255540902208239 ], [ -63.99845825142858, -9.255540902208232 ], [ -63.99845825142858, -9.255290902939185 ], [ -63.998708250906688, -9.255290902939183 ] ] ], [ [ [ -63.997958252472372, -9.249540919751018 ], [ -63.997958252472372, -9.252290911710583 ], [ -63.99820825195048, -9.25229091171057 ], [ -63.99820825195048, -9.254290905862989 ], [ -63.998708250906688, -9.254290905862979 ], [ -63.998708250906688, -9.253790907324882 ], [ -63.99845825142858, -9.253790907324877 ], [ -63.99845825142858, -9.250290917558173 ], [ -63.99820825195048, -9.250290917558175 ], [ -63.99820825195048, -9.244790933639049 ], [ -63.997708252994265, -9.244790933639052 ], [ -63.997708252994265, -9.246540928522403 ], [ -63.997958252472372, -9.246540928522407 ], [ -63.997958252472372, -9.247040927060509 ], [ -63.997708252994265, -9.247040927060512 ], [ -63.997708252994265, -9.24729092632956 ], [ -63.997958252472372, -9.247290926329557 ], [ -63.997958252472372, -9.249040921212915 ], [ -63.997708252994265, -9.249040921212913 ], [ -63.997708252994265, -9.249540919751022 ], [ -63.997958252472372, -9.249540919751018 ] ] ], [ [ [ -63.99820825195048, -9.244540934370002 ], [ -63.99820825195048, -9.243790936562844 ], [ -63.997958252472372, -9.243790936562842 ], [ -63.997958252472372, -9.244290935100958 ], [ -63.997708252994265, -9.244290935100956 ], [ -63.997708252994265, -9.244540934370004 ], [ -63.99820825195048, -9.244540934370002 ] ] ], [ [ [ -63.999458249340989, -9.240540946065192 ], [ -63.999458249340989, -9.240290946796129 ], [ -63.999208249862889, -9.240290946796135 ], [ -63.999208249862889, -9.240540946065188 ], [ -63.999458249340989, -9.240540946065192 ] ] ], [ [ [ -64.000208247775305, -9.240290946796142 ], [ -64.000208247775305, -9.239790948258031 ], [ -63.999708248819097, -9.239790948258037 ], [ -63.999708248819097, -9.240290946796142 ], [ -64.000208247775305, -9.240290946796142 ] ] ], [ [ [ -63.99845825142858, -9.227290984805494 ], [ -63.998708250906688, -9.227290984805492 ], [ -63.998708250906688, -9.227540984074542 ], [ -63.998958250384796, -9.227540984074542 ], [ -63.998958250384796, -9.227790983343599 ], [ -63.999208249862889, -9.227790983343592 ], [ -63.999208249862889, -9.228290981881692 ], [ -63.998958250384796, -9.228290981881697 ], [ -63.998958250384796, -9.22854098115074 ], [ -63.999208249862889, -9.228540981150744 ], [ -63.999208249862889, -9.228790980419801 ], [ -63.999458249340989, -9.22879098041979 ], [ -63.999458249340989, -9.229040979688843 ], [ -63.998958250384796, -9.229040979688859 ], [ -63.998958250384796, -9.229290978957902 ], [ -63.99820825195048, -9.2292909789579 ], [ -63.99820825195048, -9.229040979688847 ], [ -63.997708252994265, -9.229040979688852 ], [ -63.997708252994265, -9.229290978957895 ], [ -63.997458253516164, -9.229290978957895 ], [ -63.997458253516164, -9.229540978226956 ], [ -63.996958254559949, -9.22954097822695 ], [ -63.996958254559949, -9.229290978957909 ], [ -63.996708255081856, -9.229290978957906 ], [ -63.996708255081856, -9.229540978226947 ], [ -63.996458255603756, -9.229540978226957 ], [ -63.996458255603756, -9.229790977495995 ], [ -63.996208256125648, -9.229790977495993 ], [ -63.996208256125648, -9.230040976765062 ], [ -63.99595825664754, -9.23004097676505 ], [ -63.99595825664754, -9.23054097530316 ], [ -63.996208256125648, -9.230540975303146 ], [ -63.996208256125648, -9.230790974572196 ], [ -63.996708255081856, -9.230790974572207 ], [ -63.996708255081856, -9.231290973110301 ], [ -63.996458255603756, -9.231290973110305 ], [ -63.996458255603756, -9.231790971648412 ], [ -63.996708255081856, -9.231790971648415 ], [ -63.996708255081856, -9.232290970186517 ], [ -63.996958254559949, -9.232290970186511 ], [ -63.996958254559949, -9.232790968724617 ], [ -63.997208254038071, -9.232790968724617 ], [ -63.997208254038071, -9.233040967993656 ], [ -63.996958254559949, -9.233040967993658 ], [ -63.996958254559949, -9.233540966531772 ], [ -63.997208254038071, -9.233540966531763 ], [ -63.997208254038071, -9.233790965800814 ], [ -63.997458253516164, -9.233790965800821 ], [ -63.997458253516164, -9.234040965069868 ], [ -63.997208254038071, -9.23404096506987 ], [ -63.997208254038071, -9.234290964338911 ], [ -63.996958254559949, -9.234290964338912 ], [ -63.996958254559949, -9.234790962877012 ], [ -63.997208254038071, -9.234790962877023 ], [ -63.997208254038071, -9.235290961415119 ], [ -63.997708252994265, -9.235290961415123 ], [ -63.997708252994265, -9.235540960684165 ], [ -63.997958252472372, -9.235540960684181 ], [ -63.997958252472372, -9.235790959953226 ], [ -63.99845825142858, -9.235790959953224 ], [ -63.99845825142858, -9.236040959222276 ], [ -63.998708250906688, -9.236040959222281 ], [ -63.998708250906688, -9.237040956298477 ], [ -63.99845825142858, -9.237040956298477 ], [ -63.99845825142858, -9.238040953374677 ], [ -63.99820825195048, -9.238040953374686 ], [ -63.99820825195048, -9.238790951181828 ], [ -63.997958252472372, -9.238790951181841 ], [ -63.997958252472372, -9.242790939486643 ], [ -63.997708252994265, -9.242790939486637 ], [ -63.997708252994265, -9.243040938755696 ], [ -63.997958252472372, -9.243040938755705 ], [ -63.997958252472372, -9.243540937293794 ], [ -63.99820825195048, -9.243540937293798 ], [ -63.99820825195048, -9.241540943141391 ], [ -63.99845825142858, -9.241540943141393 ], [ -63.99845825142858, -9.240790945334249 ], [ -63.998708250906688, -9.240790945334249 ], [ -63.998708250906688, -9.240540946065188 ], [ -63.99845825142858, -9.240540946065195 ], [ -63.99845825142858, -9.239040950450889 ], [ -63.998958250384796, -9.239040950450882 ], [ -63.998958250384796, -9.238790951181834 ], [ -63.999208249862889, -9.238790951181841 ], [ -63.999208249862889, -9.239040950450882 ], [ -63.999458249340989, -9.239040950450887 ], [ -63.999458249340989, -9.239290949719939 ], [ -63.999708248819097, -9.23929094971994 ], [ -63.999708248819097, -9.239540948988992 ], [ -64.000208247775305, -9.239540948988981 ], [ -64.000208247775305, -9.239790948258031 ], [ -64.000458247253405, -9.239790948258038 ], [ -64.000458247253405, -9.240290946796142 ], [ -64.000208247775305, -9.240290946796142 ], [ -64.000208247775305, -9.240790945334245 ], [ -63.999958248297204, -9.240790945334238 ], [ -63.999958248297204, -9.242540940217594 ], [ -64.000458247253405, -9.242540940217594 ], [ -64.000458247253405, -9.242290940948546 ], [ -64.00070824673152, -9.242290940948548 ], [ -64.00070824673152, -9.242540940217598 ], [ -64.001208245687721, -9.242540940217593 ], [ -64.001208245687721, -9.241540943141386 ], [ -64.00095824620962, -9.241540943141382 ], [ -64.00095824620962, -9.24129094387234 ], [ -64.001208245687721, -9.241290943872336 ], [ -64.001208245687721, -9.240790945334242 ], [ -64.001958244122036, -9.24079094533425 ], [ -64.001958244122036, -9.240540946065185 ], [ -64.002708242556338, -9.240540946065195 ], [ -64.002708242556338, -9.24029094679614 ], [ -64.002958242034452, -9.240290946796133 ], [ -64.002958242034452, -9.240040947527085 ], [ -64.003208241512553, -9.24004094752709 ], [ -64.003208241512553, -9.239540948988992 ], [ -64.003958239946869, -9.239540948988985 ], [ -64.003958239946869, -9.23929094971993 ], [ -64.004208239424969, -9.239290949719937 ], [ -64.004208239424969, -9.238790951181842 ], [ -64.004458238903069, -9.238790951181834 ], [ -64.004458238903069, -9.237040956298484 ], [ -64.00470823838117, -9.237040956298477 ], [ -64.00470823838117, -9.236540957760379 ], [ -64.004958237859285, -9.236540957760383 ], [ -64.004958237859285, -9.236040959222271 ], [ -64.004458238903069, -9.236040959222272 ], [ -64.004458238903069, -9.235540960684171 ], [ -64.004958237859285, -9.235540960684181 ], [ -64.004958237859285, -9.234790962877025 ], [ -64.00470823838117, -9.234790962877025 ], [ -64.00470823838117, -9.234290964338912 ], [ -64.005458236815485, -9.234290964338923 ], [ -64.005458236815485, -9.234040965069866 ], [ -64.005208237337385, -9.234040965069866 ], [ -64.005208237337385, -9.233040967993659 ], [ -64.004958237859285, -9.233040967993668 ], [ -64.004958237859285, -9.232290970186511 ], [ -64.005208237337385, -9.232290970186511 ], [ -64.005208237337385, -9.231790971648419 ], [ -64.005458236815485, -9.231790971648417 ], [ -64.005458236815485, -9.231540972379355 ], [ -64.006458234727901, -9.231540972379364 ], [ -64.006458234727901, -9.232040970917454 ], [ -64.006708234206002, -9.23204097091746 ], [ -64.006708234206002, -9.231540972379351 ], [ -64.006958233684102, -9.231540972379362 ], [ -64.006958233684102, -9.231040973841255 ], [ -64.005958235771686, -9.231040973841258 ], [ -64.005958235771686, -9.231290973110305 ], [ -64.005708236293586, -9.231290973110315 ], [ -64.005708236293586, -9.231040973841257 ], [ -64.005458236815485, -9.23104097384125 ], [ -64.005458236815485, -9.230790974572209 ], [ -64.005958235771686, -9.230790974572203 ], [ -64.005958235771686, -9.23054097530315 ], [ -64.006708234206002, -9.23054097530315 ], [ -64.006708234206002, -9.2302909760341 ], [ -64.006958233684102, -9.230290976034105 ], [ -64.006958233684102, -9.230040976765062 ], [ -64.006708234206002, -9.230040976765057 ], [ -64.006708234206002, -9.229790977496004 ], [ -64.006958233684102, -9.229790977496002 ], [ -64.006958233684102, -9.229540978226954 ], [ -64.006458234727901, -9.229540978226943 ], [ -64.006458234727901, -9.228790980419797 ], [ -64.005958235771686, -9.228790980419801 ], [ -64.005958235771686, -9.229040979688849 ], [ -64.005708236293586, -9.229040979688852 ], [ -64.005708236293586, -9.228540981150754 ], [ -64.005458236815485, -9.228540981150751 ], [ -64.005458236815485, -9.228040982612651 ], [ -64.005208237337385, -9.228040982612651 ], [ -64.005208237337385, -9.228290981881697 ], [ -64.00470823838117, -9.228290981881704 ], [ -64.00470823838117, -9.228040982612645 ], [ -64.004458238903069, -9.228040982612642 ], [ -64.004458238903069, -9.227290984805499 ], [ -64.003958239946869, -9.227290984805492 ], [ -64.003958239946869, -9.226790986267387 ], [ -64.003708240468754, -9.226790986267401 ], [ -64.003708240468754, -9.226540986998344 ], [ -64.003208241512553, -9.226540986998341 ], [ -64.003208241512553, -9.226040988460239 ], [ -64.002458243078237, -9.226040988460245 ], [ -64.002458243078237, -9.225790989191193 ], [ -64.002708242556338, -9.225790989191195 ], [ -64.002708242556338, -9.225540989922147 ], [ -64.001958244122036, -9.225540989922129 ], [ -64.001958244122036, -9.225290990653088 ], [ -64.001708244643936, -9.225290990653093 ], [ -64.001708244643936, -9.224540992845929 ], [ -64.001458245165821, -9.224540992845927 ], [ -64.001458245160819, -9.22411911740684 ], [ -64.0009582461837, -9.224119821076627 ], [ -64.00095824620962, -9.226290987729291 ], [ -64.00070824673152, -9.226290987729287 ], [ -64.00070824673152, -9.226040988460232 ], [ -64.000458247253405, -9.226040988460245 ], [ -64.000458247253405, -9.226540986998344 ], [ -63.999708248819097, -9.226540986998344 ], [ -63.999708248819097, -9.226040988460245 ], [ -63.999458249340989, -9.226040988460237 ], [ -63.999458249340989, -9.2257909891912 ], [ -63.999208249862889, -9.225790989191188 ], [ -63.999208249862889, -9.226040988460239 ], [ -63.998958250384796, -9.22604098846023 ], [ -63.998958250384796, -9.226290987729294 ], [ -63.998708250906688, -9.226290987729284 ], [ -63.998708250906688, -9.226540986998343 ], [ -63.99845825142858, -9.226540986998346 ], [ -63.99845825142858, -9.227290984805494 ] ], [ [ -63.999708248819097, -9.226790986267389 ], [ -63.999208249862889, -9.226790986267385 ], [ -63.999208249862889, -9.226540986998344 ], [ -63.999708248819097, -9.226540986998344 ], [ -63.999708248819097, -9.226790986267389 ] ], [ [ -63.999958248297204, -9.228040982612645 ], [ -63.999708248819097, -9.228040982612645 ], [ -63.999708248819097, -9.227540984074544 ], [ -64.000208247775305, -9.227540984074542 ], [ -64.000208247775305, -9.227290984805492 ], [ -64.00070824673152, -9.227290984805489 ], [ -64.00070824673152, -9.227790983343592 ], [ -63.999958248297204, -9.227790983343588 ], [ -63.999958248297204, -9.228040982612645 ] ], [ [ -64.003208241512553, -9.232040970917465 ], [ -64.003708240468754, -9.23204097091746 ], [ -64.003708240468754, -9.233290967262715 ], [ -64.003458240990653, -9.233290967262711 ], [ -64.003458240990653, -9.232790968724611 ], [ -64.003208241512553, -9.232790968724617 ], [ -64.003208241512553, -9.233040967993663 ], [ -64.001958244122036, -9.233040967993661 ], [ -64.001958244122036, -9.229540978226954 ], [ -64.002208243600137, -9.229540978226952 ], [ -64.002208243600137, -9.22804098261264 ], [ -64.002458243078237, -9.228040982612638 ], [ -64.002458243078237, -9.228290981881702 ], [ -64.002708242556338, -9.228290981881702 ], [ -64.002708242556338, -9.228540981150756 ], [ -64.002958242034452, -9.228540981150747 ], [ -64.002958242034452, -9.229040979688856 ], [ -64.003208241512553, -9.229040979688854 ], [ -64.003208241512553, -9.229290978957907 ], [ -64.003458240990653, -9.229290978957907 ], [ -64.003458240990653, -9.231540972379364 ], [ -64.003208241512553, -9.23154097237936 ], [ -64.003208241512553, -9.232040970917465 ] ], [ [ -64.004458238903069, -9.229040979688852 ], [ -64.00470823838117, -9.229040979688852 ], [ -64.00470823838117, -9.229290978957906 ], [ -64.004458238903069, -9.229290978957895 ], [ -64.004458238903069, -9.229040979688852 ] ], [ [ -64.000208247775305, -9.22904097968885 ], [ -64.000458247253405, -9.229040979688843 ], [ -64.000458247253405, -9.229290978957895 ], [ -64.000208247775305, -9.229290978957899 ], [ -64.000208247775305, -9.22904097968885 ] ], [ [ -63.999458249340989, -9.2292909789579 ], [ -63.999708248819097, -9.229290978957902 ], [ -63.999708248819097, -9.229540978226952 ], [ -63.999458249340989, -9.229540978226952 ], [ -63.999458249340989, -9.2292909789579 ] ], [ [ -64.004208239424969, -9.229540978226952 ], [ -64.004458238903069, -9.229540978226961 ], [ -64.004458238903069, -9.229790977495997 ], [ -64.004208239424969, -9.229790977495991 ], [ -64.004208239424969, -9.229540978226952 ] ], [ [ -64.005208237337385, -9.229790977495995 ], [ -64.005458236815485, -9.229790977495993 ], [ -64.005458236815485, -9.230290976034098 ], [ -64.005208237337385, -9.230290976034102 ], [ -64.005208237337385, -9.229790977495995 ] ], [ [ -63.999958248297204, -9.230790974572201 ], [ -64.000208247775305, -9.230790974572207 ], [ -64.000208247775305, -9.231290973110305 ], [ -63.999458249340989, -9.231290973110299 ], [ -63.999458249340989, -9.231040973841262 ], [ -63.999958248297204, -9.231040973841266 ], [ -63.999958248297204, -9.230790974572201 ] ], [ [ -64.004458238903069, -9.231040973841248 ], [ -64.00470823838117, -9.231040973841253 ], [ -64.00470823838117, -9.231290973110312 ], [ -64.004458238903069, -9.23129097311031 ], [ -64.004458238903069, -9.231040973841248 ] ], [ [ -63.998958250384796, -9.231040973841251 ], [ -63.999208249862889, -9.231040973841257 ], [ -63.999208249862889, -9.231290973110305 ], [ -63.998958250384796, -9.231290973110305 ], [ -63.998958250384796, -9.231040973841251 ] ], [ [ -64.004208239424969, -9.231540972379362 ], [ -64.004458238903069, -9.231540972379364 ], [ -64.004458238903069, -9.231790971648405 ], [ -64.004208239424969, -9.231790971648403 ], [ -64.004208239424969, -9.231540972379362 ] ], [ [ -64.000208247775305, -9.232040970917462 ], [ -63.999708248819097, -9.232040970917463 ], [ -63.999708248819097, -9.231790971648408 ], [ -64.000208247775305, -9.231790971648415 ], [ -64.000208247775305, -9.232040970917462 ] ], [ [ -63.999708248819097, -9.232290970186508 ], [ -63.999458249340989, -9.23229097018651 ], [ -63.999458249340989, -9.232040970917467 ], [ -63.999708248819097, -9.232040970917463 ], [ -63.999708248819097, -9.232290970186508 ] ], [ [ -64.003958239946869, -9.232040970917467 ], [ -64.004208239424969, -9.232040970917472 ], [ -64.004208239424969, -9.232290970186506 ], [ -64.003958239946869, -9.232290970186517 ], [ -64.003958239946869, -9.232040970917467 ] ], [ [ -63.998708250906688, -9.232040970917458 ], [ -63.999208249862889, -9.232040970917449 ], [ -63.999208249862889, -9.232290970186503 ], [ -63.998708250906688, -9.232290970186517 ], [ -63.998708250906688, -9.232040970917458 ] ], [ [ -64.003958239946869, -9.233040967993652 ], [ -64.004208239424969, -9.233040967993658 ], [ -64.004208239424969, -9.23329096726272 ], [ -64.003958239946869, -9.233290967262713 ], [ -64.003958239946869, -9.233040967993652 ] ], [ [ -64.002708242556338, -9.23329096726272 ], [ -64.002958242034452, -9.233290967262715 ], [ -64.002958242034452, -9.233540966531763 ], [ -64.002708242556338, -9.233540966531763 ], [ -64.002708242556338, -9.23329096726272 ] ], [ [ -64.001958244122036, -9.233290967262709 ], [ -64.002208243600137, -9.233290967262716 ], [ -64.002208243600137, -9.233540966531757 ], [ -64.001958244122036, -9.233540966531757 ], [ -64.001958244122036, -9.233290967262709 ] ], [ [ -64.000208247775305, -9.233790965800823 ], [ -64.000458247253405, -9.233790965800821 ], [ -64.000458247253405, -9.234290964338925 ], [ -63.999958248297204, -9.234290964338912 ], [ -63.999958248297204, -9.234040965069868 ], [ -64.000208247775305, -9.234040965069855 ], [ -64.000208247775305, -9.233790965800823 ] ], [ [ -64.003458240990653, -9.234040965069866 ], [ -64.003958239946869, -9.234040965069868 ], [ -64.003958239946869, -9.234290964338916 ], [ -64.003458240990653, -9.234290964338925 ], [ -64.003458240990653, -9.234040965069866 ] ], [ [ -64.002208243600137, -9.234290964338912 ], [ -64.002708242556338, -9.234290964338919 ], [ -64.002708242556338, -9.234540963607962 ], [ -64.002208243600137, -9.234540963607969 ], [ -64.002208243600137, -9.234290964338912 ] ], [ [ -64.001708244643936, -9.235540960684165 ], [ -64.001958244122036, -9.235540960684169 ], [ -64.001958244122036, -9.235790959953233 ], [ -64.001708244643936, -9.235790959953228 ], [ -64.001708244643936, -9.235540960684165 ] ], [ [ -63.998708250906688, -9.235540960684167 ], [ -63.998958250384796, -9.235540960684165 ], [ -63.998958250384796, -9.235790959953219 ], [ -63.998708250906688, -9.235790959953224 ], [ -63.998708250906688, -9.235540960684167 ] ], [ [ -64.002708242556338, -9.236790957029429 ], [ -64.002708242556338, -9.237040956298484 ], [ -64.001958244122036, -9.237040956298477 ], [ -64.001958244122036, -9.236790957029429 ], [ -64.002708242556338, -9.236790957029429 ] ], [ [ -64.002958242034452, -9.237040956298483 ], [ -64.002958242034452, -9.23729095556752 ], [ -64.002708242556338, -9.237290955567531 ], [ -64.002708242556338, -9.237040956298484 ], [ -64.002958242034452, -9.237040956298483 ] ], [ [ -64.00095824620962, -9.236790957029431 ], [ -64.001208245687721, -9.236790957029422 ], [ -64.001208245687721, -9.237290955567536 ], [ -64.00095824620962, -9.237290955567529 ], [ -64.00095824620962, -9.236790957029431 ] ], [ [ -63.998958250384796, -9.238290952643723 ], [ -63.999458249340989, -9.23829095264372 ], [ -63.999458249340989, -9.238540951912778 ], [ -63.998958250384796, -9.238540951912778 ], [ -63.998958250384796, -9.238290952643723 ] ], [ [ -64.002208243600137, -9.239040950450887 ], [ -64.002708242556338, -9.239040950450875 ], [ -64.002708242556338, -9.239290949719932 ], [ -64.002208243600137, -9.23929094971994 ], [ -64.002208243600137, -9.239040950450887 ] ], [ [ -64.000208247775305, -9.239040950450887 ], [ -64.000458247253405, -9.239040950450889 ], [ -64.000458247253405, -9.23929094971994 ], [ -64.000208247775305, -9.239290949719933 ], [ -64.000208247775305, -9.239040950450887 ] ] ], [ [ [ -63.997958252472372, -9.226540986998343 ], [ -63.997958252472372, -9.226290987729284 ], [ -63.997708252994265, -9.226290987729287 ], [ -63.997708252994265, -9.226540986998344 ], [ -63.997958252472372, -9.226540986998343 ] ] ], [ [ [ -63.99845825142858, -9.226290987729291 ], [ -63.99845825142858, -9.226040988460241 ], [ -63.99820825195048, -9.226040988460241 ], [ -63.99820825195048, -9.226290987729284 ], [ -63.99845825142858, -9.226290987729291 ] ] ], [ [ [ -63.99820825195048, -9.225540989922145 ], [ -63.99820825195048, -9.225290990653088 ], [ -63.997958252472372, -9.225290990653079 ], [ -63.997958252472372, -9.225540989922141 ], [ -63.99820825195048, -9.225540989922145 ] ] ], [ [ [ -63.99820825195048, -9.416290432207928 ], [ -63.99820825195048, -9.416040432938882 ], [ -63.997958252472372, -9.416040432938876 ], [ -63.997958252472372, -9.416290432207935 ], [ -63.99820825195048, -9.416290432207928 ] ] ], [ [ [ -63.99570825716944, -9.414540437324566 ], [ -63.99570825716944, -9.414290438055515 ], [ -63.995458257691347, -9.414290438055518 ], [ -63.995458257691347, -9.414540437324574 ], [ -63.99570825716944, -9.414540437324566 ] ] ], [ [ [ -63.99595825664754, -9.414290438055518 ], [ -63.99595825664754, -9.414040438786467 ], [ -63.99570825716944, -9.414040438786472 ], [ -63.99570825716944, -9.414290438055515 ], [ -63.99595825664754, -9.414290438055518 ] ] ], [ [ [ -63.992208264475991, -9.41304044171026 ], [ -63.992208264475991, -9.412790442441212 ], [ -63.991708265519776, -9.412790442441212 ], [ -63.991708265519776, -9.413040441710256 ], [ -63.992208264475991, -9.41304044171026 ] ] ], [ [ [ -63.988958271260643, -9.410290449750701 ], [ -63.988958271260643, -9.409790451212613 ], [ -63.988708271782542, -9.409790451212604 ], [ -63.988708271782542, -9.410290449750709 ], [ -63.988958271260643, -9.410290449750701 ] ] ], [ [ [ -63.987958273348227, -9.409540451943551 ], [ -63.987958273348227, -9.409790451212604 ], [ -63.988208272826327, -9.409790451212606 ], [ -63.988208272826327, -9.410290449750706 ], [ -63.988458272304435, -9.410290449750701 ], [ -63.988458272304435, -9.409290452674503 ], [ -63.988208272826327, -9.409290452674506 ], [ -63.988208272826327, -9.409540451943563 ], [ -63.987958273348227, -9.409540451943551 ] ] ], [ [ [ -63.991458266041676, -9.409540451943563 ], [ -63.991458266041676, -9.409290452674508 ], [ -63.990958267085475, -9.409290452674506 ], [ -63.990958267085475, -9.409540451943547 ], [ -63.991458266041676, -9.409540451943563 ] ] ], [ [ [ -63.986958275435818, -9.40904045340546 ], [ -63.986958275435818, -9.409540451943551 ], [ -63.98670827595771, -9.409540451943551 ], [ -63.98670827595771, -9.409790451212608 ], [ -63.987208274913911, -9.409790451212601 ], [ -63.987208274913911, -9.409540451943547 ], [ -63.987708273870119, -9.409540451943556 ], [ -63.987708273870119, -9.409290452674512 ], [ -63.987208274913911, -9.409290452674501 ], [ -63.987208274913911, -9.409040453405462 ], [ -63.986958275435818, -9.40904045340546 ] ] ], [ [ [ -63.989458270216858, -9.409290452674512 ], [ -63.989458270216858, -9.409040453405453 ], [ -63.98920827073875, -9.409040453405451 ], [ -63.98920827073875, -9.409290452674503 ], [ -63.989458270216858, -9.409290452674512 ] ] ], [ [ [ -63.984708280132878, -9.409040453405453 ], [ -63.984708280132878, -9.408790454136408 ], [ -63.984458280654778, -9.408790454136396 ], [ -63.984458280654778, -9.409040453405449 ], [ -63.984708280132878, -9.409040453405453 ] ] ], [ [ [ -63.986958275435818, -9.408790454136406 ], [ -63.986958275435818, -9.408540454867348 ], [ -63.986458276479603, -9.408540454867357 ], [ -63.986458276479603, -9.408790454136394 ], [ -63.986958275435818, -9.408790454136406 ] ] ], [ [ [ -63.986958275435818, -9.408290455598294 ], [ -63.986958275435818, -9.408040456329251 ], [ -63.98670827595771, -9.408040456329241 ], [ -63.98670827595771, -9.408290455598303 ], [ -63.986958275435818, -9.408290455598294 ] ] ], [ [ [ -63.985208279089093, -9.408040456329246 ], [ -63.984708280132878, -9.40804045632925 ], [ -63.984708280132878, -9.408290455598305 ], [ -63.985208279089093, -9.408290455598305 ], [ -63.985208279089093, -9.408040456329246 ] ] ], [ [ [ -63.996208256125648, -9.407290458522091 ], [ -63.99595825664754, -9.407290458522107 ], [ -63.99595825664754, -9.407790457060191 ], [ -63.996208256125648, -9.407790457060198 ], [ -63.996208256125648, -9.407290458522091 ] ] ], [ [ [ -63.99595825664754, -9.407290458522107 ], [ -63.99595825664754, -9.407040459253052 ], [ -63.995458257691347, -9.407040459253048 ], [ -63.995458257691347, -9.407790457060203 ], [ -63.99570825716944, -9.407790457060194 ], [ -63.99570825716944, -9.407290458522104 ], [ -63.99595825664754, -9.407290458522107 ] ] ], [ [ [ -63.996208256125648, -9.407040459253054 ], [ -63.996208256125648, -9.406790459983995 ], [ -63.99595825664754, -9.406790459983993 ], [ -63.99595825664754, -9.407040459253052 ], [ -63.996208256125648, -9.407040459253054 ] ] ], [ [ [ -63.99570825716944, -9.406790459984002 ], [ -63.99570825716944, -9.406540460714943 ], [ -63.995458257691347, -9.406540460714938 ], [ -63.995458257691347, -9.406790459983988 ], [ -63.99570825716944, -9.406790459984002 ] ] ], [ [ [ -63.980208289527013, -9.406290461445899 ], [ -63.980208289527013, -9.406040462176849 ], [ -63.979708290570812, -9.406040462176845 ], [ -63.979708290570812, -9.406290461445899 ], [ -63.980208289527013, -9.406290461445899 ] ] ], [ [ [ -63.980958287961329, -9.404790465831582 ], [ -63.980958287961329, -9.404540466562535 ], [ -63.980708288483221, -9.404540466562533 ], [ -63.980708288483221, -9.404790465831587 ], [ -63.980958287961329, -9.404790465831582 ] ] ], [ [ [ -63.98920827073875, -9.404040468024434 ], [ -63.98920827073875, -9.403790468755385 ], [ -63.988958271260643, -9.403790468755385 ], [ -63.988958271260643, -9.404040468024442 ], [ -63.98920827073875, -9.404040468024434 ] ] ], [ [ [ -63.967958315099928, -9.337040663918811 ], [ -63.967958315099928, -9.336790664649758 ], [ -63.967708315621834, -9.33679066464976 ], [ -63.967708315621834, -9.337040663918819 ], [ -63.967958315099928, -9.337040663918811 ] ] ], [ [ [ -63.966208318753203, -9.336290666111655 ], [ -63.966208318753203, -9.336040666842608 ], [ -63.965708319796988, -9.336040666842614 ], [ -63.965708319796988, -9.336290666111651 ], [ -63.966208318753203, -9.336290666111655 ] ] ], [ [ [ -63.966458318231304, -9.336040666842614 ], [ -63.966458318231304, -9.335790667573557 ], [ -63.966208318753203, -9.335790667573558 ], [ -63.966208318753203, -9.336040666842608 ], [ -63.966458318231304, -9.336040666842614 ] ] ], [ [ [ -63.988208272826327, -9.326790693887734 ], [ -63.988208272826327, -9.327040693156787 ], [ -63.98920827073875, -9.327040693156773 ], [ -63.98920827073875, -9.326540694618686 ], [ -63.988708271782542, -9.326540694618679 ], [ -63.988708271782542, -9.32629069534962 ], [ -63.988458272304435, -9.326290695349634 ], [ -63.988458272304435, -9.326790693887727 ], [ -63.988208272826327, -9.326790693887734 ] ] ], [ [ [ -63.992208264475991, -9.324790699735322 ], [ -63.992208264475991, -9.324290701197217 ], [ -63.991958264997884, -9.324290701197214 ], [ -63.991958264997884, -9.324790699735324 ], [ -63.992208264475991, -9.324790699735322 ] ] ], [ [ [ -63.984708280132878, -9.323790702659112 ], [ -63.984708280132878, -9.323540703390067 ], [ -63.98420828117667, -9.323540703390069 ], [ -63.98420828117667, -9.324290701197221 ], [ -63.984458280654778, -9.324290701197226 ], [ -63.984458280654778, -9.32379070265911 ], [ -63.984708280132878, -9.323790702659112 ] ] ], [ [ [ -63.987958273348227, -9.323790702659123 ], [ -63.987958273348227, -9.323290704121021 ], [ -63.987708273870119, -9.323290704121009 ], [ -63.987708273870119, -9.324040701928165 ], [ -63.988208272826327, -9.324040701928176 ], [ -63.988208272826327, -9.323790702659116 ], [ -63.987958273348227, -9.323790702659123 ] ] ], [ [ [ -63.990208268651159, -9.323790702659119 ], [ -63.990208268651159, -9.323290704121009 ], [ -63.989458270216858, -9.323290704121025 ], [ -63.989458270216858, -9.323790702659119 ], [ -63.990208268651159, -9.323790702659119 ] ] ], [ [ [ -63.9934582618665, -9.323540703390069 ], [ -63.9934582618665, -9.323040704851973 ], [ -63.992958262910307, -9.323040704851971 ], [ -63.992958262910307, -9.322540706313857 ], [ -63.992708263432199, -9.32254070631387 ], [ -63.992708263432199, -9.323040704851969 ], [ -63.992458263954092, -9.323040704851959 ], [ -63.992458263954092, -9.323540703390071 ], [ -63.992208264475991, -9.323540703390059 ], [ -63.992208264475991, -9.324290701197217 ], [ -63.992958262910307, -9.324290701197221 ], [ -63.992958262910307, -9.324040701928167 ], [ -63.9932082623884, -9.324040701928169 ], [ -63.9932082623884, -9.323540703390069 ], [ -63.9934582618665, -9.323540703390069 ] ] ], [ [ [ -63.992458263954092, -9.322040707775754 ], [ -63.992458263954092, -9.321790708506708 ], [ -63.992208264475991, -9.321790708506704 ], [ -63.992208264475991, -9.32204070777577 ], [ -63.992458263954092, -9.322040707775754 ] ] ], [ [ [ -63.984708280132878, -9.319290715816198 ], [ -63.984708280132878, -9.319040716547146 ], [ -63.984958279610986, -9.319040716547143 ], [ -63.984958279610986, -9.318790717278095 ], [ -63.985208279089093, -9.318790717278102 ], [ -63.985208279089093, -9.318290718739995 ], [ -63.984958279610986, -9.318290718740002 ], [ -63.984958279610986, -9.318540718009054 ], [ -63.984458280654778, -9.31854071800905 ], [ -63.984458280654778, -9.318290718740004 ], [ -63.98420828117667, -9.31829071874 ], [ -63.98420828117667, -9.318540718009052 ], [ -63.983958281698563, -9.318540718009052 ], [ -63.983958281698563, -9.318790717278095 ], [ -63.98420828117667, -9.318790717278095 ], [ -63.98420828117667, -9.319290715816207 ], [ -63.984708280132878, -9.319290715816198 ] ] ], [ [ [ -63.990208268651159, -9.317290721663799 ], [ -63.990208268651159, -9.31679072312569 ], [ -63.989958269173052, -9.31679072312569 ], [ -63.989958269173052, -9.317290721663785 ], [ -63.990208268651159, -9.317290721663799 ] ] ], [ [ [ -63.985958277523395, -9.314290730435181 ], [ -63.985958277523395, -9.314040731166138 ], [ -63.985708278045301, -9.314040731166136 ], [ -63.985708278045301, -9.314290730435177 ], [ -63.985958277523395, -9.314290730435181 ] ] ], [ [ [ -63.984708280132878, -9.314290730435191 ], [ -63.984708280132878, -9.313540732628033 ], [ -63.984458280654778, -9.313540732628034 ], [ -63.984458280654778, -9.314290730435179 ], [ -63.984708280132878, -9.314290730435191 ] ] ], [ [ [ -63.987208274913911, -9.313540732628036 ], [ -63.987208274913911, -9.313790731897081 ], [ -63.987458274392026, -9.313790731897079 ], [ -63.987458274392026, -9.313290733358977 ], [ -63.987208274913911, -9.31329073335899 ], [ -63.987208274913911, -9.313040734089933 ], [ -63.986958275435818, -9.313040734089927 ], [ -63.986958275435818, -9.313540732628031 ], [ -63.987208274913911, -9.313540732628036 ] ] ], [ [ [ -63.986958275435818, -9.31054074139943 ], [ -63.986958275435818, -9.311290739206576 ], [ -63.987208274913911, -9.311290739206576 ], [ -63.987208274913911, -9.31154073847563 ], [ -63.987708273870119, -9.311540738475619 ], [ -63.987708273870119, -9.31129073920658 ], [ -63.987458274392026, -9.311290739206569 ], [ -63.987458274392026, -9.311040739937525 ], [ -63.987208274913911, -9.311040739937518 ], [ -63.987208274913911, -9.310540741399421 ], [ -63.986958275435818, -9.31054074139943 ] ] ], [ [ [ -63.996208256125648, -9.299040775023077 ], [ -63.996208256125648, -9.298790775754032 ], [ -63.99595825664754, -9.298790775754039 ], [ -63.99595825664754, -9.299040775023091 ], [ -63.996208256125648, -9.299040775023077 ] ] ], [ [ [ -63.995458257691347, -9.299040775023087 ], [ -63.995458257691347, -9.298790775754027 ], [ -63.995208258213225, -9.298790775754036 ], [ -63.995208258213225, -9.299040775023091 ], [ -63.995458257691347, -9.299040775023087 ] ] ], [ [ [ -63.997958252472372, -9.298790775754027 ], [ -63.997958252472372, -9.298540776484991 ], [ -63.997708252994265, -9.298540776484982 ], [ -63.997708252994265, -9.298790775754039 ], [ -63.997958252472372, -9.298790775754027 ] ] ], [ [ [ -63.997208254038071, -9.298290777215929 ], [ -63.997208254038071, -9.298040777946875 ], [ -63.996958254559949, -9.298040777946884 ], [ -63.996958254559949, -9.298290777215925 ], [ -63.997208254038071, -9.298290777215929 ] ] ], [ [ [ -63.996208256125648, -9.298540776484986 ], [ -63.996208256125648, -9.29779077867784 ], [ -63.99595825664754, -9.297790778677829 ], [ -63.99595825664754, -9.298540776484991 ], [ -63.996208256125648, -9.298540776484986 ] ] ], [ [ [ -63.997958252472372, -9.297790778677827 ], [ -63.997958252472372, -9.297290780139722 ], [ -63.997708252994265, -9.297290780139731 ], [ -63.997708252994265, -9.297790778677824 ], [ -63.997958252472372, -9.297790778677827 ] ] ], [ [ [ -63.996958254559949, -9.297290780139734 ], [ -63.996958254559949, -9.29704078087067 ], [ -63.996708255081856, -9.297040780870683 ], [ -63.996708255081856, -9.297290780139733 ], [ -63.996458255603756, -9.297290780139727 ], [ -63.996458255603756, -9.297790778677832 ], [ -63.996708255081856, -9.297790778677827 ], [ -63.996708255081856, -9.298040777946873 ], [ -63.996958254559949, -9.298040777946884 ], [ -63.996958254559949, -9.297790778677827 ], [ -63.997208254038071, -9.297790778677824 ], [ -63.997208254038071, -9.297290780139729 ], [ -63.996958254559949, -9.297290780139734 ] ] ], [ [ [ -63.995208258213225, -9.297290780139727 ], [ -63.995208258213225, -9.297040780870676 ], [ -63.994708259257031, -9.297040780870676 ], [ -63.994708259257031, -9.297290780139733 ], [ -63.994458259778924, -9.297290780139722 ], [ -63.994458259778924, -9.297790778677831 ], [ -63.995208258213225, -9.297790778677838 ], [ -63.995208258213225, -9.298040777946884 ], [ -63.995458257691347, -9.298040777946882 ], [ -63.995458257691347, -9.297790778677829 ], [ -63.99595825664754, -9.297790778677829 ], [ -63.99595825664754, -9.297290780139724 ], [ -63.995208258213225, -9.297290780139727 ] ] ], [ [ [ -63.993958260822716, -9.297040780870669 ], [ -63.993958260822716, -9.296790781601624 ], [ -63.993708261344608, -9.29679078160162 ], [ -63.993708261344608, -9.297290780139733 ], [ -63.994208260300816, -9.297290780139727 ], [ -63.994208260300816, -9.297040780870672 ], [ -63.993958260822716, -9.297040780870669 ] ] ], [ [ [ -63.994708259257031, -9.296790781601622 ], [ -63.994458259778924, -9.296790781601626 ], [ -63.994458259778924, -9.297040780870674 ], [ -63.994708259257031, -9.297040780870676 ], [ -63.994708259257031, -9.296790781601622 ] ] ], [ [ [ -63.994208260300816, -9.296040783794467 ], [ -63.993958260822716, -9.296040783794465 ], [ -63.993958260822716, -9.296540782332579 ], [ -63.994458259778924, -9.296540782332574 ], [ -63.994458259778924, -9.296290783063521 ], [ -63.994208260300816, -9.29629078306353 ], [ -63.994208260300816, -9.296040783794467 ] ] ], [ [ [ -63.993708261344608, -9.296290783063531 ], [ -63.993708261344608, -9.296040783794467 ], [ -63.9934582618665, -9.296040783794471 ], [ -63.9934582618665, -9.29629078306353 ], [ -63.993708261344608, -9.296290783063531 ] ] ], [ [ [ -63.997708252994265, -9.295790784525426 ], [ -63.997708252994265, -9.295540785256371 ], [ -63.997208254038071, -9.295540785256367 ], [ -63.997208254038071, -9.29579078452543 ], [ -63.997708252994265, -9.295790784525426 ] ] ], [ [ [ -63.997208254038071, -9.295540785256367 ], [ -63.997208254038071, -9.295290785987318 ], [ -63.996708255081856, -9.295290785987319 ], [ -63.996708255081856, -9.295540785256376 ], [ -63.997208254038071, -9.295540785256367 ] ] ], [ [ [ -63.994708259257031, -9.294790787449221 ], [ -63.994708259257031, -9.295290785987325 ], [ -63.994458259778924, -9.295290785987323 ], [ -63.994458259778924, -9.29604078379448 ], [ -63.994708259257031, -9.29604078379448 ], [ -63.994708259257031, -9.295790784525419 ], [ -63.995208258213225, -9.295790784525417 ], [ -63.995208258213225, -9.295290785987332 ], [ -63.99570825716944, -9.295290785987321 ], [ -63.99570825716944, -9.294790787449227 ], [ -63.994708259257031, -9.294790787449221 ] ] ], [ [ [ -63.994708259257031, -9.294790787449221 ], [ -63.994708259257031, -9.294540788180175 ], [ -63.994208260300816, -9.294540788180178 ], [ -63.994208260300816, -9.295290785987321 ], [ -63.994458259778924, -9.295290785987323 ], [ -63.994458259778924, -9.294790787449219 ], [ -63.994708259257031, -9.294790787449221 ] ] ], [ [ [ -63.996708255081856, -9.294790787449218 ], [ -63.996708255081856, -9.294540788180171 ], [ -63.996208256125648, -9.29454078818017 ], [ -63.996208256125648, -9.294790787449219 ], [ -63.996708255081856, -9.294790787449218 ] ] ], [ [ [ -63.976708296833564, -9.293790790373022 ], [ -63.976708296833564, -9.293290791834918 ], [ -63.976208297877349, -9.293290791834911 ], [ -63.976208297877349, -9.293540791103963 ], [ -63.976458297355457, -9.293540791103956 ], [ -63.976458297355457, -9.29379079037302 ], [ -63.976708296833564, -9.293790790373022 ] ] ], [ [ [ -63.997958252472372, -9.291040798413459 ], [ -63.997958252472372, -9.290790799144409 ], [ -63.997708252994265, -9.2907907991444 ], [ -63.997708252994265, -9.291040798413455 ], [ -63.997958252472372, -9.291040798413459 ] ] ], [ [ [ -63.997958252472372, -9.288790804991997 ], [ -63.997958252472372, -9.288540805722947 ], [ -63.997458253516164, -9.288540805722958 ], [ -63.997458253516164, -9.289040804261044 ], [ -63.997708252994265, -9.289040804261044 ], [ -63.997708252994265, -9.288790804992001 ], [ -63.997958252472372, -9.288790804991997 ] ] ], [ [ [ -63.996458255603756, -9.287290809377701 ], [ -63.996458255603756, -9.286540811570541 ], [ -63.99595825664754, -9.286540811570548 ], [ -63.99595825664754, -9.286790810839602 ], [ -63.996208256125648, -9.286790810839598 ], [ -63.996208256125648, -9.287290809377694 ], [ -63.996458255603756, -9.287290809377701 ] ] ], [ [ [ -63.997708252994265, -9.286290812301491 ], [ -63.997708252994265, -9.286040813032439 ], [ -63.997208254038071, -9.286040813032448 ], [ -63.997208254038071, -9.287290809377691 ], [ -63.997708252994265, -9.287290809377696 ], [ -63.997708252994265, -9.287040810108651 ], [ -63.997458253516164, -9.287040810108644 ], [ -63.997458253516164, -9.286790810839596 ], [ -63.997708252994265, -9.286790810839589 ], [ -63.997708252994265, -9.286540811570548 ], [ -63.997958252472372, -9.286540811570545 ], [ -63.997958252472372, -9.286290812301493 ], [ -63.997708252994265, -9.286290812301491 ] ] ], [ [ [ -63.997958252472372, -9.286040813032441 ], [ -63.997958252472372, -9.285290815225284 ], [ -63.997708252994265, -9.285290815225293 ], [ -63.997708252994265, -9.286040813032439 ], [ -63.997958252472372, -9.286040813032441 ] ] ], [ [ [ -63.997958252472372, -9.284540817418129 ], [ -63.997958252472372, -9.284290818149087 ], [ -63.997708252994265, -9.284290818149092 ], [ -63.997708252994265, -9.284540817418142 ], [ -63.997958252472372, -9.284540817418129 ] ] ], [ [ [ -63.990208268651159, -9.28404081888003 ], [ -63.990208268651159, -9.283290821072882 ], [ -63.988958271260643, -9.28329082107288 ], [ -63.988958271260643, -9.283790819610985 ], [ -63.98920827073875, -9.283790819610976 ], [ -63.98920827073875, -9.284040818880033 ], [ -63.990208268651159, -9.28404081888003 ] ] ], [ [ [ -63.996458255603756, -9.281790825458572 ], [ -63.996458255603756, -9.281540826189531 ], [ -63.996208256125648, -9.281540826189524 ], [ -63.996208256125648, -9.281790825458579 ], [ -63.996458255603756, -9.281790825458572 ] ] ], [ [ [ -63.991208266563582, -9.281790825458586 ], [ -63.991208266563582, -9.28154082618952 ], [ -63.990958267085475, -9.281540826189527 ], [ -63.990958267085475, -9.281790825458577 ], [ -63.991208266563582, -9.281790825458586 ] ] ], [ [ [ -63.991458266041676, -9.281540826189522 ], [ -63.991458266041676, -9.281290826920465 ], [ -63.991208266563582, -9.28129082692047 ], [ -63.991208266563582, -9.28154082618952 ], [ -63.991458266041676, -9.281540826189522 ] ] ], [ [ [ -63.9189584173916, -9.28154082618952 ], [ -63.9189584173916, -9.281290826920481 ], [ -63.9187084179135, -9.281290826920479 ], [ -63.9187084179135, -9.281540826189522 ], [ -63.9189584173916, -9.28154082618952 ] ] ], [ [ [ -63.991208266563582, -9.28129082692047 ], [ -63.991208266563582, -9.281040827651424 ], [ -63.990958267085475, -9.281040827651429 ], [ -63.990958267085475, -9.281290826920477 ], [ -63.991208266563582, -9.28129082692047 ] ] ], [ [ [ -63.996458255603756, -9.281290826920475 ], [ -63.996458255603756, -9.280790828382377 ], [ -63.996208256125648, -9.280790828382365 ], [ -63.996208256125648, -9.281290826920474 ], [ -63.996458255603756, -9.281290826920475 ] ] ], [ [ [ -63.919458416347815, -9.278790834229968 ], [ -63.919458416347815, -9.278540834960912 ], [ -63.9189584173916, -9.278540834960916 ], [ -63.9189584173916, -9.278790834229959 ], [ -63.919458416347815, -9.278790834229968 ] ] ], [ [ [ -63.996458255603756, -9.275040845194198 ], [ -63.996458255603756, -9.274540846656109 ], [ -63.996208256125648, -9.274540846656109 ], [ -63.996208256125648, -9.27429084738705 ], [ -63.994958258735132, -9.274290847387045 ], [ -63.994958258735132, -9.274540846656109 ], [ -63.994708259257031, -9.274540846656107 ], [ -63.994708259257031, -9.274790845925162 ], [ -63.994958258735132, -9.274790845925159 ], [ -63.994958258735132, -9.275040845194198 ], [ -63.995208258213225, -9.275040845194205 ], [ -63.995208258213225, -9.275290844463258 ], [ -63.99595825664754, -9.275290844463264 ], [ -63.99595825664754, -9.27504084519421 ], [ -63.996458255603756, -9.275040845194198 ] ] ], [ [ [ -63.996708255081856, -9.273540849579906 ], [ -63.996708255081856, -9.272790851772747 ], [ -63.996208256125648, -9.27279085177274 ], [ -63.996208256125648, -9.27304085104179 ], [ -63.99595825664754, -9.273040851041797 ], [ -63.99595825664754, -9.273290850310852 ], [ -63.99570825716944, -9.273290850310845 ], [ -63.99570825716944, -9.27354084957989 ], [ -63.99595825664754, -9.273540849579891 ], [ -63.99595825664754, -9.273790848848957 ], [ -63.996458255603756, -9.273790848848948 ], [ -63.996458255603756, -9.273540849579891 ], [ -63.996708255081856, -9.273540849579906 ] ] ], [ [ [ -63.99595825664754, -9.273040851041797 ], [ -63.99595825664754, -9.272290853234653 ], [ -63.99570825716944, -9.272290853234637 ], [ -63.99570825716944, -9.273040851041802 ], [ -63.99595825664754, -9.273040851041797 ] ] ], [ [ [ -63.993958260822716, -9.270790857620346 ], [ -63.993958260822716, -9.272040853965585 ], [ -63.994208260300816, -9.272040853965605 ], [ -63.994208260300816, -9.272290853234642 ], [ -63.994458259778924, -9.27229085323464 ], [ -63.994458259778924, -9.27329085031084 ], [ -63.994958258735132, -9.273290850310843 ], [ -63.994958258735132, -9.273040851041793 ], [ -63.995208258213225, -9.273040851041801 ], [ -63.995208258213225, -9.272790851772752 ], [ -63.995458257691347, -9.272790851772752 ], [ -63.995458257691347, -9.271790854696542 ], [ -63.99595825664754, -9.271790854696542 ], [ -63.99595825664754, -9.271540855427498 ], [ -63.996208256125648, -9.271540855427487 ], [ -63.996208256125648, -9.271290856158444 ], [ -63.996458255603756, -9.271290856158437 ], [ -63.996458255603756, -9.271040856889384 ], [ -63.996708255081856, -9.271040856889391 ], [ -63.996708255081856, -9.270790857620332 ], [ -63.996958254559949, -9.270790857620346 ], [ -63.996958254559949, -9.270040859813186 ], [ -63.996708255081856, -9.270040859813186 ], [ -63.996708255081856, -9.269790860544141 ], [ -63.99570825716944, -9.269790860544132 ], [ -63.99570825716944, -9.270040859813195 ], [ -63.995208258213225, -9.270040859813193 ], [ -63.995208258213225, -9.270790857620346 ], [ -63.994958258735132, -9.270790857620341 ], [ -63.994958258735132, -9.271290856158437 ], [ -63.994708259257031, -9.271290856158444 ], [ -63.994708259257031, -9.271040856889398 ], [ -63.994458259778924, -9.271040856889382 ], [ -63.994458259778924, -9.270790857620344 ], [ -63.993958260822716, -9.270790857620346 ] ] ], [ [ [ -63.996708255081856, -9.26904086273699 ], [ -63.996708255081856, -9.26854086419889 ], [ -63.996458255603756, -9.268540864198885 ], [ -63.996458255603756, -9.26904086273699 ], [ -63.996708255081856, -9.26904086273699 ] ] ], [ [ [ -63.997208254038071, -9.268540864198881 ], [ -63.997208254038071, -9.268040865660774 ], [ -63.996708255081856, -9.268040865660774 ], [ -63.996708255081856, -9.268290864929829 ], [ -63.996958254559949, -9.268290864929837 ], [ -63.996958254559949, -9.26904086273699 ], [ -63.99845825142858, -9.269040862736986 ], [ -63.99845825142858, -9.268540864198885 ], [ -63.99820825195048, -9.26854086419889 ], [ -63.99820825195048, -9.268790863467929 ], [ -63.997708252994265, -9.268790863467927 ], [ -63.997708252994265, -9.268540864198883 ], [ -63.997208254038071, -9.268540864198881 ] ] ], [ [ [ -63.919208416869694, -9.267290867853626 ], [ -63.919208416869694, -9.26704086858458 ], [ -63.9189584173916, -9.267040868584575 ], [ -63.9189584173916, -9.267290867853633 ], [ -63.919208416869694, -9.267290867853626 ] ] ], [ [ [ -63.986458276479603, -9.265540872970263 ], [ -63.986458276479603, -9.265790872239323 ], [ -63.98670827595771, -9.265790872239327 ], [ -63.98670827595771, -9.26504087443217 ], [ -63.986958275435818, -9.265040874432177 ], [ -63.986958275435818, -9.264540875894074 ], [ -63.987208274913911, -9.26454087589407 ], [ -63.987208274913911, -9.264040877355965 ], [ -63.987458274392026, -9.264040877355974 ], [ -63.987458274392026, -9.263790878086912 ], [ -63.986958275435818, -9.263790878086917 ], [ -63.986958275435818, -9.26354087881786 ], [ -63.98670827595771, -9.263540878817864 ], [ -63.98670827595771, -9.263290879548819 ], [ -63.986208277001502, -9.263290879548812 ], [ -63.986208277001502, -9.263540878817867 ], [ -63.985958277523395, -9.263540878817864 ], [ -63.985958277523395, -9.263790878086912 ], [ -63.985708278045301, -9.263790878086921 ], [ -63.985708278045301, -9.264540875894062 ], [ -63.985458278567187, -9.264540875894074 ], [ -63.985458278567187, -9.26504087443217 ], [ -63.985708278045301, -9.265040874432161 ], [ -63.985708278045301, -9.265540872970274 ], [ -63.986458276479603, -9.265540872970263 ] ], [ [ -63.986458276479603, -9.265040874432172 ], [ -63.985958277523395, -9.26504087443216 ], [ -63.985958277523395, -9.264540875894067 ], [ -63.986208277001502, -9.264540875894074 ], [ -63.986208277001502, -9.263790878086915 ], [ -63.98670827595771, -9.263790878086919 ], [ -63.98670827595771, -9.264540875894058 ], [ -63.986458276479603, -9.264540875894067 ], [ -63.986458276479603, -9.265040874432172 ] ] ], [ [ [ -63.983958281698563, -9.253540908055829 ], [ -63.983958281698563, -9.253290908786784 ], [ -63.983708282220462, -9.253290908786775 ], [ -63.983708282220462, -9.253540908055829 ], [ -63.983958281698563, -9.253540908055829 ] ] ], [ [ [ -63.98420828117667, -9.253040909517731 ], [ -63.98420828117667, -9.252290911710579 ], [ -63.983708282220462, -9.252290911710572 ], [ -63.983708282220462, -9.253040909517734 ], [ -63.98420828117667, -9.253040909517731 ] ] ], [ [ [ -63.987708273870119, -9.251290914634367 ], [ -63.987458274392026, -9.251290914634364 ], [ -63.987458274392026, -9.251040915365316 ], [ -63.986958275435818, -9.251040915365323 ], [ -63.986958275435818, -9.250790916096276 ], [ -63.986458276479603, -9.250790916096273 ], [ -63.986458276479603, -9.25179091317248 ], [ -63.986958275435818, -9.251790913172471 ], [ -63.986958275435818, -9.252040912441529 ], [ -63.987208274913911, -9.252040912441529 ], [ -63.987208274913911, -9.252290911710581 ], [ -63.987708273870119, -9.252290911710569 ], [ -63.987708273870119, -9.252040912441531 ], [ -63.987958273348227, -9.252040912441526 ], [ -63.987958273348227, -9.251540913903419 ], [ -63.987708273870119, -9.251540913903431 ], [ -63.987708273870119, -9.251290914634367 ] ] ], [ [ [ -63.987708273870119, -9.249790919020073 ], [ -63.987208274913911, -9.249790919020063 ], [ -63.987208274913911, -9.250290917558177 ], [ -63.987708273870119, -9.250290917558166 ], [ -63.987708273870119, -9.249790919020073 ] ] ], [ [ [ -63.987708273870119, -9.249540919751018 ], [ -63.987708273870119, -9.24929092048197 ], [ -63.987458274392026, -9.249290920481974 ], [ -63.987458274392026, -9.249540919751013 ], [ -63.987708273870119, -9.249540919751018 ] ] ], [ [ [ -63.99595825664754, -9.234540963607961 ], [ -63.99595825664754, -9.234290964338914 ], [ -63.995458257691347, -9.234290964338911 ], [ -63.995458257691347, -9.234540963607964 ], [ -63.99595825664754, -9.234540963607961 ] ] ], [ [ [ -63.992958262910307, -9.234540963607969 ], [ -63.992958262910307, -9.234290964338919 ], [ -63.9932082623884, -9.234290964338916 ], [ -63.9932082623884, -9.234540963607968 ], [ -63.9934582618665, -9.234540963607971 ], [ -63.9934582618665, -9.234040965069859 ], [ -63.992708263432199, -9.234040965069861 ], [ -63.992708263432199, -9.234540963607978 ], [ -63.992958262910307, -9.234540963607969 ] ] ], [ [ [ -63.993958260822716, -9.233290967262706 ], [ -63.993958260822716, -9.233790965800816 ], [ -63.993708261344608, -9.233790965800814 ], [ -63.993708261344608, -9.234540963607969 ], [ -63.994208260300816, -9.234540963607964 ], [ -63.994208260300816, -9.234290964338912 ], [ -63.994458259778924, -9.234290964338912 ], [ -63.994458259778924, -9.233790965800814 ], [ -63.994208260300816, -9.233790965800825 ], [ -63.994208260300816, -9.233290967262713 ], [ -63.993958260822716, -9.233290967262706 ] ] ], [ [ [ -63.992708263432199, -9.233040967993665 ], [ -63.992708263432199, -9.232790968724608 ], [ -63.992208264475991, -9.232790968724617 ], [ -63.992208264475991, -9.233040967993663 ], [ -63.992708263432199, -9.233040967993665 ] ] ], [ [ [ -63.942708367811456, -9.231790971648417 ], [ -63.942708367811456, -9.231540972379355 ], [ -63.942458368333348, -9.231540972379362 ], [ -63.942458368333348, -9.231790971648413 ], [ -63.942708367811456, -9.231790971648417 ] ] ], [ [ [ -63.943208366767664, -9.231540972379364 ], [ -63.943208366767664, -9.231290973110305 ], [ -63.942958367289563, -9.231290973110317 ], [ -63.942958367289563, -9.231540972379356 ], [ -63.943208366767664, -9.231540972379364 ] ] ], [ [ [ -63.942458368333348, -9.23079097457221 ], [ -63.942458368333348, -9.230540975303152 ], [ -63.942208368855248, -9.23054097530316 ], [ -63.942208368855248, -9.230790974572201 ], [ -63.942458368333348, -9.23079097457221 ] ] ], [ [ [ -63.942958367289563, -9.229540978226957 ], [ -63.942958367289563, -9.229290978957904 ], [ -63.942708367811456, -9.229290978957909 ], [ -63.942708367811456, -9.229540978226956 ], [ -63.942958367289563, -9.229540978226957 ] ] ], [ [ [ -63.994208260300816, -9.226540986998332 ], [ -63.994208260300816, -9.226290987729293 ], [ -63.993958260822716, -9.226290987729294 ], [ -63.993958260822716, -9.226540986998334 ], [ -63.994208260300816, -9.226540986998332 ] ] ], [ [ [ -63.995458257691347, -9.2267909862674 ], [ -63.995458257691347, -9.226290987729289 ], [ -63.99570825716944, -9.226290987729284 ], [ -63.99570825716944, -9.226540986998343 ], [ -63.996208256125648, -9.226540986998337 ], [ -63.996208256125648, -9.225540989922145 ], [ -63.99595825664754, -9.225540989922131 ], [ -63.99595825664754, -9.225790989191186 ], [ -63.99570825716944, -9.225790989191189 ], [ -63.99570825716944, -9.225540989922136 ], [ -63.995458257691347, -9.225540989922145 ], [ -63.995458257691347, -9.226040988460246 ], [ -63.994458259778924, -9.226040988460236 ], [ -63.994458259778924, -9.226540986998346 ], [ -63.994208260300816, -9.226540986998332 ], [ -63.994208260300816, -9.226790986267391 ], [ -63.995458257691347, -9.2267909862674 ] ] ], [ [ [ -63.994458259778924, -9.225790989191186 ], [ -63.994458259778924, -9.225540989922136 ], [ -63.994208260300816, -9.225540989922134 ], [ -63.994208260300816, -9.225790989191188 ], [ -63.994458259778924, -9.225790989191186 ] ] ], [ [ [ -63.995458257691347, -9.225540989922145 ], [ -63.995458257691347, -9.22479099211499 ], [ -63.994708259257031, -9.224790992114984 ], [ -63.994708259257031, -9.225540989922139 ], [ -63.995458257691347, -9.225540989922145 ] ] ], [ [ [ -63.947958356851629, -9.225290990653091 ], [ -63.947958356851629, -9.224790992114983 ], [ -63.947458357895421, -9.224790992114977 ], [ -63.947458357895421, -9.225040991384033 ], [ -63.947208358417328, -9.225040991384033 ], [ -63.947208358417328, -9.225290990653079 ], [ -63.947958356851629, -9.225290990653091 ] ] ], [ [ [ -63.996708255081856, -9.224790992114984 ], [ -63.996708255081856, -9.224540992845929 ], [ -63.996458255603756, -9.224540992845935 ], [ -63.996458255603756, -9.224790992114981 ], [ -63.996708255081856, -9.224790992114984 ] ] ], [ [ [ -63.995208258211086, -9.22412786332416 ], [ -63.994708259251595, -9.224128558306155 ], [ -63.994708259257031, -9.224540992845936 ], [ -63.995458257691347, -9.224540992845933 ], [ -63.995458257691347, -9.224290993576885 ], [ -63.995208258213225, -9.224290993576878 ], [ -63.995208258211086, -9.22412786332416 ] ] ], [ [ [ -63.995958256645416, -9.224126819547999 ], [ -63.995708257167315, -9.224127167647149 ], [ -63.99570825716944, -9.224290993576883 ], [ -63.99595825664754, -9.22429099357689 ], [ -63.995958256645416, -9.224126819547999 ] ] ], [ [ [ -63.91395842782952, -9.352040620061866 ], [ -63.91395842782952, -9.351790620792816 ], [ -63.913458428873327, -9.351790620792817 ], [ -63.913458428873327, -9.352040620061864 ], [ -63.91395842782952, -9.352040620061866 ] ] ], [ [ [ -63.912208431482796, -9.347790632488001 ], [ -63.912208431482796, -9.347540633218943 ], [ -63.911708432526602, -9.347540633218946 ], [ -63.911708432526602, -9.347790632487991 ], [ -63.912208431482796, -9.347790632488001 ] ] ], [ [ [ -63.910458435136071, -9.341540650761733 ], [ -63.910458435136071, -9.341290651492674 ], [ -63.910208435657971, -9.341290651492681 ], [ -63.910208435657971, -9.341540650761729 ], [ -63.910458435136071, -9.341540650761733 ] ] ], [ [ [ -63.909208437745562, -9.341540650761729 ], [ -63.909208437745562, -9.341290651492674 ], [ -63.908958438267454, -9.34129065149267 ], [ -63.908958438267454, -9.341540650761722 ], [ -63.909208437745562, -9.341540650761729 ] ] ], [ [ [ -63.90970843670177, -9.341040652223628 ], [ -63.90970843670177, -9.340790652954583 ], [ -63.909458437223655, -9.340790652954578 ], [ -63.909458437223655, -9.341040652223615 ], [ -63.90970843670177, -9.341040652223628 ] ] ], [ [ [ -63.910958434092286, -9.291790796220612 ], [ -63.910958434092286, -9.291540796951558 ], [ -63.910708434614179, -9.29154079695156 ], [ -63.910708434614179, -9.291790796220599 ], [ -63.910958434092286, -9.291790796220612 ] ] ], [ [ [ -63.910208435657971, -9.290790799144411 ], [ -63.910208435657971, -9.290540799875352 ], [ -63.90970843670177, -9.290540799875355 ], [ -63.90970843670177, -9.290790799144416 ], [ -63.910208435657971, -9.290790799144411 ] ] ], [ [ [ -63.908958438267454, -9.290790799144398 ], [ -63.908958438267454, -9.29054079987535 ], [ -63.908708438789347, -9.29054079987535 ], [ -63.908708438789347, -9.2907907991444 ], [ -63.908958438267454, -9.290790799144398 ] ] ], [ [ [ -63.910458435136071, -9.289790802068206 ], [ -63.910458435136071, -9.289540802799149 ], [ -63.910208435657971, -9.289540802799156 ], [ -63.910208435657971, -9.289790802068211 ], [ -63.910458435136071, -9.289790802068206 ] ] ], [ [ [ -63.910458435136071, -9.287290809377701 ], [ -63.910458435136071, -9.288040807184842 ], [ -63.910708434614179, -9.288040807184837 ], [ -63.910708434614179, -9.288790804991997 ], [ -63.910958434092286, -9.288790804992004 ], [ -63.910958434092286, -9.289790802068199 ], [ -63.910708434614179, -9.289790802068202 ], [ -63.910708434614179, -9.290540799875357 ], [ -63.910958434092286, -9.290540799875366 ], [ -63.910958434092286, -9.290790799144403 ], [ -63.911458433048494, -9.2907907991444 ], [ -63.911458433048494, -9.291040798413457 ], [ -63.912208431482796, -9.291040798413466 ], [ -63.912208431482796, -9.290290800606316 ], [ -63.912708430439011, -9.2902908006063 ], [ -63.912708430439011, -9.289790802068213 ], [ -63.912958429917111, -9.289790802068202 ], [ -63.912958429917111, -9.289540802799154 ], [ -63.913458428873327, -9.289540802799145 ], [ -63.913458428873327, -9.289290803530095 ], [ -63.91370842835142, -9.289290803530109 ], [ -63.91370842835142, -9.288540805722953 ], [ -63.913208429395219, -9.288540805722953 ], [ -63.913208429395219, -9.288290806453896 ], [ -63.912958429917111, -9.288290806453904 ], [ -63.912958429917111, -9.288040807184844 ], [ -63.912708430439011, -9.288040807184851 ], [ -63.912708430439011, -9.287790807915805 ], [ -63.912208431482796, -9.287790807915792 ], [ -63.912208431482796, -9.287040810108648 ], [ -63.911708432526602, -9.287040810108644 ], [ -63.911708432526602, -9.287790807915789 ], [ -63.911208433570387, -9.287790807915792 ], [ -63.911208433570387, -9.287290809377698 ], [ -63.910958434092286, -9.287290809377691 ], [ -63.910958434092286, -9.286790810839594 ], [ -63.911208433570387, -9.286790810839596 ], [ -63.911208433570387, -9.286540811570537 ], [ -63.910708434614179, -9.286540811570537 ], [ -63.910708434614179, -9.2867908108396 ], [ -63.910458435136071, -9.286790810839589 ], [ -63.910458435136071, -9.286540811570541 ], [ -63.90970843670177, -9.286540811570537 ], [ -63.90970843670177, -9.286790810839596 ], [ -63.910208435657971, -9.286790810839598 ], [ -63.910208435657971, -9.287040810108644 ], [ -63.910708434614179, -9.287040810108643 ], [ -63.910708434614179, -9.287290809377691 ], [ -63.910458435136071, -9.287290809377701 ] ], [ [ -63.912458430960903, -9.288790804992004 ], [ -63.912708430439011, -9.288790804991997 ], [ -63.912708430439011, -9.289040804261052 ], [ -63.912458430960903, -9.289040804261049 ], [ -63.912458430960903, -9.288790804992004 ] ] ], [ [ [ -63.914208427307628, -9.288540805722956 ], [ -63.914208427307628, -9.288290806453894 ], [ -63.91395842782952, -9.288290806453903 ], [ -63.91395842782952, -9.288540805722944 ], [ -63.914208427307628, -9.288540805722956 ] ] ], [ [ [ -63.908958438267454, -9.288290806453897 ], [ -63.908958438267454, -9.288040807184837 ], [ -63.908708438789347, -9.288040807184846 ], [ -63.908708438789347, -9.288290806453908 ], [ -63.908958438267454, -9.288290806453897 ] ] ], [ [ [ -63.914708426263836, -9.287790807915798 ], [ -63.914708426263836, -9.287290809377694 ], [ -63.914458426785735, -9.2872908093777 ], [ -63.914458426785735, -9.287790807915805 ], [ -63.914708426263836, -9.287790807915798 ] ] ], [ [ [ -63.914208427307628, -9.287790807915792 ], [ -63.914208427307628, -9.286790810839602 ], [ -63.91395842782952, -9.286790810839594 ], [ -63.91395842782952, -9.287290809377694 ], [ -63.91370842835142, -9.2872908093777 ], [ -63.91370842835142, -9.287790807915794 ], [ -63.91395842782952, -9.287790807915803 ], [ -63.91395842782952, -9.288040807184844 ], [ -63.914208427307628, -9.288040807184851 ], [ -63.914208427307628, -9.288290806453894 ], [ -63.914458426785735, -9.288290806453897 ], [ -63.914458426785735, -9.287790807915805 ], [ -63.914208427307628, -9.287790807915792 ] ] ], [ [ [ -63.91370842835142, -9.287040810108637 ], [ -63.913458428873327, -9.287040810108648 ], [ -63.913458428873327, -9.287290809377696 ], [ -63.91370842835142, -9.2872908093777 ], [ -63.91370842835142, -9.287040810108637 ] ] ], [ [ [ -63.908958438267454, -9.286790810839591 ], [ -63.908708438789347, -9.286790810839605 ], [ -63.908708438789347, -9.287040810108648 ], [ -63.908958438267454, -9.287040810108643 ], [ -63.908958438267454, -9.286790810839591 ] ] ], [ [ [ -63.912958429917111, -9.285290815225284 ], [ -63.912958429917111, -9.284790816687185 ], [ -63.912708430439011, -9.284790816687179 ], [ -63.912708430439011, -9.285290815225283 ], [ -63.912958429917111, -9.285290815225284 ] ] ], [ [ [ -63.912208431482796, -9.28429081814908 ], [ -63.912208431482796, -9.284040818880039 ], [ -63.911958432004695, -9.284040818880044 ], [ -63.911958432004695, -9.284290818149083 ], [ -63.912208431482796, -9.28429081814908 ] ] ], [ [ [ -63.910458435136071, -9.28429081814909 ], [ -63.910458435136071, -9.283790819610987 ], [ -63.910208435657971, -9.283790819610983 ], [ -63.910208435657971, -9.28404081888004 ], [ -63.90970843670177, -9.284040818880031 ], [ -63.90970843670177, -9.28429081814909 ], [ -63.910458435136071, -9.28429081814909 ] ] ], [ [ [ -63.916708422088668, -9.283540820341925 ], [ -63.916708422088668, -9.283290821072873 ], [ -63.91620842313246, -9.283290821072889 ], [ -63.91620842313246, -9.283540820341935 ], [ -63.916708422088668, -9.283540820341925 ] ] ], [ [ [ -63.915458424698144, -9.283290821072887 ], [ -63.915458424698144, -9.28304082180383 ], [ -63.915208425220051, -9.283040821803832 ], [ -63.915208425220051, -9.283290821072878 ], [ -63.915458424698144, -9.283290821072887 ] ] ], [ [ [ -63.91645842261056, -9.283040821803832 ], [ -63.91645842261056, -9.282790822534782 ], [ -63.91620842313246, -9.282790822534784 ], [ -63.91620842313246, -9.283040821803841 ], [ -63.91645842261056, -9.283040821803832 ] ] ], [ [ [ -63.917208421044876, -9.281790825458573 ], [ -63.917208421044876, -9.282290823996684 ], [ -63.916958421566775, -9.282290823996671 ], [ -63.916958421566775, -9.282040824727625 ], [ -63.916708422088668, -9.282040824727627 ], [ -63.916708422088668, -9.283040821803832 ], [ -63.916958421566775, -9.28304082180383 ], [ -63.916958421566775, -9.282790822534771 ], [ -63.917708420001091, -9.282790822534777 ], [ -63.917708420001091, -9.281790825458577 ], [ -63.917208421044876, -9.281790825458573 ] ] ], [ [ [ -63.91620842313246, -9.282040824727634 ], [ -63.91620842313246, -9.281790825458573 ], [ -63.915958423654352, -9.281790825458586 ], [ -63.915958423654352, -9.282040824727632 ], [ -63.91620842313246, -9.282040824727634 ] ] ], [ [ [ -63.917708420001091, -9.281540826189518 ], [ -63.917708420001091, -9.281290826920479 ], [ -63.916958421566775, -9.28129082692047 ], [ -63.916958421566775, -9.281540826189516 ], [ -63.917708420001091, -9.281540826189518 ] ] ], [ [ [ -63.9187084179135, -9.281290826920479 ], [ -63.9187084179135, -9.281040827651427 ], [ -63.918458418435392, -9.281040827651429 ], [ -63.918458418435392, -9.281290826920479 ], [ -63.9187084179135, -9.281290826920479 ] ] ], [ [ [ -63.916958421566775, -9.28129082692047 ], [ -63.916958421566775, -9.281040827651426 ], [ -63.916708422088668, -9.281040827651433 ], [ -63.916708422088668, -9.281290826920475 ], [ -63.916958421566775, -9.28129082692047 ] ] ], [ [ [ -63.914458426785735, -9.281040827651429 ], [ -63.914458426785735, -9.280540829113315 ], [ -63.91395842782952, -9.280540829113322 ], [ -63.91395842782952, -9.280790828382372 ], [ -63.914208427307628, -9.28079082838237 ], [ -63.914208427307628, -9.281040827651426 ], [ -63.914458426785735, -9.281040827651429 ] ] ], [ [ [ -63.917708420001091, -9.280790828382365 ], [ -63.917708420001091, -9.280540829113328 ], [ -63.917208421044876, -9.280540829113315 ], [ -63.917208421044876, -9.280790828382377 ], [ -63.917708420001091, -9.280790828382365 ] ] ], [ [ [ -63.91370842835142, -9.280290829844279 ], [ -63.91370842835142, -9.279790831306174 ], [ -63.913208429395219, -9.279790831306167 ], [ -63.913208429395219, -9.280290829844281 ], [ -63.91370842835142, -9.280290829844279 ] ] ], [ [ [ -63.918208418957285, -9.279540832037117 ], [ -63.918208418957285, -9.279290832768078 ], [ -63.918458418435392, -9.279290832768075 ], [ -63.918458418435392, -9.279790831306174 ], [ -63.9187084179135, -9.27979083130618 ], [ -63.9187084179135, -9.280290829844267 ], [ -63.918458418435392, -9.280290829844276 ], [ -63.918458418435392, -9.280540829113326 ], [ -63.919208416869694, -9.280540829113324 ], [ -63.919208416869694, -9.27904083349901 ], [ -63.9189584173916, -9.27904083349901 ], [ -63.9189584173916, -9.278790834229959 ], [ -63.9187084179135, -9.278790834229968 ], [ -63.9187084179135, -9.279040833499023 ], [ -63.918208418957285, -9.279040833499026 ], [ -63.918208418957285, -9.278790834229964 ], [ -63.917708420001091, -9.278790834229961 ], [ -63.917708420001091, -9.279040833499018 ], [ -63.917208421044876, -9.279040833499019 ], [ -63.917208421044876, -9.279290832768064 ], [ -63.917708420001091, -9.279290832768073 ], [ -63.917708420001091, -9.279540832037119 ], [ -63.918208418957285, -9.279540832037117 ] ] ], [ [ [ -63.917708420001091, -9.279790831306173 ], [ -63.917708420001091, -9.279540832037119 ], [ -63.917208421044876, -9.279540832037119 ], [ -63.917208421044876, -9.279790831306178 ], [ -63.917708420001091, -9.279790831306173 ] ] ], [ [ [ -63.914708426263836, -9.279790831306165 ], [ -63.914708426263836, -9.279540832037116 ], [ -63.914458426785735, -9.279540832037114 ], [ -63.914458426785735, -9.279790831306176 ], [ -63.914708426263836, -9.279790831306165 ] ] ], [ [ [ -63.916708422088668, -9.279290832768073 ], [ -63.916708422088668, -9.278790834229973 ], [ -63.91645842261056, -9.278790834229977 ], [ -63.91645842261056, -9.279290832768066 ], [ -63.916708422088668, -9.279290832768073 ] ] ], [ [ [ -63.916958421566775, -9.278790834229969 ], [ -63.916958421566775, -9.278540834960911 ], [ -63.916708422088668, -9.278540834960916 ], [ -63.916708422088668, -9.278790834229973 ], [ -63.916958421566775, -9.278790834229969 ] ] ], [ [ [ -63.912958429917111, -9.278790834229968 ], [ -63.912958429917111, -9.278540834960914 ], [ -63.912708430439011, -9.278540834960918 ], [ -63.912708430439011, -9.278790834229966 ], [ -63.912958429917111, -9.278790834229968 ] ] ], [ [ [ -63.910958434092286, -9.278790834229973 ], [ -63.910958434092286, -9.278540834960914 ], [ -63.910708434614179, -9.278540834960914 ], [ -63.910708434614179, -9.278790834229964 ], [ -63.910958434092286, -9.278790834229973 ] ] ], [ [ [ -63.9187084179135, -9.27854083496092 ], [ -63.9187084179135, -9.278290835691861 ], [ -63.918458418435392, -9.278290835691866 ], [ -63.918458418435392, -9.278540834960925 ], [ -63.9187084179135, -9.27854083496092 ] ] ], [ [ [ -63.914208427307628, -9.27854083496092 ], [ -63.914208427307628, -9.278290835691861 ], [ -63.91395842782952, -9.278290835691873 ], [ -63.91395842782952, -9.278540834960916 ], [ -63.914208427307628, -9.27854083496092 ] ] ], [ [ [ -63.909208437745562, -9.278540834960923 ], [ -63.909208437745562, -9.278040836422823 ], [ -63.908958438267454, -9.278040836422814 ], [ -63.908958438267454, -9.278290835691855 ], [ -63.908708438789347, -9.27829083569187 ], [ -63.908708438789347, -9.278540834960918 ], [ -63.909208437745562, -9.278540834960923 ] ] ], [ [ [ -63.918458418435392, -9.278290835691866 ], [ -63.918458418435392, -9.278040836422818 ], [ -63.918208418957285, -9.278040836422814 ], [ -63.918208418957285, -9.278290835691859 ], [ -63.918458418435392, -9.278290835691866 ] ] ], [ [ [ -63.918458418435392, -9.277790837153756 ], [ -63.918458418435392, -9.27729083861567 ], [ -63.917958419479184, -9.277290838615659 ], [ -63.917958419479184, -9.277790837153761 ], [ -63.918458418435392, -9.277790837153756 ] ] ], [ [ [ -63.910958434092286, -9.277790837153763 ], [ -63.910958434092286, -9.277290838615663 ], [ -63.911208433570387, -9.277290838615667 ], [ -63.911208433570387, -9.277040839346602 ], [ -63.910958434092286, -9.277040839346602 ], [ -63.910958434092286, -9.276540840808515 ], [ -63.910708434614179, -9.276540840808508 ], [ -63.910708434614179, -9.277290838615667 ], [ -63.910208435657971, -9.277290838615667 ], [ -63.910208435657971, -9.277790837153759 ], [ -63.910708434614179, -9.27779083715377 ], [ -63.910708434614179, -9.278040836422818 ], [ -63.910958434092286, -9.278040836422822 ], [ -63.910958434092286, -9.278540834960914 ], [ -63.911208433570387, -9.27854083496092 ], [ -63.911208433570387, -9.277790837153757 ], [ -63.910958434092286, -9.277790837153763 ] ] ], [ [ [ -63.909458437223655, -9.278040836422809 ], [ -63.909458437223655, -9.277040839346606 ], [ -63.909208437745562, -9.277040839346611 ], [ -63.909208437745562, -9.278040836422823 ], [ -63.909458437223655, -9.278040836422809 ] ] ], [ [ [ -63.908208439833139, -9.277790837153765 ], [ -63.908208439833139, -9.277290838615659 ], [ -63.907958440355046, -9.277290838615668 ], [ -63.907958440355046, -9.277790837153759 ], [ -63.908208439833139, -9.277790837153765 ] ] ], [ [ [ -63.915958423654352, -9.277290838615659 ], [ -63.915958423654352, -9.277040839346613 ], [ -63.915708424176245, -9.27704083934661 ], [ -63.915708424176245, -9.277290838615659 ], [ -63.915958423654352, -9.277290838615659 ] ] ], [ [ [ -63.918458418435392, -9.277040839346611 ], [ -63.918458418435392, -9.27679084007756 ], [ -63.918208418957285, -9.276790840077556 ], [ -63.918208418957285, -9.277040839346602 ], [ -63.918458418435392, -9.277040839346611 ] ] ], [ [ [ -63.920958413216432, -9.274540846656098 ], [ -63.920958413216432, -9.273790848848943 ], [ -63.920208414782117, -9.273790848848956 ], [ -63.920208414782117, -9.273040851041802 ], [ -63.919708415825909, -9.273040851041806 ], [ -63.919708415825909, -9.272790851772744 ], [ -63.919208416869694, -9.272790851772742 ], [ -63.919208416869694, -9.272290853234653 ], [ -63.918458418435392, -9.272290853234635 ], [ -63.918458418435392, -9.271790854696551 ], [ -63.9187084179135, -9.271790854696537 ], [ -63.9187084179135, -9.271540855427492 ], [ -63.918458418435392, -9.271540855427489 ], [ -63.918458418435392, -9.271040856889391 ], [ -63.918208418957285, -9.271040856889389 ], [ -63.918208418957285, -9.271290856158446 ], [ -63.917958419479184, -9.271290856158437 ], [ -63.917958419479184, -9.271040856889387 ], [ -63.917708420001091, -9.271040856889389 ], [ -63.917708420001091, -9.270790857620334 ], [ -63.917958419479184, -9.270790857620334 ], [ -63.917958419479184, -9.270540858351284 ], [ -63.918208418957285, -9.270540858351282 ], [ -63.918208418957285, -9.270290859082236 ], [ -63.918458418435392, -9.270290859082239 ], [ -63.918458418435392, -9.270540858351289 ], [ -63.9187084179135, -9.270540858351293 ], [ -63.9187084179135, -9.270790857620341 ], [ -63.919208416869694, -9.270790857620346 ], [ -63.919208416869694, -9.271040856889387 ], [ -63.919458416347815, -9.271040856889394 ], [ -63.919458416347815, -9.270790857620337 ], [ -63.919708415825909, -9.270790857620346 ], [ -63.919708415825909, -9.270540858351291 ], [ -63.920458414260224, -9.270540858351287 ], [ -63.920458414260224, -9.270290859082245 ], [ -63.920208414782117, -9.270290859082237 ], [ -63.920208414782117, -9.268540864198886 ], [ -63.919708415825909, -9.268540864198885 ], [ -63.919708415825909, -9.26804086566078 ], [ -63.919208416869694, -9.268040865660785 ], [ -63.919208416869694, -9.269040862736979 ], [ -63.9189584173916, -9.269040862736988 ], [ -63.9189584173916, -9.268790863467924 ], [ -63.9187084179135, -9.268790863467931 ], [ -63.9187084179135, -9.268290864929829 ], [ -63.918458418435392, -9.268290864929824 ], [ -63.918458418435392, -9.267790866391724 ], [ -63.918208418957285, -9.267790866391737 ], [ -63.918208418957285, -9.267290867853632 ], [ -63.917958419479184, -9.267290867853633 ], [ -63.917958419479184, -9.267040868584582 ], [ -63.917708420001091, -9.267040868584578 ], [ -63.917708420001091, -9.26654087004648 ], [ -63.917208421044876, -9.266540870046477 ], [ -63.917208421044876, -9.266290870777425 ], [ -63.916958421566775, -9.266290870777421 ], [ -63.916958421566775, -9.26604087150837 ], [ -63.916708422088668, -9.26604087150837 ], [ -63.916708422088668, -9.265790872239329 ], [ -63.91645842261056, -9.265790872239323 ], [ -63.91645842261056, -9.265540872970272 ], [ -63.915958423654352, -9.26554087297027 ], [ -63.915958423654352, -9.265790872239316 ], [ -63.915708424176245, -9.265790872239318 ], [ -63.915708424176245, -9.266040871508375 ], [ -63.915958423654352, -9.266040871508373 ], [ -63.915958423654352, -9.266290870777425 ], [ -63.91620842313246, -9.266290870777425 ], [ -63.91620842313246, -9.266540870046484 ], [ -63.91645842261056, -9.266540870046477 ], [ -63.91645842261056, -9.26679086931553 ], [ -63.915958423654352, -9.266790869315523 ], [ -63.915958423654352, -9.267040868584568 ], [ -63.91620842313246, -9.267040868584569 ], [ -63.91620842313246, -9.267290867853619 ], [ -63.915958423654352, -9.267290867853625 ], [ -63.915958423654352, -9.267790866391731 ], [ -63.915208425220051, -9.267790866391728 ], [ -63.915208425220051, -9.266790869315525 ], [ -63.91395842782952, -9.266790869315527 ], [ -63.91395842782952, -9.267040868584575 ], [ -63.91370842835142, -9.267040868584575 ], [ -63.91370842835142, -9.26729086785363 ], [ -63.913458428873327, -9.267290867853635 ], [ -63.913458428873327, -9.26804086566078 ], [ -63.913208429395219, -9.268040865660787 ], [ -63.913208429395219, -9.268790863467931 ], [ -63.912958429917111, -9.268790863467935 ], [ -63.912958429917111, -9.269040862736984 ], [ -63.912708430439011, -9.269040862736977 ], [ -63.912708430439011, -9.269290862006033 ], [ -63.913208429395219, -9.269290862006034 ], [ -63.913208429395219, -9.269040862736981 ], [ -63.913458428873327, -9.269040862736981 ], [ -63.913458428873327, -9.268790863467936 ], [ -63.91370842835142, -9.268790863467936 ], [ -63.91370842835142, -9.268290864929837 ], [ -63.91395842782952, -9.268290864929821 ], [ -63.91395842782952, -9.268540864198888 ], [ -63.914208427307628, -9.268540864198878 ], [ -63.914208427307628, -9.268290864929833 ], [ -63.914458426785735, -9.268290864929822 ], [ -63.914458426785735, -9.268540864198879 ], [ -63.914708426263836, -9.268540864198881 ], [ -63.914708426263836, -9.269540861275081 ], [ -63.915208425220051, -9.269540861275095 ], [ -63.915208425220051, -9.269040862736983 ], [ -63.915458424698144, -9.269040862736993 ], [ -63.915458424698144, -9.268790863467924 ], [ -63.915708424176245, -9.268790863467935 ], [ -63.915708424176245, -9.269290862006036 ], [ -63.915458424698144, -9.269290862006034 ], [ -63.915458424698144, -9.269540861275086 ], [ -63.915708424176245, -9.269540861275091 ], [ -63.915708424176245, -9.269790860544136 ], [ -63.91645842261056, -9.269790860544132 ], [ -63.91645842261056, -9.270290859082234 ], [ -63.915958423654352, -9.270290859082239 ], [ -63.915958423654352, -9.271040856889396 ], [ -63.915708424176245, -9.271040856889394 ], [ -63.915708424176245, -9.271540855427496 ], [ -63.915208425220051, -9.271540855427499 ], [ -63.915208425220051, -9.272040853965585 ], [ -63.915958423654352, -9.272040853965592 ], [ -63.915958423654352, -9.27179085469654 ], [ -63.91645842261056, -9.271790854696551 ], [ -63.91645842261056, -9.271290856158448 ], [ -63.916958421566775, -9.271290856158442 ], [ -63.916958421566775, -9.271040856889394 ], [ -63.916708422088668, -9.271040856889385 ], [ -63.916708422088668, -9.269790860544138 ], [ -63.916958421566775, -9.269790860544139 ], [ -63.916958421566775, -9.270290859082245 ], [ -63.917208421044876, -9.270290859082239 ], [ -63.917208421044876, -9.271790854696542 ], [ -63.918208418957285, -9.271790854696535 ], [ -63.918208418957285, -9.272290853234642 ], [ -63.917958419479184, -9.272290853234647 ], [ -63.917958419479184, -9.272040853965601 ], [ -63.917208421044876, -9.272040853965589 ], [ -63.917208421044876, -9.272290853234653 ], [ -63.917708420001091, -9.272290853234647 ], [ -63.917708420001091, -9.27279085177274 ], [ -63.917958419479184, -9.272790851772751 ], [ -63.917958419479184, -9.273040851041788 ], [ -63.918208418957285, -9.273040851041797 ], [ -63.918208418957285, -9.273290850310854 ], [ -63.918458418435392, -9.27329085031085 ], [ -63.918458418435392, -9.273540849579897 ], [ -63.9187084179135, -9.273540849579891 ], [ -63.9187084179135, -9.274290847387043 ], [ -63.919208416869694, -9.274290847387057 ], [ -63.919208416869694, -9.274040848117995 ], [ -63.919458416347815, -9.274040848117997 ], [ -63.919458416347815, -9.274540846656105 ], [ -63.919208416869694, -9.274540846656096 ], [ -63.919208416869694, -9.274790845925157 ], [ -63.9189584173916, -9.27479084592516 ], [ -63.9189584173916, -9.275290844463258 ], [ -63.919458416347815, -9.27529084446326 ], [ -63.919458416347815, -9.275790843001362 ], [ -63.919208416869694, -9.275790843001348 ], [ -63.919208416869694, -9.276290841539449 ], [ -63.919458416347815, -9.276290841539454 ], [ -63.919458416347815, -9.276540840808504 ], [ -63.919708415825909, -9.276540840808503 ], [ -63.919708415825909, -9.277290838615659 ], [ -63.919458416347815, -9.277290838615661 ], [ -63.919458416347815, -9.27704083934661 ], [ -63.919208416869694, -9.277040839346604 ], [ -63.919208416869694, -9.276540840808513 ], [ -63.9189584173916, -9.276540840808504 ], [ -63.9189584173916, -9.277790837153757 ], [ -63.919458416347815, -9.277790837153754 ], [ -63.919458416347815, -9.278540834960912 ], [ -63.919708415825909, -9.278540834960909 ], [ -63.919708415825909, -9.279290832768069 ], [ -63.919458416347815, -9.279290832768067 ], [ -63.919458416347815, -9.281040827651422 ], [ -63.919208416869694, -9.281040827651424 ], [ -63.919208416869694, -9.281790825458584 ], [ -63.9189584173916, -9.281790825458579 ], [ -63.9189584173916, -9.28229082399668 ], [ -63.918458418435392, -9.282290823996677 ], [ -63.918458418435392, -9.282040824727623 ], [ -63.918208418957285, -9.28204082472762 ], [ -63.918208418957285, -9.282290823996684 ], [ -63.917958419479184, -9.282290823996689 ], [ -63.917958419479184, -9.282790822534771 ], [ -63.917708420001091, -9.282790822534777 ], [ -63.917708420001091, -9.283290821072878 ], [ -63.917208421044876, -9.283290821072873 ], [ -63.917208421044876, -9.283540820341935 ], [ -63.916958421566775, -9.283540820341937 ], [ -63.916958421566775, -9.283790819610989 ], [ -63.916708422088668, -9.28379081961099 ], [ -63.916708422088668, -9.284290818149087 ], [ -63.916958421566775, -9.284290818149092 ], [ -63.916958421566775, -9.28454081741814 ], [ -63.916708422088668, -9.284540817418135 ], [ -63.916708422088668, -9.286040813032447 ], [ -63.91645842261056, -9.286040813032438 ], [ -63.91645842261056, -9.286290812301498 ], [ -63.915958423654352, -9.2862908123015 ], [ -63.915958423654352, -9.286540811570541 ], [ -63.915708424176245, -9.286540811570539 ], [ -63.915708424176245, -9.287040810108639 ], [ -63.915458424698144, -9.287040810108646 ], [ -63.915458424698144, -9.287790807915803 ], [ -63.915708424176245, -9.287790807915799 ], [ -63.915708424176245, -9.287290809377703 ], [ -63.91620842313246, -9.287290809377698 ], [ -63.91620842313246, -9.287040810108637 ], [ -63.91645842261056, -9.287040810108639 ], [ -63.91645842261056, -9.286790810839603 ], [ -63.916708422088668, -9.286790810839596 ], [ -63.916708422088668, -9.2862908123015 ], [ -63.917208421044876, -9.2862908123015 ], [ -63.917208421044876, -9.286040813032434 ], [ -63.917708420001091, -9.286040813032448 ], [ -63.917708420001091, -9.285790813763388 ], [ -63.917958419479184, -9.285790813763395 ], [ -63.917958419479184, -9.284790816687185 ], [ -63.9187084179135, -9.284790816687183 ], [ -63.9187084179135, -9.284290818149092 ], [ -63.918208418957285, -9.284290818149094 ], [ -63.918208418957285, -9.28404081888003 ], [ -63.917958419479184, -9.284040818880037 ], [ -63.917958419479184, -9.283790819610987 ], [ -63.918208418957285, -9.283790819610987 ], [ -63.918208418957285, -9.28354082034193 ], [ -63.9189584173916, -9.283540820341933 ], [ -63.9189584173916, -9.283290821072873 ], [ -63.919208416869694, -9.283290821072873 ], [ -63.919208416869694, -9.283040821803842 ], [ -63.919458416347815, -9.283040821803832 ], [ -63.919458416347815, -9.28354082034193 ], [ -63.919708415825909, -9.283540820341941 ], [ -63.919708415825909, -9.283290821072878 ], [ -63.920208414782117, -9.283290821072878 ], [ -63.920208414782117, -9.281790825458573 ], [ -63.920708413738325, -9.28179082545857 ], [ -63.920708413738325, -9.281290826920472 ], [ -63.920208414782117, -9.281290826920465 ], [ -63.920208414782117, -9.281040827651426 ], [ -63.920708413738325, -9.281040827651431 ], [ -63.920708413738325, -9.279040833499009 ], [ -63.920458414260224, -9.279040833499018 ], [ -63.920458414260224, -9.278040836422814 ], [ -63.920708413738325, -9.278040836422813 ], [ -63.920708413738325, -9.277290838615661 ], [ -63.920958413216432, -9.277290838615654 ], [ -63.920958413216432, -9.276290841539447 ], [ -63.92120841269454, -9.276290841539451 ], [ -63.92120841269454, -9.275290844463257 ], [ -63.920958413216432, -9.27529084446326 ], [ -63.920958413216432, -9.274790845925146 ], [ -63.92120841269454, -9.274790845925146 ], [ -63.92120841269454, -9.274540846656111 ], [ -63.920958413216432, -9.274540846656098 ] ], [ [ -63.919708415825909, -9.274540846656105 ], [ -63.919708415825909, -9.27479084592515 ], [ -63.919458416347815, -9.274790845925157 ], [ -63.919458416347815, -9.274540846656105 ], [ -63.919708415825909, -9.274540846656105 ] ], [ [ -63.920458414260224, -9.279290832768076 ], [ -63.920208414782117, -9.279290832768069 ], [ -63.920208414782117, -9.279040833499012 ], [ -63.920458414260224, -9.279040833499018 ], [ -63.920458414260224, -9.279290832768076 ] ], [ [ -63.916958421566775, -9.266790869315519 ], [ -63.916958421566775, -9.267040868584582 ], [ -63.916708422088668, -9.267040868584578 ], [ -63.916708422088668, -9.266790869315528 ], [ -63.916958421566775, -9.266790869315519 ] ], [ [ -63.919458416347815, -9.269290862006027 ], [ -63.919458416347815, -9.269540861275079 ], [ -63.919208416869694, -9.269540861275075 ], [ -63.919208416869694, -9.269290862006041 ], [ -63.919458416347815, -9.269290862006027 ] ], [ [ -63.917958419479184, -9.269790860544129 ], [ -63.917958419479184, -9.270290859082246 ], [ -63.917708420001091, -9.270290859082239 ], [ -63.917708420001091, -9.269790860544132 ], [ -63.917958419479184, -9.269790860544129 ] ], [ [ -63.9187084179135, -9.272790851772738 ], [ -63.9187084179135, -9.273040851041792 ], [ -63.918458418435392, -9.273040851041802 ], [ -63.918458418435392, -9.272790851772751 ], [ -63.9187084179135, -9.272790851772738 ] ], [ [ -63.919208416869694, -9.27354084957989 ], [ -63.9189584173916, -9.273540849579902 ], [ -63.9189584173916, -9.273290850310854 ], [ -63.919208416869694, -9.273290850310849 ], [ -63.919208416869694, -9.27354084957989 ] ], [ [ -63.919458416347815, -9.273540849579897 ], [ -63.919458416347815, -9.273790848848952 ], [ -63.919208416869694, -9.273790848848956 ], [ -63.919208416869694, -9.27354084957989 ], [ -63.919458416347815, -9.273540849579897 ] ], [ [ -63.920458414260224, -9.274540846656112 ], [ -63.920458414260224, -9.275540843732305 ], [ -63.920208414782117, -9.275540843732299 ], [ -63.920208414782117, -9.274540846656095 ], [ -63.920458414260224, -9.274540846656112 ] ] ], [ [ [ -63.914708426263836, -9.276540840808508 ], [ -63.914458426785735, -9.276540840808508 ], [ -63.914458426785735, -9.276790840077554 ], [ -63.914708426263836, -9.276790840077563 ], [ -63.914708426263836, -9.276540840808508 ] ] ], [ [ [ -63.914458426785735, -9.276540840808508 ], [ -63.914458426785735, -9.276290841539451 ], [ -63.91395842782952, -9.276290841539453 ], [ -63.91395842782952, -9.27604084227041 ], [ -63.91370842835142, -9.276040842270412 ], [ -63.91370842835142, -9.276540840808508 ], [ -63.913458428873327, -9.276540840808504 ], [ -63.913458428873327, -9.277290838615665 ], [ -63.91370842835142, -9.277290838615659 ], [ -63.91370842835142, -9.277040839346617 ], [ -63.91395842782952, -9.277040839346613 ], [ -63.91395842782952, -9.276790840077553 ], [ -63.914208427307628, -9.276790840077563 ], [ -63.914208427307628, -9.276540840808511 ], [ -63.914458426785735, -9.276540840808508 ] ] ], [ [ [ -63.910708434614179, -9.276540840808508 ], [ -63.910708434614179, -9.276290841539454 ], [ -63.910458435136071, -9.276290841539463 ], [ -63.910458435136071, -9.276540840808503 ], [ -63.910708434614179, -9.276540840808508 ] ] ], [ [ [ -63.915708424176245, -9.275790843001351 ], [ -63.915708424176245, -9.275540843732308 ], [ -63.915458424698144, -9.275540843732312 ], [ -63.915458424698144, -9.275790843001353 ], [ -63.915708424176245, -9.275790843001351 ] ] ], [ [ [ -63.91370842835142, -9.275790843001364 ], [ -63.91370842835142, -9.275540843732299 ], [ -63.913458428873327, -9.275540843732312 ], [ -63.913458428873327, -9.275790843001364 ], [ -63.91370842835142, -9.275790843001364 ] ] ], [ [ [ -63.9187084179135, -9.275290844463251 ], [ -63.9187084179135, -9.274540846656112 ], [ -63.918458418435392, -9.274540846656103 ], [ -63.918458418435392, -9.275290844463255 ], [ -63.9187084179135, -9.275290844463251 ] ] ], [ [ [ -63.91645842261056, -9.274540846656096 ], [ -63.91645842261056, -9.274290847387052 ], [ -63.91620842313246, -9.274290847387052 ], [ -63.91620842313246, -9.274540846656107 ], [ -63.91645842261056, -9.274540846656096 ] ] ], [ [ [ -63.915708424176245, -9.274790845925152 ], [ -63.915708424176245, -9.274540846656103 ], [ -63.915958423654352, -9.274540846656103 ], [ -63.915958423654352, -9.274290847387057 ], [ -63.915458424698144, -9.274290847387055 ], [ -63.915458424698144, -9.273790848848952 ], [ -63.915208425220051, -9.273790848848943 ], [ -63.915208425220051, -9.274790845925162 ], [ -63.915708424176245, -9.274790845925152 ] ] ], [ [ [ -63.91370842835142, -9.274540846656109 ], [ -63.91370842835142, -9.274040848118005 ], [ -63.913458428873327, -9.274040848117997 ], [ -63.913458428873327, -9.274540846656095 ], [ -63.91370842835142, -9.274540846656109 ] ] ], [ [ [ -63.918458418435392, -9.274290847387052 ], [ -63.918458418435392, -9.274040848117995 ], [ -63.917958419479184, -9.274040848118004 ], [ -63.917958419479184, -9.274290847387043 ], [ -63.918458418435392, -9.274290847387052 ] ] ], [ [ [ -63.912208431482796, -9.274040848117995 ], [ -63.912208431482796, -9.273790848848957 ], [ -63.911958432004695, -9.273790848848941 ], [ -63.911958432004695, -9.274040848117993 ], [ -63.912208431482796, -9.274040848117995 ] ] ], [ [ [ -63.917708420001091, -9.27379084884895 ], [ -63.917708420001091, -9.2735408495799 ], [ -63.917208421044876, -9.273540849579895 ], [ -63.917208421044876, -9.274040848117998 ], [ -63.917958419479184, -9.274040848118004 ], [ -63.917958419479184, -9.27379084884895 ], [ -63.917708420001091, -9.27379084884895 ] ] ], [ [ [ -63.91620842313246, -9.273790848848943 ], [ -63.91620842313246, -9.273540849579893 ], [ -63.915958423654352, -9.273540849579906 ], [ -63.915958423654352, -9.273790848848943 ], [ -63.91620842313246, -9.273790848848943 ] ] ], [ [ [ -63.915708424176245, -9.273790848848947 ], [ -63.915708424176245, -9.273540849579909 ], [ -63.915458424698144, -9.273540849579902 ], [ -63.915458424698144, -9.273790848848952 ], [ -63.915708424176245, -9.273790848848947 ] ] ], [ [ [ -63.91395842782952, -9.273790848848947 ], [ -63.91395842782952, -9.2735408495799 ], [ -63.91370842835142, -9.273540849579895 ], [ -63.91370842835142, -9.273790848848957 ], [ -63.91395842782952, -9.273790848848947 ] ] ], [ [ [ -63.912708430439011, -9.273790848848948 ], [ -63.912708430439011, -9.273540849579895 ], [ -63.912208431482796, -9.273540849579891 ], [ -63.912208431482796, -9.273790848848957 ], [ -63.912708430439011, -9.273790848848948 ] ] ], [ [ [ -63.912958429917111, -9.2735408495799 ], [ -63.912958429917111, -9.273290850310854 ], [ -63.912708430439011, -9.27329085031085 ], [ -63.912708430439011, -9.273540849579895 ], [ -63.912958429917111, -9.2735408495799 ] ] ], [ [ [ -63.916958421566775, -9.273040851041797 ], [ -63.916958421566775, -9.27229085323464 ], [ -63.91645842261056, -9.272290853234654 ], [ -63.91645842261056, -9.273040851041792 ], [ -63.916958421566775, -9.273040851041797 ] ] ], [ [ [ -63.915458424698144, -9.272790851772742 ], [ -63.915458424698144, -9.272290853234642 ], [ -63.915208425220051, -9.272290853234653 ], [ -63.915208425220051, -9.272790851772754 ], [ -63.915458424698144, -9.272790851772742 ] ] ], [ [ [ -63.908208439833139, -9.272290853234654 ], [ -63.908208439833139, -9.271790854696544 ], [ -63.907958440355046, -9.271790854696544 ], [ -63.907958440355046, -9.27229085323464 ], [ -63.908208439833139, -9.272290853234654 ] ] ], [ [ [ -63.916958421566775, -9.271790854696548 ], [ -63.916958421566775, -9.271540855427485 ], [ -63.916708422088668, -9.271540855427496 ], [ -63.916708422088668, -9.271790854696548 ], [ -63.916958421566775, -9.271790854696548 ] ] ], [ [ [ -63.909458437223655, -9.27129085615845 ], [ -63.909458437223655, -9.270790857620336 ], [ -63.909208437745562, -9.270790857620334 ], [ -63.909208437745562, -9.271290856158446 ], [ -63.909458437223655, -9.27129085615845 ] ] ], [ [ [ -63.91395842782952, -9.269790860544131 ], [ -63.91395842782952, -9.26954086127509 ], [ -63.91370842835142, -9.269540861275091 ], [ -63.91370842835142, -9.269790860544131 ], [ -63.91395842782952, -9.269790860544131 ] ] ], [ [ [ -63.912708430439011, -9.269540861275093 ], [ -63.912708430439011, -9.269290862006033 ], [ -63.912208431482796, -9.269290862006034 ], [ -63.912208431482796, -9.269540861275091 ], [ -63.912708430439011, -9.269540861275093 ] ] ], [ [ [ -63.908958438267454, -9.269540861275088 ], [ -63.908958438267454, -9.269290862006027 ], [ -63.908708438789347, -9.269290862006025 ], [ -63.908708438789347, -9.269540861275091 ], [ -63.908958438267454, -9.269540861275088 ] ] ], [ [ [ -63.91395842782952, -9.269040862736979 ], [ -63.91395842782952, -9.269290862006038 ], [ -63.914208427307628, -9.269290862006036 ], [ -63.914208427307628, -9.269540861275086 ], [ -63.914458426785735, -9.269540861275093 ], [ -63.914458426785735, -9.268790863467929 ], [ -63.914208427307628, -9.268790863467935 ], [ -63.914208427307628, -9.269040862736977 ], [ -63.91395842782952, -9.269040862736979 ] ] ], [ [ [ -63.910208435657971, -9.269290862006027 ], [ -63.910208435657971, -9.269040862736988 ], [ -63.90970843670177, -9.269040862736977 ], [ -63.90970843670177, -9.269290862006024 ], [ -63.910208435657971, -9.269290862006027 ] ] ], [ [ [ -63.912208431482796, -9.269290862006034 ], [ -63.912208431482796, -9.268790863467924 ], [ -63.911708432526602, -9.268790863467924 ], [ -63.911708432526602, -9.26929086200604 ], [ -63.912208431482796, -9.269290862006034 ] ] ], [ [ [ -63.911458433048494, -9.269040862736984 ], [ -63.911458433048494, -9.268790863467938 ], [ -63.910958434092286, -9.268790863467933 ], [ -63.910958434092286, -9.269040862736983 ], [ -63.911458433048494, -9.269040862736984 ] ] ], [ [ [ -63.911708432526602, -9.266540870046471 ], [ -63.911708432526602, -9.266290870777418 ], [ -63.911458433048494, -9.266290870777421 ], [ -63.911458433048494, -9.266540870046484 ], [ -63.911708432526602, -9.266540870046471 ] ] ], [ [ [ -63.913208429395219, -9.265540872970272 ], [ -63.912958429917111, -9.265540872970272 ], [ -63.912958429917111, -9.264540875894065 ], [ -63.912208431482796, -9.264540875894074 ], [ -63.912208431482796, -9.265290873701227 ], [ -63.911958432004695, -9.265290873701215 ], [ -63.911958432004695, -9.26554087297027 ], [ -63.912208431482796, -9.265540872970279 ], [ -63.912208431482796, -9.267040868584578 ], [ -63.912708430439011, -9.267040868584582 ], [ -63.912708430439011, -9.267290867853621 ], [ -63.913208429395219, -9.267290867853626 ], [ -63.913208429395219, -9.265540872970272 ] ], [ [ -63.912958429917111, -9.266290870777416 ], [ -63.912708430439011, -9.266290870777427 ], [ -63.912708430439011, -9.265540872970272 ], [ -63.912958429917111, -9.265540872970272 ], [ -63.912958429917111, -9.266290870777416 ] ] ], [ [ [ -63.907958440355046, -9.266040871508377 ], [ -63.907958440355046, -9.265790872239323 ], [ -63.907708440876931, -9.265790872239316 ], [ -63.907708440876931, -9.266040871508377 ], [ -63.907958440355046, -9.266040871508377 ] ] ], [ [ [ -63.910208435657971, -9.265290873701218 ], [ -63.90970843670177, -9.265290873701215 ], [ -63.90970843670177, -9.26554087297027 ], [ -63.910208435657971, -9.265540872970266 ], [ -63.910208435657971, -9.265290873701218 ] ] ], [ [ [ -63.907958440355046, -9.265290873701229 ], [ -63.907708440876931, -9.265290873701218 ], [ -63.907708440876931, -9.265540872970279 ], [ -63.907958440355046, -9.265540872970282 ], [ -63.907958440355046, -9.265290873701229 ] ] ], [ [ [ -63.909208437745562, -9.265290873701222 ], [ -63.909208437745562, -9.264790875163118 ], [ -63.908958438267454, -9.264790875163115 ], [ -63.908958438267454, -9.265290873701213 ], [ -63.909208437745562, -9.265290873701222 ] ] ], [ [ [ -63.908208439833139, -9.264540875894072 ], [ -63.908208439833139, -9.264790875163117 ], [ -63.908958438267454, -9.264790875163115 ], [ -63.908958438267454, -9.264540875894063 ], [ -63.908708438789347, -9.26454087589407 ], [ -63.908708438789347, -9.264290876625017 ], [ -63.908458439311246, -9.26429087662502 ], [ -63.908458439311246, -9.264540875894058 ], [ -63.908208439833139, -9.264540875894072 ] ] ], [ [ [ -63.911208433570387, -9.263290879548817 ], [ -63.911208433570387, -9.264790875163113 ], [ -63.911958432004695, -9.26479087516312 ], [ -63.911958432004695, -9.264540875894077 ], [ -63.912208431482796, -9.264540875894074 ], [ -63.912208431482796, -9.264040877355969 ], [ -63.912708430439011, -9.264040877355967 ], [ -63.912708430439011, -9.263790878086919 ], [ -63.912208431482796, -9.263790878086922 ], [ -63.912208431482796, -9.263290879548808 ], [ -63.911208433570387, -9.263290879548817 ] ] ], [ [ [ -63.910958434092286, -9.263790878086919 ], [ -63.910958434092286, -9.263540878817855 ], [ -63.910708434614179, -9.263540878817864 ], [ -63.910708434614179, -9.263790878086921 ], [ -63.910958434092286, -9.263790878086919 ] ] ], [ [ [ -63.909458437223655, -9.26329087954881 ], [ -63.909458437223655, -9.262790881010709 ], [ -63.909208437745562, -9.262790881010712 ], [ -63.909208437745562, -9.263290879548816 ], [ -63.909458437223655, -9.26329087954881 ] ] ], [ [ [ -63.910958434092286, -9.261290885396409 ], [ -63.910958434092286, -9.261540884665465 ], [ -63.910708434614179, -9.261540884665461 ], [ -63.910708434614179, -9.262290882472607 ], [ -63.910458435136071, -9.262290882472614 ], [ -63.910458435136071, -9.262790881010707 ], [ -63.910708434614179, -9.262790881010718 ], [ -63.910708434614179, -9.263040880279762 ], [ -63.910958434092286, -9.26304088027976 ], [ -63.910958434092286, -9.263290879548819 ], [ -63.911208433570387, -9.263290879548817 ], [ -63.911208433570387, -9.262790881010705 ], [ -63.911708432526602, -9.262790881010721 ], [ -63.911708432526602, -9.262040883203554 ], [ -63.911958432004695, -9.262040883203561 ], [ -63.911958432004695, -9.261790883934511 ], [ -63.912208431482796, -9.26179088393452 ], [ -63.912208431482796, -9.261540884665466 ], [ -63.911958432004695, -9.261540884665456 ], [ -63.911958432004695, -9.261040886127365 ], [ -63.912708430439011, -9.261040886127365 ], [ -63.912708430439011, -9.260790886858308 ], [ -63.912208431482796, -9.260790886858304 ], [ -63.912208431482796, -9.26054088758926 ], [ -63.911708432526602, -9.260540887589254 ], [ -63.911708432526602, -9.260790886858315 ], [ -63.911458433048494, -9.260790886858311 ], [ -63.911458433048494, -9.261040886127354 ], [ -63.911708432526602, -9.261040886127352 ], [ -63.911708432526602, -9.261290885396397 ], [ -63.911458433048494, -9.261290885396413 ], [ -63.911458433048494, -9.261540884665463 ], [ -63.911208433570387, -9.261540884665459 ], [ -63.911208433570387, -9.261290885396406 ], [ -63.910958434092286, -9.261290885396409 ] ] ], [ [ [ -63.908708438789347, -9.261540884665456 ], [ -63.908708438789347, -9.261290885396404 ], [ -63.908458439311246, -9.2612908853964 ], [ -63.908458439311246, -9.261540884665457 ], [ -63.908708438789347, -9.261540884665456 ] ] ], [ [ [ -63.911208433570387, -9.260790886858311 ], [ -63.911208433570387, -9.260290888320208 ], [ -63.910708434614179, -9.260290888320194 ], [ -63.910708434614179, -9.260540887589254 ], [ -63.910458435136071, -9.260540887589258 ], [ -63.910458435136071, -9.260790886858302 ], [ -63.911208433570387, -9.260790886858311 ] ] ], [ [ [ -63.910958434092286, -9.259790889782103 ], [ -63.910958434092286, -9.259540890513058 ], [ -63.910708434614179, -9.259540890513057 ], [ -63.910708434614179, -9.259790889782096 ], [ -63.910958434092286, -9.259790889782103 ] ] ], [ [ [ -63.910708434614179, -9.259290891244007 ], [ -63.910708434614179, -9.259040891974955 ], [ -63.910458435136071, -9.259040891974944 ], [ -63.910458435136071, -9.259290891244007 ], [ -63.910708434614179, -9.259290891244007 ] ] ], [ [ [ -63.911208433570387, -9.258290894167798 ], [ -63.911208433570387, -9.258540893436855 ], [ -63.910958434092286, -9.258540893436855 ], [ -63.910958434092286, -9.259540890513058 ], [ -63.911958432004695, -9.259540890513058 ], [ -63.911958432004695, -9.259290891244003 ], [ -63.911708432526602, -9.259290891243996 ], [ -63.911708432526602, -9.259040891974953 ], [ -63.911958432004695, -9.259040891974957 ], [ -63.911958432004695, -9.258790892705891 ], [ -63.911708432526602, -9.258790892705903 ], [ -63.911708432526602, -9.258290894167796 ], [ -63.911958432004695, -9.258290894167796 ], [ -63.911958432004695, -9.256790898553486 ], [ -63.911708432526602, -9.256790898553488 ], [ -63.911708432526602, -9.256040900746338 ], [ -63.911458433048494, -9.256040900746333 ], [ -63.911458433048494, -9.256790898553497 ], [ -63.911208433570387, -9.256790898553497 ], [ -63.911208433570387, -9.257040897822549 ], [ -63.911458433048494, -9.257040897822543 ], [ -63.911458433048494, -9.257290897091599 ], [ -63.911208433570387, -9.257290897091595 ], [ -63.911208433570387, -9.258040894898736 ], [ -63.910958434092286, -9.258040894898738 ], [ -63.910958434092286, -9.258290894167798 ], [ -63.911208433570387, -9.258290894167798 ] ] ], [ [ [ -63.910958434092286, -9.255540902208235 ], [ -63.910958434092286, -9.255290902939192 ], [ -63.910458435136071, -9.25529090293918 ], [ -63.910458435136071, -9.255540902208244 ], [ -63.910958434092286, -9.255540902208235 ] ] ], [ [ [ -63.911208433570387, -9.255290902939189 ], [ -63.911208433570387, -9.256040900746337 ], [ -63.911458433048494, -9.256040900746333 ], [ -63.911458433048494, -9.255540902208237 ], [ -63.911708432526602, -9.255540902208246 ], [ -63.911708432526602, -9.254290905862989 ], [ -63.911458433048494, -9.25429090586298 ], [ -63.911458433048494, -9.255290902939182 ], [ -63.911208433570387, -9.255290902939189 ] ] ], [ [ [ -63.910208435657971, -9.254290905862986 ], [ -63.910208435657971, -9.254040906593925 ], [ -63.90970843670177, -9.254040906593925 ], [ -63.90970843670177, -9.25429090586298 ], [ -63.910208435657971, -9.254290905862986 ] ] ], [ [ [ -63.911208433570387, -9.253290908786774 ], [ -63.911208433570387, -9.253540908055829 ], [ -63.911458433048494, -9.253540908055834 ], [ -63.911458433048494, -9.254040906593939 ], [ -63.911708432526602, -9.254040906593925 ], [ -63.911708432526602, -9.253040909517729 ], [ -63.911458433048494, -9.253040909517731 ], [ -63.911458433048494, -9.253290908786784 ], [ -63.911208433570387, -9.253290908786774 ] ] ], [ [ [ -63.90720844192073, -9.35329061640712 ], [ -63.906958442442622, -9.353290616407127 ], [ -63.906958442442622, -9.353540615676165 ], [ -63.90720844192073, -9.353540615676168 ], [ -63.90720844192073, -9.35329061640712 ] ] ], [ [ [ -63.907708440876931, -9.351790620792812 ], [ -63.90720844192073, -9.351790620792816 ], [ -63.90720844192073, -9.35204062006186 ], [ -63.906958442442622, -9.352040620061862 ], [ -63.906958442442622, -9.352290619330914 ], [ -63.90720844192073, -9.352290619330919 ], [ -63.90720844192073, -9.352790617869012 ], [ -63.907708440876931, -9.352790617869019 ], [ -63.907708440876931, -9.35304061713806 ], [ -63.907958440355046, -9.353040617138074 ], [ -63.907958440355046, -9.35229061933091 ], [ -63.907708440876931, -9.352290619330908 ], [ -63.907708440876931, -9.351790620792812 ] ] ], [ [ [ -63.901208454446241, -9.352040620061869 ], [ -63.901208454446241, -9.351790620792805 ], [ -63.900958454968134, -9.351790620792809 ], [ -63.900958454968134, -9.352040620061858 ], [ -63.901208454446241, -9.352040620061869 ] ] ], [ [ [ -63.903958448705374, -9.351540621523755 ], [ -63.904208448183482, -9.351540621523753 ], [ -63.904208448183482, -9.351790620792807 ], [ -63.904458447661582, -9.351790620792817 ], [ -63.904458447661582, -9.352040620061866 ], [ -63.90470844713969, -9.352040620061864 ], [ -63.90470844713969, -9.352790617869017 ], [ -63.906208444008307, -9.352790617869017 ], [ -63.906208444008307, -9.352290619330907 ], [ -63.906458443486414, -9.352290619330912 ], [ -63.906458443486414, -9.352040620061873 ], [ -63.906958442442622, -9.352040620061862 ], [ -63.906958442442622, -9.351790620792807 ], [ -63.90720844192073, -9.351790620792816 ], [ -63.90720844192073, -9.35154062152375 ], [ -63.906708442964522, -9.351540621523762 ], [ -63.906708442964522, -9.351290622254709 ], [ -63.905958444530206, -9.351290622254716 ], [ -63.905958444530206, -9.351040622985661 ], [ -63.904458447661582, -9.351040622985664 ], [ -63.904458447661582, -9.351290622254714 ], [ -63.903958448705374, -9.351290622254707 ], [ -63.903958448705374, -9.351040622985654 ], [ -63.904208448183482, -9.351040622985666 ], [ -63.904208448183482, -9.350790623716614 ], [ -63.903958448705374, -9.350790623716611 ], [ -63.903958448705374, -9.350540624447564 ], [ -63.902958450792966, -9.350540624447563 ], [ -63.902958450792966, -9.350290625178507 ], [ -63.902708451314858, -9.350290625178507 ], [ -63.902708451314858, -9.350540624447564 ], [ -63.901708453402442, -9.350540624447563 ], [ -63.901708453402442, -9.350290625178495 ], [ -63.901458453924349, -9.350290625178513 ], [ -63.901458453924349, -9.350540624447561 ], [ -63.901208454446241, -9.350540624447552 ], [ -63.901208454446241, -9.350290625178499 ], [ -63.900958454968134, -9.350290625178497 ], [ -63.900958454968134, -9.350540624447552 ], [ -63.900708455490033, -9.350540624447547 ], [ -63.900708455490033, -9.350290625178509 ], [ -63.900458456011926, -9.350290625178502 ], [ -63.900458456011926, -9.349290628102301 ], [ -63.899458458099517, -9.349290628102306 ], [ -63.899458458099517, -9.349540627371359 ], [ -63.899208458621409, -9.349540627371359 ], [ -63.899208458621409, -9.349790626640397 ], [ -63.899458458099517, -9.349790626640411 ], [ -63.899458458099517, -9.350290625178507 ], [ -63.898958459143309, -9.350290625178502 ], [ -63.898958459143309, -9.350540624447556 ], [ -63.899208458621409, -9.350540624447557 ], [ -63.899208458621409, -9.350790623716604 ], [ -63.899458458099517, -9.350790623716611 ], [ -63.899458458099517, -9.350540624447552 ], [ -63.899708457577624, -9.350540624447557 ], [ -63.899708457577624, -9.350290625178504 ], [ -63.900208456533818, -9.350290625178511 ], [ -63.900208456533818, -9.350540624447552 ], [ -63.900458456011926, -9.350540624447552 ], [ -63.900458456011926, -9.350790623716611 ], [ -63.900208456533818, -9.350790623716598 ], [ -63.900208456533818, -9.351040622985657 ], [ -63.900458456011926, -9.351040622985664 ], [ -63.900458456011926, -9.351790620792821 ], [ -63.900958454968134, -9.351790620792809 ], [ -63.900958454968134, -9.351540621523764 ], [ -63.901208454446241, -9.351540621523766 ], [ -63.901208454446241, -9.351790620792805 ], [ -63.901458453924349, -9.351790620792809 ], [ -63.901458453924349, -9.35154062152376 ], [ -63.901958452880557, -9.351540621523759 ], [ -63.901958452880557, -9.35104062298565 ], [ -63.90220845235865, -9.351040622985664 ], [ -63.90220845235865, -9.35154062152376 ], [ -63.902708451314858, -9.351540621523755 ], [ -63.902708451314858, -9.351290622254709 ], [ -63.902958450792966, -9.351290622254703 ], [ -63.902958450792966, -9.351040622985666 ], [ -63.903708449227281, -9.351040622985655 ], [ -63.903708449227281, -9.35154062152376 ], [ -63.903458449749166, -9.35154062152376 ], [ -63.903458449749166, -9.351790620792819 ], [ -63.903958448705374, -9.351790620792812 ], [ -63.903958448705374, -9.351540621523755 ] ], [ [ -63.90220845235865, -9.350790623716614 ], [ -63.902708451314858, -9.350790623716611 ], [ -63.902708451314858, -9.351040622985652 ], [ -63.90220845235865, -9.351040622985664 ], [ -63.90220845235865, -9.350790623716614 ] ], [ [ -63.905208446095898, -9.351540621523759 ], [ -63.905458445574006, -9.351540621523764 ], [ -63.905458445574006, -9.351790620792816 ], [ -63.905208446095898, -9.351790620792807 ], [ -63.905208446095898, -9.351540621523759 ] ] ], [ [ [ -63.900958454968134, -9.350290625178497 ], [ -63.900958454968134, -9.349790626640406 ], [ -63.900708455490033, -9.349790626640401 ], [ -63.900708455490033, -9.350290625178509 ], [ -63.900958454968134, -9.350290625178497 ] ] ], [ [ [ -63.901708453402442, -9.349790626640397 ], [ -63.901708453402442, -9.349540627371352 ], [ -63.901458453924349, -9.349540627371351 ], [ -63.901458453924349, -9.349790626640411 ], [ -63.901708453402442, -9.349790626640397 ] ] ], [ [ [ -63.900958454968134, -9.349540627371351 ], [ -63.900958454968134, -9.349290628102302 ], [ -63.900708455490033, -9.349290628102302 ], [ -63.900708455490033, -9.349540627371363 ], [ -63.900958454968134, -9.349540627371351 ] ] ], [ [ [ -63.900958454968134, -9.345290639797488 ], [ -63.900958454968134, -9.344790641259381 ], [ -63.900708455490033, -9.344790641259392 ], [ -63.900708455490033, -9.345290639797494 ], [ -63.900958454968134, -9.345290639797488 ] ] ], [ [ [ -63.899708457577624, -9.34429064272128 ], [ -63.899708457577624, -9.344040643452233 ], [ -63.899458458099517, -9.344040643452226 ], [ -63.899458458099517, -9.34429064272128 ], [ -63.899708457577624, -9.34429064272128 ] ] ], [ [ [ -63.901958452880557, -9.344040643452226 ], [ -63.901958452880557, -9.343790644183176 ], [ -63.901708453402442, -9.34379064418318 ], [ -63.901708453402442, -9.34404064345223 ], [ -63.901958452880557, -9.344040643452226 ] ] ], [ [ [ -63.899458458099517, -9.343040646376025 ], [ -63.899458458099517, -9.343790644183182 ], [ -63.899708457577624, -9.343790644183182 ], [ -63.899708457577624, -9.344040643452233 ], [ -63.900208456533818, -9.344040643452226 ], [ -63.900208456533818, -9.343790644183176 ], [ -63.900458456011926, -9.343790644183189 ], [ -63.900458456011926, -9.343540644914127 ], [ -63.900208456533818, -9.343540644914125 ], [ -63.900208456533818, -9.343040646376028 ], [ -63.899458458099517, -9.343040646376025 ] ] ], [ [ [ -63.901458453924349, -9.343290645645091 ], [ -63.901458453924349, -9.343040646376032 ], [ -63.901208454446241, -9.343040646376036 ], [ -63.901208454446241, -9.343290645645085 ], [ -63.901458453924349, -9.343290645645091 ] ] ], [ [ [ -63.901708453402442, -9.343040646376025 ], [ -63.901708453402442, -9.342290648568888 ], [ -63.901458453924349, -9.342290648568888 ], [ -63.901458453924349, -9.343040646376032 ], [ -63.901708453402442, -9.343040646376025 ] ] ], [ [ [ -63.903208450271073, -9.342040649299832 ], [ -63.903208450271073, -9.341790650030783 ], [ -63.902958450792966, -9.341790650030774 ], [ -63.902958450792966, -9.342040649299829 ], [ -63.903208450271073, -9.342040649299832 ] ] ], [ [ [ -63.901958452880557, -9.342040649299822 ], [ -63.901958452880557, -9.341790650030779 ], [ -63.901708453402442, -9.341790650030786 ], [ -63.901708453402442, -9.342040649299829 ], [ -63.901958452880557, -9.342040649299822 ] ] ], [ [ [ -63.906708442964522, -9.341790650030784 ], [ -63.906708442964522, -9.341290651492672 ], [ -63.906458443486414, -9.341290651492677 ], [ -63.906458443486414, -9.341540650761722 ], [ -63.906208444008307, -9.34154065076172 ], [ -63.906208444008307, -9.341790650030781 ], [ -63.906708442964522, -9.341790650030784 ] ] ], [ [ [ -63.902958450792966, -9.341540650761733 ], [ -63.902958450792966, -9.34129065149267 ], [ -63.90220845235865, -9.341290651492681 ], [ -63.90220845235865, -9.34154065076172 ], [ -63.902958450792966, -9.341540650761733 ] ] ], [ [ [ -63.906708442964522, -9.340790652954569 ], [ -63.905958444530206, -9.340790652954581 ], [ -63.905958444530206, -9.341290651492679 ], [ -63.906458443486414, -9.341290651492677 ], [ -63.906458443486414, -9.341040652223631 ], [ -63.906708442964522, -9.341040652223631 ], [ -63.906708442964522, -9.340790652954569 ] ] ], [ [ [ -63.905958444530206, -9.340540653685519 ], [ -63.905708445052113, -9.340540653685531 ], [ -63.905708445052113, -9.340790652954579 ], [ -63.905958444530206, -9.340790652954581 ], [ -63.905958444530206, -9.340540653685519 ] ] ], [ [ [ -63.90470844713969, -9.340540653685517 ], [ -63.90470844713969, -9.34029065441646 ], [ -63.904458447661582, -9.340290654416464 ], [ -63.904458447661582, -9.340790652954571 ], [ -63.905208446095898, -9.340790652954583 ], [ -63.905208446095898, -9.340540653685531 ], [ -63.90470844713969, -9.340540653685517 ] ] ], [ [ [ -63.905458445574006, -9.339790655878373 ], [ -63.905458445574006, -9.339540656609312 ], [ -63.90470844713969, -9.339540656609326 ], [ -63.90470844713969, -9.34029065441646 ], [ -63.905208446095898, -9.340290654416474 ], [ -63.905208446095898, -9.339790655878364 ], [ -63.905458445574006, -9.339790655878373 ] ] ], [ [ [ -63.90720844192073, -9.340790652954572 ], [ -63.90720844192073, -9.340540653685533 ], [ -63.908208439833139, -9.340540653685522 ], [ -63.908208439833139, -9.339790655878371 ], [ -63.908708438789347, -9.339790655878376 ], [ -63.908708438789347, -9.339540656609323 ], [ -63.907708440876931, -9.339540656609328 ], [ -63.907708440876931, -9.339290657340275 ], [ -63.90720844192073, -9.339290657340262 ], [ -63.90720844192073, -9.339040658071218 ], [ -63.906708442964522, -9.339040658071227 ], [ -63.906708442964522, -9.338790658802173 ], [ -63.905958444530206, -9.338790658802159 ], [ -63.905958444530206, -9.339040658071211 ], [ -63.906458443486414, -9.339040658071211 ], [ -63.906458443486414, -9.339290657340269 ], [ -63.906958442442622, -9.339290657340264 ], [ -63.906958442442622, -9.339540656609323 ], [ -63.90720844192073, -9.339540656609325 ], [ -63.90720844192073, -9.339790655878373 ], [ -63.906958442442622, -9.339790655878367 ], [ -63.906958442442622, -9.340790652954572 ], [ -63.90720844192073, -9.340790652954572 ] ] ], [ [ [ -63.905958444530206, -9.339290657340262 ], [ -63.905958444530206, -9.339040658071211 ], [ -63.905458445574006, -9.339040658071221 ], [ -63.905458445574006, -9.339540656609312 ], [ -63.905708445052113, -9.339540656609326 ], [ -63.905708445052113, -9.339290657340271 ], [ -63.905958444530206, -9.339290657340262 ] ] ], [ [ [ -63.905458445574006, -9.338540659533113 ], [ -63.905458445574006, -9.338040660995016 ], [ -63.905208446095898, -9.338040660995018 ], [ -63.905208446095898, -9.338540659533109 ], [ -63.905458445574006, -9.338540659533113 ] ] ], [ [ [ -63.90470844713969, -9.338040660995018 ], [ -63.90470844713969, -9.33779066172597 ], [ -63.904208448183482, -9.337790661725958 ], [ -63.904208448183482, -9.33804066099502 ], [ -63.90470844713969, -9.338040660995018 ] ] ], [ [ [ -63.904208448183482, -9.337790661725958 ], [ -63.904208448183482, -9.337290663187858 ], [ -63.903958448705374, -9.337290663187863 ], [ -63.903958448705374, -9.337790661725967 ], [ -63.904208448183482, -9.337790661725958 ] ] ], [ [ [ -63.900458456011926, -9.291790796220615 ], [ -63.900458456011926, -9.29129079768251 ], [ -63.900208456533818, -9.291290797682505 ], [ -63.900208456533818, -9.291790796220615 ], [ -63.900458456011926, -9.291790796220615 ] ] ], [ [ [ -63.901708453402442, -9.290540799875366 ], [ -63.901708453402442, -9.290290800606313 ], [ -63.901458453924349, -9.290290800606305 ], [ -63.901458453924349, -9.29054079987535 ], [ -63.901708453402442, -9.290540799875366 ] ] ], [ [ [ -63.898958459143309, -9.289540802799145 ], [ -63.898958459143309, -9.289790802068202 ], [ -63.899208458621409, -9.289790802068202 ], [ -63.899208458621409, -9.289290803530095 ], [ -63.899458458099517, -9.289290803530099 ], [ -63.899458458099517, -9.289040804261052 ], [ -63.900208456533818, -9.289040804261058 ], [ -63.900208456533818, -9.288290806453906 ], [ -63.899458458099517, -9.288290806453899 ], [ -63.899458458099517, -9.288540805722949 ], [ -63.898958459143309, -9.288540805722949 ], [ -63.898958459143309, -9.288790804991997 ], [ -63.898708459665201, -9.288790804991999 ], [ -63.898708459665201, -9.289040804261056 ], [ -63.898458460187094, -9.289040804261049 ], [ -63.898458460187094, -9.289290803530104 ], [ -63.898708459665201, -9.289290803530108 ], [ -63.898708459665201, -9.289540802799158 ], [ -63.898958459143309, -9.289540802799145 ] ] ], [ [ [ -63.90720844192073, -9.288790804992002 ], [ -63.90720844192073, -9.288540805722956 ], [ -63.906958442442622, -9.288540805722945 ], [ -63.906958442442622, -9.288790804991997 ], [ -63.90720844192073, -9.288790804992002 ] ] ], [ [ [ -63.905708445052113, -9.288790804991994 ], [ -63.905708445052113, -9.288540805722945 ], [ -63.904458447661582, -9.288540805722944 ], [ -63.904458447661582, -9.288790804991992 ], [ -63.905708445052113, -9.288790804991994 ] ] ], [ [ [ -63.901958452880557, -9.288790804991992 ], [ -63.901958452880557, -9.288540805722942 ], [ -63.901708453402442, -9.288540805722944 ], [ -63.901708453402442, -9.288790804992004 ], [ -63.901958452880557, -9.288790804991992 ] ] ], [ [ [ -63.901208454446241, -9.288040807184853 ], [ -63.901208454446241, -9.288540805722953 ], [ -63.901458453924349, -9.288540805722949 ], [ -63.901458453924349, -9.287790807915801 ], [ -63.901208454446241, -9.287790807915792 ], [ -63.901208454446241, -9.287290809377689 ], [ -63.900958454968134, -9.287290809377689 ], [ -63.900958454968134, -9.288040807184846 ], [ -63.901208454446241, -9.288040807184853 ] ] ], [ [ [ -63.899208458621409, -9.287790807915805 ], [ -63.899208458621409, -9.287290809377691 ], [ -63.898958459143309, -9.2872908093777 ], [ -63.898958459143309, -9.287790807915803 ], [ -63.899208458621409, -9.287790807915805 ] ] ], [ [ [ -63.903208450271073, -9.287040810108643 ], [ -63.903208450271073, -9.286790810839598 ], [ -63.902958450792966, -9.286790810839605 ], [ -63.902958450792966, -9.287040810108648 ], [ -63.903208450271073, -9.287040810108643 ] ] ], [ [ [ -63.906958442442622, -9.287040810108651 ], [ -63.906958442442622, -9.286540811570537 ], [ -63.906708442964522, -9.286540811570534 ], [ -63.906708442964522, -9.287040810108637 ], [ -63.906958442442622, -9.287040810108651 ] ] ], [ [ [ -63.903208450271073, -9.286290812301498 ], [ -63.903208450271073, -9.286040813032439 ], [ -63.902958450792966, -9.286040813032439 ], [ -63.902958450792966, -9.286290812301484 ], [ -63.903208450271073, -9.286290812301498 ] ] ], [ [ [ -63.900708455490033, -9.286290812301484 ], [ -63.900708455490033, -9.285790813763395 ], [ -63.900958454968134, -9.285790813763382 ], [ -63.900958454968134, -9.28554081449434 ], [ -63.900708455490033, -9.285540814494341 ], [ -63.900708455490033, -9.285290815225286 ], [ -63.900208456533818, -9.285290815225284 ], [ -63.900208456533818, -9.285540814494345 ], [ -63.899708457577624, -9.285540814494331 ], [ -63.899708457577624, -9.286290812301491 ], [ -63.900208456533818, -9.2862908123015 ], [ -63.900208456533818, -9.286540811570546 ], [ -63.900458456011926, -9.286540811570546 ], [ -63.900458456011926, -9.286790810839591 ], [ -63.900958454968134, -9.286790810839589 ], [ -63.900958454968134, -9.286290812301486 ], [ -63.900708455490033, -9.286290812301484 ] ] ], [ [ [ -63.907708440876931, -9.285290815225288 ], [ -63.907708440876931, -9.28479081668719 ], [ -63.90720844192073, -9.284790816687185 ], [ -63.90720844192073, -9.285540814494341 ], [ -63.906958442442622, -9.285540814494334 ], [ -63.906958442442622, -9.28454081741814 ], [ -63.906708442964522, -9.284540817418133 ], [ -63.906708442964522, -9.28404081888004 ], [ -63.905958444530206, -9.284040818880035 ], [ -63.905958444530206, -9.28454081741814 ], [ -63.906208444008307, -9.284540817418144 ], [ -63.906208444008307, -9.284790816687194 ], [ -63.906458443486414, -9.284790816687179 ], [ -63.906458443486414, -9.28554081449434 ], [ -63.906708442964522, -9.28554081449434 ], [ -63.906708442964522, -9.285790813763386 ], [ -63.906958442442622, -9.285790813763397 ], [ -63.906958442442622, -9.286290812301491 ], [ -63.90720844192073, -9.286290812301491 ], [ -63.90720844192073, -9.286540811570548 ], [ -63.907708440876931, -9.286540811570548 ], [ -63.907708440876931, -9.287290809377694 ], [ -63.907958440355046, -9.287290809377705 ], [ -63.907958440355046, -9.287040810108641 ], [ -63.908208439833139, -9.287040810108637 ], [ -63.908208439833139, -9.286790810839602 ], [ -63.907958440355046, -9.286790810839594 ], [ -63.907958440355046, -9.286290812301493 ], [ -63.908458439311246, -9.286290812301496 ], [ -63.908458439311246, -9.286540811570537 ], [ -63.908708438789347, -9.286540811570548 ], [ -63.908708438789347, -9.286040813032439 ], [ -63.908458439311246, -9.286040813032441 ], [ -63.908458439311246, -9.285790813763384 ], [ -63.908208439833139, -9.285790813763393 ], [ -63.908208439833139, -9.285540814494343 ], [ -63.908458439311246, -9.285540814494349 ], [ -63.908458439311246, -9.285290815225283 ], [ -63.907708440876931, -9.285290815225288 ] ], [ [ -63.907708440876931, -9.286290812301498 ], [ -63.907708440876931, -9.286040813032438 ], [ -63.907958440355046, -9.286040813032448 ], [ -63.907958440355046, -9.286290812301493 ], [ -63.907708440876931, -9.286290812301498 ] ] ], [ [ [ -63.903458449749166, -9.285790813763386 ], [ -63.903458449749166, -9.285540814494336 ], [ -63.903208450271073, -9.28554081449434 ], [ -63.903208450271073, -9.285790813763382 ], [ -63.903458449749166, -9.285790813763386 ] ] ], [ [ [ -63.905208446095898, -9.284790816687181 ], [ -63.905208446095898, -9.284540817418137 ], [ -63.90470844713969, -9.284540817418137 ], [ -63.90470844713969, -9.28429081814909 ], [ -63.904458447661582, -9.284290818149078 ], [ -63.904458447661582, -9.284790816687185 ], [ -63.90470844713969, -9.284790816687186 ], [ -63.90470844713969, -9.285290815225292 ], [ -63.905208446095898, -9.285290815225293 ], [ -63.905208446095898, -9.285790813763391 ], [ -63.905708445052113, -9.285790813763395 ], [ -63.905708445052113, -9.285290815225288 ], [ -63.905458445574006, -9.285290815225284 ], [ -63.905458445574006, -9.284790816687188 ], [ -63.905208446095898, -9.284790816687181 ] ] ], [ [ [ -63.905708445052113, -9.284790816687188 ], [ -63.905708445052113, -9.284540817418133 ], [ -63.905458445574006, -9.284540817418135 ], [ -63.905458445574006, -9.284790816687188 ], [ -63.905708445052113, -9.284790816687188 ] ] ], [ [ [ -63.904208448183482, -9.284040818880035 ], [ -63.904208448183482, -9.283790819610987 ], [ -63.903958448705374, -9.283790819610987 ], [ -63.903958448705374, -9.28404081888004 ], [ -63.904208448183482, -9.284040818880035 ] ] ], [ [ [ -63.90220845235865, -9.284040818880044 ], [ -63.90220845235865, -9.283290821072887 ], [ -63.901958452880557, -9.283290821072873 ], [ -63.901958452880557, -9.284040818880035 ], [ -63.90220845235865, -9.284040818880044 ] ] ], [ [ [ -63.906208444008307, -9.282790822534777 ], [ -63.906208444008307, -9.283290821072889 ], [ -63.905958444530206, -9.283290821072889 ], [ -63.905958444530206, -9.283790819610985 ], [ -63.906208444008307, -9.283790819610987 ], [ -63.906208444008307, -9.28354082034193 ], [ -63.906458443486414, -9.283540820341935 ], [ -63.906458443486414, -9.283290821072887 ], [ -63.906708442964522, -9.283290821072889 ], [ -63.906708442964522, -9.282790822534777 ], [ -63.906208444008307, -9.282790822534777 ] ] ], [ [ [ -63.906208444008307, -9.282790822534777 ], [ -63.906208444008307, -9.282290823996677 ], [ -63.905958444530206, -9.282290823996686 ], [ -63.905958444530206, -9.282790822534782 ], [ -63.906208444008307, -9.282790822534777 ] ] ], [ [ [ -63.905708445052113, -9.281790825458575 ], [ -63.905458445574006, -9.281790825458577 ], [ -63.905458445574006, -9.281290826920468 ], [ -63.904458447661582, -9.281290826920477 ], [ -63.904458447661582, -9.28229082399668 ], [ -63.905708445052113, -9.28229082399668 ], [ -63.905708445052113, -9.281790825458575 ] ], [ [ -63.905458445574006, -9.282040824727627 ], [ -63.905208446095898, -9.282040824727618 ], [ -63.905208446095898, -9.281790825458575 ], [ -63.905458445574006, -9.281790825458577 ], [ -63.905458445574006, -9.282040824727627 ] ] ], [ [ [ -63.905958444530206, -9.281790825458582 ], [ -63.905958444530206, -9.281540826189518 ], [ -63.905708445052113, -9.281540826189525 ], [ -63.905708445052113, -9.281790825458575 ], [ -63.905958444530206, -9.281790825458582 ] ] ], [ [ [ -63.904208448183482, -9.280540829113322 ], [ -63.904208448183482, -9.279790831306167 ], [ -63.903958448705374, -9.279790831306176 ], [ -63.903958448705374, -9.279540832037126 ], [ -63.903458449749166, -9.279540832037126 ], [ -63.903458449749166, -9.279790831306171 ], [ -63.903708449227281, -9.279790831306167 ], [ -63.903708449227281, -9.280790828382376 ], [ -63.903958448705374, -9.28079082838237 ], [ -63.903958448705374, -9.281290826920468 ], [ -63.904208448183482, -9.28129082692047 ], [ -63.904208448183482, -9.280790828382365 ], [ -63.904458447661582, -9.280790828382367 ], [ -63.904458447661582, -9.280540829113322 ], [ -63.904208448183482, -9.280540829113322 ] ] ], [ [ [ -63.899208458621409, -9.280540829113315 ], [ -63.899208458621409, -9.280290829844271 ], [ -63.898958459143309, -9.280290829844272 ], [ -63.898958459143309, -9.280540829113331 ], [ -63.899208458621409, -9.280540829113315 ] ] ], [ [ [ -63.907958440355046, -9.278290835691873 ], [ -63.907708440876931, -9.278290835691861 ], [ -63.907708440876931, -9.278540834960911 ], [ -63.907958440355046, -9.278540834960914 ], [ -63.907958440355046, -9.278290835691873 ] ] ], [ [ [ -63.90720844192073, -9.278040836422814 ], [ -63.906958442442622, -9.278040836422814 ], [ -63.906958442442622, -9.278290835691866 ], [ -63.90720844192073, -9.278290835691857 ], [ -63.90720844192073, -9.278040836422814 ] ] ], [ [ [ -63.899458458099517, -9.278040836422809 ], [ -63.899458458099517, -9.277790837153768 ], [ -63.899208458621409, -9.277790837153759 ], [ -63.899208458621409, -9.278040836422816 ], [ -63.899458458099517, -9.278040836422809 ] ] ], [ [ [ -63.905708445052113, -9.277790837153763 ], [ -63.905708445052113, -9.277290838615665 ], [ -63.905458445574006, -9.277290838615659 ], [ -63.905458445574006, -9.277790837153772 ], [ -63.905708445052113, -9.277790837153763 ] ] ], [ [ [ -63.899708457577624, -9.277790837153761 ], [ -63.899708457577624, -9.277290838615658 ], [ -63.899458458099517, -9.277290838615665 ], [ -63.899458458099517, -9.277790837153768 ], [ -63.899708457577624, -9.277790837153761 ] ] ], [ [ [ -63.903958448705374, -9.277290838615656 ], [ -63.903958448705374, -9.277040839346604 ], [ -63.903708449227281, -9.277040839346611 ], [ -63.903708449227281, -9.276790840077565 ], [ -63.903458449749166, -9.27679084007756 ], [ -63.903458449749166, -9.276540840808503 ], [ -63.903208450271073, -9.276540840808506 ], [ -63.903208450271073, -9.276290841539463 ], [ -63.902958450792966, -9.276290841539453 ], [ -63.902958450792966, -9.277040839346608 ], [ -63.903208450271073, -9.277040839346606 ], [ -63.903208450271073, -9.277290838615661 ], [ -63.903708449227281, -9.277290838615663 ], [ -63.903708449227281, -9.277790837153763 ], [ -63.903958448705374, -9.277790837153768 ], [ -63.903958448705374, -9.278040836422814 ], [ -63.904208448183482, -9.278040836422816 ], [ -63.904208448183482, -9.277290838615654 ], [ -63.903958448705374, -9.277290838615656 ] ] ], [ [ [ -63.901458453924349, -9.277290838615659 ], [ -63.901458453924349, -9.27704083934661 ], [ -63.901208454446241, -9.277040839346608 ], [ -63.901208454446241, -9.277290838615663 ], [ -63.901458453924349, -9.277290838615659 ] ] ], [ [ [ -63.90470844713969, -9.276540840808503 ], [ -63.90470844713969, -9.276290841539458 ], [ -63.904458447661582, -9.276290841539447 ], [ -63.904458447661582, -9.276790840077558 ], [ -63.905208446095898, -9.276790840077565 ], [ -63.905208446095898, -9.276540840808506 ], [ -63.90470844713969, -9.276540840808503 ] ] ], [ [ [ -63.903958448705374, -9.27654084080851 ], [ -63.903958448705374, -9.276290841539454 ], [ -63.903708449227281, -9.276290841539463 ], [ -63.903708449227281, -9.276540840808503 ], [ -63.903958448705374, -9.27654084080851 ] ] ], [ [ [ -63.900958454968134, -9.276540840808504 ], [ -63.900958454968134, -9.27629084153946 ], [ -63.900708455490033, -9.276290841539453 ], [ -63.900708455490033, -9.27654084080851 ], [ -63.900958454968134, -9.276540840808504 ] ] ], [ [ [ -63.899708457577624, -9.27654084080851 ], [ -63.899708457577624, -9.276290841539462 ], [ -63.899458458099517, -9.276290841539462 ], [ -63.899458458099517, -9.276540840808515 ], [ -63.899708457577624, -9.27654084080851 ] ] ], [ [ [ -63.902958450792966, -9.276290841539453 ], [ -63.902958450792966, -9.27604084227041 ], [ -63.902708451314858, -9.276040842270413 ], [ -63.902708451314858, -9.276290841539453 ], [ -63.902958450792966, -9.276290841539453 ] ] ], [ [ [ -63.901458453924349, -9.275540843732315 ], [ -63.901458453924349, -9.27604084227041 ], [ -63.901708453402442, -9.276040842270413 ], [ -63.901708453402442, -9.276290841539458 ], [ -63.90220845235865, -9.27629084153946 ], [ -63.90220845235865, -9.276040842270417 ], [ -63.901958452880557, -9.276040842270415 ], [ -63.901958452880557, -9.275790843001355 ], [ -63.901708453402442, -9.275790843001356 ], [ -63.901708453402442, -9.275540843732303 ], [ -63.901458453924349, -9.275540843732315 ] ] ], [ [ [ -63.899458458099517, -9.27604084227041 ], [ -63.899458458099517, -9.27579084300136 ], [ -63.899208458621409, -9.275790843001348 ], [ -63.899208458621409, -9.276040842270399 ], [ -63.899458458099517, -9.27604084227041 ] ] ], [ [ [ -63.905708445052113, -9.275790843001356 ], [ -63.905708445052113, -9.275540843732307 ], [ -63.905458445574006, -9.275540843732314 ], [ -63.905458445574006, -9.275790843001362 ], [ -63.905708445052113, -9.275790843001356 ] ] ], [ [ [ -63.902958450792966, -9.275790843001351 ], [ -63.902958450792966, -9.275290844463251 ], [ -63.902708451314858, -9.275290844463258 ], [ -63.902708451314858, -9.275790843001356 ], [ -63.902958450792966, -9.275790843001351 ] ] ], [ [ [ -63.900208456533818, -9.275540843732308 ], [ -63.900208456533818, -9.275290844463251 ], [ -63.899458458099517, -9.275290844463253 ], [ -63.899458458099517, -9.27579084300136 ], [ -63.899708457577624, -9.275790843001358 ], [ -63.899708457577624, -9.275540843732305 ], [ -63.900208456533818, -9.275540843732308 ] ] ], [ [ [ -63.900458456011926, -9.275290844463253 ], [ -63.900458456011926, -9.274540846656103 ], [ -63.900208456533818, -9.274540846656103 ], [ -63.900208456533818, -9.275290844463251 ], [ -63.900458456011926, -9.275290844463253 ] ] ], [ [ [ -63.902708451314858, -9.274790845925157 ], [ -63.902708451314858, -9.274540846656109 ], [ -63.90220845235865, -9.274540846656102 ], [ -63.90220845235865, -9.274790845925153 ], [ -63.902708451314858, -9.274790845925157 ] ] ], [ [ [ -63.90220845235865, -9.274040848118007 ], [ -63.90220845235865, -9.27379084884895 ], [ -63.901958452880557, -9.273790848848948 ], [ -63.901958452880557, -9.274040848118005 ], [ -63.90220845235865, -9.274040848118007 ] ] ], [ [ [ -63.901458453924349, -9.274040848118005 ], [ -63.901458453924349, -9.274290847387046 ], [ -63.901708453402442, -9.274290847387052 ], [ -63.901708453402442, -9.273790848848948 ], [ -63.901458453924349, -9.273790848848956 ], [ -63.901458453924349, -9.273540849579893 ], [ -63.901708453402442, -9.273540849579895 ], [ -63.901708453402442, -9.272290853234649 ], [ -63.901458453924349, -9.272290853234646 ], [ -63.901458453924349, -9.271790854696544 ], [ -63.901208454446241, -9.271790854696546 ], [ -63.901208454446241, -9.272040853965601 ], [ -63.900958454968134, -9.272040853965596 ], [ -63.900958454968134, -9.272290853234654 ], [ -63.901208454446241, -9.27229085323464 ], [ -63.901208454446241, -9.272790851772756 ], [ -63.900958454968134, -9.272790851772754 ], [ -63.900958454968134, -9.273040851041792 ], [ -63.901208454446241, -9.273040851041793 ], [ -63.901208454446241, -9.274040848118009 ], [ -63.901458453924349, -9.274040848118005 ] ] ], [ [ [ -63.907958440355046, -9.272790851772747 ], [ -63.907958440355046, -9.27229085323464 ], [ -63.907708440876931, -9.272290853234642 ], [ -63.907708440876931, -9.272790851772745 ], [ -63.907958440355046, -9.272790851772747 ] ] ], [ [ [ -63.899208458621409, -9.272040853965596 ], [ -63.899208458621409, -9.27279085177274 ], [ -63.899458458099517, -9.272790851772754 ], [ -63.899458458099517, -9.272290853234644 ], [ -63.899708457577624, -9.272290853234649 ], [ -63.899708457577624, -9.271790854696551 ], [ -63.899458458099517, -9.271790854696551 ], [ -63.899458458099517, -9.272040853965585 ], [ -63.899208458621409, -9.272040853965596 ] ] ], [ [ [ -63.899458458099517, -9.271790854696551 ], [ -63.899458458099517, -9.271540855427485 ], [ -63.899208458621409, -9.271540855427487 ], [ -63.899208458621409, -9.27179085469654 ], [ -63.899458458099517, -9.271790854696551 ] ] ], [ [ [ -63.900958454968134, -9.271290856158446 ], [ -63.900958454968134, -9.271040856889389 ], [ -63.900708455490033, -9.271040856889385 ], [ -63.900708455490033, -9.271540855427492 ], [ -63.901208454446241, -9.271540855427501 ], [ -63.901208454446241, -9.271290856158439 ], [ -63.900958454968134, -9.271290856158446 ] ] ], [ [ [ -63.900458456011926, -9.2710408568894 ], [ -63.900458456011926, -9.270790857620344 ], [ -63.900208456533818, -9.270790857620344 ], [ -63.900208456533818, -9.271040856889387 ], [ -63.900458456011926, -9.2710408568894 ] ] ], [ [ [ -63.901958452880557, -9.271290856158444 ], [ -63.901958452880557, -9.271540855427489 ], [ -63.90220845235865, -9.271540855427485 ], [ -63.90220845235865, -9.271040856889391 ], [ -63.901958452880557, -9.271040856889389 ], [ -63.901958452880557, -9.270790857620339 ], [ -63.901708453402442, -9.270790857620346 ], [ -63.901708453402442, -9.270540858351286 ], [ -63.901458453924349, -9.270540858351289 ], [ -63.901458453924349, -9.269540861275079 ], [ -63.900958454968134, -9.269540861275086 ], [ -63.900958454968134, -9.269290862006034 ], [ -63.900708455490033, -9.269290862006027 ], [ -63.900708455490033, -9.269040862736986 ], [ -63.900458456011926, -9.269040862736977 ], [ -63.900458456011926, -9.268790863467929 ], [ -63.900208456533818, -9.26879086346792 ], [ -63.900208456533818, -9.269790860544131 ], [ -63.900958454968134, -9.269790860544123 ], [ -63.900958454968134, -9.270540858351294 ], [ -63.901208454446241, -9.270540858351293 ], [ -63.901208454446241, -9.270790857620336 ], [ -63.901458453924349, -9.270790857620346 ], [ -63.901458453924349, -9.271040856889389 ], [ -63.901708453402442, -9.271040856889393 ], [ -63.901708453402442, -9.271290856158448 ], [ -63.901958452880557, -9.271290856158444 ] ] ], [ [ [ -63.899458458099517, -9.269540861275086 ], [ -63.899458458099517, -9.269290862006031 ], [ -63.899708457577624, -9.269290862006034 ], [ -63.899708457577624, -9.269040862736977 ], [ -63.899458458099517, -9.269040862736986 ], [ -63.899458458099517, -9.268790863467929 ], [ -63.899208458621409, -9.268790863467922 ], [ -63.899208458621409, -9.268540864198885 ], [ -63.898458460187094, -9.268540864198881 ], [ -63.898458460187094, -9.269040862736983 ], [ -63.898708459665201, -9.269040862736992 ], [ -63.898708459665201, -9.26954086127509 ], [ -63.898958459143309, -9.269540861275079 ], [ -63.898958459143309, -9.270290859082245 ], [ -63.899208458621409, -9.270290859082239 ], [ -63.899208458621409, -9.270540858351296 ], [ -63.899708457577624, -9.270540858351287 ], [ -63.899708457577624, -9.269540861275093 ], [ -63.899458458099517, -9.269540861275086 ] ] ], [ [ [ -63.90720844192073, -9.268790863467922 ], [ -63.90720844192073, -9.268540864198892 ], [ -63.906958442442622, -9.268540864198878 ], [ -63.906958442442622, -9.268790863467935 ], [ -63.90720844192073, -9.268790863467922 ] ] ], [ [ [ -63.900458456011926, -9.267290867853628 ], [ -63.900458456011926, -9.267040868584576 ], [ -63.900208456533818, -9.267040868584582 ], [ -63.900208456533818, -9.267290867853625 ], [ -63.900458456011926, -9.267290867853628 ] ] ], [ [ [ -63.900208456533818, -9.267040868584582 ], [ -63.900208456533818, -9.266790869315528 ], [ -63.899208458621409, -9.26679086931553 ], [ -63.899208458621409, -9.267040868584578 ], [ -63.900208456533818, -9.267040868584582 ] ] ], [ [ [ -63.899708457577624, -9.266040871508379 ], [ -63.899708457577624, -9.265790872239325 ], [ -63.899458458099517, -9.265790872239318 ], [ -63.899458458099517, -9.266040871508366 ], [ -63.899708457577624, -9.266040871508379 ] ] ], [ [ [ -63.90720844192073, -9.265790872239329 ], [ -63.90720844192073, -9.265540872970272 ], [ -63.906958442442622, -9.26554087297027 ], [ -63.906958442442622, -9.265790872239316 ], [ -63.90720844192073, -9.265790872239329 ] ] ], [ [ [ -63.905708445052113, -9.265290873701215 ], [ -63.905208446095898, -9.265290873701215 ], [ -63.905208446095898, -9.265540872970272 ], [ -63.905708445052113, -9.265540872970272 ], [ -63.905708445052113, -9.265290873701215 ] ] ], [ [ [ -63.903958448705374, -9.26529087370122 ], [ -63.903708449227281, -9.265290873701225 ], [ -63.903708449227281, -9.265540872970277 ], [ -63.903958448705374, -9.26554087297027 ], [ -63.903958448705374, -9.26529087370122 ] ] ], [ [ [ -63.902958450792966, -9.265540872970274 ], [ -63.902958450792966, -9.265290873701225 ], [ -63.902708451314858, -9.265290873701217 ], [ -63.902708451314858, -9.265540872970265 ], [ -63.902958450792966, -9.265540872970274 ] ] ], [ [ [ -63.90720844192073, -9.264790875163115 ], [ -63.90720844192073, -9.264540875894063 ], [ -63.906958442442622, -9.264540875894067 ], [ -63.906958442442622, -9.264790875163127 ], [ -63.90720844192073, -9.264790875163115 ] ] ], [ [ [ -63.905458445574006, -9.264790875163118 ], [ -63.905458445574006, -9.264540875894067 ], [ -63.905208446095898, -9.264540875894069 ], [ -63.905208446095898, -9.264790875163115 ], [ -63.905458445574006, -9.264790875163118 ] ] ], [ [ [ -63.899208458621409, -9.264790875163115 ], [ -63.899208458621409, -9.264540875894062 ], [ -63.898958459143309, -9.264540875894074 ], [ -63.898958459143309, -9.264790875163126 ], [ -63.899208458621409, -9.264790875163115 ] ] ], [ [ [ -63.900708455490033, -9.263540878817865 ], [ -63.900708455490033, -9.263290879548814 ], [ -63.900458456011926, -9.263290879548819 ], [ -63.900458456011926, -9.263540878817864 ], [ -63.900708455490033, -9.263540878817865 ] ] ], [ [ [ -63.901708453402442, -9.262790881010705 ], [ -63.901708453402442, -9.26229088247262 ], [ -63.901458453924349, -9.262290882472609 ], [ -63.901458453924349, -9.262790881010718 ], [ -63.901708453402442, -9.262790881010705 ] ] ], [ [ [ -63.901708453402442, -9.261790883934516 ], [ -63.901708453402442, -9.261540884665463 ], [ -63.901458453924349, -9.261540884665465 ], [ -63.901458453924349, -9.261790883934514 ], [ -63.901708453402442, -9.261790883934516 ] ] ], [ [ [ -63.900708455490033, -9.261540884665463 ], [ -63.900708455490033, -9.261290885396411 ], [ -63.900458456011926, -9.261290885396409 ], [ -63.900458456011926, -9.261540884665454 ], [ -63.900708455490033, -9.261540884665463 ] ] ], [ [ [ -63.900958454968134, -9.260790886858299 ], [ -63.900958454968134, -9.260540887589254 ], [ -63.900708455490033, -9.260540887589254 ], [ -63.900708455490033, -9.260790886858301 ], [ -63.900958454968134, -9.260790886858299 ] ] ], [ [ [ -63.900958454968134, -9.260290888320203 ], [ -63.900958454968134, -9.25979088978211 ], [ -63.900708455490033, -9.259790889782098 ], [ -63.900708455490033, -9.260290888320208 ], [ -63.900958454968134, -9.260290888320203 ] ] ], [ [ [ -63.901208454446241, -9.259540890513057 ], [ -63.901208454446241, -9.259290891243998 ], [ -63.900958454968134, -9.259290891244003 ], [ -63.900958454968134, -9.259540890513053 ], [ -63.901208454446241, -9.259540890513057 ] ] ], [ [ [ -63.903208450271073, -9.256790898553502 ], [ -63.903208450271073, -9.257290897091591 ], [ -63.902958450792966, -9.257290897091591 ], [ -63.902958450792966, -9.257790895629695 ], [ -63.902708451314858, -9.257790895629702 ], [ -63.902708451314858, -9.258540893436848 ], [ -63.903208450271073, -9.258540893436852 ], [ -63.903208450271073, -9.258290894167787 ], [ -63.903458449749166, -9.258290894167796 ], [ -63.903458449749166, -9.258040894898738 ], [ -63.903708449227281, -9.258040894898746 ], [ -63.903708449227281, -9.2577908956297 ], [ -63.903958448705374, -9.2577908956297 ], [ -63.903958448705374, -9.257290897091591 ], [ -63.904208448183482, -9.2572908970916 ], [ -63.904208448183482, -9.257040897822547 ], [ -63.904458447661582, -9.25704089782254 ], [ -63.904458447661582, -9.256790898553493 ], [ -63.90470844713969, -9.25679089855349 ], [ -63.90470844713969, -9.256290900015397 ], [ -63.904458447661582, -9.256290900015395 ], [ -63.904458447661582, -9.255540902208237 ], [ -63.903958448705374, -9.255540902208233 ], [ -63.903958448705374, -9.255790901477297 ], [ -63.903708449227281, -9.25579090147728 ], [ -63.903708449227281, -9.256040900746342 ], [ -63.903458449749166, -9.256040900746344 ], [ -63.903458449749166, -9.256290900015399 ], [ -63.903708449227281, -9.256290900015383 ], [ -63.903708449227281, -9.256540899284433 ], [ -63.903958448705374, -9.256540899284438 ], [ -63.903958448705374, -9.256790898553493 ], [ -63.903208450271073, -9.256790898553502 ] ] ], [ [ [ -63.898208460708993, -9.3635405864382 ], [ -63.898208460708993, -9.363290587169155 ], [ -63.897958461230886, -9.363290587169152 ], [ -63.897958461230886, -9.363540586438209 ], [ -63.898208460708993, -9.3635405864382 ] ] ], [ [ [ -63.895208466971752, -9.363040587900104 ], [ -63.895208466971752, -9.362790588631054 ], [ -63.894458468537437, -9.362790588631047 ], [ -63.894458468537437, -9.3630405879001 ], [ -63.895208466971752, -9.363040587900104 ] ] ], [ [ [ -63.897958461230886, -9.363290587169152 ], [ -63.897958461230886, -9.362790588631054 ], [ -63.897208462796584, -9.362790588631054 ], [ -63.897208462796584, -9.363040587900095 ], [ -63.896958463318477, -9.363040587900104 ], [ -63.896958463318477, -9.362790588631052 ], [ -63.896708463840369, -9.362790588631054 ], [ -63.896708463840369, -9.362290590092941 ], [ -63.896458464362269, -9.362290590092949 ], [ -63.896458464362269, -9.362790588631048 ], [ -63.896208464884161, -9.362790588631052 ], [ -63.896208464884161, -9.362290590092952 ], [ -63.895958465406068, -9.36229059009294 ], [ -63.895958465406068, -9.362040590823895 ], [ -63.895208466971752, -9.3620405908239 ], [ -63.895208466971752, -9.362790588631054 ], [ -63.89545846644986, -9.362790588631054 ], [ -63.89545846644986, -9.363040587900107 ], [ -63.895958465406068, -9.363040587900107 ], [ -63.895958465406068, -9.363290587169155 ], [ -63.896708463840369, -9.363290587169153 ], [ -63.896708463840369, -9.363540586438194 ], [ -63.896958463318477, -9.3635405864382 ], [ -63.896958463318477, -9.363290587169152 ], [ -63.897958461230886, -9.363290587169152 ] ] ], [ [ [ -63.897708461752792, -9.354290613483325 ], [ -63.897708461752792, -9.354040614214259 ], [ -63.897208462796584, -9.354040614214268 ], [ -63.897208462796584, -9.354290613483325 ], [ -63.897708461752792, -9.354290613483325 ] ] ], [ [ [ -63.897208462796584, -9.353290616407115 ], [ -63.897208462796584, -9.353040617138062 ], [ -63.896958463318477, -9.353040617138072 ], [ -63.896958463318477, -9.353290616407124 ], [ -63.897208462796584, -9.353290616407115 ] ] ], [ [ [ -63.894208469059329, -9.353290616407115 ], [ -63.894208469059329, -9.353040617138069 ], [ -63.893958469581221, -9.353040617138058 ], [ -63.893958469581221, -9.353290616407113 ], [ -63.894208469059329, -9.353290616407115 ] ] ], [ [ [ -63.894708468015544, -9.353040617138063 ], [ -63.894708468015544, -9.35279061786901 ], [ -63.894208469059329, -9.352790617869015 ], [ -63.894208469059329, -9.353040617138069 ], [ -63.894708468015544, -9.353040617138063 ] ] ], [ [ [ -63.895958465406068, -9.352790617869015 ], [ -63.895958465406068, -9.352290619330914 ], [ -63.89545846644986, -9.352290619330921 ], [ -63.89545846644986, -9.353040617138067 ], [ -63.895708465927946, -9.35304061713806 ], [ -63.895708465927946, -9.352790617869012 ], [ -63.895958465406068, -9.352790617869015 ] ] ], [ [ [ -63.895208466971752, -9.352790617869019 ], [ -63.895208466971752, -9.35229061933091 ], [ -63.894708468015544, -9.352290619330915 ], [ -63.894708468015544, -9.35279061786901 ], [ -63.895208466971752, -9.352790617869019 ] ] ], [ [ [ -63.896458464362269, -9.352790617869013 ], [ -63.896458464362269, -9.35204062006186 ], [ -63.895958465406068, -9.352040620061867 ], [ -63.895958465406068, -9.352290619330914 ], [ -63.896208464884161, -9.352290619330912 ], [ -63.896208464884161, -9.352790617869021 ], [ -63.896458464362269, -9.352790617869013 ] ] ], [ [ [ -63.894208469059329, -9.351790620792807 ], [ -63.894208469059329, -9.352040620061857 ], [ -63.895958465406068, -9.352040620061867 ], [ -63.895958465406068, -9.351790620792817 ], [ -63.89545846644986, -9.351790620792816 ], [ -63.89545846644986, -9.351540621523759 ], [ -63.893958469581221, -9.351540621523766 ], [ -63.893958469581221, -9.351790620792807 ], [ -63.894208469059329, -9.351790620792807 ] ] ], [ [ [ -63.897958461230886, -9.350790623716605 ], [ -63.897958461230886, -9.351040622985652 ], [ -63.898458460187094, -9.351040622985662 ], [ -63.898458460187094, -9.351290622254702 ], [ -63.898958459143309, -9.351290622254712 ], [ -63.898958459143309, -9.351540621523753 ], [ -63.900208456533818, -9.351540621523757 ], [ -63.900208456533818, -9.351290622254711 ], [ -63.899708457577624, -9.351290622254702 ], [ -63.899708457577624, -9.351040622985666 ], [ -63.899458458099517, -9.351040622985662 ], [ -63.899458458099517, -9.351290622254707 ], [ -63.899208458621409, -9.351290622254712 ], [ -63.899208458621409, -9.350790623716604 ], [ -63.898958459143309, -9.350790623716605 ], [ -63.898958459143309, -9.350540624447556 ], [ -63.898708459665201, -9.350540624447564 ], [ -63.898708459665201, -9.349790626640395 ], [ -63.898458460187094, -9.349790626640408 ], [ -63.898458460187094, -9.349540627371363 ], [ -63.898708459665201, -9.349540627371363 ], [ -63.898708459665201, -9.349040628833258 ], [ -63.897958461230886, -9.349040628833256 ], [ -63.897958461230886, -9.349540627371351 ], [ -63.897708461752792, -9.349540627371354 ], [ -63.897708461752792, -9.349790626640399 ], [ -63.898208460708993, -9.349790626640406 ], [ -63.898208460708993, -9.350290625178497 ], [ -63.897958461230886, -9.350290625178506 ], [ -63.897958461230886, -9.35054062444755 ], [ -63.898208460708993, -9.350540624447561 ], [ -63.898208460708993, -9.3507906237166 ], [ -63.897958461230886, -9.350790623716605 ] ] ], [ [ [ -63.895208466971752, -9.350540624447554 ], [ -63.895208466971752, -9.349540627371363 ], [ -63.894708468015544, -9.349540627371351 ], [ -63.894708468015544, -9.349790626640399 ], [ -63.894458468537437, -9.349790626640399 ], [ -63.894458468537437, -9.350540624447564 ], [ -63.894708468015544, -9.350540624447554 ], [ -63.894708468015544, -9.351040622985655 ], [ -63.895958465406068, -9.351040622985666 ], [ -63.895958465406068, -9.350790623716604 ], [ -63.895708465927946, -9.350790623716613 ], [ -63.895708465927946, -9.350540624447552 ], [ -63.895208466971752, -9.350540624447554 ] ] ], [ [ [ -63.895958465406068, -9.349790626640411 ], [ -63.895958465406068, -9.350290625178504 ], [ -63.896458464362269, -9.350290625178513 ], [ -63.896458464362269, -9.349790626640401 ], [ -63.896208464884161, -9.349790626640409 ], [ -63.896208464884161, -9.349540627371358 ], [ -63.89545846644986, -9.349540627371356 ], [ -63.89545846644986, -9.349790626640402 ], [ -63.895958465406068, -9.349790626640411 ] ] ], [ [ [ -63.897208462796584, -9.349790626640399 ], [ -63.897208462796584, -9.349540627371363 ], [ -63.896958463318477, -9.349540627371351 ], [ -63.896958463318477, -9.349790626640402 ], [ -63.897208462796584, -9.349790626640399 ] ] ], [ [ [ -63.894208469059329, -9.349790626640404 ], [ -63.894208469059329, -9.349540627371354 ], [ -63.893958469581221, -9.349540627371356 ], [ -63.893958469581221, -9.349790626640402 ], [ -63.894208469059329, -9.349790626640404 ] ] ], [ [ [ -63.897708461752792, -9.349540627371354 ], [ -63.897708461752792, -9.349290628102308 ], [ -63.897208462796584, -9.349290628102304 ], [ -63.897208462796584, -9.349540627371363 ], [ -63.897708461752792, -9.349540627371354 ] ] ], [ [ [ -63.896458464362269, -9.349540627371349 ], [ -63.896458464362269, -9.34929062810231 ], [ -63.896208464884161, -9.349290628102301 ], [ -63.896208464884161, -9.349540627371358 ], [ -63.896458464362269, -9.349540627371349 ] ] ], [ [ [ -63.894708468015544, -9.349040628833249 ], [ -63.894708468015544, -9.349290628102295 ], [ -63.895708465927946, -9.349290628102295 ], [ -63.895708465927946, -9.349040628833242 ], [ -63.896208464884161, -9.349040628833251 ], [ -63.896208464884161, -9.348790629564199 ], [ -63.894458468537437, -9.348790629564199 ], [ -63.894458468537437, -9.349040628833254 ], [ -63.894708468015544, -9.349040628833249 ] ] ], [ [ [ -63.897708461752792, -9.348790629564192 ], [ -63.897208462796584, -9.348790629564201 ], [ -63.897208462796584, -9.349040628833258 ], [ -63.897708461752792, -9.349040628833253 ], [ -63.897708461752792, -9.348790629564192 ] ] ], [ [ [ -63.898958459143309, -9.348540630295142 ], [ -63.898458460187094, -9.348540630295146 ], [ -63.898458460187094, -9.348790629564197 ], [ -63.898958459143309, -9.348790629564204 ], [ -63.898958459143309, -9.348540630295142 ] ] ], [ [ [ -63.897208462796584, -9.348790629564201 ], [ -63.897208462796584, -9.348540630295142 ], [ -63.896958463318477, -9.348540630295155 ], [ -63.896958463318477, -9.348790629564197 ], [ -63.897208462796584, -9.348790629564201 ] ] ], [ [ [ -63.894458468537437, -9.348790629564199 ], [ -63.894458468537437, -9.348540630295153 ], [ -63.894208469059329, -9.348540630295146 ], [ -63.894208469059329, -9.348790629564192 ], [ -63.894458468537437, -9.348790629564199 ] ] ], [ [ [ -63.894458468537437, -9.348290631026099 ], [ -63.894458468537437, -9.348040631757042 ], [ -63.893958469581221, -9.348040631757042 ], [ -63.893958469581221, -9.348290631026096 ], [ -63.894458468537437, -9.348290631026099 ] ] ], [ [ [ -63.898208460708993, -9.348040631757053 ], [ -63.898208460708993, -9.347790632487994 ], [ -63.897958461230886, -9.347790632488005 ], [ -63.897958461230886, -9.348040631757042 ], [ -63.898208460708993, -9.348040631757053 ] ] ], [ [ [ -63.894708468015544, -9.348040631757051 ], [ -63.894708468015544, -9.347790632487987 ], [ -63.894458468537437, -9.347790632487994 ], [ -63.894458468537437, -9.348040631757042 ], [ -63.894708468015544, -9.348040631757051 ] ] ], [ [ [ -63.896708463840369, -9.346540636142738 ], [ -63.896708463840369, -9.3462906368737 ], [ -63.896208464884161, -9.346290636873684 ], [ -63.896208464884161, -9.346540636142745 ], [ -63.896708463840369, -9.346540636142738 ] ] ], [ [ [ -63.898458460187094, -9.3462906368737 ], [ -63.898458460187094, -9.346040637604645 ], [ -63.898208460708993, -9.346040637604649 ], [ -63.898208460708993, -9.346290636873686 ], [ -63.898458460187094, -9.3462906368737 ] ] ], [ [ [ -63.897958461230886, -9.3462906368737 ], [ -63.897958461230886, -9.345790638335592 ], [ -63.897708461752792, -9.3457906383356 ], [ -63.897708461752792, -9.346290636873693 ], [ -63.897958461230886, -9.3462906368737 ] ] ], [ [ [ -63.895708465927946, -9.346040637604645 ], [ -63.895708465927946, -9.345540639066543 ], [ -63.89545846644986, -9.345540639066542 ], [ -63.89545846644986, -9.345790638335581 ], [ -63.895208466971752, -9.345790638335584 ], [ -63.895208466971752, -9.346040637604636 ], [ -63.895708465927946, -9.346040637604645 ] ] ], [ [ [ -63.895958465406068, -9.345540639066549 ], [ -63.895958465406068, -9.344790641259394 ], [ -63.895708465927946, -9.344790641259392 ], [ -63.895708465927946, -9.345540639066543 ], [ -63.895958465406068, -9.345540639066549 ] ] ], [ [ [ -63.897958461230886, -9.345290639797486 ], [ -63.897958461230886, -9.344790641259394 ], [ -63.897708461752792, -9.344790641259383 ], [ -63.897708461752792, -9.345290639797481 ], [ -63.897958461230886, -9.345290639797486 ] ] ], [ [ [ -63.896958463318477, -9.345290639797486 ], [ -63.896958463318477, -9.345540639066547 ], [ -63.897708461752792, -9.345540639066551 ], [ -63.897708461752792, -9.345290639797481 ], [ -63.897208462796584, -9.345290639797492 ], [ -63.897208462796584, -9.344790641259385 ], [ -63.896958463318477, -9.344790641259378 ], [ -63.896958463318477, -9.344040643452237 ], [ -63.896708463840369, -9.344040643452228 ], [ -63.896708463840369, -9.344790641259392 ], [ -63.896458464362269, -9.34479064125938 ], [ -63.896458464362269, -9.345540639066536 ], [ -63.896208464884161, -9.345540639066533 ], [ -63.896208464884161, -9.345790638335595 ], [ -63.896458464362269, -9.345790638335597 ], [ -63.896458464362269, -9.34604063760465 ], [ -63.896708463840369, -9.346040637604643 ], [ -63.896708463840369, -9.345290639797486 ], [ -63.896958463318477, -9.345290639797486 ] ] ], [ [ [ -63.898208460708993, -9.344790641259387 ], [ -63.898208460708993, -9.344540641990333 ], [ -63.897958461230886, -9.344540641990339 ], [ -63.897958461230886, -9.344790641259394 ], [ -63.898208460708993, -9.344790641259387 ] ] ], [ [ [ -63.899458458099517, -9.344540641990337 ], [ -63.899458458099517, -9.34429064272128 ], [ -63.898958459143309, -9.344290642721294 ], [ -63.898958459143309, -9.344540641990337 ], [ -63.899458458099517, -9.344540641990337 ] ] ], [ [ [ -63.896208464884161, -9.34454064199034 ], [ -63.896208464884161, -9.344290642721287 ], [ -63.895958465406068, -9.34429064272128 ], [ -63.895958465406068, -9.344540641990328 ], [ -63.896208464884161, -9.34454064199034 ] ] ], [ [ [ -63.898708459665201, -9.343790644183184 ], [ -63.898208460708993, -9.343790644183182 ], [ -63.898208460708993, -9.344540641990333 ], [ -63.898458460187094, -9.344540641990342 ], [ -63.898458460187094, -9.344040643452237 ], [ -63.898708459665201, -9.344040643452235 ], [ -63.898708459665201, -9.34429064272128 ], [ -63.898958459143309, -9.344290642721294 ], [ -63.898958459143309, -9.343540644914134 ], [ -63.898708459665201, -9.343540644914132 ], [ -63.898708459665201, -9.343790644183184 ] ] ], [ [ [ -63.894208469059329, -9.338790658802173 ], [ -63.893958469581221, -9.338790658802173 ], [ -63.893958469581221, -9.339040658071221 ], [ -63.894208469059329, -9.339040658071221 ], [ -63.894208469059329, -9.338790658802173 ] ] ], [ [ [ -63.897208462796584, -9.335290669035452 ], [ -63.897208462796584, -9.334540671228302 ], [ -63.896958463318477, -9.334540671228309 ], [ -63.896958463318477, -9.335290669035444 ], [ -63.897208462796584, -9.335290669035452 ] ] ], [ [ [ -63.895958465406068, -9.334790670497359 ], [ -63.895958465406068, -9.334540671228307 ], [ -63.89545846644986, -9.334540671228302 ], [ -63.89545846644986, -9.33529066903546 ], [ -63.895708465927946, -9.335290669035457 ], [ -63.895708465927946, -9.334790670497354 ], [ -63.895958465406068, -9.334790670497359 ] ] ], [ [ [ -63.89295847166882, -9.334540671228302 ], [ -63.89295847166882, -9.334790670497348 ], [ -63.895208466971752, -9.334790670497359 ], [ -63.895208466971752, -9.3345406712283 ], [ -63.89545846644986, -9.334540671228302 ], [ -63.89545846644986, -9.33429067195925 ], [ -63.894708468015544, -9.334290671959256 ], [ -63.894708468015544, -9.334540671228304 ], [ -63.894208469059329, -9.334540671228309 ], [ -63.894208469059329, -9.334290671959247 ], [ -63.893708470103121, -9.334290671959256 ], [ -63.893708470103121, -9.334540671228307 ], [ -63.893458470625028, -9.334540671228311 ], [ -63.893458470625028, -9.334290671959257 ], [ -63.89320847114692, -9.334290671959243 ], [ -63.89320847114692, -9.334540671228298 ], [ -63.89295847166882, -9.334540671228302 ] ] ], [ [ [ -63.899708457577624, -9.334540671228302 ], [ -63.899708457577624, -9.33479067049735 ], [ -63.900208456533818, -9.334790670497345 ], [ -63.900208456533818, -9.334290671959259 ], [ -63.899708457577624, -9.33429067195925 ], [ -63.899708457577624, -9.334040672690202 ], [ -63.899458458099517, -9.334040672690204 ], [ -63.899458458099517, -9.333790673421158 ], [ -63.898708459665201, -9.333790673421143 ], [ -63.898708459665201, -9.334040672690202 ], [ -63.898458460187094, -9.334040672690199 ], [ -63.898458460187094, -9.333790673421147 ], [ -63.898208460708993, -9.333790673421158 ], [ -63.898208460708993, -9.334040672690204 ], [ -63.897958461230886, -9.334040672690197 ], [ -63.897958461230886, -9.334290671959257 ], [ -63.898958459143309, -9.334290671959252 ], [ -63.898958459143309, -9.334540671228297 ], [ -63.899708457577624, -9.334540671228302 ] ] ], [ [ [ -63.893958469581221, -9.32579069681152 ], [ -63.893958469581221, -9.325540697542475 ], [ -63.893708470103121, -9.325540697542465 ], [ -63.893708470103121, -9.325790696811518 ], [ -63.893958469581221, -9.32579069681152 ] ] ], [ [ [ -63.894708468015544, -9.325290698273429 ], [ -63.894708468015544, -9.324790699735324 ], [ -63.893958469581221, -9.324790699735312 ], [ -63.893958469581221, -9.325540697542475 ], [ -63.894458468537437, -9.325540697542465 ], [ -63.894458468537437, -9.325290698273429 ], [ -63.894708468015544, -9.325290698273429 ] ] ], [ [ [ -63.89545846644986, -9.324790699735319 ], [ -63.89545846644986, -9.324540700466262 ], [ -63.895208466971752, -9.324540700466269 ], [ -63.895208466971752, -9.324790699735313 ], [ -63.89545846644986, -9.324790699735319 ] ] ], [ [ [ -63.896208464884161, -9.324290701197215 ], [ -63.896208464884161, -9.324540700466265 ], [ -63.896458464362269, -9.324540700466271 ], [ -63.896458464362269, -9.324040701928174 ], [ -63.896208464884161, -9.324040701928173 ], [ -63.896208464884161, -9.323790702659114 ], [ -63.895958465406068, -9.323790702659114 ], [ -63.895958465406068, -9.324290701197222 ], [ -63.896208464884161, -9.324290701197215 ] ] ], [ [ [ -63.894708468015544, -9.324290701197226 ], [ -63.894708468015544, -9.324040701928171 ], [ -63.894458468537437, -9.324040701928164 ], [ -63.894458468537437, -9.324290701197228 ], [ -63.894708468015544, -9.324290701197226 ] ] ], [ [ [ -63.896208464884161, -9.321540709237667 ], [ -63.896208464884161, -9.322290707044804 ], [ -63.895958465406068, -9.322290707044809 ], [ -63.895958465406068, -9.323040704851966 ], [ -63.896208464884161, -9.323040704851973 ], [ -63.896208464884161, -9.322790705582911 ], [ -63.896458464362269, -9.322790705582911 ], [ -63.896458464362269, -9.322290707044804 ], [ -63.896708463840369, -9.322290707044802 ], [ -63.896708463840369, -9.321540709237651 ], [ -63.896208464884161, -9.321540709237667 ] ] ], [ [ [ -63.895958465406068, -9.321040710699554 ], [ -63.895958465406068, -9.320790711430513 ], [ -63.89545846644986, -9.320790711430513 ], [ -63.89545846644986, -9.321290709968617 ], [ -63.895708465927946, -9.321290709968615 ], [ -63.895708465927946, -9.321040710699554 ], [ -63.895958465406068, -9.321040710699554 ] ] ], [ [ [ -63.895958465406068, -9.320540712161458 ], [ -63.895958465406068, -9.320290712892408 ], [ -63.895708465927946, -9.320290712892398 ], [ -63.895708465927946, -9.320540712161447 ], [ -63.895958465406068, -9.320540712161458 ] ] ], [ [ [ -63.896708463840369, -9.318790717278105 ], [ -63.896708463840369, -9.318540718009052 ], [ -63.896458464362269, -9.31854071800905 ], [ -63.896458464362269, -9.318790717278095 ], [ -63.896708463840369, -9.318790717278105 ] ] ], [ [ [ -63.897958461230886, -9.295290785987319 ], [ -63.897958461230886, -9.295540785256382 ], [ -63.897708461752792, -9.295540785256376 ], [ -63.897708461752792, -9.295290785987325 ], [ -63.897208462796584, -9.295290785987314 ], [ -63.897208462796584, -9.294790787449223 ], [ -63.896958463318477, -9.294790787449225 ], [ -63.896958463318477, -9.296040783794474 ], [ -63.897208462796584, -9.296040783794481 ], [ -63.897208462796584, -9.296790781601626 ], [ -63.897708461752792, -9.296790781601619 ], [ -63.897708461752792, -9.296540782332572 ], [ -63.897958461230886, -9.296540782332572 ], [ -63.897958461230886, -9.296040783794476 ], [ -63.898208460708993, -9.296040783794478 ], [ -63.898208460708993, -9.295290785987316 ], [ -63.897958461230886, -9.295290785987319 ] ], [ [ -63.89745846227467, -9.295540785256371 ], [ -63.89745846227467, -9.295790784525417 ], [ -63.897208462796584, -9.295790784525424 ], [ -63.897208462796584, -9.295540785256364 ], [ -63.89745846227467, -9.295540785256371 ] ], [ [ -63.897708461752792, -9.295790784525423 ], [ -63.897708461752792, -9.296290783063521 ], [ -63.89745846227467, -9.296290783063535 ], [ -63.89745846227467, -9.295790784525417 ], [ -63.897708461752792, -9.295790784525423 ] ] ], [ [ [ -63.898708459665201, -9.295540785256373 ], [ -63.898708459665201, -9.295290785987321 ], [ -63.898458460187094, -9.295290785987333 ], [ -63.898458460187094, -9.295790784525421 ], [ -63.898958459143309, -9.295790784525417 ], [ -63.898958459143309, -9.295540785256375 ], [ -63.898708459665201, -9.295540785256373 ] ] ], [ [ [ -63.898708459665201, -9.295290785987321 ], [ -63.898958459143309, -9.295290785987328 ], [ -63.898958459143309, -9.294290788911109 ], [ -63.899208458621409, -9.294290788911114 ], [ -63.899208458621409, -9.293790790373025 ], [ -63.898958459143309, -9.293790790373013 ], [ -63.898958459143309, -9.294040789642063 ], [ -63.898708459665201, -9.294040789642072 ], [ -63.898708459665201, -9.295290785987321 ] ] ], [ [ [ -63.898208460708993, -9.29429078891112 ], [ -63.897958461230886, -9.294290788911114 ], [ -63.897958461230886, -9.294790787449216 ], [ -63.898208460708993, -9.294790787449218 ], [ -63.898208460708993, -9.29429078891112 ] ] ], [ [ [ -63.898458460187094, -9.293290791834918 ], [ -63.898458460187094, -9.293040792565867 ], [ -63.898208460708993, -9.293040792565867 ], [ -63.898208460708993, -9.293290791834917 ], [ -63.898458460187094, -9.293290791834918 ] ] ], [ [ [ -63.897958461230886, -9.292290794758713 ], [ -63.897958461230886, -9.291790796220615 ], [ -63.897708461752792, -9.291790796220612 ], [ -63.897708461752792, -9.292290794758721 ], [ -63.897958461230886, -9.292290794758713 ] ] ], [ [ [ -63.898208460708993, -9.291540796951558 ], [ -63.898208460708993, -9.291290797682509 ], [ -63.897958461230886, -9.291290797682512 ], [ -63.897958461230886, -9.291540796951557 ], [ -63.898208460708993, -9.291540796951558 ] ] ], [ [ [ -63.899208458621409, -9.291290797682503 ], [ -63.899208458621409, -9.291040798413452 ], [ -63.898958459143309, -9.291040798413462 ], [ -63.898958459143309, -9.291290797682509 ], [ -63.899208458621409, -9.291290797682503 ] ] ], [ [ [ -63.897958461230886, -9.291290797682512 ], [ -63.897958461230886, -9.291040798413466 ], [ -63.897708461752792, -9.291040798413457 ], [ -63.897708461752792, -9.291290797682514 ], [ -63.897958461230886, -9.291290797682512 ] ] ], [ [ [ -63.898958459143309, -9.288540805722949 ], [ -63.898958459143309, -9.288290806453904 ], [ -63.898708459665201, -9.288290806453906 ], [ -63.898708459665201, -9.288540805722945 ], [ -63.898958459143309, -9.288540805722949 ] ] ], [ [ [ -63.899208458621409, -9.288290806453896 ], [ -63.899208458621409, -9.288040807184842 ], [ -63.898958459143309, -9.288040807184851 ], [ -63.898958459143309, -9.288290806453904 ], [ -63.899208458621409, -9.288290806453896 ] ] ], [ [ [ -63.895708465927946, -9.287040810108651 ], [ -63.895708465927946, -9.286790810839591 ], [ -63.89545846644986, -9.286790810839598 ], [ -63.89545846644986, -9.287040810108643 ], [ -63.895708465927946, -9.287040810108651 ] ] ], [ [ [ -63.89545846644986, -9.286540811570537 ], [ -63.89545846644986, -9.286290812301495 ], [ -63.895208466971752, -9.286290812301482 ], [ -63.895208466971752, -9.286540811570541 ], [ -63.89545846644986, -9.286540811570537 ] ] ], [ [ [ -63.895958465406068, -9.286290812301491 ], [ -63.895958465406068, -9.286040813032448 ], [ -63.89545846644986, -9.286040813032448 ], [ -63.89545846644986, -9.286290812301495 ], [ -63.895958465406068, -9.286290812301491 ] ] ], [ [ [ -63.89545846644986, -9.286040813032448 ], [ -63.89545846644986, -9.285790813763382 ], [ -63.894708468015544, -9.285790813763393 ], [ -63.894708468015544, -9.286040813032445 ], [ -63.89545846644986, -9.286040813032448 ] ] ], [ [ [ -63.89545846644986, -9.280790828382367 ], [ -63.89545846644986, -9.281540826189522 ], [ -63.895208466971752, -9.281540826189525 ], [ -63.895208466971752, -9.282040824727622 ], [ -63.894208469059329, -9.28204082472762 ], [ -63.894208469059329, -9.282290823996675 ], [ -63.893958469581221, -9.282290823996677 ], [ -63.893958469581221, -9.283290821072876 ], [ -63.893708470103121, -9.283290821072875 ], [ -63.893708470103121, -9.284790816687183 ], [ -63.89320847114692, -9.28479081668719 ], [ -63.89320847114692, -9.28529081522529 ], [ -63.893458470625028, -9.285290815225288 ], [ -63.893458470625028, -9.286040813032432 ], [ -63.893958469581221, -9.286040813032439 ], [ -63.893958469581221, -9.286290812301486 ], [ -63.894208469059329, -9.286290812301498 ], [ -63.894208469059329, -9.286540811570541 ], [ -63.894458468537437, -9.286540811570541 ], [ -63.894458468537437, -9.287790807915805 ], [ -63.895208466971752, -9.287790807915792 ], [ -63.895208466971752, -9.288040807184842 ], [ -63.894708468015544, -9.288040807184847 ], [ -63.894708468015544, -9.288290806453906 ], [ -63.895208466971752, -9.28829080645389 ], [ -63.895208466971752, -9.288540805722951 ], [ -63.89545846644986, -9.288540805722953 ], [ -63.89545846644986, -9.288790804992001 ], [ -63.896208464884161, -9.288790804991997 ], [ -63.896208464884161, -9.289040804261049 ], [ -63.896458464362269, -9.289040804261059 ], [ -63.896458464362269, -9.289540802799145 ], [ -63.896708463840369, -9.289540802799156 ], [ -63.896708463840369, -9.289790802068202 ], [ -63.896458464362269, -9.289790802068211 ], [ -63.896458464362269, -9.291040798413457 ], [ -63.896208464884161, -9.291040798413462 ], [ -63.896208464884161, -9.291540796951553 ], [ -63.896708463840369, -9.291540796951558 ], [ -63.896708463840369, -9.291790796220605 ], [ -63.896458464362269, -9.291790796220617 ], [ -63.896458464362269, -9.292790793296817 ], [ -63.896708463840369, -9.292790793296808 ], [ -63.896708463840369, -9.294290788911121 ], [ -63.896958463318477, -9.29429078891112 ], [ -63.896958463318477, -9.293790790373013 ], [ -63.897208462796584, -9.293790790373013 ], [ -63.897208462796584, -9.293290791834913 ], [ -63.897708461752792, -9.29329079183492 ], [ -63.897708461752792, -9.292790793296819 ], [ -63.897208462796584, -9.292790793296813 ], [ -63.897208462796584, -9.292040795489665 ], [ -63.896958463318477, -9.292040795489667 ], [ -63.896958463318477, -9.29129079768251 ], [ -63.896708463840369, -9.291290797682512 ], [ -63.896708463840369, -9.29104079841346 ], [ -63.897208462796584, -9.291040798413464 ], [ -63.897208462796584, -9.290790799144411 ], [ -63.897958461230886, -9.290790799144412 ], [ -63.897958461230886, -9.291040798413466 ], [ -63.898958459143309, -9.291040798413462 ], [ -63.898958459143309, -9.290790799144414 ], [ -63.898708459665201, -9.290790799144414 ], [ -63.898708459665201, -9.290540799875355 ], [ -63.898208460708993, -9.290540799875352 ], [ -63.898208460708993, -9.290290800606307 ], [ -63.897958461230886, -9.290290800606304 ], [ -63.897958461230886, -9.289790802068202 ], [ -63.897708461752792, -9.289790802068199 ], [ -63.897708461752792, -9.289540802799147 ], [ -63.897208462796584, -9.289540802799145 ], [ -63.897208462796584, -9.289290803530111 ], [ -63.896958463318477, -9.289290803530109 ], [ -63.896958463318477, -9.288540805722945 ], [ -63.896458464362269, -9.288540805722947 ], [ -63.896458464362269, -9.287790807915799 ], [ -63.896208464884161, -9.28779080791579 ], [ -63.896208464884161, -9.287290809377701 ], [ -63.895958465406068, -9.287290809377698 ], [ -63.895958465406068, -9.288040807184851 ], [ -63.896208464884161, -9.288040807184849 ], [ -63.896208464884161, -9.288290806453904 ], [ -63.895708465927946, -9.288290806453896 ], [ -63.895708465927946, -9.28779080791579 ], [ -63.89545846644986, -9.287790807915794 ], [ -63.89545846644986, -9.2872908093777 ], [ -63.895208466971752, -9.287290809377692 ], [ -63.895208466971752, -9.287040810108637 ], [ -63.894708468015544, -9.287040810108635 ], [ -63.894708468015544, -9.286290812301482 ], [ -63.894458468537437, -9.286290812301489 ], [ -63.894458468537437, -9.285790813763388 ], [ -63.894208469059329, -9.285790813763388 ], [ -63.894208469059329, -9.285290815225292 ], [ -63.893958469581221, -9.285290815225288 ], [ -63.893958469581221, -9.284540817418129 ], [ -63.894208469059329, -9.284540817418133 ], [ -63.894208469059329, -9.28404081888003 ], [ -63.894458468537437, -9.284040818880039 ], [ -63.894458468537437, -9.283540820341933 ], [ -63.894708468015544, -9.28354082034193 ], [ -63.894708468015544, -9.283040821803825 ], [ -63.895208466971752, -9.283040821803825 ], [ -63.895208466971752, -9.282290823996673 ], [ -63.89545846644986, -9.282290823996679 ], [ -63.89545846644986, -9.282040824727627 ], [ -63.895708465927946, -9.282040824727622 ], [ -63.895708465927946, -9.281040827651418 ], [ -63.895958465406068, -9.281040827651429 ], [ -63.895958465406068, -9.280790828382367 ], [ -63.896208464884161, -9.280790828382379 ], [ -63.896208464884161, -9.280540829113313 ], [ -63.896458464362269, -9.280540829113324 ], [ -63.896458464362269, -9.278790834229973 ], [ -63.896708463840369, -9.278790834229969 ], [ -63.896708463840369, -9.278290835691863 ], [ -63.896958463318477, -9.278290835691871 ], [ -63.896958463318477, -9.277790837153768 ], [ -63.897208462796584, -9.277790837153763 ], [ -63.897208462796584, -9.277290838615659 ], [ -63.897708461752792, -9.277290838615659 ], [ -63.897708461752792, -9.277790837153754 ], [ -63.897958461230886, -9.277790837153772 ], [ -63.897958461230886, -9.276790840077558 ], [ -63.896708463840369, -9.276790840077553 ], [ -63.896708463840369, -9.277040839346608 ], [ -63.896458464362269, -9.27704083934661 ], [ -63.896458464362269, -9.277290838615656 ], [ -63.896208464884161, -9.277290838615654 ], [ -63.896208464884161, -9.278540834960907 ], [ -63.895958465406068, -9.278540834960921 ], [ -63.895958465406068, -9.280540829113324 ], [ -63.895708465927946, -9.280540829113319 ], [ -63.895708465927946, -9.280790828382369 ], [ -63.89545846644986, -9.280790828382367 ] ] ], [ [ [ -63.895958465406068, -9.285540814494341 ], [ -63.895958465406068, -9.285290815225283 ], [ -63.895708465927946, -9.28529081522529 ], [ -63.895708465927946, -9.28554081449434 ], [ -63.895958465406068, -9.285540814494341 ] ] ], [ [ [ -63.895208466971752, -9.285290815225292 ], [ -63.895208466971752, -9.284790816687183 ], [ -63.894708468015544, -9.284790816687183 ], [ -63.894708468015544, -9.285290815225283 ], [ -63.895208466971752, -9.285290815225292 ] ] ], [ [ [ -63.895958465406068, -9.284790816687186 ], [ -63.895958465406068, -9.284540817418144 ], [ -63.895708465927946, -9.284540817418137 ], [ -63.895708465927946, -9.284790816687185 ], [ -63.895958465406068, -9.284790816687186 ] ] ], [ [ [ -63.896208464884161, -9.284540817418128 ], [ -63.896208464884161, -9.284290818149088 ], [ -63.895958465406068, -9.284290818149078 ], [ -63.895958465406068, -9.284540817418144 ], [ -63.896208464884161, -9.284540817418128 ] ] ], [ [ [ -63.895708465927946, -9.284540817418137 ], [ -63.895708465927946, -9.284290818149087 ], [ -63.89545846644986, -9.284290818149078 ], [ -63.89545846644986, -9.284540817418128 ], [ -63.895708465927946, -9.284540817418137 ] ] ], [ [ [ -63.895958465406068, -9.284290818149078 ], [ -63.895958465406068, -9.28404081888003 ], [ -63.895708465927946, -9.284040818880031 ], [ -63.895708465927946, -9.284290818149087 ], [ -63.895958465406068, -9.284290818149078 ] ] ], [ [ [ -63.896208464884161, -9.284040818880033 ], [ -63.896208464884161, -9.28379081961098 ], [ -63.895958465406068, -9.283790819610983 ], [ -63.895958465406068, -9.28404081888003 ], [ -63.896208464884161, -9.284040818880033 ] ] ], [ [ [ -63.89545846644986, -9.284290818149078 ], [ -63.89545846644986, -9.283540820341937 ], [ -63.895208466971752, -9.283540820341941 ], [ -63.895208466971752, -9.284290818149087 ], [ -63.89545846644986, -9.284290818149078 ] ] ], [ [ [ -63.896708463840369, -9.283790819610973 ], [ -63.896708463840369, -9.283540820341937 ], [ -63.896458464362269, -9.283540820341932 ], [ -63.896458464362269, -9.283790819610989 ], [ -63.896708463840369, -9.283790819610973 ] ] ], [ [ [ -63.896208464884161, -9.282790822534775 ], [ -63.896208464884161, -9.28304082180383 ], [ -63.896458464362269, -9.283040821803828 ], [ -63.896458464362269, -9.282040824727616 ], [ -63.896208464884161, -9.282040824727627 ], [ -63.896208464884161, -9.281790825458573 ], [ -63.895958465406068, -9.281790825458582 ], [ -63.895958465406068, -9.282790822534773 ], [ -63.896208464884161, -9.282790822534775 ] ] ], [ [ [ -63.898458460187094, -9.281790825458573 ], [ -63.898458460187094, -9.281290826920481 ], [ -63.898208460708993, -9.28129082692047 ], [ -63.898208460708993, -9.281540826189516 ], [ -63.897958461230886, -9.281540826189524 ], [ -63.897958461230886, -9.281790825458582 ], [ -63.898458460187094, -9.281790825458573 ] ] ], [ [ [ -63.896458464362269, -9.281790825458577 ], [ -63.896458464362269, -9.281290826920465 ], [ -63.896208464884161, -9.281290826920467 ], [ -63.896208464884161, -9.281790825458573 ], [ -63.896458464362269, -9.281790825458577 ] ] ], [ [ [ -63.898208460708993, -9.28129082692047 ], [ -63.898208460708993, -9.281040827651424 ], [ -63.897958461230886, -9.281040827651424 ], [ -63.897958461230886, -9.281290826920465 ], [ -63.898208460708993, -9.28129082692047 ] ] ], [ [ [ -63.898708459665201, -9.281290826920481 ], [ -63.898708459665201, -9.280790828382369 ], [ -63.898458460187094, -9.280790828382376 ], [ -63.898458460187094, -9.281290826920481 ], [ -63.898708459665201, -9.281290826920481 ] ] ], [ [ [ -63.896708463840369, -9.28129082692047 ], [ -63.896708463840369, -9.280790828382367 ], [ -63.896458464362269, -9.280790828382376 ], [ -63.896458464362269, -9.281290826920465 ], [ -63.896708463840369, -9.28129082692047 ] ] ], [ [ [ -63.898208460708993, -9.280790828382379 ], [ -63.898208460708993, -9.280540829113324 ], [ -63.897958461230886, -9.280540829113329 ], [ -63.897958461230886, -9.280790828382367 ], [ -63.898208460708993, -9.280790828382379 ] ] ], [ [ [ -63.896958463318477, -9.273790848848954 ], [ -63.896958463318477, -9.273540849579895 ], [ -63.896708463840369, -9.273540849579902 ], [ -63.896708463840369, -9.273790848848957 ], [ -63.896958463318477, -9.273790848848954 ] ] ], [ [ [ -63.89545846644986, -9.273790848848941 ], [ -63.89545846644986, -9.273290850310845 ], [ -63.894708468015544, -9.273290850310847 ], [ -63.894708468015544, -9.273540849579897 ], [ -63.895208466971752, -9.273540849579897 ], [ -63.895208466971752, -9.273790848848952 ], [ -63.89545846644986, -9.273790848848941 ] ] ], [ [ [ -63.896708463840369, -9.273540849579902 ], [ -63.896708463840369, -9.273040851041793 ], [ -63.896458464362269, -9.27304085104179 ], [ -63.896458464362269, -9.273540849579891 ], [ -63.896708463840369, -9.273540849579902 ] ] ], [ [ [ -63.898708459665201, -9.272790851772754 ], [ -63.898458460187094, -9.272790851772749 ], [ -63.898458460187094, -9.273040851041804 ], [ -63.898708459665201, -9.273040851041801 ], [ -63.898708459665201, -9.272790851772754 ] ] ], [ [ [ -63.895958465406068, -9.268790863467922 ], [ -63.896208464884161, -9.268790863467935 ], [ -63.896208464884161, -9.269040862736977 ], [ -63.896458464362269, -9.269040862736986 ], [ -63.896458464362269, -9.269790860544139 ], [ -63.896708463840369, -9.269790860544143 ], [ -63.896708463840369, -9.270290859082229 ], [ -63.896958463318477, -9.270290859082246 ], [ -63.896958463318477, -9.270790857620346 ], [ -63.897208462796584, -9.270790857620339 ], [ -63.897208462796584, -9.271540855427496 ], [ -63.896958463318477, -9.271540855427492 ], [ -63.896958463318477, -9.272790851772749 ], [ -63.897208462796584, -9.27279085177274 ], [ -63.897208462796584, -9.273790848848943 ], [ -63.897958461230886, -9.273790848848952 ], [ -63.897958461230886, -9.274040848117991 ], [ -63.897708461752792, -9.274040848118009 ], [ -63.897708461752792, -9.274790845925152 ], [ -63.897958461230886, -9.274790845925159 ], [ -63.897958461230886, -9.275790843001351 ], [ -63.897708461752792, -9.275790843001348 ], [ -63.897708461752792, -9.276040842270403 ], [ -63.898208460708993, -9.27604084227041 ], [ -63.898208460708993, -9.276290841539462 ], [ -63.897958461230886, -9.276290841539446 ], [ -63.897958461230886, -9.276790840077558 ], [ -63.898208460708993, -9.276790840077561 ], [ -63.898208460708993, -9.277040839346604 ], [ -63.898708459665201, -9.277040839346617 ], [ -63.898708459665201, -9.276790840077561 ], [ -63.898958459143309, -9.276790840077558 ], [ -63.898958459143309, -9.276540840808515 ], [ -63.898708459665201, -9.276540840808508 ], [ -63.898708459665201, -9.276040842270413 ], [ -63.898458460187094, -9.276040842270403 ], [ -63.898458460187094, -9.275790843001355 ], [ -63.898708459665201, -9.275790843001355 ], [ -63.898708459665201, -9.274790845925144 ], [ -63.898458460187094, -9.274790845925155 ], [ -63.898458460187094, -9.274290847387045 ], [ -63.898208460708993, -9.274290847387055 ], [ -63.898208460708993, -9.272790851772747 ], [ -63.897958461230886, -9.272790851772742 ], [ -63.897958461230886, -9.272040853965601 ], [ -63.897708461752792, -9.272040853965589 ], [ -63.897708461752792, -9.271040856889389 ], [ -63.897958461230886, -9.271040856889389 ], [ -63.897958461230886, -9.270790857620334 ], [ -63.897708461752792, -9.270790857620344 ], [ -63.897708461752792, -9.270540858351284 ], [ -63.897208462796584, -9.270540858351289 ], [ -63.897208462796584, -9.270290859082246 ], [ -63.897708461752792, -9.27029085908223 ], [ -63.897708461752792, -9.269790860544136 ], [ -63.897208462796584, -9.269790860544139 ], [ -63.897208462796584, -9.269540861275093 ], [ -63.896958463318477, -9.269540861275082 ], [ -63.896958463318477, -9.268790863467935 ], [ -63.896708463840369, -9.268790863467935 ], [ -63.896708463840369, -9.268540864198885 ], [ -63.896958463318477, -9.268540864198878 ], [ -63.896958463318477, -9.268040865660783 ], [ -63.898208460708993, -9.268040865660774 ], [ -63.898208460708993, -9.267790866391733 ], [ -63.897958461230886, -9.267790866391737 ], [ -63.897958461230886, -9.267040868584582 ], [ -63.897708461752792, -9.267040868584582 ], [ -63.897708461752792, -9.266790869315523 ], [ -63.897208462796584, -9.266790869315519 ], [ -63.897208462796584, -9.267040868584571 ], [ -63.896958463318477, -9.267040868584578 ], [ -63.896958463318477, -9.267290867853633 ], [ -63.896708463840369, -9.267290867853625 ], [ -63.896708463840369, -9.268040865660787 ], [ -63.896458464362269, -9.268040865660783 ], [ -63.896458464362269, -9.268290864929826 ], [ -63.896208464884161, -9.268290864929837 ], [ -63.896208464884161, -9.268540864198883 ], [ -63.895958465406068, -9.268540864198878 ], [ -63.895958465406068, -9.268790863467922 ] ] ], [ [ [ -63.896708463840369, -9.272290853234647 ], [ -63.896708463840369, -9.271540855427485 ], [ -63.896208464884161, -9.271540855427499 ], [ -63.896208464884161, -9.272040853965587 ], [ -63.895958465406068, -9.272040853965596 ], [ -63.895958465406068, -9.272290853234642 ], [ -63.896708463840369, -9.272290853234647 ] ] ], [ [ [ -63.898958459143309, -9.270790857620334 ], [ -63.898958459143309, -9.270540858351287 ], [ -63.898458460187094, -9.270540858351289 ], [ -63.898458460187094, -9.271290856158435 ], [ -63.898208460708993, -9.271290856158441 ], [ -63.898208460708993, -9.271790854696542 ], [ -63.898708459665201, -9.271790854696546 ], [ -63.898708459665201, -9.271540855427485 ], [ -63.898958459143309, -9.271540855427487 ], [ -63.898958459143309, -9.271040856889387 ], [ -63.898708459665201, -9.271040856889394 ], [ -63.898708459665201, -9.270790857620346 ], [ -63.898958459143309, -9.270790857620334 ] ] ], [ [ [ -63.898458460187094, -9.270290859082245 ], [ -63.898458460187094, -9.269790860544139 ], [ -63.898208460708993, -9.269790860544132 ], [ -63.898208460708993, -9.270290859082241 ], [ -63.898458460187094, -9.270290859082245 ] ] ], [ [ [ -63.897708461752792, -9.268790863467924 ], [ -63.897708461752792, -9.26854086419889 ], [ -63.897208462796584, -9.268540864198876 ], [ -63.897208462796584, -9.268790863467935 ], [ -63.897708461752792, -9.268790863467924 ] ] ], [ [ [ -63.896708463840369, -9.267040868584578 ], [ -63.896708463840369, -9.266790869315519 ], [ -63.896458464362269, -9.266790869315527 ], [ -63.896458464362269, -9.267040868584571 ], [ -63.896708463840369, -9.267040868584578 ] ] ], [ [ [ -63.896958463318477, -9.266790869315527 ], [ -63.896958463318477, -9.266540870046468 ], [ -63.896708463840369, -9.266540870046484 ], [ -63.896708463840369, -9.266790869315519 ], [ -63.896958463318477, -9.266790869315527 ] ] ], [ [ [ -63.898208460708993, -9.26404087735596 ], [ -63.898208460708993, -9.263790878086922 ], [ -63.897958461230886, -9.263790878086914 ], [ -63.897958461230886, -9.264040877355965 ], [ -63.898208460708993, -9.26404087735596 ] ] ], [ [ [ -63.897958461230886, -9.263290879548808 ], [ -63.897958461230886, -9.26304088027976 ], [ -63.897708461752792, -9.263040880279767 ], [ -63.897708461752792, -9.263290879548814 ], [ -63.897958461230886, -9.263290879548808 ] ] ], [ [ [ -63.897708461752792, -9.261040886127361 ], [ -63.897708461752792, -9.262790881010718 ], [ -63.898208460708993, -9.262790881010709 ], [ -63.898208460708993, -9.262290882472614 ], [ -63.898458460187094, -9.26229088247262 ], [ -63.898458460187094, -9.262040883203552 ], [ -63.898208460708993, -9.262040883203563 ], [ -63.898208460708993, -9.261790883934498 ], [ -63.897958461230886, -9.261790883934514 ], [ -63.897958461230886, -9.261040886127361 ], [ -63.897708461752792, -9.261040886127361 ] ] ], [ [ [ -63.886458485238116, -9.37129056377878 ], [ -63.886458485238116, -9.37104056450972 ], [ -63.885958486281908, -9.371040564509729 ], [ -63.885958486281908, -9.370790565240668 ], [ -63.885208487847599, -9.370790565240679 ], [ -63.885208487847599, -9.370540565971627 ], [ -63.884458489413284, -9.370540565971625 ], [ -63.884458489413284, -9.370290566702566 ], [ -63.884208489935183, -9.37029056670257 ], [ -63.884208489935183, -9.369540568895419 ], [ -63.883458491500875, -9.369540568895411 ], [ -63.883458491500875, -9.369290569626374 ], [ -63.883208492022774, -9.369290569626374 ], [ -63.883208492022774, -9.373540557200238 ], [ -63.883458491500875, -9.373540557200233 ], [ -63.883458491500875, -9.372790559393072 ], [ -63.884208489935183, -9.372790559393074 ], [ -63.884208489935183, -9.373040558662133 ], [ -63.884708488891391, -9.373040558662142 ], [ -63.884708488891391, -9.373290557931181 ], [ -63.885208487847599, -9.373290557931185 ], [ -63.885208487847599, -9.373040558662129 ], [ -63.885458487325693, -9.373040558662131 ], [ -63.885458487325693, -9.373540557200229 ], [ -63.885958486281908, -9.373540557200235 ], [ -63.885958486281908, -9.373790556469295 ], [ -63.886458485238116, -9.373790556469286 ], [ -63.886458485238116, -9.374040555738331 ], [ -63.887208483672417, -9.374040555738334 ], [ -63.887208483672417, -9.373040558662137 ], [ -63.887958482106733, -9.373040558662133 ], [ -63.887958482106733, -9.372790559393081 ], [ -63.88820848158484, -9.37279055939308 ], [ -63.88820848158484, -9.372290560854978 ], [ -63.887708482628632, -9.372290560854978 ], [ -63.887708482628632, -9.37179056231688 ], [ -63.887958482106733, -9.371790562316875 ], [ -63.887958482106733, -9.37154056304783 ], [ -63.887208483672417, -9.371540563047834 ], [ -63.887208483672417, -9.371290563778768 ], [ -63.886458485238116, -9.37129056377878 ] ], [ [ -63.884208489935183, -9.372290560854973 ], [ -63.884708488891391, -9.37229056085498 ], [ -63.884708488891391, -9.37279055939308 ], [ -63.884208489935183, -9.372790559393074 ], [ -63.884208489935183, -9.372290560854973 ] ], [ [ -63.886458485238116, -9.373540557200238 ], [ -63.886708484716223, -9.37354055720024 ], [ -63.886708484716223, -9.373790556469283 ], [ -63.886458485238116, -9.373790556469286 ], [ -63.886458485238116, -9.373540557200238 ] ], [ [ -63.886958484194324, -9.373040558662144 ], [ -63.886958484194324, -9.372790559393076 ], [ -63.887208483672417, -9.372790559393088 ], [ -63.887208483672417, -9.373040558662137 ], [ -63.886958484194324, -9.373040558662144 ] ], [ [ -63.884208489935183, -9.371040564509727 ], [ -63.884208489935183, -9.371290563778768 ], [ -63.884958488369499, -9.371290563778778 ], [ -63.884958488369499, -9.37154056304783 ], [ -63.88395849045709, -9.371540563047828 ], [ -63.88395849045709, -9.37179056231688 ], [ -63.883708490978968, -9.371790562316873 ], [ -63.883708490978968, -9.371540563047834 ], [ -63.883458491500875, -9.371540563047819 ], [ -63.883458491500875, -9.370540565971629 ], [ -63.883708490978968, -9.370540565971631 ], [ -63.883708490978968, -9.370790565240672 ], [ -63.88395849045709, -9.37079056524067 ], [ -63.88395849045709, -9.371040564509721 ], [ -63.884208489935183, -9.371040564509727 ] ], [ [ -63.885208487847599, -9.371540563047827 ], [ -63.885208487847599, -9.37179056231688 ], [ -63.884958488369499, -9.371790562316884 ], [ -63.884958488369499, -9.37154056304783 ], [ -63.885208487847599, -9.371540563047827 ] ], [ [ -63.885958486281908, -9.371540563047828 ], [ -63.886208485760008, -9.371540563047834 ], [ -63.886208485760008, -9.371790562316884 ], [ -63.885958486281908, -9.371790562316871 ], [ -63.885958486281908, -9.371540563047828 ] ], [ [ -63.885958486281908, -9.372040561585932 ], [ -63.886208485760008, -9.372040561585928 ], [ -63.886208485760008, -9.372790559393072 ], [ -63.885708486803814, -9.372790559393088 ], [ -63.885708486803814, -9.37229056085498 ], [ -63.885958486281908, -9.372290560854976 ], [ -63.885958486281908, -9.372040561585932 ] ] ], [ [ [ -63.883708490978968, -9.367040576204911 ], [ -63.883708490978968, -9.366790576935868 ], [ -63.883458491500875, -9.366790576935866 ], [ -63.883458491500875, -9.367040576204912 ], [ -63.883708490978968, -9.367040576204911 ] ] ], [ [ [ -63.883708490978968, -9.366040579128708 ], [ -63.883708490978968, -9.365790579859654 ], [ -63.883458491500875, -9.365790579859661 ], [ -63.883458491500875, -9.366040579128716 ], [ -63.883708490978968, -9.366040579128708 ] ] ], [ [ [ -63.893958469581221, -9.36229059009294 ], [ -63.893958469581221, -9.362040590823899 ], [ -63.893708470103121, -9.362040590823904 ], [ -63.893708470103121, -9.362290590092943 ], [ -63.893958469581221, -9.36229059009294 ] ] ], [ [ [ -63.884208489935183, -9.362040590823902 ], [ -63.884208489935183, -9.36179059155485 ], [ -63.88395849045709, -9.361790591554836 ], [ -63.88395849045709, -9.361540592285793 ], [ -63.883708490978968, -9.361540592285799 ], [ -63.883708490978968, -9.361290593016735 ], [ -63.883458491500875, -9.361290593016736 ], [ -63.883458491500875, -9.361790591554845 ], [ -63.883208492022774, -9.361790591554849 ], [ -63.883208492022774, -9.36229059009295 ], [ -63.883708490978968, -9.36229059009295 ], [ -63.883708490978968, -9.362790588631045 ], [ -63.884208489935183, -9.362790588631045 ], [ -63.884208489935183, -9.362290590092941 ], [ -63.884458489413284, -9.36229059009295 ], [ -63.884458489413284, -9.362040590823895 ], [ -63.884208489935183, -9.362040590823902 ] ] ], [ [ [ -63.891708474278303, -9.361790591554842 ], [ -63.891708474278303, -9.361540592285788 ], [ -63.891458474800181, -9.361540592285792 ], [ -63.891458474800181, -9.361790591554842 ], [ -63.891708474278303, -9.361790591554842 ] ] ], [ [ [ -63.884458489413284, -9.361540592285795 ], [ -63.884458489413284, -9.361290593016751 ], [ -63.884208489935183, -9.361290593016742 ], [ -63.884208489935183, -9.361540592285801 ], [ -63.884458489413284, -9.361540592285795 ] ] ], [ [ [ -63.891458474800181, -9.361290593016742 ], [ -63.891708474278303, -9.36129059301674 ], [ -63.891708474278303, -9.360790594478642 ], [ -63.891958473756397, -9.36079059447864 ], [ -63.891958473756397, -9.361540592285785 ], [ -63.892208473234497, -9.361540592285793 ], [ -63.892208473234497, -9.36179059155484 ], [ -63.892708472190712, -9.361790591554842 ], [ -63.892708472190712, -9.362040590823902 ], [ -63.89295847166882, -9.362040590823897 ], [ -63.89295847166882, -9.361790591554842 ], [ -63.89320847114692, -9.361790591554852 ], [ -63.89320847114692, -9.36154059228579 ], [ -63.893458470625028, -9.361540592285785 ], [ -63.893458470625028, -9.360790594478642 ], [ -63.892708472190712, -9.36079059447864 ], [ -63.892708472190712, -9.360290595940548 ], [ -63.892208473234497, -9.360290595940539 ], [ -63.892208473234497, -9.359790597402435 ], [ -63.891458474800181, -9.359790597402444 ], [ -63.891458474800181, -9.360290595940542 ], [ -63.890458476887773, -9.36029059594054 ], [ -63.890458476887773, -9.360540595209592 ], [ -63.89070847636588, -9.360540595209583 ], [ -63.89070847636588, -9.360790594478647 ], [ -63.890958475843988, -9.360790594478635 ], [ -63.890958475843988, -9.361040593747687 ], [ -63.891458474800181, -9.361040593747685 ], [ -63.891458474800181, -9.361290593016742 ] ], [ [ -63.892208473234497, -9.360540595209594 ], [ -63.891958473756397, -9.36054059520959 ], [ -63.891958473756397, -9.360290595940533 ], [ -63.892208473234497, -9.360290595940539 ], [ -63.892208473234497, -9.360540595209594 ] ], [ [ -63.89295847166882, -9.361040593747687 ], [ -63.89320847114692, -9.361040593747685 ], [ -63.89320847114692, -9.361290593016738 ], [ -63.89295847166882, -9.361290593016744 ], [ -63.89295847166882, -9.361040593747687 ] ] ], [ [ [ -63.883458491500875, -9.361040593747688 ], [ -63.883458491500875, -9.360790594478644 ], [ -63.883208492022774, -9.360790594478638 ], [ -63.883208492022774, -9.361040593747697 ], [ -63.883458491500875, -9.361040593747688 ] ] ], [ [ [ -63.893708470103121, -9.360790594478651 ], [ -63.893708470103121, -9.36054059520959 ], [ -63.893458470625028, -9.360540595209581 ], [ -63.893458470625028, -9.360790594478642 ], [ -63.893708470103121, -9.360790594478651 ] ] ], [ [ [ -63.889708478453457, -9.360790594478637 ], [ -63.889708478453457, -9.360540595209581 ], [ -63.889208479497263, -9.360540595209594 ], [ -63.889208479497263, -9.360790594478649 ], [ -63.889708478453457, -9.360790594478637 ] ] ], [ [ [ -63.883458491500875, -9.360540595209589 ], [ -63.883458491500875, -9.360290595940535 ], [ -63.883208492022774, -9.360290595940546 ], [ -63.883208492022774, -9.360540595209597 ], [ -63.883458491500875, -9.360540595209589 ] ] ], [ [ [ -63.88395849045709, -9.36029059594053 ], [ -63.88395849045709, -9.360540595209587 ], [ -63.884208489935183, -9.360540595209596 ], [ -63.884208489935183, -9.360290595940535 ], [ -63.884708488891391, -9.360290595940544 ], [ -63.884708488891391, -9.359790597402444 ], [ -63.883708490978968, -9.359790597402444 ], [ -63.883708490978968, -9.360290595940546 ], [ -63.88395849045709, -9.36029059594053 ] ] ], [ [ [ -63.892708472190712, -9.359290598864332 ], [ -63.892708472190712, -9.359040599595287 ], [ -63.892208473234497, -9.359040599595277 ], [ -63.892208473234497, -9.359290598864332 ], [ -63.892708472190712, -9.359290598864332 ] ] ], [ [ [ -63.889458478975371, -9.359290598864346 ], [ -63.889458478975371, -9.359040599595279 ], [ -63.889208479497263, -9.359040599595293 ], [ -63.889208479497263, -9.359290598864332 ], [ -63.889458478975371, -9.359290598864346 ] ] ], [ [ [ -63.890958475843988, -9.35954059813338 ], [ -63.890958475843988, -9.359290598864332 ], [ -63.89070847636588, -9.359290598864337 ], [ -63.89070847636588, -9.358790600326234 ], [ -63.890458476887773, -9.358790600326236 ], [ -63.890458476887773, -9.358290601788134 ], [ -63.890208477409672, -9.358290601788131 ], [ -63.890208477409672, -9.358540601057179 ], [ -63.889458478975371, -9.358540601057181 ], [ -63.889458478975371, -9.359040599595279 ], [ -63.890208477409672, -9.359040599595282 ], [ -63.890208477409672, -9.35929059886433 ], [ -63.889708478453457, -9.35929059886433 ], [ -63.889708478453457, -9.359790597402437 ], [ -63.890458476887773, -9.359790597402434 ], [ -63.890458476887773, -9.359540598133378 ], [ -63.890958475843988, -9.35954059813338 ] ] ], [ [ [ -63.89320847114692, -9.358040602519083 ], [ -63.89320847114692, -9.357290604711928 ], [ -63.892208473234497, -9.357290604711922 ], [ -63.892208473234497, -9.357790603250036 ], [ -63.892708472190712, -9.357790603250031 ], [ -63.892708472190712, -9.358040602519079 ], [ -63.89320847114692, -9.358040602519083 ] ] ], [ [ [ -63.88820848158484, -9.357040605442871 ], [ -63.88820848158484, -9.356540606904783 ], [ -63.887958482106733, -9.356540606904781 ], [ -63.887958482106733, -9.356790606173835 ], [ -63.887708482628632, -9.35679060617383 ], [ -63.887708482628632, -9.358040602519081 ], [ -63.887958482106733, -9.358040602519077 ], [ -63.887958482106733, -9.357790603250031 ], [ -63.88820848158484, -9.357790603250024 ], [ -63.88820848158484, -9.357290604711935 ], [ -63.887958482106733, -9.357290604711936 ], [ -63.887958482106733, -9.357040605442888 ], [ -63.88820848158484, -9.357040605442871 ] ] ], [ [ [ -63.891958473756397, -9.357290604711933 ], [ -63.891958473756397, -9.357040605442869 ], [ -63.891708474278303, -9.357040605442871 ], [ -63.891708474278303, -9.357290604711936 ], [ -63.891958473756397, -9.357290604711933 ] ] ], [ [ [ -63.890958475843988, -9.356790606173821 ], [ -63.890958475843988, -9.357290604711922 ], [ -63.891458474800181, -9.357290604711933 ], [ -63.891458474800181, -9.356790606173828 ], [ -63.892708472190712, -9.356790606173821 ], [ -63.892708472190712, -9.356540606904771 ], [ -63.891208475322095, -9.356540606904781 ], [ -63.891208475322095, -9.356790606173826 ], [ -63.890958475843988, -9.356790606173821 ] ] ], [ [ [ -63.890458476887773, -9.356790606173831 ], [ -63.890458476887773, -9.356540606904781 ], [ -63.890208477409672, -9.356540606904769 ], [ -63.890208477409672, -9.356790606173828 ], [ -63.890458476887773, -9.356790606173831 ] ] ], [ [ [ -63.891958473756397, -9.356290607635724 ], [ -63.891958473756397, -9.356040608366673 ], [ -63.891708474278303, -9.35604060836668 ], [ -63.891708474278303, -9.356290607635733 ], [ -63.891958473756397, -9.356290607635724 ] ] ], [ [ [ -63.884708488891391, -9.354290613483318 ], [ -63.884458489413284, -9.35429061348332 ], [ -63.884458489413284, -9.354790612021413 ], [ -63.884708488891391, -9.354790612021414 ], [ -63.884708488891391, -9.354290613483318 ] ] ], [ [ [ -63.891708474278303, -9.354040614214274 ], [ -63.891208475322095, -9.354040614214272 ], [ -63.891208475322095, -9.35454061275237 ], [ -63.891708474278303, -9.35454061275237 ], [ -63.891708474278303, -9.354040614214274 ] ] ], [ [ [ -63.885458487325693, -9.353540615676174 ], [ -63.885458487325693, -9.353040617138065 ], [ -63.885208487847599, -9.353040617138062 ], [ -63.885208487847599, -9.353540615676161 ], [ -63.885458487325693, -9.353540615676174 ] ] ], [ [ [ -63.889458478975371, -9.353040617138062 ], [ -63.889458478975371, -9.352790617869008 ], [ -63.888958480019156, -9.352790617869019 ], [ -63.888958480019156, -9.353040617138067 ], [ -63.889458478975371, -9.353040617138062 ] ] ], [ [ [ -63.891208475322095, -9.353540615676167 ], [ -63.891208475322095, -9.353290616407115 ], [ -63.891708474278303, -9.353290616407115 ], [ -63.891708474278303, -9.353540615676172 ], [ -63.892208473234497, -9.35354061567616 ], [ -63.892208473234497, -9.353290616407113 ], [ -63.892708472190712, -9.353290616407111 ], [ -63.892708472190712, -9.353540615676161 ], [ -63.89295847166882, -9.353540615676167 ], [ -63.89295847166882, -9.35304061713807 ], [ -63.891958473756397, -9.353040617138065 ], [ -63.891958473756397, -9.352790617869013 ], [ -63.891708474278303, -9.352790617869013 ], [ -63.891708474278303, -9.353040617138072 ], [ -63.891208475322095, -9.35304061713806 ], [ -63.891208475322095, -9.352790617869013 ], [ -63.89070847636588, -9.352790617869015 ], [ -63.89070847636588, -9.35204062006186 ], [ -63.890208477409672, -9.352040620061858 ], [ -63.890208477409672, -9.352290619330917 ], [ -63.889708478453457, -9.352290619330912 ], [ -63.889708478453457, -9.352790617869013 ], [ -63.890208477409672, -9.352790617869021 ], [ -63.890208477409672, -9.353040617138069 ], [ -63.890458476887773, -9.353040617138063 ], [ -63.890458476887773, -9.353290616407124 ], [ -63.89070847636588, -9.35329061640712 ], [ -63.89070847636588, -9.35354061567616 ], [ -63.891208475322095, -9.353540615676167 ] ] ], [ [ [ -63.893708470103121, -9.352290619330907 ], [ -63.893708470103121, -9.352040620061864 ], [ -63.89320847114692, -9.352040620061862 ], [ -63.89320847114692, -9.352790617869013 ], [ -63.893458470625028, -9.352790617869005 ], [ -63.893458470625028, -9.352290619330907 ], [ -63.893708470103121, -9.352290619330907 ] ] ], [ [ [ -63.892708472190712, -9.352290619330919 ], [ -63.892708472190712, -9.35204062006186 ], [ -63.891958473756397, -9.352040620061855 ], [ -63.891958473756397, -9.352290619330919 ], [ -63.892708472190712, -9.352290619330919 ] ] ], [ [ [ -63.885708486803814, -9.352290619330912 ], [ -63.885708486803814, -9.352040620061864 ], [ -63.885208487847599, -9.352040620061864 ], [ -63.885208487847599, -9.352290619330907 ], [ -63.885708486803814, -9.352290619330912 ] ] ], [ [ [ -63.889458478975371, -9.352290619330919 ], [ -63.889458478975371, -9.35204062006186 ], [ -63.889708478453457, -9.352040620061867 ], [ -63.889708478453457, -9.351790620792816 ], [ -63.890208477409672, -9.351790620792809 ], [ -63.890208477409672, -9.351540621523753 ], [ -63.889208479497263, -9.351540621523757 ], [ -63.889208479497263, -9.352290619330919 ], [ -63.889458478975371, -9.352290619330919 ] ] ], [ [ [ -63.891958473756397, -9.351790620792805 ], [ -63.891958473756397, -9.35154062152376 ], [ -63.891458474800181, -9.351540621523755 ], [ -63.891458474800181, -9.351790620792819 ], [ -63.891958473756397, -9.351790620792805 ] ] ], [ [ [ -63.892208473234497, -9.351540621523753 ], [ -63.892208473234497, -9.351290622254711 ], [ -63.891958473756397, -9.351290622254709 ], [ -63.891958473756397, -9.35154062152376 ], [ -63.892208473234497, -9.351540621523753 ] ] ], [ [ [ -63.889708478453457, -9.351040622985662 ], [ -63.889708478453457, -9.351290622254712 ], [ -63.890208477409672, -9.351290622254703 ], [ -63.890208477409672, -9.351540621523753 ], [ -63.890458476887773, -9.351540621523753 ], [ -63.890458476887773, -9.351790620792819 ], [ -63.890958475843988, -9.351790620792805 ], [ -63.890958475843988, -9.35154062152376 ], [ -63.89070847636588, -9.351540621523766 ], [ -63.89070847636588, -9.351040622985662 ], [ -63.889708478453457, -9.351040622985662 ] ] ], [ [ [ -63.89320847114692, -9.351290622254703 ], [ -63.89320847114692, -9.351040622985661 ], [ -63.89295847166882, -9.351040622985657 ], [ -63.89295847166882, -9.351290622254707 ], [ -63.89320847114692, -9.351290622254703 ] ] ], [ [ [ -63.893458470625028, -9.351040622985652 ], [ -63.893458470625028, -9.350790623716614 ], [ -63.89320847114692, -9.350790623716613 ], [ -63.89320847114692, -9.351040622985661 ], [ -63.893458470625028, -9.351040622985652 ] ] ], [ [ [ -63.887958482106733, -9.349540627371359 ], [ -63.887958482106733, -9.349290628102308 ], [ -63.887708482628632, -9.349290628102297 ], [ -63.887708482628632, -9.349540627371349 ], [ -63.887958482106733, -9.349540627371359 ] ] ], [ [ [ -63.893958469581221, -9.349540627371356 ], [ -63.893958469581221, -9.349040628833245 ], [ -63.893458470625028, -9.349040628833258 ], [ -63.893458470625028, -9.348790629564199 ], [ -63.89295847166882, -9.348790629564208 ], [ -63.89295847166882, -9.348540630295153 ], [ -63.892708472190712, -9.348540630295147 ], [ -63.892708472190712, -9.34879062956421 ], [ -63.892208473234497, -9.348790629564192 ], [ -63.892208473234497, -9.348290631026101 ], [ -63.891958473756397, -9.348290631026099 ], [ -63.891958473756397, -9.349040628833253 ], [ -63.892208473234497, -9.349040628833245 ], [ -63.892208473234497, -9.349290628102306 ], [ -63.892708472190712, -9.349290628102292 ], [ -63.892708472190712, -9.349040628833247 ], [ -63.89320847114692, -9.349040628833254 ], [ -63.89320847114692, -9.349290628102301 ], [ -63.893708470103121, -9.349290628102297 ], [ -63.893708470103121, -9.349540627371354 ], [ -63.893958469581221, -9.349540627371356 ] ] ], [ [ [ -63.890958475843988, -9.346540636142747 ], [ -63.890958475843988, -9.346290636873695 ], [ -63.89070847636588, -9.346290636873697 ], [ -63.89070847636588, -9.346540636142734 ], [ -63.890958475843988, -9.346540636142747 ] ] ], [ [ [ -63.891458474800181, -9.34629063687369 ], [ -63.891458474800181, -9.34604063760464 ], [ -63.891208475322095, -9.346040637604649 ], [ -63.891208475322095, -9.346290636873698 ], [ -63.891458474800181, -9.34629063687369 ] ] ], [ [ [ -63.890958475843988, -9.34604063760464 ], [ -63.890958475843988, -9.345790638335593 ], [ -63.89070847636588, -9.345790638335592 ], [ -63.89070847636588, -9.346040637604638 ], [ -63.890958475843988, -9.34604063760464 ] ] ], [ [ [ -63.891458474800181, -9.345790638335593 ], [ -63.891458474800181, -9.345540639066543 ], [ -63.891208475322095, -9.345540639066549 ], [ -63.891208475322095, -9.345790638335595 ], [ -63.891458474800181, -9.345790638335593 ] ] ], [ [ [ -63.883708490978968, -9.344790641259378 ], [ -63.883708490978968, -9.345290639797481 ], [ -63.883458491500875, -9.345290639797481 ], [ -63.883458491500875, -9.344790641259383 ], [ -63.883208492022774, -9.34479064125939 ], [ -63.883208492022774, -9.345290639797492 ], [ -63.883081309409633, -9.345290639819481 ], [ -63.883082894460493, -9.345790638357588 ], [ -63.883208492022774, -9.345790638335586 ], [ -63.883208492022774, -9.346290636873697 ], [ -63.883708490978968, -9.346290636873688 ], [ -63.883708490978968, -9.346040637604643 ], [ -63.88395849045709, -9.346040637604633 ], [ -63.88395849045709, -9.345790638335593 ], [ -63.884208489935183, -9.345790638335595 ], [ -63.884208489935183, -9.345290639797486 ], [ -63.88395849045709, -9.34529063979749 ], [ -63.88395849045709, -9.34479064125939 ], [ -63.883708490978968, -9.344790641259378 ] ] ], [ [ [ -63.884458489413284, -9.345290639797495 ], [ -63.884458489413284, -9.344790641259383 ], [ -63.884208489935183, -9.344790641259388 ], [ -63.884208489935183, -9.345290639797486 ], [ -63.884458489413284, -9.345290639797495 ] ] ], [ [ [ -63.891958473756397, -9.34479064125939 ], [ -63.891958473756397, -9.344540641990337 ], [ -63.891708474278303, -9.344540641990337 ], [ -63.891708474278303, -9.344790641259394 ], [ -63.891958473756397, -9.34479064125939 ] ] ], [ [ [ -63.883708490978968, -9.344790641259378 ], [ -63.883708490978968, -9.34454064199034 ], [ -63.883458491500875, -9.344540641990337 ], [ -63.883458491500875, -9.344790641259383 ], [ -63.883708490978968, -9.344790641259378 ] ] ], [ [ [ -63.892708472190712, -9.344540641990344 ], [ -63.892708472190712, -9.344790641259388 ], [ -63.89320847114692, -9.34479064125938 ], [ -63.89320847114692, -9.34454064199034 ], [ -63.893458470625028, -9.344540641990342 ], [ -63.893458470625028, -9.34429064272129 ], [ -63.89295847166882, -9.34429064272128 ], [ -63.89295847166882, -9.34454064199034 ], [ -63.892708472190712, -9.344540641990344 ] ] ], [ [ [ -63.891208475322095, -9.343790644183189 ], [ -63.891208475322095, -9.343540644914134 ], [ -63.890458476887773, -9.343540644914125 ], [ -63.890458476887773, -9.344040643452241 ], [ -63.889708478453457, -9.34404064345223 ], [ -63.889708478453457, -9.34429064272129 ], [ -63.890208477409672, -9.344290642721287 ], [ -63.890208477409672, -9.34479064125939 ], [ -63.890458476887773, -9.344790641259394 ], [ -63.890458476887773, -9.34429064272128 ], [ -63.89070847636588, -9.34429064272128 ], [ -63.89070847636588, -9.343790644183176 ], [ -63.891208475322095, -9.343790644183189 ] ] ], [ [ [ -63.883077347094769, -9.344040643474168 ], [ -63.883078139522055, -9.344290642743239 ], [ -63.883208492022774, -9.344290642721287 ], [ -63.883208492022774, -9.344040643452228 ], [ -63.883077347094769, -9.344040643474168 ] ] ], [ [ [ -63.885208487847599, -9.34429064272129 ], [ -63.885208487847599, -9.343790644183184 ], [ -63.884708488891391, -9.343790644183185 ], [ -63.884708488891391, -9.344040643452241 ], [ -63.884458489413284, -9.344040643452239 ], [ -63.884458489413284, -9.344290642721292 ], [ -63.885208487847599, -9.34429064272129 ] ] ], [ [ [ -63.89070847636588, -9.34429064272128 ], [ -63.89070847636588, -9.344540641990335 ], [ -63.891208475322095, -9.344540641990331 ], [ -63.891208475322095, -9.344790641259381 ], [ -63.891458474800181, -9.344790641259378 ], [ -63.891458474800181, -9.34454064199034 ], [ -63.891708474278303, -9.344540641990337 ], [ -63.891708474278303, -9.344290642721294 ], [ -63.891958473756397, -9.344290642721283 ], [ -63.891958473756397, -9.344540641990337 ], [ -63.892708472190712, -9.344540641990344 ], [ -63.892708472190712, -9.34429064272128 ], [ -63.89295847166882, -9.34429064272128 ], [ -63.89295847166882, -9.344040643452233 ], [ -63.892708472190712, -9.344040643452242 ], [ -63.892708472190712, -9.343790644183185 ], [ -63.89295847166882, -9.343790644183182 ], [ -63.89295847166882, -9.343540644914127 ], [ -63.89320847114692, -9.343540644914134 ], [ -63.89320847114692, -9.343290645645084 ], [ -63.892708472190712, -9.343290645645087 ], [ -63.892708472190712, -9.34304064637603 ], [ -63.891958473756397, -9.343040646376025 ], [ -63.891958473756397, -9.343540644914134 ], [ -63.891708474278303, -9.343540644914127 ], [ -63.891708474278303, -9.343790644183191 ], [ -63.891458474800181, -9.343790644183189 ], [ -63.891458474800181, -9.344290642721294 ], [ -63.891208475322095, -9.344290642721289 ], [ -63.891208475322095, -9.344040643452225 ], [ -63.890958475843988, -9.344040643452235 ], [ -63.890958475843988, -9.344290642721289 ], [ -63.89070847636588, -9.34429064272128 ] ] ], [ [ [ -63.889458478975371, -9.344040643452232 ], [ -63.889458478975371, -9.343790644183182 ], [ -63.889208479497263, -9.343790644183184 ], [ -63.889208479497263, -9.344040643452226 ], [ -63.889458478975371, -9.344040643452232 ] ] ], [ [ [ -63.889208479497263, -9.343790644183184 ], [ -63.889208479497263, -9.343540644914139 ], [ -63.888958480019156, -9.343540644914137 ], [ -63.888958480019156, -9.343790644183189 ], [ -63.889208479497263, -9.343790644183184 ] ] ], [ [ [ -63.891958473756397, -9.342290648568882 ], [ -63.891958473756397, -9.342040649299831 ], [ -63.891458474800181, -9.342040649299822 ], [ -63.891458474800181, -9.342290648568881 ], [ -63.891958473756397, -9.342290648568882 ] ] ], [ [ [ -63.889708478453457, -9.34154065076172 ], [ -63.889708478453457, -9.341290651492669 ], [ -63.889458478975371, -9.341290651492669 ], [ -63.889458478975371, -9.341540650761726 ], [ -63.889708478453457, -9.34154065076172 ] ] ], [ [ [ -63.89070847636588, -9.341040652223622 ], [ -63.890458476887773, -9.341040652223626 ], [ -63.890458476887773, -9.341290651492677 ], [ -63.89070847636588, -9.34129065149267 ], [ -63.89070847636588, -9.341040652223622 ] ] ], [ [ [ -63.884458489413284, -9.339040658071216 ], [ -63.884208489935183, -9.339040658071214 ], [ -63.884208489935183, -9.339290657340275 ], [ -63.884458489413284, -9.339290657340275 ], [ -63.884458489413284, -9.339040658071216 ] ] ], [ [ [ -63.88305991820954, -9.338540659554322 ], [ -63.88306071024423, -9.338790658823411 ], [ -63.883208492022774, -9.338790658802168 ], [ -63.883208492022774, -9.338540659533122 ], [ -63.88305991820954, -9.338540659554322 ] ] ], [ [ [ -63.889208479497263, -9.338040660995024 ], [ -63.888708480541048, -9.338040660995016 ], [ -63.888708480541048, -9.33704066391882 ], [ -63.888958480019156, -9.337040663918811 ], [ -63.888958480019156, -9.336040666842601 ], [ -63.889208479497263, -9.33604066684261 ], [ -63.889208479497263, -9.335540668304509 ], [ -63.889458478975371, -9.335540668304498 ], [ -63.889458478975371, -9.334540671228309 ], [ -63.89295847166882, -9.334540671228302 ], [ -63.89295847166882, -9.334040672690202 ], [ -63.892708472190712, -9.334040672690204 ], [ -63.892708472190712, -9.334290671959245 ], [ -63.891458474800181, -9.334290671959243 ], [ -63.891458474800181, -9.334040672690209 ], [ -63.890208477409672, -9.334040672690197 ], [ -63.890208477409672, -9.333290674883054 ], [ -63.889708478453457, -9.333290674883051 ], [ -63.889708478453457, -9.332790676344951 ], [ -63.890208477409672, -9.332790676344947 ], [ -63.890208477409672, -9.331290680730639 ], [ -63.890458476887773, -9.331290680730651 ], [ -63.890458476887773, -9.331040681461598 ], [ -63.890208477409672, -9.331040681461593 ], [ -63.890208477409672, -9.330790682192541 ], [ -63.890458476887773, -9.330790682192532 ], [ -63.890458476887773, -9.330290683654443 ], [ -63.89070847636588, -9.330290683654434 ], [ -63.89070847636588, -9.328790688040128 ], [ -63.890958475843988, -9.328790688040133 ], [ -63.890958475843988, -9.328540688771085 ], [ -63.891208475322095, -9.328540688771087 ], [ -63.891208475322095, -9.328290689502031 ], [ -63.89070847636588, -9.328290689502033 ], [ -63.89070847636588, -9.327290692425827 ], [ -63.890458476887773, -9.32729069242583 ], [ -63.890458476887773, -9.326540694618677 ], [ -63.891208475322095, -9.326540694618673 ], [ -63.891208475322095, -9.326040696080574 ], [ -63.890958475843988, -9.326040696080574 ], [ -63.890958475843988, -9.325540697542468 ], [ -63.89070847636588, -9.32554069754247 ], [ -63.89070847636588, -9.324540700466278 ], [ -63.890458476887773, -9.324540700466267 ], [ -63.890458476887773, -9.324790699735317 ], [ -63.890208477409672, -9.324790699735317 ], [ -63.890208477409672, -9.325290698273417 ], [ -63.889708478453457, -9.325290698273424 ], [ -63.889708478453457, -9.325790696811529 ], [ -63.889458478975371, -9.325790696811524 ], [ -63.889458478975371, -9.326290695349631 ], [ -63.889708478453457, -9.326290695349632 ], [ -63.889708478453457, -9.327790690963933 ], [ -63.889208479497263, -9.327790690963937 ], [ -63.889208479497263, -9.328040690232973 ], [ -63.888958480019156, -9.328040690232982 ], [ -63.888958480019156, -9.327790690963937 ], [ -63.888708480541048, -9.327790690963926 ], [ -63.888708480541048, -9.327290692425832 ], [ -63.888458481062948, -9.327290692425823 ], [ -63.888458481062948, -9.327790690963933 ], [ -63.88820848158484, -9.327790690963932 ], [ -63.88820848158484, -9.328540688771072 ], [ -63.888458481062948, -9.328540688771074 ], [ -63.888458481062948, -9.329290686578242 ], [ -63.888708480541048, -9.329290686578236 ], [ -63.888708480541048, -9.33079068219253 ], [ -63.888458481062948, -9.330790682192532 ], [ -63.888458481062948, -9.333290674883052 ], [ -63.88820848158484, -9.333290674883047 ], [ -63.88820848158484, -9.333790673421152 ], [ -63.887958482106733, -9.333790673421149 ], [ -63.887958482106733, -9.334290671959254 ], [ -63.887208483672417, -9.334290671959245 ], [ -63.887208483672417, -9.334040672690191 ], [ -63.886958484194324, -9.3340406726902 ], [ -63.886958484194324, -9.334290671959257 ], [ -63.886708484716223, -9.334290671959257 ], [ -63.886708484716223, -9.3340406726902 ], [ -63.886458485238116, -9.334040672690193 ], [ -63.886458485238116, -9.333790673421156 ], [ -63.886208485760008, -9.333790673421149 ], [ -63.886208485760008, -9.333540674152102 ], [ -63.885958486281908, -9.33354067415209 ], [ -63.885958486281908, -9.334040672690209 ], [ -63.886208485760008, -9.334040672690197 ], [ -63.886208485760008, -9.334290671959257 ], [ -63.885458487325693, -9.334290671959256 ], [ -63.885458487325693, -9.33329067488304 ], [ -63.885208487847599, -9.333290674883047 ], [ -63.885208487847599, -9.333540674152104 ], [ -63.884458489413284, -9.333540674152102 ], [ -63.884458489413284, -9.33379067342115 ], [ -63.883708490978968, -9.333790673421159 ], [ -63.883708490978968, -9.333290674883056 ], [ -63.883458491500875, -9.333290674883044 ], [ -63.883458491500875, -9.333540674152104 ], [ -63.883044081263172, -9.333540674201974 ], [ -63.883054374467029, -9.336790664872844 ], [ -63.884708488891391, -9.33679066464976 ], [ -63.884708488891391, -9.337040663918815 ], [ -63.885458487325693, -9.337040663918808 ], [ -63.885458487325693, -9.337290663187856 ], [ -63.885958486281908, -9.337290663187858 ], [ -63.885958486281908, -9.337790661725974 ], [ -63.886208485760008, -9.337790661725965 ], [ -63.886208485760008, -9.338290660264073 ], [ -63.886708484716223, -9.338290660264075 ], [ -63.886708484716223, -9.339040658071214 ], [ -63.886458485238116, -9.339040658071212 ], [ -63.886458485238116, -9.33979065587836 ], [ -63.886208485760008, -9.339790655878369 ], [ -63.886208485760008, -9.34054065368553 ], [ -63.885708486803814, -9.340540653685531 ], [ -63.885708486803814, -9.340290654416473 ], [ -63.885458487325693, -9.340290654416469 ], [ -63.885458487325693, -9.339790655878366 ], [ -63.885708486803814, -9.339790655878373 ], [ -63.885708486803814, -9.339540656609328 ], [ -63.885458487325693, -9.339540656609332 ], [ -63.885458487325693, -9.339290657340273 ], [ -63.884708488891391, -9.339290657340271 ], [ -63.884708488891391, -9.339540656609312 ], [ -63.884208489935183, -9.339540656609316 ], [ -63.884208489935183, -9.339290657340275 ], [ -63.88395849045709, -9.339290657340278 ], [ -63.88395849045709, -9.339540656609316 ], [ -63.883063086455692, -9.339540656741077 ], [ -63.883068631572527, -9.341290651514354 ], [ -63.883208492022774, -9.341290651492681 ], [ -63.883208492022774, -9.340540653685528 ], [ -63.883708490978968, -9.340540653685531 ], [ -63.883708490978968, -9.340290654416467 ], [ -63.884208489935183, -9.340290654416469 ], [ -63.884208489935183, -9.340790652954583 ], [ -63.884458489413284, -9.340790652954572 ], [ -63.884458489413284, -9.341040652223624 ], [ -63.884208489935183, -9.341040652223624 ], [ -63.884208489935183, -9.341290651492672 ], [ -63.884458489413284, -9.341290651492672 ], [ -63.884458489413284, -9.341540650761729 ], [ -63.884708488891391, -9.341540650761733 ], [ -63.884708488891391, -9.341790650030774 ], [ -63.883708490978968, -9.341790650030774 ], [ -63.883708490978968, -9.342040649299834 ], [ -63.883208492022774, -9.342040649299829 ], [ -63.883208492022774, -9.341540650761729 ], [ -63.883069423803498, -9.341540650783438 ], [ -63.883073385226069, -9.342790647128822 ], [ -63.883208492022774, -9.342790647106984 ], [ -63.883208492022774, -9.343040646376032 ], [ -63.883074177564119, -9.34304064639791 ], [ -63.883076554685601, -9.343790644288205 ], [ -63.883708490978968, -9.343790644183185 ], [ -63.883708490978968, -9.343540644914135 ], [ -63.88395849045709, -9.343540644914137 ], [ -63.88395849045709, -9.343290645645093 ], [ -63.884208489935183, -9.343290645645082 ], [ -63.884208489935183, -9.34304064637603 ], [ -63.884458489413284, -9.343040646376036 ], [ -63.884458489413284, -9.343540644914125 ], [ -63.884208489935183, -9.343540644914128 ], [ -63.884208489935183, -9.343790644183182 ], [ -63.884708488891391, -9.343790644183185 ], [ -63.884708488891391, -9.343540644914127 ], [ -63.885208487847599, -9.343540644914137 ], [ -63.885208487847599, -9.343790644183184 ], [ -63.885458487325693, -9.343790644183182 ], [ -63.885458487325693, -9.344040643452235 ], [ -63.886208485760008, -9.34404064345223 ], [ -63.886208485760008, -9.344290642721285 ], [ -63.887208483672417, -9.344290642721274 ], [ -63.887208483672417, -9.344540641990339 ], [ -63.886458485238116, -9.344540641990337 ], [ -63.886458485238116, -9.345540639066542 ], [ -63.885958486281908, -9.345540639066536 ], [ -63.885958486281908, -9.345290639797497 ], [ -63.885208487847599, -9.345290639797494 ], [ -63.885208487847599, -9.344790641259392 ], [ -63.884708488891391, -9.344790641259394 ], [ -63.884708488891391, -9.345290639797492 ], [ -63.884458489413284, -9.345290639797495 ], [ -63.884458489413284, -9.345790638335593 ], [ -63.884708488891391, -9.345790638335592 ], [ -63.884708488891391, -9.346040637604643 ], [ -63.884458489413284, -9.346040637604649 ], [ -63.884458489413284, -9.346290636873695 ], [ -63.884208489935183, -9.346290636873686 ], [ -63.884208489935183, -9.346040637604634 ], [ -63.88395849045709, -9.346040637604633 ], [ -63.88395849045709, -9.347790632488001 ], [ -63.884208489935183, -9.347790632487996 ], [ -63.884208489935183, -9.347290633949898 ], [ -63.884458489413284, -9.347290633949896 ], [ -63.884458489413284, -9.346790635411802 ], [ -63.884708488891391, -9.346790635411789 ], [ -63.884708488891391, -9.347040634680839 ], [ -63.885708486803814, -9.347040634680846 ], [ -63.885708486803814, -9.346790635411805 ], [ -63.885958486281908, -9.346790635411795 ], [ -63.885958486281908, -9.346540636142739 ], [ -63.886208485760008, -9.346540636142745 ], [ -63.886208485760008, -9.346290636873681 ], [ -63.886458485238116, -9.346290636873697 ], [ -63.886458485238116, -9.34654063614275 ], [ -63.886708484716223, -9.346540636142739 ], [ -63.886708484716223, -9.346790635411793 ], [ -63.886458485238116, -9.346790635411798 ], [ -63.886458485238116, -9.347040634680857 ], [ -63.885958486281908, -9.347040634680839 ], [ -63.885958486281908, -9.347290633949896 ], [ -63.885708486803814, -9.3472906339499 ], [ -63.885708486803814, -9.348040631757041 ], [ -63.886958484194324, -9.348040631757057 ], [ -63.886958484194324, -9.348290631026101 ], [ -63.887958482106733, -9.348290631026099 ], [ -63.887958482106733, -9.348540630295153 ], [ -63.88820848158484, -9.348540630295158 ], [ -63.88820848158484, -9.348790629564197 ], [ -63.887958482106733, -9.348790629564197 ], [ -63.887958482106733, -9.349290628102308 ], [ -63.88820848158484, -9.349290628102302 ], [ -63.88820848158484, -9.349540627371352 ], [ -63.889208479497263, -9.349540627371359 ], [ -63.889208479497263, -9.349790626640411 ], [ -63.889458478975371, -9.349790626640397 ], [ -63.889458478975371, -9.349540627371354 ], [ -63.889708478453457, -9.349540627371347 ], [ -63.889708478453457, -9.349790626640408 ], [ -63.890208477409672, -9.349790626640409 ], [ -63.890208477409672, -9.349040628833256 ], [ -63.891208475322095, -9.349040628833256 ], [ -63.891208475322095, -9.349540627371349 ], [ -63.89070847636588, -9.349540627371349 ], [ -63.89070847636588, -9.349790626640395 ], [ -63.890958475843988, -9.349790626640404 ], [ -63.890958475843988, -9.350290625178499 ], [ -63.891208475322095, -9.350290625178504 ], [ -63.891208475322095, -9.351040622985654 ], [ -63.890958475843988, -9.351040622985655 ], [ -63.890958475843988, -9.35154062152376 ], [ -63.891208475322095, -9.35154062152376 ], [ -63.891208475322095, -9.351290622254711 ], [ -63.891708474278303, -9.351290622254705 ], [ -63.891708474278303, -9.351040622985659 ], [ -63.892208473234497, -9.351040622985662 ], [ -63.892208473234497, -9.350790623716602 ], [ -63.892708472190712, -9.350790623716607 ], [ -63.892708472190712, -9.349540627371352 ], [ -63.892208473234497, -9.349540627371356 ], [ -63.892208473234497, -9.349290628102306 ], [ -63.891958473756397, -9.349290628102302 ], [ -63.891958473756397, -9.349040628833253 ], [ -63.891708474278303, -9.349040628833247 ], [ -63.891708474278303, -9.349290628102302 ], [ -63.891458474800181, -9.349290628102304 ], [ -63.891458474800181, -9.348790629564201 ], [ -63.89070847636588, -9.348790629564199 ], [ -63.89070847636588, -9.348540630295142 ], [ -63.890458476887773, -9.348540630295151 ], [ -63.890458476887773, -9.348290631026101 ], [ -63.890208477409672, -9.348290631026101 ], [ -63.890208477409672, -9.348040631757053 ], [ -63.890458476887773, -9.348040631757049 ], [ -63.890458476887773, -9.347790632488003 ], [ -63.890958475843988, -9.347790632488 ], [ -63.890958475843988, -9.347290633949893 ], [ -63.89070847636588, -9.347290633949889 ], [ -63.89070847636588, -9.347040634680855 ], [ -63.890458476887773, -9.347040634680845 ], [ -63.890458476887773, -9.346790635411788 ], [ -63.890208477409672, -9.346790635411789 ], [ -63.890208477409672, -9.346290636873686 ], [ -63.889708478453457, -9.346290636873691 ], [ -63.889708478453457, -9.346040637604649 ], [ -63.890208477409672, -9.346040637604649 ], [ -63.890208477409672, -9.34554063906654 ], [ -63.889708478453457, -9.345540639066536 ], [ -63.889708478453457, -9.344790641259378 ], [ -63.889208479497263, -9.344790641259381 ], [ -63.889208479497263, -9.344540641990342 ], [ -63.888708480541048, -9.344540641990337 ], [ -63.888708480541048, -9.344790641259381 ], [ -63.88820848158484, -9.344790641259396 ], [ -63.88820848158484, -9.344290642721283 ], [ -63.888458481062948, -9.34429064272128 ], [ -63.888458481062948, -9.344040643452241 ], [ -63.888958480019156, -9.344040643452237 ], [ -63.888958480019156, -9.343790644183189 ], [ -63.88820848158484, -9.343790644183185 ], [ -63.88820848158484, -9.343540644914125 ], [ -63.888458481062948, -9.34354064491413 ], [ -63.888458481062948, -9.343290645645073 ], [ -63.887958482106733, -9.343290645645077 ], [ -63.887958482106733, -9.343040646376034 ], [ -63.887708482628632, -9.343040646376039 ], [ -63.887708482628632, -9.342790647106975 ], [ -63.887958482106733, -9.342790647106984 ], [ -63.887958482106733, -9.342040649299825 ], [ -63.888458481062948, -9.342040649299825 ], [ -63.888458481062948, -9.342290648568875 ], [ -63.888708480541048, -9.342290648568886 ], [ -63.888708480541048, -9.342790647106979 ], [ -63.889208479497263, -9.342790647106982 ], [ -63.889208479497263, -9.343040646376027 ], [ -63.889708478453457, -9.34304064637603 ], [ -63.889708478453457, -9.343290645645082 ], [ -63.891208475322095, -9.343290645645091 ], [ -63.891208475322095, -9.343040646376037 ], [ -63.891708474278303, -9.343040646376025 ], [ -63.891708474278303, -9.342790647106984 ], [ -63.891208475322095, -9.342790647106982 ], [ -63.891208475322095, -9.342040649299834 ], [ -63.891458474800181, -9.342040649299822 ], [ -63.891458474800181, -9.341540650761726 ], [ -63.891208475322095, -9.341540650761727 ], [ -63.891208475322095, -9.341290651492674 ], [ -63.89070847636588, -9.34129065149267 ], [ -63.89070847636588, -9.342040649299832 ], [ -63.889208479497263, -9.342040649299825 ], [ -63.889208479497263, -9.340790652954583 ], [ -63.888958480019156, -9.340790652954585 ], [ -63.888958480019156, -9.340540653685517 ], [ -63.888708480541048, -9.340540653685519 ], [ -63.888708480541048, -9.339540656609319 ], [ -63.888458481062948, -9.339540656609326 ], [ -63.888458481062948, -9.339040658071211 ], [ -63.888708480541048, -9.33904065807122 ], [ -63.888708480541048, -9.33879065880217 ], [ -63.888458481062948, -9.338790658802166 ], [ -63.888458481062948, -9.338540659533116 ], [ -63.888708480541048, -9.338540659533118 ], [ -63.888708480541048, -9.338290660264063 ], [ -63.889208479497263, -9.338290660264075 ], [ -63.889208479497263, -9.338040660995024 ] ], [ [ -63.889708478453457, -9.326040696080579 ], [ -63.890208477409672, -9.326040696080572 ], [ -63.890208477409672, -9.32579069681152 ], [ -63.890458476887773, -9.325790696811525 ], [ -63.890458476887773, -9.32629069534962 ], [ -63.889708478453457, -9.326290695349632 ], [ -63.889708478453457, -9.326040696080579 ] ], [ [ -63.890208477409672, -9.327790690963935 ], [ -63.890208477409672, -9.328040690232976 ], [ -63.889708478453457, -9.328040690232974 ], [ -63.889708478453457, -9.327790690963933 ], [ -63.890208477409672, -9.327790690963935 ] ], [ [ -63.886708484716223, -9.335540668304512 ], [ -63.886458485238116, -9.335540668304514 ], [ -63.886458485238116, -9.335290669035457 ], [ -63.886208485760008, -9.33529066903545 ], [ -63.886208485760008, -9.335540668304514 ], [ -63.885708486803814, -9.335540668304512 ], [ -63.885708486803814, -9.335290669035464 ], [ -63.885458487325693, -9.335290669035453 ], [ -63.885458487325693, -9.334790670497361 ], [ -63.886208485760008, -9.334790670497355 ], [ -63.886208485760008, -9.3345406712283 ], [ -63.886458485238116, -9.334540671228297 ], [ -63.886458485238116, -9.334290671959245 ], [ -63.886708484716223, -9.334290671959257 ], [ -63.886708484716223, -9.335540668304512 ] ], [ [ -63.886958484194324, -9.335540668304512 ], [ -63.886958484194324, -9.335290669035455 ], [ -63.887208483672417, -9.335290669035455 ], [ -63.887208483672417, -9.336290666111665 ], [ -63.886958484194324, -9.336290666111665 ], [ -63.886958484194324, -9.336540665380708 ], [ -63.886708484716223, -9.33654066538071 ], [ -63.886708484716223, -9.336790664649767 ], [ -63.886458485238116, -9.33679066464976 ], [ -63.886458485238116, -9.33654066538071 ], [ -63.886208485760008, -9.336540665380705 ], [ -63.886208485760008, -9.336290666111658 ], [ -63.885958486281908, -9.336290666111649 ], [ -63.885958486281908, -9.335790667573555 ], [ -63.886208485760008, -9.335790667573553 ], [ -63.886208485760008, -9.33604066684261 ], [ -63.886958484194324, -9.336040666842615 ], [ -63.886958484194324, -9.335790667573564 ], [ -63.886708484716223, -9.335790667573564 ], [ -63.886708484716223, -9.335540668304512 ], [ -63.886958484194324, -9.335540668304512 ] ], [ [ -63.885458487325693, -9.335540668304507 ], [ -63.885208487847599, -9.335540668304509 ], [ -63.885208487847599, -9.335290669035459 ], [ -63.885458487325693, -9.335290669035453 ], [ -63.885458487325693, -9.335540668304507 ] ], [ [ -63.886458485238116, -9.340540653685517 ], [ -63.886458485238116, -9.34104065222362 ], [ -63.886708484716223, -9.341040652223631 ], [ -63.886708484716223, -9.341290651492672 ], [ -63.885958486281908, -9.341290651492685 ], [ -63.885958486281908, -9.340790652954571 ], [ -63.886208485760008, -9.340790652954581 ], [ -63.886208485760008, -9.34054065368553 ], [ -63.886458485238116, -9.340540653685517 ] ], [ [ -63.886708484716223, -9.340790652954567 ], [ -63.886958484194324, -9.340790652954574 ], [ -63.886958484194324, -9.341040652223624 ], [ -63.886708484716223, -9.341040652223631 ], [ -63.886708484716223, -9.340790652954567 ] ], [ [ -63.886958484194324, -9.340540653685521 ], [ -63.887708482628632, -9.340540653685519 ], [ -63.887708482628632, -9.340790652954579 ], [ -63.886958484194324, -9.340790652954574 ], [ -63.886958484194324, -9.340540653685521 ] ], [ [ -63.883458491500875, -9.34029065441648 ], [ -63.883458491500875, -9.339790655878371 ], [ -63.883708490978968, -9.339790655878375 ], [ -63.883708490978968, -9.340290654416467 ], [ -63.883458491500875, -9.34029065441648 ] ], [ [ -63.883208492022774, -9.342290648568879 ], [ -63.883708490978968, -9.342290648568872 ], [ -63.883708490978968, -9.343040646376032 ], [ -63.883458491500875, -9.343040646376025 ], [ -63.883458491500875, -9.342790647106984 ], [ -63.883208492022774, -9.342790647106984 ], [ -63.883208492022774, -9.342290648568879 ] ], [ [ -63.884458489413284, -9.342790647106979 ], [ -63.884208489935183, -9.342790647106989 ], [ -63.884208489935183, -9.342290648568884 ], [ -63.884458489413284, -9.342290648568884 ], [ -63.884458489413284, -9.342040649299829 ], [ -63.885208487847599, -9.342040649299832 ], [ -63.885208487847599, -9.342290648568886 ], [ -63.885458487325693, -9.342290648568882 ], [ -63.885458487325693, -9.343040646376036 ], [ -63.884458489413284, -9.343040646376036 ], [ -63.884458489413284, -9.342790647106979 ] ], [ [ -63.885208487847599, -9.346540636142738 ], [ -63.885208487847599, -9.3462906368737 ], [ -63.885458487325693, -9.346290636873686 ], [ -63.885458487325693, -9.346040637604649 ], [ -63.885708486803814, -9.346040637604649 ], [ -63.885708486803814, -9.346290636873695 ], [ -63.885958486281908, -9.346290636873697 ], [ -63.885958486281908, -9.346540636142739 ], [ -63.885208487847599, -9.346540636142738 ] ], [ [ -63.886708484716223, -9.346290636873698 ], [ -63.887208483672417, -9.346290636873688 ], [ -63.887208483672417, -9.346040637604634 ], [ -63.886958484194324, -9.346040637604634 ], [ -63.886958484194324, -9.345540639066542 ], [ -63.887208483672417, -9.345540639066545 ], [ -63.887208483672417, -9.345290639797492 ], [ -63.887708482628632, -9.345290639797495 ], [ -63.887708482628632, -9.345540639066549 ], [ -63.887958482106733, -9.345540639066545 ], [ -63.887958482106733, -9.345790638335592 ], [ -63.88820848158484, -9.345790638335584 ], [ -63.88820848158484, -9.34604063760464 ], [ -63.888458481062948, -9.34604063760464 ], [ -63.888458481062948, -9.34629063687369 ], [ -63.887958482106733, -9.346290636873695 ], [ -63.887958482106733, -9.346540636142736 ], [ -63.888458481062948, -9.346540636142739 ], [ -63.888458481062948, -9.346790635411798 ], [ -63.887708482628632, -9.346790635411791 ], [ -63.887708482628632, -9.34704063468085 ], [ -63.887208483672417, -9.347040634680846 ], [ -63.887208483672417, -9.347290633949902 ], [ -63.886958484194324, -9.347290633949894 ], [ -63.886958484194324, -9.347790632488005 ], [ -63.886708484716223, -9.347790632488001 ], [ -63.886708484716223, -9.347040634680841 ], [ -63.886958484194324, -9.347040634680853 ], [ -63.886958484194324, -9.346790635411789 ], [ -63.887208483672417, -9.3467906354118 ], [ -63.887208483672417, -9.346540636142747 ], [ -63.886708484716223, -9.346540636142739 ], [ -63.886708484716223, -9.346290636873698 ] ], [ [ -63.887958482106733, -9.348040631757042 ], [ -63.88820848158484, -9.348040631757055 ], [ -63.88820848158484, -9.348290631026092 ], [ -63.887958482106733, -9.348290631026099 ], [ -63.887958482106733, -9.348040631757042 ] ], [ [ -63.892208473234497, -9.350290625178509 ], [ -63.891958473756397, -9.350290625178507 ], [ -63.891958473756397, -9.349540627371349 ], [ -63.892208473234497, -9.349540627371356 ], [ -63.892208473234497, -9.350290625178509 ] ], [ [ -63.889458478975371, -9.347790632488 ], [ -63.889458478975371, -9.348040631757042 ], [ -63.888958480019156, -9.348040631757051 ], [ -63.888958480019156, -9.347290633949887 ], [ -63.889708478453457, -9.347290633949887 ], [ -63.889708478453457, -9.347040634680837 ], [ -63.890208477409672, -9.347040634680855 ], [ -63.890208477409672, -9.347290633949898 ], [ -63.890458476887773, -9.347290633949893 ], [ -63.890458476887773, -9.347790632488003 ], [ -63.889458478975371, -9.347790632488 ] ], [ [ -63.888708480541048, -9.340790652954571 ], [ -63.888458481062948, -9.340790652954576 ], [ -63.888458481062948, -9.340540653685531 ], [ -63.888708480541048, -9.340540653685519 ], [ -63.888708480541048, -9.340790652954571 ] ], [ [ -63.889708478453457, -9.331540679999691 ], [ -63.889208479497263, -9.331540679999689 ], [ -63.889208479497263, -9.331290680730651 ], [ -63.889458478975371, -9.331290680730643 ], [ -63.889458478975371, -9.331040681461598 ], [ -63.889708478453457, -9.331040681461596 ], [ -63.889708478453457, -9.331540679999691 ] ], [ [ -63.889208479497263, -9.332040678537798 ], [ -63.888958480019156, -9.332040678537801 ], [ -63.888958480019156, -9.331540679999694 ], [ -63.889208479497263, -9.331540679999689 ], [ -63.889208479497263, -9.332040678537798 ] ], [ [ -63.885458487325693, -9.33579066757356 ], [ -63.885708486803814, -9.335790667573553 ], [ -63.885708486803814, -9.336540665380712 ], [ -63.885958486281908, -9.336540665380701 ], [ -63.885958486281908, -9.336790664649765 ], [ -63.885458487325693, -9.336790664649756 ], [ -63.885458487325693, -9.33579066757356 ] ], [ [ -63.884708488891391, -9.335790667573562 ], [ -63.885208487847599, -9.335790667573551 ], [ -63.885208487847599, -9.336290666111658 ], [ -63.884458489413284, -9.33629066611166 ], [ -63.884458489413284, -9.336040666842601 ], [ -63.884708488891391, -9.336040666842599 ], [ -63.884708488891391, -9.335790667573562 ] ], [ [ -63.886208485760008, -9.337040663918804 ], [ -63.886708484716223, -9.33704066391882 ], [ -63.886708484716223, -9.33779066172597 ], [ -63.886458485238116, -9.337790661725961 ], [ -63.886458485238116, -9.337290663187853 ], [ -63.886208485760008, -9.337290663187854 ], [ -63.886208485760008, -9.337040663918804 ] ], [ [ -63.886958484194324, -9.339790655878369 ], [ -63.887208483672417, -9.339790655878378 ], [ -63.887208483672417, -9.340290654416467 ], [ -63.886958484194324, -9.340290654416464 ], [ -63.886958484194324, -9.339790655878369 ] ], [ [ -63.886958484194324, -9.343540644914137 ], [ -63.886958484194324, -9.343790644183189 ], [ -63.886708484716223, -9.343790644183182 ], [ -63.886708484716223, -9.34354064491413 ], [ -63.886958484194324, -9.343540644914137 ] ], [ [ -63.887208483672417, -9.34379064418318 ], [ -63.887208483672417, -9.344040643452239 ], [ -63.886958484194324, -9.344040643452235 ], [ -63.886958484194324, -9.343790644183189 ], [ -63.887208483672417, -9.34379064418318 ] ], [ [ -63.886208485760008, -9.345790638335595 ], [ -63.886708484716223, -9.345790638335588 ], [ -63.886708484716223, -9.346040637604647 ], [ -63.886208485760008, -9.346040637604633 ], [ -63.886208485760008, -9.345790638335595 ] ], [ [ -63.888458481062948, -9.347790632488001 ], [ -63.888708480541048, -9.347790632487992 ], [ -63.888708480541048, -9.348040631757051 ], [ -63.888458481062948, -9.348040631757041 ], [ -63.888458481062948, -9.347790632488001 ] ], [ [ -63.889458478975371, -9.348290631026099 ], [ -63.889708478453457, -9.348290631026108 ], [ -63.889708478453457, -9.348540630295156 ], [ -63.889458478975371, -9.348540630295142 ], [ -63.889458478975371, -9.348290631026099 ] ], [ [ -63.888708480541048, -9.349040628833244 ], [ -63.888958480019156, -9.349040628833244 ], [ -63.888958480019156, -9.349290628102299 ], [ -63.888708480541048, -9.349290628102299 ], [ -63.888708480541048, -9.349040628833244 ] ] ], [ [ [ -63.884208489935183, -9.337790661725967 ], [ -63.884208489935183, -9.337290663187865 ], [ -63.883055958304219, -9.337290663345877 ], [ -63.883059126192698, -9.338290660285212 ], [ -63.883208492022774, -9.338290660264073 ], [ -63.883208492022774, -9.338540659533122 ], [ -63.883708490978968, -9.338540659533123 ], [ -63.883708490978968, -9.338290660264068 ], [ -63.88395849045709, -9.338290660264068 ], [ -63.88395849045709, -9.338040660995018 ], [ -63.884208489935183, -9.33804066099502 ], [ -63.884208489935183, -9.338290660264068 ], [ -63.884708488891391, -9.338290660264068 ], [ -63.884708488891391, -9.337790661725959 ], [ -63.884208489935183, -9.337790661725967 ] ] ], [ [ [ -63.891458474800181, -9.335290669035453 ], [ -63.891458474800181, -9.334790670497355 ], [ -63.891208475322095, -9.33479067049735 ], [ -63.891208475322095, -9.33529066903546 ], [ -63.891458474800181, -9.335290669035453 ] ] ], [ [ [ -63.884208489935183, -9.333290674883051 ], [ -63.884208489935183, -9.333040675613994 ], [ -63.88395849045709, -9.333040675613997 ], [ -63.88395849045709, -9.333540674152099 ], [ -63.884458489413284, -9.333540674152102 ], [ -63.884458489413284, -9.333290674883054 ], [ -63.884208489935183, -9.333290674883051 ] ] ], [ [ [ -63.885208487847599, -9.333290674883047 ], [ -63.885208487847599, -9.333040675614003 ], [ -63.884708488891391, -9.333040675614001 ], [ -63.884708488891391, -9.333290674883044 ], [ -63.885208487847599, -9.333290674883047 ] ] ], [ [ [ -63.892208473234497, -9.327040693156771 ], [ -63.892208473234497, -9.326790693887727 ], [ -63.891708474278303, -9.326790693887725 ], [ -63.891708474278303, -9.327040693156777 ], [ -63.892208473234497, -9.327040693156771 ] ] ], [ [ [ -63.89295847166882, -9.324040701928173 ], [ -63.89295847166882, -9.323790702659112 ], [ -63.892708472190712, -9.323790702659123 ], [ -63.892708472190712, -9.324040701928165 ], [ -63.89295847166882, -9.324040701928173 ] ] ], [ [ [ -63.89295847166882, -9.323040704851962 ], [ -63.89295847166882, -9.322290707044816 ], [ -63.892708472190712, -9.322290707044816 ], [ -63.892708472190712, -9.323040704851959 ], [ -63.89295847166882, -9.323040704851962 ] ] ], [ [ [ -63.874708509767245, -9.278040836422811 ], [ -63.874708509767245, -9.277790837153759 ], [ -63.874458510289138, -9.27779083715375 ], [ -63.874458510289138, -9.278040836422811 ], [ -63.874708509767245, -9.278040836422811 ] ] ], [ [ [ -63.87371613251446, -9.277880987428771 ], [ -63.873708511852776, -9.277914780074942 ], [ -63.873708511854836, -9.278040836422814 ], [ -63.87395851133293, -9.27804083642282 ], [ -63.87395851133293, -9.277790837153761 ], [ -63.873721579090059, -9.277790837158093 ], [ -63.87371613251446, -9.277880987428771 ] ] ], [ [ [ -63.87395851133293, -9.276790840077556 ], [ -63.87420851081103, -9.27679084007756 ], [ -63.87420851081103, -9.276540840808504 ], [ -63.874012522306955, -9.2765408408233 ], [ -63.873958511330876, -9.276654357869358 ], [ -63.87395851133293, -9.276790840077556 ] ] ], [ [ [ -63.885958486281908, -9.271290856158444 ], [ -63.885958486281908, -9.271040856889384 ], [ -63.885708486803814, -9.271040856889393 ], [ -63.885708486803814, -9.27129085615845 ], [ -63.885958486281908, -9.271290856158444 ] ] ], [ [ [ -63.886208485760008, -9.271040856889382 ], [ -63.886208485760008, -9.270790857620339 ], [ -63.885958486281908, -9.270790857620343 ], [ -63.885958486281908, -9.271040856889384 ], [ -63.886208485760008, -9.271040856889382 ] ] ], [ [ [ -63.887708482628632, -9.270790857620341 ], [ -63.887708482628632, -9.269540861275079 ], [ -63.886708484716223, -9.269540861275086 ], [ -63.886708484716223, -9.271040856889389 ], [ -63.886958484194324, -9.2710408568894 ], [ -63.886958484194324, -9.270790857620346 ], [ -63.887708482628632, -9.270790857620341 ] ], [ [ -63.886958484194324, -9.27029085908223 ], [ -63.887208483672417, -9.270290859082246 ], [ -63.887208483672417, -9.270540858351293 ], [ -63.886958484194324, -9.270540858351291 ], [ -63.886958484194324, -9.27029085908223 ] ] ], [ [ [ -63.885958486281908, -9.269790860544132 ], [ -63.885708486803814, -9.269790860544139 ], [ -63.885708486803814, -9.270540858351291 ], [ -63.885958486281908, -9.270540858351286 ], [ -63.885958486281908, -9.269790860544132 ] ] ], [ [ [ -63.890208477409672, -9.269290862006038 ], [ -63.889708478453457, -9.269290862006031 ], [ -63.889708478453457, -9.269540861275084 ], [ -63.890208477409672, -9.269540861275091 ], [ -63.890208477409672, -9.269290862006038 ] ] ], [ [ [ -63.887208483672417, -9.269040862736988 ], [ -63.887208483672417, -9.269290862006034 ], [ -63.887708482628632, -9.269290862006043 ], [ -63.887708482628632, -9.269540861275079 ], [ -63.887958482106733, -9.269540861275091 ], [ -63.887958482106733, -9.268790863467926 ], [ -63.887708482628632, -9.268790863467927 ], [ -63.887708482628632, -9.269040862736992 ], [ -63.887208483672417, -9.269040862736988 ] ] ], [ [ [ -63.886208485760008, -9.268290864929831 ], [ -63.886208485760008, -9.268540864198878 ], [ -63.885958486281908, -9.268540864198892 ], [ -63.885958486281908, -9.26954086127509 ], [ -63.886208485760008, -9.269540861275081 ], [ -63.886208485760008, -9.269290862006034 ], [ -63.886458485238116, -9.269290862006034 ], [ -63.886458485238116, -9.269040862736979 ], [ -63.886708484716223, -9.269040862736992 ], [ -63.886708484716223, -9.268290864929826 ], [ -63.886208485760008, -9.268290864929831 ] ] ], [ [ [ -63.88820848158484, -9.268790863467926 ], [ -63.88820848158484, -9.268540864198878 ], [ -63.887958482106733, -9.268540864198878 ], [ -63.887958482106733, -9.268790863467926 ], [ -63.88820848158484, -9.268790863467926 ] ] ], [ [ [ -63.888458481062948, -9.268540864198883 ], [ -63.888458481062948, -9.268790863467924 ], [ -63.888708480541048, -9.268790863467938 ], [ -63.888708480541048, -9.269040862736988 ], [ -63.888458481062948, -9.269040862736984 ], [ -63.888458481062948, -9.269290862006029 ], [ -63.888708480541048, -9.269290862006041 ], [ -63.888708480541048, -9.269540861275079 ], [ -63.888458481062948, -9.269540861275082 ], [ -63.888458481062948, -9.270290859082237 ], [ -63.888958480019156, -9.270290859082232 ], [ -63.888958480019156, -9.269540861275082 ], [ -63.889208479497263, -9.26954086127509 ], [ -63.889208479497263, -9.269290862006031 ], [ -63.888958480019156, -9.26929086200604 ], [ -63.888958480019156, -9.268790863467935 ], [ -63.889208479497263, -9.268790863467933 ], [ -63.889208479497263, -9.268540864198885 ], [ -63.889458478975371, -9.268540864198886 ], [ -63.889458478975371, -9.268040865660792 ], [ -63.889708478453457, -9.268040865660788 ], [ -63.889708478453457, -9.267790866391723 ], [ -63.889458478975371, -9.267790866391733 ], [ -63.889458478975371, -9.266540870046471 ], [ -63.889208479497263, -9.266540870046475 ], [ -63.889208479497263, -9.266790869315519 ], [ -63.888958480019156, -9.266790869315535 ], [ -63.888958480019156, -9.267040868584584 ], [ -63.888708480541048, -9.267040868584582 ], [ -63.888708480541048, -9.267290867853621 ], [ -63.888958480019156, -9.267290867853625 ], [ -63.888958480019156, -9.268040865660787 ], [ -63.888708480541048, -9.268040865660778 ], [ -63.888708480541048, -9.268540864198892 ], [ -63.888458481062948, -9.268540864198883 ] ] ], [ [ [ -63.881708495154143, -9.267790866391721 ], [ -63.881708495154143, -9.267290867853626 ], [ -63.88145849567605, -9.267290867853632 ], [ -63.88145849567605, -9.267790866391731 ], [ -63.881708495154143, -9.267790866391721 ] ] ], [ [ [ -63.890458476887773, -9.266040871508363 ], [ -63.890458476887773, -9.26654087004647 ], [ -63.890208477409672, -9.266540870046484 ], [ -63.890208477409672, -9.266790869315535 ], [ -63.89070847636588, -9.266790869315525 ], [ -63.89070847636588, -9.266540870046482 ], [ -63.890958475843988, -9.266540870046478 ], [ -63.890958475843988, -9.266290870777421 ], [ -63.89070847636588, -9.26629087077742 ], [ -63.89070847636588, -9.26604087150837 ], [ -63.890458476887773, -9.266040871508363 ] ] ], [ [ [ -63.886958484194324, -9.266040871508372 ], [ -63.886958484194324, -9.265540872970275 ], [ -63.886708484716223, -9.265540872970274 ], [ -63.886708484716223, -9.265790872239315 ], [ -63.886208485760008, -9.265790872239313 ], [ -63.886208485760008, -9.265540872970277 ], [ -63.885958486281908, -9.265540872970265 ], [ -63.885958486281908, -9.265290873701217 ], [ -63.885708486803814, -9.265290873701218 ], [ -63.885708486803814, -9.265790872239329 ], [ -63.885958486281908, -9.26579087223932 ], [ -63.885958486281908, -9.267040868584582 ], [ -63.886458485238116, -9.267040868584576 ], [ -63.886458485238116, -9.266790869315525 ], [ -63.886208485760008, -9.266790869315525 ], [ -63.886208485760008, -9.266290870777418 ], [ -63.886708484716223, -9.266290870777429 ], [ -63.886708484716223, -9.26604087150838 ], [ -63.886958484194324, -9.266040871508372 ] ] ], [ [ [ -63.887708482628632, -9.265540872970281 ], [ -63.887708482628632, -9.26529087370122 ], [ -63.887208483672417, -9.265290873701215 ], [ -63.887208483672417, -9.26554087297027 ], [ -63.887708482628632, -9.265540872970281 ] ] ], [ [ [ -63.893458470625028, -9.265540872970272 ], [ -63.893458470625028, -9.264790875163131 ], [ -63.89320847114692, -9.264790875163115 ], [ -63.89320847114692, -9.265290873701217 ], [ -63.89295847166882, -9.265290873701225 ], [ -63.89295847166882, -9.26554087297027 ], [ -63.893458470625028, -9.265540872970272 ] ] ], [ [ [ -63.885208487847599, -9.264540875894074 ], [ -63.885208487847599, -9.264290876625019 ], [ -63.884708488891391, -9.264290876625026 ], [ -63.884708488891391, -9.26454087589407 ], [ -63.885208487847599, -9.264540875894074 ] ] ], [ [ [ -63.891458474800181, -9.264290876625024 ], [ -63.891458474800181, -9.264040877355965 ], [ -63.891208475322095, -9.264040877355962 ], [ -63.891208475322095, -9.264290876625017 ], [ -63.891458474800181, -9.264290876625024 ] ] ], [ [ [ -63.891708474278303, -9.264040877355963 ], [ -63.891708474278303, -9.263790878086914 ], [ -63.891458474800181, -9.263790878086914 ], [ -63.891458474800181, -9.264040877355965 ], [ -63.891708474278303, -9.264040877355963 ] ] ], [ [ [ -63.886958484194324, -9.263040880279755 ], [ -63.886958484194324, -9.263540878817869 ], [ -63.886708484716223, -9.26354087881786 ], [ -63.886708484716223, -9.263790878086914 ], [ -63.886958484194324, -9.26379087808691 ], [ -63.886958484194324, -9.264040877355971 ], [ -63.887208483672417, -9.264040877355971 ], [ -63.887208483672417, -9.263290879548821 ], [ -63.887708482628632, -9.263290879548807 ], [ -63.887708482628632, -9.263040880279762 ], [ -63.886958484194324, -9.263040880279755 ] ] ], [ [ [ -63.888958480019156, -9.262790881010718 ], [ -63.888958480019156, -9.262290882472612 ], [ -63.888708480541048, -9.262290882472604 ], [ -63.888708480541048, -9.262790881010712 ], [ -63.888958480019156, -9.262790881010718 ] ] ], [ [ [ -63.888708480541048, -9.262290882472604 ], [ -63.888708480541048, -9.262040883203552 ], [ -63.888458481062948, -9.26204088320357 ], [ -63.888458481062948, -9.262290882472616 ], [ -63.888708480541048, -9.262290882472604 ] ] ], [ [ [ -63.888958480019156, -9.261290885396409 ], [ -63.888708480541048, -9.261290885396404 ], [ -63.888708480541048, -9.262040883203552 ], [ -63.888958480019156, -9.262040883203557 ], [ -63.888958480019156, -9.261290885396409 ] ] ], [ [ [ -63.890458476887773, -9.259790889782096 ], [ -63.890208477409672, -9.25979088978211 ], [ -63.890208477409672, -9.26054088758926 ], [ -63.889708478453457, -9.260540887589258 ], [ -63.889708478453457, -9.260790886858311 ], [ -63.890458476887773, -9.260790886858301 ], [ -63.890458476887773, -9.259790889782096 ] ] ] ] } }
]
}
