{
"type": "FeatureCollection",
"name": "kwazá_do_rio_são_pedro",
"crs": { "type": "name", "properties": { "name": "urn:ogc:def:crs:OGC:1.3:CRS84" } },
"features": [
{ "type": "Feature", "properties": { "DN": 1 }, "geometry": { "type": "Polygon", "coordinates": [ [ [ -61.470463528843808, -12.421031646929956 ], [ -61.470713528321909, -12.421031646929956 ], [ -61.470713528321909, -12.421281646199006 ], [ -61.471160438756115, -12.421281646199006 ], [ -61.471150894353727, -12.420281649122803 ], [ -61.470713528321909, -12.420281649122803 ], [ -61.470713528321909, -12.420531648391854 ], [ -61.469713530409493, -12.420531648391854 ], [ -61.469713530409493, -12.420781647660906 ], [ -61.469463530931392, -12.420781647660906 ], [ -61.469463530931392, -12.420531648391854 ], [ -61.468963531975184, -12.420531648391854 ], [ -61.468963531975184, -12.421031646929956 ], [ -61.466963536150352, -12.421031646929956 ], [ -61.466963536150352, -12.421484492087266 ], [ -61.470463528843808, -12.421458303735786 ], [ -61.470463528843808, -12.421031646929956 ] ] ] } },
{ "type": "Feature", "properties": { "DN": 1 }, "geometry": { "type": "Polygon", "coordinates": [ [ [ -61.46721353562846, -12.419531651315651 ], [ -61.46721353562846, -12.419781650584703 ], [ -61.466963536150352, -12.419781650584703 ], [ -61.466963536150352, -12.420281649122803 ], [ -61.46721353562846, -12.420281649122803 ], [ -61.46721353562846, -12.420531648391854 ], [ -61.467713534584668, -12.420531648391854 ], [ -61.467713534584668, -12.420781647660906 ], [ -61.468213533540876, -12.420781647660906 ], [ -61.468213533540876, -12.419781650584703 ], [ -61.468463533018976, -12.419781650584703 ], [ -61.468463533018976, -12.419531651315651 ], [ -61.46721353562846, -12.419531651315651 ] ] ] } },
{ "type": "Feature", "properties": { "DN": 1 }, "geometry": { "type": "Polygon", "coordinates": [ [ [ -61.470213529365701, -12.419781650584703 ], [ -61.470213529365701, -12.420281649122803 ], [ -61.470463528843808, -12.420281649122803 ], [ -61.470463528843808, -12.419781650584703 ], [ -61.470213529365701, -12.419781650584703 ] ] ] } },
{ "type": "Feature", "properties": { "DN": 1 }, "geometry": { "type": "Polygon", "coordinates": [ [ [ -61.469213531453292, -12.4192816520466 ], [ -61.469213531453292, -12.419531651315651 ], [ -61.469463530931392, -12.419531651315651 ], [ -61.469463530931392, -12.4192816520466 ], [ -61.469213531453292, -12.4192816520466 ] ] ] } },
{ "type": "Feature", "properties": { "DN": 1 }, "geometry": { "type": "Polygon", "coordinates": [ [ [ -61.424713624350829, -12.418281654970396 ], [ -61.424713624350829, -12.418531654239448 ], [ -61.42496362382893, -12.418531654239448 ], [ -61.42496362382893, -12.418281654970396 ], [ -61.424713624350829, -12.418281654970396 ] ] ] } },
{ "type": "Feature", "properties": { "DN": 1 }, "geometry": { "type": "Polygon", "coordinates": [ [ [ -61.466713536672252, -12.417281657894193 ], [ -61.466713536672252, -12.418031655701347 ], [ -61.466963536150352, -12.418031655701347 ], [ -61.466963536150352, -12.417281657894193 ], [ -61.466713536672252, -12.417281657894193 ] ] ] } },
{ "type": "Feature", "properties": { "DN": 1 }, "geometry": { "type": "Polygon", "coordinates": [ [ [ -61.391463693763029, -12.421031646929956 ], [ -61.391463693763029, -12.421281646199006 ], [ -61.391713693241137, -12.421281646199006 ], [ -61.391713693241137, -12.421031646929956 ], [ -61.391463693763029, -12.421031646929956 ] ] ] } },
{ "type": "Feature", "properties": { "DN": 1 }, "geometry": { "type": "Polygon", "coordinates": [ [ [ -61.35946376056576, -12.420781647660906 ], [ -61.35946376056576, -12.421031646929956 ], [ -61.35971376004386, -12.421031646929956 ], [ -61.35971376004386, -12.420781647660906 ], [ -61.35946376056576, -12.420781647660906 ] ] ] } },
{ "type": "Feature", "properties": { "DN": 1 }, "geometry": { "type": "Polygon", "coordinates": [ [ [ -61.385963705244748, -12.419531651315651 ], [ -61.385963705244748, -12.421031646929956 ], [ -61.386213704722856, -12.421031646929956 ], [ -61.386213704722856, -12.421531645468058 ], [ -61.386463704200956, -12.421531645468058 ], [ -61.386463704200956, -12.422031644006159 ], [ -61.39046369585062, -12.422031644006159 ], [ -61.39046369585062, -12.421781644737109 ], [ -61.391213694284929, -12.421781644737109 ], [ -61.391213694284929, -12.421531645468058 ], [ -61.390713695328721, -12.421531645468058 ], [ -61.390713695328721, -12.421281646199006 ], [ -61.39046369585062, -12.421281646199006 ], [ -61.39046369585062, -12.421031646929956 ], [ -61.390213696372513, -12.421031646929956 ], [ -61.390213696372513, -12.421531645468058 ], [ -61.389213698460097, -12.421531645468058 ], [ -61.389213698460097, -12.421781644737109 ], [ -61.388713699503896, -12.421781644737109 ], [ -61.388713699503896, -12.421281646199006 ], [ -61.388963698981996, -12.421281646199006 ], [ -61.388963698981996, -12.421031646929956 ], [ -61.388463700025788, -12.421031646929956 ], [ -61.388463700025788, -12.421281646199006 ], [ -61.38796370106958, -12.421281646199006 ], [ -61.38796370106958, -12.421531645468058 ], [ -61.38771370159148, -12.421531645468058 ], [ -61.38771370159148, -12.421281646199006 ], [ -61.387213702635272, -12.421281646199006 ], [ -61.387213702635272, -12.421031646929956 ], [ -61.38771370159148, -12.421031646929956 ], [ -61.38771370159148, -12.420531648391854 ], [ -61.387213702635272, -12.420531648391854 ], [ -61.387213702635272, -12.420781647660906 ], [ -61.386213704722856, -12.420781647660906 ], [ -61.386213704722856, -12.420531648391854 ], [ -61.386463704200956, -12.420531648391854 ], [ -61.386463704200956, -12.419781650584703 ], [ -61.386213704722856, -12.419781650584703 ], [ -61.386213704722856, -12.419531651315651 ], [ -61.385963705244748, -12.419531651315651 ] ] ] } },
{ "type": "Feature", "properties": { "DN": 1 }, "geometry": { "type": "Polygon", "coordinates": [ [ [ -61.361213756912484, -12.420531648391854 ], [ -61.361213756912484, -12.420781647660906 ], [ -61.361463756390584, -12.420781647660906 ], [ -61.361463756390584, -12.420531648391854 ], [ -61.361213756912484, -12.420531648391854 ] ] ] } },
{ "type": "Feature", "properties": { "DN": 1 }, "geometry": { "type": "Polygon", "coordinates": [ [ [ -61.362713753781108, -12.420531648391854 ], [ -61.362713753781108, -12.420781647660906 ], [ -61.362963753259208, -12.420781647660906 ], [ -61.362963753259208, -12.420531648391854 ], [ -61.362713753781108, -12.420531648391854 ] ] ] } },
{ "type": "Feature", "properties": { "DN": 1 }, "geometry": { "type": "Polygon", "coordinates": [ [ [ -61.403963667668222, -12.419781650584703 ], [ -61.403963667668222, -12.420531648391854 ], [ -61.404213667146323, -12.420531648391854 ], [ -61.404213667146323, -12.419781650584703 ], [ -61.403963667668222, -12.419781650584703 ] ] ] } },
{ "type": "Feature", "properties": { "DN": 1 }, "geometry": { "type": "Polygon", "coordinates": [ [ [ -61.363463752215416, -12.419781650584703 ], [ -61.363463752215416, -12.420281649122803 ], [ -61.363713751693524, -12.420281649122803 ], [ -61.363713751693524, -12.419781650584703 ], [ -61.363463752215416, -12.419781650584703 ] ] ] } },
{ "type": "Feature", "properties": { "DN": 1 }, "geometry": { "type": "Polygon", "coordinates": [ [ [ -61.389213698460097, -12.419531651315651 ], [ -61.389213698460097, -12.419781650584703 ], [ -61.388963698981996, -12.419781650584703 ], [ -61.388963698981996, -12.420281649122803 ], [ -61.389463697938204, -12.420281649122803 ], [ -61.389463697938204, -12.419781650584703 ], [ -61.389713697416305, -12.419781650584703 ], [ -61.389713697416305, -12.419531651315651 ], [ -61.389213698460097, -12.419531651315651 ] ] ] } },
{ "type": "Feature", "properties": { "DN": 1 }, "geometry": { "type": "Polygon", "coordinates": [ [ [ -61.388463700025788, -12.419531651315651 ], [ -61.388463700025788, -12.419781650584703 ], [ -61.388963698981996, -12.419781650584703 ], [ -61.388963698981996, -12.419531651315651 ], [ -61.388463700025788, -12.419531651315651 ] ] ] } },
{ "type": "Feature", "properties": { "DN": 1 }, "geometry": { "type": "Polygon", "coordinates": [ [ [ -61.363713751693524, -12.419531651315651 ], [ -61.363713751693524, -12.419781650584703 ], [ -61.363963751171624, -12.419781650584703 ], [ -61.363963751171624, -12.419531651315651 ], [ -61.363713751693524, -12.419531651315651 ] ] ] } },
{ "type": "Feature", "properties": { "DN": 1 }, "geometry": { "type": "Polygon", "coordinates": [ [ [ -61.368713741255597, -12.4192816520466 ], [ -61.368713741255597, -12.419531651315651 ], [ -61.369213740211805, -12.419531651315651 ], [ -61.369213740211805, -12.4192816520466 ], [ -61.368713741255597, -12.4192816520466 ] ] ] } },
{ "type": "Feature", "properties": { "DN": 1 }, "geometry": { "type": "Polygon", "coordinates": [ [ [ -61.385713705766648, -12.4192816520466 ], [ -61.385713705766648, -12.419531651315651 ], [ -61.385963705244748, -12.419531651315651 ], [ -61.385963705244748, -12.4192816520466 ], [ -61.385713705766648, -12.4192816520466 ] ] ] } },
{ "type": "Feature", "properties": { "DN": 1 }, "geometry": { "type": "Polygon", "coordinates": [ [ [ -61.367213744386973, -12.4192816520466 ], [ -61.367213744386973, -12.419531651315651 ], [ -61.368213742299389, -12.419531651315651 ], [ -61.368213742299389, -12.4192816520466 ], [ -61.367213744386973, -12.4192816520466 ] ] ] } },
{ "type": "Feature", "properties": { "DN": 1 }, "geometry": { "type": "Polygon", "coordinates": [ [ [ -61.364213750649725, -12.418781653508498 ], [ -61.364213750649725, -12.41903165277755 ], [ -61.363713751693524, -12.41903165277755 ], [ -61.363713751693524, -12.4192816520466 ], [ -61.363963751171624, -12.4192816520466 ], [ -61.363963751171624, -12.419531651315651 ], [ -61.365213748562141, -12.419531651315651 ], [ -61.365213748562141, -12.4192816520466 ], [ -61.364713749605933, -12.4192816520466 ], [ -61.364713749605933, -12.41903165277755 ], [ -61.364463750127832, -12.41903165277755 ], [ -61.364463750127832, -12.418781653508498 ], [ -61.364213750649725, -12.418781653508498 ] ] ] } },
{ "type": "Feature", "properties": { "DN": 1 }, "geometry": { "type": "Polygon", "coordinates": [ [ [ -61.357963763697136, -12.41903165277755 ], [ -61.357963763697136, -12.4192816520466 ], [ -61.358463762653344, -12.4192816520466 ], [ -61.358463762653344, -12.41903165277755 ], [ -61.357963763697136, -12.41903165277755 ] ] ] } },
{ "type": "Feature", "properties": { "DN": 1 }, "geometry": { "type": "Polygon", "coordinates": [ [ [ -61.356463766828512, -12.41903165277755 ], [ -61.356463766828512, -12.418781653508498 ], [ -61.356713766306619, -12.418781653508498 ], [ -61.356713766306619, -12.418281654970396 ], [ -61.356463766828512, -12.418281654970396 ], [ -61.356463766828512, -12.418531654239448 ], [ -61.356329464769495, -12.418531654239448 ], [ -61.356225305044411, -12.41903165277755 ], [ -61.356463766828512, -12.41903165277755 ] ] ] } },
{ "type": "Feature", "properties": { "DN": 1 }, "geometry": { "type": "Polygon", "coordinates": [ [ [ -61.35696376578472, -12.418281654970396 ], [ -61.35696376578472, -12.418531654239448 ], [ -61.357213765262827, -12.418531654239448 ], [ -61.357213765262827, -12.418281654970396 ], [ -61.35696376578472, -12.418281654970396 ] ] ] } },
{ "type": "Feature", "properties": { "DN": 1 }, "geometry": { "type": "Polygon", "coordinates": [ [ [ -61.376963724033018, -12.417031658625142 ], [ -61.376963724033018, -12.417281657894193 ], [ -61.376713724554911, -12.417281657894193 ], [ -61.376713724554911, -12.417781656432295 ], [ -61.376963724033018, -12.417781656432295 ], [ -61.376963724033018, -12.418031655701347 ], [ -61.377713722467327, -12.418031655701347 ], [ -61.377713722467327, -12.417281657894193 ], [ -61.377213723511119, -12.417281657894193 ], [ -61.377213723511119, -12.417031658625142 ], [ -61.376963724033018, -12.417031658625142 ] ] ] } },
{ "type": "Feature", "properties": { "DN": 1 }, "geometry": { "type": "Polygon", "coordinates": [ [ [ -61.378213721423535, -12.41628166081799 ], [ -61.378213721423535, -12.416781659356092 ], [ -61.378463720901642, -12.416781659356092 ], [ -61.378463720901642, -12.41628166081799 ], [ -61.378213721423535, -12.41628166081799 ] ] ] } },
{ "type": "Feature", "properties": { "DN": 1 }, "geometry": { "type": "Polygon", "coordinates": [ [ [ -61.366963744908873, -12.416031661548939 ], [ -61.366963744908873, -12.41628166081799 ], [ -61.367213744386973, -12.41628166081799 ], [ -61.367213744386973, -12.416031661548939 ], [ -61.366963744908873, -12.416031661548939 ] ] ] } },
{ "type": "Feature", "properties": { "DN": 1 }, "geometry": { "type": "Polygon", "coordinates": [ [ [ -61.375213727686294, -12.415781662279889 ], [ -61.375213727686294, -12.41628166081799 ], [ -61.375463727164394, -12.41628166081799 ], [ -61.375463727164394, -12.415781662279889 ], [ -61.375213727686294, -12.415781662279889 ] ] ] } },
{ "type": "Feature", "properties": { "DN": 1 }, "geometry": { "type": "Polygon", "coordinates": [ [ [ -61.383463710463715, -12.415531663010837 ], [ -61.383463710463715, -12.416031661548939 ], [ -61.383713709941816, -12.416031661548939 ], [ -61.383713709941816, -12.415531663010837 ], [ -61.383463710463715, -12.415531663010837 ] ] ] } },
{ "type": "Feature", "properties": { "DN": 1 }, "geometry": { "type": "Polygon", "coordinates": [ [ [ -61.368463741777489, -12.415281663741787 ], [ -61.368463741777489, -12.416031661548939 ], [ -61.368713741255597, -12.416031661548939 ], [ -61.368713741255597, -12.415281663741787 ], [ -61.368463741777489, -12.415281663741787 ] ] ] } },
{ "type": "Feature", "properties": { "DN": 1 }, "geometry": { "type": "Polygon", "coordinates": [ [ [ -61.379463718814051, -12.415531663010837 ], [ -61.379463718814051, -12.415781662279889 ], [ -61.379713718292159, -12.415781662279889 ], [ -61.379713718292159, -12.415531663010837 ], [ -61.379463718814051, -12.415531663010837 ] ] ] } },
{ "type": "Feature", "properties": { "DN": 1 }, "geometry": { "type": "Polygon", "coordinates": [ [ [ -61.375463727164394, -12.415531663010837 ], [ -61.375463727164394, -12.415781662279889 ], [ -61.375713726642502, -12.415781662279889 ], [ -61.375713726642502, -12.415531663010837 ], [ -61.375463727164394, -12.415531663010837 ] ] ] } },
{ "type": "Feature", "properties": { "DN": 1 }, "geometry": { "type": "Polygon", "coordinates": [ [ [ -61.359213761087652, -12.414781665203686 ], [ -61.359213761087652, -12.415281663741787 ], [ -61.35946376056576, -12.415281663741787 ], [ -61.35946376056576, -12.414781665203686 ], [ -61.359213761087652, -12.414781665203686 ] ] ] } },
{ "type": "Feature", "properties": { "DN": 1 }, "geometry": { "type": "Polygon", "coordinates": [ [ [ -61.372713732905254, -12.414031667396532 ], [ -61.372713732905254, -12.414281666665584 ], [ -61.371713734992838, -12.414281666665584 ], [ -61.371713734992838, -12.414531665934634 ], [ -61.372713732905254, -12.414531665934634 ], [ -61.372713732905254, -12.415531663010837 ], [ -61.372963732383354, -12.415531663010837 ], [ -61.372963732383354, -12.415281663741787 ], [ -61.373213731861462, -12.415281663741787 ], [ -61.373213731861462, -12.414531665934634 ], [ -61.373463731339569, -12.414531665934634 ], [ -61.373463731339569, -12.414031667396532 ], [ -61.372713732905254, -12.414031667396532 ] ] ] } },
{ "type": "Feature", "properties": { "DN": 1 }, "geometry": { "type": "Polygon", "coordinates": [ [ [ -61.363713751693524, -12.414531665934634 ], [ -61.363713751693524, -12.414781665203686 ], [ -61.363963751171624, -12.414781665203686 ], [ -61.363963751171624, -12.414531665934634 ], [ -61.363713751693524, -12.414531665934634 ] ] ] } },
{ "type": "Feature", "properties": { "DN": 1 }, "geometry": { "type": "Polygon", "coordinates": [ [ [ -61.39921367758425, -12.413781668127482 ], [ -61.39921367758425, -12.414031667396532 ], [ -61.39946367706235, -12.414031667396532 ], [ -61.39946367706235, -12.413781668127482 ], [ -61.39921367758425, -12.413781668127482 ] ] ] } },
{ "type": "Feature", "properties": { "DN": 1 }, "geometry": { "type": "Polygon", "coordinates": [ [ [ -61.406213662971155, -12.413531668858431 ], [ -61.406213662971155, -12.414031667396532 ], [ -61.406463662449255, -12.414031667396532 ], [ -61.406463662449255, -12.413531668858431 ], [ -61.406213662971155, -12.413531668858431 ] ] ] } },
{ "type": "Feature", "properties": { "DN": 1 }, "geometry": { "type": "Polygon", "coordinates": [ [ [ -61.361963755346792, -12.413281669589381 ], [ -61.361963755346792, -12.413781668127482 ], [ -61.361713755868692, -12.413781668127482 ], [ -61.361713755868692, -12.414031667396532 ], [ -61.3622137548249, -12.414031667396532 ], [ -61.3622137548249, -12.413531668858431 ], [ -61.362713753781108, -12.413531668858431 ], [ -61.362713753781108, -12.413281669589381 ], [ -61.361963755346792, -12.413281669589381 ] ] ] } },
{ "type": "Feature", "properties": { "DN": 1 }, "geometry": { "type": "Polygon", "coordinates": [ [ [ -61.401713672365283, -12.413281669589381 ], [ -61.401713672365283, -12.413531668858431 ], [ -61.401463672887182, -12.413531668858431 ], [ -61.401463672887182, -12.413281669589381 ], [ -61.401213673409075, -12.413281669589381 ], [ -61.401213673409075, -12.413531668858431 ], [ -61.400963673930974, -12.413531668858431 ], [ -61.400963673930974, -12.413781668127482 ], [ -61.40196367184339, -12.413781668127482 ], [ -61.40196367184339, -12.413281669589381 ], [ -61.401713672365283, -12.413281669589381 ] ] ] } },
{ "type": "Feature", "properties": { "DN": 1 }, "geometry": { "type": "Polygon", "coordinates": [ [ [ -61.397713680715626, -12.413281669589381 ], [ -61.397713680715626, -12.413531668858431 ], [ -61.397213681759418, -12.413531668858431 ], [ -61.397213681759418, -12.413781668127482 ], [ -61.398463679149934, -12.413781668127482 ], [ -61.398463679149934, -12.413531668858431 ], [ -61.397963680193726, -12.413531668858431 ], [ -61.397963680193726, -12.413281669589381 ], [ -61.397713680715626, -12.413281669589381 ] ] ] } },
{ "type": "Feature", "properties": { "DN": 1 }, "geometry": { "type": "Polygon", "coordinates": [ [ [ -61.398963678106142, -12.413281669589381 ], [ -61.398963678106142, -12.413781668127482 ], [ -61.39921367758425, -12.413781668127482 ], [ -61.39921367758425, -12.413281669589381 ], [ -61.398963678106142, -12.413281669589381 ] ] ] } },
{ "type": "Feature", "properties": { "DN": 1 }, "geometry": { "type": "Polygon", "coordinates": [ [ [ -61.405963663493047, -12.413031670320329 ], [ -61.405963663493047, -12.413531668858431 ], [ -61.406213662971155, -12.413531668858431 ], [ -61.406213662971155, -12.413031670320329 ], [ -61.405963663493047, -12.413031670320329 ] ] ] } },
{ "type": "Feature", "properties": { "DN": 1 }, "geometry": { "type": "Polygon", "coordinates": [ [ [ -61.384213708898024, -12.413031670320329 ], [ -61.384213708898024, -12.413531668858431 ], [ -61.384463708376131, -12.413531668858431 ], [ -61.384463708376131, -12.413031670320329 ], [ -61.384213708898024, -12.413031670320329 ] ] ] } },
{ "type": "Feature", "properties": { "DN": 1 }, "geometry": { "type": "Polygon", "coordinates": [ [ [ -61.400463674974766, -12.412781671051277 ], [ -61.400463674974766, -12.413281669589381 ], [ -61.399713676540458, -12.413281669589381 ], [ -61.399713676540458, -12.413531668858431 ], [ -61.400963673930974, -12.413531668858431 ], [ -61.400963673930974, -12.413281669589381 ], [ -61.400713674452874, -12.413281669589381 ], [ -61.400713674452874, -12.412781671051277 ], [ -61.400463674974766, -12.412781671051277 ] ] ] } },
{ "type": "Feature", "properties": { "DN": 1 }, "geometry": { "type": "Polygon", "coordinates": [ [ [ -61.400963673930974, -12.412781671051277 ], [ -61.400963673930974, -12.413281669589381 ], [ -61.401213673409075, -12.413281669589381 ], [ -61.401213673409075, -12.412781671051277 ], [ -61.400963673930974, -12.412781671051277 ] ] ] } },
{ "type": "Feature", "properties": { "DN": 1 }, "geometry": { "type": "Polygon", "coordinates": [ [ [ -61.400213675496666, -12.412531671782228 ], [ -61.400213675496666, -12.412781671051277 ], [ -61.400463674974766, -12.412781671051277 ], [ -61.400463674974766, -12.412531671782228 ], [ -61.400213675496666, -12.412531671782228 ] ] ] } },
{ "type": "Feature", "properties": { "DN": 1 }, "geometry": { "type": "Polygon", "coordinates": [ [ [ -61.39946367706235, -12.411781673975074 ], [ -61.39946367706235, -12.412281672513178 ], [ -61.399963676018558, -12.412281672513178 ], [ -61.399963676018558, -12.412031673244126 ], [ -61.399713676540458, -12.412031673244126 ], [ -61.399713676540458, -12.411781673975074 ], [ -61.39946367706235, -12.411781673975074 ] ] ] } },
{ "type": "Feature", "properties": { "DN": 1 }, "geometry": { "type": "Polygon", "coordinates": [ [ [ -61.382963711507507, -12.413031670320329 ], [ -61.383463710463715, -12.413031670320329 ], [ -61.383463710463715, -12.412281672513178 ], [ -61.383713709941816, -12.412281672513178 ], [ -61.383713709941816, -12.413031670320329 ], [ -61.384213708898024, -12.413031670320329 ], [ -61.384213708898024, -12.412781671051277 ], [ -61.384463708376131, -12.412781671051277 ], [ -61.384463708376131, -12.411531674706024 ], [ -61.383713709941816, -12.411531674706024 ], [ -61.383713709941816, -12.411281675436973 ], [ -61.383463710463715, -12.411281675436973 ], [ -61.383463710463715, -12.411531674706024 ], [ -61.382213713073199, -12.411531674706024 ], [ -61.382213713073199, -12.411781673975074 ], [ -61.3827137120294, -12.411781673975074 ], [ -61.3827137120294, -12.412281672513178 ], [ -61.381963713595091, -12.412281672513178 ], [ -61.381963713595091, -12.412031673244126 ], [ -61.381713714116991, -12.412031673244126 ], [ -61.381713714116991, -12.411781673975074 ], [ -61.381963713595091, -12.411781673975074 ], [ -61.381963713595091, -12.411531674706024 ], [ -61.381463714638883, -12.411531674706024 ], [ -61.381463714638883, -12.410781676898871 ], [ -61.382213713073199, -12.410781676898871 ], [ -61.382213713073199, -12.410531677629821 ], [ -61.382963711507507, -12.410531677629821 ], [ -61.382963711507507, -12.41028167836077 ], [ -61.3827137120294, -12.41028167836077 ], [ -61.3827137120294, -12.409781679822668 ], [ -61.381963713595091, -12.409781679822668 ], [ -61.381963713595091, -12.409281681284567 ], [ -61.382213713073199, -12.409281681284567 ], [ -61.382213713073199, -12.409531680553616 ], [ -61.382963711507507, -12.409531680553616 ], [ -61.382963711507507, -12.409281681284567 ], [ -61.383463710463715, -12.409281681284567 ], [ -61.383463710463715, -12.408781682746465 ], [ -61.383213710985608, -12.408781682746465 ], [ -61.383213710985608, -12.408531683477413 ], [ -61.383463710463715, -12.408531683477413 ], [ -61.383463710463715, -12.408281684208363 ], [ -61.3827137120294, -12.408281684208363 ], [ -61.3827137120294, -12.409031682015517 ], [ -61.382463712551299, -12.409031682015517 ], [ -61.382463712551299, -12.408781682746465 ], [ -61.381713714116991, -12.408781682746465 ], [ -61.381713714116991, -12.408531683477413 ], [ -61.382463712551299, -12.408531683477413 ], [ -61.382463712551299, -12.408281684208363 ], [ -61.381213715160783, -12.408281684208363 ], [ -61.381213715160783, -12.409031682015517 ], [ -61.380963715682675, -12.409031682015517 ], [ -61.380963715682675, -12.409281681284567 ], [ -61.380713716204575, -12.409281681284567 ], [ -61.380713716204575, -12.409031682015517 ], [ -61.380463716726467, -12.409031682015517 ], [ -61.380463716726467, -12.411531674706024 ], [ -61.380213717248367, -12.411531674706024 ], [ -61.380213717248367, -12.411031676167923 ], [ -61.378463720901642, -12.411031676167923 ], [ -61.378463720901642, -12.411281675436973 ], [ -61.378213721423535, -12.411281675436973 ], [ -61.378213721423535, -12.412031673244126 ], [ -61.377713722467327, -12.412031673244126 ], [ -61.377713722467327, -12.411781673975074 ], [ -61.377213723511119, -12.411781673975074 ], [ -61.377213723511119, -12.413031670320329 ], [ -61.376963724033018, -12.413031670320329 ], [ -61.376963724033018, -12.413781668127482 ], [ -61.376213725598703, -12.413781668127482 ], [ -61.376213725598703, -12.414031667396532 ], [ -61.375963726120602, -12.414031667396532 ], [ -61.375963726120602, -12.414281666665584 ], [ -61.375463727164394, -12.414281666665584 ], [ -61.375463727164394, -12.414781665203686 ], [ -61.375213727686294, -12.414781665203686 ], [ -61.375213727686294, -12.415281663741787 ], [ -61.374713728730086, -12.415281663741787 ], [ -61.374713728730086, -12.415781662279889 ], [ -61.375213727686294, -12.415781662279889 ], [ -61.375213727686294, -12.415531663010837 ], [ -61.375463727164394, -12.415531663010837 ], [ -61.375463727164394, -12.415281663741787 ], [ -61.375713726642502, -12.415281663741787 ], [ -61.375713726642502, -12.415531663010837 ], [ -61.376213725598703, -12.415531663010837 ], [ -61.376213725598703, -12.415781662279889 ], [ -61.37646372507681, -12.415781662279889 ], [ -61.37646372507681, -12.415531663010837 ], [ -61.376713724554911, -12.415531663010837 ], [ -61.376713724554911, -12.415281663741787 ], [ -61.377213723511119, -12.415281663741787 ], [ -61.377213723511119, -12.415531663010837 ], [ -61.377713722467327, -12.415531663010837 ], [ -61.377713722467327, -12.415781662279889 ], [ -61.377963721945434, -12.415781662279889 ], [ -61.377963721945434, -12.415281663741787 ], [ -61.378213721423535, -12.415281663741787 ], [ -61.378213721423535, -12.414781665203686 ], [ -61.378463720901642, -12.414781665203686 ], [ -61.378463720901642, -12.414281666665584 ], [ -61.377963721945434, -12.414281666665584 ], [ -61.377963721945434, -12.414031667396532 ], [ -61.377713722467327, -12.414031667396532 ], [ -61.377713722467327, -12.413531668858431 ], [ -61.378213721423535, -12.413531668858431 ], [ -61.378213721423535, -12.413781668127482 ], [ -61.378463720901642, -12.413781668127482 ], [ -61.378463720901642, -12.414031667396532 ], [ -61.378713720379743, -12.414031667396532 ], [ -61.378713720379743, -12.414281666665584 ], [ -61.37896371985785, -12.414281666665584 ], [ -61.37896371985785, -12.414531665934634 ], [ -61.379213719335951, -12.414531665934634 ], [ -61.379213719335951, -12.415281663741787 ], [ -61.379463718814051, -12.415281663741787 ], [ -61.379463718814051, -12.414781665203686 ], [ -61.379713718292159, -12.414781665203686 ], [ -61.379713718292159, -12.414531665934634 ], [ -61.379463718814051, -12.414531665934634 ], [ -61.379463718814051, -12.413781668127482 ], [ -61.379213719335951, -12.413781668127482 ], [ -61.379213719335951, -12.413531668858431 ], [ -61.37896371985785, -12.413531668858431 ], [ -61.37896371985785, -12.413031670320329 ], [ -61.378463720901642, -12.413031670320329 ], [ -61.378463720901642, -12.412781671051277 ], [ -61.378213721423535, -12.412781671051277 ], [ -61.378213721423535, -12.412281672513178 ], [ -61.378463720901642, -12.412281672513178 ], [ -61.378463720901642, -12.412031673244126 ], [ -61.378713720379743, -12.412031673244126 ], [ -61.378713720379743, -12.411781673975074 ], [ -61.379463718814051, -12.411781673975074 ], [ -61.379463718814051, -12.412031673244126 ], [ -61.379713718292159, -12.412031673244126 ], [ -61.379713718292159, -12.412281672513178 ], [ -61.380213717248367, -12.412281672513178 ], [ -61.380213717248367, -12.412781671051277 ], [ -61.380463716726467, -12.412781671051277 ], [ -61.380463716726467, -12.413531668858431 ], [ -61.380213717248367, -12.413531668858431 ], [ -61.380213717248367, -12.414031667396532 ], [ -61.379713718292159, -12.414031667396532 ], [ -61.379713718292159, -12.414281666665584 ], [ -61.380713716204575, -12.414281666665584 ], [ -61.380713716204575, -12.414531665934634 ], [ -61.380963715682675, -12.414531665934634 ], [ -61.380963715682675, -12.415281663741787 ], [ -61.380713716204575, -12.415281663741787 ], [ -61.380713716204575, -12.415781662279889 ], [ -61.381463714638883, -12.415781662279889 ], [ -61.381463714638883, -12.415281663741787 ], [ -61.381213715160783, -12.415281663741787 ], [ -61.381213715160783, -12.414531665934634 ], [ -61.381463714638883, -12.414531665934634 ], [ -61.381463714638883, -12.413531668858431 ], [ -61.381213715160783, -12.413531668858431 ], [ -61.381213715160783, -12.413281669589381 ], [ -61.380963715682675, -12.413281669589381 ], [ -61.380963715682675, -12.412281672513178 ], [ -61.380713716204575, -12.412281672513178 ], [ -61.380713716204575, -12.411781673975074 ], [ -61.381213715160783, -12.411781673975074 ], [ -61.381213715160783, -12.412031673244126 ], [ -61.381463714638883, -12.412031673244126 ], [ -61.381463714638883, -12.412281672513178 ], [ -61.381713714116991, -12.412281672513178 ], [ -61.381713714116991, -12.412781671051277 ], [ -61.381963713595091, -12.412781671051277 ], [ -61.381963713595091, -12.413031670320329 ], [ -61.381463714638883, -12.413031670320329 ], [ -61.381463714638883, -12.413281669589381 ], [ -61.381963713595091, -12.413281669589381 ], [ -61.381963713595091, -12.414031667396532 ], [ -61.3827137120294, -12.414031667396532 ], [ -61.3827137120294, -12.413781668127482 ], [ -61.382213713073199, -12.413781668127482 ], [ -61.382213713073199, -12.413531668858431 ], [ -61.382963711507507, -12.413531668858431 ], [ -61.382963711507507, -12.413281669589381 ], [ -61.3827137120294, -12.413281669589381 ], [ -61.3827137120294, -12.412781671051277 ], [ -61.382963711507507, -12.412781671051277 ], [ -61.382963711507507, -12.413031670320329 ] ], [ [ -61.380713716204575, -12.413531668858431 ], [ -61.380713716204575, -12.413781668127482 ], [ -61.380463716726467, -12.413781668127482 ], [ -61.380463716726467, -12.413531668858431 ], [ -61.380713716204575, -12.413531668858431 ] ], [ [ -61.382963711507507, -12.412281672513178 ], [ -61.383213710985608, -12.412281672513178 ], [ -61.383213710985608, -12.412781671051277 ], [ -61.382963711507507, -12.412781671051277 ], [ -61.382963711507507, -12.412281672513178 ] ], [ [ -61.376713724554911, -12.414781665203686 ], [ -61.37646372507681, -12.414781665203686 ], [ -61.37646372507681, -12.414531665934634 ], [ -61.376713724554911, -12.414531665934634 ], [ -61.376713724554911, -12.414781665203686 ] ] ] } },
{ "type": "Feature", "properties": { "DN": 1 }, "geometry": { "type": "Polygon", "coordinates": [ [ [ -61.361713755868692, -12.411531674706024 ], [ -61.361713755868692, -12.411781673975074 ], [ -61.361963755346792, -12.411781673975074 ], [ -61.361963755346792, -12.411531674706024 ], [ -61.361713755868692, -12.411531674706024 ] ] ] } },
{ "type": "Feature", "properties": { "DN": 1 }, "geometry": { "type": "Polygon", "coordinates": [ [ [ -61.366713745430765, -12.411281675436973 ], [ -61.366713745430765, -12.411781673975074 ], [ -61.367213744386973, -12.411781673975074 ], [ -61.367213744386973, -12.411281675436973 ], [ -61.366713745430765, -12.411281675436973 ] ] ] } },
{ "type": "Feature", "properties": { "DN": 1 }, "geometry": { "type": "Polygon", "coordinates": [ [ [ -61.405463664536839, -12.411281675436973 ], [ -61.405463664536839, -12.411531674706024 ], [ -61.405713664014947, -12.411531674706024 ], [ -61.405713664014947, -12.411281675436973 ], [ -61.405463664536839, -12.411281675436973 ] ] ] } },
{ "type": "Feature", "properties": { "DN": 1 }, "geometry": { "type": "Polygon", "coordinates": [ [ [ -61.361213756912484, -12.411281675436973 ], [ -61.361213756912484, -12.411531674706024 ], [ -61.361463756390584, -12.411531674706024 ], [ -61.361463756390584, -12.411281675436973 ], [ -61.361213756912484, -12.411281675436973 ] ] ] } },
{ "type": "Feature", "properties": { "DN": 1 }, "geometry": { "type": "Polygon", "coordinates": [ [ [ -61.37121373603663, -12.411281675436973 ], [ -61.37121373603663, -12.411531674706024 ], [ -61.371463735514737, -12.411531674706024 ], [ -61.371463735514737, -12.411281675436973 ], [ -61.37121373603663, -12.411281675436973 ] ] ] } },
{ "type": "Feature", "properties": { "DN": 1 }, "geometry": { "type": "Polygon", "coordinates": [ [ [ -61.407213660883571, -12.411031676167923 ], [ -61.407213660883571, -12.411281675436973 ], [ -61.407713659839771, -12.411281675436973 ], [ -61.407713659839771, -12.411031676167923 ], [ -61.407213660883571, -12.411031676167923 ] ] ] } },
{ "type": "Feature", "properties": { "DN": 1 }, "geometry": { "type": "Polygon", "coordinates": [ [ [ -61.371963734470945, -12.411031676167923 ], [ -61.371963734470945, -12.411281675436973 ], [ -61.372213733949046, -12.411281675436973 ], [ -61.372213733949046, -12.411031676167923 ], [ -61.371963734470945, -12.411031676167923 ] ] ] } },
{ "type": "Feature", "properties": { "DN": 1 }, "geometry": { "type": "Polygon", "coordinates": [ [ [ -61.404713666102531, -12.410781676898871 ], [ -61.404713666102531, -12.411031676167923 ], [ -61.405213665058739, -12.411031676167923 ], [ -61.405213665058739, -12.410781676898871 ], [ -61.404713666102531, -12.410781676898871 ] ] ] } },
{ "type": "Feature", "properties": { "DN": 1 }, "geometry": { "type": "Polygon", "coordinates": [ [ [ -61.362963753259208, -12.403031699558296 ], [ -61.362963753259208, -12.403281698827346 ], [ -61.363713751693524, -12.403281698827346 ], [ -61.363713751693524, -12.403031699558296 ], [ -61.362963753259208, -12.403031699558296 ] ] ] } },
{ "type": "Feature", "properties": { "DN": 1 }, "geometry": { "type": "Polygon", "coordinates": [ [ [ -61.369213740211805, -12.402781700289244 ], [ -61.369213740211805, -12.403281698827346 ], [ -61.369713739168006, -12.403281698827346 ], [ -61.369713739168006, -12.403031699558296 ], [ -61.369463739689905, -12.403031699558296 ], [ -61.369463739689905, -12.402781700289244 ], [ -61.369213740211805, -12.402781700289244 ] ] ] } },
{ "type": "Feature", "properties": { "DN": 1 }, "geometry": { "type": "Polygon", "coordinates": [ [ [ -61.408213658795979, -12.402781700289244 ], [ -61.408213658795979, -12.403031699558296 ], [ -61.408463658274087, -12.403031699558296 ], [ -61.408463658274087, -12.402781700289244 ], [ -61.408213658795979, -12.402781700289244 ] ] ] } },
{ "type": "Feature", "properties": { "DN": 1 }, "geometry": { "type": "Polygon", "coordinates": [ [ [ -61.366213746474557, -12.402281701751143 ], [ -61.366213746474557, -12.402781700289244 ], [ -61.366463745952665, -12.402781700289244 ], [ -61.366463745952665, -12.402281701751143 ], [ -61.366213746474557, -12.402281701751143 ] ] ] } },
{ "type": "Feature", "properties": { "DN": 1 }, "geometry": { "type": "Polygon", "coordinates": [ [ [ -61.363213752737316, -12.402281701751143 ], [ -61.363213752737316, -12.402781700289244 ], [ -61.363463752215416, -12.402781700289244 ], [ -61.363463752215416, -12.402281701751143 ], [ -61.363213752737316, -12.402281701751143 ] ] ] } },
{ "type": "Feature", "properties": { "DN": 1 }, "geometry": { "type": "Polygon", "coordinates": [ [ [ -61.39921367758425, -12.402031702482093 ], [ -61.39921367758425, -12.402281701751143 ], [ -61.398963678106142, -12.402281701751143 ], [ -61.398963678106142, -12.402781700289244 ], [ -61.399713676540458, -12.402781700289244 ], [ -61.399713676540458, -12.402281701751143 ], [ -61.39946367706235, -12.402281701751143 ], [ -61.39946367706235, -12.402031702482093 ], [ -61.39921367758425, -12.402031702482093 ] ] ] } },
{ "type": "Feature", "properties": { "DN": 1 }, "geometry": { "type": "Polygon", "coordinates": [ [ [ -61.397713680715626, -12.401781703213041 ], [ -61.397713680715626, -12.402281701751143 ], [ -61.397963680193726, -12.402281701751143 ], [ -61.397963680193726, -12.401781703213041 ], [ -61.397713680715626, -12.401781703213041 ] ] ] } },
{ "type": "Feature", "properties": { "DN": 1 }, "geometry": { "type": "Polygon", "coordinates": [ [ [ -61.344213792401433, -12.401781703213041 ], [ -61.344213792401433, -12.402031702482093 ], [ -61.344463791879534, -12.402031702482093 ], [ -61.344463791879534, -12.401781703213041 ], [ -61.344213792401433, -12.401781703213041 ] ] ] } },
{ "type": "Feature", "properties": { "DN": 1 }, "geometry": { "type": "Polygon", "coordinates": [ [ [ -61.398963678106142, -12.401531703943991 ], [ -61.398963678106142, -12.401781703213041 ], [ -61.39946367706235, -12.401781703213041 ], [ -61.39946367706235, -12.401531703943991 ], [ -61.398963678106142, -12.401531703943991 ] ] ] } },
{ "type": "Feature", "properties": { "DN": 1 }, "geometry": { "type": "Polygon", "coordinates": [ [ [ -61.397213681759418, -12.401531703943991 ], [ -61.397213681759418, -12.401781703213041 ], [ -61.397713680715626, -12.401781703213041 ], [ -61.397713680715626, -12.401531703943991 ], [ -61.397213681759418, -12.401531703943991 ] ] ] } },
{ "type": "Feature", "properties": { "DN": 1 }, "geometry": { "type": "Polygon", "coordinates": [ [ [ -61.422713628525997, -12.417281657894193 ], [ -61.422713628525997, -12.417781656432295 ], [ -61.422963628004098, -12.417781656432295 ], [ -61.422963628004098, -12.417281657894193 ], [ -61.422713628525997, -12.417281657894193 ] ] ] } },
{ "type": "Feature", "properties": { "DN": 1 }, "geometry": { "type": "Polygon", "coordinates": [ [ [ -61.468463533018976, -12.417031658625142 ], [ -61.468463533018976, -12.417281657894193 ], [ -61.468713532497084, -12.417281657894193 ], [ -61.468713532497084, -12.417031658625142 ], [ -61.468463533018976, -12.417031658625142 ] ] ] } },
{ "type": "Feature", "properties": { "DN": 1 }, "geometry": { "type": "Polygon", "coordinates": [ [ [ -61.421713630613581, -12.415281663741787 ], [ -61.421713630613581, -12.415531663010837 ], [ -61.421963630091689, -12.415531663010837 ], [ -61.421963630091689, -12.416031661548939 ], [ -61.422213629569789, -12.416031661548939 ], [ -61.422213629569789, -12.415281663741787 ], [ -61.421713630613581, -12.415281663741787 ] ] ] } },
{ "type": "Feature", "properties": { "DN": 1 }, "geometry": { "type": "Polygon", "coordinates": [ [ [ -61.419463635310649, -12.414531665934634 ], [ -61.419463635310649, -12.414781665203686 ], [ -61.419713634788749, -12.414781665203686 ], [ -61.419713634788749, -12.414531665934634 ], [ -61.419463635310649, -12.414531665934634 ] ] ] } },
{ "type": "Feature", "properties": { "DN": 1 }, "geometry": { "type": "Polygon", "coordinates": [ [ [ -61.458213554416723, -12.411531674706024 ], [ -61.458213554416723, -12.412281672513178 ], [ -61.458463553894831, -12.412281672513178 ], [ -61.458463553894831, -12.412781671051277 ], [ -61.458713553372931, -12.412781671051277 ], [ -61.458713553372931, -12.413281669589381 ], [ -61.459213552329139, -12.413281669589381 ], [ -61.459213552329139, -12.412781671051277 ], [ -61.458963552851039, -12.412781671051277 ], [ -61.458963552851039, -12.412031673244126 ], [ -61.458713553372931, -12.412031673244126 ], [ -61.458713553372931, -12.411531674706024 ], [ -61.458213554416723, -12.411531674706024 ] ] ] } },
{ "type": "Feature", "properties": { "DN": 1 }, "geometry": { "type": "Polygon", "coordinates": [ [ [ -61.419713634788749, -12.412031673244126 ], [ -61.419713634788749, -12.412281672513178 ], [ -61.419463635310649, -12.412281672513178 ], [ -61.419463635310649, -12.412781671051277 ], [ -61.420213633744957, -12.412781671051277 ], [ -61.420213633744957, -12.412281672513178 ], [ -61.420463633223065, -12.412281672513178 ], [ -61.420463633223065, -12.412031673244126 ], [ -61.419713634788749, -12.412031673244126 ] ] ] } },
{ "type": "Feature", "properties": { "DN": 1 }, "geometry": { "type": "Polygon", "coordinates": [ [ [ -61.461213548153971, -12.411031676167923 ], [ -61.461213548153971, -12.411281675436973 ], [ -61.461713547110179, -12.411281675436973 ], [ -61.461713547110179, -12.411031676167923 ], [ -61.461213548153971, -12.411031676167923 ] ] ] } },
{ "type": "Feature", "properties": { "DN": 1 }, "geometry": { "type": "Polygon", "coordinates": [ [ [ -61.460213550241555, -12.411031676167923 ], [ -61.460213550241555, -12.411281675436973 ], [ -61.460463549719663, -12.411281675436973 ], [ -61.460463549719663, -12.411031676167923 ], [ -61.460213550241555, -12.411031676167923 ] ] ] } },
{ "type": "Feature", "properties": { "DN": 1 }, "geometry": { "type": "Polygon", "coordinates": [ [ [ -61.464213541891212, -12.410531677629821 ], [ -61.464213541891212, -12.410781676898871 ], [ -61.464463541369319, -12.410781676898871 ], [ -61.464463541369319, -12.410531677629821 ], [ -61.464213541891212, -12.410531677629821 ] ] ] } },
{ "type": "Feature", "properties": { "DN": 1 }, "geometry": { "type": "Polygon", "coordinates": [ [ [ -61.463463543456903, -12.41028167836077 ], [ -61.463463543456903, -12.410781676898871 ], [ -61.463963542413111, -12.410781676898871 ], [ -61.463963542413111, -12.410531677629821 ], [ -61.464213541891212, -12.410531677629821 ], [ -61.464213541891212, -12.41028167836077 ], [ -61.463463543456903, -12.41028167836077 ] ] ] } },
{ "type": "Feature", "properties": { "DN": 1 }, "geometry": { "type": "Polygon", "coordinates": [ [ [ -61.377213723511119, -12.408531683477413 ], [ -61.377213723511119, -12.408781682746465 ], [ -61.376713724554911, -12.408781682746465 ], [ -61.376713724554911, -12.409031682015517 ], [ -61.37646372507681, -12.409031682015517 ], [ -61.37646372507681, -12.41028167836077 ], [ -61.376213725598703, -12.41028167836077 ], [ -61.376213725598703, -12.410781676898871 ], [ -61.375963726120602, -12.410781676898871 ], [ -61.375963726120602, -12.411031676167923 ], [ -61.375713726642502, -12.411031676167923 ], [ -61.375713726642502, -12.411531674706024 ], [ -61.375963726120602, -12.411531674706024 ], [ -61.375963726120602, -12.411281675436973 ], [ -61.376713724554911, -12.411281675436973 ], [ -61.376713724554911, -12.411031676167923 ], [ -61.376963724033018, -12.411031676167923 ], [ -61.376963724033018, -12.410781676898871 ], [ -61.376713724554911, -12.410781676898871 ], [ -61.376713724554911, -12.409781679822668 ], [ -61.377713722467327, -12.409781679822668 ], [ -61.377713722467327, -12.408531683477413 ], [ -61.377213723511119, -12.408531683477413 ] ] ] } },
{ "type": "Feature", "properties": { "DN": 1 }, "geometry": { "type": "Polygon", "coordinates": [ [ [ -61.401713672365283, -12.409281681284567 ], [ -61.401713672365283, -12.409531680553616 ], [ -61.401463672887182, -12.409531680553616 ], [ -61.401463672887182, -12.410531677629821 ], [ -61.401713672365283, -12.410531677629821 ], [ -61.401713672365283, -12.41028167836077 ], [ -61.402713670277699, -12.41028167836077 ], [ -61.402713670277699, -12.409781679822668 ], [ -61.402963669755806, -12.409781679822668 ], [ -61.402963669755806, -12.409281681284567 ], [ -61.401713672365283, -12.409281681284567 ] ] ] } },
{ "type": "Feature", "properties": { "DN": 1 }, "geometry": { "type": "Polygon", "coordinates": [ [ [ -61.403213669233907, -12.409031682015517 ], [ -61.403213669233907, -12.409281681284567 ], [ -61.403463668712014, -12.409281681284567 ], [ -61.403463668712014, -12.409031682015517 ], [ -61.403213669233907, -12.409031682015517 ] ] ] } },
{ "type": "Feature", "properties": { "DN": 1 }, "geometry": { "type": "Polygon", "coordinates": [ [ [ -61.405213665058739, -12.40728168713216 ], [ -61.405213665058739, -12.407781685670262 ], [ -61.404463666624423, -12.407781685670262 ], [ -61.404463666624423, -12.40728168713216 ], [ -61.403963667668222, -12.40728168713216 ], [ -61.403963667668222, -12.407781685670262 ], [ -61.403213669233907, -12.407781685670262 ], [ -61.403213669233907, -12.408031684939314 ], [ -61.403713668190115, -12.408031684939314 ], [ -61.403713668190115, -12.408281684208363 ], [ -61.404213667146323, -12.408281684208363 ], [ -61.404213667146323, -12.408531683477413 ], [ -61.404463666624423, -12.408531683477413 ], [ -61.404463666624423, -12.409031682015517 ], [ -61.403963667668222, -12.409031682015517 ], [ -61.403963667668222, -12.408781682746465 ], [ -61.403713668190115, -12.408781682746465 ], [ -61.403713668190115, -12.409281681284567 ], [ -61.403463668712014, -12.409281681284567 ], [ -61.403463668712014, -12.409531680553616 ], [ -61.404213667146323, -12.409531680553616 ], [ -61.404213667146323, -12.409781679822668 ], [ -61.403963667668222, -12.409781679822668 ], [ -61.403963667668222, -12.41028167836077 ], [ -61.403463668712014, -12.41028167836077 ], [ -61.403463668712014, -12.410531677629821 ], [ -61.403713668190115, -12.410531677629821 ], [ -61.403713668190115, -12.410781676898871 ], [ -61.403963667668222, -12.410781676898871 ], [ -61.403963667668222, -12.410531677629821 ], [ -61.404213667146323, -12.410531677629821 ], [ -61.404213667146323, -12.41028167836077 ], [ -61.404463666624423, -12.41028167836077 ], [ -61.404463666624423, -12.410531677629821 ], [ -61.405213665058739, -12.410531677629821 ], [ -61.405213665058739, -12.408281684208363 ], [ -61.405463664536839, -12.408281684208363 ], [ -61.405463664536839, -12.40728168713216 ], [ -61.405213665058739, -12.40728168713216 ] ] ] } },
{ "type": "Feature", "properties": { "DN": 1 }, "geometry": { "type": "Polygon", "coordinates": [ [ [ -61.398713678628042, -12.408531683477413 ], [ -61.398713678628042, -12.409031682015517 ], [ -61.398963678106142, -12.409031682015517 ], [ -61.398963678106142, -12.409281681284567 ], [ -61.39921367758425, -12.409281681284567 ], [ -61.39921367758425, -12.409031682015517 ], [ -61.39946367706235, -12.409031682015517 ], [ -61.39946367706235, -12.408781682746465 ], [ -61.398963678106142, -12.408781682746465 ], [ -61.398963678106142, -12.408531683477413 ], [ -61.398713678628042, -12.408531683477413 ] ] ] } },
{ "type": "Feature", "properties": { "DN": 1 }, "geometry": { "type": "Polygon", "coordinates": [ [ [ -61.383463710463715, -12.408531683477413 ], [ -61.383463710463715, -12.408781682746465 ], [ -61.383713709941816, -12.408781682746465 ], [ -61.383713709941816, -12.408531683477413 ], [ -61.383463710463715, -12.408531683477413 ] ] ] } },
{ "type": "Feature", "properties": { "DN": 1 }, "geometry": { "type": "Polygon", "coordinates": [ [ [ -61.380463716726467, -12.408281684208363 ], [ -61.380463716726467, -12.408781682746465 ], [ -61.380713716204575, -12.408781682746465 ], [ -61.380713716204575, -12.408281684208363 ], [ -61.380463716726467, -12.408281684208363 ] ] ] } },
{ "type": "Feature", "properties": { "DN": 1 }, "geometry": { "type": "Polygon", "coordinates": [ [ [ -61.401713672365283, -12.406781688594059 ], [ -61.401713672365283, -12.407031687863109 ], [ -61.40196367184339, -12.407031687863109 ], [ -61.40196367184339, -12.406781688594059 ], [ -61.401713672365283, -12.406781688594059 ] ] ] } },
{ "type": "Feature", "properties": { "DN": 1 }, "geometry": { "type": "Polygon", "coordinates": [ [ [ -61.402213671321491, -12.406531689325007 ], [ -61.402213671321491, -12.406781688594059 ], [ -61.402713670277699, -12.406781688594059 ], [ -61.402713670277699, -12.407031687863109 ], [ -61.402963669755806, -12.407031687863109 ], [ -61.402963669755806, -12.406531689325007 ], [ -61.402213671321491, -12.406531689325007 ] ] ] } },
{ "type": "Feature", "properties": { "DN": 1 }, "geometry": { "type": "Polygon", "coordinates": [ [ [ -61.369213740211805, -12.406281690055957 ], [ -61.369213740211805, -12.406531689325007 ], [ -61.369463739689905, -12.406531689325007 ], [ -61.369463739689905, -12.406281690055957 ], [ -61.369213740211805, -12.406281690055957 ] ] ] } },
{ "type": "Feature", "properties": { "DN": 1 }, "geometry": { "type": "Polygon", "coordinates": [ [ [ -61.454963561201374, -12.409781679822668 ], [ -61.454963561201374, -12.41003167909172 ], [ -61.454713561723274, -12.41003167909172 ], [ -61.454713561723274, -12.41028167836077 ], [ -61.455463560157582, -12.41028167836077 ], [ -61.455463560157582, -12.41003167909172 ], [ -61.455213560679482, -12.41003167909172 ], [ -61.455213560679482, -12.409781679822668 ], [ -61.454963561201374, -12.409781679822668 ] ] ] } },
{ "type": "Feature", "properties": { "DN": 1 }, "geometry": { "type": "Polygon", "coordinates": [ [ [ -61.461463547632071, -12.408781682746465 ], [ -61.461463547632071, -12.409031682015517 ], [ -61.462463545544487, -12.409031682015517 ], [ -61.462463545544487, -12.408781682746465 ], [ -61.461463547632071, -12.408781682746465 ] ] ] } },
{ "type": "Feature", "properties": { "DN": 1 }, "geometry": { "type": "Polygon", "coordinates": [ [ [ -61.454463562245166, -12.408531683477413 ], [ -61.454463562245166, -12.408781682746465 ], [ -61.454963561201374, -12.408781682746465 ], [ -61.454963561201374, -12.408531683477413 ], [ -61.454463562245166, -12.408531683477413 ] ] ] } },
{ "type": "Feature", "properties": { "DN": 1 }, "geometry": { "type": "Polygon", "coordinates": [ [ [ -61.462963544500695, -12.408281684208363 ], [ -61.462963544500695, -12.408531683477413 ], [ -61.462463545544487, -12.408531683477413 ], [ -61.462463545544487, -12.408781682746465 ], [ -61.463213543978796, -12.408781682746465 ], [ -61.463213543978796, -12.408281684208363 ], [ -61.462963544500695, -12.408281684208363 ] ] ] } },
{ "type": "Feature", "properties": { "DN": 1 }, "geometry": { "type": "Polygon", "coordinates": [ [ [ -61.462713545022595, -12.407781685670262 ], [ -61.462713545022595, -12.408031684939314 ], [ -61.463213543978796, -12.408031684939314 ], [ -61.463213543978796, -12.407781685670262 ], [ -61.462713545022595, -12.407781685670262 ] ] ] } },
{ "type": "Feature", "properties": { "DN": 1 }, "geometry": { "type": "Polygon", "coordinates": [ [ [ -61.454963561201374, -12.40728168713216 ], [ -61.454963561201374, -12.408281684208363 ], [ -61.455213560679482, -12.408281684208363 ], [ -61.455213560679482, -12.408531683477413 ], [ -61.455463560157582, -12.408531683477413 ], [ -61.455463560157582, -12.408031684939314 ], [ -61.455213560679482, -12.408031684939314 ], [ -61.455213560679482, -12.40728168713216 ], [ -61.454963561201374, -12.40728168713216 ] ] ] } },
{ "type": "Feature", "properties": { "DN": 1 }, "geometry": { "type": "Polygon", "coordinates": [ [ [ -61.461213548153971, -12.407031687863109 ], [ -61.461213548153971, -12.407781685670262 ], [ -61.461713547110179, -12.407781685670262 ], [ -61.461713547110179, -12.408031684939314 ], [ -61.461963546588279, -12.408031684939314 ], [ -61.461963546588279, -12.40728168713216 ], [ -61.461713547110179, -12.40728168713216 ], [ -61.461713547110179, -12.407031687863109 ], [ -61.461213548153971, -12.407031687863109 ] ] ] } },
{ "type": "Feature", "properties": { "DN": 1 }, "geometry": { "type": "Polygon", "coordinates": [ [ [ -61.45596355911379, -12.40728168713216 ], [ -61.45596355911379, -12.40753168640121 ], [ -61.456213558591898, -12.40753168640121 ], [ -61.456213558591898, -12.40728168713216 ], [ -61.45596355911379, -12.40728168713216 ] ] ] } },
{ "type": "Feature", "properties": { "DN": 1 }, "geometry": { "type": "Polygon", "coordinates": [ [ [ -61.463963542413111, -12.405781691517856 ], [ -61.463963542413111, -12.406531689325007 ], [ -61.464213541891212, -12.406531689325007 ], [ -61.464213541891212, -12.406281690055957 ], [ -61.464463541369319, -12.406281690055957 ], [ -61.464463541369319, -12.406031690786905 ], [ -61.464213541891212, -12.406031690786905 ], [ -61.464213541891212, -12.405781691517856 ], [ -61.463963542413111, -12.405781691517856 ] ] ] } },
{ "type": "Feature", "properties": { "DN": 1 }, "geometry": { "type": "Polygon", "coordinates": [ [ [ -61.458463553894831, -12.404031696634499 ], [ -61.458463553894831, -12.404531695172601 ], [ -61.457713555460515, -12.404531695172601 ], [ -61.457713555460515, -12.405531692248804 ], [ -61.458213554416723, -12.405531692248804 ], [ -61.458213554416723, -12.40728168713216 ], [ -61.458463553894831, -12.40728168713216 ], [ -61.458463553894831, -12.407781685670262 ], [ -61.458963552851039, -12.407781685670262 ], [ -61.458963552851039, -12.40728168713216 ], [ -61.459213552329139, -12.40728168713216 ], [ -61.459213552329139, -12.406031690786905 ], [ -61.459713551285347, -12.406031690786905 ], [ -61.459713551285347, -12.405781691517856 ], [ -61.460463549719663, -12.405781691517856 ], [ -61.460463549719663, -12.405531692248804 ], [ -61.459213552329139, -12.405531692248804 ], [ -61.459213552329139, -12.405281692979752 ], [ -61.458963552851039, -12.405281692979752 ], [ -61.458963552851039, -12.404781694441652 ], [ -61.458713553372931, -12.404781694441652 ], [ -61.458713553372931, -12.404031696634499 ], [ -61.458463553894831, -12.404031696634499 ] ] ] } },
{ "type": "Feature", "properties": { "DN": 1 }, "geometry": { "type": "Polygon", "coordinates": [ [ [ -61.404713666102531, -12.405281692979752 ], [ -61.404713666102531, -12.405781691517856 ], [ -61.403963667668222, -12.405781691517856 ], [ -61.403963667668222, -12.406281690055957 ], [ -61.404213667146323, -12.406281690055957 ], [ -61.404213667146323, -12.406531689325007 ], [ -61.404463666624423, -12.406531689325007 ], [ -61.404463666624423, -12.406781688594059 ], [ -61.405213665058739, -12.406781688594059 ], [ -61.405213665058739, -12.407031687863109 ], [ -61.405463664536839, -12.407031687863109 ], [ -61.405463664536839, -12.405281692979752 ], [ -61.404713666102531, -12.405281692979752 ] ] ] } },
{ "type": "Feature", "properties": { "DN": 1 }, "geometry": { "type": "Polygon", "coordinates": [ [ [ -61.400963673930974, -12.405281692979752 ], [ -61.400963673930974, -12.406281690055957 ], [ -61.401213673409075, -12.406281690055957 ], [ -61.401213673409075, -12.406531689325007 ], [ -61.401713672365283, -12.406531689325007 ], [ -61.401713672365283, -12.406031690786905 ], [ -61.401463672887182, -12.406031690786905 ], [ -61.401463672887182, -12.405781691517856 ], [ -61.401213673409075, -12.405781691517856 ], [ -61.401213673409075, -12.405281692979752 ], [ -61.400963673930974, -12.405281692979752 ] ] ] } },
{ "type": "Feature", "properties": { "DN": 1 }, "geometry": { "type": "Polygon", "coordinates": [ [ [ -61.369213740211805, -12.405531692248804 ], [ -61.369213740211805, -12.405781691517856 ], [ -61.368713741255597, -12.405781691517856 ], [ -61.368713741255597, -12.406031690786905 ], [ -61.369463739689905, -12.406031690786905 ], [ -61.369463739689905, -12.405531692248804 ], [ -61.369213740211805, -12.405531692248804 ] ] ] } },
{ "type": "Feature", "properties": { "DN": 1 }, "geometry": { "type": "Polygon", "coordinates": [ [ [ -61.369463739689905, -12.405281692979752 ], [ -61.369463739689905, -12.405531692248804 ], [ -61.369713739168006, -12.405531692248804 ], [ -61.369713739168006, -12.405281692979752 ], [ -61.369463739689905, -12.405281692979752 ] ] ] } },
{ "type": "Feature", "properties": { "DN": 1 }, "geometry": { "type": "Polygon", "coordinates": [ [ [ -61.370463737602321, -12.405281692979752 ], [ -61.370463737602321, -12.405531692248804 ], [ -61.370713737080422, -12.405531692248804 ], [ -61.370713737080422, -12.405281692979752 ], [ -61.370463737602321, -12.405281692979752 ] ] ] } },
{ "type": "Feature", "properties": { "DN": 1 }, "geometry": { "type": "Polygon", "coordinates": [ [ [ -61.369713739168006, -12.404531695172601 ], [ -61.369713739168006, -12.405281692979752 ], [ -61.370213738124221, -12.405281692979752 ], [ -61.370213738124221, -12.404531695172601 ], [ -61.369713739168006, -12.404531695172601 ] ] ] } },
{ "type": "Feature", "properties": { "DN": 1 }, "geometry": { "type": "Polygon", "coordinates": [ [ [ -61.402963669755806, -12.404031696634499 ], [ -61.402963669755806, -12.404531695172601 ], [ -61.403213669233907, -12.404531695172601 ], [ -61.403213669233907, -12.404781694441652 ], [ -61.403463668712014, -12.404781694441652 ], [ -61.403463668712014, -12.405281692979752 ], [ -61.403713668190115, -12.405281692979752 ], [ -61.403713668190115, -12.404031696634499 ], [ -61.402963669755806, -12.404031696634499 ] ] ] } },
{ "type": "Feature", "properties": { "DN": 1 }, "geometry": { "type": "Polygon", "coordinates": [ [ [ -61.402713670277699, -12.403531698096398 ], [ -61.402713670277699, -12.403781697365449 ], [ -61.403213669233907, -12.403781697365449 ], [ -61.403213669233907, -12.403531698096398 ], [ -61.402713670277699, -12.403531698096398 ] ] ] } },
{ "type": "Feature", "properties": { "DN": 1 }, "geometry": { "type": "Polygon", "coordinates": [ [ [ -61.400463674974766, -12.402281701751143 ], [ -61.400463674974766, -12.402781700289244 ], [ -61.399963676018558, -12.402781700289244 ], [ -61.399963676018558, -12.404031696634499 ], [ -61.400213675496666, -12.404031696634499 ], [ -61.400213675496666, -12.404531695172601 ], [ -61.400463674974766, -12.404531695172601 ], [ -61.400463674974766, -12.404781694441652 ], [ -61.400963673930974, -12.404781694441652 ], [ -61.400963673930974, -12.404281695903549 ], [ -61.400713674452874, -12.404281695903549 ], [ -61.400713674452874, -12.403531698096398 ], [ -61.400463674974766, -12.403531698096398 ], [ -61.400463674974766, -12.403281698827346 ], [ -61.400213675496666, -12.403281698827346 ], [ -61.400213675496666, -12.403031699558296 ], [ -61.400713674452874, -12.403031699558296 ], [ -61.400713674452874, -12.402281701751143 ], [ -61.400463674974766, -12.402281701751143 ] ] ] } },
{ "type": "Feature", "properties": { "DN": 1 }, "geometry": { "type": "Polygon", "coordinates": [ [ [ -61.405213665058739, -12.403031699558296 ], [ -61.405213665058739, -12.403281698827346 ], [ -61.405463664536839, -12.403281698827346 ], [ -61.405463664536839, -12.403031699558296 ], [ -61.405213665058739, -12.403031699558296 ] ] ] } },
{ "type": "Feature", "properties": { "DN": 1 }, "geometry": { "type": "Polygon", "coordinates": [ [ [ -61.45571355963569, -12.405281692979752 ], [ -61.45571355963569, -12.405531692248804 ], [ -61.45596355911379, -12.405531692248804 ], [ -61.45596355911379, -12.405281692979752 ], [ -61.45571355963569, -12.405281692979752 ] ] ] } },
{ "type": "Feature", "properties": { "DN": 1 }, "geometry": { "type": "Polygon", "coordinates": [ [ [ -61.457213556504314, -12.402281701751143 ], [ -61.457213556504314, -12.402781700289244 ], [ -61.457713555460515, -12.402781700289244 ], [ -61.457713555460515, -12.403281698827346 ], [ -61.457963554938623, -12.403281698827346 ], [ -61.457963554938623, -12.403531698096398 ], [ -61.458213554416723, -12.403531698096398 ], [ -61.458213554416723, -12.403781697365449 ], [ -61.458463553894831, -12.403781697365449 ], [ -61.458463553894831, -12.402781700289244 ], [ -61.458213554416723, -12.402781700289244 ], [ -61.458213554416723, -12.402281701751143 ], [ -61.457213556504314, -12.402281701751143 ] ] ] } },
{ "type": "Feature", "properties": { "DN": 1 }, "geometry": { "type": "Polygon", "coordinates": [ [ [ -61.446463578945853, -12.402281701751143 ], [ -61.446463578945853, -12.402531701020195 ], [ -61.446963577902061, -12.402531701020195 ], [ -61.446963577902061, -12.402281701751143 ], [ -61.446463578945853, -12.402281701751143 ] ] ] } },
{ "type": "Feature", "properties": { "DN": 1 }, "geometry": { "type": "Polygon", "coordinates": [ [ [ -61.446213579467745, -12.402031702482093 ], [ -61.446213579467745, -12.402281701751143 ], [ -61.446463578945853, -12.402281701751143 ], [ -61.446463578945853, -12.402031702482093 ], [ -61.446213579467745, -12.402031702482093 ] ] ] } },
{ "type": "Feature", "properties": { "DN": 1 }, "geometry": { "type": "Polygon", "coordinates": [ [ [ -61.448213575292577, -12.402031702482093 ], [ -61.448213575292577, -12.402281701751143 ], [ -61.448463574770678, -12.402281701751143 ], [ -61.448463574770678, -12.402031702482093 ], [ -61.448213575292577, -12.402031702482093 ] ] ] } },
{ "type": "Feature", "properties": { "DN": 1 }, "geometry": { "type": "Polygon", "coordinates": [ [ [ -61.445213581555329, -12.401781703213041 ], [ -61.445213581555329, -12.402031702482093 ], [ -61.444963582077229, -12.402031702482093 ], [ -61.444963582077229, -12.401781703213041 ], [ -61.444713582599121, -12.401781703213041 ], [ -61.444713582599121, -12.402281701751143 ], [ -61.444963582077229, -12.402281701751143 ], [ -61.444963582077229, -12.402531701020195 ], [ -61.445963579989645, -12.402531701020195 ], [ -61.445963579989645, -12.402281701751143 ], [ -61.445713580511537, -12.402281701751143 ], [ -61.445713580511537, -12.402031702482093 ], [ -61.445463581033437, -12.402031702482093 ], [ -61.445463581033437, -12.401781703213041 ], [ -61.445213581555329, -12.401781703213041 ] ] ] } },
{ "type": "Feature", "properties": { "DN": 1 }, "geometry": { "type": "Polygon", "coordinates": [ [ [ -61.444963582077229, -12.400781706136838 ], [ -61.444963582077229, -12.401031705405888 ], [ -61.444463583121021, -12.401031705405888 ], [ -61.444463583121021, -12.40128170467494 ], [ -61.444963582077229, -12.40128170467494 ], [ -61.444963582077229, -12.401781703213041 ], [ -61.445213581555329, -12.401781703213041 ], [ -61.445213581555329, -12.400781706136838 ], [ -61.444963582077229, -12.400781706136838 ] ] ] } },
{ "type": "Feature", "properties": { "DN": 1 }, "geometry": { "type": "Polygon", "coordinates": [ [ [ -61.443463585208605, -12.400781706136838 ], [ -61.443463585208605, -12.401031705405888 ], [ -61.443213585730504, -12.401031705405888 ], [ -61.443213585730504, -12.401531703943991 ], [ -61.443713584686712, -12.401531703943991 ], [ -61.443713584686712, -12.400781706136838 ], [ -61.443463585208605, -12.400781706136838 ] ] ] } },
{ "type": "Feature", "properties": { "DN": 1 }, "geometry": { "type": "Polygon", "coordinates": [ [ [ -61.452213566942234, -12.400281707598737 ], [ -61.452213566942234, -12.401031705405888 ], [ -61.451963567464134, -12.401031705405888 ], [ -61.451963567464134, -12.40128170467494 ], [ -61.451713567986026, -12.40128170467494 ], [ -61.451713567986026, -12.401531703943991 ], [ -61.451463568507926, -12.401531703943991 ], [ -61.451463568507926, -12.40128170467494 ], [ -61.450963569551718, -12.40128170467494 ], [ -61.450963569551718, -12.401781703213041 ], [ -61.451213569029818, -12.401781703213041 ], [ -61.451213569029818, -12.402031702482093 ], [ -61.451963567464134, -12.402031702482093 ], [ -61.451963567464134, -12.401781703213041 ], [ -61.45321356485465, -12.401781703213041 ], [ -61.45321356485465, -12.401531703943991 ], [ -61.453713563810858, -12.401531703943991 ], [ -61.453713563810858, -12.40128170467494 ], [ -61.45296356537655, -12.40128170467494 ], [ -61.45296356537655, -12.401031705405888 ], [ -61.452713565898442, -12.401031705405888 ], [ -61.452713565898442, -12.400781706136838 ], [ -61.45296356537655, -12.400781706136838 ], [ -61.45296356537655, -12.400281707598737 ], [ -61.452213566942234, -12.400281707598737 ] ] ] } },
{ "type": "Feature", "properties": { "DN": 1 }, "geometry": { "type": "Polygon", "coordinates": [ [ [ -61.440213591993256, -12.400281707598737 ], [ -61.440213591993256, -12.401031705405888 ], [ -61.440713590949464, -12.401031705405888 ], [ -61.440713590949464, -12.400781706136838 ], [ -61.440963590427572, -12.400781706136838 ], [ -61.440963590427572, -12.400531706867788 ], [ -61.440713590949464, -12.400531706867788 ], [ -61.440713590949464, -12.400281707598737 ], [ -61.440213591993256, -12.400281707598737 ] ] ] } },
{ "type": "Feature", "properties": { "DN": 1 }, "geometry": { "type": "Polygon", "coordinates": [ [ [ -61.344213792401433, -12.40128170467494 ], [ -61.344213792401433, -12.401531703943991 ], [ -61.344463791879534, -12.401531703943991 ], [ -61.344463791879534, -12.40128170467494 ], [ -61.344213792401433, -12.40128170467494 ] ] ] } },
{ "type": "Feature", "properties": { "DN": 1 }, "geometry": { "type": "Polygon", "coordinates": [ [ [ -61.343713793445225, -12.40128170467494 ], [ -61.343713793445225, -12.401531703943991 ], [ -61.343963792923326, -12.401531703943991 ], [ -61.343963792923326, -12.40128170467494 ], [ -61.343713793445225, -12.40128170467494 ] ] ] } },
{ "type": "Feature", "properties": { "DN": 1 }, "geometry": { "type": "Polygon", "coordinates": [ [ [ -61.402963669755806, -12.400781706136838 ], [ -61.402963669755806, -12.401531703943991 ], [ -61.403463668712014, -12.401531703943991 ], [ -61.403463668712014, -12.401781703213041 ], [ -61.403963667668222, -12.401781703213041 ], [ -61.403963667668222, -12.402031702482093 ], [ -61.404713666102531, -12.402031702482093 ], [ -61.404713666102531, -12.401781703213041 ], [ -61.405213665058739, -12.401781703213041 ], [ -61.405213665058739, -12.402031702482093 ], [ -61.405463664536839, -12.402031702482093 ], [ -61.405463664536839, -12.401531703943991 ], [ -61.405213665058739, -12.401531703943991 ], [ -61.405213665058739, -12.40128170467494 ], [ -61.404713666102531, -12.40128170467494 ], [ -61.404713666102531, -12.401531703943991 ], [ -61.404213667146323, -12.401531703943991 ], [ -61.404213667146323, -12.40128170467494 ], [ -61.403713668190115, -12.40128170467494 ], [ -61.403713668190115, -12.401031705405888 ], [ -61.403213669233907, -12.401031705405888 ], [ -61.403213669233907, -12.400781706136838 ], [ -61.402963669755806, -12.400781706136838 ] ] ] } },
{ "type": "Feature", "properties": { "DN": 1 }, "geometry": { "type": "Polygon", "coordinates": [ [ [ -61.356463766828512, -12.401031705405888 ], [ -61.356463766828512, -12.40128170467494 ], [ -61.356713766306619, -12.40128170467494 ], [ -61.356713766306619, -12.401031705405888 ], [ -61.356463766828512, -12.401031705405888 ] ] ] } },
{ "type": "Feature", "properties": { "DN": 1 }, "geometry": { "type": "Polygon", "coordinates": [ [ [ -61.398713678628042, -12.400781706136838 ], [ -61.398713678628042, -12.40128170467494 ], [ -61.398963678106142, -12.40128170467494 ], [ -61.398963678106142, -12.400781706136838 ], [ -61.398713678628042, -12.400781706136838 ] ] ] } },
{ "type": "Feature", "properties": { "DN": 1 }, "geometry": { "type": "Polygon", "coordinates": [ [ [ -61.383963709419923, -12.400781706136838 ], [ -61.383963709419923, -12.401031705405888 ], [ -61.384213708898024, -12.401031705405888 ], [ -61.384213708898024, -12.400781706136838 ], [ -61.383963709419923, -12.400781706136838 ] ] ] } },
{ "type": "Feature", "properties": { "DN": 1 }, "geometry": { "type": "Polygon", "coordinates": [ [ [ -61.361963755346792, -12.400781706136838 ], [ -61.361963755346792, -12.401031705405888 ], [ -61.362713753781108, -12.401031705405888 ], [ -61.362713753781108, -12.400781706136838 ], [ -61.361963755346792, -12.400781706136838 ] ] ] } },
{ "type": "Feature", "properties": { "DN": 1 }, "geometry": { "type": "Polygon", "coordinates": [ [ [ -61.365963746996457, -12.400531706867788 ], [ -61.365963746996457, -12.400781706136838 ], [ -61.366213746474557, -12.400781706136838 ], [ -61.366213746474557, -12.400531706867788 ], [ -61.365963746996457, -12.400531706867788 ] ] ] } },
{ "type": "Feature", "properties": { "DN": 1 }, "geometry": { "type": "Polygon", "coordinates": [ [ [ -61.356213767350411, -12.400531706867788 ], [ -61.356213767350411, -12.400781706136838 ], [ -61.356713766306619, -12.400781706136838 ], [ -61.356713766306619, -12.400531706867788 ], [ -61.356213767350411, -12.400531706867788 ] ] ] } },
{ "type": "Feature", "properties": { "DN": 1 }, "geometry": { "type": "Polygon", "coordinates": [ [ [ -61.360963757434376, -12.400031708329685 ], [ -61.360963757434376, -12.400281707598737 ], [ -61.361213756912484, -12.400281707598737 ], [ -61.361213756912484, -12.400031708329685 ], [ -61.360963757434376, -12.400031708329685 ] ] ] } },
{ "type": "Feature", "properties": { "DN": 1 }, "geometry": { "type": "Polygon", "coordinates": [ [ [ -61.38771370159148, -12.399781709060635 ], [ -61.38771370159148, -12.400031708329685 ], [ -61.388463700025788, -12.400031708329685 ], [ -61.388463700025788, -12.399781709060635 ], [ -61.38771370159148, -12.399781709060635 ] ] ] } },
{ "type": "Feature", "properties": { "DN": 1 }, "geometry": { "type": "Polygon", "coordinates": [ [ [ -61.361213756912484, -12.399781709060635 ], [ -61.361213756912484, -12.400031708329685 ], [ -61.361463756390584, -12.400031708329685 ], [ -61.361463756390584, -12.399781709060635 ], [ -61.361213756912484, -12.399781709060635 ] ] ] } },
{ "type": "Feature", "properties": { "DN": 1 }, "geometry": { "type": "Polygon", "coordinates": [ [ [ -61.397213681759418, -12.399281710522533 ], [ -61.397213681759418, -12.400281707598737 ], [ -61.397713680715626, -12.400281707598737 ], [ -61.397713680715626, -12.399281710522533 ], [ -61.397213681759418, -12.399281710522533 ] ] ] } },
{ "type": "Feature", "properties": { "DN": 1 }, "geometry": { "type": "Polygon", "coordinates": [ [ [ -61.386963703157164, -12.398031714177279 ], [ -61.386963703157164, -12.39828171344633 ], [ -61.386713703679064, -12.39828171344633 ], [ -61.386713703679064, -12.398781711984432 ], [ -61.386213704722856, -12.398781711984432 ], [ -61.386213704722856, -12.399031711253482 ], [ -61.385963705244748, -12.399031711253482 ], [ -61.385963705244748, -12.399281710522533 ], [ -61.386463704200956, -12.399281710522533 ], [ -61.386463704200956, -12.399531709791583 ], [ -61.386713703679064, -12.399531709791583 ], [ -61.386713703679064, -12.400031708329685 ], [ -61.387213702635272, -12.400031708329685 ], [ -61.387213702635272, -12.399531709791583 ], [ -61.386963703157164, -12.399531709791583 ], [ -61.386963703157164, -12.398781711984432 ], [ -61.387213702635272, -12.398781711984432 ], [ -61.387213702635272, -12.398031714177279 ], [ -61.386963703157164, -12.398031714177279 ] ] ] } },
{ "type": "Feature", "properties": { "DN": 1 }, "geometry": { "type": "Polygon", "coordinates": [ [ [ -61.38771370159148, -12.39853171271538 ], [ -61.38771370159148, -12.399031711253482 ], [ -61.38796370106958, -12.399031711253482 ], [ -61.38796370106958, -12.39853171271538 ], [ -61.38771370159148, -12.39853171271538 ] ] ] } },
{ "type": "Feature", "properties": { "DN": 1 }, "geometry": { "type": "Polygon", "coordinates": [ [ [ -61.363213752737316, -12.39853171271538 ], [ -61.363213752737316, -12.398781711984432 ], [ -61.363463752215416, -12.398781711984432 ], [ -61.363463752215416, -12.39853171271538 ], [ -61.363213752737316, -12.39853171271538 ] ] ] } },
{ "type": "Feature", "properties": { "DN": 1 }, "geometry": { "type": "Polygon", "coordinates": [ [ [ -61.324213834153134, -12.393281728065313 ], [ -61.323963834675027, -12.393281728065313 ], [ -61.323963834675027, -12.393031728796263 ], [ -61.323713835196926, -12.393031728796263 ], [ -61.323713835196926, -12.392781729527211 ], [ -61.323463835718826, -12.392781729527211 ], [ -61.323463835718826, -12.393281728065313 ], [ -61.323713835196926, -12.393281728065313 ], [ -61.323713835196926, -12.394031725872466 ], [ -61.323463835718826, -12.394031725872466 ], [ -61.323463835718826, -12.393531727334363 ], [ -61.323213836240718, -12.393531727334363 ], [ -61.323213836240718, -12.393781726603414 ], [ -61.322963836762618, -12.393781726603414 ], [ -61.322963836762618, -12.393531727334363 ], [ -61.32271383728451, -12.393531727334363 ], [ -61.32271383728451, -12.395281722217719 ], [ -61.322963836762618, -12.395281722217719 ], [ -61.322963836762618, -12.395531721486771 ], [ -61.323463835718826, -12.395531721486771 ], [ -61.323463835718826, -12.395781720755821 ], [ -61.323713835196926, -12.395781720755821 ], [ -61.323713835196926, -12.396031720024872 ], [ -61.323963834675027, -12.396031720024872 ], [ -61.323963834675027, -12.396281719293924 ], [ -61.324713833109342, -12.396281719293924 ], [ -61.324713833109342, -12.396031720024872 ], [ -61.324963832587443, -12.396031720024872 ], [ -61.324963832587443, -12.396281719293924 ], [ -61.32521383206555, -12.396281719293924 ], [ -61.32521383206555, -12.396781717832024 ], [ -61.325713831021758, -12.396781717832024 ], [ -61.325713831021758, -12.397031717101076 ], [ -61.325463831543651, -12.397031717101076 ], [ -61.325463831543651, -12.397281716370127 ], [ -61.325713831021758, -12.397281716370127 ], [ -61.325713831021758, -12.397781714908229 ], [ -61.326213829977959, -12.397781714908229 ], [ -61.326213829977959, -12.399031711253482 ], [ -61.325963830499859, -12.399031711253482 ], [ -61.325963830499859, -12.398781711984432 ], [ -61.325463831543651, -12.398781711984432 ], [ -61.325463831543651, -12.399031711253482 ], [ -61.32521383206555, -12.399031711253482 ], [ -61.32521383206555, -12.398781711984432 ], [ -61.324963832587443, -12.398781711984432 ], [ -61.324963832587443, -12.39853171271538 ], [ -61.324463833631235, -12.39853171271538 ], [ -61.324463833631235, -12.398781711984432 ], [ -61.323963834675027, -12.398781711984432 ], [ -61.323963834675027, -12.39853171271538 ], [ -61.323713835196926, -12.39853171271538 ], [ -61.323713835196926, -12.398031714177279 ], [ -61.323963834675027, -12.398031714177279 ], [ -61.323963834675027, -12.397031717101076 ], [ -61.323713835196926, -12.397031717101076 ], [ -61.323713835196926, -12.396781717832024 ], [ -61.323463835718826, -12.396781717832024 ], [ -61.323463835718826, -12.396531718562974 ], [ -61.323213836240718, -12.396531718562974 ], [ -61.323213836240718, -12.396281719293924 ], [ -61.32271383728451, -12.396281719293924 ], [ -61.32271383728451, -12.397031717101076 ], [ -61.322963836762618, -12.397031717101076 ], [ -61.322963836762618, -12.397781714908229 ], [ -61.32271383728451, -12.397781714908229 ], [ -61.32271383728451, -12.399031711253482 ], [ -61.322963836762618, -12.399031711253482 ], [ -61.322963836762618, -12.399281710522533 ], [ -61.323463835718826, -12.399281710522533 ], [ -61.323463835718826, -12.399781709060635 ], [ -61.32271383728451, -12.399781709060635 ], [ -61.32271383728451, -12.400781706136838 ], [ -61.323213836240718, -12.400781706136838 ], [ -61.323213836240718, -12.401031705405888 ], [ -61.322963836762618, -12.401031705405888 ], [ -61.322963836762618, -12.40128170467494 ], [ -61.323213836240718, -12.40128170467494 ], [ -61.323213836240718, -12.401531703943991 ], [ -61.32271383728451, -12.401531703943991 ], [ -61.32271383728451, -12.402732648789614 ], [ -61.323713835196926, -12.402736114941378 ], [ -61.323713835196926, -12.402281701751143 ], [ -61.323963834675027, -12.402281701751143 ], [ -61.323963834675027, -12.40273698147932 ], [ -61.324463833631235, -12.402738714555202 ], [ -61.324463833631235, -12.402031702482093 ], [ -61.32521383206555, -12.402031702482093 ], [ -61.32521383206555, -12.402281701751143 ], [ -61.325713831021758, -12.402281701751143 ], [ -61.325713831021758, -12.400781706136838 ], [ -61.325963830499859, -12.400781706136838 ], [ -61.325963830499859, -12.400531706867788 ], [ -61.326213829977959, -12.400531706867788 ], [ -61.326213829977959, -12.400281707598737 ], [ -61.326463829456067, -12.400281707598737 ], [ -61.326463829456067, -12.399781709060635 ], [ -61.326713828934174, -12.399781709060635 ], [ -61.326713828934174, -12.399031711253482 ], [ -61.326963828412275, -12.399031711253482 ], [ -61.326963828412275, -12.397781714908229 ], [ -61.326713828934174, -12.397781714908229 ], [ -61.326713828934174, -12.397281716370127 ], [ -61.327213827890375, -12.397281716370127 ], [ -61.327213827890375, -12.396531718562974 ], [ -61.326713828934174, -12.396531718562974 ], [ -61.326713828934174, -12.396281719293924 ], [ -61.326463829456067, -12.396281719293924 ], [ -61.326463829456067, -12.396031720024872 ], [ -61.326713828934174, -12.396031720024872 ], [ -61.326713828934174, -12.395781720755821 ], [ -61.327213827890375, -12.395781720755821 ], [ -61.327213827890375, -12.394781723679618 ], [ -61.326963828412275, -12.394781723679618 ], [ -61.326963828412275, -12.394281725141516 ], [ -61.326713828934174, -12.394281725141516 ], [ -61.326713828934174, -12.394531724410568 ], [ -61.326463829456067, -12.394531724410568 ], [ -61.326463829456067, -12.394281725141516 ], [ -61.326213829977959, -12.394281725141516 ], [ -61.326213829977959, -12.394031725872466 ], [ -61.325963830499859, -12.394031725872466 ], [ -61.325963830499859, -12.393531727334363 ], [ -61.324213834153134, -12.393531727334363 ], [ -61.324213834153134, -12.393281728065313 ] ], [ [ -61.323463835718826, -12.394531724410568 ], [ -61.323213836240718, -12.394531724410568 ], [ -61.323213836240718, -12.394031725872466 ], [ -61.323463835718826, -12.394031725872466 ], [ -61.323463835718826, -12.394531724410568 ] ], [ [ -61.324463833631235, -12.396031720024872 ], [ -61.324463833631235, -12.395781720755821 ], [ -61.324713833109342, -12.395781720755821 ], [ -61.324713833109342, -12.396031720024872 ], [ -61.324463833631235, -12.396031720024872 ] ], [ [ -61.324213834153134, -12.394031725872466 ], [ -61.324463833631235, -12.394031725872466 ], [ -61.324463833631235, -12.394281725141516 ], [ -61.323963834675027, -12.394281725141516 ], [ -61.323963834675027, -12.393531727334363 ], [ -61.324213834153134, -12.393531727334363 ], [ -61.324213834153134, -12.394031725872466 ] ], [ [ -61.324713833109342, -12.394281725141516 ], [ -61.324713833109342, -12.394531724410568 ], [ -61.324463833631235, -12.394531724410568 ], [ -61.324463833631235, -12.394281725141516 ], [ -61.324713833109342, -12.394281725141516 ] ], [ [ -61.324463833631235, -12.395281722217719 ], [ -61.324213834153134, -12.395281722217719 ], [ -61.324213834153134, -12.394781723679618 ], [ -61.324463833631235, -12.394781723679618 ], [ -61.324463833631235, -12.395281722217719 ] ], [ [ -61.326463829456067, -12.397281716370127 ], [ -61.326213829977959, -12.397281716370127 ], [ -61.326213829977959, -12.397031717101076 ], [ -61.326463829456067, -12.397031717101076 ], [ -61.326463829456067, -12.397281716370127 ] ], [ [ -61.32521383206555, -12.399781709060635 ], [ -61.324713833109342, -12.399781709060635 ], [ -61.324713833109342, -12.399531709791583 ], [ -61.32521383206555, -12.399531709791583 ], [ -61.32521383206555, -12.399781709060635 ] ], [ [ -61.325963830499859, -12.400281707598737 ], [ -61.325463831543651, -12.400281707598737 ], [ -61.325463831543651, -12.399781709060635 ], [ -61.325963830499859, -12.399781709060635 ], [ -61.325963830499859, -12.400281707598737 ] ], [ [ -61.32521383206555, -12.40128170467494 ], [ -61.324463833631235, -12.40128170467494 ], [ -61.324463833631235, -12.401031705405888 ], [ -61.323963834675027, -12.401031705405888 ], [ -61.323963834675027, -12.400781706136838 ], [ -61.32521383206555, -12.400781706136838 ], [ -61.32521383206555, -12.40128170467494 ] ], [ [ -61.324213834153134, -12.401531703943991 ], [ -61.323963834675027, -12.401531703943991 ], [ -61.323963834675027, -12.40128170467494 ], [ -61.324213834153134, -12.40128170467494 ], [ -61.324213834153134, -12.401531703943991 ] ] ] } },
{ "type": "Feature", "properties": { "DN": 1 }, "geometry": { "type": "Polygon", "coordinates": [ [ [ -61.362713753781108, -12.396781717832024 ], [ -61.362713753781108, -12.397031717101076 ], [ -61.362963753259208, -12.397031717101076 ], [ -61.362963753259208, -12.396781717832024 ], [ -61.362713753781108, -12.396781717832024 ] ] ] } },
{ "type": "Feature", "properties": { "DN": 1 }, "geometry": { "type": "Polygon", "coordinates": [ [ [ -61.379463718814051, -12.396281719293924 ], [ -61.379463718814051, -12.397281716370127 ], [ -61.379713718292159, -12.397281716370127 ], [ -61.379713718292159, -12.397031717101076 ], [ -61.380213717248367, -12.397031717101076 ], [ -61.380213717248367, -12.396281719293924 ], [ -61.379463718814051, -12.396281719293924 ] ] ] } },
{ "type": "Feature", "properties": { "DN": 1 }, "geometry": { "type": "Polygon", "coordinates": [ [ [ -61.360713757956276, -12.396531718562974 ], [ -61.360713757956276, -12.396781717832024 ], [ -61.360963757434376, -12.396781717832024 ], [ -61.360963757434376, -12.396531718562974 ], [ -61.360713757956276, -12.396531718562974 ] ] ] } },
{ "type": "Feature", "properties": { "DN": 1 }, "geometry": { "type": "Polygon", "coordinates": [ [ [ -61.375713726642502, -12.395781720755821 ], [ -61.375713726642502, -12.396031720024872 ], [ -61.375463727164394, -12.396031720024872 ], [ -61.375463727164394, -12.396531718562974 ], [ -61.375213727686294, -12.396531718562974 ], [ -61.375213727686294, -12.396781717832024 ], [ -61.374463729251978, -12.396781717832024 ], [ -61.374463729251978, -12.396031720024872 ], [ -61.37371373081767, -12.396031720024872 ], [ -61.37371373081767, -12.396281719293924 ], [ -61.374213729773878, -12.396281719293924 ], [ -61.374213729773878, -12.396531718562974 ], [ -61.373463731339569, -12.396531718562974 ], [ -61.373463731339569, -12.396031720024872 ], [ -61.372963732383354, -12.396031720024872 ], [ -61.372963732383354, -12.397031717101076 ], [ -61.373213731861462, -12.397031717101076 ], [ -61.373213731861462, -12.397281716370127 ], [ -61.37371373081767, -12.397281716370127 ], [ -61.37371373081767, -12.396781717832024 ], [ -61.37396373029577, -12.396781717832024 ], [ -61.37396373029577, -12.397281716370127 ], [ -61.374463729251978, -12.397281716370127 ], [ -61.374463729251978, -12.397031717101076 ], [ -61.374713728730086, -12.397031717101076 ], [ -61.374713728730086, -12.397281716370127 ], [ -61.376213725598703, -12.397281716370127 ], [ -61.376213725598703, -12.396531718562974 ], [ -61.375963726120602, -12.396531718562974 ], [ -61.375963726120602, -12.396031720024872 ], [ -61.376213725598703, -12.396031720024872 ], [ -61.376213725598703, -12.395781720755821 ], [ -61.375713726642502, -12.395781720755821 ] ] ] } },
{ "type": "Feature", "properties": { "DN": 1 }, "geometry": { "type": "Polygon", "coordinates": [ [ [ -61.399713676540458, -12.396281719293924 ], [ -61.399713676540458, -12.396531718562974 ], [ -61.400213675496666, -12.396531718562974 ], [ -61.400213675496666, -12.396281719293924 ], [ -61.399713676540458, -12.396281719293924 ] ] ] } },
{ "type": "Feature", "properties": { "DN": 1 }, "geometry": { "type": "Polygon", "coordinates": [ [ [ -61.402213671321491, -12.396281719293924 ], [ -61.402213671321491, -12.396531718562974 ], [ -61.402713670277699, -12.396531718562974 ], [ -61.402713670277699, -12.396281719293924 ], [ -61.402213671321491, -12.396281719293924 ] ] ] } },
{ "type": "Feature", "properties": { "DN": 1 }, "geometry": { "type": "Polygon", "coordinates": [ [ [ -61.356463766828512, -12.396281719293924 ], [ -61.356463766828512, -12.396531718562974 ], [ -61.356713766306619, -12.396531718562974 ], [ -61.356713766306619, -12.396281719293924 ], [ -61.356463766828512, -12.396281719293924 ] ] ] } },
{ "type": "Feature", "properties": { "DN": 1 }, "geometry": { "type": "Polygon", "coordinates": [ [ [ -61.374463729251978, -12.395781720755821 ], [ -61.374463729251978, -12.396031720024872 ], [ -61.374713728730086, -12.396031720024872 ], [ -61.374713728730086, -12.395781720755821 ], [ -61.374463729251978, -12.395781720755821 ] ] ] } },
{ "type": "Feature", "properties": { "DN": 1 }, "geometry": { "type": "Polygon", "coordinates": [ [ [ -61.403713668190115, -12.394531724410568 ], [ -61.403713668190115, -12.395281722217719 ], [ -61.403213669233907, -12.395281722217719 ], [ -61.403213669233907, -12.395531721486771 ], [ -61.402963669755806, -12.395531721486771 ], [ -61.402963669755806, -12.395781720755821 ], [ -61.403713668190115, -12.395781720755821 ], [ -61.403713668190115, -12.397031717101076 ], [ -61.403963667668222, -12.397031717101076 ], [ -61.403963667668222, -12.397281716370127 ], [ -61.405213665058739, -12.397281716370127 ], [ -61.405213665058739, -12.397031717101076 ], [ -61.404713666102531, -12.397031717101076 ], [ -61.404713666102531, -12.396531718562974 ], [ -61.404463666624423, -12.396531718562974 ], [ -61.404463666624423, -12.396281719293924 ], [ -61.404213667146323, -12.396281719293924 ], [ -61.404213667146323, -12.395781720755821 ], [ -61.403963667668222, -12.395781720755821 ], [ -61.403963667668222, -12.394531724410568 ], [ -61.403713668190115, -12.394531724410568 ] ] ] } },
{ "type": "Feature", "properties": { "DN": 1 }, "geometry": { "type": "Polygon", "coordinates": [ [ [ -61.400713674452874, -12.395531721486771 ], [ -61.400713674452874, -12.396031720024872 ], [ -61.400463674974766, -12.396031720024872 ], [ -61.400463674974766, -12.396281719293924 ], [ -61.400963673930974, -12.396281719293924 ], [ -61.400963673930974, -12.396031720024872 ], [ -61.401213673409075, -12.396031720024872 ], [ -61.401213673409075, -12.395531721486771 ], [ -61.400713674452874, -12.395531721486771 ] ] ] } },
{ "type": "Feature", "properties": { "DN": 1 }, "geometry": { "type": "Polygon", "coordinates": [ [ [ -61.371463735514737, -12.395281722217719 ], [ -61.371463735514737, -12.395531721486771 ], [ -61.371713734992838, -12.395531721486771 ], [ -61.371713734992838, -12.395281722217719 ], [ -61.371463735514737, -12.395281722217719 ] ] ] } },
{ "type": "Feature", "properties": { "DN": 1 }, "geometry": { "type": "Polygon", "coordinates": [ [ [ -61.386213704722856, -12.394781723679618 ], [ -61.386213704722856, -12.395281722217719 ], [ -61.385963705244748, -12.395281722217719 ], [ -61.385963705244748, -12.395781720755821 ], [ -61.386213704722856, -12.395781720755821 ], [ -61.386213704722856, -12.396031720024872 ], [ -61.386963703157164, -12.396031720024872 ], [ -61.386963703157164, -12.395281722217719 ], [ -61.386463704200956, -12.395281722217719 ], [ -61.386463704200956, -12.394781723679618 ], [ -61.386213704722856, -12.394781723679618 ] ] ] } },
{ "type": "Feature", "properties": { "DN": 1 }, "geometry": { "type": "Polygon", "coordinates": [ [ [ -61.405213665058739, -12.394781723679618 ], [ -61.405213665058739, -12.395531721486771 ], [ -61.405463664536839, -12.395531721486771 ], [ -61.405463664536839, -12.394781723679618 ], [ -61.405213665058739, -12.394781723679618 ] ] ] } },
{ "type": "Feature", "properties": { "DN": 1 }, "geometry": { "type": "Polygon", "coordinates": [ [ [ -61.397963680193726, -12.394531724410568 ], [ -61.397963680193726, -12.394781723679618 ], [ -61.398463679149934, -12.394781723679618 ], [ -61.398463679149934, -12.395281722217719 ], [ -61.398713678628042, -12.395281722217719 ], [ -61.398713678628042, -12.394531724410568 ], [ -61.397963680193726, -12.394531724410568 ] ] ] } },
{ "type": "Feature", "properties": { "DN": 1 }, "geometry": { "type": "Polygon", "coordinates": [ [ [ -61.35696376578472, -12.394531724410568 ], [ -61.35696376578472, -12.395281722217719 ], [ -61.357213765262827, -12.395281722217719 ], [ -61.357213765262827, -12.394531724410568 ], [ -61.35696376578472, -12.394531724410568 ] ] ] } },
{ "type": "Feature", "properties": { "DN": 1 }, "geometry": { "type": "Polygon", "coordinates": [ [ [ -61.388713699503896, -12.393781726603414 ], [ -61.388713699503896, -12.394281725141516 ], [ -61.388213700547688, -12.394281725141516 ], [ -61.388213700547688, -12.394531724410568 ], [ -61.387213702635272, -12.394531724410568 ], [ -61.387213702635272, -12.395531721486771 ], [ -61.388463700025788, -12.395531721486771 ], [ -61.388463700025788, -12.395281722217719 ], [ -61.388713699503896, -12.395281722217719 ], [ -61.388713699503896, -12.394781723679618 ], [ -61.388963698981996, -12.394781723679618 ], [ -61.388963698981996, -12.394531724410568 ], [ -61.390713695328721, -12.394531724410568 ], [ -61.390713695328721, -12.394281725141516 ], [ -61.39046369585062, -12.394281725141516 ], [ -61.39046369585062, -12.394031725872466 ], [ -61.388963698981996, -12.394031725872466 ], [ -61.388963698981996, -12.393781726603414 ], [ -61.388713699503896, -12.393781726603414 ] ] ] } },
{ "type": "Feature", "properties": { "DN": 1 }, "geometry": { "type": "Polygon", "coordinates": [ [ [ -61.332213817452455, -12.394281725141516 ], [ -61.332213817452455, -12.394531724410568 ], [ -61.332713816408656, -12.394531724410568 ], [ -61.332713816408656, -12.394281725141516 ], [ -61.332213817452455, -12.394281725141516 ] ] ] } },
{ "type": "Feature", "properties": { "DN": 1 }, "geometry": { "type": "Polygon", "coordinates": [ [ [ -61.326463829456067, -12.394031725872466 ], [ -61.326463829456067, -12.394281725141516 ], [ -61.326713828934174, -12.394281725141516 ], [ -61.326713828934174, -12.394031725872466 ], [ -61.326463829456067, -12.394031725872466 ] ] ] } },
{ "type": "Feature", "properties": { "DN": 1 }, "geometry": { "type": "Polygon", "coordinates": [ [ [ -61.326963828412275, -12.394031725872466 ], [ -61.326963828412275, -12.394281725141516 ], [ -61.327213827890375, -12.394281725141516 ], [ -61.327213827890375, -12.394031725872466 ], [ -61.326963828412275, -12.394031725872466 ] ] ] } },
{ "type": "Feature", "properties": { "DN": 1 }, "geometry": { "type": "Polygon", "coordinates": [ [ [ -61.326713828934174, -12.393781726603414 ], [ -61.326713828934174, -12.394031725872466 ], [ -61.326963828412275, -12.394031725872466 ], [ -61.326963828412275, -12.393781726603414 ], [ -61.326713828934174, -12.393781726603414 ] ] ] } },
{ "type": "Feature", "properties": { "DN": 1 }, "geometry": { "type": "Polygon", "coordinates": [ [ [ -61.388213700547688, -12.393781726603414 ], [ -61.388213700547688, -12.394031725872466 ], [ -61.388463700025788, -12.394031725872466 ], [ -61.388463700025788, -12.393781726603414 ], [ -61.388213700547688, -12.393781726603414 ] ] ] } },
{ "type": "Feature", "properties": { "DN": 1 }, "geometry": { "type": "Polygon", "coordinates": [ [ [ -61.388463700025788, -12.393531727334363 ], [ -61.388463700025788, -12.393781726603414 ], [ -61.388713699503896, -12.393781726603414 ], [ -61.388713699503896, -12.393531727334363 ], [ -61.388463700025788, -12.393531727334363 ] ] ] } },
{ "type": "Feature", "properties": { "DN": 1 }, "geometry": { "type": "Polygon", "coordinates": [ [ [ -61.399963676018558, -12.393031728796263 ], [ -61.399963676018558, -12.393781726603414 ], [ -61.400463674974766, -12.393781726603414 ], [ -61.400463674974766, -12.393281728065313 ], [ -61.400213675496666, -12.393281728065313 ], [ -61.400213675496666, -12.393031728796263 ], [ -61.399963676018558, -12.393031728796263 ] ] ] } },
{ "type": "Feature", "properties": { "DN": 1 }, "geometry": { "type": "Polygon", "coordinates": [ [ [ -61.407963659317879, -12.392781729527211 ], [ -61.407963659317879, -12.393031728796263 ], [ -61.407713659839771, -12.393031728796263 ], [ -61.407713659839771, -12.393281728065313 ], [ -61.408213658795979, -12.393281728065313 ], [ -61.408213658795979, -12.393531727334363 ], [ -61.408463658274087, -12.393531727334363 ], [ -61.408463658274087, -12.393031728796263 ], [ -61.408213658795979, -12.393031728796263 ], [ -61.408213658795979, -12.392781729527211 ], [ -61.407963659317879, -12.392781729527211 ] ] ] } },
{ "type": "Feature", "properties": { "DN": 1 }, "geometry": { "type": "Polygon", "coordinates": [ [ [ -61.404213667146323, -12.392781729527211 ], [ -61.404213667146323, -12.393281728065313 ], [ -61.404713666102531, -12.393281728065313 ], [ -61.404713666102531, -12.393031728796263 ], [ -61.405213665058739, -12.393031728796263 ], [ -61.405213665058739, -12.392781729527211 ], [ -61.404213667146323, -12.392781729527211 ] ] ] } },
{ "type": "Feature", "properties": { "DN": 1 }, "geometry": { "type": "Polygon", "coordinates": [ [ [ -61.33146381901814, -12.39253173025816 ], [ -61.33146381901814, -12.392781729527211 ], [ -61.333213815364864, -12.392781729527211 ], [ -61.333213815364864, -12.39253173025816 ], [ -61.33146381901814, -12.39253173025816 ] ] ] } },
{ "type": "Feature", "properties": { "DN": 1 }, "geometry": { "type": "Polygon", "coordinates": [ [ [ -61.399963676018558, -12.39228173098911 ], [ -61.399963676018558, -12.392781729527211 ], [ -61.400213675496666, -12.392781729527211 ], [ -61.400213675496666, -12.393031728796263 ], [ -61.400463674974766, -12.393031728796263 ], [ -61.400463674974766, -12.39228173098911 ], [ -61.399963676018558, -12.39228173098911 ] ] ] } },
{ "type": "Feature", "properties": { "DN": 1 }, "geometry": { "type": "Polygon", "coordinates": [ [ [ -61.403963667668222, -12.39228173098911 ], [ -61.403963667668222, -12.392781729527211 ], [ -61.404213667146323, -12.392781729527211 ], [ -61.404213667146323, -12.39203173172006 ], [ -61.403963667668222, -12.39203173172006 ], [ -61.403963667668222, -12.391781732451008 ], [ -61.403463668712014, -12.391781732451008 ], [ -61.403463668712014, -12.391531733181957 ], [ -61.403213669233907, -12.391531733181957 ], [ -61.403213669233907, -12.391281733912907 ], [ -61.402213671321491, -12.391281733912907 ], [ -61.402213671321491, -12.391531733181957 ], [ -61.402713670277699, -12.391531733181957 ], [ -61.402713670277699, -12.391781732451008 ], [ -61.402963669755806, -12.391781732451008 ], [ -61.402963669755806, -12.39203173172006 ], [ -61.402213671321491, -12.39203173172006 ], [ -61.402213671321491, -12.392781729527211 ], [ -61.402713670277699, -12.392781729527211 ], [ -61.402713670277699, -12.393281728065313 ], [ -61.403213669233907, -12.393281728065313 ], [ -61.403213669233907, -12.393531727334363 ], [ -61.403463668712014, -12.393531727334363 ], [ -61.403463668712014, -12.393781726603414 ], [ -61.403213669233907, -12.393781726603414 ], [ -61.403213669233907, -12.394031725872466 ], [ -61.402713670277699, -12.394031725872466 ], [ -61.402713670277699, -12.393781726603414 ], [ -61.402213671321491, -12.393781726603414 ], [ -61.402213671321491, -12.393531727334363 ], [ -61.40196367184339, -12.393531727334363 ], [ -61.40196367184339, -12.393031728796263 ], [ -61.401713672365283, -12.393031728796263 ], [ -61.401713672365283, -12.392781729527211 ], [ -61.401463672887182, -12.392781729527211 ], [ -61.401463672887182, -12.39228173098911 ], [ -61.401213673409075, -12.39228173098911 ], [ -61.401213673409075, -12.391531733181957 ], [ -61.400963673930974, -12.391531733181957 ], [ -61.400963673930974, -12.391031734643855 ], [ -61.401213673409075, -12.391031734643855 ], [ -61.401213673409075, -12.390781735374805 ], [ -61.400963673930974, -12.390781735374805 ], [ -61.400963673930974, -12.390531736105753 ], [ -61.400713674452874, -12.390531736105753 ], [ -61.400713674452874, -12.390781735374805 ], [ -61.400213675496666, -12.390781735374805 ], [ -61.400213675496666, -12.390531736105753 ], [ -61.399963676018558, -12.390531736105753 ], [ -61.399963676018558, -12.391281733912907 ], [ -61.400463674974766, -12.391281733912907 ], [ -61.400463674974766, -12.391781732451008 ], [ -61.400213675496666, -12.391781732451008 ], [ -61.400213675496666, -12.39203173172006 ], [ -61.400713674452874, -12.39203173172006 ], [ -61.400713674452874, -12.392781729527211 ], [ -61.400963673930974, -12.392781729527211 ], [ -61.400963673930974, -12.393031728796263 ], [ -61.401213673409075, -12.393031728796263 ], [ -61.401213673409075, -12.393781726603414 ], [ -61.400963673930974, -12.393781726603414 ], [ -61.400963673930974, -12.394031725872466 ], [ -61.400713674452874, -12.394031725872466 ], [ -61.400713674452874, -12.393781726603414 ], [ -61.400463674974766, -12.393781726603414 ], [ -61.400463674974766, -12.394031725872466 ], [ -61.400213675496666, -12.394031725872466 ], [ -61.400213675496666, -12.394281725141516 ], [ -61.403213669233907, -12.394281725141516 ], [ -61.403213669233907, -12.394531724410568 ], [ -61.403713668190115, -12.394531724410568 ], [ -61.403713668190115, -12.393531727334363 ], [ -61.404213667146323, -12.393531727334363 ], [ -61.404213667146323, -12.393281728065313 ], [ -61.403713668190115, -12.393281728065313 ], [ -61.403713668190115, -12.393031728796263 ], [ -61.403463668712014, -12.393031728796263 ], [ -61.403463668712014, -12.39228173098911 ], [ -61.403963667668222, -12.39228173098911 ] ], [ [ -61.403213669233907, -12.39228173098911 ], [ -61.403213669233907, -12.39203173172006 ], [ -61.403463668712014, -12.39203173172006 ], [ -61.403463668712014, -12.39228173098911 ], [ -61.403213669233907, -12.39228173098911 ] ] ] } },
{ "type": "Feature", "properties": { "DN": 1 }, "geometry": { "type": "Polygon", "coordinates": [ [ [ -61.414463645748576, -12.391781732451008 ], [ -61.414463645748576, -12.39203173172006 ], [ -61.414213646270468, -12.39203173172006 ], [ -61.414213646270468, -12.392781729527211 ], [ -61.414463645748576, -12.392781729527211 ], [ -61.414463645748576, -12.39228173098911 ], [ -61.414713645226676, -12.39228173098911 ], [ -61.414713645226676, -12.391781732451008 ], [ -61.414463645748576, -12.391781732451008 ] ] ] } },
{ "type": "Feature", "properties": { "DN": 1 }, "geometry": { "type": "Polygon", "coordinates": [ [ [ -61.383463710463715, -12.391531733181957 ], [ -61.383463710463715, -12.391781732451008 ], [ -61.383713709941816, -12.391781732451008 ], [ -61.383713709941816, -12.391531733181957 ], [ -61.383463710463715, -12.391531733181957 ] ] ] } },
{ "type": "Feature", "properties": { "DN": 1 }, "geometry": { "type": "Polygon", "coordinates": [ [ [ -61.361963755346792, -12.391281733912907 ], [ -61.361963755346792, -12.391531733181957 ], [ -61.3622137548249, -12.391531733181957 ], [ -61.3622137548249, -12.391281733912907 ], [ -61.361963755346792, -12.391281733912907 ] ] ] } },
{ "type": "Feature", "properties": { "DN": 1 }, "geometry": { "type": "Polygon", "coordinates": [ [ [ -61.37896371985785, -12.391281733912907 ], [ -61.37896371985785, -12.391531733181957 ], [ -61.379213719335951, -12.391531733181957 ], [ -61.379213719335951, -12.391281733912907 ], [ -61.37896371985785, -12.391281733912907 ] ] ] } },
{ "type": "Feature", "properties": { "DN": 1 }, "geometry": { "type": "Polygon", "coordinates": [ [ [ -61.414463645748576, -12.391031734643855 ], [ -61.414463645748576, -12.391531733181957 ], [ -61.414713645226676, -12.391531733181957 ], [ -61.414713645226676, -12.391031734643855 ], [ -61.414463645748576, -12.391031734643855 ] ] ] } },
{ "type": "Feature", "properties": { "DN": 1 }, "geometry": { "type": "Polygon", "coordinates": [ [ [ -61.326463829456067, -12.390531736105753 ], [ -61.326463829456067, -12.390781735374805 ], [ -61.326213829977959, -12.390781735374805 ], [ -61.326213829977959, -12.391281733912907 ], [ -61.325963830499859, -12.391281733912907 ], [ -61.325963830499859, -12.391531733181957 ], [ -61.326463829456067, -12.391531733181957 ], [ -61.326463829456067, -12.391281733912907 ], [ -61.326963828412275, -12.391281733912907 ], [ -61.326963828412275, -12.391031734643855 ], [ -61.326713828934174, -12.391031734643855 ], [ -61.326713828934174, -12.390781735374805 ], [ -61.326963828412275, -12.390781735374805 ], [ -61.326963828412275, -12.390531736105753 ], [ -61.326463829456067, -12.390531736105753 ] ] ] } },
{ "type": "Feature", "properties": { "DN": 1 }, "geometry": { "type": "Polygon", "coordinates": [ [ [ -61.379463718814051, -12.390281736836704 ], [ -61.379463718814051, -12.390781735374805 ], [ -61.379213719335951, -12.390781735374805 ], [ -61.379213719335951, -12.391031734643855 ], [ -61.379463718814051, -12.391031734643855 ], [ -61.379463718814051, -12.391281733912907 ], [ -61.379713718292159, -12.391281733912907 ], [ -61.379713718292159, -12.391031734643855 ], [ -61.380213717248367, -12.391031734643855 ], [ -61.380213717248367, -12.390531736105753 ], [ -61.380463716726467, -12.390531736105753 ], [ -61.380463716726467, -12.390281736836704 ], [ -61.379463718814051, -12.390281736836704 ] ] ] } },
{ "type": "Feature", "properties": { "DN": 1 }, "geometry": { "type": "Polygon", "coordinates": [ [ [ -61.381963713595091, -12.390531736105753 ], [ -61.381963713595091, -12.390781735374805 ], [ -61.382213713073199, -12.390781735374805 ], [ -61.382213713073199, -12.390531736105753 ], [ -61.381963713595091, -12.390531736105753 ] ] ] } },
{ "type": "Feature", "properties": { "DN": 1 }, "geometry": { "type": "Polygon", "coordinates": [ [ [ -61.325713831021758, -12.390531736105753 ], [ -61.325713831021758, -12.390781735374805 ], [ -61.326213829977959, -12.390781735374805 ], [ -61.326213829977959, -12.390531736105753 ], [ -61.325713831021758, -12.390531736105753 ] ] ] } },
{ "type": "Feature", "properties": { "DN": 1 }, "geometry": { "type": "Polygon", "coordinates": [ [ [ -61.400463674974766, -12.390281736836704 ], [ -61.400463674974766, -12.390531736105753 ], [ -61.400713674452874, -12.390531736105753 ], [ -61.400713674452874, -12.390281736836704 ], [ -61.400463674974766, -12.390281736836704 ] ] ] } },
{ "type": "Feature", "properties": { "DN": 1 }, "geometry": { "type": "Polygon", "coordinates": [ [ [ -61.406713661927363, -12.388281742684295 ], [ -61.406713661927363, -12.389281739760499 ], [ -61.406963661405463, -12.389281739760499 ], [ -61.406963661405463, -12.38953173902955 ], [ -61.406463662449255, -12.38953173902955 ], [ -61.406463662449255, -12.389031740491449 ], [ -61.405963663493047, -12.389031740491449 ], [ -61.405963663493047, -12.38953173902955 ], [ -61.406213662971155, -12.38953173902955 ], [ -61.406213662971155, -12.391531733181957 ], [ -61.405713664014947, -12.391531733181957 ], [ -61.405713664014947, -12.391281733912907 ], [ -61.405463664536839, -12.391281733912907 ], [ -61.405463664536839, -12.390281736836704 ], [ -61.404713666102531, -12.390281736836704 ], [ -61.404713666102531, -12.390531736105753 ], [ -61.404463666624423, -12.390531736105753 ], [ -61.404463666624423, -12.390781735374805 ], [ -61.404213667146323, -12.390781735374805 ], [ -61.404213667146323, -12.390531736105753 ], [ -61.403963667668222, -12.390531736105753 ], [ -61.403963667668222, -12.389781738298602 ], [ -61.403713668190115, -12.389781738298602 ], [ -61.403713668190115, -12.389281739760499 ], [ -61.402713670277699, -12.389281739760499 ], [ -61.402713670277699, -12.389031740491449 ], [ -61.40196367184339, -12.389031740491449 ], [ -61.40196367184339, -12.38953173902955 ], [ -61.402213671321491, -12.38953173902955 ], [ -61.402213671321491, -12.389781738298602 ], [ -61.403213669233907, -12.389781738298602 ], [ -61.403213669233907, -12.390281736836704 ], [ -61.403463668712014, -12.390281736836704 ], [ -61.403463668712014, -12.390531736105753 ], [ -61.403713668190115, -12.390531736105753 ], [ -61.403713668190115, -12.390781735374805 ], [ -61.403963667668222, -12.390781735374805 ], [ -61.403963667668222, -12.391031734643855 ], [ -61.404213667146323, -12.391031734643855 ], [ -61.404213667146323, -12.391281733912907 ], [ -61.404463666624423, -12.391281733912907 ], [ -61.404463666624423, -12.391781732451008 ], [ -61.404713666102531, -12.391781732451008 ], [ -61.404713666102531, -12.39203173172006 ], [ -61.405463664536839, -12.39203173172006 ], [ -61.405463664536839, -12.391781732451008 ], [ -61.406213662971155, -12.391781732451008 ], [ -61.406213662971155, -12.39203173172006 ], [ -61.406463662449255, -12.39203173172006 ], [ -61.406463662449255, -12.391781732451008 ], [ -61.406713661927363, -12.391781732451008 ], [ -61.406713661927363, -12.391531733181957 ], [ -61.407713659839771, -12.391531733181957 ], [ -61.407713659839771, -12.391781732451008 ], [ -61.408213658795979, -12.391781732451008 ], [ -61.408213658795979, -12.391281733912907 ], [ -61.406713661927363, -12.391281733912907 ], [ -61.406713661927363, -12.390781735374805 ], [ -61.406963661405463, -12.390781735374805 ], [ -61.406963661405463, -12.390531736105753 ], [ -61.407213660883571, -12.390531736105753 ], [ -61.407213660883571, -12.390281736836704 ], [ -61.407713659839771, -12.390281736836704 ], [ -61.407713659839771, -12.38953173902955 ], [ -61.407213660883571, -12.38953173902955 ], [ -61.407213660883571, -12.388281742684295 ], [ -61.406713661927363, -12.388281742684295 ] ], [ [ -61.406963661405463, -12.390281736836704 ], [ -61.406713661927363, -12.390281736836704 ], [ -61.406713661927363, -12.389781738298602 ], [ -61.406963661405463, -12.389781738298602 ], [ -61.406963661405463, -12.390281736836704 ] ] ] } },
{ "type": "Feature", "properties": { "DN": 1 }, "geometry": { "type": "Polygon", "coordinates": [ [ [ -61.345213790313849, -12.390031737567652 ], [ -61.345213790313849, -12.390281736836704 ], [ -61.34546378979195, -12.390281736836704 ], [ -61.34546378979195, -12.390031737567652 ], [ -61.345213790313849, -12.390031737567652 ] ] ] } },
{ "type": "Feature", "properties": { "DN": 1 }, "geometry": { "type": "Polygon", "coordinates": [ [ [ -61.326463829456067, -12.389781738298602 ], [ -61.326463829456067, -12.390281736836704 ], [ -61.326713828934174, -12.390281736836704 ], [ -61.326713828934174, -12.389781738298602 ], [ -61.326463829456067, -12.389781738298602 ] ] ] } },
{ "type": "Feature", "properties": { "DN": 1 }, "geometry": { "type": "Polygon", "coordinates": [ [ [ -61.337963805448837, -12.389781738298602 ], [ -61.337963805448837, -12.390031737567652 ], [ -61.338213804926944, -12.390031737567652 ], [ -61.338213804926944, -12.389781738298602 ], [ -61.337963805448837, -12.389781738298602 ] ] ] } },
{ "type": "Feature", "properties": { "DN": 1 }, "geometry": { "type": "Polygon", "coordinates": [ [ [ -61.381213715160783, -12.389031740491449 ], [ -61.381213715160783, -12.389781738298602 ], [ -61.380963715682675, -12.389781738298602 ], [ -61.380963715682675, -12.390531736105753 ], [ -61.381213715160783, -12.390531736105753 ], [ -61.381213715160783, -12.390281736836704 ], [ -61.381713714116991, -12.390281736836704 ], [ -61.381713714116991, -12.390531736105753 ], [ -61.381963713595091, -12.390531736105753 ], [ -61.381963713595091, -12.390281736836704 ], [ -61.382213713073199, -12.390281736836704 ], [ -61.382213713073199, -12.389281739760499 ], [ -61.381963713595091, -12.389281739760499 ], [ -61.381963713595091, -12.389031740491449 ], [ -61.381213715160783, -12.389031740491449 ] ] ] } },
{ "type": "Feature", "properties": { "DN": 1 }, "geometry": { "type": "Polygon", "coordinates": [ [ [ -61.404713666102531, -12.38953173902955 ], [ -61.404713666102531, -12.389781738298602 ], [ -61.405213665058739, -12.389781738298602 ], [ -61.405213665058739, -12.38953173902955 ], [ -61.404713666102531, -12.38953173902955 ] ] ] } },
{ "type": "Feature", "properties": { "DN": 1 }, "geometry": { "type": "Polygon", "coordinates": [ [ [ -61.378713720379743, -12.38953173902955 ], [ -61.378713720379743, -12.389781738298602 ], [ -61.379463718814051, -12.389781738298602 ], [ -61.379463718814051, -12.38953173902955 ], [ -61.378713720379743, -12.38953173902955 ] ] ] } },
{ "type": "Feature", "properties": { "DN": 1 }, "geometry": { "type": "Polygon", "coordinates": [ [ [ -61.414213646270468, -12.388781741222399 ], [ -61.414213646270468, -12.389031740491449 ], [ -61.413963646792368, -12.389031740491449 ], [ -61.413963646792368, -12.389281739760499 ], [ -61.414713645226676, -12.389281739760499 ], [ -61.414713645226676, -12.38953173902955 ], [ -61.415213644182884, -12.38953173902955 ], [ -61.415213644182884, -12.390531736105753 ], [ -61.415463643660992, -12.390531736105753 ], [ -61.415463643660992, -12.390281736836704 ], [ -61.415713643139092, -12.390281736836704 ], [ -61.415713643139092, -12.389781738298602 ], [ -61.415463643660992, -12.389781738298602 ], [ -61.415463643660992, -12.38953173902955 ], [ -61.415713643139092, -12.38953173902955 ], [ -61.415713643139092, -12.389031740491449 ], [ -61.414463645748576, -12.389031740491449 ], [ -61.414463645748576, -12.388781741222399 ], [ -61.414213646270468, -12.388781741222399 ] ] ] } },
{ "type": "Feature", "properties": { "DN": 1 }, "geometry": { "type": "Polygon", "coordinates": [ [ [ -61.323213836240718, -12.389281739760499 ], [ -61.323213836240718, -12.38953173902955 ], [ -61.323463835718826, -12.38953173902955 ], [ -61.323463835718826, -12.389281739760499 ], [ -61.323213836240718, -12.389281739760499 ] ] ] } },
{ "type": "Feature", "properties": { "DN": 1 }, "geometry": { "type": "Polygon", "coordinates": [ [ [ -61.365713747518349, -12.389031740491449 ], [ -61.365713747518349, -12.389281739760499 ], [ -61.365963746996457, -12.389281739760499 ], [ -61.365963746996457, -12.38953173902955 ], [ -61.366213746474557, -12.38953173902955 ], [ -61.366213746474557, -12.389031740491449 ], [ -61.365713747518349, -12.389031740491449 ] ] ] } },
{ "type": "Feature", "properties": { "DN": 1 }, "geometry": { "type": "Polygon", "coordinates": [ [ [ -61.325963830499859, -12.389031740491449 ], [ -61.325963830499859, -12.389281739760499 ], [ -61.326213829977959, -12.389281739760499 ], [ -61.326213829977959, -12.389031740491449 ], [ -61.325963830499859, -12.389031740491449 ] ] ] } },
{ "type": "Feature", "properties": { "DN": 1 }, "geometry": { "type": "Polygon", "coordinates": [ [ [ -61.339213802839353, -12.389031740491449 ], [ -61.339213802839353, -12.389281739760499 ], [ -61.339463802317461, -12.389281739760499 ], [ -61.339463802317461, -12.389031740491449 ], [ -61.339213802839353, -12.389031740491449 ] ] ] } },
{ "type": "Feature", "properties": { "DN": 1 }, "geometry": { "type": "Polygon", "coordinates": [ [ [ -61.327213827890375, -12.388781741222399 ], [ -61.327213827890375, -12.389031740491449 ], [ -61.327463827368483, -12.389031740491449 ], [ -61.327463827368483, -12.389281739760499 ], [ -61.327713826846583, -12.389281739760499 ], [ -61.327713826846583, -12.388781741222399 ], [ -61.327213827890375, -12.388781741222399 ] ] ] } },
{ "type": "Feature", "properties": { "DN": 1 }, "geometry": { "type": "Polygon", "coordinates": [ [ [ -61.339463802317461, -12.388781741222399 ], [ -61.339463802317461, -12.389031740491449 ], [ -61.340963799186085, -12.389031740491449 ], [ -61.340963799186085, -12.388781741222399 ], [ -61.339463802317461, -12.388781741222399 ] ] ] } },
{ "type": "Feature", "properties": { "DN": 1 }, "geometry": { "type": "Polygon", "coordinates": [ [ [ -61.364963749084041, -12.388781741222399 ], [ -61.364963749084041, -12.389031740491449 ], [ -61.365713747518349, -12.389031740491449 ], [ -61.365713747518349, -12.388781741222399 ], [ -61.364963749084041, -12.388781741222399 ] ] ] } },
{ "type": "Feature", "properties": { "DN": 1 }, "geometry": { "type": "Polygon", "coordinates": [ [ [ -61.324213834153134, -12.388531741953347 ], [ -61.324213834153134, -12.388781741222399 ], [ -61.324713833109342, -12.388781741222399 ], [ -61.324713833109342, -12.389281739760499 ], [ -61.324963832587443, -12.389281739760499 ], [ -61.324963832587443, -12.388531741953347 ], [ -61.324213834153134, -12.388531741953347 ] ] ] } },
{ "type": "Feature", "properties": { "DN": 1 }, "geometry": { "type": "Polygon", "coordinates": [ [ [ -61.363713751693524, -12.388531741953347 ], [ -61.363713751693524, -12.389031740491449 ], [ -61.363963751171624, -12.389031740491449 ], [ -61.363963751171624, -12.388531741953347 ], [ -61.363713751693524, -12.388531741953347 ] ] ] } },
{ "type": "Feature", "properties": { "DN": 1 }, "geometry": { "type": "Polygon", "coordinates": [ [ [ -61.326713828934174, -12.388531741953347 ], [ -61.326713828934174, -12.388781741222399 ], [ -61.326463829456067, -12.388781741222399 ], [ -61.326463829456067, -12.389031740491449 ], [ -61.326963828412275, -12.389031740491449 ], [ -61.326963828412275, -12.388781741222399 ], [ -61.327213827890375, -12.388781741222399 ], [ -61.327213827890375, -12.388531741953347 ], [ -61.326713828934174, -12.388531741953347 ] ] ] } },
{ "type": "Feature", "properties": { "DN": 1 }, "geometry": { "type": "Polygon", "coordinates": [ [ [ -61.397213681759418, -12.388281742684295 ], [ -61.397213681759418, -12.389031740491449 ], [ -61.397963680193726, -12.389031740491449 ], [ -61.397963680193726, -12.388531741953347 ], [ -61.397713680715626, -12.388531741953347 ], [ -61.397713680715626, -12.388281742684295 ], [ -61.397213681759418, -12.388281742684295 ] ] ] } },
{ "type": "Feature", "properties": { "DN": 1 }, "geometry": { "type": "Polygon", "coordinates": [ [ [ -61.3827137120294, -12.388531741953347 ], [ -61.3827137120294, -12.388781741222399 ], [ -61.382963711507507, -12.388781741222399 ], [ -61.382963711507507, -12.388531741953347 ], [ -61.3827137120294, -12.388531741953347 ] ] ] } },
{ "type": "Feature", "properties": { "DN": 1 }, "geometry": { "type": "Polygon", "coordinates": [ [ [ -61.340963799186085, -12.388531741953347 ], [ -61.340963799186085, -12.388781741222399 ], [ -61.341213798664185, -12.388781741222399 ], [ -61.341213798664185, -12.388531741953347 ], [ -61.340963799186085, -12.388531741953347 ] ] ] } },
{ "type": "Feature", "properties": { "DN": 1 }, "geometry": { "type": "Polygon", "coordinates": [ [ [ -61.380713716204575, -12.388281742684295 ], [ -61.380713716204575, -12.388781741222399 ], [ -61.380963715682675, -12.388781741222399 ], [ -61.380963715682675, -12.389031740491449 ], [ -61.381213715160783, -12.389031740491449 ], [ -61.381213715160783, -12.388281742684295 ], [ -61.380713716204575, -12.388281742684295 ] ] ] } },
{ "type": "Feature", "properties": { "DN": 1 }, "geometry": { "type": "Polygon", "coordinates": [ [ [ -61.336463808580213, -12.388281742684295 ], [ -61.336463808580213, -12.388531741953347 ], [ -61.33671380805832, -12.388531741953347 ], [ -61.33671380805832, -12.388281742684295 ], [ -61.336463808580213, -12.388281742684295 ] ] ] } },
{ "type": "Feature", "properties": { "DN": 1 }, "geometry": { "type": "Polygon", "coordinates": [ [ [ -61.364713749605933, -12.388031743415246 ], [ -61.364713749605933, -12.388781741222399 ], [ -61.364963749084041, -12.388781741222399 ], [ -61.364963749084041, -12.388031743415246 ], [ -61.364713749605933, -12.388031743415246 ] ] ] } },
{ "type": "Feature", "properties": { "DN": 1 }, "geometry": { "type": "Polygon", "coordinates": [ [ [ -61.322963836762618, -12.385281751455686 ], [ -61.322963836762618, -12.386281748531889 ], [ -61.32271383728451, -12.386281748531889 ], [ -61.32271383728451, -12.386781747069991 ], [ -61.322963836762618, -12.386781747069991 ], [ -61.322963836762618, -12.387031746339042 ], [ -61.323213836240718, -12.387031746339042 ], [ -61.323213836240718, -12.387281745608092 ], [ -61.323463835718826, -12.387281745608092 ], [ -61.323463835718826, -12.387531744877144 ], [ -61.322963836762618, -12.387531744877144 ], [ -61.322963836762618, -12.387781744146194 ], [ -61.32271383728451, -12.387781744146194 ], [ -61.32271383728451, -12.388281742684295 ], [ -61.322963836762618, -12.388281742684295 ], [ -61.322963836762618, -12.388031743415246 ], [ -61.323213836240718, -12.388031743415246 ], [ -61.323213836240718, -12.387781744146194 ], [ -61.323463835718826, -12.387781744146194 ], [ -61.323463835718826, -12.388031743415246 ], [ -61.323713835196926, -12.388031743415246 ], [ -61.323713835196926, -12.388281742684295 ], [ -61.323463835718826, -12.388281742684295 ], [ -61.323463835718826, -12.388531741953347 ], [ -61.323713835196926, -12.388531741953347 ], [ -61.323713835196926, -12.389031740491449 ], [ -61.323463835718826, -12.389031740491449 ], [ -61.323463835718826, -12.389281739760499 ], [ -61.323963834675027, -12.389281739760499 ], [ -61.323963834675027, -12.38953173902955 ], [ -61.324213834153134, -12.38953173902955 ], [ -61.324213834153134, -12.389781738298602 ], [ -61.323963834675027, -12.389781738298602 ], [ -61.323963834675027, -12.390031737567652 ], [ -61.323463835718826, -12.390031737567652 ], [ -61.323463835718826, -12.389781738298602 ], [ -61.323213836240718, -12.389781738298602 ], [ -61.323213836240718, -12.38953173902955 ], [ -61.322963836762618, -12.38953173902955 ], [ -61.322963836762618, -12.390031737567652 ], [ -61.323213836240718, -12.390031737567652 ], [ -61.323213836240718, -12.390281736836704 ], [ -61.323463835718826, -12.390281736836704 ], [ -61.323463835718826, -12.391281733912907 ], [ -61.324713833109342, -12.391281733912907 ], [ -61.324713833109342, -12.390531736105753 ], [ -61.324213834153134, -12.390531736105753 ], [ -61.324213834153134, -12.390281736836704 ], [ -61.324463833631235, -12.390281736836704 ], [ -61.324463833631235, -12.390031737567652 ], [ -61.32521383206555, -12.390031737567652 ], [ -61.32521383206555, -12.389781738298602 ], [ -61.325463831543651, -12.389781738298602 ], [ -61.325463831543651, -12.38953173902955 ], [ -61.325713831021758, -12.38953173902955 ], [ -61.325713831021758, -12.389781738298602 ], [ -61.325963830499859, -12.389781738298602 ], [ -61.325963830499859, -12.389281739760499 ], [ -61.325713831021758, -12.389281739760499 ], [ -61.325713831021758, -12.389031740491449 ], [ -61.325463831543651, -12.389031740491449 ], [ -61.325463831543651, -12.388781741222399 ], [ -61.325713831021758, -12.388781741222399 ], [ -61.325713831021758, -12.388281742684295 ], [ -61.325463831543651, -12.388281742684295 ], [ -61.325463831543651, -12.388031743415246 ], [ -61.325713831021758, -12.388031743415246 ], [ -61.325713831021758, -12.387281745608092 ], [ -61.324713833109342, -12.387281745608092 ], [ -61.324713833109342, -12.387781744146194 ], [ -61.324463833631235, -12.387781744146194 ], [ -61.324463833631235, -12.388031743415246 ], [ -61.324213834153134, -12.388031743415246 ], [ -61.324213834153134, -12.387781744146194 ], [ -61.323963834675027, -12.387781744146194 ], [ -61.323963834675027, -12.387531744877144 ], [ -61.323713835196926, -12.387531744877144 ], [ -61.323713835196926, -12.387031746339042 ], [ -61.323463835718826, -12.387031746339042 ], [ -61.323463835718826, -12.386781747069991 ], [ -61.323213836240718, -12.386781747069991 ], [ -61.323213836240718, -12.386531747800941 ], [ -61.323463835718826, -12.386531747800941 ], [ -61.323463835718826, -12.386281748531889 ], [ -61.323213836240718, -12.386281748531889 ], [ -61.323213836240718, -12.385531750724738 ], [ -61.323463835718826, -12.385531750724738 ], [ -61.323463835718826, -12.385281751455686 ], [ -61.322963836762618, -12.385281751455686 ] ], [ [ -61.325463831543651, -12.387781744146194 ], [ -61.32521383206555, -12.387781744146194 ], [ -61.32521383206555, -12.38953173902955 ], [ -61.324963832587443, -12.38953173902955 ], [ -61.324963832587443, -12.389781738298602 ], [ -61.324463833631235, -12.389781738298602 ], [ -61.324463833631235, -12.389281739760499 ], [ -61.324213834153134, -12.389281739760499 ], [ -61.324213834153134, -12.389031740491449 ], [ -61.323963834675027, -12.389031740491449 ], [ -61.323963834675027, -12.388281742684295 ], [ -61.324713833109342, -12.388281742684295 ], [ -61.324713833109342, -12.388031743415246 ], [ -61.324963832587443, -12.388031743415246 ], [ -61.324963832587443, -12.387531744877144 ], [ -61.325463831543651, -12.387531744877144 ], [ -61.325463831543651, -12.387781744146194 ] ], [ [ -61.324463833631235, -12.391031734643855 ], [ -61.324213834153134, -12.391031734643855 ], [ -61.324213834153134, -12.390781735374805 ], [ -61.324463833631235, -12.390781735374805 ], [ -61.324463833631235, -12.391031734643855 ] ] ] } },
{ "type": "Feature", "properties": { "DN": 1 }, "geometry": { "type": "Polygon", "coordinates": [ [ [ -61.380213717248367, -12.388031743415246 ], [ -61.380213717248367, -12.388281742684295 ], [ -61.380463716726467, -12.388281742684295 ], [ -61.380463716726467, -12.388031743415246 ], [ -61.380213717248367, -12.388031743415246 ] ] ] } },
{ "type": "Feature", "properties": { "DN": 1 }, "geometry": { "type": "Polygon", "coordinates": [ [ [ -61.364463750127832, -12.387781744146194 ], [ -61.364463750127832, -12.388031743415246 ], [ -61.364713749605933, -12.388031743415246 ], [ -61.364713749605933, -12.387781744146194 ], [ -61.364463750127832, -12.387781744146194 ] ] ] } },
{ "type": "Feature", "properties": { "DN": 1 }, "geometry": { "type": "Polygon", "coordinates": [ [ [ -61.360713757956276, -12.388031743415246 ], [ -61.360713757956276, -12.387781744146194 ], [ -61.360463758478176, -12.387781744146194 ], [ -61.360463758478176, -12.387531744877144 ], [ -61.359963759521968, -12.387531744877144 ], [ -61.359963759521968, -12.387281745608092 ], [ -61.35971376004386, -12.387281745608092 ], [ -61.35971376004386, -12.387031746339042 ], [ -61.35946376056576, -12.387031746339042 ], [ -61.35946376056576, -12.386781747069991 ], [ -61.359213761087652, -12.386781747069991 ], [ -61.359213761087652, -12.386531747800941 ], [ -61.358963761609552, -12.386531747800941 ], [ -61.358963761609552, -12.386281748531889 ], [ -61.358213763175236, -12.386281748531889 ], [ -61.358213763175236, -12.386531747800941 ], [ -61.358463762653344, -12.386531747800941 ], [ -61.358463762653344, -12.387031746339042 ], [ -61.358963761609552, -12.387031746339042 ], [ -61.358963761609552, -12.387281745608092 ], [ -61.359213761087652, -12.387281745608092 ], [ -61.359213761087652, -12.387531744877144 ], [ -61.35971376004386, -12.387531744877144 ], [ -61.35971376004386, -12.388781741222399 ], [ -61.359963759521968, -12.388781741222399 ], [ -61.359963759521968, -12.389031740491449 ], [ -61.360463758478176, -12.389031740491449 ], [ -61.360463758478176, -12.389281739760499 ], [ -61.360213759000068, -12.389281739760499 ], [ -61.360213759000068, -12.38953173902955 ], [ -61.359963759521968, -12.38953173902955 ], [ -61.359963759521968, -12.390531736105753 ], [ -61.35971376004386, -12.390531736105753 ], [ -61.35971376004386, -12.391781732451008 ], [ -61.359963759521968, -12.391781732451008 ], [ -61.359963759521968, -12.39228173098911 ], [ -61.360213759000068, -12.39228173098911 ], [ -61.360213759000068, -12.39253173025816 ], [ -61.360463758478176, -12.39253173025816 ], [ -61.360463758478176, -12.39228173098911 ], [ -61.361463756390584, -12.39228173098911 ], [ -61.361463756390584, -12.39203173172006 ], [ -61.361963755346792, -12.39203173172006 ], [ -61.361963755346792, -12.391531733181957 ], [ -61.361463756390584, -12.391531733181957 ], [ -61.361463756390584, -12.391281733912907 ], [ -61.361213756912484, -12.391281733912907 ], [ -61.361213756912484, -12.390281736836704 ], [ -61.361463756390584, -12.390281736836704 ], [ -61.361463756390584, -12.391031734643855 ], [ -61.361963755346792, -12.391031734643855 ], [ -61.361963755346792, -12.389031740491449 ], [ -61.361713755868692, -12.389031740491449 ], [ -61.361713755868692, -12.388531741953347 ], [ -61.361963755346792, -12.388531741953347 ], [ -61.361963755346792, -12.388781741222399 ], [ -61.3622137548249, -12.388781741222399 ], [ -61.3622137548249, -12.388531741953347 ], [ -61.362463754303, -12.388531741953347 ], [ -61.362463754303, -12.388281742684295 ], [ -61.3622137548249, -12.388281742684295 ], [ -61.3622137548249, -12.388031743415246 ], [ -61.362713753781108, -12.388031743415246 ], [ -61.362713753781108, -12.387781744146194 ], [ -61.362963753259208, -12.387781744146194 ], [ -61.362963753259208, -12.387281745608092 ], [ -61.363213752737316, -12.387281745608092 ], [ -61.363213752737316, -12.387031746339042 ], [ -61.363463752215416, -12.387031746339042 ], [ -61.363463752215416, -12.388281742684295 ], [ -61.363963751171624, -12.388281742684295 ], [ -61.363963751171624, -12.386781747069991 ], [ -61.363463752215416, -12.386781747069991 ], [ -61.363463752215416, -12.386281748531889 ], [ -61.363963751171624, -12.386281748531889 ], [ -61.363963751171624, -12.386031749262839 ], [ -61.364713749605933, -12.386031749262839 ], [ -61.364713749605933, -12.387031746339042 ], [ -61.364963749084041, -12.387031746339042 ], [ -61.364963749084041, -12.385781749993788 ], [ -61.365463748040249, -12.385781749993788 ], [ -61.365463748040249, -12.385531750724738 ], [ -61.365713747518349, -12.385531750724738 ], [ -61.365713747518349, -12.385281751455686 ], [ -61.365963746996457, -12.385281751455686 ], [ -61.365963746996457, -12.385031752186634 ], [ -61.366713745430765, -12.385031752186634 ], [ -61.366713745430765, -12.386031749262839 ], [ -61.366963744908873, -12.386031749262839 ], [ -61.366963744908873, -12.386281748531889 ], [ -61.366713745430765, -12.386281748531889 ], [ -61.366713745430765, -12.386531747800941 ], [ -61.366963744908873, -12.386531747800941 ], [ -61.366963744908873, -12.387031746339042 ], [ -61.367213744386973, -12.387031746339042 ], [ -61.367213744386973, -12.388281742684295 ], [ -61.367463743865073, -12.388281742684295 ], [ -61.367463743865073, -12.388531741953347 ], [ -61.367213744386973, -12.388531741953347 ], [ -61.367213744386973, -12.389031740491449 ], [ -61.366963744908873, -12.389031740491449 ], [ -61.366963744908873, -12.38953173902955 ], [ -61.366213746474557, -12.38953173902955 ], [ -61.366213746474557, -12.389781738298602 ], [ -61.366713745430765, -12.389781738298602 ], [ -61.366713745430765, -12.390531736105753 ], [ -61.367713743343181, -12.390531736105753 ], [ -61.367713743343181, -12.390281736836704 ], [ -61.367963742821281, -12.390281736836704 ], [ -61.367963742821281, -12.38953173902955 ], [ -61.368213742299389, -12.38953173902955 ], [ -61.368213742299389, -12.389031740491449 ], [ -61.368463741777489, -12.389031740491449 ], [ -61.368463741777489, -12.388781741222399 ], [ -61.368713741255597, -12.388781741222399 ], [ -61.368713741255597, -12.388031743415246 ], [ -61.368463741777489, -12.388031743415246 ], [ -61.368463741777489, -12.386781747069991 ], [ -61.368213742299389, -12.386781747069991 ], [ -61.368213742299389, -12.386031749262839 ], [ -61.367963742821281, -12.386031749262839 ], [ -61.367963742821281, -12.384531753648535 ], [ -61.368463741777489, -12.384531753648535 ], [ -61.368463741777489, -12.384281754379483 ], [ -61.369463739689905, -12.384281754379483 ], [ -61.369463739689905, -12.383031758034228 ], [ -61.368713741255597, -12.383031758034228 ], [ -61.368713741255597, -12.38328175730328 ], [ -61.368463741777489, -12.38328175730328 ], [ -61.368463741777489, -12.38353175657233 ], [ -61.368213742299389, -12.38353175657233 ], [ -61.368213742299389, -12.383031758034228 ], [ -61.367963742821281, -12.383031758034228 ], [ -61.367963742821281, -12.38328175730328 ], [ -61.367463743865073, -12.38328175730328 ], [ -61.367463743865073, -12.38353175657233 ], [ -61.367213744386973, -12.38353175657233 ], [ -61.367213744386973, -12.383781755841381 ], [ -61.366963744908873, -12.383781755841381 ], [ -61.366963744908873, -12.384031755110431 ], [ -61.365463748040249, -12.384031755110431 ], [ -61.365463748040249, -12.384281754379483 ], [ -61.364713749605933, -12.384281754379483 ], [ -61.364713749605933, -12.384531753648535 ], [ -61.364963749084041, -12.384531753648535 ], [ -61.364963749084041, -12.384781752917585 ], [ -61.363463752215416, -12.384781752917585 ], [ -61.363463752215416, -12.385281751455686 ], [ -61.362963753259208, -12.385281751455686 ], [ -61.362963753259208, -12.385531750724738 ], [ -61.362713753781108, -12.385531750724738 ], [ -61.362713753781108, -12.387031746339042 ], [ -61.3622137548249, -12.387031746339042 ], [ -61.3622137548249, -12.387281745608092 ], [ -61.361963755346792, -12.387281745608092 ], [ -61.361963755346792, -12.387781744146194 ], [ -61.361713755868692, -12.387781744146194 ], [ -61.361713755868692, -12.388031743415246 ], [ -61.360713757956276, -12.388031743415246 ] ], [ [ -61.361963755346792, -12.388031743415246 ], [ -61.361963755346792, -12.388281742684295 ], [ -61.361713755868692, -12.388281742684295 ], [ -61.361713755868692, -12.388031743415246 ], [ -61.361963755346792, -12.388031743415246 ] ], [ [ -61.360963757434376, -12.389281739760499 ], [ -61.360963757434376, -12.388531741953347 ], [ -61.361213756912484, -12.388531741953347 ], [ -61.361213756912484, -12.388781741222399 ], [ -61.361463756390584, -12.388781741222399 ], [ -61.361463756390584, -12.389281739760499 ], [ -61.360963757434376, -12.389281739760499 ] ], [ [ -61.361713755868692, -12.389281739760499 ], [ -61.361713755868692, -12.38953173902955 ], [ -61.361463756390584, -12.38953173902955 ], [ -61.361463756390584, -12.389281739760499 ], [ -61.361713755868692, -12.389281739760499 ] ], [ [ -61.360713757956276, -12.389781738298602 ], [ -61.360463758478176, -12.389781738298602 ], [ -61.360463758478176, -12.38953173902955 ], [ -61.360713757956276, -12.38953173902955 ], [ -61.360713757956276, -12.389781738298602 ] ], [ [ -61.361463756390584, -12.390031737567652 ], [ -61.361213756912484, -12.390031737567652 ], [ -61.361213756912484, -12.389781738298602 ], [ -61.361463756390584, -12.389781738298602 ], [ -61.361463756390584, -12.390031737567652 ] ], [ [ -61.360963757434376, -12.391031734643855 ], [ -61.360463758478176, -12.391031734643855 ], [ -61.360463758478176, -12.390781735374805 ], [ -61.360963757434376, -12.390781735374805 ], [ -61.360963757434376, -12.391031734643855 ] ] ] } },
{ "type": "Feature", "properties": { "DN": 1 }, "geometry": { "type": "Polygon", "coordinates": [ [ [ -61.415213644182884, -12.387281745608092 ], [ -61.415213644182884, -12.387781744146194 ], [ -61.415463643660992, -12.387781744146194 ], [ -61.415463643660992, -12.387281745608092 ], [ -61.415213644182884, -12.387281745608092 ] ] ] } },
{ "type": "Feature", "properties": { "DN": 1 }, "geometry": { "type": "Polygon", "coordinates": [ [ [ -61.34821378405109, -12.387281745608092 ], [ -61.34821378405109, -12.387531744877144 ], [ -61.348463783529198, -12.387531744877144 ], [ -61.348463783529198, -12.387781744146194 ], [ -61.348713783007298, -12.387781744146194 ], [ -61.348713783007298, -12.387281745608092 ], [ -61.34821378405109, -12.387281745608092 ] ] ] } },
{ "type": "Feature", "properties": { "DN": 1 }, "geometry": { "type": "Polygon", "coordinates": [ [ [ -61.364213750649725, -12.387281745608092 ], [ -61.364213750649725, -12.387781744146194 ], [ -61.364463750127832, -12.387781744146194 ], [ -61.364463750127832, -12.387281745608092 ], [ -61.364213750649725, -12.387281745608092 ] ] ] } },
{ "type": "Feature", "properties": { "DN": 1 }, "geometry": { "type": "Polygon", "coordinates": [ [ [ -61.380213717248367, -12.387281745608092 ], [ -61.380213717248367, -12.387781744146194 ], [ -61.380463716726467, -12.387781744146194 ], [ -61.380463716726467, -12.387281745608092 ], [ -61.380213717248367, -12.387281745608092 ] ] ] } },
{ "type": "Feature", "properties": { "DN": 1 }, "geometry": { "type": "Polygon", "coordinates": [ [ [ -61.348963782485399, -12.387281745608092 ], [ -61.348963782485399, -12.387531744877144 ], [ -61.349213781963506, -12.387531744877144 ], [ -61.349213781963506, -12.387281745608092 ], [ -61.348963782485399, -12.387281745608092 ] ] ] } },
{ "type": "Feature", "properties": { "DN": 1 }, "geometry": { "type": "Polygon", "coordinates": [ [ [ -61.414963644704784, -12.387031746339042 ], [ -61.414963644704784, -12.387281745608092 ], [ -61.415213644182884, -12.387281745608092 ], [ -61.415213644182884, -12.387031746339042 ], [ -61.414963644704784, -12.387031746339042 ] ] ] } },
{ "type": "Feature", "properties": { "DN": 1 }, "geometry": { "type": "Polygon", "coordinates": [ [ [ -61.364463750127832, -12.387031746339042 ], [ -61.364463750127832, -12.387281745608092 ], [ -61.364713749605933, -12.387281745608092 ], [ -61.364713749605933, -12.387031746339042 ], [ -61.364463750127832, -12.387031746339042 ] ] ] } },
{ "type": "Feature", "properties": { "DN": 1 }, "geometry": { "type": "Polygon", "coordinates": [ [ [ -61.382213713073199, -12.385781749993788 ], [ -61.382213713073199, -12.386531747800941 ], [ -61.3827137120294, -12.386531747800941 ], [ -61.3827137120294, -12.386781747069991 ], [ -61.382963711507507, -12.386781747069991 ], [ -61.382963711507507, -12.387031746339042 ], [ -61.383463710463715, -12.387031746339042 ], [ -61.383463710463715, -12.387781744146194 ], [ -61.383713709941816, -12.387781744146194 ], [ -61.383713709941816, -12.387281745608092 ], [ -61.384213708898024, -12.387281745608092 ], [ -61.384213708898024, -12.387031746339042 ], [ -61.383963709419923, -12.387031746339042 ], [ -61.383963709419923, -12.386531747800941 ], [ -61.383463710463715, -12.386531747800941 ], [ -61.383463710463715, -12.386281748531889 ], [ -61.383213710985608, -12.386281748531889 ], [ -61.383213710985608, -12.386031749262839 ], [ -61.382963711507507, -12.386031749262839 ], [ -61.382963711507507, -12.385781749993788 ], [ -61.382213713073199, -12.385781749993788 ] ] ] } },
{ "type": "Feature", "properties": { "DN": 1 }, "geometry": { "type": "Polygon", "coordinates": [ [ [ -61.385963705244748, -12.388781741222399 ], [ -61.385963705244748, -12.389281739760499 ], [ -61.385463706288547, -12.389281739760499 ], [ -61.385463706288547, -12.38953173902955 ], [ -61.385963705244748, -12.38953173902955 ], [ -61.385963705244748, -12.389781738298602 ], [ -61.386963703157164, -12.389781738298602 ], [ -61.386963703157164, -12.38953173902955 ], [ -61.38796370106958, -12.38953173902955 ], [ -61.38796370106958, -12.389281739760499 ], [ -61.388463700025788, -12.389281739760499 ], [ -61.388463700025788, -12.387781744146194 ], [ -61.38796370106958, -12.387781744146194 ], [ -61.38796370106958, -12.387281745608092 ], [ -61.388213700547688, -12.387281745608092 ], [ -61.388213700547688, -12.386781747069991 ], [ -61.386213704722856, -12.386781747069991 ], [ -61.386213704722856, -12.386281748531889 ], [ -61.38771370159148, -12.386281748531889 ], [ -61.38771370159148, -12.386031749262839 ], [ -61.385963705244748, -12.386031749262839 ], [ -61.385963705244748, -12.385531750724738 ], [ -61.385713705766648, -12.385531750724738 ], [ -61.385713705766648, -12.385281751455686 ], [ -61.385463706288547, -12.385281751455686 ], [ -61.385463706288547, -12.384531753648535 ], [ -61.385713705766648, -12.384531753648535 ], [ -61.385713705766648, -12.383781755841381 ], [ -61.385463706288547, -12.383781755841381 ], [ -61.385463706288547, -12.38353175657233 ], [ -61.384713707854232, -12.38353175657233 ], [ -61.384713707854232, -12.383781755841381 ], [ -61.384463708376131, -12.383781755841381 ], [ -61.384463708376131, -12.384031755110431 ], [ -61.383963709419923, -12.384031755110431 ], [ -61.383963709419923, -12.384281754379483 ], [ -61.384463708376131, -12.384281754379483 ], [ -61.384463708376131, -12.385781749993788 ], [ -61.38521370681044, -12.385781749993788 ], [ -61.38521370681044, -12.386531747800941 ], [ -61.384713707854232, -12.386531747800941 ], [ -61.384713707854232, -12.388531741953347 ], [ -61.38521370681044, -12.388531741953347 ], [ -61.38521370681044, -12.389031740491449 ], [ -61.385463706288547, -12.389031740491449 ], [ -61.385463706288547, -12.388281742684295 ], [ -61.385713705766648, -12.388281742684295 ], [ -61.385713705766648, -12.388031743415246 ], [ -61.385963705244748, -12.388031743415246 ], [ -61.385963705244748, -12.388281742684295 ], [ -61.386213704722856, -12.388281742684295 ], [ -61.386213704722856, -12.388781741222399 ], [ -61.385963705244748, -12.388781741222399 ] ], [ [ -61.38771370159148, -12.388781741222399 ], [ -61.38771370159148, -12.389031740491449 ], [ -61.386213704722856, -12.389031740491449 ], [ -61.386213704722856, -12.388781741222399 ], [ -61.38771370159148, -12.388781741222399 ] ], [ [ -61.387213702635272, -12.388281742684295 ], [ -61.386963703157164, -12.388281742684295 ], [ -61.386963703157164, -12.388031743415246 ], [ -61.387213702635272, -12.388031743415246 ], [ -61.387213702635272, -12.388281742684295 ] ] ] } },
{ "type": "Feature", "properties": { "DN": 1 }, "geometry": { "type": "Polygon", "coordinates": [ [ [ -61.389713697416305, -12.386531747800941 ], [ -61.389713697416305, -12.386781747069991 ], [ -61.390213696372513, -12.386781747069991 ], [ -61.390213696372513, -12.386531747800941 ], [ -61.389713697416305, -12.386531747800941 ] ] ] } },
{ "type": "Feature", "properties": { "DN": 1 }, "geometry": { "type": "Polygon", "coordinates": [ [ [ -61.326463829456067, -12.386531747800941 ], [ -61.326463829456067, -12.386781747069991 ], [ -61.326713828934174, -12.386781747069991 ], [ -61.326713828934174, -12.386531747800941 ], [ -61.326463829456067, -12.386531747800941 ] ] ] } },
{ "type": "Feature", "properties": { "DN": 1 }, "geometry": { "type": "Polygon", "coordinates": [ [ [ -61.400213675496666, -12.386031749262839 ], [ -61.400213675496666, -12.386531747800941 ], [ -61.400463674974766, -12.386531747800941 ], [ -61.400463674974766, -12.387031746339042 ], [ -61.400713674452874, -12.387031746339042 ], [ -61.400713674452874, -12.386781747069991 ], [ -61.400963673930974, -12.386781747069991 ], [ -61.400963673930974, -12.386281748531889 ], [ -61.400713674452874, -12.386281748531889 ], [ -61.400713674452874, -12.386031749262839 ], [ -61.400213675496666, -12.386031749262839 ] ] ] } },
{ "type": "Feature", "properties": { "DN": 1 }, "geometry": { "type": "Polygon", "coordinates": [ [ [ -61.38796370106958, -12.386031749262839 ], [ -61.38796370106958, -12.386281748531889 ], [ -61.388213700547688, -12.386281748531889 ], [ -61.388213700547688, -12.386531747800941 ], [ -61.388463700025788, -12.386531747800941 ], [ -61.388463700025788, -12.386781747069991 ], [ -61.388713699503896, -12.386781747069991 ], [ -61.388713699503896, -12.386031749262839 ], [ -61.38796370106958, -12.386031749262839 ] ] ] } },
{ "type": "Feature", "properties": { "DN": 1 }, "geometry": { "type": "Polygon", "coordinates": [ [ [ -61.332213817452455, -12.386281748531889 ], [ -61.332213817452455, -12.386531747800941 ], [ -61.332463816930556, -12.386531747800941 ], [ -61.332463816930556, -12.386281748531889 ], [ -61.332213817452455, -12.386281748531889 ] ] ] } },
{ "type": "Feature", "properties": { "DN": 1 }, "geometry": { "type": "Polygon", "coordinates": [ [ [ -61.361963755346792, -12.385781749993788 ], [ -61.361963755346792, -12.386531747800941 ], [ -61.3622137548249, -12.386531747800941 ], [ -61.3622137548249, -12.385781749993788 ], [ -61.361963755346792, -12.385781749993788 ] ] ] } },
{ "type": "Feature", "properties": { "DN": 1 }, "geometry": { "type": "Polygon", "coordinates": [ [ [ -61.412963648879952, -12.386031749262839 ], [ -61.412963648879952, -12.386281748531889 ], [ -61.413213648358052, -12.386281748531889 ], [ -61.413213648358052, -12.386031749262839 ], [ -61.412963648879952, -12.386031749262839 ] ] ] } },
{ "type": "Feature", "properties": { "DN": 1 }, "geometry": { "type": "Polygon", "coordinates": [ [ [ -61.356213767350411, -12.385531750724738 ], [ -61.356213767350411, -12.386031749262839 ], [ -61.357463764740928, -12.386031749262839 ], [ -61.357463764740928, -12.386281748531889 ], [ -61.358213763175236, -12.386281748531889 ], [ -61.358213763175236, -12.386031749262839 ], [ -61.357963763697136, -12.386031749262839 ], [ -61.357963763697136, -12.385781749993788 ], [ -61.357213765262827, -12.385781749993788 ], [ -61.357213765262827, -12.385531750724738 ], [ -61.356213767350411, -12.385531750724738 ] ] ] } },
{ "type": "Feature", "properties": { "DN": 1 }, "geometry": { "type": "Polygon", "coordinates": [ [ [ -61.449463572683094, -12.399531709791583 ], [ -61.449463572683094, -12.400281707598737 ], [ -61.449713572161201, -12.400281707598737 ], [ -61.449713572161201, -12.400531706867788 ], [ -61.450213571117409, -12.400531706867788 ], [ -61.450213571117409, -12.399531709791583 ], [ -61.449463572683094, -12.399531709791583 ] ] ] } },
{ "type": "Feature", "properties": { "DN": 1 }, "geometry": { "type": "Polygon", "coordinates": [ [ [ -61.438213596168424, -12.399281710522533 ], [ -61.438213596168424, -12.399781709060635 ], [ -61.438463595646532, -12.399781709060635 ], [ -61.438463595646532, -12.399281710522533 ], [ -61.438213596168424, -12.399281710522533 ] ] ] } },
{ "type": "Feature", "properties": { "DN": 1 }, "geometry": { "type": "Polygon", "coordinates": [ [ [ -61.438463595646532, -12.398781711984432 ], [ -61.438463595646532, -12.399281710522533 ], [ -61.438713595124639, -12.399281710522533 ], [ -61.438713595124639, -12.398781711984432 ], [ -61.438463595646532, -12.398781711984432 ] ] ] } },
{ "type": "Feature", "properties": { "DN": 1 }, "geometry": { "type": "Polygon", "coordinates": [ [ [ -61.450713570073617, -12.398781711984432 ], [ -61.450713570073617, -12.399031711253482 ], [ -61.450963569551718, -12.399031711253482 ], [ -61.450963569551718, -12.398781711984432 ], [ -61.450713570073617, -12.398781711984432 ] ] ] } },
{ "type": "Feature", "properties": { "DN": 1 }, "geometry": { "type": "Polygon", "coordinates": [ [ [ -61.438213596168424, -12.397781714908229 ], [ -61.438213596168424, -12.39828171344633 ], [ -61.438463595646532, -12.39828171344633 ], [ -61.438463595646532, -12.39853171271538 ], [ -61.438713595124639, -12.39853171271538 ], [ -61.438713595124639, -12.398031714177279 ], [ -61.438463595646532, -12.398031714177279 ], [ -61.438463595646532, -12.397781714908229 ], [ -61.438213596168424, -12.397781714908229 ] ] ] } },
{ "type": "Feature", "properties": { "DN": 1 }, "geometry": { "type": "Polygon", "coordinates": [ [ [ -61.430463612347211, -12.396781717832024 ], [ -61.430463612347211, -12.397031717101076 ], [ -61.430713611825318, -12.397031717101076 ], [ -61.430713611825318, -12.396781717832024 ], [ -61.430463612347211, -12.396781717832024 ] ] ] } },
{ "type": "Feature", "properties": { "DN": 1 }, "geometry": { "type": "Polygon", "coordinates": [ [ [ -61.438463595646532, -12.396531718562974 ], [ -61.438463595646532, -12.397031717101076 ], [ -61.438713595124639, -12.397031717101076 ], [ -61.438713595124639, -12.396781717832024 ], [ -61.43896359460274, -12.396781717832024 ], [ -61.43896359460274, -12.396531718562974 ], [ -61.438463595646532, -12.396531718562974 ] ] ] } },
{ "type": "Feature", "properties": { "DN": 1 }, "geometry": { "type": "Polygon", "coordinates": [ [ [ -61.430463612347211, -12.396281719293924 ], [ -61.430463612347211, -12.396531718562974 ], [ -61.430713611825318, -12.396531718562974 ], [ -61.430713611825318, -12.396281719293924 ], [ -61.430463612347211, -12.396281719293924 ] ] ] } },
{ "type": "Feature", "properties": { "DN": 1 }, "geometry": { "type": "Polygon", "coordinates": [ [ [ -61.43896359460274, -12.396281719293924 ], [ -61.43896359460274, -12.396531718562974 ], [ -61.43921359408084, -12.396531718562974 ], [ -61.43921359408084, -12.396281719293924 ], [ -61.43896359460274, -12.396281719293924 ] ] ] } },
{ "type": "Feature", "properties": { "DN": 1 }, "geometry": { "type": "Polygon", "coordinates": [ [ [ -61.430463612347211, -12.394781723679618 ], [ -61.430463612347211, -12.395781720755821 ], [ -61.430963611303419, -12.395781720755821 ], [ -61.430963611303419, -12.395531721486771 ], [ -61.431213610781526, -12.395531721486771 ], [ -61.431213610781526, -12.395281722217719 ], [ -61.430963611303419, -12.395281722217719 ], [ -61.430963611303419, -12.394781723679618 ], [ -61.430463612347211, -12.394781723679618 ] ] ] } },
{ "type": "Feature", "properties": { "DN": 1 }, "geometry": { "type": "Polygon", "coordinates": [ [ [ -61.418963636354441, -12.393781726603414 ], [ -61.418963636354441, -12.394031725872466 ], [ -61.419463635310649, -12.394031725872466 ], [ -61.419463635310649, -12.393781726603414 ], [ -61.418963636354441, -12.393781726603414 ] ] ] } },
{ "type": "Feature", "properties": { "DN": 1 }, "geometry": { "type": "Polygon", "coordinates": [ [ [ -61.417213640007716, -12.393031728796263 ], [ -61.417213640007716, -12.393281728065313 ], [ -61.417713638963924, -12.393281728065313 ], [ -61.417713638963924, -12.393031728796263 ], [ -61.417213640007716, -12.393031728796263 ] ] ] } },
{ "type": "Feature", "properties": { "DN": 1 }, "geometry": { "type": "Polygon", "coordinates": [ [ [ -61.433713605562559, -12.39228173098911 ], [ -61.433713605562559, -12.393281728065313 ], [ -61.433213606606351, -12.393281728065313 ], [ -61.433213606606351, -12.393781726603414 ], [ -61.434463603996875, -12.393781726603414 ], [ -61.434463603996875, -12.393531727334363 ], [ -61.434213604518767, -12.393531727334363 ], [ -61.434213604518767, -12.392781729527211 ], [ -61.433963605040667, -12.392781729527211 ], [ -61.433963605040667, -12.39228173098911 ], [ -61.433713605562559, -12.39228173098911 ] ] ] } },
{ "type": "Feature", "properties": { "DN": 1 }, "geometry": { "type": "Polygon", "coordinates": [ [ [ -61.417713638963924, -12.392781729527211 ], [ -61.417713638963924, -12.393031728796263 ], [ -61.418213637920132, -12.393031728796263 ], [ -61.418213637920132, -12.393281728065313 ], [ -61.41871363687634, -12.393281728065313 ], [ -61.41871363687634, -12.392781729527211 ], [ -61.417713638963924, -12.392781729527211 ] ] ] } },
{ "type": "Feature", "properties": { "DN": 1 }, "geometry": { "type": "Polygon", "coordinates": [ [ [ -61.419213635832548, -12.391281733912907 ], [ -61.419213635832548, -12.391531733181957 ], [ -61.41871363687634, -12.391531733181957 ], [ -61.41871363687634, -12.39203173172006 ], [ -61.418963636354441, -12.39203173172006 ], [ -61.418963636354441, -12.39228173098911 ], [ -61.419213635832548, -12.39228173098911 ], [ -61.419213635832548, -12.393031728796263 ], [ -61.418963636354441, -12.393031728796263 ], [ -61.418963636354441, -12.393281728065313 ], [ -61.419213635832548, -12.393281728065313 ], [ -61.419213635832548, -12.393531727334363 ], [ -61.419463635310649, -12.393531727334363 ], [ -61.419463635310649, -12.391281733912907 ], [ -61.419213635832548, -12.391281733912907 ] ] ] } },
{ "type": "Feature", "properties": { "DN": 1 }, "geometry": { "type": "Polygon", "coordinates": [ [ [ -61.430463612347211, -12.391781732451008 ], [ -61.430463612347211, -12.39228173098911 ], [ -61.430713611825318, -12.39228173098911 ], [ -61.430713611825318, -12.391781732451008 ], [ -61.430463612347211, -12.391781732451008 ] ] ] } },
{ "type": "Feature", "properties": { "DN": 1 }, "geometry": { "type": "Polygon", "coordinates": [ [ [ -61.416463641573401, -12.391531733181957 ], [ -61.416463641573401, -12.391781732451008 ], [ -61.416963640529616, -12.391781732451008 ], [ -61.416963640529616, -12.391531733181957 ], [ -61.416463641573401, -12.391531733181957 ] ] ] } },
{ "type": "Feature", "properties": { "DN": 1 }, "geometry": { "type": "Polygon", "coordinates": [ [ [ -61.431713609737734, -12.388281742684295 ], [ -61.431713609737734, -12.388531741953347 ], [ -61.431463610259627, -12.388531741953347 ], [ -61.431463610259627, -12.388781741222399 ], [ -61.431713609737734, -12.388781741222399 ], [ -61.431713609737734, -12.389031740491449 ], [ -61.431463610259627, -12.389031740491449 ], [ -61.431463610259627, -12.389281739760499 ], [ -61.431713609737734, -12.389281739760499 ], [ -61.431713609737734, -12.389781738298602 ], [ -61.431463610259627, -12.389781738298602 ], [ -61.431463610259627, -12.390281736836704 ], [ -61.431213610781526, -12.390281736836704 ], [ -61.431213610781526, -12.390531736105753 ], [ -61.430963611303419, -12.390531736105753 ], [ -61.430963611303419, -12.391531733181957 ], [ -61.431463610259627, -12.391531733181957 ], [ -61.431463610259627, -12.39228173098911 ], [ -61.430963611303419, -12.39228173098911 ], [ -61.430963611303419, -12.394281725141516 ], [ -61.431213610781526, -12.394281725141516 ], [ -61.431213610781526, -12.394531724410568 ], [ -61.431463610259627, -12.394531724410568 ], [ -61.431463610259627, -12.394781723679618 ], [ -61.431713609737734, -12.394781723679618 ], [ -61.431713609737734, -12.394531724410568 ], [ -61.431963609215835, -12.394531724410568 ], [ -61.431963609215835, -12.394281725141516 ], [ -61.432213608693942, -12.394281725141516 ], [ -61.432213608693942, -12.393531727334363 ], [ -61.431963609215835, -12.393531727334363 ], [ -61.431963609215835, -12.391531733181957 ], [ -61.432213608693942, -12.391531733181957 ], [ -61.432213608693942, -12.390531736105753 ], [ -61.431963609215835, -12.390531736105753 ], [ -61.431963609215835, -12.390281736836704 ], [ -61.432213608693942, -12.390281736836704 ], [ -61.432213608693942, -12.388781741222399 ], [ -61.431963609215835, -12.388781741222399 ], [ -61.431963609215835, -12.388281742684295 ], [ -61.431713609737734, -12.388281742684295 ] ] ] } },
{ "type": "Feature", "properties": { "DN": 1 }, "geometry": { "type": "Polygon", "coordinates": [ [ [ -61.4162136420953, -12.391281733912907 ], [ -61.4162136420953, -12.391531733181957 ], [ -61.416463641573401, -12.391531733181957 ], [ -61.416463641573401, -12.391281733912907 ], [ -61.4162136420953, -12.391281733912907 ] ] ] } },
{ "type": "Feature", "properties": { "DN": 1 }, "geometry": { "type": "Polygon", "coordinates": [ [ [ -61.416713641051508, -12.389031740491449 ], [ -61.416713641051508, -12.38953173902955 ], [ -61.4162136420953, -12.38953173902955 ], [ -61.4162136420953, -12.389781738298602 ], [ -61.416463641573401, -12.389781738298602 ], [ -61.416463641573401, -12.390531736105753 ], [ -61.416713641051508, -12.390531736105753 ], [ -61.416713641051508, -12.390781735374805 ], [ -61.416463641573401, -12.390781735374805 ], [ -61.416463641573401, -12.391281733912907 ], [ -61.416713641051508, -12.391281733912907 ], [ -61.416713641051508, -12.391031734643855 ], [ -61.417213640007716, -12.391031734643855 ], [ -61.417213640007716, -12.390781735374805 ], [ -61.417713638963924, -12.390781735374805 ], [ -61.417713638963924, -12.389031740491449 ], [ -61.416713641051508, -12.389031740491449 ] ] ] } },
{ "type": "Feature", "properties": { "DN": 1 }, "geometry": { "type": "Polygon", "coordinates": [ [ [ -61.41871363687634, -12.389031740491449 ], [ -61.41871363687634, -12.389281739760499 ], [ -61.418463637398233, -12.389281739760499 ], [ -61.418463637398233, -12.389781738298602 ], [ -61.41871363687634, -12.389781738298602 ], [ -61.41871363687634, -12.390281736836704 ], [ -61.419213635832548, -12.390281736836704 ], [ -61.419213635832548, -12.390531736105753 ], [ -61.419463635310649, -12.390531736105753 ], [ -61.419463635310649, -12.389031740491449 ], [ -61.41871363687634, -12.389031740491449 ] ] ] } },
{ "type": "Feature", "properties": { "DN": 1 }, "geometry": { "type": "Polygon", "coordinates": [ [ [ -61.415463643660992, -12.387781744146194 ], [ -61.415463643660992, -12.388281742684295 ], [ -61.4159636426172, -12.388281742684295 ], [ -61.4159636426172, -12.388031743415246 ], [ -61.415713643139092, -12.388031743415246 ], [ -61.415713643139092, -12.387781744146194 ], [ -61.415463643660992, -12.387781744146194 ] ] ] } },
{ "type": "Feature", "properties": { "DN": 1 }, "geometry": { "type": "Polygon", "coordinates": [ [ [ -61.422213629569789, -12.387281745608092 ], [ -61.422213629569789, -12.388281742684295 ], [ -61.422963628004098, -12.388281742684295 ], [ -61.422963628004098, -12.387281745608092 ], [ -61.422213629569789, -12.387281745608092 ] ] ] } },
{ "type": "Feature", "properties": { "DN": 1 }, "geometry": { "type": "Polygon", "coordinates": [ [ [ -61.4159636426172, -12.387281745608092 ], [ -61.4159636426172, -12.387531744877144 ], [ -61.4162136420953, -12.387531744877144 ], [ -61.4162136420953, -12.387781744146194 ], [ -61.4159636426172, -12.387781744146194 ], [ -61.4159636426172, -12.388031743415246 ], [ -61.416463641573401, -12.388031743415246 ], [ -61.416463641573401, -12.387281745608092 ], [ -61.4159636426172, -12.387281745608092 ] ] ] } },
{ "type": "Feature", "properties": { "DN": 1 }, "geometry": { "type": "Polygon", "coordinates": [ [ [ -61.415463643660992, -12.387031746339042 ], [ -61.415463643660992, -12.387281745608092 ], [ -61.4159636426172, -12.387281745608092 ], [ -61.4159636426172, -12.387031746339042 ], [ -61.415463643660992, -12.387031746339042 ] ] ] } },
{ "type": "Feature", "properties": { "DN": 1 }, "geometry": { "type": "Polygon", "coordinates": [ [ [ -61.430963611303419, -12.385531750724738 ], [ -61.430963611303419, -12.386031749262839 ], [ -61.431213610781526, -12.386031749262839 ], [ -61.431213610781526, -12.385781749993788 ], [ -61.431463610259627, -12.385781749993788 ], [ -61.431463610259627, -12.385531750724738 ], [ -61.430963611303419, -12.385531750724738 ] ] ] } },
{ "type": "Feature", "properties": { "DN": 1 }, "geometry": { "type": "Polygon", "coordinates": [ [ [ -61.428463616522386, -12.384781752917585 ], [ -61.428463616522386, -12.385781749993788 ], [ -61.428213617044278, -12.385781749993788 ], [ -61.428213617044278, -12.386031749262839 ], [ -61.43021361286911, -12.386031749262839 ], [ -61.43021361286911, -12.385531750724738 ], [ -61.429713613912902, -12.385531750724738 ], [ -61.429713613912902, -12.384781752917585 ], [ -61.428463616522386, -12.384781752917585 ] ] ] } },
{ "type": "Feature", "properties": { "DN": 1 }, "geometry": { "type": "Polygon", "coordinates": [ [ [ -61.426213621219446, -12.384031755110431 ], [ -61.426213621219446, -12.384281754379483 ], [ -61.425963621741346, -12.384281754379483 ], [ -61.425963621741346, -12.384781752917585 ], [ -61.426213621219446, -12.384781752917585 ], [ -61.426213621219446, -12.385781749993788 ], [ -61.426463620697554, -12.385781749993788 ], [ -61.426463620697554, -12.386031749262839 ], [ -61.427963617566178, -12.386031749262839 ], [ -61.427963617566178, -12.385781749993788 ], [ -61.42771361808807, -12.385781749993788 ], [ -61.42771361808807, -12.385281751455686 ], [ -61.426963619653762, -12.385281751455686 ], [ -61.426963619653762, -12.384531753648535 ], [ -61.426713620175654, -12.384531753648535 ], [ -61.426713620175654, -12.384281754379483 ], [ -61.426463620697554, -12.384281754379483 ], [ -61.426463620697554, -12.384031755110431 ], [ -61.426213621219446, -12.384031755110431 ] ] ] } },
{ "type": "Feature", "properties": { "DN": 1 }, "geometry": { "type": "Polygon", "coordinates": [ [ [ -61.421963630091689, -12.383031758034228 ], [ -61.421963630091689, -12.38328175730328 ], [ -61.421713630613581, -12.38328175730328 ], [ -61.421713630613581, -12.383781755841381 ], [ -61.421213631657373, -12.383781755841381 ], [ -61.421213631657373, -12.384031755110431 ], [ -61.420463633223065, -12.384031755110431 ], [ -61.420463633223065, -12.384281754379483 ], [ -61.420213633744957, -12.384281754379483 ], [ -61.420213633744957, -12.384781752917585 ], [ -61.419463635310649, -12.384781752917585 ], [ -61.419463635310649, -12.385281751455686 ], [ -61.419213635832548, -12.385281751455686 ], [ -61.419213635832548, -12.385531750724738 ], [ -61.418963636354441, -12.385531750724738 ], [ -61.418963636354441, -12.385781749993788 ], [ -61.418463637398233, -12.385781749993788 ], [ -61.418463637398233, -12.386031749262839 ], [ -61.420213633744957, -12.386031749262839 ], [ -61.420213633744957, -12.385781749993788 ], [ -61.420713632701165, -12.385781749993788 ], [ -61.420713632701165, -12.385531750724738 ], [ -61.421213631657373, -12.385531750724738 ], [ -61.421213631657373, -12.385281751455686 ], [ -61.421713630613581, -12.385281751455686 ], [ -61.421713630613581, -12.385531750724738 ], [ -61.422963628004098, -12.385531750724738 ], [ -61.422963628004098, -12.385781749993788 ], [ -61.423213627482205, -12.385781749993788 ], [ -61.423213627482205, -12.385281751455686 ], [ -61.422713628525997, -12.385281751455686 ], [ -61.422713628525997, -12.384781752917585 ], [ -61.422963628004098, -12.384781752917585 ], [ -61.422963628004098, -12.384531753648535 ], [ -61.421963630091689, -12.384531753648535 ], [ -61.421963630091689, -12.38353175657233 ], [ -61.422213629569789, -12.38353175657233 ], [ -61.422213629569789, -12.383031758034228 ], [ -61.421963630091689, -12.383031758034228 ] ] ] } },
{ "type": "Feature", "properties": { "DN": 1 }, "geometry": { "type": "Polygon", "coordinates": [ [ [ -61.422963628004098, -12.384281754379483 ], [ -61.422963628004098, -12.384531753648535 ], [ -61.423213627482205, -12.384531753648535 ], [ -61.423213627482205, -12.384281754379483 ], [ -61.422963628004098, -12.384281754379483 ] ] ] } },
{ "type": "Feature", "properties": { "DN": 1 }, "geometry": { "type": "Polygon", "coordinates": [ [ [ -61.431963609215835, -12.383781755841381 ], [ -61.431963609215835, -12.384031755110431 ], [ -61.432213608693942, -12.384031755110431 ], [ -61.432213608693942, -12.383781755841381 ], [ -61.431963609215835, -12.383781755841381 ] ] ] } },
{ "type": "Feature", "properties": { "DN": 1 }, "geometry": { "type": "Polygon", "coordinates": [ [ [ -61.419213635832548, -12.381281763150874 ], [ -61.419213635832548, -12.381781761688973 ], [ -61.41871363687634, -12.381781761688973 ], [ -61.41871363687634, -12.381531762419923 ], [ -61.418213637920132, -12.381531762419923 ], [ -61.418213637920132, -12.381781761688973 ], [ -61.417713638963924, -12.381781761688973 ], [ -61.417713638963924, -12.382781758765178 ], [ -61.417213640007716, -12.382781758765178 ], [ -61.417213640007716, -12.382281760227077 ], [ -61.416713641051508, -12.382281760227077 ], [ -61.416713641051508, -12.383781755841381 ], [ -61.416963640529616, -12.383781755841381 ], [ -61.416963640529616, -12.384031755110431 ], [ -61.416713641051508, -12.384031755110431 ], [ -61.416713641051508, -12.384281754379483 ], [ -61.415713643139092, -12.384281754379483 ], [ -61.415713643139092, -12.384531753648535 ], [ -61.415463643660992, -12.384531753648535 ], [ -61.415463643660992, -12.384781752917585 ], [ -61.415213644182884, -12.384781752917585 ], [ -61.415213644182884, -12.385281751455686 ], [ -61.414463645748576, -12.385281751455686 ], [ -61.414463645748576, -12.384531753648535 ], [ -61.414213646270468, -12.384531753648535 ], [ -61.414213646270468, -12.384281754379483 ], [ -61.413963646792368, -12.384281754379483 ], [ -61.413963646792368, -12.385281751455686 ], [ -61.414213646270468, -12.385281751455686 ], [ -61.414213646270468, -12.385531750724738 ], [ -61.413963646792368, -12.385531750724738 ], [ -61.413963646792368, -12.386031749262839 ], [ -61.414463645748576, -12.386031749262839 ], [ -61.414463645748576, -12.385781749993788 ], [ -61.415713643139092, -12.385781749993788 ], [ -61.415713643139092, -12.385531750724738 ], [ -61.416963640529616, -12.385531750724738 ], [ -61.416963640529616, -12.386031749262839 ], [ -61.417713638963924, -12.386031749262839 ], [ -61.417713638963924, -12.385531750724738 ], [ -61.417963638442025, -12.385531750724738 ], [ -61.417963638442025, -12.385281751455686 ], [ -61.418213637920132, -12.385281751455686 ], [ -61.418213637920132, -12.384781752917585 ], [ -61.418463637398233, -12.384781752917585 ], [ -61.418463637398233, -12.384531753648535 ], [ -61.417963638442025, -12.384531753648535 ], [ -61.417963638442025, -12.384781752917585 ], [ -61.417213640007716, -12.384781752917585 ], [ -61.417213640007716, -12.384531753648535 ], [ -61.416963640529616, -12.384531753648535 ], [ -61.416963640529616, -12.384281754379483 ], [ -61.417713638963924, -12.384281754379483 ], [ -61.417713638963924, -12.384031755110431 ], [ -61.417963638442025, -12.384031755110431 ], [ -61.417963638442025, -12.38328175730328 ], [ -61.418463637398233, -12.38328175730328 ], [ -61.418463637398233, -12.383031758034228 ], [ -61.418963636354441, -12.383031758034228 ], [ -61.418963636354441, -12.382031760958025 ], [ -61.419463635310649, -12.382031760958025 ], [ -61.419463635310649, -12.381781761688973 ], [ -61.419713634788749, -12.381781761688973 ], [ -61.419713634788749, -12.381281763150874 ], [ -61.419213635832548, -12.381281763150874 ] ], [ [ -61.417713638963924, -12.38328175730328 ], [ -61.417213640007716, -12.38328175730328 ], [ -61.417213640007716, -12.383031758034228 ], [ -61.417713638963924, -12.383031758034228 ], [ -61.417713638963924, -12.38328175730328 ] ] ] } },
{ "type": "Feature", "properties": { "DN": 1 }, "geometry": { "type": "Polygon", "coordinates": [ [ [ -61.432213608693942, -12.38353175657233 ], [ -61.432213608693942, -12.383781755841381 ], [ -61.432963607128251, -12.383781755841381 ], [ -61.432963607128251, -12.38353175657233 ], [ -61.432213608693942, -12.38353175657233 ] ] ] } },
{ "type": "Feature", "properties": { "DN": 1 }, "geometry": { "type": "Polygon", "coordinates": [ [ [ -61.45596355911379, -12.382781758765178 ], [ -61.45596355911379, -12.38328175730328 ], [ -61.45571355963569, -12.38328175730328 ], [ -61.45571355963569, -12.383781755841381 ], [ -61.45596355911379, -12.383781755841381 ], [ -61.45596355911379, -12.38353175657233 ], [ -61.456213558591898, -12.38353175657233 ], [ -61.456213558591898, -12.38328175730328 ], [ -61.456463558069998, -12.38328175730328 ], [ -61.456463558069998, -12.382781758765178 ], [ -61.45596355911379, -12.382781758765178 ] ] ] } },
{ "type": "Feature", "properties": { "DN": 1 }, "geometry": { "type": "Polygon", "coordinates": [ [ [ -61.429463614434795, -12.382281760227077 ], [ -61.429463614434795, -12.383031758034228 ], [ -61.429213614956694, -12.383031758034228 ], [ -61.429213614956694, -12.38328175730328 ], [ -61.429463614434795, -12.38328175730328 ], [ -61.429463614434795, -12.38353175657233 ], [ -61.429213614956694, -12.38353175657233 ], [ -61.429213614956694, -12.383781755841381 ], [ -61.43021361286911, -12.383781755841381 ], [ -61.43021361286911, -12.384031755110431 ], [ -61.430963611303419, -12.384031755110431 ], [ -61.430963611303419, -12.383781755841381 ], [ -61.431213610781526, -12.383781755841381 ], [ -61.431213610781526, -12.38328175730328 ], [ -61.431463610259627, -12.38328175730328 ], [ -61.431463610259627, -12.383031758034228 ], [ -61.431213610781526, -12.383031758034228 ], [ -61.431213610781526, -12.382781758765178 ], [ -61.43021361286911, -12.382781758765178 ], [ -61.43021361286911, -12.382281760227077 ], [ -61.429463614434795, -12.382281760227077 ] ] ] } },
{ "type": "Feature", "properties": { "DN": 1 }, "geometry": { "type": "Polygon", "coordinates": [ [ [ -61.422213629569789, -12.382781758765178 ], [ -61.422213629569789, -12.383031758034228 ], [ -61.422713628525997, -12.383031758034228 ], [ -61.422713628525997, -12.382781758765178 ], [ -61.422213629569789, -12.382781758765178 ] ] ] } },
{ "type": "Feature", "properties": { "DN": 1 }, "geometry": { "type": "Polygon", "coordinates": [ [ [ -61.456463558069998, -12.382281760227077 ], [ -61.456463558069998, -12.382781758765178 ], [ -61.456963557026207, -12.382781758765178 ], [ -61.456963557026207, -12.382281760227077 ], [ -61.456463558069998, -12.382281760227077 ] ] ] } },
{ "type": "Feature", "properties": { "DN": 1 }, "geometry": { "type": "Polygon", "coordinates": [ [ [ -61.457213556504314, -12.381781761688973 ], [ -61.457213556504314, -12.382281760227077 ], [ -61.457713555460515, -12.382281760227077 ], [ -61.457713555460515, -12.382781758765178 ], [ -61.458213554416723, -12.382781758765178 ], [ -61.458213554416723, -12.382031760958025 ], [ -61.457713555460515, -12.382031760958025 ], [ -61.457713555460515, -12.381781761688973 ], [ -61.457213556504314, -12.381781761688973 ] ] ] } },
{ "type": "Feature", "properties": { "DN": 1 }, "geometry": { "type": "Polygon", "coordinates": [ [ [ -61.422713628525997, -12.381531762419923 ], [ -61.422713628525997, -12.382781758765178 ], [ -61.422963628004098, -12.382781758765178 ], [ -61.422963628004098, -12.382281760227077 ], [ -61.423213627482205, -12.382281760227077 ], [ -61.423213627482205, -12.381781761688973 ], [ -61.422963628004098, -12.381781761688973 ], [ -61.422963628004098, -12.381531762419923 ], [ -61.422713628525997, -12.381531762419923 ] ] ] } },
{ "type": "Feature", "properties": { "DN": 1 }, "geometry": { "type": "Polygon", "coordinates": [ [ [ -61.4162136420953, -12.38053176534372 ], [ -61.4162136420953, -12.38078176461277 ], [ -61.4159636426172, -12.38078176461277 ], [ -61.4159636426172, -12.381281763150874 ], [ -61.4162136420953, -12.381281763150874 ], [ -61.4162136420953, -12.381031763881822 ], [ -61.416463641573401, -12.381031763881822 ], [ -61.416463641573401, -12.38053176534372 ], [ -61.4162136420953, -12.38053176534372 ] ] ] } },
{ "type": "Feature", "properties": { "DN": 1 }, "geometry": { "type": "Polygon", "coordinates": [ [ [ -61.402963669755806, -12.378781770460364 ], [ -61.402963669755806, -12.379281768998466 ], [ -61.402713670277699, -12.379281768998466 ], [ -61.402713670277699, -12.379781767536567 ], [ -61.402213671321491, -12.379781767536567 ], [ -61.402213671321491, -12.38028176607467 ], [ -61.401713672365283, -12.38028176607467 ], [ -61.401713672365283, -12.38053176534372 ], [ -61.403213669233907, -12.38053176534372 ], [ -61.403213669233907, -12.38028176607467 ], [ -61.403963667668222, -12.38028176607467 ], [ -61.403963667668222, -12.38053176534372 ], [ -61.404463666624423, -12.38053176534372 ], [ -61.404463666624423, -12.379781767536567 ], [ -61.404213667146323, -12.379781767536567 ], [ -61.404213667146323, -12.379531768267517 ], [ -61.404713666102531, -12.379531768267517 ], [ -61.404713666102531, -12.379281768998466 ], [ -61.404463666624423, -12.379281768998466 ], [ -61.404463666624423, -12.379031769729416 ], [ -61.403713668190115, -12.379031769729416 ], [ -61.403713668190115, -12.378781770460364 ], [ -61.402963669755806, -12.378781770460364 ] ], [ [ -61.403963667668222, -12.379531768267517 ], [ -61.403463668712014, -12.379531768267517 ], [ -61.403463668712014, -12.379281768998466 ], [ -61.403963667668222, -12.379281768998466 ], [ -61.403963667668222, -12.379531768267517 ] ] ] } },
{ "type": "Feature", "properties": { "DN": 1 }, "geometry": { "type": "Polygon", "coordinates": [ [ [ -61.35946376056576, -12.379281768998466 ], [ -61.35946376056576, -12.379781767536567 ], [ -61.35971376004386, -12.379781767536567 ], [ -61.35971376004386, -12.379281768998466 ], [ -61.35946376056576, -12.379281768998466 ] ] ] } },
{ "type": "Feature", "properties": { "DN": 1 }, "geometry": { "type": "Polygon", "coordinates": [ [ [ -61.400963673930974, -12.378531771191314 ], [ -61.400963673930974, -12.378781770460364 ], [ -61.400713674452874, -12.378781770460364 ], [ -61.400713674452874, -12.379031769729416 ], [ -61.400213675496666, -12.379031769729416 ], [ -61.400213675496666, -12.379281768998466 ], [ -61.400463674974766, -12.379281768998466 ], [ -61.400463674974766, -12.379531768267517 ], [ -61.400713674452874, -12.379531768267517 ], [ -61.400713674452874, -12.379781767536567 ], [ -61.401213673409075, -12.379781767536567 ], [ -61.401213673409075, -12.379531768267517 ], [ -61.401463672887182, -12.379531768267517 ], [ -61.401463672887182, -12.379281768998466 ], [ -61.401713672365283, -12.379281768998466 ], [ -61.401713672365283, -12.379531768267517 ], [ -61.40196367184339, -12.379531768267517 ], [ -61.40196367184339, -12.379031769729416 ], [ -61.401713672365283, -12.379031769729416 ], [ -61.401713672365283, -12.378781770460364 ], [ -61.401213673409075, -12.378781770460364 ], [ -61.401213673409075, -12.378531771191314 ], [ -61.400963673930974, -12.378531771191314 ] ] ] } },
{ "type": "Feature", "properties": { "DN": 1 }, "geometry": { "type": "Polygon", "coordinates": [ [ [ -61.381963713595091, -12.378781770460364 ], [ -61.381963713595091, -12.379281768998466 ], [ -61.382213713073199, -12.379281768998466 ], [ -61.382213713073199, -12.378781770460364 ], [ -61.381963713595091, -12.378781770460364 ] ] ] } },
{ "type": "Feature", "properties": { "DN": 1 }, "geometry": { "type": "Polygon", "coordinates": [ [ [ -61.391963692719244, -12.378781770460364 ], [ -61.391963692719244, -12.379031769729416 ], [ -61.392713691153553, -12.379031769729416 ], [ -61.392713691153553, -12.378781770460364 ], [ -61.391963692719244, -12.378781770460364 ] ] ] } },
{ "type": "Feature", "properties": { "DN": 1 }, "geometry": { "type": "Polygon", "coordinates": [ [ [ -61.362963753259208, -12.378531771191314 ], [ -61.362963753259208, -12.378781770460364 ], [ -61.363213752737316, -12.378781770460364 ], [ -61.363213752737316, -12.378531771191314 ], [ -61.362963753259208, -12.378531771191314 ] ] ] } },
{ "type": "Feature", "properties": { "DN": 1 }, "geometry": { "type": "Polygon", "coordinates": [ [ [ -61.358463762653344, -12.378531771191314 ], [ -61.358463762653344, -12.378781770460364 ], [ -61.358713762131444, -12.378781770460364 ], [ -61.358713762131444, -12.378531771191314 ], [ -61.358463762653344, -12.378531771191314 ] ] ] } },
{ "type": "Feature", "properties": { "DN": 1 }, "geometry": { "type": "Polygon", "coordinates": [ [ [ -61.381463714638883, -12.378281771922262 ], [ -61.381463714638883, -12.378781770460364 ], [ -61.381963713595091, -12.378781770460364 ], [ -61.381963713595091, -12.378531771191314 ], [ -61.381713714116991, -12.378531771191314 ], [ -61.381713714116991, -12.378281771922262 ], [ -61.381463714638883, -12.378281771922262 ] ] ] } },
{ "type": "Feature", "properties": { "DN": 1 }, "geometry": { "type": "Polygon", "coordinates": [ [ [ -61.379713718292159, -12.378281771922262 ], [ -61.379713718292159, -12.378531771191314 ], [ -61.380213717248367, -12.378531771191314 ], [ -61.380213717248367, -12.378781770460364 ], [ -61.380713716204575, -12.378781770460364 ], [ -61.380713716204575, -12.378281771922262 ], [ -61.379713718292159, -12.378281771922262 ] ] ] } },
{ "type": "Feature", "properties": { "DN": 1 }, "geometry": { "type": "Polygon", "coordinates": [ [ [ -61.411963650967536, -12.376281777769856 ], [ -61.411963650967536, -12.376531777038906 ], [ -61.412213650445644, -12.376531777038906 ], [ -61.412213650445644, -12.376781776307958 ], [ -61.411963650967536, -12.376781776307958 ], [ -61.411963650967536, -12.377031775577009 ], [ -61.411713651489436, -12.377031775577009 ], [ -61.411713651489436, -12.376781776307958 ], [ -61.411213652533228, -12.376781776307958 ], [ -61.411213652533228, -12.378031772653213 ], [ -61.411463652011328, -12.378031772653213 ], [ -61.411463652011328, -12.378281771922262 ], [ -61.410713653577019, -12.378281771922262 ], [ -61.410713653577019, -12.378031772653213 ], [ -61.410463654098919, -12.378031772653213 ], [ -61.410463654098919, -12.378281771922262 ], [ -61.410213654620811, -12.378281771922262 ], [ -61.410213654620811, -12.377781773384161 ], [ -61.409713655664603, -12.377781773384161 ], [ -61.409713655664603, -12.378031772653213 ], [ -61.409213656708395, -12.378031772653213 ], [ -61.409213656708395, -12.377781773384161 ], [ -61.408713657752187, -12.377781773384161 ], [ -61.408713657752187, -12.378531771191314 ], [ -61.409713655664603, -12.378531771191314 ], [ -61.409713655664603, -12.378781770460364 ], [ -61.410213654620811, -12.378781770460364 ], [ -61.410213654620811, -12.379031769729416 ], [ -61.410713653577019, -12.379031769729416 ], [ -61.410713653577019, -12.379531768267517 ], [ -61.411463652011328, -12.379531768267517 ], [ -61.411463652011328, -12.379781767536567 ], [ -61.411213652533228, -12.379781767536567 ], [ -61.411213652533228, -12.38028176607467 ], [ -61.409213656708395, -12.38028176607467 ], [ -61.409213656708395, -12.38053176534372 ], [ -61.41346364783616, -12.38053176534372 ], [ -61.41346364783616, -12.379781767536567 ], [ -61.412963648879952, -12.379781767536567 ], [ -61.412963648879952, -12.379031769729416 ], [ -61.413213648358052, -12.379031769729416 ], [ -61.413213648358052, -12.378531771191314 ], [ -61.412963648879952, -12.378531771191314 ], [ -61.412963648879952, -12.378031772653213 ], [ -61.413213648358052, -12.378031772653213 ], [ -61.413213648358052, -12.377781773384161 ], [ -61.412963648879952, -12.377781773384161 ], [ -61.412963648879952, -12.376281777769856 ], [ -61.411963650967536, -12.376281777769856 ] ] ] } },
{ "type": "Feature", "properties": { "DN": 1 }, "geometry": { "type": "Polygon", "coordinates": [ [ [ -61.4162136420953, -12.378531771191314 ], [ -61.4162136420953, -12.378781770460364 ], [ -61.416463641573401, -12.378781770460364 ], [ -61.416463641573401, -12.378531771191314 ], [ -61.4162136420953, -12.378531771191314 ] ] ] } },
{ "type": "Feature", "properties": { "DN": 1 }, "geometry": { "type": "Polygon", "coordinates": [ [ [ -61.416463641573401, -12.378281771922262 ], [ -61.416463641573401, -12.378531771191314 ], [ -61.416713641051508, -12.378531771191314 ], [ -61.416713641051508, -12.378781770460364 ], [ -61.416963640529616, -12.378781770460364 ], [ -61.416963640529616, -12.378281771922262 ], [ -61.416463641573401, -12.378281771922262 ] ] ] } },
{ "type": "Feature", "properties": { "DN": 1 }, "geometry": { "type": "Polygon", "coordinates": [ [ [ -61.432963607128251, -12.376531777038906 ], [ -61.432963607128251, -12.376781776307958 ], [ -61.433213606606351, -12.376781776307958 ], [ -61.433213606606351, -12.376531777038906 ], [ -61.432963607128251, -12.376531777038906 ] ] ] } },
{ "type": "Feature", "properties": { "DN": 1 }, "geometry": { "type": "Polygon", "coordinates": [ [ [ -61.461463547632071, -12.376281777769856 ], [ -61.461463547632071, -12.376531777038906 ], [ -61.460963548675863, -12.376531777038906 ], [ -61.460963548675863, -12.376781776307958 ], [ -61.461713547110179, -12.376781776307958 ], [ -61.461713547110179, -12.376531777038906 ], [ -61.461963546588279, -12.376531777038906 ], [ -61.461963546588279, -12.376281777769856 ], [ -61.461463547632071, -12.376281777769856 ] ] ] } },
{ "type": "Feature", "properties": { "DN": 1 }, "geometry": { "type": "Polygon", "coordinates": [ [ [ -61.469713530409493, -12.375781779231755 ], [ -61.469713530409493, -12.376531777038906 ], [ -61.469463530931392, -12.376531777038906 ], [ -61.469463530931392, -12.377031775577009 ], [ -61.470213529365701, -12.377031775577009 ], [ -61.470213529365701, -12.376781776307958 ], [ -61.470463528843808, -12.376781776307958 ], [ -61.470463528843808, -12.375781779231755 ], [ -61.469713530409493, -12.375781779231755 ] ] ] } },
{ "type": "Feature", "properties": { "DN": 1 }, "geometry": { "type": "Polygon", "coordinates": [ [ [ -61.462963544500695, -12.376031778500806 ], [ -61.462963544500695, -12.376531777038906 ], [ -61.463213543978796, -12.376531777038906 ], [ -61.463213543978796, -12.376781776307958 ], [ -61.463713542935004, -12.376781776307958 ], [ -61.463713542935004, -12.376531777038906 ], [ -61.463463543456903, -12.376531777038906 ], [ -61.463463543456903, -12.376281777769856 ], [ -61.463213543978796, -12.376281777769856 ], [ -61.463213543978796, -12.376031778500806 ], [ -61.462963544500695, -12.376031778500806 ] ] ] } },
{ "type": "Feature", "properties": { "DN": 1 }, "geometry": { "type": "Polygon", "coordinates": [ [ [ -61.458963552851039, -12.373531785810297 ], [ -61.458963552851039, -12.373781785079348 ], [ -61.459213552329139, -12.373781785079348 ], [ -61.459213552329139, -12.374031784348398 ], [ -61.460213550241555, -12.374031784348398 ], [ -61.460213550241555, -12.37428178361745 ], [ -61.461213548153971, -12.37428178361745 ], [ -61.461213548153971, -12.3745317828865 ], [ -61.461713547110179, -12.3745317828865 ], [ -61.461713547110179, -12.375281780693653 ], [ -61.462213546066387, -12.375281780693653 ], [ -61.462213546066387, -12.374781782155551 ], [ -61.462713545022595, -12.374781782155551 ], [ -61.462713545022595, -12.3745317828865 ], [ -61.462213546066387, -12.3745317828865 ], [ -61.462213546066387, -12.374031784348398 ], [ -61.461713547110179, -12.374031784348398 ], [ -61.461713547110179, -12.37428178361745 ], [ -61.461463547632071, -12.37428178361745 ], [ -61.461463547632071, -12.374031784348398 ], [ -61.461213548153971, -12.374031784348398 ], [ -61.461213548153971, -12.373781785079348 ], [ -61.460963548675863, -12.373781785079348 ], [ -61.460963548675863, -12.374031784348398 ], [ -61.460713549197763, -12.374031784348398 ], [ -61.460713549197763, -12.373781785079348 ], [ -61.459713551285347, -12.373781785079348 ], [ -61.459713551285347, -12.373531785810297 ], [ -61.458963552851039, -12.373531785810297 ] ] ] } },
{ "type": "Feature", "properties": { "DN": 1 }, "geometry": { "type": "Polygon", "coordinates": [ [ [ -61.428213617044278, -12.37428178361745 ], [ -61.428213617044278, -12.3745317828865 ], [ -61.428463616522386, -12.3745317828865 ], [ -61.428463616522386, -12.37428178361745 ], [ -61.428213617044278, -12.37428178361745 ] ] ] } },
{ "type": "Feature", "properties": { "DN": 1 }, "geometry": { "type": "Polygon", "coordinates": [ [ [ -61.423963625916514, -12.373781785079348 ], [ -61.423963625916514, -12.374031784348398 ], [ -61.424463624872722, -12.374031784348398 ], [ -61.424463624872722, -12.373781785079348 ], [ -61.423963625916514, -12.373781785079348 ] ] ] } },
{ "type": "Feature", "properties": { "DN": 1 }, "geometry": { "type": "Polygon", "coordinates": [ [ [ -61.450963569551718, -12.373781785079348 ], [ -61.450963569551718, -12.374031784348398 ], [ -61.451463568507926, -12.374031784348398 ], [ -61.451463568507926, -12.373781785079348 ], [ -61.450963569551718, -12.373781785079348 ] ] ] } },
{ "type": "Feature", "properties": { "DN": 1 }, "geometry": { "type": "Polygon", "coordinates": [ [ [ -61.428963615478594, -12.373531785810297 ], [ -61.428963615478594, -12.373781785079348 ], [ -61.429213614956694, -12.373781785079348 ], [ -61.429213614956694, -12.373531785810297 ], [ -61.428963615478594, -12.373531785810297 ] ] ] } },
{ "type": "Feature", "properties": { "DN": 1 }, "geometry": { "type": "Polygon", "coordinates": [ [ [ -61.465213539803628, -12.373531785810297 ], [ -61.465213539803628, -12.373781785079348 ], [ -61.465463539281735, -12.373781785079348 ], [ -61.465463539281735, -12.373531785810297 ], [ -61.465213539803628, -12.373531785810297 ] ] ] } },
{ "type": "Feature", "properties": { "DN": 1 }, "geometry": { "type": "Polygon", "coordinates": [ [ [ -61.424713624350829, -12.373531785810297 ], [ -61.424713624350829, -12.373781785079348 ], [ -61.425213623307037, -12.373781785079348 ], [ -61.425213623307037, -12.373531785810297 ], [ -61.424713624350829, -12.373531785810297 ] ] ] } },
{ "type": "Feature", "properties": { "DN": 1 }, "geometry": { "type": "Polygon", "coordinates": [ [ [ -61.45046357059551, -12.373281786541245 ], [ -61.45046357059551, -12.373531785810297 ], [ -61.450963569551718, -12.373531785810297 ], [ -61.450963569551718, -12.373281786541245 ], [ -61.45046357059551, -12.373281786541245 ] ] ] } },
{ "type": "Feature", "properties": { "DN": 1 }, "geometry": { "type": "Polygon", "coordinates": [ [ [ -61.458713553372931, -12.373281786541245 ], [ -61.458713553372931, -12.373531785810297 ], [ -61.458963552851039, -12.373531785810297 ], [ -61.458963552851039, -12.373281786541245 ], [ -61.458713553372931, -12.373281786541245 ] ] ] } },
{ "type": "Feature", "properties": { "DN": 1 }, "geometry": { "type": "Polygon", "coordinates": [ [ [ -61.422713628525997, -12.373031787272195 ], [ -61.422713628525997, -12.373531785810297 ], [ -61.422963628004098, -12.373531785810297 ], [ -61.422963628004098, -12.373281786541245 ], [ -61.423213627482205, -12.373281786541245 ], [ -61.423213627482205, -12.373031787272195 ], [ -61.422713628525997, -12.373031787272195 ] ] ] } },
{ "type": "Feature", "properties": { "DN": 1 }, "geometry": { "type": "Polygon", "coordinates": [ [ [ -61.4162136420953, -12.373031787272195 ], [ -61.4162136420953, -12.373281786541245 ], [ -61.416463641573401, -12.373281786541245 ], [ -61.416463641573401, -12.373031787272195 ], [ -61.4162136420953, -12.373031787272195 ] ] ] } },
{ "type": "Feature", "properties": { "DN": 1 }, "geometry": { "type": "Polygon", "coordinates": [ [ [ -61.458213554416723, -12.372781788003145 ], [ -61.458213554416723, -12.373031787272195 ], [ -61.458463553894831, -12.373031787272195 ], [ -61.458463553894831, -12.373281786541245 ], [ -61.458713553372931, -12.373281786541245 ], [ -61.458713553372931, -12.372781788003145 ], [ -61.458213554416723, -12.372781788003145 ] ] ] } },
{ "type": "Feature", "properties": { "DN": 1 }, "geometry": { "type": "Polygon", "coordinates": [ [ [ -61.435213602431183, -12.372781788003145 ], [ -61.435213602431183, -12.373031787272195 ], [ -61.435463601909291, -12.373031787272195 ], [ -61.435463601909291, -12.372781788003145 ], [ -61.435213602431183, -12.372781788003145 ] ] ] } },
{ "type": "Feature", "properties": { "DN": 1 }, "geometry": { "type": "Polygon", "coordinates": [ [ [ -61.416713641051508, -12.372281789465042 ], [ -61.416713641051508, -12.372781788003145 ], [ -61.416963640529616, -12.372781788003145 ], [ -61.416963640529616, -12.372281789465042 ], [ -61.416713641051508, -12.372281789465042 ] ] ] } },
{ "type": "Feature", "properties": { "DN": 1 }, "geometry": { "type": "Polygon", "coordinates": [ [ [ -61.454463562245166, -12.37153179165789 ], [ -61.454463562245166, -12.37178179092694 ], [ -61.454213562767066, -12.37178179092694 ], [ -61.454213562767066, -12.372031790195992 ], [ -61.454463562245166, -12.372031790195992 ], [ -61.454463562245166, -12.372281789465042 ], [ -61.454713561723274, -12.372281789465042 ], [ -61.454713561723274, -12.372031790195992 ], [ -61.455213560679482, -12.372031790195992 ], [ -61.455213560679482, -12.37153179165789 ], [ -61.454463562245166, -12.37153179165789 ] ] ] } },
{ "type": "Feature", "properties": { "DN": 1 }, "geometry": { "type": "Polygon", "coordinates": [ [ [ -61.468463533018976, -12.37153179165789 ], [ -61.468463533018976, -12.372031790195992 ], [ -61.468713532497084, -12.372031790195992 ], [ -61.468713532497084, -12.37153179165789 ], [ -61.468463533018976, -12.37153179165789 ] ] ] } },
{ "type": "Feature", "properties": { "DN": 1 }, "geometry": { "type": "Polygon", "coordinates": [ [ [ -61.421713630613581, -12.370781793850737 ], [ -61.421713630613581, -12.371031793119789 ], [ -61.421963630091689, -12.371031793119789 ], [ -61.421963630091689, -12.370781793850737 ], [ -61.421713630613581, -12.370781793850737 ] ] ] } },
{ "type": "Feature", "properties": { "DN": 1 }, "geometry": { "type": "Polygon", "coordinates": [ [ [ -61.467713534584668, -12.370531794581687 ], [ -61.467713534584668, -12.371031793119789 ], [ -61.468213533540876, -12.371031793119789 ], [ -61.468213533540876, -12.370781793850737 ], [ -61.467963534062768, -12.370781793850737 ], [ -61.467963534062768, -12.370531794581687 ], [ -61.467713534584668, -12.370531794581687 ] ] ] } },
{ "type": "Feature", "properties": { "DN": 1 }, "geometry": { "type": "Polygon", "coordinates": [ [ [ -61.461713547110179, -12.369781796774534 ], [ -61.461713547110179, -12.370531794581687 ], [ -61.461963546588279, -12.370531794581687 ], [ -61.461963546588279, -12.369781796774534 ], [ -61.461713547110179, -12.369781796774534 ] ] ] } },
{ "type": "Feature", "properties": { "DN": 1 }, "geometry": { "type": "Polygon", "coordinates": [ [ [ -61.463463543456903, -12.369781796774534 ], [ -61.463463543456903, -12.370531794581687 ], [ -61.463963542413111, -12.370531794581687 ], [ -61.463963542413111, -12.369781796774534 ], [ -61.463463543456903, -12.369781796774534 ] ] ] } },
{ "type": "Feature", "properties": { "DN": 1 }, "geometry": { "type": "Polygon", "coordinates": [ [ [ -61.462213546066387, -12.369531797505484 ], [ -61.462213546066387, -12.370281795312636 ], [ -61.463213543978796, -12.370281795312636 ], [ -61.463213543978796, -12.369531797505484 ], [ -61.462213546066387, -12.369531797505484 ] ] ] } },
{ "type": "Feature", "properties": { "DN": 1 }, "geometry": { "type": "Polygon", "coordinates": [ [ [ -61.422963628004098, -12.368531800429281 ], [ -61.422963628004098, -12.368781799698331 ], [ -61.422713628525997, -12.368781799698331 ], [ -61.422713628525997, -12.369031798967381 ], [ -61.421963630091689, -12.369031798967381 ], [ -61.421963630091689, -12.369281798236432 ], [ -61.421713630613581, -12.369281798236432 ], [ -61.421713630613581, -12.370281795312636 ], [ -61.422213629569789, -12.370281795312636 ], [ -61.422213629569789, -12.370531794581687 ], [ -61.422713628525997, -12.370531794581687 ], [ -61.422713628525997, -12.370781793850737 ], [ -61.422213629569789, -12.370781793850737 ], [ -61.422213629569789, -12.371281792388839 ], [ -61.422713628525997, -12.371281792388839 ], [ -61.422713628525997, -12.371031793119789 ], [ -61.423463626960306, -12.371031793119789 ], [ -61.423463626960306, -12.370781793850737 ], [ -61.423713626438413, -12.370781793850737 ], [ -61.423713626438413, -12.370531794581687 ], [ -61.423213627482205, -12.370531794581687 ], [ -61.423213627482205, -12.370281795312636 ], [ -61.423963625916514, -12.370281795312636 ], [ -61.423963625916514, -12.369531797505484 ], [ -61.423713626438413, -12.369531797505484 ], [ -61.423713626438413, -12.369281798236432 ], [ -61.423463626960306, -12.369281798236432 ], [ -61.423463626960306, -12.368531800429281 ], [ -61.422963628004098, -12.368531800429281 ] ], [ [ -61.422963628004098, -12.369531797505484 ], [ -61.423213627482205, -12.369531797505484 ], [ -61.423213627482205, -12.369781796774534 ], [ -61.422963628004098, -12.369781796774534 ], [ -61.422963628004098, -12.369531797505484 ] ], [ [ -61.422963628004098, -12.370281795312636 ], [ -61.422713628525997, -12.370281795312636 ], [ -61.422713628525997, -12.369781796774534 ], [ -61.422963628004098, -12.369781796774534 ], [ -61.422963628004098, -12.370281795312636 ] ] ] } },
{ "type": "Feature", "properties": { "DN": 1 }, "geometry": { "type": "Polygon", "coordinates": [ [ [ -61.459713551285347, -12.369531797505484 ], [ -61.459713551285347, -12.369781796774534 ], [ -61.460713549197763, -12.369781796774534 ], [ -61.460713549197763, -12.369531797505484 ], [ -61.459713551285347, -12.369531797505484 ] ] ] } },
{ "type": "Feature", "properties": { "DN": 1 }, "geometry": { "type": "Polygon", "coordinates": [ [ [ -61.443463585208605, -12.369531797505484 ], [ -61.443463585208605, -12.369781796774534 ], [ -61.443963584164813, -12.369781796774534 ], [ -61.443963584164813, -12.369531797505484 ], [ -61.443463585208605, -12.369531797505484 ] ] ] } },
{ "type": "Feature", "properties": { "DN": 1 }, "geometry": { "type": "Polygon", "coordinates": [ [ [ -61.458713553372931, -12.369531797505484 ], [ -61.458713553372931, -12.369781796774534 ], [ -61.458963552851039, -12.369781796774534 ], [ -61.458963552851039, -12.369531797505484 ], [ -61.458713553372931, -12.369531797505484 ] ] ] } },
{ "type": "Feature", "properties": { "DN": 1 }, "geometry": { "type": "Polygon", "coordinates": [ [ [ -61.420213633744957, -12.369281798236432 ], [ -61.420213633744957, -12.369531797505484 ], [ -61.419713634788749, -12.369531797505484 ], [ -61.419713634788749, -12.369781796774534 ], [ -61.420713632701165, -12.369781796774534 ], [ -61.420713632701165, -12.369281798236432 ], [ -61.420213633744957, -12.369281798236432 ] ] ] } },
{ "type": "Feature", "properties": { "DN": 1 }, "geometry": { "type": "Polygon", "coordinates": [ [ [ -61.451463568507926, -12.369281798236432 ], [ -61.451463568507926, -12.369531797505484 ], [ -61.451963567464134, -12.369531797505484 ], [ -61.451963567464134, -12.369281798236432 ], [ -61.451463568507926, -12.369281798236432 ] ] ] } },
{ "type": "Feature", "properties": { "DN": 1 }, "geometry": { "type": "Polygon", "coordinates": [ [ [ -61.418963636354441, -12.369281798236432 ], [ -61.418963636354441, -12.369531797505484 ], [ -61.419213635832548, -12.369531797505484 ], [ -61.419213635832548, -12.369281798236432 ], [ -61.418963636354441, -12.369281798236432 ] ] ] } },
{ "type": "Feature", "properties": { "DN": 1 }, "geometry": { "type": "Polygon", "coordinates": [ [ [ -61.415213644182884, -12.369031798967381 ], [ -61.415213644182884, -12.369281798236432 ], [ -61.415713643139092, -12.369281798236432 ], [ -61.415713643139092, -12.369031798967381 ], [ -61.415213644182884, -12.369031798967381 ] ] ] } },
{ "type": "Feature", "properties": { "DN": 1 }, "geometry": { "type": "Polygon", "coordinates": [ [ [ -61.45046357059551, -12.368781799698331 ], [ -61.45046357059551, -12.369281798236432 ], [ -61.450713570073617, -12.369281798236432 ], [ -61.450713570073617, -12.368781799698331 ], [ -61.45046357059551, -12.368781799698331 ] ] ] } },
{ "type": "Feature", "properties": { "DN": 1 }, "geometry": { "type": "Polygon", "coordinates": [ [ [ -61.462213546066387, -12.368281801160229 ], [ -61.462213546066387, -12.368531800429281 ], [ -61.461713547110179, -12.368531800429281 ], [ -61.461713547110179, -12.368781799698331 ], [ -61.461463547632071, -12.368781799698331 ], [ -61.461463547632071, -12.369281798236432 ], [ -61.461713547110179, -12.369281798236432 ], [ -61.461713547110179, -12.369031798967381 ], [ -61.462213546066387, -12.369031798967381 ], [ -61.462213546066387, -12.369281798236432 ], [ -61.462713545022595, -12.369281798236432 ], [ -61.462713545022595, -12.368281801160229 ], [ -61.462213546066387, -12.368281801160229 ] ] ] } },
{ "type": "Feature", "properties": { "DN": 1 }, "geometry": { "type": "Polygon", "coordinates": [ [ [ -61.460213550241555, -12.368531800429281 ], [ -61.460213550241555, -12.368781799698331 ], [ -61.460463549719663, -12.368781799698331 ], [ -61.460463549719663, -12.368531800429281 ], [ -61.460213550241555, -12.368531800429281 ] ] ] } },
{ "type": "Feature", "properties": { "DN": 1 }, "geometry": { "type": "Polygon", "coordinates": [ [ [ -61.465463539281735, -12.368281801160229 ], [ -61.465463539281735, -12.368781799698331 ], [ -61.466213537716044, -12.368781799698331 ], [ -61.466213537716044, -12.368531800429281 ], [ -61.466463537194144, -12.368531800429281 ], [ -61.466463537194144, -12.368281801160229 ], [ -61.465463539281735, -12.368281801160229 ] ] ] } },
{ "type": "Feature", "properties": { "DN": 1 }, "geometry": { "type": "Polygon", "coordinates": [ [ [ -61.44421358364292, -12.368281801160229 ], [ -61.44421358364292, -12.368531800429281 ], [ -61.444463583121021, -12.368531800429281 ], [ -61.444463583121021, -12.368281801160229 ], [ -61.44421358364292, -12.368281801160229 ] ] ] } },
{ "type": "Feature", "properties": { "DN": 1 }, "geometry": { "type": "Polygon", "coordinates": [ [ [ -61.460463549719663, -12.368281801160229 ], [ -61.460463549719663, -12.368531800429281 ], [ -61.460713549197763, -12.368531800429281 ], [ -61.460713549197763, -12.368281801160229 ], [ -61.460463549719663, -12.368281801160229 ] ] ] } },
{ "type": "Feature", "properties": { "DN": 1 }, "geometry": { "type": "Polygon", "coordinates": [ [ [ -61.457713555460515, -12.367781802622128 ], [ -61.457713555460515, -12.368031801891178 ], [ -61.457963554938623, -12.368031801891178 ], [ -61.457963554938623, -12.367781802622128 ], [ -61.457713555460515, -12.367781802622128 ] ] ] } },
{ "type": "Feature", "properties": { "DN": 1 }, "geometry": { "type": "Polygon", "coordinates": [ [ [ -61.465713538759836, -12.366781805545925 ], [ -61.465713538759836, -12.367031804814975 ], [ -61.466213537716044, -12.367031804814975 ], [ -61.466213537716044, -12.367281804084026 ], [ -61.466713536672252, -12.367281804084026 ], [ -61.466713536672252, -12.367781802622128 ], [ -61.466963536150352, -12.367781802622128 ], [ -61.466963536150352, -12.368281801160229 ], [ -61.466713536672252, -12.368281801160229 ], [ -61.466713536672252, -12.368531800429281 ], [ -61.466963536150352, -12.368531800429281 ], [ -61.466963536150352, -12.368781799698331 ], [ -61.46721353562846, -12.368781799698331 ], [ -61.46721353562846, -12.368531800429281 ], [ -61.467713534584668, -12.368531800429281 ], [ -61.467713534584668, -12.368031801891178 ], [ -61.467963534062768, -12.368031801891178 ], [ -61.467963534062768, -12.367781802622128 ], [ -61.468213533540876, -12.367781802622128 ], [ -61.468213533540876, -12.367281804084026 ], [ -61.468463533018976, -12.367281804084026 ], [ -61.468463533018976, -12.367031804814975 ], [ -61.467963534062768, -12.367031804814975 ], [ -61.467963534062768, -12.367281804084026 ], [ -61.467713534584668, -12.367281804084026 ], [ -61.467713534584668, -12.367031804814975 ], [ -61.466963536150352, -12.367031804814975 ], [ -61.466963536150352, -12.366781805545925 ], [ -61.465713538759836, -12.366781805545925 ] ] ] } },
{ "type": "Feature", "properties": { "DN": 1 }, "geometry": { "type": "Polygon", "coordinates": [ [ [ -61.445463581033437, -12.367031804814975 ], [ -61.445463581033437, -12.367281804084026 ], [ -61.445213581555329, -12.367281804084026 ], [ -61.445213581555329, -12.368281801160229 ], [ -61.445463581033437, -12.368281801160229 ], [ -61.445463581033437, -12.367781802622128 ], [ -61.445713580511537, -12.367781802622128 ], [ -61.445713580511537, -12.367281804084026 ], [ -61.445963579989645, -12.367281804084026 ], [ -61.445963579989645, -12.367031804814975 ], [ -61.445463581033437, -12.367031804814975 ] ] ] } },
{ "type": "Feature", "properties": { "DN": 1 }, "geometry": { "type": "Polygon", "coordinates": [ [ [ -61.4159636426172, -12.367031804814975 ], [ -61.4159636426172, -12.367781802622128 ], [ -61.4162136420953, -12.367781802622128 ], [ -61.4162136420953, -12.367031804814975 ], [ -61.4159636426172, -12.367031804814975 ] ] ] } },
{ "type": "Feature", "properties": { "DN": 1 }, "geometry": { "type": "Polygon", "coordinates": [ [ [ -61.469213531453292, -12.366531806276873 ], [ -61.469213531453292, -12.367031804814975 ], [ -61.469463530931392, -12.367031804814975 ], [ -61.469463530931392, -12.366531806276873 ], [ -61.469213531453292, -12.366531806276873 ] ] ] } },
{ "type": "Feature", "properties": { "DN": 1 }, "geometry": { "type": "Polygon", "coordinates": [ [ [ -61.429713613912902, -12.366031807738771 ], [ -61.429713613912902, -12.366281807007823 ], [ -61.429963613391003, -12.366281807007823 ], [ -61.429963613391003, -12.366031807738771 ], [ -61.429713613912902, -12.366031807738771 ] ] ] } },
{ "type": "Feature", "properties": { "DN": 1 }, "geometry": { "type": "Polygon", "coordinates": [ [ [ -61.463713542935004, -12.36528180993162 ], [ -61.463713542935004, -12.36553180920067 ], [ -61.464463541369319, -12.36553180920067 ], [ -61.464463541369319, -12.36528180993162 ], [ -61.463713542935004, -12.36528180993162 ] ] ] } },
{ "type": "Feature", "properties": { "DN": 1 }, "geometry": { "type": "Polygon", "coordinates": [ [ [ -61.416713641051508, -12.364531812124467 ], [ -61.416713641051508, -12.364781811393517 ], [ -61.416963640529616, -12.364781811393517 ], [ -61.416963640529616, -12.364531812124467 ], [ -61.416713641051508, -12.364531812124467 ] ] ] } },
{ "type": "Feature", "properties": { "DN": 1 }, "geometry": { "type": "Polygon", "coordinates": [ [ [ -61.465963538237943, -12.363781814317313 ], [ -61.465963538237943, -12.364031813586365 ], [ -61.465713538759836, -12.364031813586365 ], [ -61.465713538759836, -12.364781811393517 ], [ -61.465213539803628, -12.364781811393517 ], [ -61.465213539803628, -12.364531812124467 ], [ -61.464463541369319, -12.364531812124467 ], [ -61.464463541369319, -12.364781811393517 ], [ -61.46471354084742, -12.364781811393517 ], [ -61.46471354084742, -12.36553180920067 ], [ -61.466463537194144, -12.36553180920067 ], [ -61.466463537194144, -12.36528180993162 ], [ -61.466963536150352, -12.36528180993162 ], [ -61.466963536150352, -12.36553180920067 ], [ -61.46721353562846, -12.36553180920067 ], [ -61.46721353562846, -12.364531812124467 ], [ -61.466463537194144, -12.364531812124467 ], [ -61.466463537194144, -12.364281812855417 ], [ -61.466213537716044, -12.364281812855417 ], [ -61.466213537716044, -12.363781814317313 ], [ -61.465963538237943, -12.363781814317313 ] ] ] } },
{ "type": "Feature", "properties": { "DN": 1 }, "geometry": { "type": "Polygon", "coordinates": [ [ [ -61.383713709941816, -12.385531750724738 ], [ -61.383713709941816, -12.385781749993788 ], [ -61.383963709419923, -12.385781749993788 ], [ -61.383963709419923, -12.386281748531889 ], [ -61.384213708898024, -12.386281748531889 ], [ -61.384213708898024, -12.385531750724738 ], [ -61.383713709941816, -12.385531750724738 ] ] ] } },
{ "type": "Feature", "properties": { "DN": 1 }, "geometry": { "type": "Polygon", "coordinates": [ [ [ -61.352213775700747, -12.385531750724738 ], [ -61.352213775700747, -12.385781749993788 ], [ -61.351963776222647, -12.385781749993788 ], [ -61.351963776222647, -12.386031749262839 ], [ -61.352713774656955, -12.386031749262839 ], [ -61.352713774656955, -12.385531750724738 ], [ -61.352213775700747, -12.385531750724738 ] ] ] } },
{ "type": "Feature", "properties": { "DN": 1 }, "geometry": { "type": "Polygon", "coordinates": [ [ [ -61.3622137548249, -12.385531750724738 ], [ -61.3622137548249, -12.385781749993788 ], [ -61.362463754303, -12.385781749993788 ], [ -61.362463754303, -12.385531750724738 ], [ -61.3622137548249, -12.385531750724738 ] ] ] } },
{ "type": "Feature", "properties": { "DN": 1 }, "geometry": { "type": "Polygon", "coordinates": [ [ [ -61.368963740733697, -12.384781752917585 ], [ -61.368963740733697, -12.385281751455686 ], [ -61.368713741255597, -12.385281751455686 ], [ -61.368713741255597, -12.385781749993788 ], [ -61.368963740733697, -12.385781749993788 ], [ -61.368963740733697, -12.385531750724738 ], [ -61.369213740211805, -12.385531750724738 ], [ -61.369213740211805, -12.384781752917585 ], [ -61.368963740733697, -12.384781752917585 ] ] ] } },
{ "type": "Feature", "properties": { "DN": 1 }, "geometry": { "type": "Polygon", "coordinates": [ [ [ -61.335963809624005, -12.385031752186634 ], [ -61.335963809624005, -12.385281751455686 ], [ -61.336213809102112, -12.385281751455686 ], [ -61.336213809102112, -12.385031752186634 ], [ -61.335963809624005, -12.385031752186634 ] ] ] } },
{ "type": "Feature", "properties": { "DN": 1 }, "geometry": { "type": "Polygon", "coordinates": [ [ [ -61.335463810667804, -12.384531753648535 ], [ -61.335463810667804, -12.385281751455686 ], [ -61.335213811189696, -12.385281751455686 ], [ -61.335213811189696, -12.385531750724738 ], [ -61.335963809624005, -12.385531750724738 ], [ -61.335963809624005, -12.385281751455686 ], [ -61.335713810145904, -12.385281751455686 ], [ -61.335713810145904, -12.385031752186634 ], [ -61.335963809624005, -12.385031752186634 ], [ -61.335963809624005, -12.384781752917585 ], [ -61.335713810145904, -12.384781752917585 ], [ -61.335713810145904, -12.384531753648535 ], [ -61.335463810667804, -12.384531753648535 ] ] ] } },
{ "type": "Feature", "properties": { "DN": 1 }, "geometry": { "type": "Polygon", "coordinates": [ [ [ -61.348713783007298, -12.384781752917585 ], [ -61.348713783007298, -12.385031752186634 ], [ -61.348963782485399, -12.385031752186634 ], [ -61.348963782485399, -12.384781752917585 ], [ -61.348713783007298, -12.384781752917585 ] ] ] } },
{ "type": "Feature", "properties": { "DN": 1 }, "geometry": { "type": "Polygon", "coordinates": [ [ [ -61.336213809102112, -12.384281754379483 ], [ -61.336213809102112, -12.384531753648535 ], [ -61.335963809624005, -12.384531753648535 ], [ -61.335963809624005, -12.384781752917585 ], [ -61.336213809102112, -12.384781752917585 ], [ -61.336213809102112, -12.385031752186634 ], [ -61.33671380805832, -12.385031752186634 ], [ -61.33671380805832, -12.384781752917585 ], [ -61.336463808580213, -12.384781752917585 ], [ -61.336463808580213, -12.384281754379483 ], [ -61.336213809102112, -12.384281754379483 ] ] ] } },
{ "type": "Feature", "properties": { "DN": 1 }, "geometry": { "type": "Polygon", "coordinates": [ [ [ -61.334463812755388, -12.383781755841381 ], [ -61.334463812755388, -12.384281754379483 ], [ -61.334963811711596, -12.384281754379483 ], [ -61.334963811711596, -12.384031755110431 ], [ -61.334713812233488, -12.384031755110431 ], [ -61.334713812233488, -12.383781755841381 ], [ -61.334463812755388, -12.383781755841381 ] ] ] } },
{ "type": "Feature", "properties": { "DN": 1 }, "geometry": { "type": "Polygon", "coordinates": [ [ [ -61.388963698981996, -12.381781761688973 ], [ -61.388963698981996, -12.384281754379483 ], [ -61.389713697416305, -12.384281754379483 ], [ -61.389713697416305, -12.384031755110431 ], [ -61.390213696372513, -12.384031755110431 ], [ -61.390213696372513, -12.384281754379483 ], [ -61.39046369585062, -12.384281754379483 ], [ -61.39046369585062, -12.384531753648535 ], [ -61.389713697416305, -12.384531753648535 ], [ -61.389713697416305, -12.384781752917585 ], [ -61.389463697938204, -12.384781752917585 ], [ -61.389463697938204, -12.385281751455686 ], [ -61.389713697416305, -12.385281751455686 ], [ -61.389713697416305, -12.385531750724738 ], [ -61.390213696372513, -12.385531750724738 ], [ -61.390213696372513, -12.385281751455686 ], [ -61.390963694806828, -12.385281751455686 ], [ -61.390963694806828, -12.384781752917585 ], [ -61.390713695328721, -12.384781752917585 ], [ -61.390713695328721, -12.384031755110431 ], [ -61.39046369585062, -12.384031755110431 ], [ -61.39046369585062, -12.38328175730328 ], [ -61.390713695328721, -12.38328175730328 ], [ -61.390713695328721, -12.383031758034228 ], [ -61.39046369585062, -12.383031758034228 ], [ -61.39046369585062, -12.382781758765178 ], [ -61.390213696372513, -12.382781758765178 ], [ -61.390213696372513, -12.382281760227077 ], [ -61.389713697416305, -12.382281760227077 ], [ -61.389713697416305, -12.382031760958025 ], [ -61.389463697938204, -12.382031760958025 ], [ -61.389463697938204, -12.381781761688973 ], [ -61.388963698981996, -12.381781761688973 ] ] ] } },
{ "type": "Feature", "properties": { "DN": 1 }, "geometry": { "type": "Polygon", "coordinates": [ [ [ -61.390713695328721, -12.38328175730328 ], [ -61.390713695328721, -12.38353175657233 ], [ -61.390963694806828, -12.38353175657233 ], [ -61.390963694806828, -12.38328175730328 ], [ -61.390713695328721, -12.38328175730328 ] ] ] } },
{ "type": "Feature", "properties": { "DN": 1 }, "geometry": { "type": "Polygon", "coordinates": [ [ [ -61.415463643660992, -12.381531762419923 ], [ -61.415463643660992, -12.382031760958025 ], [ -61.415213644182884, -12.382031760958025 ], [ -61.415213644182884, -12.382281760227077 ], [ -61.414713645226676, -12.382281760227077 ], [ -61.414713645226676, -12.382781758765178 ], [ -61.415213644182884, -12.382781758765178 ], [ -61.415213644182884, -12.38328175730328 ], [ -61.414463645748576, -12.38328175730328 ], [ -61.414463645748576, -12.382281760227077 ], [ -61.414213646270468, -12.382281760227077 ], [ -61.414213646270468, -12.381781761688973 ], [ -61.413963646792368, -12.381781761688973 ], [ -61.413963646792368, -12.38328175730328 ], [ -61.414213646270468, -12.38328175730328 ], [ -61.414213646270468, -12.38353175657233 ], [ -61.414713645226676, -12.38353175657233 ], [ -61.414713645226676, -12.383781755841381 ], [ -61.415213644182884, -12.383781755841381 ], [ -61.415213644182884, -12.384031755110431 ], [ -61.415463643660992, -12.384031755110431 ], [ -61.415463643660992, -12.38353175657233 ], [ -61.415713643139092, -12.38353175657233 ], [ -61.415713643139092, -12.381781761688973 ], [ -61.4159636426172, -12.381781761688973 ], [ -61.4159636426172, -12.381531762419923 ], [ -61.415463643660992, -12.381531762419923 ] ] ] } },
{ "type": "Feature", "properties": { "DN": 1 }, "geometry": { "type": "Polygon", "coordinates": [ [ [ -61.322963836762618, -12.38053176534372 ], [ -61.322963836762618, -12.381031763881822 ], [ -61.32271383728451, -12.381031763881822 ], [ -61.32271383728451, -12.381281763150874 ], [ -61.322963836762618, -12.381281763150874 ], [ -61.322963836762618, -12.385031752186634 ], [ -61.323213836240718, -12.385031752186634 ], [ -61.323213836240718, -12.38053176534372 ], [ -61.322963836762618, -12.38053176534372 ] ] ] } },
{ "type": "Feature", "properties": { "DN": 1 }, "geometry": { "type": "Polygon", "coordinates": [ [ [ -61.406713661927363, -12.38028176607467 ], [ -61.406713661927363, -12.38053176534372 ], [ -61.406463662449255, -12.38053176534372 ], [ -61.406463662449255, -12.381031763881822 ], [ -61.406213662971155, -12.381031763881822 ], [ -61.406213662971155, -12.381281763150874 ], [ -61.405963663493047, -12.381281763150874 ], [ -61.405963663493047, -12.381031763881822 ], [ -61.405713664014947, -12.381031763881822 ], [ -61.405713664014947, -12.381281763150874 ], [ -61.405463664536839, -12.381281763150874 ], [ -61.405463664536839, -12.382031760958025 ], [ -61.405963663493047, -12.382031760958025 ], [ -61.405963663493047, -12.382281760227077 ], [ -61.405463664536839, -12.382281760227077 ], [ -61.405463664536839, -12.382781758765178 ], [ -61.405963663493047, -12.382781758765178 ], [ -61.405963663493047, -12.383031758034228 ], [ -61.406213662971155, -12.383031758034228 ], [ -61.406213662971155, -12.38328175730328 ], [ -61.406463662449255, -12.38328175730328 ], [ -61.406463662449255, -12.383031758034228 ], [ -61.406713661927363, -12.383031758034228 ], [ -61.406713661927363, -12.38328175730328 ], [ -61.406963661405463, -12.38328175730328 ], [ -61.406963661405463, -12.382281760227077 ], [ -61.407963659317879, -12.382281760227077 ], [ -61.407963659317879, -12.382781758765178 ], [ -61.407713659839771, -12.382781758765178 ], [ -61.407713659839771, -12.38353175657233 ], [ -61.407963659317879, -12.38353175657233 ], [ -61.407963659317879, -12.384281754379483 ], [ -61.408213658795979, -12.384281754379483 ], [ -61.408213658795979, -12.381781761688973 ], [ -61.408463658274087, -12.381781761688973 ], [ -61.408463658274087, -12.381531762419923 ], [ -61.408213658795979, -12.381531762419923 ], [ -61.408213658795979, -12.38078176461277 ], [ -61.407963659317879, -12.38078176461277 ], [ -61.407963659317879, -12.381031763881822 ], [ -61.407713659839771, -12.381031763881822 ], [ -61.407713659839771, -12.38078176461277 ], [ -61.406963661405463, -12.38078176461277 ], [ -61.406963661405463, -12.38028176607467 ], [ -61.406713661927363, -12.38028176607467 ] ] ] } },
{ "type": "Feature", "properties": { "DN": 1 }, "geometry": { "type": "Polygon", "coordinates": [ [ [ -61.350463779354023, -12.382031760958025 ], [ -61.350463779354023, -12.382281760227077 ], [ -61.35071377883213, -12.382281760227077 ], [ -61.35071377883213, -12.382031760958025 ], [ -61.350463779354023, -12.382031760958025 ] ] ] } },
{ "type": "Feature", "properties": { "DN": 1 }, "geometry": { "type": "Polygon", "coordinates": [ [ [ -61.385463706288547, -12.381781761688973 ], [ -61.385463706288547, -12.382031760958025 ], [ -61.385713705766648, -12.382031760958025 ], [ -61.385713705766648, -12.381781761688973 ], [ -61.385463706288547, -12.381781761688973 ] ] ] } },
{ "type": "Feature", "properties": { "DN": 1 }, "geometry": { "type": "Polygon", "coordinates": [ [ [ -61.389713697416305, -12.381781761688973 ], [ -61.389713697416305, -12.382031760958025 ], [ -61.390213696372513, -12.382031760958025 ], [ -61.390213696372513, -12.381781761688973 ], [ -61.389713697416305, -12.381781761688973 ] ] ] } },
{ "type": "Feature", "properties": { "DN": 1 }, "geometry": { "type": "Polygon", "coordinates": [ [ [ -61.385713705766648, -12.381531762419923 ], [ -61.385713705766648, -12.381781761688973 ], [ -61.385963705244748, -12.381781761688973 ], [ -61.385963705244748, -12.381531762419923 ], [ -61.385713705766648, -12.381531762419923 ] ] ] } },
{ "type": "Feature", "properties": { "DN": 1 }, "geometry": { "type": "Polygon", "coordinates": [ [ [ -61.408463658274087, -12.381281763150874 ], [ -61.408463658274087, -12.381531762419923 ], [ -61.408713657752187, -12.381531762419923 ], [ -61.408713657752187, -12.381281763150874 ], [ -61.408463658274087, -12.381281763150874 ] ] ] } },
{ "type": "Feature", "properties": { "DN": 1 }, "geometry": { "type": "Polygon", "coordinates": [ [ [ -61.368963740733697, -12.38078176461277 ], [ -61.368963740733697, -12.381281763150874 ], [ -61.369213740211805, -12.381281763150874 ], [ -61.369213740211805, -12.381781761688973 ], [ -61.369463739689905, -12.381781761688973 ], [ -61.369463739689905, -12.38078176461277 ], [ -61.368963740733697, -12.38078176461277 ] ] ] } },
{ "type": "Feature", "properties": { "DN": 1 }, "geometry": { "type": "Polygon", "coordinates": [ [ [ -61.327213827890375, -12.38078176461277 ], [ -61.327213827890375, -12.381531762419923 ], [ -61.327713826846583, -12.381531762419923 ], [ -61.327713826846583, -12.38078176461277 ], [ -61.327213827890375, -12.38078176461277 ] ] ] } },
{ "type": "Feature", "properties": { "DN": 1 }, "geometry": { "type": "Polygon", "coordinates": [ [ [ -61.360713757956276, -12.381031763881822 ], [ -61.360713757956276, -12.381281763150874 ], [ -61.360963757434376, -12.381281763150874 ], [ -61.360963757434376, -12.381031763881822 ], [ -61.360713757956276, -12.381031763881822 ] ] ] } },
{ "type": "Feature", "properties": { "DN": 1 }, "geometry": { "type": "Polygon", "coordinates": [ [ [ -61.383463710463715, -12.38053176534372 ], [ -61.383463710463715, -12.381031763881822 ], [ -61.383713709941816, -12.381031763881822 ], [ -61.383713709941816, -12.381781761688973 ], [ -61.384463708376131, -12.381781761688973 ], [ -61.384463708376131, -12.381281763150874 ], [ -61.384213708898024, -12.381281763150874 ], [ -61.384213708898024, -12.381031763881822 ], [ -61.383963709419923, -12.381031763881822 ], [ -61.383963709419923, -12.38078176461277 ], [ -61.383713709941816, -12.38078176461277 ], [ -61.383713709941816, -12.38053176534372 ], [ -61.383463710463715, -12.38053176534372 ] ] ] } },
{ "type": "Feature", "properties": { "DN": 1 }, "geometry": { "type": "Polygon", "coordinates": [ [ [ -61.35696376578472, -12.38078176461277 ], [ -61.35696376578472, -12.381281763150874 ], [ -61.357963763697136, -12.381281763150874 ], [ -61.357963763697136, -12.381031763881822 ], [ -61.357713764219028, -12.381031763881822 ], [ -61.357713764219028, -12.38078176461277 ], [ -61.35696376578472, -12.38078176461277 ] ] ] } },
{ "type": "Feature", "properties": { "DN": 1 }, "geometry": { "type": "Polygon", "coordinates": [ [ [ -61.389463697938204, -12.378781770460364 ], [ -61.389463697938204, -12.379281768998466 ], [ -61.388963698981996, -12.379281768998466 ], [ -61.388963698981996, -12.381531762419923 ], [ -61.389713697416305, -12.381531762419923 ], [ -61.389713697416305, -12.38078176461277 ], [ -61.39046369585062, -12.38078176461277 ], [ -61.39046369585062, -12.381531762419923 ], [ -61.390713695328721, -12.381531762419923 ], [ -61.390713695328721, -12.381281763150874 ], [ -61.391213694284929, -12.381281763150874 ], [ -61.391213694284929, -12.381531762419923 ], [ -61.391463693763029, -12.381531762419923 ], [ -61.391463693763029, -12.381781761688973 ], [ -61.391213694284929, -12.381781761688973 ], [ -61.391213694284929, -12.382281760227077 ], [ -61.392213692197345, -12.382281760227077 ], [ -61.392213692197345, -12.382781758765178 ], [ -61.391713693241137, -12.382781758765178 ], [ -61.391713693241137, -12.383031758034228 ], [ -61.392963690631653, -12.383031758034228 ], [ -61.392963690631653, -12.382781758765178 ], [ -61.393713689065969, -12.382781758765178 ], [ -61.393713689065969, -12.382281760227077 ], [ -61.394213688022177, -12.382281760227077 ], [ -61.394213688022177, -12.382031760958025 ], [ -61.393713689065969, -12.382031760958025 ], [ -61.393713689065969, -12.381531762419923 ], [ -61.393463689587861, -12.381531762419923 ], [ -61.393463689587861, -12.381781761688973 ], [ -61.392713691153553, -12.381781761688973 ], [ -61.392713691153553, -12.381281763150874 ], [ -61.393213690109761, -12.381281763150874 ], [ -61.393213690109761, -12.38053176534372 ], [ -61.392963690631653, -12.38053176534372 ], [ -61.392963690631653, -12.38028176607467 ], [ -61.393213690109761, -12.38028176607467 ], [ -61.393213690109761, -12.379781767536567 ], [ -61.392963690631653, -12.379781767536567 ], [ -61.392963690631653, -12.379281768998466 ], [ -61.393213690109761, -12.379281768998466 ], [ -61.393213690109761, -12.379031769729416 ], [ -61.392713691153553, -12.379031769729416 ], [ -61.392713691153553, -12.379281768998466 ], [ -61.391713693241137, -12.379281768998466 ], [ -61.391713693241137, -12.379781767536567 ], [ -61.391213694284929, -12.379781767536567 ], [ -61.391213694284929, -12.379531768267517 ], [ -61.390963694806828, -12.379531768267517 ], [ -61.390963694806828, -12.379281768998466 ], [ -61.39046369585062, -12.379281768998466 ], [ -61.39046369585062, -12.378781770460364 ], [ -61.389463697938204, -12.378781770460364 ] ] ] } },
{ "type": "Feature", "properties": { "DN": 1 }, "geometry": { "type": "Polygon", "coordinates": [ [ [ -61.379713718292159, -12.38028176607467 ], [ -61.379713718292159, -12.38053176534372 ], [ -61.380463716726467, -12.38053176534372 ], [ -61.380463716726467, -12.38078176461277 ], [ -61.380713716204575, -12.38078176461277 ], [ -61.380713716204575, -12.38028176607467 ], [ -61.379713718292159, -12.38028176607467 ] ] ] } },
{ "type": "Feature", "properties": { "DN": 1 }, "geometry": { "type": "Polygon", "coordinates": [ [ [ -61.384213708898024, -12.38028176607467 ], [ -61.384213708898024, -12.38053176534372 ], [ -61.384463708376131, -12.38053176534372 ], [ -61.384463708376131, -12.38028176607467 ], [ -61.384213708898024, -12.38028176607467 ] ] ] } },
{ "type": "Feature", "properties": { "DN": 1 }, "geometry": { "type": "Polygon", "coordinates": [ [ [ -61.383713709941816, -12.38028176607467 ], [ -61.383713709941816, -12.38053176534372 ], [ -61.383963709419923, -12.38053176534372 ], [ -61.383963709419923, -12.38028176607467 ], [ -61.383713709941816, -12.38028176607467 ] ] ] } },
{ "type": "Feature", "properties": { "DN": 1 }, "geometry": { "type": "Polygon", "coordinates": [ [ [ -61.37371373081767, -12.38028176607467 ], [ -61.37371373081767, -12.38053176534372 ], [ -61.37396373029577, -12.38053176534372 ], [ -61.37396373029577, -12.38028176607467 ], [ -61.37371373081767, -12.38028176607467 ] ] ] } },
{ "type": "Feature", "properties": { "DN": 1 }, "geometry": { "type": "Polygon", "coordinates": [ [ [ -61.378713720379743, -12.38028176607467 ], [ -61.378713720379743, -12.38053176534372 ], [ -61.379213719335951, -12.38053176534372 ], [ -61.379213719335951, -12.38028176607467 ], [ -61.378713720379743, -12.38028176607467 ] ] ] } },
{ "type": "Feature", "properties": { "DN": 1 }, "geometry": { "type": "Polygon", "coordinates": [ [ [ -61.35971376004386, -12.38028176607467 ], [ -61.35971376004386, -12.38053176534372 ], [ -61.360213759000068, -12.38053176534372 ], [ -61.360213759000068, -12.38028176607467 ], [ -61.35971376004386, -12.38028176607467 ] ] ] } },
{ "type": "Feature", "properties": { "DN": 1 }, "geometry": { "type": "Polygon", "coordinates": [ [ [ -61.408463658274087, -12.38028176607467 ], [ -61.408463658274087, -12.38053176534372 ], [ -61.408963657230295, -12.38053176534372 ], [ -61.408963657230295, -12.38028176607467 ], [ -61.408463658274087, -12.38028176607467 ] ] ] } },
{ "type": "Feature", "properties": { "DN": 1 }, "geometry": { "type": "Polygon", "coordinates": [ [ [ -61.367963742821281, -12.378781770460364 ], [ -61.367963742821281, -12.379031769729416 ], [ -61.367213744386973, -12.379031769729416 ], [ -61.367213744386973, -12.379281768998466 ], [ -61.366963744908873, -12.379281768998466 ], [ -61.366963744908873, -12.379531768267517 ], [ -61.366713745430765, -12.379531768267517 ], [ -61.366713745430765, -12.379781767536567 ], [ -61.366213746474557, -12.379781767536567 ], [ -61.366213746474557, -12.379531768267517 ], [ -61.365213748562141, -12.379531768267517 ], [ -61.365213748562141, -12.379781767536567 ], [ -61.364713749605933, -12.379781767536567 ], [ -61.364713749605933, -12.38053176534372 ], [ -61.365713747518349, -12.38053176534372 ], [ -61.365713747518349, -12.38078176461277 ], [ -61.365963746996457, -12.38078176461277 ], [ -61.365963746996457, -12.381031763881822 ], [ -61.366213746474557, -12.381031763881822 ], [ -61.366213746474557, -12.381281763150874 ], [ -61.366463745952665, -12.381281763150874 ], [ -61.366463745952665, -12.381531762419923 ], [ -61.366713745430765, -12.381531762419923 ], [ -61.366713745430765, -12.381781761688973 ], [ -61.366963744908873, -12.381781761688973 ], [ -61.366963744908873, -12.381531762419923 ], [ -61.367213744386973, -12.381531762419923 ], [ -61.367213744386973, -12.381281763150874 ], [ -61.367963742821281, -12.381281763150874 ], [ -61.367963742821281, -12.381031763881822 ], [ -61.368213742299389, -12.381031763881822 ], [ -61.368213742299389, -12.38078176461277 ], [ -61.368463741777489, -12.38078176461277 ], [ -61.368463741777489, -12.379781767536567 ], [ -61.368713741255597, -12.379781767536567 ], [ -61.368713741255597, -12.379531768267517 ], [ -61.368463741777489, -12.379531768267517 ], [ -61.368463741777489, -12.379031769729416 ], [ -61.368213742299389, -12.379031769729416 ], [ -61.368213742299389, -12.378781770460364 ], [ -61.367963742821281, -12.378781770460364 ] ] ] } },
{ "type": "Feature", "properties": { "DN": 1 }, "geometry": { "type": "Polygon", "coordinates": [ [ [ -61.407213660883571, -12.379781767536567 ], [ -61.407213660883571, -12.38053176534372 ], [ -61.407713659839771, -12.38053176534372 ], [ -61.407713659839771, -12.379781767536567 ], [ -61.407213660883571, -12.379781767536567 ] ] ] } },
{ "type": "Feature", "properties": { "DN": 1 }, "geometry": { "type": "Polygon", "coordinates": [ [ [ -61.374713728730086, -12.379531768267517 ], [ -61.374713728730086, -12.379781767536567 ], [ -61.374213729773878, -12.379781767536567 ], [ -61.374213729773878, -12.38053176534372 ], [ -61.374963728208186, -12.38053176534372 ], [ -61.374963728208186, -12.380031766805619 ], [ -61.375463727164394, -12.380031766805619 ], [ -61.375463727164394, -12.379781767536567 ], [ -61.375713726642502, -12.379781767536567 ], [ -61.375713726642502, -12.379531768267517 ], [ -61.374713728730086, -12.379531768267517 ] ] ] } },
{ "type": "Feature", "properties": { "DN": 1 }, "geometry": { "type": "Polygon", "coordinates": [ [ [ -61.371463735514737, -12.379781767536567 ], [ -61.371463735514737, -12.380031766805619 ], [ -61.371963734470945, -12.380031766805619 ], [ -61.371963734470945, -12.379781767536567 ], [ -61.371463735514737, -12.379781767536567 ] ] ] } },
{ "type": "Feature", "properties": { "DN": 1 }, "geometry": { "type": "Polygon", "coordinates": [ [ [ -61.376213725598703, -12.379531768267517 ], [ -61.376213725598703, -12.380031766805619 ], [ -61.376713724554911, -12.380031766805619 ], [ -61.376713724554911, -12.379531768267517 ], [ -61.376213725598703, -12.379531768267517 ] ] ] } },
{ "type": "Feature", "properties": { "DN": 1 }, "geometry": { "type": "Polygon", "coordinates": [ [ [ -61.364213750649725, -12.379281768998466 ], [ -61.364213750649725, -12.379531768267517 ], [ -61.363963751171624, -12.379531768267517 ], [ -61.363963751171624, -12.38028176607467 ], [ -61.364463750127832, -12.38028176607467 ], [ -61.364463750127832, -12.379281768998466 ], [ -61.364213750649725, -12.379281768998466 ] ] ] } },
{ "type": "Feature", "properties": { "DN": 1 }, "geometry": { "type": "Polygon", "coordinates": [ [ [ -61.40196367184339, -12.379531768267517 ], [ -61.40196367184339, -12.379781767536567 ], [ -61.402213671321491, -12.379781767536567 ], [ -61.402213671321491, -12.379531768267517 ], [ -61.40196367184339, -12.379531768267517 ] ] ] } },
{ "type": "Feature", "properties": { "DN": 1 }, "geometry": { "type": "Polygon", "coordinates": [ [ [ -61.371963734470945, -12.379531768267517 ], [ -61.371963734470945, -12.379781767536567 ], [ -61.372213733949046, -12.379781767536567 ], [ -61.372213733949046, -12.379531768267517 ], [ -61.371963734470945, -12.379531768267517 ] ] ] } },
{ "type": "Feature", "properties": { "DN": 1 }, "geometry": { "type": "Polygon", "coordinates": [ [ [ -61.376213725598703, -12.378031772653213 ], [ -61.376213725598703, -12.378281771922262 ], [ -61.37646372507681, -12.378281771922262 ], [ -61.37646372507681, -12.378031772653213 ], [ -61.376213725598703, -12.378031772653213 ] ] ] } },
{ "type": "Feature", "properties": { "DN": 1 }, "geometry": { "type": "Polygon", "coordinates": [ [ [ -61.357213765262827, -12.377781773384161 ], [ -61.357213765262827, -12.378031772653213 ], [ -61.357713764219028, -12.378031772653213 ], [ -61.357713764219028, -12.377781773384161 ], [ -61.357213765262827, -12.377781773384161 ] ] ] } },
{ "type": "Feature", "properties": { "DN": 1 }, "geometry": { "type": "Polygon", "coordinates": [ [ [ -61.381213715160783, -12.377781773384161 ], [ -61.381213715160783, -12.378031772653213 ], [ -61.381463714638883, -12.378031772653213 ], [ -61.381463714638883, -12.377781773384161 ], [ -61.381213715160783, -12.377781773384161 ] ] ] } },
{ "type": "Feature", "properties": { "DN": 1 }, "geometry": { "type": "Polygon", "coordinates": [ [ [ -61.409213656708395, -12.377281774846059 ], [ -61.409213656708395, -12.377781773384161 ], [ -61.409463656186503, -12.377781773384161 ], [ -61.409463656186503, -12.377281774846059 ], [ -61.409213656708395, -12.377281774846059 ] ] ] } },
{ "type": "Feature", "properties": { "DN": 1 }, "geometry": { "type": "Polygon", "coordinates": [ [ [ -61.379713718292159, -12.376781776307958 ], [ -61.379713718292159, -12.378031772653213 ], [ -61.380213717248367, -12.378031772653213 ], [ -61.380213717248367, -12.377781773384161 ], [ -61.380713716204575, -12.377781773384161 ], [ -61.380713716204575, -12.378281771922262 ], [ -61.380963715682675, -12.378281771922262 ], [ -61.380963715682675, -12.377781773384161 ], [ -61.381213715160783, -12.377781773384161 ], [ -61.381213715160783, -12.377281774846059 ], [ -61.380963715682675, -12.377281774846059 ], [ -61.380963715682675, -12.377031775577009 ], [ -61.380713716204575, -12.377031775577009 ], [ -61.380713716204575, -12.377281774846059 ], [ -61.380463716726467, -12.377281774846059 ], [ -61.380463716726467, -12.376781776307958 ], [ -61.379713718292159, -12.376781776307958 ] ] ] } },
{ "type": "Feature", "properties": { "DN": 1 }, "geometry": { "type": "Polygon", "coordinates": [ [ [ -61.408713657752187, -12.377031775577009 ], [ -61.408713657752187, -12.377281774846059 ], [ -61.409213656708395, -12.377281774846059 ], [ -61.409213656708395, -12.377031775577009 ], [ -61.408713657752187, -12.377031775577009 ] ] ] } },
{ "type": "Feature", "properties": { "DN": 1 }, "geometry": { "type": "Polygon", "coordinates": [ [ [ -61.367713743343181, -12.376531777038906 ], [ -61.367713743343181, -12.377031775577009 ], [ -61.367213744386973, -12.377031775577009 ], [ -61.367213744386973, -12.377781773384161 ], [ -61.367963742821281, -12.377781773384161 ], [ -61.367963742821281, -12.377031775577009 ], [ -61.368213742299389, -12.377031775577009 ], [ -61.368213742299389, -12.376781776307958 ], [ -61.368463741777489, -12.376781776307958 ], [ -61.368463741777489, -12.376531777038906 ], [ -61.367713743343181, -12.376531777038906 ] ] ] } },
{ "type": "Feature", "properties": { "DN": 1 }, "geometry": { "type": "Polygon", "coordinates": [ [ [ -61.364713749605933, -12.376031778500806 ], [ -61.364713749605933, -12.376531777038906 ], [ -61.364463750127832, -12.376531777038906 ], [ -61.364463750127832, -12.377031775577009 ], [ -61.365213748562141, -12.377031775577009 ], [ -61.365213748562141, -12.377281774846059 ], [ -61.365463748040249, -12.377281774846059 ], [ -61.365463748040249, -12.377781773384161 ], [ -61.365713747518349, -12.377781773384161 ], [ -61.365713747518349, -12.378031772653213 ], [ -61.366213746474557, -12.378031772653213 ], [ -61.366213746474557, -12.377031775577009 ], [ -61.365963746996457, -12.377031775577009 ], [ -61.365963746996457, -12.376781776307958 ], [ -61.365463748040249, -12.376781776307958 ], [ -61.365463748040249, -12.376281777769856 ], [ -61.365713747518349, -12.376281777769856 ], [ -61.365713747518349, -12.376031778500806 ], [ -61.364713749605933, -12.376031778500806 ] ] ] } },
{ "type": "Feature", "properties": { "DN": 1 }, "geometry": { "type": "Polygon", "coordinates": [ [ [ -61.374213729773878, -12.376781776307958 ], [ -61.374213729773878, -12.377031775577009 ], [ -61.374463729251978, -12.377031775577009 ], [ -61.374463729251978, -12.377281774846059 ], [ -61.374713728730086, -12.377281774846059 ], [ -61.374713728730086, -12.376781776307958 ], [ -61.374213729773878, -12.376781776307958 ] ] ] } },
{ "type": "Feature", "properties": { "DN": 1 }, "geometry": { "type": "Polygon", "coordinates": [ [ [ -61.357213765262827, -12.376531777038906 ], [ -61.357213765262827, -12.376781776307958 ], [ -61.357713764219028, -12.376781776307958 ], [ -61.357713764219028, -12.376531777038906 ], [ -61.357213765262827, -12.376531777038906 ] ] ] } },
{ "type": "Feature", "properties": { "DN": 1 }, "geometry": { "type": "Polygon", "coordinates": [ [ [ -61.381713714116991, -12.376031778500806 ], [ -61.381713714116991, -12.376281777769856 ], [ -61.382213713073199, -12.376281777769856 ], [ -61.382213713073199, -12.376031778500806 ], [ -61.381713714116991, -12.376031778500806 ] ] ] } },
{ "type": "Feature", "properties": { "DN": 1 }, "geometry": { "type": "Polygon", "coordinates": [ [ [ -61.384713707854232, -12.376031778500806 ], [ -61.384713707854232, -12.376281777769856 ], [ -61.385463706288547, -12.376281777769856 ], [ -61.385463706288547, -12.376031778500806 ], [ -61.384713707854232, -12.376031778500806 ] ] ] } },
{ "type": "Feature", "properties": { "DN": 1 }, "geometry": { "type": "Polygon", "coordinates": [ [ [ -61.393713689065969, -12.375781779231755 ], [ -61.393713689065969, -12.376281777769856 ], [ -61.393963688544069, -12.376281777769856 ], [ -61.393963688544069, -12.375781779231755 ], [ -61.393713689065969, -12.375781779231755 ] ] ] } },
{ "type": "Feature", "properties": { "DN": 1 }, "geometry": { "type": "Polygon", "coordinates": [ [ [ -61.366213746474557, -12.375281780693653 ], [ -61.366213746474557, -12.375531779962703 ], [ -61.365963746996457, -12.375531779962703 ], [ -61.365963746996457, -12.375781779231755 ], [ -61.365713747518349, -12.375781779231755 ], [ -61.365713747518349, -12.376031778500806 ], [ -61.365963746996457, -12.376031778500806 ], [ -61.365963746996457, -12.376531777038906 ], [ -61.366463745952665, -12.376531777038906 ], [ -61.366463745952665, -12.376281777769856 ], [ -61.366963744908873, -12.376281777769856 ], [ -61.366963744908873, -12.376031778500806 ], [ -61.367713743343181, -12.376031778500806 ], [ -61.367713743343181, -12.375781779231755 ], [ -61.366963744908873, -12.375781779231755 ], [ -61.366963744908873, -12.375531779962703 ], [ -61.366463745952665, -12.375531779962703 ], [ -61.366463745952665, -12.375281780693653 ], [ -61.366213746474557, -12.375281780693653 ] ] ] } },
{ "type": "Feature", "properties": { "DN": 1 }, "geometry": { "type": "Polygon", "coordinates": [ [ [ -61.381963713595091, -12.375531779962703 ], [ -61.381963713595091, -12.375781779231755 ], [ -61.3827137120294, -12.375781779231755 ], [ -61.3827137120294, -12.375531779962703 ], [ -61.381963713595091, -12.375531779962703 ] ] ] } },
{ "type": "Feature", "properties": { "DN": 1 }, "geometry": { "type": "Polygon", "coordinates": [ [ [ -61.393463689587861, -12.375531779962703 ], [ -61.393463689587861, -12.375781779231755 ], [ -61.393713689065969, -12.375781779231755 ], [ -61.393713689065969, -12.375531779962703 ], [ -61.393463689587861, -12.375531779962703 ] ] ] } },
{ "type": "Feature", "properties": { "DN": 1 }, "geometry": { "type": "Polygon", "coordinates": [ [ [ -61.393213690109761, -12.375281780693653 ], [ -61.393213690109761, -12.375531779962703 ], [ -61.393463689587861, -12.375531779962703 ], [ -61.393463689587861, -12.375281780693653 ], [ -61.393213690109761, -12.375281780693653 ] ] ] } },
{ "type": "Feature", "properties": { "DN": 1 }, "geometry": { "type": "Polygon", "coordinates": [ [ [ -61.322963836762618, -12.373781785079348 ], [ -61.322963836762618, -12.375031781424601 ], [ -61.323213836240718, -12.375031781424601 ], [ -61.323213836240718, -12.374781782155551 ], [ -61.323463835718826, -12.374781782155551 ], [ -61.323463835718826, -12.373781785079348 ], [ -61.322963836762618, -12.373781785079348 ] ] ] } },
{ "type": "Feature", "properties": { "DN": 1 }, "geometry": { "type": "Polygon", "coordinates": [ [ [ -61.324213834153134, -12.374031784348398 ], [ -61.324213834153134, -12.37428178361745 ], [ -61.324463833631235, -12.37428178361745 ], [ -61.324463833631235, -12.374031784348398 ], [ -61.324213834153134, -12.374031784348398 ] ] ] } },
{ "type": "Feature", "properties": { "DN": 1 }, "geometry": { "type": "Polygon", "coordinates": [ [ [ -61.324463833631235, -12.373781785079348 ], [ -61.324463833631235, -12.374031784348398 ], [ -61.324713833109342, -12.374031784348398 ], [ -61.324713833109342, -12.373781785079348 ], [ -61.324463833631235, -12.373781785079348 ] ] ] } },
{ "type": "Feature", "properties": { "DN": 1 }, "geometry": { "type": "Polygon", "coordinates": [ [ [ -61.360713757956276, -12.373781785079348 ], [ -61.360713757956276, -12.374031784348398 ], [ -61.361213756912484, -12.374031784348398 ], [ -61.361213756912484, -12.373781785079348 ], [ -61.360713757956276, -12.373781785079348 ] ] ] } },
{ "type": "Feature", "properties": { "DN": 1 }, "geometry": { "type": "Polygon", "coordinates": [ [ [ -61.362963753259208, -12.373781785079348 ], [ -61.362963753259208, -12.374031784348398 ], [ -61.363213752737316, -12.374031784348398 ], [ -61.363213752737316, -12.373781785079348 ], [ -61.362963753259208, -12.373781785079348 ] ] ] } },
{ "type": "Feature", "properties": { "DN": 1 }, "geometry": { "type": "Polygon", "coordinates": [ [ [ -61.324213834153134, -12.373281786541245 ], [ -61.324213834153134, -12.373531785810297 ], [ -61.323963834675027, -12.373531785810297 ], [ -61.323963834675027, -12.373781785079348 ], [ -61.323713835196926, -12.373781785079348 ], [ -61.323713835196926, -12.37428178361745 ], [ -61.323963834675027, -12.37428178361745 ], [ -61.323963834675027, -12.374031784348398 ], [ -61.324213834153134, -12.374031784348398 ], [ -61.324213834153134, -12.373781785079348 ], [ -61.324463833631235, -12.373781785079348 ], [ -61.324463833631235, -12.373281786541245 ], [ -61.324213834153134, -12.373281786541245 ] ] ] } },
{ "type": "Feature", "properties": { "DN": 1 }, "geometry": { "type": "Polygon", "coordinates": [ [ [ -61.323463835718826, -12.373531785810297 ], [ -61.323463835718826, -12.373781785079348 ], [ -61.323713835196926, -12.373781785079348 ], [ -61.323713835196926, -12.373531785810297 ], [ -61.323463835718826, -12.373531785810297 ] ] ] } },
{ "type": "Feature", "properties": { "DN": 1 }, "geometry": { "type": "Polygon", "coordinates": [ [ [ -61.323713835196926, -12.373281786541245 ], [ -61.323713835196926, -12.373531785810297 ], [ -61.323963834675027, -12.373531785810297 ], [ -61.323963834675027, -12.373281786541245 ], [ -61.323713835196926, -12.373281786541245 ] ] ] } },
{ "type": "Feature", "properties": { "DN": 1 }, "geometry": { "type": "Polygon", "coordinates": [ [ [ -61.340713799707977, -12.373031787272195 ], [ -61.340713799707977, -12.373531785810297 ], [ -61.340463800229877, -12.373531785810297 ], [ -61.340463800229877, -12.373781785079348 ], [ -61.341463798142293, -12.373781785079348 ], [ -61.341463798142293, -12.372781788003145 ], [ -61.340963799186085, -12.372781788003145 ], [ -61.340963799186085, -12.373031787272195 ], [ -61.340713799707977, -12.373031787272195 ] ], [ [ -61.341213798664185, -12.373031787272195 ], [ -61.341213798664185, -12.373531785810297 ], [ -61.340963799186085, -12.373531785810297 ], [ -61.340963799186085, -12.373031787272195 ], [ -61.341213798664185, -12.373031787272195 ] ] ] } },
{ "type": "Feature", "properties": { "DN": 1 }, "geometry": { "type": "Polygon", "coordinates": [ [ [ -61.323963834675027, -12.373031787272195 ], [ -61.323963834675027, -12.373281786541245 ], [ -61.324213834153134, -12.373281786541245 ], [ -61.324213834153134, -12.373031787272195 ], [ -61.323963834675027, -12.373031787272195 ] ] ] } },
{ "type": "Feature", "properties": { "DN": 1 }, "geometry": { "type": "Polygon", "coordinates": [ [ [ -61.364213750649725, -12.372781788003145 ], [ -61.364213750649725, -12.373281786541245 ], [ -61.364463750127832, -12.373281786541245 ], [ -61.364463750127832, -12.373031787272195 ], [ -61.364713749605933, -12.373031787272195 ], [ -61.364713749605933, -12.372781788003145 ], [ -61.364213750649725, -12.372781788003145 ] ] ] } },
{ "type": "Feature", "properties": { "DN": 1 }, "geometry": { "type": "Polygon", "coordinates": [ [ [ -61.391963692719244, -12.372781788003145 ], [ -61.391963692719244, -12.373031787272195 ], [ -61.392213692197345, -12.373031787272195 ], [ -61.392213692197345, -12.372781788003145 ], [ -61.391963692719244, -12.372781788003145 ] ] ] } },
{ "type": "Feature", "properties": { "DN": 1 }, "geometry": { "type": "Polygon", "coordinates": [ [ [ -61.341463798142293, -12.372531788734094 ], [ -61.341463798142293, -12.372781788003145 ], [ -61.341713797620393, -12.372781788003145 ], [ -61.341713797620393, -12.372531788734094 ], [ -61.341463798142293, -12.372531788734094 ] ] ] } },
{ "type": "Feature", "properties": { "DN": 1 }, "geometry": { "type": "Polygon", "coordinates": [ [ [ -61.341713797620393, -12.372281789465042 ], [ -61.341713797620393, -12.372531788734094 ], [ -61.341963797098501, -12.372531788734094 ], [ -61.341963797098501, -12.372281789465042 ], [ -61.341713797620393, -12.372281789465042 ] ] ] } },
{ "type": "Feature", "properties": { "DN": 1 }, "geometry": { "type": "Polygon", "coordinates": [ [ [ -61.363713751693524, -12.372031790195992 ], [ -61.363713751693524, -12.372281789465042 ], [ -61.363963751171624, -12.372281789465042 ], [ -61.363963751171624, -12.372031790195992 ], [ -61.363713751693524, -12.372031790195992 ] ] ] } },
{ "type": "Feature", "properties": { "DN": 1 }, "geometry": { "type": "Polygon", "coordinates": [ [ [ -61.366213746474557, -12.370281795312636 ], [ -61.366213746474557, -12.370531794581687 ], [ -61.366713745430765, -12.370531794581687 ], [ -61.366713745430765, -12.371031793119789 ], [ -61.366213746474557, -12.371031793119789 ], [ -61.366213746474557, -12.37153179165789 ], [ -61.365713747518349, -12.37153179165789 ], [ -61.365713747518349, -12.37178179092694 ], [ -61.365963746996457, -12.37178179092694 ], [ -61.365963746996457, -12.372281789465042 ], [ -61.365463748040249, -12.372281789465042 ], [ -61.365463748040249, -12.373031787272195 ], [ -61.365963746996457, -12.373031787272195 ], [ -61.365963746996457, -12.373281786541245 ], [ -61.366213746474557, -12.373281786541245 ], [ -61.366213746474557, -12.373031787272195 ], [ -61.366463745952665, -12.373031787272195 ], [ -61.366463745952665, -12.373531785810297 ], [ -61.366963744908873, -12.373531785810297 ], [ -61.366963744908873, -12.373281786541245 ], [ -61.367213744386973, -12.373281786541245 ], [ -61.367213744386973, -12.373531785810297 ], [ -61.368963740733697, -12.373531785810297 ], [ -61.368963740733697, -12.373281786541245 ], [ -61.369713739168006, -12.373281786541245 ], [ -61.369713739168006, -12.373031787272195 ], [ -61.370713737080422, -12.373031787272195 ], [ -61.370713737080422, -12.372281789465042 ], [ -61.370463737602321, -12.372281789465042 ], [ -61.370463737602321, -12.371281792388839 ], [ -61.370213738124221, -12.371281792388839 ], [ -61.370213738124221, -12.371031793119789 ], [ -61.369213740211805, -12.371031793119789 ], [ -61.369213740211805, -12.371281792388839 ], [ -61.368463741777489, -12.371281792388839 ], [ -61.368463741777489, -12.37153179165789 ], [ -61.368213742299389, -12.37153179165789 ], [ -61.368213742299389, -12.371281792388839 ], [ -61.367713743343181, -12.371281792388839 ], [ -61.367713743343181, -12.371031793119789 ], [ -61.367213744386973, -12.371031793119789 ], [ -61.367213744386973, -12.370531794581687 ], [ -61.366963744908873, -12.370531794581687 ], [ -61.366963744908873, -12.370281795312636 ], [ -61.366213746474557, -12.370281795312636 ] ], [ [ -61.366963744908873, -12.372781788003145 ], [ -61.366463745952665, -12.372781788003145 ], [ -61.366463745952665, -12.372281789465042 ], [ -61.366963744908873, -12.372281789465042 ], [ -61.366963744908873, -12.372781788003145 ] ] ] } },
{ "type": "Feature", "properties": { "DN": 1 }, "geometry": { "type": "Polygon", "coordinates": [ [ [ -61.389213698460097, -12.37153179165789 ], [ -61.389213698460097, -12.37178179092694 ], [ -61.389463697938204, -12.37178179092694 ], [ -61.389463697938204, -12.37153179165789 ], [ -61.389213698460097, -12.37153179165789 ] ] ] } },
{ "type": "Feature", "properties": { "DN": 1 }, "geometry": { "type": "Polygon", "coordinates": [ [ [ -61.341463798142293, -12.37153179165789 ], [ -61.341463798142293, -12.37178179092694 ], [ -61.341713797620393, -12.37178179092694 ], [ -61.341713797620393, -12.37153179165789 ], [ -61.341463798142293, -12.37153179165789 ] ] ] } },
{ "type": "Feature", "properties": { "DN": 1 }, "geometry": { "type": "Polygon", "coordinates": [ [ [ -61.394213688022177, -12.371031793119789 ], [ -61.394213688022177, -12.371281792388839 ], [ -61.393963688544069, -12.371281792388839 ], [ -61.393963688544069, -12.37153179165789 ], [ -61.394213688022177, -12.37153179165789 ], [ -61.394213688022177, -12.372281789465042 ], [ -61.394463687500277, -12.372281789465042 ], [ -61.394463687500277, -12.37153179165789 ], [ -61.394713686978378, -12.37153179165789 ], [ -61.394713686978378, -12.371031793119789 ], [ -61.394213688022177, -12.371031793119789 ] ] ] } },
{ "type": "Feature", "properties": { "DN": 1 }, "geometry": { "type": "Polygon", "coordinates": [ [ [ -61.403713668190115, -12.371031793119789 ], [ -61.403713668190115, -12.37178179092694 ], [ -61.403963667668222, -12.37178179092694 ], [ -61.403963667668222, -12.371281792388839 ], [ -61.404213667146323, -12.371281792388839 ], [ -61.404213667146323, -12.371031793119789 ], [ -61.403713668190115, -12.371031793119789 ] ] ] } },
{ "type": "Feature", "properties": { "DN": 1 }, "geometry": { "type": "Polygon", "coordinates": [ [ [ -61.38771370159148, -12.371281792388839 ], [ -61.38771370159148, -12.37153179165789 ], [ -61.38796370106958, -12.37153179165789 ], [ -61.38796370106958, -12.371281792388839 ], [ -61.38771370159148, -12.371281792388839 ] ] ] } },
{ "type": "Feature", "properties": { "DN": 1 }, "geometry": { "type": "Polygon", "coordinates": [ [ [ -61.364963749084041, -12.371281792388839 ], [ -61.364963749084041, -12.37153179165789 ], [ -61.365213748562141, -12.37153179165789 ], [ -61.365213748562141, -12.371281792388839 ], [ -61.364963749084041, -12.371281792388839 ] ] ] } },
{ "type": "Feature", "properties": { "DN": 1 }, "geometry": { "type": "Polygon", "coordinates": [ [ [ -61.386213704722856, -12.371031793119789 ], [ -61.386213704722856, -12.371281792388839 ], [ -61.385963705244748, -12.371281792388839 ], [ -61.385963705244748, -12.37153179165789 ], [ -61.386713703679064, -12.37153179165789 ], [ -61.386713703679064, -12.371281792388839 ], [ -61.386463704200956, -12.371281792388839 ], [ -61.386463704200956, -12.371031793119789 ], [ -61.386213704722856, -12.371031793119789 ] ] ] } },
{ "type": "Feature", "properties": { "DN": 1 }, "geometry": { "type": "Polygon", "coordinates": [ [ [ -61.388713699503896, -12.371031793119789 ], [ -61.388713699503896, -12.371281792388839 ], [ -61.388963698981996, -12.371281792388839 ], [ -61.388963698981996, -12.371031793119789 ], [ -61.388713699503896, -12.371031793119789 ] ] ] } },
{ "type": "Feature", "properties": { "DN": 1 }, "geometry": { "type": "Polygon", "coordinates": [ [ [ -61.414463645748576, -12.370281795312636 ], [ -61.414463645748576, -12.370781793850737 ], [ -61.414213646270468, -12.370781793850737 ], [ -61.414213646270468, -12.371281792388839 ], [ -61.413963646792368, -12.371281792388839 ], [ -61.413963646792368, -12.37178179092694 ], [ -61.414213646270468, -12.37178179092694 ], [ -61.414213646270468, -12.372031790195992 ], [ -61.414463645748576, -12.372031790195992 ], [ -61.414463645748576, -12.37178179092694 ], [ -61.414713645226676, -12.37178179092694 ], [ -61.414713645226676, -12.370781793850737 ], [ -61.415713643139092, -12.370781793850737 ], [ -61.415713643139092, -12.370281795312636 ], [ -61.414463645748576, -12.370281795312636 ] ] ] } },
{ "type": "Feature", "properties": { "DN": 1 }, "geometry": { "type": "Polygon", "coordinates": [ [ [ -61.393963688544069, -12.370781793850737 ], [ -61.393963688544069, -12.371031793119789 ], [ -61.394213688022177, -12.371031793119789 ], [ -61.394213688022177, -12.370781793850737 ], [ -61.393963688544069, -12.370781793850737 ] ] ] } },
{ "type": "Feature", "properties": { "DN": 1 }, "geometry": { "type": "Polygon", "coordinates": [ [ [ -61.363463752215416, -12.370281795312636 ], [ -61.363463752215416, -12.370531794581687 ], [ -61.363213752737316, -12.370531794581687 ], [ -61.363213752737316, -12.370781793850737 ], [ -61.362963753259208, -12.370781793850737 ], [ -61.362963753259208, -12.371281792388839 ], [ -61.363213752737316, -12.371281792388839 ], [ -61.363213752737316, -12.37153179165789 ], [ -61.364463750127832, -12.37153179165789 ], [ -61.364463750127832, -12.371281792388839 ], [ -61.364213750649725, -12.371281792388839 ], [ -61.364213750649725, -12.370781793850737 ], [ -61.363963751171624, -12.370781793850737 ], [ -61.363963751171624, -12.370531794581687 ], [ -61.363713751693524, -12.370531794581687 ], [ -61.363713751693524, -12.370281795312636 ], [ -61.363463752215416, -12.370281795312636 ] ] ] } },
{ "type": "Feature", "properties": { "DN": 1 }, "geometry": { "type": "Polygon", "coordinates": [ [ [ -61.370963736558529, -12.370781793850737 ], [ -61.370963736558529, -12.371031793119789 ], [ -61.371463735514737, -12.371031793119789 ], [ -61.371463735514737, -12.370781793850737 ], [ -61.370963736558529, -12.370781793850737 ] ] ] } },
{ "type": "Feature", "properties": { "DN": 1 }, "geometry": { "type": "Polygon", "coordinates": [ [ [ -61.365213748562141, -12.370781793850737 ], [ -61.365213748562141, -12.371031793119789 ], [ -61.365463748040249, -12.371031793119789 ], [ -61.365463748040249, -12.370781793850737 ], [ -61.365213748562141, -12.370781793850737 ] ] ] } },
{ "type": "Feature", "properties": { "DN": 1 }, "geometry": { "type": "Polygon", "coordinates": [ [ [ -61.377213723511119, -12.370531794581687 ], [ -61.377213723511119, -12.371031793119789 ], [ -61.377713722467327, -12.371031793119789 ], [ -61.377713722467327, -12.370781793850737 ], [ -61.377963721945434, -12.370781793850737 ], [ -61.377963721945434, -12.370531794581687 ], [ -61.377213723511119, -12.370531794581687 ] ] ] } },
{ "type": "Feature", "properties": { "DN": 1 }, "geometry": { "type": "Polygon", "coordinates": [ [ [ -61.402213671321491, -12.370281795312636 ], [ -61.402213671321491, -12.370781793850737 ], [ -61.40196367184339, -12.370781793850737 ], [ -61.40196367184339, -12.371031793119789 ], [ -61.402713670277699, -12.371031793119789 ], [ -61.402713670277699, -12.370781793850737 ], [ -61.402963669755806, -12.370781793850737 ], [ -61.402963669755806, -12.370531794581687 ], [ -61.402713670277699, -12.370531794581687 ], [ -61.402713670277699, -12.370281795312636 ], [ -61.402213671321491, -12.370281795312636 ] ] ] } },
{ "type": "Feature", "properties": { "DN": 1 }, "geometry": { "type": "Polygon", "coordinates": [ [ [ -61.390713695328721, -12.370281795312636 ], [ -61.390713695328721, -12.370531794581687 ], [ -61.390963694806828, -12.370531794581687 ], [ -61.390963694806828, -12.370281795312636 ], [ -61.390713695328721, -12.370281795312636 ] ] ] } },
{ "type": "Feature", "properties": { "DN": 1 }, "geometry": { "type": "Polygon", "coordinates": [ [ [ -61.32521383206555, -12.371031793119789 ], [ -61.325463831543651, -12.371031793119789 ], [ -61.325463831543651, -12.371281792388839 ], [ -61.324963832587443, -12.371281792388839 ], [ -61.324963832587443, -12.37428178361745 ], [ -61.32521383206555, -12.37428178361745 ], [ -61.32521383206555, -12.3745317828865 ], [ -61.325463831543651, -12.3745317828865 ], [ -61.325463831543651, -12.375281780693653 ], [ -61.325963830499859, -12.375281780693653 ], [ -61.325963830499859, -12.375531779962703 ], [ -61.326713828934174, -12.375531779962703 ], [ -61.326713828934174, -12.376031778500806 ], [ -61.326963828412275, -12.376031778500806 ], [ -61.326963828412275, -12.376281777769856 ], [ -61.327213827890375, -12.376281777769856 ], [ -61.327213827890375, -12.375531779962703 ], [ -61.327713826846583, -12.375531779962703 ], [ -61.327713826846583, -12.376031778500806 ], [ -61.327963826324691, -12.376031778500806 ], [ -61.327963826324691, -12.375781779231755 ], [ -61.328213825802791, -12.375781779231755 ], [ -61.328213825802791, -12.3745317828865 ], [ -61.327963826324691, -12.3745317828865 ], [ -61.327963826324691, -12.374031784348398 ], [ -61.328213825802791, -12.374031784348398 ], [ -61.328213825802791, -12.37428178361745 ], [ -61.328463825280899, -12.37428178361745 ], [ -61.328463825280899, -12.3745317828865 ], [ -61.328713824758999, -12.3745317828865 ], [ -61.328713824758999, -12.37428178361745 ], [ -61.328963824237107, -12.37428178361745 ], [ -61.328963824237107, -12.3745317828865 ], [ -61.329213823715207, -12.3745317828865 ], [ -61.329213823715207, -12.374781782155551 ], [ -61.329463823193308, -12.374781782155551 ], [ -61.329463823193308, -12.375281780693653 ], [ -61.329713822671415, -12.375281780693653 ], [ -61.329713822671415, -12.375531779962703 ], [ -61.330213821627623, -12.375531779962703 ], [ -61.330213821627623, -12.375281780693653 ], [ -61.330463821105724, -12.375281780693653 ], [ -61.330463821105724, -12.375531779962703 ], [ -61.330963820061932, -12.375531779962703 ], [ -61.330963820061932, -12.375281780693653 ], [ -61.331213819540039, -12.375281780693653 ], [ -61.331213819540039, -12.3745317828865 ], [ -61.33146381901814, -12.3745317828865 ], [ -61.33146381901814, -12.373781785079348 ], [ -61.331213819540039, -12.373781785079348 ], [ -61.331213819540039, -12.373531785810297 ], [ -61.330963820061932, -12.373531785810297 ], [ -61.330963820061932, -12.372781788003145 ], [ -61.331213819540039, -12.372781788003145 ], [ -61.331213819540039, -12.372531788734094 ], [ -61.330213821627623, -12.372531788734094 ], [ -61.330213821627623, -12.372781788003145 ], [ -61.329213823715207, -12.372781788003145 ], [ -61.329213823715207, -12.373031787272195 ], [ -61.328963824237107, -12.373031787272195 ], [ -61.328963824237107, -12.372781788003145 ], [ -61.328713824758999, -12.372781788003145 ], [ -61.328713824758999, -12.372531788734094 ], [ -61.328463825280899, -12.372531788734094 ], [ -61.328463825280899, -12.372281789465042 ], [ -61.328213825802791, -12.372281789465042 ], [ -61.328213825802791, -12.37153179165789 ], [ -61.327963826324691, -12.37153179165789 ], [ -61.327963826324691, -12.370781793850737 ], [ -61.328463825280899, -12.370781793850737 ], [ -61.328463825280899, -12.371281792388839 ], [ -61.328713824758999, -12.371281792388839 ], [ -61.328713824758999, -12.370531794581687 ], [ -61.328463825280899, -12.370531794581687 ], [ -61.328463825280899, -12.370281795312636 ], [ -61.328213825802791, -12.370281795312636 ], [ -61.328213825802791, -12.370531794581687 ], [ -61.327713826846583, -12.370531794581687 ], [ -61.327713826846583, -12.369281798236432 ], [ -61.327963826324691, -12.369281798236432 ], [ -61.327963826324691, -12.369031798967381 ], [ -61.328213825802791, -12.369031798967381 ], [ -61.328213825802791, -12.369281798236432 ], [ -61.328963824237107, -12.369281798236432 ], [ -61.328963824237107, -12.368781799698331 ], [ -61.329463823193308, -12.368781799698331 ], [ -61.329463823193308, -12.368531800429281 ], [ -61.329213823715207, -12.368531800429281 ], [ -61.329213823715207, -12.368031801891178 ], [ -61.328713824758999, -12.368031801891178 ], [ -61.328713824758999, -12.367781802622128 ], [ -61.328463825280899, -12.367781802622128 ], [ -61.328463825280899, -12.366281807007823 ], [ -61.328213825802791, -12.366281807007823 ], [ -61.328213825802791, -12.36578180846972 ], [ -61.327963826324691, -12.36578180846972 ], [ -61.327963826324691, -12.36553180920067 ], [ -61.328213825802791, -12.36553180920067 ], [ -61.328213825802791, -12.36528180993162 ], [ -61.328463825280899, -12.36528180993162 ], [ -61.328463825280899, -12.364781811393517 ], [ -61.328213825802791, -12.364781811393517 ], [ -61.328213825802791, -12.364281812855417 ], [ -61.327713826846583, -12.364281812855417 ], [ -61.327713826846583, -12.364781811393517 ], [ -61.327463827368483, -12.364781811393517 ], [ -61.327463827368483, -12.364281812855417 ], [ -61.327213827890375, -12.364281812855417 ], [ -61.327213827890375, -12.364531812124467 ], [ -61.326213829977959, -12.364531812124467 ], [ -61.326213829977959, -12.365031810662568 ], [ -61.325963830499859, -12.365031810662568 ], [ -61.325963830499859, -12.36528180993162 ], [ -61.326213829977959, -12.36528180993162 ], [ -61.326213829977959, -12.36553180920067 ], [ -61.325963830499859, -12.36553180920067 ], [ -61.325963830499859, -12.366031807738771 ], [ -61.325713831021758, -12.366031807738771 ], [ -61.325713831021758, -12.366281807007823 ], [ -61.326213829977959, -12.366281807007823 ], [ -61.326213829977959, -12.367031804814975 ], [ -61.326463829456067, -12.367031804814975 ], [ -61.326463829456067, -12.366781805545925 ], [ -61.326713828934174, -12.366781805545925 ], [ -61.326713828934174, -12.367281804084026 ], [ -61.326213829977959, -12.367281804084026 ], [ -61.326213829977959, -12.367781802622128 ], [ -61.326463829456067, -12.367781802622128 ], [ -61.326463829456067, -12.368031801891178 ], [ -61.326213829977959, -12.368031801891178 ], [ -61.326213829977959, -12.368531800429281 ], [ -61.326463829456067, -12.368531800429281 ], [ -61.326463829456067, -12.368781799698331 ], [ -61.326713828934174, -12.368781799698331 ], [ -61.326713828934174, -12.368281801160229 ], [ -61.327213827890375, -12.368281801160229 ], [ -61.327213827890375, -12.368531800429281 ], [ -61.327713826846583, -12.368531800429281 ], [ -61.327713826846583, -12.368781799698331 ], [ -61.327213827890375, -12.368781799698331 ], [ -61.327213827890375, -12.369531797505484 ], [ -61.326963828412275, -12.369531797505484 ], [ -61.326963828412275, -12.370281795312636 ], [ -61.326463829456067, -12.370281795312636 ], [ -61.326463829456067, -12.369781796774534 ], [ -61.325963830499859, -12.369781796774534 ], [ -61.325963830499859, -12.369281798236432 ], [ -61.325713831021758, -12.369281798236432 ], [ -61.325713831021758, -12.369031798967381 ], [ -61.325463831543651, -12.369031798967381 ], [ -61.325463831543651, -12.369281798236432 ], [ -61.32521383206555, -12.369281798236432 ], [ -61.32521383206555, -12.369781796774534 ], [ -61.324963832587443, -12.369781796774534 ], [ -61.324963832587443, -12.370781793850737 ], [ -61.32521383206555, -12.370781793850737 ], [ -61.32521383206555, -12.371031793119789 ] ], [ [ -61.326713828934174, -12.366281807007823 ], [ -61.326963828412275, -12.366281807007823 ], [ -61.326963828412275, -12.366781805545925 ], [ -61.326713828934174, -12.366781805545925 ], [ -61.326713828934174, -12.366281807007823 ] ], [ [ -61.325713831021758, -12.369781796774534 ], [ -61.325713831021758, -12.370281795312636 ], [ -61.32521383206555, -12.370281795312636 ], [ -61.32521383206555, -12.369781796774534 ], [ -61.325713831021758, -12.369781796774534 ] ], [ [ -61.325963830499859, -12.370281795312636 ], [ -61.325963830499859, -12.370531794581687 ], [ -61.325713831021758, -12.370531794581687 ], [ -61.325713831021758, -12.370281795312636 ], [ -61.325963830499859, -12.370281795312636 ] ], [ [ -61.32521383206555, -12.370531794581687 ], [ -61.325463831543651, -12.370531794581687 ], [ -61.325463831543651, -12.370781793850737 ], [ -61.32521383206555, -12.370781793850737 ], [ -61.32521383206555, -12.370531794581687 ] ], [ [ -61.327463827368483, -12.36553180920067 ], [ -61.326963828412275, -12.36553180920067 ], [ -61.326963828412275, -12.36528180993162 ], [ -61.327463827368483, -12.36528180993162 ], [ -61.327463827368483, -12.36553180920067 ] ], [ [ -61.328213825802791, -12.366781805545925 ], [ -61.327963826324691, -12.366781805545925 ], [ -61.327963826324691, -12.366531806276873 ], [ -61.328213825802791, -12.366531806276873 ], [ -61.328213825802791, -12.366781805545925 ] ], [ [ -61.327213827890375, -12.367281804084026 ], [ -61.326963828412275, -12.367281804084026 ], [ -61.326963828412275, -12.367031804814975 ], [ -61.327213827890375, -12.367031804814975 ], [ -61.327213827890375, -12.367281804084026 ] ], [ [ -61.326963828412275, -12.368031801891178 ], [ -61.326713828934174, -12.368031801891178 ], [ -61.326713828934174, -12.367781802622128 ], [ -61.326963828412275, -12.367781802622128 ], [ -61.326963828412275, -12.368031801891178 ] ], [ [ -61.327213827890375, -12.370781793850737 ], [ -61.326963828412275, -12.370781793850737 ], [ -61.326963828412275, -12.370531794581687 ], [ -61.327213827890375, -12.370531794581687 ], [ -61.327213827890375, -12.370781793850737 ] ], [ [ -61.325963830499859, -12.37178179092694 ], [ -61.325713831021758, -12.37178179092694 ], [ -61.325713831021758, -12.37153179165789 ], [ -61.325963830499859, -12.37153179165789 ], [ -61.325963830499859, -12.37178179092694 ] ], [ [ -61.326463829456067, -12.372031790195992 ], [ -61.326463829456067, -12.37178179092694 ], [ -61.326713828934174, -12.37178179092694 ], [ -61.326713828934174, -12.372031790195992 ], [ -61.326463829456067, -12.372031790195992 ] ], [ [ -61.327213827890375, -12.372031790195992 ], [ -61.327213827890375, -12.372781788003145 ], [ -61.326963828412275, -12.372781788003145 ], [ -61.326963828412275, -12.372281789465042 ], [ -61.326713828934174, -12.372281789465042 ], [ -61.326713828934174, -12.372031790195992 ], [ -61.327213827890375, -12.372031790195992 ] ], [ [ -61.327463827368483, -12.372781788003145 ], [ -61.327463827368483, -12.373031787272195 ], [ -61.327213827890375, -12.373031787272195 ], [ -61.327213827890375, -12.372781788003145 ], [ -61.327463827368483, -12.372781788003145 ] ], [ [ -61.325963830499859, -12.372031790195992 ], [ -61.326213829977959, -12.372031790195992 ], [ -61.326213829977959, -12.372281789465042 ], [ -61.325963830499859, -12.372281789465042 ], [ -61.325963830499859, -12.372031790195992 ] ], [ [ -61.325963830499859, -12.372781788003145 ], [ -61.325713831021758, -12.372781788003145 ], [ -61.325713831021758, -12.372281789465042 ], [ -61.325963830499859, -12.372281789465042 ], [ -61.325963830499859, -12.372781788003145 ] ], [ [ -61.326713828934174, -12.373031787272195 ], [ -61.326963828412275, -12.373031787272195 ], [ -61.326963828412275, -12.373531785810297 ], [ -61.326713828934174, -12.373531785810297 ], [ -61.326713828934174, -12.373031787272195 ] ], [ [ -61.326713828934174, -12.373781785079348 ], [ -61.326463829456067, -12.373781785079348 ], [ -61.326463829456067, -12.373531785810297 ], [ -61.326713828934174, -12.373531785810297 ], [ -61.326713828934174, -12.373781785079348 ] ], [ [ -61.326213829977959, -12.373531785810297 ], [ -61.326213829977959, -12.373781785079348 ], [ -61.325963830499859, -12.373781785079348 ], [ -61.325963830499859, -12.373531785810297 ], [ -61.325713831021758, -12.373531785810297 ], [ -61.325713831021758, -12.373781785079348 ], [ -61.325463831543651, -12.373781785079348 ], [ -61.325463831543651, -12.373281786541245 ], [ -61.326463829456067, -12.373281786541245 ], [ -61.326463829456067, -12.373531785810297 ], [ -61.326213829977959, -12.373531785810297 ] ], [ [ -61.329213823715207, -12.373531785810297 ], [ -61.328963824237107, -12.373531785810297 ], [ -61.328963824237107, -12.373281786541245 ], [ -61.329213823715207, -12.373281786541245 ], [ -61.329213823715207, -12.373531785810297 ] ], [ [ -61.326713828934174, -12.37428178361745 ], [ -61.326463829456067, -12.37428178361745 ], [ -61.326463829456067, -12.374031784348398 ], [ -61.326713828934174, -12.374031784348398 ], [ -61.326713828934174, -12.37428178361745 ] ], [ [ -61.330713820583831, -12.37428178361745 ], [ -61.330963820061932, -12.37428178361745 ], [ -61.330963820061932, -12.3745317828865 ], [ -61.330713820583831, -12.3745317828865 ], [ -61.330713820583831, -12.37428178361745 ] ], [ [ -61.330713820583831, -12.374781782155551 ], [ -61.330463821105724, -12.374781782155551 ], [ -61.330463821105724, -12.3745317828865 ], [ -61.330713820583831, -12.3745317828865 ], [ -61.330713820583831, -12.374781782155551 ] ], [ [ -61.326463829456067, -12.374781782155551 ], [ -61.325963830499859, -12.374781782155551 ], [ -61.325963830499859, -12.3745317828865 ], [ -61.326463829456067, -12.3745317828865 ], [ -61.326463829456067, -12.374781782155551 ] ] ] } },
{ "type": "Feature", "properties": { "DN": 1 }, "geometry": { "type": "Polygon", "coordinates": [ [ [ -61.364463750127832, -12.369781796774534 ], [ -61.364463750127832, -12.370531794581687 ], [ -61.364713749605933, -12.370531794581687 ], [ -61.364713749605933, -12.370781793850737 ], [ -61.365213748562141, -12.370781793850737 ], [ -61.365213748562141, -12.370531794581687 ], [ -61.365463748040249, -12.370531794581687 ], [ -61.365463748040249, -12.370281795312636 ], [ -61.364713749605933, -12.370281795312636 ], [ -61.364713749605933, -12.369781796774534 ], [ -61.364463750127832, -12.369781796774534 ] ] ] } },
{ "type": "Feature", "properties": { "DN": 1 }, "geometry": { "type": "Polygon", "coordinates": [ [ [ -61.373213731861462, -12.369781796774534 ], [ -61.373213731861462, -12.370281795312636 ], [ -61.37371373081767, -12.370281795312636 ], [ -61.37371373081767, -12.369781796774534 ], [ -61.373213731861462, -12.369781796774534 ] ] ] } },
{ "type": "Feature", "properties": { "DN": 1 }, "geometry": { "type": "Polygon", "coordinates": [ [ [ -61.41096365305512, -12.369781796774534 ], [ -61.41096365305512, -12.370281795312636 ], [ -61.411213652533228, -12.370281795312636 ], [ -61.411213652533228, -12.369781796774534 ], [ -61.41096365305512, -12.369781796774534 ] ] ] } },
{ "type": "Feature", "properties": { "DN": 1 }, "geometry": { "type": "Polygon", "coordinates": [ [ [ -61.358463762653344, -12.369031798967381 ], [ -61.358463762653344, -12.369531797505484 ], [ -61.358213763175236, -12.369531797505484 ], [ -61.358213763175236, -12.370531794581687 ], [ -61.358963761609552, -12.370531794581687 ], [ -61.358963761609552, -12.370281795312636 ], [ -61.35971376004386, -12.370281795312636 ], [ -61.35971376004386, -12.370031796043584 ], [ -61.359963759521968, -12.370031796043584 ], [ -61.359963759521968, -12.369781796774534 ], [ -61.359213761087652, -12.369781796774534 ], [ -61.359213761087652, -12.369281798236432 ], [ -61.358963761609552, -12.369281798236432 ], [ -61.358963761609552, -12.369781796774534 ], [ -61.358713762131444, -12.369781796774534 ], [ -61.358713762131444, -12.369031798967381 ], [ -61.358463762653344, -12.369031798967381 ] ] ] } },
{ "type": "Feature", "properties": { "DN": 1 }, "geometry": { "type": "Polygon", "coordinates": [ [ [ -61.391213694284929, -12.369281798236432 ], [ -61.391213694284929, -12.369531797505484 ], [ -61.390963694806828, -12.369531797505484 ], [ -61.390963694806828, -12.369781796774534 ], [ -61.391213694284929, -12.369781796774534 ], [ -61.391213694284929, -12.370281795312636 ], [ -61.391463693763029, -12.370281795312636 ], [ -61.391463693763029, -12.369281798236432 ], [ -61.391213694284929, -12.369281798236432 ] ] ] } },
{ "type": "Feature", "properties": { "DN": 1 }, "geometry": { "type": "Polygon", "coordinates": [ [ [ -61.360213759000068, -12.369281798236432 ], [ -61.360213759000068, -12.369781796774534 ], [ -61.360463758478176, -12.369781796774534 ], [ -61.360463758478176, -12.370031796043584 ], [ -61.360963757434376, -12.370031796043584 ], [ -61.360963757434376, -12.369531797505484 ], [ -61.360713757956276, -12.369531797505484 ], [ -61.360713757956276, -12.369281798236432 ], [ -61.360213759000068, -12.369281798236432 ] ] ] } },
{ "type": "Feature", "properties": { "DN": 1 }, "geometry": { "type": "Polygon", "coordinates": [ [ [ -61.327963826324691, -12.369281798236432 ], [ -61.327963826324691, -12.369781796774534 ], [ -61.328213825802791, -12.369781796774534 ], [ -61.328213825802791, -12.369281798236432 ], [ -61.327963826324691, -12.369281798236432 ] ] ] } },
{ "type": "Feature", "properties": { "DN": 1 }, "geometry": { "type": "Polygon", "coordinates": [ [ [ -61.402213671321491, -12.369031798967381 ], [ -61.402213671321491, -12.369281798236432 ], [ -61.401713672365283, -12.369281798236432 ], [ -61.401713672365283, -12.369781796774534 ], [ -61.402213671321491, -12.369781796774534 ], [ -61.402213671321491, -12.369531797505484 ], [ -61.402963669755806, -12.369531797505484 ], [ -61.402963669755806, -12.369281798236432 ], [ -61.402713670277699, -12.369281798236432 ], [ -61.402713670277699, -12.369031798967381 ], [ -61.402213671321491, -12.369031798967381 ] ] ] } },
{ "type": "Feature", "properties": { "DN": 1 }, "geometry": { "type": "Polygon", "coordinates": [ [ [ -61.363713751693524, -12.369031798967381 ], [ -61.363713751693524, -12.369531797505484 ], [ -61.363463752215416, -12.369531797505484 ], [ -61.363463752215416, -12.369781796774534 ], [ -61.364463750127832, -12.369781796774534 ], [ -61.364463750127832, -12.369281798236432 ], [ -61.364213750649725, -12.369281798236432 ], [ -61.364213750649725, -12.369031798967381 ], [ -61.363713751693524, -12.369031798967381 ] ] ] } },
{ "type": "Feature", "properties": { "DN": 1 }, "geometry": { "type": "Polygon", "coordinates": [ [ [ -61.329713822671415, -12.369281798236432 ], [ -61.329713822671415, -12.369531797505484 ], [ -61.329963822149523, -12.369531797505484 ], [ -61.329963822149523, -12.369281798236432 ], [ -61.329713822671415, -12.369281798236432 ] ] ] } },
{ "type": "Feature", "properties": { "DN": 1 }, "geometry": { "type": "Polygon", "coordinates": [ [ [ -61.331963817974348, -12.369031798967381 ], [ -61.331963817974348, -12.369281798236432 ], [ -61.331713818496247, -12.369281798236432 ], [ -61.331713818496247, -12.369531797505484 ], [ -61.332213817452455, -12.369531797505484 ], [ -61.332213817452455, -12.369031798967381 ], [ -61.331963817974348, -12.369031798967381 ] ] ] } },
{ "type": "Feature", "properties": { "DN": 1 }, "geometry": { "type": "Polygon", "coordinates": [ [ [ -61.411713651489436, -12.369031798967381 ], [ -61.411713651489436, -12.369531797505484 ], [ -61.411963650967536, -12.369531797505484 ], [ -61.411963650967536, -12.369031798967381 ], [ -61.411713651489436, -12.369031798967381 ] ] ] } },
{ "type": "Feature", "properties": { "DN": 1 }, "geometry": { "type": "Polygon", "coordinates": [ [ [ -61.33146381901814, -12.369031798967381 ], [ -61.33146381901814, -12.369281798236432 ], [ -61.331713818496247, -12.369281798236432 ], [ -61.331713818496247, -12.369031798967381 ], [ -61.33146381901814, -12.369031798967381 ] ] ] } },
{ "type": "Feature", "properties": { "DN": 1 }, "geometry": { "type": "Polygon", "coordinates": [ [ [ -61.329463823193308, -12.369031798967381 ], [ -61.329463823193308, -12.369281798236432 ], [ -61.329713822671415, -12.369281798236432 ], [ -61.329713822671415, -12.369031798967381 ], [ -61.329463823193308, -12.369031798967381 ] ] ] } },
{ "type": "Feature", "properties": { "DN": 1 }, "geometry": { "type": "Polygon", "coordinates": [ [ [ -61.329963822149523, -12.369031798967381 ], [ -61.329963822149523, -12.369281798236432 ], [ -61.330213821627623, -12.369281798236432 ], [ -61.330213821627623, -12.369031798967381 ], [ -61.329963822149523, -12.369031798967381 ] ] ] } },
{ "type": "Feature", "properties": { "DN": 1 }, "geometry": { "type": "Polygon", "coordinates": [ [ [ -61.368213742299389, -12.369031798967381 ], [ -61.368213742299389, -12.369281798236432 ], [ -61.368463741777489, -12.369281798236432 ], [ -61.368463741777489, -12.369031798967381 ], [ -61.368213742299389, -12.369031798967381 ] ] ] } },
{ "type": "Feature", "properties": { "DN": 1 }, "geometry": { "type": "Polygon", "coordinates": [ [ [ -61.360713757956276, -12.369031798967381 ], [ -61.360713757956276, -12.369281798236432 ], [ -61.360963757434376, -12.369281798236432 ], [ -61.360963757434376, -12.369031798967381 ], [ -61.360713757956276, -12.369031798967381 ] ] ] } },
{ "type": "Feature", "properties": { "DN": 1 }, "geometry": { "type": "Polygon", "coordinates": [ [ [ -61.362713753781108, -12.368531800429281 ], [ -61.362713753781108, -12.369531797505484 ], [ -61.363213752737316, -12.369531797505484 ], [ -61.363213752737316, -12.369281798236432 ], [ -61.363463752215416, -12.369281798236432 ], [ -61.363463752215416, -12.369031798967381 ], [ -61.363213752737316, -12.369031798967381 ], [ -61.363213752737316, -12.368531800429281 ], [ -61.362713753781108, -12.368531800429281 ] ] ] } },
{ "type": "Feature", "properties": { "DN": 1 }, "geometry": { "type": "Polygon", "coordinates": [ [ [ -61.326713828934174, -12.368781799698331 ], [ -61.326713828934174, -12.369031798967381 ], [ -61.325963830499859, -12.369031798967381 ], [ -61.325963830499859, -12.369281798236432 ], [ -61.326963828412275, -12.369281798236432 ], [ -61.326963828412275, -12.368781799698331 ], [ -61.326713828934174, -12.368781799698331 ] ] ] } },
{ "type": "Feature", "properties": { "DN": 1 }, "geometry": { "type": "Polygon", "coordinates": [ [ [ -61.361713755868692, -12.368281801160229 ], [ -61.361713755868692, -12.368531800429281 ], [ -61.361463756390584, -12.368531800429281 ], [ -61.361463756390584, -12.369031798967381 ], [ -61.361213756912484, -12.369031798967381 ], [ -61.361213756912484, -12.369281798236432 ], [ -61.361463756390584, -12.369281798236432 ], [ -61.361463756390584, -12.369531797505484 ], [ -61.361713755868692, -12.369531797505484 ], [ -61.361713755868692, -12.368781799698331 ], [ -61.361963755346792, -12.368781799698331 ], [ -61.361963755346792, -12.368281801160229 ], [ -61.361713755868692, -12.368281801160229 ] ] ] } },
{ "type": "Feature", "properties": { "DN": 1 }, "geometry": { "type": "Polygon", "coordinates": [ [ [ -61.332213817452455, -12.368781799698331 ], [ -61.332213817452455, -12.369031798967381 ], [ -61.332713816408656, -12.369031798967381 ], [ -61.332713816408656, -12.368781799698331 ], [ -61.332213817452455, -12.368781799698331 ] ] ] } },
{ "type": "Feature", "properties": { "DN": 1 }, "geometry": { "type": "Polygon", "coordinates": [ [ [ -61.37371373081767, -12.368531800429281 ], [ -61.37371373081767, -12.368781799698331 ], [ -61.373463731339569, -12.368781799698331 ], [ -61.373463731339569, -12.369031798967381 ], [ -61.37396373029577, -12.369031798967381 ], [ -61.37396373029577, -12.368531800429281 ], [ -61.37371373081767, -12.368531800429281 ] ] ] } },
{ "type": "Feature", "properties": { "DN": 1 }, "geometry": { "type": "Polygon", "coordinates": [ [ [ -61.329713822671415, -12.368531800429281 ], [ -61.329713822671415, -12.369031798967381 ], [ -61.329963822149523, -12.369031798967381 ], [ -61.329963822149523, -12.368781799698331 ], [ -61.330213821627623, -12.368781799698331 ], [ -61.330213821627623, -12.368531800429281 ], [ -61.329713822671415, -12.368531800429281 ] ] ] } },
{ "type": "Feature", "properties": { "DN": 1 }, "geometry": { "type": "Polygon", "coordinates": [ [ [ -61.331213819540039, -12.368531800429281 ], [ -61.331213819540039, -12.369031798967381 ], [ -61.33146381901814, -12.369031798967381 ], [ -61.33146381901814, -12.368531800429281 ], [ -61.331213819540039, -12.368531800429281 ] ] ] } },
{ "type": "Feature", "properties": { "DN": 1 }, "geometry": { "type": "Polygon", "coordinates": [ [ [ -61.350213779875922, -12.368531800429281 ], [ -61.350213779875922, -12.369031798967381 ], [ -61.350463779354023, -12.369031798967381 ], [ -61.350463779354023, -12.368531800429281 ], [ -61.350213779875922, -12.368531800429281 ] ] ] } },
{ "type": "Feature", "properties": { "DN": 1 }, "geometry": { "type": "Polygon", "coordinates": [ [ [ -61.325713831021758, -12.368531800429281 ], [ -61.325713831021758, -12.369031798967381 ], [ -61.325963830499859, -12.369031798967381 ], [ -61.325963830499859, -12.368531800429281 ], [ -61.325713831021758, -12.368531800429281 ] ] ] } },
{ "type": "Feature", "properties": { "DN": 1 }, "geometry": { "type": "Polygon", "coordinates": [ [ [ -61.360963757434376, -12.368531800429281 ], [ -61.360963757434376, -12.368781799698331 ], [ -61.361213756912484, -12.368781799698331 ], [ -61.361213756912484, -12.368531800429281 ], [ -61.360963757434376, -12.368531800429281 ] ] ] } },
{ "type": "Feature", "properties": { "DN": 1 }, "geometry": { "type": "Polygon", "coordinates": [ [ [ -61.326963828412275, -12.368531800429281 ], [ -61.326963828412275, -12.368781799698331 ], [ -61.327213827890375, -12.368781799698331 ], [ -61.327213827890375, -12.368531800429281 ], [ -61.326963828412275, -12.368531800429281 ] ] ] } },
{ "type": "Feature", "properties": { "DN": 1 }, "geometry": { "type": "Polygon", "coordinates": [ [ [ -61.33146381901814, -12.368281801160229 ], [ -61.33146381901814, -12.368531800429281 ], [ -61.331713818496247, -12.368531800429281 ], [ -61.331713818496247, -12.368281801160229 ], [ -61.33146381901814, -12.368281801160229 ] ] ] } },
{ "type": "Feature", "properties": { "DN": 1 }, "geometry": { "type": "Polygon", "coordinates": [ [ [ -61.329463823193308, -12.368281801160229 ], [ -61.329463823193308, -12.368531800429281 ], [ -61.329713822671415, -12.368531800429281 ], [ -61.329713822671415, -12.368281801160229 ], [ -61.329463823193308, -12.368281801160229 ] ] ] } },
{ "type": "Feature", "properties": { "DN": 1 }, "geometry": { "type": "Polygon", "coordinates": [ [ [ -61.361213756912484, -12.368281801160229 ], [ -61.361213756912484, -12.368531800429281 ], [ -61.361463756390584, -12.368531800429281 ], [ -61.361463756390584, -12.368281801160229 ], [ -61.361213756912484, -12.368281801160229 ] ] ] } },
{ "type": "Feature", "properties": { "DN": 1 }, "geometry": { "type": "Polygon", "coordinates": [ [ [ -61.365963746996457, -12.368031801891178 ], [ -61.365963746996457, -12.368281801160229 ], [ -61.366213746474557, -12.368281801160229 ], [ -61.366213746474557, -12.368031801891178 ], [ -61.365963746996457, -12.368031801891178 ] ] ] } },
{ "type": "Feature", "properties": { "DN": 1 }, "geometry": { "type": "Polygon", "coordinates": [ [ [ -61.367963742821281, -12.367781802622128 ], [ -61.367963742821281, -12.368031801891178 ], [ -61.368213742299389, -12.368031801891178 ], [ -61.368213742299389, -12.368531800429281 ], [ -61.368463741777489, -12.368531800429281 ], [ -61.368463741777489, -12.368281801160229 ], [ -61.368713741255597, -12.368281801160229 ], [ -61.368713741255597, -12.368031801891178 ], [ -61.368463741777489, -12.368031801891178 ], [ -61.368463741777489, -12.367781802622128 ], [ -61.367963742821281, -12.367781802622128 ] ] ] } },
{ "type": "Feature", "properties": { "DN": 1 }, "geometry": { "type": "Polygon", "coordinates": [ [ [ -61.331713818496247, -12.368031801891178 ], [ -61.331713818496247, -12.368281801160229 ], [ -61.332213817452455, -12.368281801160229 ], [ -61.332213817452455, -12.368031801891178 ], [ -61.331713818496247, -12.368031801891178 ] ] ] } },
{ "type": "Feature", "properties": { "DN": 1 }, "geometry": { "type": "Polygon", "coordinates": [ [ [ -61.364713749605933, -12.368031801891178 ], [ -61.364713749605933, -12.368281801160229 ], [ -61.365213748562141, -12.368281801160229 ], [ -61.365213748562141, -12.368031801891178 ], [ -61.364713749605933, -12.368031801891178 ] ] ] } },
{ "type": "Feature", "properties": { "DN": 1 }, "geometry": { "type": "Polygon", "coordinates": [ [ [ -61.332213817452455, -12.367781802622128 ], [ -61.332213817452455, -12.368031801891178 ], [ -61.332463816930556, -12.368031801891178 ], [ -61.332463816930556, -12.367781802622128 ], [ -61.332213817452455, -12.367781802622128 ] ] ] } },
{ "type": "Feature", "properties": { "DN": 1 }, "geometry": { "type": "Polygon", "coordinates": [ [ [ -61.33146381901814, -12.367781802622128 ], [ -61.33146381901814, -12.368031801891178 ], [ -61.331713818496247, -12.368031801891178 ], [ -61.331713818496247, -12.367781802622128 ], [ -61.33146381901814, -12.367781802622128 ] ] ] } },
{ "type": "Feature", "properties": { "DN": 1 }, "geometry": { "type": "Polygon", "coordinates": [ [ [ -61.347963784572983, -12.367781802622128 ], [ -61.347963784572983, -12.368031801891178 ], [ -61.34821378405109, -12.368031801891178 ], [ -61.34821378405109, -12.367781802622128 ], [ -61.347963784572983, -12.367781802622128 ] ] ] } },
{ "type": "Feature", "properties": { "DN": 1 }, "geometry": { "type": "Polygon", "coordinates": [ [ [ -61.370463737602321, -12.367031804814975 ], [ -61.370463737602321, -12.367281804084026 ], [ -61.369463739689905, -12.367281804084026 ], [ -61.369463739689905, -12.367781802622128 ], [ -61.369713739168006, -12.367781802622128 ], [ -61.369713739168006, -12.368031801891178 ], [ -61.370713737080422, -12.368031801891178 ], [ -61.370713737080422, -12.368281801160229 ], [ -61.370963736558529, -12.368281801160229 ], [ -61.370963736558529, -12.368031801891178 ], [ -61.37121373603663, -12.368031801891178 ], [ -61.37121373603663, -12.367781802622128 ], [ -61.370963736558529, -12.367781802622128 ], [ -61.370963736558529, -12.367031804814975 ], [ -61.370463737602321, -12.367031804814975 ] ] ] } },
{ "type": "Feature", "properties": { "DN": 1 }, "geometry": { "type": "Polygon", "coordinates": [ [ [ -61.390213696372513, -12.367281804084026 ], [ -61.390213696372513, -12.367781802622128 ], [ -61.39046369585062, -12.367781802622128 ], [ -61.39046369585062, -12.367281804084026 ], [ -61.390213696372513, -12.367281804084026 ] ] ] } },
{ "type": "Feature", "properties": { "DN": 1 }, "geometry": { "type": "Polygon", "coordinates": [ [ [ -61.331713818496247, -12.367281804084026 ], [ -61.331713818496247, -12.367781802622128 ], [ -61.331963817974348, -12.367781802622128 ], [ -61.331963817974348, -12.367281804084026 ], [ -61.331713818496247, -12.367281804084026 ] ] ] } },
{ "type": "Feature", "properties": { "DN": 1 }, "geometry": { "type": "Polygon", "coordinates": [ [ [ -61.331213819540039, -12.367281804084026 ], [ -61.331213819540039, -12.367531803353076 ], [ -61.33146381901814, -12.367531803353076 ], [ -61.33146381901814, -12.367281804084026 ], [ -61.331213819540039, -12.367281804084026 ] ] ] } },
{ "type": "Feature", "properties": { "DN": 1 }, "geometry": { "type": "Polygon", "coordinates": [ [ [ -61.325463831543651, -12.36553180920067 ], [ -61.325463831543651, -12.36578180846972 ], [ -61.324963832587443, -12.36578180846972 ], [ -61.324963832587443, -12.366281807007823 ], [ -61.324463833631235, -12.366281807007823 ], [ -61.324463833631235, -12.366531806276873 ], [ -61.324213834153134, -12.366531806276873 ], [ -61.324213834153134, -12.366781805545925 ], [ -61.324963832587443, -12.366781805545925 ], [ -61.324963832587443, -12.367281804084026 ], [ -61.32521383206555, -12.367281804084026 ], [ -61.32521383206555, -12.368031801891178 ], [ -61.324963832587443, -12.368031801891178 ], [ -61.324963832587443, -12.369031798967381 ], [ -61.325463831543651, -12.369031798967381 ], [ -61.325463831543651, -12.368281801160229 ], [ -61.325713831021758, -12.368281801160229 ], [ -61.325713831021758, -12.367781802622128 ], [ -61.325963830499859, -12.367781802622128 ], [ -61.325963830499859, -12.367031804814975 ], [ -61.325713831021758, -12.367031804814975 ], [ -61.325713831021758, -12.366531806276873 ], [ -61.325463831543651, -12.366531806276873 ], [ -61.325463831543651, -12.366031807738771 ], [ -61.325713831021758, -12.366031807738771 ], [ -61.325713831021758, -12.36553180920067 ], [ -61.325463831543651, -12.36553180920067 ] ] ] } },
{ "type": "Feature", "properties": { "DN": 1 }, "geometry": { "type": "Polygon", "coordinates": [ [ [ -61.34821378405109, -12.366781805545925 ], [ -61.34821378405109, -12.367781802622128 ], [ -61.348713783007298, -12.367781802622128 ], [ -61.348713783007298, -12.367531803353076 ], [ -61.348463783529198, -12.367531803353076 ], [ -61.348463783529198, -12.367281804084026 ], [ -61.348713783007298, -12.367281804084026 ], [ -61.348713783007298, -12.367031804814975 ], [ -61.348463783529198, -12.367031804814975 ], [ -61.348463783529198, -12.366781805545925 ], [ -61.34821378405109, -12.366781805545925 ] ] ] } },
{ "type": "Feature", "properties": { "DN": 1 }, "geometry": { "type": "Polygon", "coordinates": [ [ [ -61.365213748562141, -12.366281807007823 ], [ -61.365213748562141, -12.366531806276873 ], [ -61.364713749605933, -12.366531806276873 ], [ -61.364713749605933, -12.366781805545925 ], [ -61.364213750649725, -12.366781805545925 ], [ -61.364213750649725, -12.367031804814975 ], [ -61.363963751171624, -12.367031804814975 ], [ -61.363963751171624, -12.367281804084026 ], [ -61.364213750649725, -12.367281804084026 ], [ -61.364213750649725, -12.368031801891178 ], [ -61.363713751693524, -12.368031801891178 ], [ -61.363713751693524, -12.367281804084026 ], [ -61.363213752737316, -12.367281804084026 ], [ -61.363213752737316, -12.367781802622128 ], [ -61.363463752215416, -12.367781802622128 ], [ -61.363463752215416, -12.368031801891178 ], [ -61.362963753259208, -12.368031801891178 ], [ -61.362963753259208, -12.367781802622128 ], [ -61.362713753781108, -12.367781802622128 ], [ -61.362713753781108, -12.367281804084026 ], [ -61.3622137548249, -12.367281804084026 ], [ -61.3622137548249, -12.368031801891178 ], [ -61.362713753781108, -12.368031801891178 ], [ -61.362713753781108, -12.368281801160229 ], [ -61.364463750127832, -12.368281801160229 ], [ -61.364463750127832, -12.368031801891178 ], [ -61.364713749605933, -12.368031801891178 ], [ -61.364713749605933, -12.367781802622128 ], [ -61.365713747518349, -12.367781802622128 ], [ -61.365713747518349, -12.367281804084026 ], [ -61.365213748562141, -12.367281804084026 ], [ -61.365213748562141, -12.366781805545925 ], [ -61.365463748040249, -12.366781805545925 ], [ -61.365463748040249, -12.366281807007823 ], [ -61.365213748562141, -12.366281807007823 ] ], [ [ -61.364713749605933, -12.367281804084026 ], [ -61.364463750127832, -12.367281804084026 ], [ -61.364463750127832, -12.367031804814975 ], [ -61.364713749605933, -12.367031804814975 ], [ -61.364713749605933, -12.367281804084026 ] ] ] } },
{ "type": "Feature", "properties": { "DN": 1 }, "geometry": { "type": "Polygon", "coordinates": [ [ [ -61.33146381901814, -12.367031804814975 ], [ -61.33146381901814, -12.367281804084026 ], [ -61.331713818496247, -12.367281804084026 ], [ -61.331713818496247, -12.367031804814975 ], [ -61.33146381901814, -12.367031804814975 ] ] ] } },
{ "type": "Feature", "properties": { "DN": 1 }, "geometry": { "type": "Polygon", "coordinates": [ [ [ -61.403213669233907, -12.367031804814975 ], [ -61.403213669233907, -12.367281804084026 ], [ -61.403713668190115, -12.367281804084026 ], [ -61.403713668190115, -12.367031804814975 ], [ -61.403213669233907, -12.367031804814975 ] ] ] } },
{ "type": "Feature", "properties": { "DN": 1 }, "geometry": { "type": "Polygon", "coordinates": [ [ [ -61.378713720379743, -12.367031804814975 ], [ -61.378713720379743, -12.367281804084026 ], [ -61.37896371985785, -12.367281804084026 ], [ -61.37896371985785, -12.367031804814975 ], [ -61.378713720379743, -12.367031804814975 ] ] ] } },
{ "type": "Feature", "properties": { "DN": 1 }, "geometry": { "type": "Polygon", "coordinates": [ [ [ -61.367963742821281, -12.366781805545925 ], [ -61.367963742821281, -12.367031804814975 ], [ -61.368213742299389, -12.367031804814975 ], [ -61.368213742299389, -12.366781805545925 ], [ -61.367963742821281, -12.366781805545925 ] ] ] } },
{ "type": "Feature", "properties": { "DN": 1 }, "geometry": { "type": "Polygon", "coordinates": [ [ [ -61.371713734992838, -12.366781805545925 ], [ -61.371713734992838, -12.367031804814975 ], [ -61.371963734470945, -12.367031804814975 ], [ -61.371963734470945, -12.366781805545925 ], [ -61.371713734992838, -12.366781805545925 ] ] ] } },
{ "type": "Feature", "properties": { "DN": 1 }, "geometry": { "type": "Polygon", "coordinates": [ [ [ -61.368713741255597, -12.366031807738771 ], [ -61.368713741255597, -12.366281807007823 ], [ -61.368463741777489, -12.366281807007823 ], [ -61.368463741777489, -12.366531806276873 ], [ -61.368213742299389, -12.366531806276873 ], [ -61.368213742299389, -12.366781805545925 ], [ -61.369213740211805, -12.366781805545925 ], [ -61.369213740211805, -12.367281804084026 ], [ -61.369463739689905, -12.367281804084026 ], [ -61.369463739689905, -12.367031804814975 ], [ -61.369713739168006, -12.367031804814975 ], [ -61.369713739168006, -12.366281807007823 ], [ -61.368963740733697, -12.366281807007823 ], [ -61.368963740733697, -12.366031807738771 ], [ -61.368713741255597, -12.366031807738771 ] ] ] } },
{ "type": "Feature", "properties": { "DN": 1 }, "geometry": { "type": "Polygon", "coordinates": [ [ [ -61.348713783007298, -12.36578180846972 ], [ -61.348713783007298, -12.366031807738771 ], [ -61.348963782485399, -12.366031807738771 ], [ -61.348963782485399, -12.36578180846972 ], [ -61.348713783007298, -12.36578180846972 ] ] ] } },
{ "type": "Feature", "properties": { "DN": 1 }, "geometry": { "type": "Polygon", "coordinates": [ [ [ -61.325713831021758, -12.36528180993162 ], [ -61.325713831021758, -12.36553180920067 ], [ -61.325963830499859, -12.36553180920067 ], [ -61.325963830499859, -12.36528180993162 ], [ -61.325713831021758, -12.36528180993162 ] ] ] } },
{ "type": "Feature", "properties": { "DN": 1 }, "geometry": { "type": "Polygon", "coordinates": [ [ [ -61.337963805448837, -12.365031810662568 ], [ -61.337963805448837, -12.36528180993162 ], [ -61.338213804926944, -12.36528180993162 ], [ -61.338213804926944, -12.365031810662568 ], [ -61.337963805448837, -12.365031810662568 ] ] ] } },
{ "type": "Feature", "properties": { "DN": 1 }, "geometry": { "type": "Polygon", "coordinates": [ [ [ -61.338713803883152, -12.364781811393517 ], [ -61.338713803883152, -12.365031810662568 ], [ -61.338963803361253, -12.365031810662568 ], [ -61.338963803361253, -12.364781811393517 ], [ -61.338713803883152, -12.364781811393517 ] ] ] } },
{ "type": "Feature", "properties": { "DN": 1 }, "geometry": { "type": "Polygon", "coordinates": [ [ [ -61.349213781963506, -12.364031813586365 ], [ -61.349213781963506, -12.364281812855417 ], [ -61.349713780919714, -12.364281812855417 ], [ -61.349713780919714, -12.364031813586365 ], [ -61.349213781963506, -12.364031813586365 ] ] ] } },
{ "type": "Feature", "properties": { "DN": 1 }, "geometry": { "type": "Polygon", "coordinates": [ [ [ -61.328463825280899, -12.363281815779212 ], [ -61.328463825280899, -12.363531815048264 ], [ -61.327963826324691, -12.363531815048264 ], [ -61.327963826324691, -12.363781814317313 ], [ -61.328713824758999, -12.363781814317313 ], [ -61.328713824758999, -12.363281815779212 ], [ -61.328463825280899, -12.363281815779212 ] ] ] } },
{ "type": "Feature", "properties": { "DN": 1 }, "geometry": { "type": "Polygon", "coordinates": [ [ [ -61.332963815886764, -12.368531800429281 ], [ -61.332713816408656, -12.368531800429281 ], [ -61.332713816408656, -12.368781799698331 ], [ -61.333713814321072, -12.368781799698331 ], [ -61.333713814321072, -12.368531800429281 ], [ -61.33396381379918, -12.368531800429281 ], [ -61.33396381379918, -12.367281804084026 ], [ -61.333713814321072, -12.367281804084026 ], [ -61.333713814321072, -12.367031804814975 ], [ -61.334463812755388, -12.367031804814975 ], [ -61.334463812755388, -12.367281804084026 ], [ -61.334713812233488, -12.367281804084026 ], [ -61.334713812233488, -12.367781802622128 ], [ -61.334963811711596, -12.367781802622128 ], [ -61.334963811711596, -12.368031801891178 ], [ -61.335213811189696, -12.368031801891178 ], [ -61.335213811189696, -12.368281801160229 ], [ -61.335463810667804, -12.368281801160229 ], [ -61.335463810667804, -12.368531800429281 ], [ -61.335963809624005, -12.368531800429281 ], [ -61.335963809624005, -12.368781799698331 ], [ -61.336213809102112, -12.368781799698331 ], [ -61.336213809102112, -12.369031798967381 ], [ -61.336963807536421, -12.369031798967381 ], [ -61.336963807536421, -12.368781799698331 ], [ -61.337463806492629, -12.368781799698331 ], [ -61.337463806492629, -12.368531800429281 ], [ -61.337713805970736, -12.368531800429281 ], [ -61.337713805970736, -12.368281801160229 ], [ -61.337963805448837, -12.368281801160229 ], [ -61.337963805448837, -12.367781802622128 ], [ -61.338463804405045, -12.367781802622128 ], [ -61.338463804405045, -12.367531803353076 ], [ -61.338713803883152, -12.367531803353076 ], [ -61.338713803883152, -12.367281804084026 ], [ -61.338963803361253, -12.367281804084026 ], [ -61.338963803361253, -12.366281807007823 ], [ -61.339213802839353, -12.366281807007823 ], [ -61.339213802839353, -12.36528180993162 ], [ -61.339463802317461, -12.36528180993162 ], [ -61.339463802317461, -12.364781811393517 ], [ -61.339713801795561, -12.364781811393517 ], [ -61.339713801795561, -12.364031813586365 ], [ -61.339963801273669, -12.364031813586365 ], [ -61.339963801273669, -12.363531815048264 ], [ -61.340213800751769, -12.363531815048264 ], [ -61.340213800751769, -12.363281815779212 ], [ -61.340463800229877, -12.363281815779212 ], [ -61.340463800229877, -12.362281818703009 ], [ -61.340713799707977, -12.362281818703009 ], [ -61.340713799707977, -12.362031819433959 ], [ -61.340963799186085, -12.362031819433959 ], [ -61.340963799186085, -12.361781820164907 ], [ -61.341213798664185, -12.361781820164907 ], [ -61.341213798664185, -12.361531820895856 ], [ -61.341463798142293, -12.361531820895856 ], [ -61.341463798142293, -12.361281821626806 ], [ -61.341713797620393, -12.361281821626806 ], [ -61.341713797620393, -12.361531820895856 ], [ -61.341963797098501, -12.361531820895856 ], [ -61.341963797098501, -12.362031819433959 ], [ -61.342213796576601, -12.362031819433959 ], [ -61.342213796576601, -12.363031816510162 ], [ -61.341963797098501, -12.363031816510162 ], [ -61.341963797098501, -12.364031813586365 ], [ -61.341713797620393, -12.364031813586365 ], [ -61.341713797620393, -12.365031810662568 ], [ -61.342213796576601, -12.365031810662568 ], [ -61.342213796576601, -12.36528180993162 ], [ -61.341963797098501, -12.36528180993162 ], [ -61.341963797098501, -12.36553180920067 ], [ -61.341713797620393, -12.36553180920067 ], [ -61.341713797620393, -12.366031807738771 ], [ -61.341963797098501, -12.366031807738771 ], [ -61.341963797098501, -12.367031804814975 ], [ -61.341713797620393, -12.367031804814975 ], [ -61.341713797620393, -12.367281804084026 ], [ -61.341963797098501, -12.367281804084026 ], [ -61.341963797098501, -12.367531803353076 ], [ -61.342213796576601, -12.367531803353076 ], [ -61.342213796576601, -12.367781802622128 ], [ -61.341963797098501, -12.367781802622128 ], [ -61.341963797098501, -12.368531800429281 ], [ -61.342713795532809, -12.368531800429281 ], [ -61.342713795532809, -12.368031801891178 ], [ -61.343213794489017, -12.368031801891178 ], [ -61.343213794489017, -12.367781802622128 ], [ -61.343963792923326, -12.367781802622128 ], [ -61.343963792923326, -12.368031801891178 ], [ -61.343713793445225, -12.368031801891178 ], [ -61.343713793445225, -12.368281801160229 ], [ -61.343463793967118, -12.368281801160229 ], [ -61.343463793967118, -12.368531800429281 ], [ -61.343213794489017, -12.368531800429281 ], [ -61.343213794489017, -12.368781799698331 ], [ -61.344463791879534, -12.368781799698331 ], [ -61.344463791879534, -12.368531800429281 ], [ -61.345213790313849, -12.368531800429281 ], [ -61.345213790313849, -12.368281801160229 ], [ -61.34571378927005, -12.368281801160229 ], [ -61.34571378927005, -12.368031801891178 ], [ -61.345963788748158, -12.368031801891178 ], [ -61.345963788748158, -12.367781802622128 ], [ -61.346713787182466, -12.367781802622128 ], [ -61.346713787182466, -12.367531803353076 ], [ -61.347463785616782, -12.367531803353076 ], [ -61.347463785616782, -12.367781802622128 ], [ -61.347713785094882, -12.367781802622128 ], [ -61.347713785094882, -12.367531803353076 ], [ -61.347963784572983, -12.367531803353076 ], [ -61.347963784572983, -12.366781805545925 ], [ -61.347713785094882, -12.366781805545925 ], [ -61.347713785094882, -12.366031807738771 ], [ -61.34821378405109, -12.366031807738771 ], [ -61.34821378405109, -12.36528180993162 ], [ -61.348463783529198, -12.36528180993162 ], [ -61.348463783529198, -12.365031810662568 ], [ -61.348963782485399, -12.365031810662568 ], [ -61.348963782485399, -12.363781814317313 ], [ -61.348713783007298, -12.363781814317313 ], [ -61.348713783007298, -12.363531815048264 ], [ -61.348463783529198, -12.363531815048264 ], [ -61.348463783529198, -12.36278181724111 ], [ -61.347963784572983, -12.36278181724111 ], [ -61.347963784572983, -12.361281821626806 ], [ -61.34821378405109, -12.361281821626806 ], [ -61.34821378405109, -12.360781823088704 ], [ -61.348963782485399, -12.360781823088704 ], [ -61.348963782485399, -12.360531823819652 ], [ -61.349213781963506, -12.360531823819652 ], [ -61.349213781963506, -12.359281827474399 ], [ -61.349963780397815, -12.359281827474399 ], [ -61.349963780397815, -12.358531829667246 ], [ -61.349713780919714, -12.358531829667246 ], [ -61.349713780919714, -12.358031831129145 ], [ -61.349213781963506, -12.358031831129145 ], [ -61.349213781963506, -12.358281830398196 ], [ -61.348963782485399, -12.358281830398196 ], [ -61.348963782485399, -12.358531829667246 ], [ -61.34821378405109, -12.358531829667246 ], [ -61.34821378405109, -12.358281830398196 ], [ -61.347963784572983, -12.358281830398196 ], [ -61.347963784572983, -12.358531829667246 ], [ -61.347713785094882, -12.358531829667246 ], [ -61.347713785094882, -12.358281830398196 ], [ -61.347463785616782, -12.358281830398196 ], [ -61.347463785616782, -12.358531829667246 ], [ -61.346963786660574, -12.358531829667246 ], [ -61.346963786660574, -12.358281830398196 ], [ -61.346713787182466, -12.358281830398196 ], [ -61.346713787182466, -12.358031831129145 ], [ -61.345963788748158, -12.358031831129145 ], [ -61.345963788748158, -12.357781831860095 ], [ -61.34571378927005, -12.357781831860095 ], [ -61.34571378927005, -12.358031831129145 ], [ -61.34546378979195, -12.358031831129145 ], [ -61.34546378979195, -12.357781831860095 ], [ -61.345213790313849, -12.357781831860095 ], [ -61.345213790313849, -12.357549252080197 ], [ -61.341213798664185, -12.357542609650842 ], [ -61.341213798664185, -12.357781831860095 ], [ -61.340963799186085, -12.357781831860095 ], [ -61.340963799186085, -12.357542194499008 ], [ -61.339463802317461, -12.357539703587999 ], [ -61.339463802317461, -12.357781831860095 ], [ -61.337963805448837, -12.357781831860095 ], [ -61.337963805448837, -12.357537871373124 ], [ -61.337713805970736, -12.357539482236671 ], [ -61.337713805970736, -12.357781831860095 ], [ -61.336963807536421, -12.357781831860095 ], [ -61.336963807536421, -12.35754431482731 ], [ -61.336213809102112, -12.357549147417949 ], [ -61.336213809102112, -12.357781831860095 ], [ -61.334463812755388, -12.357781831860095 ], [ -61.334463812755388, -12.357560423462774 ], [ -61.333213815364864, -12.357568477780505 ], [ -61.333213815364864, -12.357781831860095 ], [ -61.332963815886764, -12.357781831860095 ], [ -61.332963815886764, -12.357570088644053 ], [ -61.332713816408656, -12.357571699507599 ], [ -61.332713816408656, -12.357781831860095 ], [ -61.332463816930556, -12.357781831860095 ], [ -61.332463816930556, -12.358031831129145 ], [ -61.33146381901814, -12.358031831129145 ], [ -61.33146381901814, -12.359031828205348 ], [ -61.331963817974348, -12.359031828205348 ], [ -61.331963817974348, -12.359281827474399 ], [ -61.332463816930556, -12.359281827474399 ], [ -61.332463816930556, -12.359031828205348 ], [ -61.332963815886764, -12.359031828205348 ], [ -61.332963815886764, -12.359281827474399 ], [ -61.332713816408656, -12.359281827474399 ], [ -61.332713816408656, -12.359531826743449 ], [ -61.332463816930556, -12.359531826743449 ], [ -61.332463816930556, -12.359781826012501 ], [ -61.332713816408656, -12.359781826012501 ], [ -61.332713816408656, -12.360281824550603 ], [ -61.331963817974348, -12.360281824550603 ], [ -61.331963817974348, -12.360531823819652 ], [ -61.330963820061932, -12.360531823819652 ], [ -61.330963820061932, -12.360781823088704 ], [ -61.330463821105724, -12.360781823088704 ], [ -61.330463821105724, -12.361531820895856 ], [ -61.330213821627623, -12.361531820895856 ], [ -61.330213821627623, -12.361781820164907 ], [ -61.330463821105724, -12.361781820164907 ], [ -61.330463821105724, -12.362031819433959 ], [ -61.330713820583831, -12.362031819433959 ], [ -61.330713820583831, -12.363031816510162 ], [ -61.330963820061932, -12.363031816510162 ], [ -61.330963820061932, -12.363531815048264 ], [ -61.331713818496247, -12.363531815048264 ], [ -61.331713818496247, -12.363781814317313 ], [ -61.33146381901814, -12.363781814317313 ], [ -61.33146381901814, -12.364031813586365 ], [ -61.331213819540039, -12.364031813586365 ], [ -61.331213819540039, -12.364781811393517 ], [ -61.33146381901814, -12.364781811393517 ], [ -61.33146381901814, -12.36528180993162 ], [ -61.331213819540039, -12.36528180993162 ], [ -61.331213819540039, -12.365031810662568 ], [ -61.330963820061932, -12.365031810662568 ], [ -61.330963820061932, -12.36528180993162 ], [ -61.330463821105724, -12.36528180993162 ], [ -61.330463821105724, -12.36578180846972 ], [ -61.330713820583831, -12.36578180846972 ], [ -61.330713820583831, -12.366031807738771 ], [ -61.331213819540039, -12.366031807738771 ], [ -61.331213819540039, -12.366281807007823 ], [ -61.330963820061932, -12.366281807007823 ], [ -61.330963820061932, -12.366531806276873 ], [ -61.330713820583831, -12.366531806276873 ], [ -61.330713820583831, -12.366281807007823 ], [ -61.330463821105724, -12.366281807007823 ], [ -61.330463821105724, -12.366031807738771 ], [ -61.330213821627623, -12.366031807738771 ], [ -61.330213821627623, -12.36578180846972 ], [ -61.329713822671415, -12.36578180846972 ], [ -61.329713822671415, -12.367031804814975 ], [ -61.330213821627623, -12.367031804814975 ], [ -61.330213821627623, -12.367531803353076 ], [ -61.330463821105724, -12.367531803353076 ], [ -61.330463821105724, -12.366781805545925 ], [ -61.331963817974348, -12.366781805545925 ], [ -61.331963817974348, -12.367281804084026 ], [ -61.332213817452455, -12.367281804084026 ], [ -61.332213817452455, -12.366531806276873 ], [ -61.332463816930556, -12.366531806276873 ], [ -61.332463816930556, -12.367031804814975 ], [ -61.332713816408656, -12.367031804814975 ], [ -61.332713816408656, -12.367281804084026 ], [ -61.332463816930556, -12.367281804084026 ], [ -61.332463816930556, -12.367781802622128 ], [ -61.332713816408656, -12.367781802622128 ], [ -61.332713816408656, -12.368031801891178 ], [ -61.332463816930556, -12.368031801891178 ], [ -61.332463816930556, -12.368281801160229 ], [ -61.332963815886764, -12.368281801160229 ], [ -61.332963815886764, -12.368531800429281 ] ], [ [ -61.331713818496247, -12.363281815779212 ], [ -61.331963817974348, -12.363281815779212 ], [ -61.331963817974348, -12.363531815048264 ], [ -61.331713818496247, -12.363531815048264 ], [ -61.331713818496247, -12.363281815779212 ] ], [ [ -61.331713818496247, -12.364031813586365 ], [ -61.331713818496247, -12.364281812855417 ], [ -61.33146381901814, -12.364281812855417 ], [ -61.33146381901814, -12.364031813586365 ], [ -61.331713818496247, -12.364031813586365 ] ], [ [ -61.331713818496247, -12.36528180993162 ], [ -61.331713818496247, -12.36553180920067 ], [ -61.33146381901814, -12.36553180920067 ], [ -61.33146381901814, -12.36528180993162 ], [ -61.331713818496247, -12.36528180993162 ] ], [ [ -61.332713816408656, -12.36553180920067 ], [ -61.332713816408656, -12.36578180846972 ], [ -61.331713818496247, -12.36578180846972 ], [ -61.331713818496247, -12.36553180920067 ], [ -61.332713816408656, -12.36553180920067 ] ], [ [ -61.33146381901814, -12.366281807007823 ], [ -61.33146381901814, -12.366531806276873 ], [ -61.331213819540039, -12.366531806276873 ], [ -61.331213819540039, -12.366281807007823 ], [ -61.33146381901814, -12.366281807007823 ] ], [ [ -61.332713816408656, -12.367531803353076 ], [ -61.333213815364864, -12.367531803353076 ], [ -61.333213815364864, -12.367781802622128 ], [ -61.332713816408656, -12.367781802622128 ], [ -61.332713816408656, -12.367531803353076 ] ], [ [ -61.332963815886764, -12.368031801891178 ], [ -61.333213815364864, -12.368031801891178 ], [ -61.333213815364864, -12.368281801160229 ], [ -61.332963815886764, -12.368281801160229 ], [ -61.332963815886764, -12.368031801891178 ] ], [ [ -61.339213802839353, -12.359281827474399 ], [ -61.339463802317461, -12.359281827474399 ], [ -61.339463802317461, -12.359531826743449 ], [ -61.339713801795561, -12.359531826743449 ], [ -61.339713801795561, -12.359781826012501 ], [ -61.340213800751769, -12.359781826012501 ], [ -61.340213800751769, -12.360031825281551 ], [ -61.340463800229877, -12.360031825281551 ], [ -61.340463800229877, -12.359781826012501 ], [ -61.340713799707977, -12.359781826012501 ], [ -61.340713799707977, -12.359531826743449 ], [ -61.340963799186085, -12.359531826743449 ], [ -61.340963799186085, -12.358781828936298 ], [ -61.340713799707977, -12.358781828936298 ], [ -61.340713799707977, -12.358531829667246 ], [ -61.340213800751769, -12.358531829667246 ], [ -61.340213800751769, -12.358281830398196 ], [ -61.339713801795561, -12.358281830398196 ], [ -61.339713801795561, -12.358031831129145 ], [ -61.340713799707977, -12.358031831129145 ], [ -61.340713799707977, -12.358281830398196 ], [ -61.341463798142293, -12.358281830398196 ], [ -61.341463798142293, -12.358031831129145 ], [ -61.341713797620393, -12.358031831129145 ], [ -61.341713797620393, -12.357781831860095 ], [ -61.341963797098501, -12.357781831860095 ], [ -61.341963797098501, -12.358031831129145 ], [ -61.343713793445225, -12.358031831129145 ], [ -61.343713793445225, -12.357781831860095 ], [ -61.344963790835742, -12.357781831860095 ], [ -61.344963790835742, -12.358031831129145 ], [ -61.345213790313849, -12.358031831129145 ], [ -61.345213790313849, -12.358281830398196 ], [ -61.346463787704366, -12.358281830398196 ], [ -61.346463787704366, -12.358531829667246 ], [ -61.346713787182466, -12.358531829667246 ], [ -61.346713787182466, -12.358781828936298 ], [ -61.347213786138674, -12.358781828936298 ], [ -61.347213786138674, -12.359031828205348 ], [ -61.346963786660574, -12.359031828205348 ], [ -61.346963786660574, -12.359281827474399 ], [ -61.347213786138674, -12.359281827474399 ], [ -61.347213786138674, -12.359781826012501 ], [ -61.347713785094882, -12.359781826012501 ], [ -61.347713785094882, -12.360031825281551 ], [ -61.347963784572983, -12.360031825281551 ], [ -61.347963784572983, -12.360281824550603 ], [ -61.347713785094882, -12.360281824550603 ], [ -61.347713785094882, -12.360531823819652 ], [ -61.347463785616782, -12.360531823819652 ], [ -61.347463785616782, -12.361031822357756 ], [ -61.347213786138674, -12.361031822357756 ], [ -61.347213786138674, -12.361281821626806 ], [ -61.346963786660574, -12.361281821626806 ], [ -61.346963786660574, -12.362281818703009 ], [ -61.346213788226258, -12.362281818703009 ], [ -61.346213788226258, -12.36253181797206 ], [ -61.345963788748158, -12.36253181797206 ], [ -61.345963788748158, -12.36278181724111 ], [ -61.34571378927005, -12.36278181724111 ], [ -61.34571378927005, -12.363031816510162 ], [ -61.34546378979195, -12.363031816510162 ], [ -61.34546378979195, -12.364031813586365 ], [ -61.345963788748158, -12.364031813586365 ], [ -61.345963788748158, -12.364281812855417 ], [ -61.34546378979195, -12.364281812855417 ], [ -61.34546378979195, -12.365031810662568 ], [ -61.344963790835742, -12.365031810662568 ], [ -61.344963790835742, -12.36528180993162 ], [ -61.344713791357641, -12.36528180993162 ], [ -61.344713791357641, -12.364531812124467 ], [ -61.344463791879534, -12.364531812124467 ], [ -61.344463791879534, -12.364031813586365 ], [ -61.344713791357641, -12.364031813586365 ], [ -61.344713791357641, -12.363031816510162 ], [ -61.344463791879534, -12.363031816510162 ], [ -61.344463791879534, -12.36278181724111 ], [ -61.344213792401433, -12.36278181724111 ], [ -61.344213792401433, -12.36253181797206 ], [ -61.343963792923326, -12.36253181797206 ], [ -61.343963792923326, -12.362281818703009 ], [ -61.343213794489017, -12.362281818703009 ], [ -61.343213794489017, -12.362031819433959 ], [ -61.34296379501091, -12.362031819433959 ], [ -61.34296379501091, -12.361531820895856 ], [ -61.342713795532809, -12.361531820895856 ], [ -61.342713795532809, -12.361031822357756 ], [ -61.342463796054702, -12.361031822357756 ], [ -61.342463796054702, -12.360781823088704 ], [ -61.341963797098501, -12.360781823088704 ], [ -61.341963797098501, -12.360531823819652 ], [ -61.341713797620393, -12.360531823819652 ], [ -61.341713797620393, -12.361031822357756 ], [ -61.341213798664185, -12.361031822357756 ], [ -61.341213798664185, -12.361281821626806 ], [ -61.340963799186085, -12.361281821626806 ], [ -61.340963799186085, -12.361531820895856 ], [ -61.340463800229877, -12.361531820895856 ], [ -61.340463800229877, -12.362031819433959 ], [ -61.340213800751769, -12.362031819433959 ], [ -61.340213800751769, -12.362281818703009 ], [ -61.339963801273669, -12.362281818703009 ], [ -61.339963801273669, -12.362031819433959 ], [ -61.339713801795561, -12.362031819433959 ], [ -61.339713801795561, -12.36278181724111 ], [ -61.339463802317461, -12.36278181724111 ], [ -61.339463802317461, -12.362281818703009 ], [ -61.339213802839353, -12.362281818703009 ], [ -61.339213802839353, -12.362031819433959 ], [ -61.338963803361253, -12.362031819433959 ], [ -61.338963803361253, -12.361281821626806 ], [ -61.338713803883152, -12.361281821626806 ], [ -61.338713803883152, -12.361031822357756 ], [ -61.337963805448837, -12.361031822357756 ], [ -61.337963805448837, -12.361531820895856 ], [ -61.338213804926944, -12.361531820895856 ], [ -61.338213804926944, -12.361281821626806 ], [ -61.338463804405045, -12.361281821626806 ], [ -61.338463804405045, -12.361531820895856 ], [ -61.338713803883152, -12.361531820895856 ], [ -61.338713803883152, -12.362031819433959 ], [ -61.338463804405045, -12.362031819433959 ], [ -61.338463804405045, -12.362281818703009 ], [ -61.338713803883152, -12.362281818703009 ], [ -61.338713803883152, -12.363031816510162 ], [ -61.338963803361253, -12.363031816510162 ], [ -61.338963803361253, -12.363281815779212 ], [ -61.338713803883152, -12.363281815779212 ], [ -61.338713803883152, -12.363531815048264 ], [ -61.338463804405045, -12.363531815048264 ], [ -61.338463804405045, -12.363281815779212 ], [ -61.337963805448837, -12.363281815779212 ], [ -61.337963805448837, -12.363031816510162 ], [ -61.337713805970736, -12.363031816510162 ], [ -61.337713805970736, -12.36278181724111 ], [ -61.337963805448837, -12.36278181724111 ], [ -61.337963805448837, -12.362281818703009 ], [ -61.337713805970736, -12.362281818703009 ], [ -61.337713805970736, -12.362031819433959 ], [ -61.336963807536421, -12.362031819433959 ], [ -61.336963807536421, -12.363281815779212 ], [ -61.337213807014528, -12.363281815779212 ], [ -61.337213807014528, -12.363531815048264 ], [ -61.337463806492629, -12.363531815048264 ], [ -61.337463806492629, -12.363781814317313 ], [ -61.337963805448837, -12.363781814317313 ], [ -61.337963805448837, -12.364031813586365 ], [ -61.338463804405045, -12.364031813586365 ], [ -61.338463804405045, -12.364281812855417 ], [ -61.338963803361253, -12.364281812855417 ], [ -61.338963803361253, -12.364781811393517 ], [ -61.339213802839353, -12.364781811393517 ], [ -61.339213802839353, -12.365031810662568 ], [ -61.338963803361253, -12.365031810662568 ], [ -61.338963803361253, -12.36528180993162 ], [ -61.338713803883152, -12.36528180993162 ], [ -61.338713803883152, -12.365031810662568 ], [ -61.338463804405045, -12.365031810662568 ], [ -61.338463804405045, -12.36528180993162 ], [ -61.338213804926944, -12.36528180993162 ], [ -61.338213804926944, -12.36553180920067 ], [ -61.337963805448837, -12.36553180920067 ], [ -61.337963805448837, -12.36528180993162 ], [ -61.337463806492629, -12.36528180993162 ], [ -61.337463806492629, -12.365031810662568 ], [ -61.337713805970736, -12.365031810662568 ], [ -61.337713805970736, -12.364781811393517 ], [ -61.336963807536421, -12.364781811393517 ], [ -61.336963807536421, -12.365031810662568 ], [ -61.33671380805832, -12.365031810662568 ], [ -61.33671380805832, -12.36528180993162 ], [ -61.334963811711596, -12.36528180993162 ], [ -61.334963811711596, -12.365031810662568 ], [ -61.334713812233488, -12.365031810662568 ], [ -61.334713812233488, -12.36528180993162 ], [ -61.334463812755388, -12.36528180993162 ], [ -61.334463812755388, -12.364781811393517 ], [ -61.33421381327728, -12.364781811393517 ], [ -61.33421381327728, -12.36528180993162 ], [ -61.33396381379918, -12.36528180993162 ], [ -61.33396381379918, -12.365031810662568 ], [ -61.333463814842972, -12.365031810662568 ], [ -61.333463814842972, -12.36528180993162 ], [ -61.333213815364864, -12.36528180993162 ], [ -61.333213815364864, -12.364531812124467 ], [ -61.332963815886764, -12.364531812124467 ], [ -61.332963815886764, -12.364031813586365 ], [ -61.332713816408656, -12.364031813586365 ], [ -61.332713816408656, -12.363781814317313 ], [ -61.332963815886764, -12.363781814317313 ], [ -61.332963815886764, -12.363031816510162 ], [ -61.332713816408656, -12.363031816510162 ], [ -61.332713816408656, -12.36278181724111 ], [ -61.332463816930556, -12.36278181724111 ], [ -61.332463816930556, -12.36253181797206 ], [ -61.332213817452455, -12.36253181797206 ], [ -61.332213817452455, -12.362281818703009 ], [ -61.331713818496247, -12.362281818703009 ], [ -61.331713818496247, -12.362031819433959 ], [ -61.331213819540039, -12.362031819433959 ], [ -61.331213819540039, -12.361531820895856 ], [ -61.331713818496247, -12.361531820895856 ], [ -61.331713818496247, -12.361281821626806 ], [ -61.332213817452455, -12.361281821626806 ], [ -61.332213817452455, -12.361031822357756 ], [ -61.332713816408656, -12.361031822357756 ], [ -61.332713816408656, -12.360781823088704 ], [ -61.333213815364864, -12.360781823088704 ], [ -61.333213815364864, -12.360531823819652 ], [ -61.333463814842972, -12.360531823819652 ], [ -61.333463814842972, -12.359531826743449 ], [ -61.333713814321072, -12.359531826743449 ], [ -61.333713814321072, -12.358531829667246 ], [ -61.33396381379918, -12.358531829667246 ], [ -61.33396381379918, -12.358281830398196 ], [ -61.33421381327728, -12.358281830398196 ], [ -61.33421381327728, -12.358531829667246 ], [ -61.334963811711596, -12.358531829667246 ], [ -61.334963811711596, -12.359031828205348 ], [ -61.335463810667804, -12.359031828205348 ], [ -61.335463810667804, -12.359281827474399 ], [ -61.335713810145904, -12.359281827474399 ], [ -61.335713810145904, -12.359031828205348 ], [ -61.335963809624005, -12.359031828205348 ], [ -61.335963809624005, -12.358781828936298 ], [ -61.336213809102112, -12.358781828936298 ], [ -61.336213809102112, -12.358531829667246 ], [ -61.336463808580213, -12.358531829667246 ], [ -61.336463808580213, -12.358031831129145 ], [ -61.33671380805832, -12.358031831129145 ], [ -61.33671380805832, -12.358281830398196 ], [ -61.336963807536421, -12.358281830398196 ], [ -61.336963807536421, -12.358531829667246 ], [ -61.337713805970736, -12.358531829667246 ], [ -61.337713805970736, -12.358281830398196 ], [ -61.337963805448837, -12.358281830398196 ], [ -61.337963805448837, -12.358531829667246 ], [ -61.339213802839353, -12.358531829667246 ], [ -61.339213802839353, -12.359281827474399 ] ], [ [ -61.337463806492629, -12.363281815779212 ], [ -61.337713805970736, -12.363281815779212 ], [ -61.337713805970736, -12.363531815048264 ], [ -61.337463806492629, -12.363531815048264 ], [ -61.337463806492629, -12.363281815779212 ] ], [ [ -61.337963805448837, -12.363531815048264 ], [ -61.338213804926944, -12.363531815048264 ], [ -61.338213804926944, -12.363781814317313 ], [ -61.337963805448837, -12.363781814317313 ], [ -61.337963805448837, -12.363531815048264 ] ], [ [ -61.338463804405045, -12.36553180920067 ], [ -61.338463804405045, -12.36578180846972 ], [ -61.338213804926944, -12.36578180846972 ], [ -61.338213804926944, -12.36553180920067 ], [ -61.338463804405045, -12.36553180920067 ] ], [ [ -61.338713803883152, -12.36578180846972 ], [ -61.338713803883152, -12.366031807738771 ], [ -61.338463804405045, -12.366031807738771 ], [ -61.338463804405045, -12.36578180846972 ], [ -61.338713803883152, -12.36578180846972 ] ], [ [ -61.338463804405045, -12.366281807007823 ], [ -61.338213804926944, -12.366281807007823 ], [ -61.338213804926944, -12.366031807738771 ], [ -61.338463804405045, -12.366031807738771 ], [ -61.338463804405045, -12.366281807007823 ] ], [ [ -61.336963807536421, -12.36528180993162 ], [ -61.336963807536421, -12.36553180920067 ], [ -61.33671380805832, -12.36553180920067 ], [ -61.33671380805832, -12.36528180993162 ], [ -61.336963807536421, -12.36528180993162 ] ], [ [ -61.33671380805832, -12.36578180846972 ], [ -61.336213809102112, -12.36578180846972 ], [ -61.336213809102112, -12.36553180920067 ], [ -61.33671380805832, -12.36553180920067 ], [ -61.33671380805832, -12.36578180846972 ] ], [ [ -61.332463816930556, -12.363031816510162 ], [ -61.332213817452455, -12.363031816510162 ], [ -61.332213817452455, -12.36278181724111 ], [ -61.332463816930556, -12.36278181724111 ], [ -61.332463816930556, -12.363031816510162 ] ], [ [ -61.339213802839353, -12.358281830398196 ], [ -61.339463802317461, -12.358281830398196 ], [ -61.339463802317461, -12.358531829667246 ], [ -61.339213802839353, -12.358531829667246 ], [ -61.339213802839353, -12.358281830398196 ] ], [ [ -61.333213815364864, -12.358531829667246 ], [ -61.332963815886764, -12.358531829667246 ], [ -61.332963815886764, -12.358031831129145 ], [ -61.333213815364864, -12.358031831129145 ], [ -61.333213815364864, -12.358531829667246 ] ], [ [ -61.335713810145904, -12.358531829667246 ], [ -61.335463810667804, -12.358531829667246 ], [ -61.335463810667804, -12.358281830398196 ], [ -61.335713810145904, -12.358281830398196 ], [ -61.335713810145904, -12.358531829667246 ] ], [ [ -61.332463816930556, -12.358531829667246 ], [ -61.331963817974348, -12.358531829667246 ], [ -61.331963817974348, -12.358281830398196 ], [ -61.332463816930556, -12.358281830398196 ], [ -61.332463816930556, -12.358531829667246 ] ], [ [ -61.349463781441607, -12.358781828936298 ], [ -61.349213781963506, -12.358781828936298 ], [ -61.349213781963506, -12.358531829667246 ], [ -61.349463781441607, -12.358531829667246 ], [ -61.349463781441607, -12.358781828936298 ] ], [ [ -61.348963782485399, -12.359031828205348 ], [ -61.348463783529198, -12.359031828205348 ], [ -61.348463783529198, -12.358781828936298 ], [ -61.348963782485399, -12.358781828936298 ], [ -61.348963782485399, -12.359031828205348 ] ], [ [ -61.347963784572983, -12.359281827474399 ], [ -61.347713785094882, -12.359281827474399 ], [ -61.347713785094882, -12.358781828936298 ], [ -61.347963784572983, -12.358781828936298 ], [ -61.347963784572983, -12.359281827474399 ] ], [ [ -61.339713801795561, -12.359031828205348 ], [ -61.339713801795561, -12.358781828936298 ], [ -61.339963801273669, -12.358781828936298 ], [ -61.339963801273669, -12.359031828205348 ], [ -61.339713801795561, -12.359031828205348 ] ], [ [ -61.340463800229877, -12.359031828205348 ], [ -61.340463800229877, -12.359281827474399 ], [ -61.339963801273669, -12.359281827474399 ], [ -61.339963801273669, -12.359031828205348 ], [ -61.340463800229877, -12.359031828205348 ] ], [ [ -61.33146381901814, -12.361031822357756 ], [ -61.331213819540039, -12.361031822357756 ], [ -61.331213819540039, -12.360781823088704 ], [ -61.33146381901814, -12.360781823088704 ], [ -61.33146381901814, -12.361031822357756 ] ], [ [ -61.346963786660574, -12.363531815048264 ], [ -61.346463787704366, -12.363531815048264 ], [ -61.346463787704366, -12.363281815779212 ], [ -61.346963786660574, -12.363281815779212 ], [ -61.346963786660574, -12.363531815048264 ] ], [ [ -61.343713793445225, -12.363531815048264 ], [ -61.343463793967118, -12.363531815048264 ], [ -61.343463793967118, -12.363281815779212 ], [ -61.343713793445225, -12.363281815779212 ], [ -61.343713793445225, -12.363531815048264 ] ], [ [ -61.343213794489017, -12.364281812855417 ], [ -61.34296379501091, -12.364281812855417 ], [ -61.34296379501091, -12.363781814317313 ], [ -61.343213794489017, -12.363781814317313 ], [ -61.343213794489017, -12.364281812855417 ] ], [ [ -61.347463785616782, -12.364531812124467 ], [ -61.347213786138674, -12.364531812124467 ], [ -61.347213786138674, -12.364281812855417 ], [ -61.347463785616782, -12.364281812855417 ], [ -61.347463785616782, -12.364531812124467 ] ], [ [ -61.332213817452455, -12.364781811393517 ], [ -61.331963817974348, -12.364781811393517 ], [ -61.331963817974348, -12.364531812124467 ], [ -61.332213817452455, -12.364531812124467 ], [ -61.332213817452455, -12.364781811393517 ] ], [ [ -61.346713787182466, -12.365031810662568 ], [ -61.346463787704366, -12.365031810662568 ], [ -61.346463787704366, -12.364781811393517 ], [ -61.346713787182466, -12.364781811393517 ], [ -61.346713787182466, -12.365031810662568 ] ], [ [ -61.343213794489017, -12.365031810662568 ], [ -61.343213794489017, -12.364781811393517 ], [ -61.343463793967118, -12.364781811393517 ], [ -61.343463793967118, -12.365031810662568 ], [ -61.343213794489017, -12.365031810662568 ] ], [ [ -61.343713793445225, -12.365031810662568 ], [ -61.343713793445225, -12.36528180993162 ], [ -61.343463793967118, -12.36528180993162 ], [ -61.343463793967118, -12.365031810662568 ], [ -61.343713793445225, -12.365031810662568 ] ], [ [ -61.344463791879534, -12.36553180920067 ], [ -61.344713791357641, -12.36553180920067 ], [ -61.344713791357641, -12.36578180846972 ], [ -61.344463791879534, -12.36578180846972 ], [ -61.344463791879534, -12.36553180920067 ] ], [ [ -61.344463791879534, -12.366531806276873 ], [ -61.344713791357641, -12.366531806276873 ], [ -61.344713791357641, -12.366781805545925 ], [ -61.345213790313849, -12.366781805545925 ], [ -61.345213790313849, -12.367281804084026 ], [ -61.34546378979195, -12.367281804084026 ], [ -61.34546378979195, -12.367531803353076 ], [ -61.345213790313849, -12.367531803353076 ], [ -61.345213790313849, -12.368031801891178 ], [ -61.344963790835742, -12.368031801891178 ], [ -61.344963790835742, -12.367781802622128 ], [ -61.344713791357641, -12.367781802622128 ], [ -61.344713791357641, -12.368031801891178 ], [ -61.344463791879534, -12.368031801891178 ], [ -61.344463791879534, -12.367281804084026 ], [ -61.344213792401433, -12.367281804084026 ], [ -61.344213792401433, -12.367031804814975 ], [ -61.343713793445225, -12.367031804814975 ], [ -61.343713793445225, -12.366781805545925 ], [ -61.343213794489017, -12.366781805545925 ], [ -61.343213794489017, -12.367031804814975 ], [ -61.34296379501091, -12.367031804814975 ], [ -61.34296379501091, -12.366031807738771 ], [ -61.343213794489017, -12.366031807738771 ], [ -61.343213794489017, -12.366281807007823 ], [ -61.343963792923326, -12.366281807007823 ], [ -61.343963792923326, -12.366031807738771 ], [ -61.344213792401433, -12.366031807738771 ], [ -61.344213792401433, -12.36578180846972 ], [ -61.344463791879534, -12.36578180846972 ], [ -61.344463791879534, -12.366531806276873 ] ], [ [ -61.344463791879534, -12.368281801160229 ], [ -61.344213792401433, -12.368281801160229 ], [ -61.344213792401433, -12.368031801891178 ], [ -61.344463791879534, -12.368031801891178 ], [ -61.344463791879534, -12.368281801160229 ] ], [ [ -61.343213794489017, -12.36578180846972 ], [ -61.34296379501091, -12.36578180846972 ], [ -61.34296379501091, -12.36553180920067 ], [ -61.343213794489017, -12.36553180920067 ], [ -61.343213794489017, -12.36578180846972 ] ], [ [ -61.342713795532809, -12.36578180846972 ], [ -61.342463796054702, -12.36578180846972 ], [ -61.342463796054702, -12.36553180920067 ], [ -61.342713795532809, -12.36553180920067 ], [ -61.342713795532809, -12.36578180846972 ] ], [ [ -61.337213807014528, -12.36578180846972 ], [ -61.337713805970736, -12.36578180846972 ], [ -61.337713805970736, -12.366031807738771 ], [ -61.337213807014528, -12.366031807738771 ], [ -61.337213807014528, -12.36578180846972 ] ], [ [ -61.337213807014528, -12.366281807007823 ], [ -61.336963807536421, -12.366281807007823 ], [ -61.336963807536421, -12.366031807738771 ], [ -61.337213807014528, -12.366031807738771 ], [ -61.337213807014528, -12.366281807007823 ] ], [ [ -61.334463812755388, -12.366031807738771 ], [ -61.33421381327728, -12.366031807738771 ], [ -61.33421381327728, -12.36578180846972 ], [ -61.334463812755388, -12.36578180846972 ], [ -61.334463812755388, -12.366031807738771 ] ], [ [ -61.333213815364864, -12.366031807738771 ], [ -61.332963815886764, -12.366031807738771 ], [ -61.332963815886764, -12.36578180846972 ], [ -61.333213815364864, -12.36578180846972 ], [ -61.333213815364864, -12.366031807738771 ] ], [ [ -61.34571378927005, -12.366281807007823 ], [ -61.34546378979195, -12.366281807007823 ], [ -61.34546378979195, -12.366031807738771 ], [ -61.34571378927005, -12.366031807738771 ], [ -61.34571378927005, -12.366281807007823 ] ], [ [ -61.346463787704366, -12.366531806276873 ], [ -61.345963788748158, -12.366531806276873 ], [ -61.345963788748158, -12.366281807007823 ], [ -61.346463787704366, -12.366281807007823 ], [ -61.346463787704366, -12.366531806276873 ] ], [ [ -61.336213809102112, -12.366781805545925 ], [ -61.335963809624005, -12.366781805545925 ], [ -61.335963809624005, -12.366281807007823 ], [ -61.336213809102112, -12.366281807007823 ], [ -61.336213809102112, -12.366781805545925 ] ], [ [ -61.335713810145904, -12.366531806276873 ], [ -61.335463810667804, -12.366531806276873 ], [ -61.335463810667804, -12.366281807007823 ], [ -61.335713810145904, -12.366281807007823 ], [ -61.335713810145904, -12.366531806276873 ] ], [ [ -61.330213821627623, -12.366531806276873 ], [ -61.329963822149523, -12.366531806276873 ], [ -61.329963822149523, -12.366281807007823 ], [ -61.330213821627623, -12.366281807007823 ], [ -61.330213821627623, -12.366531806276873 ] ], [ [ -61.337213807014528, -12.366531806276873 ], [ -61.337713805970736, -12.366531806276873 ], [ -61.337713805970736, -12.366781805545925 ], [ -61.337213807014528, -12.366781805545925 ], [ -61.337213807014528, -12.366531806276873 ] ], [ [ -61.337213807014528, -12.367031804814975 ], [ -61.336963807536421, -12.367031804814975 ], [ -61.336963807536421, -12.367281804084026 ], [ -61.33671380805832, -12.367281804084026 ], [ -61.33671380805832, -12.367031804814975 ], [ -61.336463808580213, -12.367031804814975 ], [ -61.336463808580213, -12.366531806276873 ], [ -61.33671380805832, -12.366531806276873 ], [ -61.33671380805832, -12.366781805545925 ], [ -61.337213807014528, -12.366781805545925 ], [ -61.337213807014528, -12.367031804814975 ] ], [ [ -61.346463787704366, -12.367031804814975 ], [ -61.346963786660574, -12.367031804814975 ], [ -61.346963786660574, -12.367281804084026 ], [ -61.346213788226258, -12.367281804084026 ], [ -61.346213788226258, -12.366781805545925 ], [ -61.346463787704366, -12.366781805545925 ], [ -61.346463787704366, -12.367031804814975 ] ], [ [ -61.338463804405045, -12.367031804814975 ], [ -61.338213804926944, -12.367031804814975 ], [ -61.338213804926944, -12.366781805545925 ], [ -61.338463804405045, -12.366781805545925 ], [ -61.338463804405045, -12.367031804814975 ] ], [ [ -61.335963809624005, -12.367531803353076 ], [ -61.336213809102112, -12.367531803353076 ], [ -61.336213809102112, -12.368031801891178 ], [ -61.335963809624005, -12.368031801891178 ], [ -61.335963809624005, -12.367781802622128 ], [ -61.335713810145904, -12.367781802622128 ], [ -61.335713810145904, -12.367281804084026 ], [ -61.335963809624005, -12.367281804084026 ], [ -61.335963809624005, -12.367531803353076 ] ], [ [ -61.336963807536421, -12.367781802622128 ], [ -61.337213807014528, -12.367781802622128 ], [ -61.337213807014528, -12.368031801891178 ], [ -61.336963807536421, -12.368031801891178 ], [ -61.336963807536421, -12.367781802622128 ] ], [ [ -61.336963807536421, -12.368281801160229 ], [ -61.33671380805832, -12.368281801160229 ], [ -61.33671380805832, -12.368031801891178 ], [ -61.336963807536421, -12.368031801891178 ], [ -61.336963807536421, -12.368281801160229 ] ] ] } },
{ "type": "Feature", "properties": { "DN": 1 }, "geometry": { "type": "Polygon", "coordinates": [ [ [ -61.324213834153134, -12.36278181724111 ], [ -61.324213834153134, -12.363031816510162 ], [ -61.324463833631235, -12.363031816510162 ], [ -61.324463833631235, -12.36278181724111 ], [ -61.324213834153134, -12.36278181724111 ] ] ] } },
{ "type": "Feature", "properties": { "DN": 1 }, "geometry": { "type": "Polygon", "coordinates": [ [ [ -61.329463823193308, -12.362281818703009 ], [ -61.329463823193308, -12.36253181797206 ], [ -61.329963822149523, -12.36253181797206 ], [ -61.329963822149523, -12.36278181724111 ], [ -61.329713822671415, -12.36278181724111 ], [ -61.329713822671415, -12.363031816510162 ], [ -61.329963822149523, -12.363031816510162 ], [ -61.329963822149523, -12.363281815779212 ], [ -61.329713822671415, -12.363281815779212 ], [ -61.329713822671415, -12.363531815048264 ], [ -61.330213821627623, -12.363531815048264 ], [ -61.330213821627623, -12.362281818703009 ], [ -61.329463823193308, -12.362281818703009 ] ] ] } },
{ "type": "Feature", "properties": { "DN": 1 }, "geometry": { "type": "Polygon", "coordinates": [ [ [ -61.363713751693524, -12.362281818703009 ], [ -61.363713751693524, -12.36253181797206 ], [ -61.363963751171624, -12.36253181797206 ], [ -61.363963751171624, -12.362281818703009 ], [ -61.363713751693524, -12.362281818703009 ] ] ] } },
{ "type": "Feature", "properties": { "DN": 1 }, "geometry": { "type": "Polygon", "coordinates": [ [ [ -61.358963761609552, -12.361781820164907 ], [ -61.358963761609552, -12.362031819433959 ], [ -61.358463762653344, -12.362031819433959 ], [ -61.358463762653344, -12.36253181797206 ], [ -61.358713762131444, -12.36253181797206 ], [ -61.358713762131444, -12.36278181724111 ], [ -61.35946376056576, -12.36278181724111 ], [ -61.35946376056576, -12.36253181797206 ], [ -61.359213761087652, -12.36253181797206 ], [ -61.359213761087652, -12.361781820164907 ], [ -61.358963761609552, -12.361781820164907 ] ] ] } },
{ "type": "Feature", "properties": { "DN": 1 }, "geometry": { "type": "Polygon", "coordinates": [ [ [ -61.353213773613163, -12.361281821626806 ], [ -61.353213773613163, -12.361781820164907 ], [ -61.352963774135063, -12.361781820164907 ], [ -61.352963774135063, -12.362031819433959 ], [ -61.352713774656955, -12.362031819433959 ], [ -61.352713774656955, -12.363031816510162 ], [ -61.353213773613163, -12.363031816510162 ], [ -61.353213773613163, -12.36278181724111 ], [ -61.35446377100368, -12.36278181724111 ], [ -61.35446377100368, -12.362281818703009 ], [ -61.354213771525579, -12.362281818703009 ], [ -61.354213771525579, -12.362031819433959 ], [ -61.353963772047479, -12.362031819433959 ], [ -61.353963772047479, -12.361781820164907 ], [ -61.353463773091271, -12.361781820164907 ], [ -61.353463773091271, -12.361531820895856 ], [ -61.353713772569371, -12.361531820895856 ], [ -61.353713772569371, -12.361281821626806 ], [ -61.353213773613163, -12.361281821626806 ] ] ] } },
{ "type": "Feature", "properties": { "DN": 1 }, "geometry": { "type": "Polygon", "coordinates": [ [ [ -61.322963836762618, -12.366781805545925 ], [ -61.322963836762618, -12.36553180920067 ], [ -61.323213836240718, -12.36553180920067 ], [ -61.323213836240718, -12.364781811393517 ], [ -61.323713835196926, -12.364781811393517 ], [ -61.323713835196926, -12.364531812124467 ], [ -61.323963834675027, -12.364531812124467 ], [ -61.323963834675027, -12.364281812855417 ], [ -61.324213834153134, -12.364281812855417 ], [ -61.324213834153134, -12.364031813586365 ], [ -61.324463833631235, -12.364031813586365 ], [ -61.324463833631235, -12.363531815048264 ], [ -61.324213834153134, -12.363531815048264 ], [ -61.324213834153134, -12.363281815779212 ], [ -61.323963834675027, -12.363281815779212 ], [ -61.323963834675027, -12.363531815048264 ], [ -61.323463835718826, -12.363531815048264 ], [ -61.323463835718826, -12.363031816510162 ], [ -61.323713835196926, -12.363031816510162 ], [ -61.323713835196926, -12.36278181724111 ], [ -61.323463835718826, -12.36278181724111 ], [ -61.323463835718826, -12.36253181797206 ], [ -61.323213836240718, -12.36253181797206 ], [ -61.323213836240718, -12.361781820164907 ], [ -61.323713835196926, -12.361781820164907 ], [ -61.323713835196926, -12.362281818703009 ], [ -61.323963834675027, -12.362281818703009 ], [ -61.323963834675027, -12.36278181724111 ], [ -61.324213834153134, -12.36278181724111 ], [ -61.324213834153134, -12.362281818703009 ], [ -61.324463833631235, -12.362281818703009 ], [ -61.324463833631235, -12.36278181724111 ], [ -61.324713833109342, -12.36278181724111 ], [ -61.324713833109342, -12.362031819433959 ], [ -61.324963832587443, -12.362031819433959 ], [ -61.324963832587443, -12.36278181724111 ], [ -61.32521383206555, -12.36278181724111 ], [ -61.32521383206555, -12.362281818703009 ], [ -61.325463831543651, -12.362281818703009 ], [ -61.325463831543651, -12.362031819433959 ], [ -61.325963830499859, -12.362031819433959 ], [ -61.325963830499859, -12.361531820895856 ], [ -61.326713828934174, -12.361531820895856 ], [ -61.326713828934174, -12.361281821626806 ], [ -61.326963828412275, -12.361281821626806 ], [ -61.326963828412275, -12.360781823088704 ], [ -61.327213827890375, -12.360781823088704 ], [ -61.327213827890375, -12.360531823819652 ], [ -61.327713826846583, -12.360531823819652 ], [ -61.327713826846583, -12.360281824550603 ], [ -61.327963826324691, -12.360281824550603 ], [ -61.327963826324691, -12.360031825281551 ], [ -61.328213825802791, -12.360031825281551 ], [ -61.328213825802791, -12.359781826012501 ], [ -61.328463825280899, -12.359781826012501 ], [ -61.328463825280899, -12.360031825281551 ], [ -61.328713824758999, -12.360031825281551 ], [ -61.328713824758999, -12.359781826012501 ], [ -61.328963824237107, -12.359781826012501 ], [ -61.328963824237107, -12.359531826743449 ], [ -61.329463823193308, -12.359531826743449 ], [ -61.329463823193308, -12.359281827474399 ], [ -61.329963822149523, -12.359281827474399 ], [ -61.329963822149523, -12.359031828205348 ], [ -61.329713822671415, -12.359031828205348 ], [ -61.329713822671415, -12.358781828936298 ], [ -61.330463821105724, -12.358781828936298 ], [ -61.330463821105724, -12.358531829667246 ], [ -61.331213819540039, -12.358531829667246 ], [ -61.331213819540039, -12.358031831129145 ], [ -61.33146381901814, -12.358031831129145 ], [ -61.33146381901814, -12.357781831860095 ], [ -61.331213819540039, -12.357781831860095 ], [ -61.331213819540039, -12.357581364688878 ], [ -61.330463821105724, -12.357586197279517 ], [ -61.330463821105724, -12.357781831860095 ], [ -61.329213823715207, -12.357781831860095 ], [ -61.329213823715207, -12.357594251597249 ], [ -61.329197955552786, -12.35759435384324 ], [ -61.327963826324691, -12.35759458157686 ], [ -61.327963826324691, -12.357781831860095 ], [ -61.327213827890375, -12.357781831860095 ], [ -61.327213827890375, -12.358031831129145 ], [ -61.326463829456067, -12.358031831129145 ], [ -61.326463829456067, -12.358281830398196 ], [ -61.326713828934174, -12.358281830398196 ], [ -61.326713828934174, -12.358531829667246 ], [ -61.326463829456067, -12.358531829667246 ], [ -61.326463829456067, -12.358781828936298 ], [ -61.326213829977959, -12.358781828936298 ], [ -61.326213829977959, -12.358531829667246 ], [ -61.325963830499859, -12.358531829667246 ], [ -61.325963830499859, -12.359031828205348 ], [ -61.326213829977959, -12.359031828205348 ], [ -61.326213829977959, -12.359281827474399 ], [ -61.325963830499859, -12.359281827474399 ], [ -61.325963830499859, -12.359781826012501 ], [ -61.325713831021758, -12.359781826012501 ], [ -61.325713831021758, -12.360281824550603 ], [ -61.32521383206555, -12.360281824550603 ], [ -61.32521383206555, -12.360531823819652 ], [ -61.324963832587443, -12.360531823819652 ], [ -61.324963832587443, -12.361781820164907 ], [ -61.324463833631235, -12.361781820164907 ], [ -61.324463833631235, -12.362031819433959 ], [ -61.323963834675027, -12.362031819433959 ], [ -61.323963834675027, -12.361531820895856 ], [ -61.324213834153134, -12.361531820895856 ], [ -61.324213834153134, -12.361031822357756 ], [ -61.323963834675027, -12.361031822357756 ], [ -61.323963834675027, -12.361281821626806 ], [ -61.323713835196926, -12.361281821626806 ], [ -61.323713835196926, -12.361031822357756 ], [ -61.323463835718826, -12.361031822357756 ], [ -61.323463835718826, -12.361531820895856 ], [ -61.322963836762618, -12.361531820895856 ], [ -61.322963836762618, -12.362031819433959 ], [ -61.322752286247258, -12.362031819433959 ], [ -61.322751377676838, -12.362281818703009 ], [ -61.322963836762618, -12.362281818703009 ], [ -61.322963836762618, -12.363031816510162 ], [ -61.322748651965576, -12.363031816510162 ], [ -61.322745926254321, -12.363781814317313 ], [ -61.322963836762618, -12.363781814317313 ], [ -61.322963836762618, -12.364031813586365 ], [ -61.3227450176839, -12.364031813586365 ], [ -61.322735633950515, -12.366613811014588 ], [ -61.322735047791724, -12.366781805545925 ], [ -61.322963836762618, -12.366781805545925 ] ], [ [ -61.327213827890375, -12.358531829667246 ], [ -61.327213827890375, -12.358781828936298 ], [ -61.327463827368483, -12.358781828936298 ], [ -61.327463827368483, -12.359031828205348 ], [ -61.327213827890375, -12.359031828205348 ], [ -61.327213827890375, -12.359281827474399 ], [ -61.327463827368483, -12.359281827474399 ], [ -61.327463827368483, -12.359531826743449 ], [ -61.327213827890375, -12.359531826743449 ], [ -61.327213827890375, -12.360281824550603 ], [ -61.326713828934174, -12.360281824550603 ], [ -61.326713828934174, -12.358531829667246 ], [ -61.327213827890375, -12.358531829667246 ] ], [ [ -61.325963830499859, -12.360281824550603 ], [ -61.325963830499859, -12.360781823088704 ], [ -61.325713831021758, -12.360781823088704 ], [ -61.325713831021758, -12.360281824550603 ], [ -61.325963830499859, -12.360281824550603 ] ], [ [ -61.328713824758999, -12.358781828936298 ], [ -61.328963824237107, -12.358781828936298 ], [ -61.328963824237107, -12.358281830398196 ], [ -61.329463823193308, -12.358281830398196 ], [ -61.329463823193308, -12.358531829667246 ], [ -61.329213823715207, -12.358531829667246 ], [ -61.329213823715207, -12.359031828205348 ], [ -61.328713824758999, -12.359031828205348 ], [ -61.328713824758999, -12.358781828936298 ] ], [ [ -61.328713824758999, -12.359281827474399 ], [ -61.328463825280899, -12.359281827474399 ], [ -61.328463825280899, -12.359531826743449 ], [ -61.327963826324691, -12.359531826743449 ], [ -61.327963826324691, -12.359781826012501 ], [ -61.327713826846583, -12.359781826012501 ], [ -61.327713826846583, -12.358781828936298 ], [ -61.327963826324691, -12.358781828936298 ], [ -61.327963826324691, -12.359031828205348 ], [ -61.328713824758999, -12.359031828205348 ], [ -61.328713824758999, -12.359281827474399 ] ], [ [ -61.327713826846583, -12.360031825281551 ], [ -61.327463827368483, -12.360031825281551 ], [ -61.327463827368483, -12.359781826012501 ], [ -61.327713826846583, -12.359781826012501 ], [ -61.327713826846583, -12.360031825281551 ] ], [ [ -61.328463825280899, -12.358531829667246 ], [ -61.328213825802791, -12.358531829667246 ], [ -61.328213825802791, -12.358281830398196 ], [ -61.328463825280899, -12.358281830398196 ], [ -61.328463825280899, -12.358531829667246 ] ], [ [ -61.323213836240718, -12.363531815048264 ], [ -61.322963836762618, -12.363531815048264 ], [ -61.322963836762618, -12.363281815779212 ], [ -61.323213836240718, -12.363281815779212 ], [ -61.323213836240718, -12.363531815048264 ] ], [ [ -61.323963834675027, -12.364031813586365 ], [ -61.323213836240718, -12.364031813586365 ], [ -61.323213836240718, -12.363781814317313 ], [ -61.323963834675027, -12.363781814317313 ], [ -61.323963834675027, -12.364031813586365 ] ] ] } },
{ "type": "Feature", "properties": { "DN": 1 }, "geometry": { "type": "Polygon", "coordinates": [ [ [ -61.374213729773878, -12.361281821626806 ], [ -61.374213729773878, -12.361531820895856 ], [ -61.37371373081767, -12.361531820895856 ], [ -61.37371373081767, -12.361781820164907 ], [ -61.373463731339569, -12.361781820164907 ], [ -61.373463731339569, -12.362281818703009 ], [ -61.37371373081767, -12.362281818703009 ], [ -61.37371373081767, -12.363031816510162 ], [ -61.37396373029577, -12.363031816510162 ], [ -61.37396373029577, -12.36278181724111 ], [ -61.374713728730086, -12.36278181724111 ], [ -61.374713728730086, -12.362281818703009 ], [ -61.375213727686294, -12.362281818703009 ], [ -61.375213727686294, -12.361531820895856 ], [ -61.374463729251978, -12.361531820895856 ], [ -61.374463729251978, -12.361281821626806 ], [ -61.374213729773878, -12.361281821626806 ] ] ] } },
{ "type": "Feature", "properties": { "DN": 1 }, "geometry": { "type": "Polygon", "coordinates": [ [ [ -61.35971376004386, -12.360781823088704 ], [ -61.35971376004386, -12.361031822357756 ], [ -61.35946376056576, -12.361031822357756 ], [ -61.35946376056576, -12.361281821626806 ], [ -61.35971376004386, -12.361281821626806 ], [ -61.35971376004386, -12.361781820164907 ], [ -61.360463758478176, -12.361781820164907 ], [ -61.360463758478176, -12.362031819433959 ], [ -61.360713757956276, -12.362031819433959 ], [ -61.360713757956276, -12.36278181724111 ], [ -61.360963757434376, -12.36278181724111 ], [ -61.360963757434376, -12.362281818703009 ], [ -61.361713755868692, -12.362281818703009 ], [ -61.361713755868692, -12.362031819433959 ], [ -61.361213756912484, -12.362031819433959 ], [ -61.361213756912484, -12.361781820164907 ], [ -61.360713757956276, -12.361781820164907 ], [ -61.360713757956276, -12.361281821626806 ], [ -61.360213759000068, -12.361281821626806 ], [ -61.360213759000068, -12.360781823088704 ], [ -61.35971376004386, -12.360781823088704 ] ] ] } },
{ "type": "Feature", "properties": { "DN": 1 }, "geometry": { "type": "Polygon", "coordinates": [ [ [ -61.337713805970736, -12.361531820895856 ], [ -61.337713805970736, -12.362031819433959 ], [ -61.337963805448837, -12.362031819433959 ], [ -61.337963805448837, -12.361531820895856 ], [ -61.337713805970736, -12.361531820895856 ] ] ] } },
{ "type": "Feature", "properties": { "DN": 1 }, "geometry": { "type": "Polygon", "coordinates": [ [ [ -61.363713751693524, -12.359781826012501 ], [ -61.363713751693524, -12.360031825281551 ], [ -61.363463752215416, -12.360031825281551 ], [ -61.363463752215416, -12.359781826012501 ], [ -61.362963753259208, -12.359781826012501 ], [ -61.362963753259208, -12.360531823819652 ], [ -61.362713753781108, -12.360531823819652 ], [ -61.362713753781108, -12.361281821626806 ], [ -61.3622137548249, -12.361281821626806 ], [ -61.3622137548249, -12.361531820895856 ], [ -61.361713755868692, -12.361531820895856 ], [ -61.361713755868692, -12.362031819433959 ], [ -61.362713753781108, -12.362031819433959 ], [ -61.362713753781108, -12.362281818703009 ], [ -61.363463752215416, -12.362281818703009 ], [ -61.363463752215416, -12.362031819433959 ], [ -61.363713751693524, -12.362031819433959 ], [ -61.363713751693524, -12.361781820164907 ], [ -61.363963751171624, -12.361781820164907 ], [ -61.363963751171624, -12.361031822357756 ], [ -61.364213750649725, -12.361031822357756 ], [ -61.364213750649725, -12.360531823819652 ], [ -61.364463750127832, -12.360531823819652 ], [ -61.364463750127832, -12.360281824550603 ], [ -61.364213750649725, -12.360281824550603 ], [ -61.364213750649725, -12.360031825281551 ], [ -61.363963751171624, -12.360031825281551 ], [ -61.363963751171624, -12.359781826012501 ], [ -61.363713751693524, -12.359781826012501 ] ] ] } },
{ "type": "Feature", "properties": { "DN": 1 }, "geometry": { "type": "Polygon", "coordinates": [ [ [ -61.334463812755388, -12.359281827474399 ], [ -61.334463812755388, -12.359531826743449 ], [ -61.33421381327728, -12.359531826743449 ], [ -61.33421381327728, -12.359781826012501 ], [ -61.33396381379918, -12.359781826012501 ], [ -61.33396381379918, -12.360281824550603 ], [ -61.333713814321072, -12.360281824550603 ], [ -61.333713814321072, -12.360531823819652 ], [ -61.333463814842972, -12.360531823819652 ], [ -61.333463814842972, -12.360781823088704 ], [ -61.333213815364864, -12.360781823088704 ], [ -61.333213815364864, -12.361531820895856 ], [ -61.333463814842972, -12.361531820895856 ], [ -61.333463814842972, -12.361781820164907 ], [ -61.333713814321072, -12.361781820164907 ], [ -61.333713814321072, -12.362281818703009 ], [ -61.334463812755388, -12.362281818703009 ], [ -61.334463812755388, -12.361781820164907 ], [ -61.334713812233488, -12.361781820164907 ], [ -61.334713812233488, -12.361531820895856 ], [ -61.334963811711596, -12.361531820895856 ], [ -61.334963811711596, -12.361031822357756 ], [ -61.335463810667804, -12.361031822357756 ], [ -61.335463810667804, -12.360531823819652 ], [ -61.335713810145904, -12.360531823819652 ], [ -61.335713810145904, -12.359781826012501 ], [ -61.335463810667804, -12.359781826012501 ], [ -61.335463810667804, -12.359281827474399 ], [ -61.334463812755388, -12.359281827474399 ] ], [ [ -61.335213811189696, -12.360281824550603 ], [ -61.334713812233488, -12.360281824550603 ], [ -61.334713812233488, -12.360031825281551 ], [ -61.335213811189696, -12.360031825281551 ], [ -61.335213811189696, -12.360281824550603 ] ], [ [ -61.33421381327728, -12.361281821626806 ], [ -61.33396381379918, -12.361281821626806 ], [ -61.33396381379918, -12.361031822357756 ], [ -61.33421381327728, -12.361031822357756 ], [ -61.33421381327728, -12.361281821626806 ] ] ] } },
{ "type": "Feature", "properties": { "DN": 1 }, "geometry": { "type": "Polygon", "coordinates": [ [ [ -61.355963767872304, -12.359531826743449 ], [ -61.355963767872304, -12.359781826012501 ], [ -61.355713768394203, -12.359781826012501 ], [ -61.355713768394203, -12.360031825281551 ], [ -61.355463768916096, -12.360031825281551 ], [ -61.355463768916096, -12.360781823088704 ], [ -61.355713768394203, -12.360781823088704 ], [ -61.355713768394203, -12.361031822357756 ], [ -61.356213767350411, -12.361031822357756 ], [ -61.356213767350411, -12.361281821626806 ], [ -61.356463766828512, -12.361281821626806 ], [ -61.356463766828512, -12.361531820895856 ], [ -61.356713766306619, -12.361531820895856 ], [ -61.356713766306619, -12.361281821626806 ], [ -61.357213765262827, -12.361281821626806 ], [ -61.357213765262827, -12.361531820895856 ], [ -61.357463764740928, -12.361531820895856 ], [ -61.357463764740928, -12.361281821626806 ], [ -61.357713764219028, -12.361281821626806 ], [ -61.357713764219028, -12.361031822357756 ], [ -61.357213765262827, -12.361031822357756 ], [ -61.357213765262827, -12.360781823088704 ], [ -61.357713764219028, -12.360781823088704 ], [ -61.357713764219028, -12.360531823819652 ], [ -61.357213765262827, -12.360531823819652 ], [ -61.357213765262827, -12.360281824550603 ], [ -61.35696376578472, -12.360281824550603 ], [ -61.35696376578472, -12.360031825281551 ], [ -61.356713766306619, -12.360031825281551 ], [ -61.356713766306619, -12.360281824550603 ], [ -61.356463766828512, -12.360281824550603 ], [ -61.356463766828512, -12.360531823819652 ], [ -61.356213767350411, -12.360531823819652 ], [ -61.356213767350411, -12.360281824550603 ], [ -61.355963767872304, -12.360281824550603 ], [ -61.355963767872304, -12.360031825281551 ], [ -61.356463766828512, -12.360031825281551 ], [ -61.356463766828512, -12.359781826012501 ], [ -61.356213767350411, -12.359781826012501 ], [ -61.356213767350411, -12.359531826743449 ], [ -61.355963767872304, -12.359531826743449 ] ] ] } },
{ "type": "Feature", "properties": { "DN": 1 }, "geometry": { "type": "Polygon", "coordinates": [ [ [ -61.35971376004386, -12.360281824550603 ], [ -61.35971376004386, -12.360531823819652 ], [ -61.360213759000068, -12.360531823819652 ], [ -61.360213759000068, -12.360281824550603 ], [ -61.35971376004386, -12.360281824550603 ] ] ] } },
{ "type": "Feature", "properties": { "DN": 1 }, "geometry": { "type": "Polygon", "coordinates": [ [ [ -61.358963761609552, -12.359781826012501 ], [ -61.358963761609552, -12.360281824550603 ], [ -61.359213761087652, -12.360281824550603 ], [ -61.359213761087652, -12.359781826012501 ], [ -61.358963761609552, -12.359781826012501 ] ] ] } },
{ "type": "Feature", "properties": { "DN": 1 }, "geometry": { "type": "Polygon", "coordinates": [ [ [ -61.325463831543651, -12.359531826743449 ], [ -61.325463831543651, -12.359781826012501 ], [ -61.325713831021758, -12.359781826012501 ], [ -61.325713831021758, -12.359531826743449 ], [ -61.325463831543651, -12.359531826743449 ] ] ] } },
{ "type": "Feature", "properties": { "DN": 1 }, "geometry": { "type": "Polygon", "coordinates": [ [ [ -61.363463752215416, -12.359531826743449 ], [ -61.363463752215416, -12.359781826012501 ], [ -61.363713751693524, -12.359781826012501 ], [ -61.363713751693524, -12.359531826743449 ], [ -61.363463752215416, -12.359531826743449 ] ] ] } },
{ "type": "Feature", "properties": { "DN": 1 }, "geometry": { "type": "Polygon", "coordinates": [ [ [ -61.355463768916096, -12.359281827474399 ], [ -61.355463768916096, -12.359781826012501 ], [ -61.355713768394203, -12.359781826012501 ], [ -61.355713768394203, -12.359531826743449 ], [ -61.355963767872304, -12.359531826743449 ], [ -61.355963767872304, -12.359281827474399 ], [ -61.355463768916096, -12.359281827474399 ] ] ] } },
{ "type": "Feature", "properties": { "DN": 1 }, "geometry": { "type": "Polygon", "coordinates": [ [ [ -61.364463750127832, -12.358781828936298 ], [ -61.364463750127832, -12.359031828205348 ], [ -61.364713749605933, -12.359031828205348 ], [ -61.364713749605933, -12.358781828936298 ], [ -61.364463750127832, -12.358781828936298 ] ] ] } },
{ "type": "Feature", "properties": { "DN": 1 }, "geometry": { "type": "Polygon", "coordinates": [ [ [ -61.364213750649725, -12.358531829667246 ], [ -61.364213750649725, -12.358781828936298 ], [ -61.364463750127832, -12.358781828936298 ], [ -61.364463750127832, -12.358531829667246 ], [ -61.364213750649725, -12.358531829667246 ] ] ] } },
{ "type": "Feature", "properties": { "DN": 1 }, "geometry": { "type": "Polygon", "coordinates": [ [ [ -61.323463835718826, -12.358531829667246 ], [ -61.323463835718826, -12.358781828936298 ], [ -61.323713835196926, -12.358781828936298 ], [ -61.323713835196926, -12.358531829667246 ], [ -61.323463835718826, -12.358531829667246 ] ] ] } },
{ "type": "Feature", "properties": { "DN": 1 }, "geometry": { "type": "Polygon", "coordinates": [ [ [ -61.324213834153134, -12.358031831129145 ], [ -61.324213834153134, -12.358281830398196 ], [ -61.323713835196926, -12.358281830398196 ], [ -61.323713835196926, -12.358531829667246 ], [ -61.324463833631235, -12.358531829667246 ], [ -61.324463833631235, -12.359281827474399 ], [ -61.324713833109342, -12.359281827474399 ], [ -61.324713833109342, -12.359031828205348 ], [ -61.324963832587443, -12.359031828205348 ], [ -61.324963832587443, -12.358281830398196 ], [ -61.324463833631235, -12.358281830398196 ], [ -61.324463833631235, -12.358031831129145 ], [ -61.324213834153134, -12.358031831129145 ] ] ] } },
{ "type": "Feature", "properties": { "DN": 1 }, "geometry": { "type": "Polygon", "coordinates": [ [ [ -61.364713749605933, -12.358531829667246 ], [ -61.364713749605933, -12.358781828936298 ], [ -61.365213748562141, -12.358781828936298 ], [ -61.365213748562141, -12.358531829667246 ], [ -61.364713749605933, -12.358531829667246 ] ] ] } },
{ "type": "Feature", "properties": { "DN": 1 }, "geometry": { "type": "Polygon", "coordinates": [ [ [ -61.353963772047479, -12.358281830398196 ], [ -61.353963772047479, -12.358531829667246 ], [ -61.354213771525579, -12.358531829667246 ], [ -61.354213771525579, -12.358281830398196 ], [ -61.353963772047479, -12.358281830398196 ] ] ] } },
{ "type": "Feature", "properties": { "DN": 1 }, "geometry": { "type": "Polygon", "coordinates": [ [ [ -61.366963744908873, -12.357781831860095 ], [ -61.366963744908873, -12.358031831129145 ], [ -61.366463745952665, -12.358031831129145 ], [ -61.366463745952665, -12.358531829667246 ], [ -61.366713745430765, -12.358531829667246 ], [ -61.366713745430765, -12.358781828936298 ], [ -61.366963744908873, -12.358781828936298 ], [ -61.366963744908873, -12.358531829667246 ], [ -61.367213744386973, -12.358531829667246 ], [ -61.367213744386973, -12.358281830398196 ], [ -61.367713743343181, -12.358281830398196 ], [ -61.367713743343181, -12.357781831860095 ], [ -61.366963744908873, -12.357781831860095 ] ] ] } },
{ "type": "Feature", "properties": { "DN": 1 }, "geometry": { "type": "Polygon", "coordinates": [ [ [ -61.325963830499859, -12.358031831129145 ], [ -61.325963830499859, -12.358281830398196 ], [ -61.326213829977959, -12.358281830398196 ], [ -61.326213829977959, -12.358031831129145 ], [ -61.325963830499859, -12.358031831129145 ] ] ] } },
{ "type": "Feature", "properties": { "DN": 1 }, "geometry": { "type": "Polygon", "coordinates": [ [ [ -61.384713707854232, -12.357781831860095 ], [ -61.384713707854232, -12.358031831129145 ], [ -61.38521370681044, -12.358031831129145 ], [ -61.38521370681044, -12.357781831860095 ], [ -61.384713707854232, -12.357781831860095 ] ] ] } },
{ "type": "Feature", "properties": { "DN": 1 }, "geometry": { "type": "Polygon", "coordinates": [ [ [ -61.324463833631235, -12.357781831860095 ], [ -61.324463833631235, -12.358031831129145 ], [ -61.324963832587443, -12.358031831129145 ], [ -61.324963832587443, -12.357781831860095 ], [ -61.324463833631235, -12.357781831860095 ] ] ] } },
{ "type": "Feature", "properties": { "DN": 1 }, "geometry": { "type": "Polygon", "coordinates": [ [ [ -61.324963832587443, -12.357781831860095 ], [ -61.32521383206555, -12.357781831860095 ], [ -61.32521383206555, -12.358031831129145 ], [ -61.325463831543651, -12.358031831129145 ], [ -61.325463831543651, -12.358281830398196 ], [ -61.325713831021758, -12.358281830398196 ], [ -61.325713831021758, -12.358031831129145 ], [ -61.325963830499859, -12.358031831129145 ], [ -61.325963830499859, -12.357781831860095 ], [ -61.325713831021758, -12.357781831860095 ], [ -61.325713831021758, -12.357594996768043 ], [ -61.324963832587443, -12.357595135165104 ], [ -61.324963832587443, -12.357781831860095 ] ] ] } },
{ "type": "Feature", "properties": { "DN": 1 }, "geometry": { "type": "Polygon", "coordinates": [ [ [ -61.349213781963506, -12.357781831860095 ], [ -61.349713780919714, -12.357781831860095 ], [ -61.349713780919714, -12.357539969404426 ], [ -61.349213781963506, -12.357542100723853 ], [ -61.349213781963506, -12.357781831860095 ] ] ] } },
{ "type": "Feature", "properties": { "DN": 1 }, "geometry": { "type": "Polygon", "coordinates": [ [ [ -61.350213779875922, -12.357781831860095 ], [ -61.35071377883213, -12.357781831860095 ], [ -61.35071377883213, -12.357535706765574 ], [ -61.350213779875922, -12.357537838085001 ], [ -61.350213779875922, -12.357781831860095 ] ] ] } },
{ "type": "Feature", "properties": { "DN": 1 }, "geometry": { "type": "Polygon", "coordinates": [ [ [ -61.350963778310231, -12.357781831860095 ], [ -61.351213777788331, -12.357781831860095 ], [ -61.351213777788331, -12.357533575446148 ], [ -61.350963778310231, -12.357534641105861 ], [ -61.350963778310231, -12.357781831860095 ] ] ] } },
{ "type": "Feature", "properties": { "DN": 1 }, "geometry": { "type": "Polygon", "coordinates": [ [ [ -61.385463706288547, -12.357281833321991 ], [ -61.385463706288547, -12.358031831129145 ], [ -61.385713705766648, -12.358031831129145 ], [ -61.385713705766648, -12.357281833321991 ], [ -61.385463706288547, -12.357281833321991 ] ] ] } },
{ "type": "Feature", "properties": { "DN": 1 }, "geometry": { "type": "Polygon", "coordinates": [ [ [ -61.347213786138674, -12.357781831860095 ], [ -61.347463785616782, -12.357781831860095 ], [ -61.347463785616782, -12.357549560341843 ], [ -61.347213786138674, -12.357550626001556 ], [ -61.347213786138674, -12.357781831860095 ] ] ] } },
{ "type": "Feature", "properties": { "DN": 1 }, "geometry": { "type": "Polygon", "coordinates": [ [ [ -61.363463752215416, -12.357281833321991 ], [ -61.363463752215416, -12.357781831860095 ], [ -61.363713751693524, -12.357781831860095 ], [ -61.363713751693524, -12.357281833321991 ], [ -61.363463752215416, -12.357281833321991 ] ] ] } },
{ "type": "Feature", "properties": { "DN": 1 }, "geometry": { "type": "Polygon", "coordinates": [ [ [ -61.381963713595091, -12.357031834052941 ], [ -61.381963713595091, -12.357281833321991 ], [ -61.382213713073199, -12.357281833321991 ], [ -61.382213713073199, -12.357031834052941 ], [ -61.381963713595091, -12.357031834052941 ] ] ] } },
{ "type": "Feature", "properties": { "DN": 1 }, "geometry": { "type": "Polygon", "coordinates": [ [ [ -61.365213748562141, -12.35653183551484 ], [ -61.365213748562141, -12.356781834783892 ], [ -61.365463748040249, -12.356781834783892 ], [ -61.365463748040249, -12.35653183551484 ], [ -61.365213748562141, -12.35653183551484 ] ] ] } },
{ "type": "Feature", "properties": { "DN": 1 }, "geometry": { "type": "Polygon", "coordinates": [ [ [ -61.370463737602321, -12.356281836245788 ], [ -61.370463737602321, -12.35653183551484 ], [ -61.370713737080422, -12.35653183551484 ], [ -61.370713737080422, -12.356281836245788 ], [ -61.370463737602321, -12.356281836245788 ] ] ] } },
{ "type": "Feature", "properties": { "DN": 1 }, "geometry": { "type": "Polygon", "coordinates": [ [ [ -61.353963772047479, -12.358031831129145 ], [ -61.354213771525579, -12.358031831129145 ], [ -61.354213771525579, -12.358281830398196 ], [ -61.35446377100368, -12.358281830398196 ], [ -61.35446377100368, -12.358031831129145 ], [ -61.354713770481787, -12.358031831129145 ], [ -61.354713770481787, -12.357781831860095 ], [ -61.355213769437995, -12.357781831860095 ], [ -61.355213769437995, -12.357531832591043 ], [ -61.355463768916096, -12.357531832591043 ], [ -61.355463768916096, -12.357781831860095 ], [ -61.355713768394203, -12.357781831860095 ], [ -61.355713768394203, -12.358531829667246 ], [ -61.356213767350411, -12.358531829667246 ], [ -61.356213767350411, -12.359031828205348 ], [ -61.355963767872304, -12.359031828205348 ], [ -61.355963767872304, -12.359281827474399 ], [ -61.356713766306619, -12.359281827474399 ], [ -61.356713766306619, -12.358531829667246 ], [ -61.35696376578472, -12.358531829667246 ], [ -61.35696376578472, -12.359031828205348 ], [ -61.357713764219028, -12.359031828205348 ], [ -61.357713764219028, -12.359531826743449 ], [ -61.357963763697136, -12.359531826743449 ], [ -61.357963763697136, -12.358781828936298 ], [ -61.358213763175236, -12.358781828936298 ], [ -61.358213763175236, -12.358531829667246 ], [ -61.358463762653344, -12.358531829667246 ], [ -61.358463762653344, -12.358781828936298 ], [ -61.35946376056576, -12.358781828936298 ], [ -61.35946376056576, -12.359781826012501 ], [ -61.359963759521968, -12.359781826012501 ], [ -61.359963759521968, -12.359531826743449 ], [ -61.360213759000068, -12.359531826743449 ], [ -61.360213759000068, -12.359781826012501 ], [ -61.360713757956276, -12.359781826012501 ], [ -61.360713757956276, -12.360031825281551 ], [ -61.360963757434376, -12.360031825281551 ], [ -61.360963757434376, -12.360281824550603 ], [ -61.3622137548249, -12.360281824550603 ], [ -61.3622137548249, -12.360031825281551 ], [ -61.362463754303, -12.360031825281551 ], [ -61.362463754303, -12.359781826012501 ], [ -61.362713753781108, -12.359781826012501 ], [ -61.362713753781108, -12.359531826743449 ], [ -61.362963753259208, -12.359531826743449 ], [ -61.362963753259208, -12.359281827474399 ], [ -61.362463754303, -12.359281827474399 ], [ -61.362463754303, -12.358781828936298 ], [ -61.3622137548249, -12.358781828936298 ], [ -61.3622137548249, -12.358531829667246 ], [ -61.361963755346792, -12.358531829667246 ], [ -61.361963755346792, -12.358781828936298 ], [ -61.361713755868692, -12.358781828936298 ], [ -61.361713755868692, -12.359281827474399 ], [ -61.360963757434376, -12.359281827474399 ], [ -61.360963757434376, -12.359531826743449 ], [ -61.360713757956276, -12.359531826743449 ], [ -61.360713757956276, -12.359281827474399 ], [ -61.360213759000068, -12.359281827474399 ], [ -61.360213759000068, -12.359031828205348 ], [ -61.360463758478176, -12.359031828205348 ], [ -61.360463758478176, -12.358781828936298 ], [ -61.360213759000068, -12.358781828936298 ], [ -61.360213759000068, -12.358531829667246 ], [ -61.359963759521968, -12.358531829667246 ], [ -61.359963759521968, -12.358281830398196 ], [ -61.360213759000068, -12.358281830398196 ], [ -61.360213759000068, -12.357781831860095 ], [ -61.360463758478176, -12.357781831860095 ], [ -61.360463758478176, -12.358531829667246 ], [ -61.360963757434376, -12.358531829667246 ], [ -61.360963757434376, -12.357781831860095 ], [ -61.361213756912484, -12.357781831860095 ], [ -61.361213756912484, -12.357031834052941 ], [ -61.361463756390584, -12.357031834052941 ], [ -61.361463756390584, -12.357281833321991 ], [ -61.361713755868692, -12.357281833321991 ], [ -61.361713755868692, -12.357031834052941 ], [ -61.3622137548249, -12.357031834052941 ], [ -61.3622137548249, -12.356781834783892 ], [ -61.362963753259208, -12.356781834783892 ], [ -61.362963753259208, -12.35653183551484 ], [ -61.363463752215416, -12.35653183551484 ], [ -61.363463752215416, -12.356781834783892 ], [ -61.364213750649725, -12.356781834783892 ], [ -61.364213750649725, -12.357031834052941 ], [ -61.363713751693524, -12.357031834052941 ], [ -61.363713751693524, -12.357281833321991 ], [ -61.363963751171624, -12.357281833321991 ], [ -61.363963751171624, -12.357781831860095 ], [ -61.364463750127832, -12.357781831860095 ], [ -61.364463750127832, -12.357031834052941 ], [ -61.364713749605933, -12.357031834052941 ], [ -61.364713749605933, -12.356281836245788 ], [ -61.364213750649725, -12.356281836245788 ], [ -61.364213750649725, -12.356031836976738 ], [ -61.364713749605933, -12.356031836976738 ], [ -61.364713749605933, -12.355781837707687 ], [ -61.364963749084041, -12.355781837707687 ], [ -61.364963749084041, -12.356031836976738 ], [ -61.365713747518349, -12.356031836976738 ], [ -61.365713747518349, -12.355781837707687 ], [ -61.366213746474557, -12.355781837707687 ], [ -61.366213746474557, -12.355531838438637 ], [ -61.366463745952665, -12.355531838438637 ], [ -61.366463745952665, -12.355781837707687 ], [ -61.366713745430765, -12.355781837707687 ], [ -61.366713745430765, -12.356281836245788 ], [ -61.367213744386973, -12.356281836245788 ], [ -61.367213744386973, -12.356031836976738 ], [ -61.367713743343181, -12.356031836976738 ], [ -61.367713743343181, -12.355781837707687 ], [ -61.367213744386973, -12.355781837707687 ], [ -61.367213744386973, -12.355531838438637 ], [ -61.367713743343181, -12.355531838438637 ], [ -61.367713743343181, -12.355281839169585 ], [ -61.368213742299389, -12.355281839169585 ], [ -61.368213742299389, -12.355531838438637 ], [ -61.368463741777489, -12.355531838438637 ], [ -61.368463741777489, -12.355781837707687 ], [ -61.368713741255597, -12.355781837707687 ], [ -61.368713741255597, -12.356031836976738 ], [ -61.368963740733697, -12.356031836976738 ], [ -61.368963740733697, -12.355781837707687 ], [ -61.369463739689905, -12.355781837707687 ], [ -61.369463739689905, -12.355531838438637 ], [ -61.369713739168006, -12.355531838438637 ], [ -61.369713739168006, -12.355281839169585 ], [ -61.369213740211805, -12.355281839169585 ], [ -61.369213740211805, -12.354531841362434 ], [ -61.368963740733697, -12.354531841362434 ], [ -61.368963740733697, -12.35403184282433 ], [ -61.368713741255597, -12.35403184282433 ], [ -61.368713741255597, -12.353531844286231 ], [ -61.369213740211805, -12.353531844286231 ], [ -61.369213740211805, -12.353031845748127 ], [ -61.368963740733697, -12.353031845748127 ], [ -61.368963740733697, -12.352281847940976 ], [ -61.368713741255597, -12.352281847940976 ], [ -61.368713741255597, -12.353031845748127 ], [ -61.368213742299389, -12.353031845748127 ], [ -61.368213742299389, -12.353531844286231 ], [ -61.367713743343181, -12.353531844286231 ], [ -61.367713743343181, -12.35378184355528 ], [ -61.367213744386973, -12.35378184355528 ], [ -61.367213744386973, -12.353531844286231 ], [ -61.366713745430765, -12.353531844286231 ], [ -61.366713745430765, -12.353281845017179 ], [ -61.366463745952665, -12.353281845017179 ], [ -61.366463745952665, -12.353531844286231 ], [ -61.365463748040249, -12.353531844286231 ], [ -61.365463748040249, -12.35403184282433 ], [ -61.366463745952665, -12.35403184282433 ], [ -61.366463745952665, -12.354281842093382 ], [ -61.366963744908873, -12.354281842093382 ], [ -61.366963744908873, -12.354531841362434 ], [ -61.367213744386973, -12.354531841362434 ], [ -61.367213744386973, -12.355281839169585 ], [ -61.366463745952665, -12.355281839169585 ], [ -61.366463745952665, -12.354781840631484 ], [ -61.365713747518349, -12.354781840631484 ], [ -61.365713747518349, -12.354531841362434 ], [ -61.365213748562141, -12.354531841362434 ], [ -61.365213748562141, -12.354781840631484 ], [ -61.364713749605933, -12.354781840631484 ], [ -61.364713749605933, -12.354281842093382 ], [ -61.364463750127832, -12.354281842093382 ], [ -61.364463750127832, -12.354531841362434 ], [ -61.363963751171624, -12.354531841362434 ], [ -61.363963751171624, -12.354781840631484 ], [ -61.363713751693524, -12.354781840631484 ], [ -61.363713751693524, -12.355781837707687 ], [ -61.363963751171624, -12.355781837707687 ], [ -61.363963751171624, -12.356031836976738 ], [ -61.362963753259208, -12.356031836976738 ], [ -61.362963753259208, -12.356281836245788 ], [ -61.3622137548249, -12.356281836245788 ], [ -61.3622137548249, -12.35653183551484 ], [ -61.361713755868692, -12.35653183551484 ], [ -61.361713755868692, -12.356781834783892 ], [ -61.360963757434376, -12.356781834783892 ], [ -61.360963757434376, -12.357031834052941 ], [ -61.360713757956276, -12.357031834052941 ], [ -61.360713757956276, -12.356281836245788 ], [ -61.360463758478176, -12.356281836245788 ], [ -61.360463758478176, -12.356031836976738 ], [ -61.360213759000068, -12.356031836976738 ], [ -61.360213759000068, -12.355531838438637 ], [ -61.359963759521968, -12.355531838438637 ], [ -61.359963759521968, -12.354781840631484 ], [ -61.35946376056576, -12.354781840631484 ], [ -61.35946376056576, -12.355281839169585 ], [ -61.359213761087652, -12.355281839169585 ], [ -61.359213761087652, -12.355781837707687 ], [ -61.35946376056576, -12.355781837707687 ], [ -61.35946376056576, -12.35653183551484 ], [ -61.35971376004386, -12.35653183551484 ], [ -61.35971376004386, -12.356281836245788 ], [ -61.359963759521968, -12.356281836245788 ], [ -61.359963759521968, -12.356781834783892 ], [ -61.360213759000068, -12.356781834783892 ], [ -61.360213759000068, -12.357031834052941 ], [ -61.35946376056576, -12.357031834052941 ], [ -61.35946376056576, -12.356781834783892 ], [ -61.359213761087652, -12.356781834783892 ], [ -61.359213761087652, -12.357031834052941 ], [ -61.358463762653344, -12.357031834052941 ], [ -61.358463762653344, -12.35653183551484 ], [ -61.357963763697136, -12.35653183551484 ], [ -61.357963763697136, -12.356781834783892 ], [ -61.356713766306619, -12.356781834783892 ], [ -61.356713766306619, -12.35653183551484 ], [ -61.356213767350411, -12.35653183551484 ], [ -61.356213767350411, -12.356781834783892 ], [ -61.355713768394203, -12.356781834783892 ], [ -61.355713768394203, -12.35653183551484 ], [ -61.355463768916096, -12.35653183551484 ], [ -61.355463768916096, -12.356281836245788 ], [ -61.355213769437995, -12.356281836245788 ], [ -61.355213769437995, -12.356781834783892 ], [ -61.355463768916096, -12.356781834783892 ], [ -61.355463768916096, -12.357031834052941 ], [ -61.355213769437995, -12.357031834052941 ], [ -61.355213769437995, -12.357281833321991 ], [ -61.353713772569371, -12.357281833321991 ], [ -61.353713772569371, -12.357531832591043 ], [ -61.35162264457896, -12.357531832591043 ], [ -61.351463777266439, -12.357532509786436 ], [ -61.351463777266439, -12.357781831860095 ], [ -61.351713776744546, -12.357781831860095 ], [ -61.351713776744546, -12.358281830398196 ], [ -61.351963776222647, -12.358281830398196 ], [ -61.351963776222647, -12.358781828936298 ], [ -61.352213775700747, -12.358781828936298 ], [ -61.352213775700747, -12.358531829667246 ], [ -61.352463775178855, -12.358531829667246 ], [ -61.352463775178855, -12.358281830398196 ], [ -61.352713774656955, -12.358281830398196 ], [ -61.352713774656955, -12.358031831129145 ], [ -61.353213773613163, -12.358031831129145 ], [ -61.353213773613163, -12.357781831860095 ], [ -61.353963772047479, -12.357781831860095 ], [ -61.353963772047479, -12.358031831129145 ] ], [ [ -61.353963772047479, -12.357531832591043 ], [ -61.354213771525579, -12.357531832591043 ], [ -61.354213771525579, -12.357781831860095 ], [ -61.353963772047479, -12.357781831860095 ], [ -61.353963772047479, -12.357531832591043 ] ], [ [ -61.367963742821281, -12.354531841362434 ], [ -61.367713743343181, -12.354531841362434 ], [ -61.367713743343181, -12.354281842093382 ], [ -61.367963742821281, -12.354281842093382 ], [ -61.367963742821281, -12.354531841362434 ] ], [ [ -61.358213763175236, -12.357531832591043 ], [ -61.358463762653344, -12.357531832591043 ], [ -61.358463762653344, -12.357781831860095 ], [ -61.358213763175236, -12.357781831860095 ], [ -61.358213763175236, -12.358031831129145 ], [ -61.357713764219028, -12.358031831129145 ], [ -61.357713764219028, -12.358281830398196 ], [ -61.357463764740928, -12.358281830398196 ], [ -61.357463764740928, -12.358031831129145 ], [ -61.35696376578472, -12.358031831129145 ], [ -61.35696376578472, -12.357781831860095 ], [ -61.356713766306619, -12.357781831860095 ], [ -61.356713766306619, -12.358031831129145 ], [ -61.356213767350411, -12.358031831129145 ], [ -61.356213767350411, -12.357781831860095 ], [ -61.355963767872304, -12.357781831860095 ], [ -61.355963767872304, -12.357281833321991 ], [ -61.356213767350411, -12.357281833321991 ], [ -61.356213767350411, -12.357031834052941 ], [ -61.356713766306619, -12.357031834052941 ], [ -61.356713766306619, -12.357281833321991 ], [ -61.357963763697136, -12.357281833321991 ], [ -61.357963763697136, -12.357031834052941 ], [ -61.358213763175236, -12.357031834052941 ], [ -61.358213763175236, -12.357531832591043 ] ], [ [ -61.358963761609552, -12.358031831129145 ], [ -61.358713762131444, -12.358031831129145 ], [ -61.358713762131444, -12.357781831860095 ], [ -61.358963761609552, -12.357781831860095 ], [ -61.358963761609552, -12.358031831129145 ] ], [ [ -61.352463775178855, -12.358031831129145 ], [ -61.351963776222647, -12.358031831129145 ], [ -61.351963776222647, -12.357781831860095 ], [ -61.352463775178855, -12.357781831860095 ], [ -61.352463775178855, -12.358031831129145 ] ] ] } },
{ "type": "Feature", "properties": { "DN": 1 }, "geometry": { "type": "Polygon", "coordinates": [ [ [ -61.374463729251978, -12.355781837707687 ], [ -61.374463729251978, -12.356281836245788 ], [ -61.374713728730086, -12.356281836245788 ], [ -61.374713728730086, -12.355781837707687 ], [ -61.374463729251978, -12.355781837707687 ] ] ] } },
{ "type": "Feature", "properties": { "DN": 1 }, "geometry": { "type": "Polygon", "coordinates": [ [ [ -61.361713755868692, -12.355031839900535 ], [ -61.361713755868692, -12.355281839169585 ], [ -61.361963755346792, -12.355281839169585 ], [ -61.361963755346792, -12.355031839900535 ], [ -61.361713755868692, -12.355031839900535 ] ] ] } },
{ "type": "Feature", "properties": { "DN": 1 }, "geometry": { "type": "Polygon", "coordinates": [ [ [ -61.361963755346792, -12.354531841362434 ], [ -61.361963755346792, -12.354781840631484 ], [ -61.3622137548249, -12.354781840631484 ], [ -61.3622137548249, -12.354531841362434 ], [ -61.361963755346792, -12.354531841362434 ] ] ] } },
{ "type": "Feature", "properties": { "DN": 1 }, "geometry": { "type": "Polygon", "coordinates": [ [ [ -61.365713747518349, -12.354281842093382 ], [ -61.365713747518349, -12.354531841362434 ], [ -61.365963746996457, -12.354531841362434 ], [ -61.365963746996457, -12.354281842093382 ], [ -61.365713747518349, -12.354281842093382 ] ] ] } },
{ "type": "Feature", "properties": { "DN": 1 }, "geometry": { "type": "Polygon", "coordinates": [ [ [ -61.361713755868692, -12.354281842093382 ], [ -61.361713755868692, -12.354531841362434 ], [ -61.361963755346792, -12.354531841362434 ], [ -61.361963755346792, -12.354281842093382 ], [ -61.361713755868692, -12.354281842093382 ] ] ] } },
{ "type": "Feature", "properties": { "DN": 1 }, "geometry": { "type": "Polygon", "coordinates": [ [ [ -61.383213710985608, -12.35403184282433 ], [ -61.383213710985608, -12.354781840631484 ], [ -61.383713709941816, -12.354781840631484 ], [ -61.383713709941816, -12.354531841362434 ], [ -61.383463710463715, -12.354531841362434 ], [ -61.383463710463715, -12.35403184282433 ], [ -61.383213710985608, -12.35403184282433 ] ] ] } },
{ "type": "Feature", "properties": { "DN": 1 }, "geometry": { "type": "Polygon", "coordinates": [ [ [ -61.356463766828512, -12.353531844286231 ], [ -61.356463766828512, -12.35378184355528 ], [ -61.356213767350411, -12.35378184355528 ], [ -61.356213767350411, -12.354281842093382 ], [ -61.356463766828512, -12.354281842093382 ], [ -61.356463766828512, -12.354531841362434 ], [ -61.356713766306619, -12.354531841362434 ], [ -61.356713766306619, -12.35378184355528 ], [ -61.35696376578472, -12.35378184355528 ], [ -61.35696376578472, -12.353531844286231 ], [ -61.356463766828512, -12.353531844286231 ] ] ] } },
{ "type": "Feature", "properties": { "DN": 1 }, "geometry": { "type": "Polygon", "coordinates": [ [ [ -61.389713697416305, -12.35378184355528 ], [ -61.389713697416305, -12.354281842093382 ], [ -61.390213696372513, -12.354281842093382 ], [ -61.390213696372513, -12.35378184355528 ], [ -61.389713697416305, -12.35378184355528 ] ] ] } },
{ "type": "Feature", "properties": { "DN": 1 }, "geometry": { "type": "Polygon", "coordinates": [ [ [ -61.383463710463715, -12.35378184355528 ], [ -61.383463710463715, -12.35403184282433 ], [ -61.383713709941816, -12.35403184282433 ], [ -61.383713709941816, -12.35378184355528 ], [ -61.383463710463715, -12.35378184355528 ] ] ] } },
{ "type": "Feature", "properties": { "DN": 1 }, "geometry": { "type": "Polygon", "coordinates": [ [ [ -61.398213679671834, -12.352281847940976 ], [ -61.398213679671834, -12.353031845748127 ], [ -61.398713678628042, -12.353031845748127 ], [ -61.398713678628042, -12.352531847210027 ], [ -61.398463679149934, -12.352531847210027 ], [ -61.398463679149934, -12.352281847940976 ], [ -61.398213679671834, -12.352281847940976 ] ] ] } },
{ "type": "Feature", "properties": { "DN": 1 }, "geometry": { "type": "Polygon", "coordinates": [ [ [ -61.361713755868692, -12.352281847940976 ], [ -61.361713755868692, -12.352781846479077 ], [ -61.361963755346792, -12.352781846479077 ], [ -61.361963755346792, -12.352281847940976 ], [ -61.361713755868692, -12.352281847940976 ] ] ] } },
{ "type": "Feature", "properties": { "DN": 1 }, "geometry": { "type": "Polygon", "coordinates": [ [ [ -61.377963721945434, -12.352281847940976 ], [ -61.377963721945434, -12.352781846479077 ], [ -61.378213721423535, -12.352781846479077 ], [ -61.378213721423535, -12.352281847940976 ], [ -61.377963721945434, -12.352281847940976 ] ] ] } },
{ "type": "Feature", "properties": { "DN": 1 }, "geometry": { "type": "Polygon", "coordinates": [ [ [ -61.391963692719244, -12.350781852326671 ], [ -61.391963692719244, -12.351031851595721 ], [ -61.392213692197345, -12.351031851595721 ], [ -61.392213692197345, -12.350781852326671 ], [ -61.391963692719244, -12.350781852326671 ] ] ] } },
{ "type": "Feature", "properties": { "DN": 1 }, "geometry": { "type": "Polygon", "coordinates": [ [ [ -61.3827137120294, -12.350781852326671 ], [ -61.3827137120294, -12.351031851595721 ], [ -61.382963711507507, -12.351031851595721 ], [ -61.382963711507507, -12.350781852326671 ], [ -61.3827137120294, -12.350781852326671 ] ] ] } },
{ "type": "Feature", "properties": { "DN": 1 }, "geometry": { "type": "Polygon", "coordinates": [ [ [ -61.45321356485465, -12.364531812124467 ], [ -61.45321356485465, -12.364781811393517 ], [ -61.453463564332758, -12.364781811393517 ], [ -61.453463564332758, -12.364531812124467 ], [ -61.45321356485465, -12.364531812124467 ] ] ] } },
{ "type": "Feature", "properties": { "DN": 1 }, "geometry": { "type": "Polygon", "coordinates": [ [ [ -61.46471354084742, -12.364031813586365 ], [ -61.46471354084742, -12.364281812855417 ], [ -61.465463539281735, -12.364281812855417 ], [ -61.465463539281735, -12.364031813586365 ], [ -61.46471354084742, -12.364031813586365 ] ] ] } },
{ "type": "Feature", "properties": { "DN": 1 }, "geometry": { "type": "Polygon", "coordinates": [ [ [ -61.453963563288966, -12.363781814317313 ], [ -61.453963563288966, -12.364031813586365 ], [ -61.453713563810858, -12.364031813586365 ], [ -61.453713563810858, -12.364281812855417 ], [ -61.454213562767066, -12.364281812855417 ], [ -61.454213562767066, -12.364031813586365 ], [ -61.454463562245166, -12.364031813586365 ], [ -61.454463562245166, -12.363781814317313 ], [ -61.453963563288966, -12.363781814317313 ] ] ] } },
{ "type": "Feature", "properties": { "DN": 1 }, "geometry": { "type": "Polygon", "coordinates": [ [ [ -61.424713624350829, -12.363531815048264 ], [ -61.424713624350829, -12.363781814317313 ], [ -61.42496362382893, -12.363781814317313 ], [ -61.42496362382893, -12.363531815048264 ], [ -61.424713624350829, -12.363531815048264 ] ] ] } },
{ "type": "Feature", "properties": { "DN": 1 }, "geometry": { "type": "Polygon", "coordinates": [ [ [ -61.443963584164813, -12.363281815779212 ], [ -61.443963584164813, -12.363531815048264 ], [ -61.444463583121021, -12.363531815048264 ], [ -61.444463583121021, -12.363281815779212 ], [ -61.443963584164813, -12.363281815779212 ] ] ] } },
{ "type": "Feature", "properties": { "DN": 1 }, "geometry": { "type": "Polygon", "coordinates": [ [ [ -61.444713582599121, -12.363031816510162 ], [ -61.444713582599121, -12.363281815779212 ], [ -61.445213581555329, -12.363281815779212 ], [ -61.445213581555329, -12.363031816510162 ], [ -61.444713582599121, -12.363031816510162 ] ] ] } },
{ "type": "Feature", "properties": { "DN": 1 }, "geometry": { "type": "Polygon", "coordinates": [ [ [ -61.446713578423953, -12.362281818703009 ], [ -61.446713578423953, -12.36278181724111 ], [ -61.445713580511537, -12.36278181724111 ], [ -61.445713580511537, -12.363031816510162 ], [ -61.446213579467745, -12.363031816510162 ], [ -61.446213579467745, -12.363281815779212 ], [ -61.446713578423953, -12.363281815779212 ], [ -61.446713578423953, -12.363031816510162 ], [ -61.446963577902061, -12.363031816510162 ], [ -61.446963577902061, -12.362281818703009 ], [ -61.446713578423953, -12.362281818703009 ] ] ] } },
{ "type": "Feature", "properties": { "DN": 1 }, "geometry": { "type": "Polygon", "coordinates": [ [ [ -61.468463533018976, -12.361781820164907 ], [ -61.468463533018976, -12.362031819433959 ], [ -61.468713532497084, -12.362031819433959 ], [ -61.468713532497084, -12.361781820164907 ], [ -61.468463533018976, -12.361781820164907 ] ] ] } },
{ "type": "Feature", "properties": { "DN": 1 }, "geometry": { "type": "Polygon", "coordinates": [ [ [ -61.435213602431183, -12.360531823819652 ], [ -61.435213602431183, -12.360781823088704 ], [ -61.435463601909291, -12.360781823088704 ], [ -61.435463601909291, -12.360531823819652 ], [ -61.435213602431183, -12.360531823819652 ] ] ] } },
{ "type": "Feature", "properties": { "DN": 1 }, "geometry": { "type": "Polygon", "coordinates": [ [ [ -61.464213541891212, -12.360531823819652 ], [ -61.464213541891212, -12.360781823088704 ], [ -61.464463541369319, -12.360781823088704 ], [ -61.464463541369319, -12.360531823819652 ], [ -61.464213541891212, -12.360531823819652 ] ] ] } },
{ "type": "Feature", "properties": { "DN": 1 }, "geometry": { "type": "Polygon", "coordinates": [ [ [ -61.4159636426172, -12.359031828205348 ], [ -61.4159636426172, -12.359281827474399 ], [ -61.4162136420953, -12.359281827474399 ], [ -61.4162136420953, -12.359031828205348 ], [ -61.4159636426172, -12.359031828205348 ] ] ] } },
{ "type": "Feature", "properties": { "DN": 1 }, "geometry": { "type": "Polygon", "coordinates": [ [ [ -61.46721353562846, -12.358781828936298 ], [ -61.46721353562846, -12.359281827474399 ], [ -61.467963534062768, -12.359281827474399 ], [ -61.467963534062768, -12.358781828936298 ], [ -61.46721353562846, -12.358781828936298 ] ] ] } },
{ "type": "Feature", "properties": { "DN": 1 }, "geometry": { "type": "Polygon", "coordinates": [ [ [ -61.451463568507926, -12.358781828936298 ], [ -61.451463568507926, -12.359281827474399 ], [ -61.451713567986026, -12.359281827474399 ], [ -61.451713567986026, -12.358781828936298 ], [ -61.451463568507926, -12.358781828936298 ] ] ] } },
{ "type": "Feature", "properties": { "DN": 1 }, "geometry": { "type": "Polygon", "coordinates": [ [ [ -61.466963536150352, -12.358531829667246 ], [ -61.466963536150352, -12.358781828936298 ], [ -61.46721353562846, -12.358781828936298 ], [ -61.46721353562846, -12.358531829667246 ], [ -61.466963536150352, -12.358531829667246 ] ] ] } },
{ "type": "Feature", "properties": { "DN": 1 }, "geometry": { "type": "Polygon", "coordinates": [ [ [ -61.469213531453292, -12.358531829667246 ], [ -61.469213531453292, -12.358781828936298 ], [ -61.469463530931392, -12.358781828936298 ], [ -61.469463530931392, -12.358531829667246 ], [ -61.469213531453292, -12.358531829667246 ] ] ] } },
{ "type": "Feature", "properties": { "DN": 1 }, "geometry": { "type": "Polygon", "coordinates": [ [ [ -61.466713536672252, -12.358281830398196 ], [ -61.466713536672252, -12.358531829667246 ], [ -61.466963536150352, -12.358531829667246 ], [ -61.466963536150352, -12.358281830398196 ], [ -61.466713536672252, -12.358281830398196 ] ] ] } },
{ "type": "Feature", "properties": { "DN": 1 }, "geometry": { "type": "Polygon", "coordinates": [ [ [ -61.468713532497084, -12.357031834052941 ], [ -61.468713532497084, -12.357281833321991 ], [ -61.468463533018976, -12.357281833321991 ], [ -61.468463533018976, -12.358031831129145 ], [ -61.468713532497084, -12.358031831129145 ], [ -61.468713532497084, -12.358281830398196 ], [ -61.468963531975184, -12.358281830398196 ], [ -61.468963531975184, -12.358531829667246 ], [ -61.469213531453292, -12.358531829667246 ], [ -61.469213531453292, -12.357031834052941 ], [ -61.468713532497084, -12.357031834052941 ] ] ] } },
{ "type": "Feature", "properties": { "DN": 1 }, "geometry": { "type": "Polygon", "coordinates": [ [ [ -61.45296356537655, -12.355531838438637 ], [ -61.45296356537655, -12.355781837707687 ], [ -61.45321356485465, -12.355781837707687 ], [ -61.45321356485465, -12.355531838438637 ], [ -61.45296356537655, -12.355531838438637 ] ] ] } },
{ "type": "Feature", "properties": { "DN": 1 }, "geometry": { "type": "Polygon", "coordinates": [ [ [ -61.419713634788749, -12.349031857443315 ], [ -61.419713634788749, -12.349281856712366 ], [ -61.419463635310649, -12.349281856712366 ], [ -61.419463635310649, -12.350531853057619 ], [ -61.420463633223065, -12.350531853057619 ], [ -61.420463633223065, -12.349281856712366 ], [ -61.420213633744957, -12.349281856712366 ], [ -61.420213633744957, -12.349031857443315 ], [ -61.419713634788749, -12.349031857443315 ] ] ] } },
{ "type": "Feature", "properties": { "DN": 1 }, "geometry": { "type": "Polygon", "coordinates": [ [ [ -61.470213529365701, -12.348781858174263 ], [ -61.470213529365701, -12.349031857443315 ], [ -61.470463528843808, -12.349031857443315 ], [ -61.470463528843808, -12.348781858174263 ], [ -61.470213529365701, -12.348781858174263 ] ] ] } },
{ "type": "Feature", "properties": { "DN": 1 }, "geometry": { "type": "Polygon", "coordinates": [ [ [ -61.468463533018976, -12.345781866945654 ], [ -61.468463533018976, -12.346281865483755 ], [ -61.468713532497084, -12.346281865483755 ], [ -61.468713532497084, -12.345781866945654 ], [ -61.468463533018976, -12.345781866945654 ] ] ] } },
{ "type": "Feature", "properties": { "DN": 1 }, "geometry": { "type": "Polygon", "coordinates": [ [ [ -61.469463530931392, -12.343281874255146 ], [ -61.469463530931392, -12.343781872793247 ], [ -61.469713530409493, -12.343781872793247 ], [ -61.469713530409493, -12.34478186986945 ], [ -61.469463530931392, -12.34478186986945 ], [ -61.469463530931392, -12.344531870600399 ], [ -61.469213531453292, -12.344531870600399 ], [ -61.469213531453292, -12.345281868407552 ], [ -61.469713530409493, -12.345281868407552 ], [ -61.469713530409493, -12.345531867676602 ], [ -61.468713532497084, -12.345531867676602 ], [ -61.468713532497084, -12.345781866945654 ], [ -61.470463528843808, -12.345781866945654 ], [ -61.470463528843808, -12.343531873524196 ], [ -61.470213529365701, -12.343531873524196 ], [ -61.470213529365701, -12.343281874255146 ], [ -61.469463530931392, -12.343281874255146 ] ], [ [ -61.470213529365701, -12.345281868407552 ], [ -61.4699635298876, -12.345281868407552 ], [ -61.4699635298876, -12.34478186986945 ], [ -61.470213529365701, -12.34478186986945 ], [ -61.470213529365701, -12.345281868407552 ] ] ] } },
{ "type": "Feature", "properties": { "DN": 1 }, "geometry": { "type": "Polygon", "coordinates": [ [ [ -61.46471354084742, -12.344031872062297 ], [ -61.46471354084742, -12.344281871331349 ], [ -61.463963542413111, -12.344281871331349 ], [ -61.463963542413111, -12.34478186986945 ], [ -61.46471354084742, -12.34478186986945 ], [ -61.46471354084742, -12.344531870600399 ], [ -61.465713538759836, -12.344531870600399 ], [ -61.465713538759836, -12.344031872062297 ], [ -61.46471354084742, -12.344031872062297 ] ] ] } },
{ "type": "Feature", "properties": { "DN": 1 }, "geometry": { "type": "Polygon", "coordinates": [ [ [ -61.468463533018976, -12.343781872793247 ], [ -61.468463533018976, -12.344531870600399 ], [ -61.468713532497084, -12.344531870600399 ], [ -61.468713532497084, -12.344031872062297 ], [ -61.468963531975184, -12.344031872062297 ], [ -61.468963531975184, -12.343781872793247 ], [ -61.468463533018976, -12.343781872793247 ] ] ] } },
{ "type": "Feature", "properties": { "DN": 1 }, "geometry": { "type": "Polygon", "coordinates": [ [ [ -61.466963536150352, -12.343031874986094 ], [ -61.466963536150352, -12.343531873524196 ], [ -61.46721353562846, -12.343531873524196 ], [ -61.46721353562846, -12.343281874255146 ], [ -61.467713534584668, -12.343281874255146 ], [ -61.467713534584668, -12.343031874986094 ], [ -61.466963536150352, -12.343031874986094 ] ] ] } },
{ "type": "Feature", "properties": { "DN": 1 }, "geometry": { "type": "Polygon", "coordinates": [ [ [ -61.46471354084742, -12.341531879371789 ], [ -61.46471354084742, -12.343281874255146 ], [ -61.465213539803628, -12.343281874255146 ], [ -61.465213539803628, -12.343531873524196 ], [ -61.465713538759836, -12.343531873524196 ], [ -61.465713538759836, -12.343781872793247 ], [ -61.466213537716044, -12.343781872793247 ], [ -61.466213537716044, -12.344281871331349 ], [ -61.466463537194144, -12.344281871331349 ], [ -61.466463537194144, -12.344531870600399 ], [ -61.466713536672252, -12.344531870600399 ], [ -61.466713536672252, -12.34478186986945 ], [ -61.466963536150352, -12.34478186986945 ], [ -61.466963536150352, -12.344281871331349 ], [ -61.46721353562846, -12.344281871331349 ], [ -61.46721353562846, -12.343781872793247 ], [ -61.466963536150352, -12.343781872793247 ], [ -61.466963536150352, -12.343531873524196 ], [ -61.466713536672252, -12.343531873524196 ], [ -61.466713536672252, -12.343281874255146 ], [ -61.466463537194144, -12.343281874255146 ], [ -61.466463537194144, -12.343031874986094 ], [ -61.466213537716044, -12.343031874986094 ], [ -61.466213537716044, -12.342281877178941 ], [ -61.465963538237943, -12.342281877178941 ], [ -61.465963538237943, -12.342031877909891 ], [ -61.465463539281735, -12.342031877909891 ], [ -61.465463539281735, -12.341781878640841 ], [ -61.465213539803628, -12.341781878640841 ], [ -61.465213539803628, -12.341531879371789 ], [ -61.46471354084742, -12.341531879371789 ] ], [ [ -61.465463539281735, -12.342781875717044 ], [ -61.465213539803628, -12.342781875717044 ], [ -61.465213539803628, -12.342281877178941 ], [ -61.465463539281735, -12.342281877178941 ], [ -61.465463539281735, -12.342781875717044 ] ] ] } },
{ "type": "Feature", "properties": { "DN": 1 }, "geometry": { "type": "Polygon", "coordinates": [ [ [ -61.463963542413111, -12.342781875717044 ], [ -61.463963542413111, -12.343281874255146 ], [ -61.464463541369319, -12.343281874255146 ], [ -61.464463541369319, -12.342781875717044 ], [ -61.463963542413111, -12.342781875717044 ] ] ] } },
{ "type": "Feature", "properties": { "DN": 1 }, "geometry": { "type": "Polygon", "coordinates": [ [ [ -61.459713551285347, -12.341031880833688 ], [ -61.459713551285347, -12.341781878640841 ], [ -61.460213550241555, -12.341781878640841 ], [ -61.460213550241555, -12.342031877909891 ], [ -61.459713551285347, -12.342031877909891 ], [ -61.459713551285347, -12.342281877178941 ], [ -61.460463549719663, -12.342281877178941 ], [ -61.460463549719663, -12.341781878640841 ], [ -61.460713549197763, -12.341781878640841 ], [ -61.460713549197763, -12.341531879371789 ], [ -61.460463549719663, -12.341531879371789 ], [ -61.460463549719663, -12.341031880833688 ], [ -61.459713551285347, -12.341031880833688 ] ] ] } },
{ "type": "Feature", "properties": { "DN": 1 }, "geometry": { "type": "Polygon", "coordinates": [ [ [ -61.460713549197763, -12.341031880833688 ], [ -61.460713549197763, -12.341281880102738 ], [ -61.460963548675863, -12.341281880102738 ], [ -61.460963548675863, -12.341031880833688 ], [ -61.460713549197763, -12.341031880833688 ] ] ] } },
{ "type": "Feature", "properties": { "DN": 1 }, "geometry": { "type": "Polygon", "coordinates": [ [ [ -61.470213529365701, -12.339281885950331 ], [ -61.470213529365701, -12.339531885219383 ], [ -61.470463528843808, -12.339531885219383 ], [ -61.470463528843808, -12.339281885950331 ], [ -61.470213529365701, -12.339281885950331 ] ] ] } },
{ "type": "Feature", "properties": { "DN": 1 }, "geometry": { "type": "Polygon", "coordinates": [ [ [ -61.466963536150352, -12.337031892528874 ], [ -61.466963536150352, -12.337281891797925 ], [ -61.467713534584668, -12.337281891797925 ], [ -61.467713534584668, -12.337031892528874 ], [ -61.466963536150352, -12.337031892528874 ] ] ] } },
{ "type": "Feature", "properties": { "DN": 1 }, "geometry": { "type": "Polygon", "coordinates": [ [ [ -61.466713536672252, -12.336781893259824 ], [ -61.466713536672252, -12.337031892528874 ], [ -61.466963536150352, -12.337031892528874 ], [ -61.466963536150352, -12.336781893259824 ], [ -61.466713536672252, -12.336781893259824 ] ] ] } },
{ "type": "Feature", "properties": { "DN": 1 }, "geometry": { "type": "Polygon", "coordinates": [ [ [ -61.467963534062768, -12.332031907147858 ], [ -61.467963534062768, -12.332281906416908 ], [ -61.468213533540876, -12.332281906416908 ], [ -61.468213533540876, -12.332781904955009 ], [ -61.467713534584668, -12.332781904955009 ], [ -61.467713534584668, -12.333031904224061 ], [ -61.466963536150352, -12.333031904224061 ], [ -61.466963536150352, -12.333281903493113 ], [ -61.466713536672252, -12.333281903493113 ], [ -61.466713536672252, -12.333531902762163 ], [ -61.467713534584668, -12.333531902762163 ], [ -61.467713534584668, -12.334031901300264 ], [ -61.468213533540876, -12.334031901300264 ], [ -61.468213533540876, -12.334281900569316 ], [ -61.468713532497084, -12.334281900569316 ], [ -61.468713532497084, -12.334781899107417 ], [ -61.468463533018976, -12.334781899107417 ], [ -61.468463533018976, -12.335281897645519 ], [ -61.468213533540876, -12.335281897645519 ], [ -61.468213533540876, -12.335781896183621 ], [ -61.468963531975184, -12.335781896183621 ], [ -61.468963531975184, -12.336281894721722 ], [ -61.469213531453292, -12.336281894721722 ], [ -61.469213531453292, -12.337031892528874 ], [ -61.468963531975184, -12.337031892528874 ], [ -61.468963531975184, -12.336781893259824 ], [ -61.468463533018976, -12.336781893259824 ], [ -61.468463533018976, -12.337031892528874 ], [ -61.468213533540876, -12.337031892528874 ], [ -61.468213533540876, -12.337781890336027 ], [ -61.468713532497084, -12.337781890336027 ], [ -61.468713532497084, -12.338031889605077 ], [ -61.468963531975184, -12.338031889605077 ], [ -61.468963531975184, -12.33853188814318 ], [ -61.468463533018976, -12.33853188814318 ], [ -61.468463533018976, -12.33878188741223 ], [ -61.468213533540876, -12.33878188741223 ], [ -61.468213533540876, -12.339031886681282 ], [ -61.468963531975184, -12.339031886681282 ], [ -61.468963531975184, -12.33878188741223 ], [ -61.469213531453292, -12.33878188741223 ], [ -61.469213531453292, -12.33853188814318 ], [ -61.469713530409493, -12.33853188814318 ], [ -61.469713530409493, -12.338281888874128 ], [ -61.470463528843808, -12.338281888874128 ], [ -61.470463528843808, -12.337281891797925 ], [ -61.470213529365701, -12.337281891797925 ], [ -61.470213529365701, -12.337031892528874 ], [ -61.469713530409493, -12.337031892528874 ], [ -61.469713530409493, -12.336281894721722 ], [ -61.470213529365701, -12.336281894721722 ], [ -61.470213529365701, -12.33603189545267 ], [ -61.469213531453292, -12.33603189545267 ], [ -61.469213531453292, -12.335281897645519 ], [ -61.469463530931392, -12.335281897645519 ], [ -61.469463530931392, -12.334781899107417 ], [ -61.469213531453292, -12.334781899107417 ], [ -61.469213531453292, -12.334281900569316 ], [ -61.469463530931392, -12.334281900569316 ], [ -61.469463530931392, -12.333781902031212 ], [ -61.469213531453292, -12.333781902031212 ], [ -61.469213531453292, -12.332781904955009 ], [ -61.468963531975184, -12.332781904955009 ], [ -61.468963531975184, -12.332281906416908 ], [ -61.468463533018976, -12.332281906416908 ], [ -61.468463533018976, -12.332031907147858 ], [ -61.467963534062768, -12.332031907147858 ] ], [ [ -61.468463533018976, -12.333531902762163 ], [ -61.468713532497084, -12.333531902762163 ], [ -61.468713532497084, -12.333781902031212 ], [ -61.467963534062768, -12.333781902031212 ], [ -61.467963534062768, -12.333281903493113 ], [ -61.468463533018976, -12.333281903493113 ], [ -61.468463533018976, -12.333531902762163 ] ], [ [ -61.469713530409493, -12.337781890336027 ], [ -61.469213531453292, -12.337781890336027 ], [ -61.469213531453292, -12.337531891066977 ], [ -61.469713530409493, -12.337531891066977 ], [ -61.469713530409493, -12.337781890336027 ] ] ] } },
{ "type": "Feature", "properties": { "DN": 1 }, "geometry": { "type": "Polygon", "coordinates": [ [ [ -61.466463537194144, -12.333531902762163 ], [ -61.466463537194144, -12.333781902031212 ], [ -61.466713536672252, -12.333781902031212 ], [ -61.466713536672252, -12.333531902762163 ], [ -61.466463537194144, -12.333531902762163 ] ] ] } },
{ "type": "Feature", "properties": { "DN": 1 }, "geometry": { "type": "Polygon", "coordinates": [ [ [ -61.470213529365701, -12.330781910802603 ], [ -61.470213529365701, -12.331031910071655 ], [ -61.469463530931392, -12.331031910071655 ], [ -61.469463530931392, -12.331531908609756 ], [ -61.470213529365701, -12.331531908609756 ], [ -61.470213529365701, -12.332031907147858 ], [ -61.470463528843808, -12.332031907147858 ], [ -61.470463528843808, -12.330781910802603 ], [ -61.470213529365701, -12.330781910802603 ] ] ] } },
{ "type": "Feature", "properties": { "DN": 1 }, "geometry": { "type": "Polygon", "coordinates": [ [ [ -61.446213579467745, -12.329531914457348 ], [ -61.446213579467745, -12.330031912995452 ], [ -61.446463578945853, -12.330031912995452 ], [ -61.446463578945853, -12.3297819137264 ], [ -61.446713578423953, -12.3297819137264 ], [ -61.446713578423953, -12.329531914457348 ], [ -61.446213579467745, -12.329531914457348 ] ] ] } },
{ "type": "Feature", "properties": { "DN": 1 }, "geometry": { "type": "Polygon", "coordinates": [ [ [ -61.460213550241555, -12.328531917381145 ], [ -61.460213550241555, -12.328781916650197 ], [ -61.460463549719663, -12.328781916650197 ], [ -61.460463549719663, -12.328531917381145 ], [ -61.460213550241555, -12.328531917381145 ] ] ] } },
{ "type": "Feature", "properties": { "DN": 1 }, "geometry": { "type": "Polygon", "coordinates": [ [ [ -61.460463549719663, -12.328281918112095 ], [ -61.460463549719663, -12.328531917381145 ], [ -61.460713549197763, -12.328531917381145 ], [ -61.460713549197763, -12.328281918112095 ], [ -61.460463549719663, -12.328281918112095 ] ] ] } },
{ "type": "Feature", "properties": { "DN": 1 }, "geometry": { "type": "Polygon", "coordinates": [ [ [ -61.444463583121021, -12.328281918112095 ], [ -61.444463583121021, -12.328531917381145 ], [ -61.444713582599121, -12.328531917381145 ], [ -61.444713582599121, -12.328281918112095 ], [ -61.444463583121021, -12.328281918112095 ] ] ] } },
{ "type": "Feature", "properties": { "DN": 1 }, "geometry": { "type": "Polygon", "coordinates": [ [ [ -61.468213533540876, -12.328031918843044 ], [ -61.468213533540876, -12.328281918112095 ], [ -61.468463533018976, -12.328281918112095 ], [ -61.468463533018976, -12.328031918843044 ], [ -61.468213533540876, -12.328031918843044 ] ] ] } },
{ "type": "Feature", "properties": { "DN": 1 }, "geometry": { "type": "Polygon", "coordinates": [ [ [ -61.370213738124221, -12.32078194004057 ], [ -61.370213738124221, -12.32103193930962 ], [ -61.370463737602321, -12.32103193930962 ], [ -61.370463737602321, -12.32078194004057 ], [ -61.370213738124221, -12.32078194004057 ] ] ] } },
{ "type": "Feature", "properties": { "DN": 1 }, "geometry": { "type": "Polygon", "coordinates": [ [ [ -61.409713655664603, -12.320531940771518 ], [ -61.409713655664603, -12.32078194004057 ], [ -61.410213654620811, -12.32078194004057 ], [ -61.410213654620811, -12.320531940771518 ], [ -61.409713655664603, -12.320531940771518 ] ] ] } },
{ "type": "Feature", "properties": { "DN": 1 }, "geometry": { "type": "Polygon", "coordinates": [ [ [ -61.364713749605933, -12.319031945157214 ], [ -61.364713749605933, -12.319281944426265 ], [ -61.364463750127832, -12.319281944426265 ], [ -61.364463750127832, -12.319531943695315 ], [ -61.364713749605933, -12.319531943695315 ], [ -61.364713749605933, -12.319781942964367 ], [ -61.365463748040249, -12.319781942964367 ], [ -61.365463748040249, -12.320031942233417 ], [ -61.365713747518349, -12.320031942233417 ], [ -61.365713747518349, -12.32078194004057 ], [ -61.365463748040249, -12.32078194004057 ], [ -61.365463748040249, -12.321281938578672 ], [ -61.365213748562141, -12.321281938578672 ], [ -61.365213748562141, -12.321531937847723 ], [ -61.364963749084041, -12.321531937847723 ], [ -61.364963749084041, -12.321781937116773 ], [ -61.365463748040249, -12.321781937116773 ], [ -61.365463748040249, -12.321531937847723 ], [ -61.365713747518349, -12.321531937847723 ], [ -61.365713747518349, -12.321281938578672 ], [ -61.365963746996457, -12.321281938578672 ], [ -61.365963746996457, -12.32103193930962 ], [ -61.366213746474557, -12.32103193930962 ], [ -61.366213746474557, -12.320531940771518 ], [ -61.365963746996457, -12.320531940771518 ], [ -61.365963746996457, -12.319531943695315 ], [ -61.365463748040249, -12.319531943695315 ], [ -61.365463748040249, -12.319031945157214 ], [ -61.364713749605933, -12.319031945157214 ] ] ] } },
{ "type": "Feature", "properties": { "DN": 1 }, "geometry": { "type": "Polygon", "coordinates": [ [ [ -61.374963728208186, -12.319781942964367 ], [ -61.374963728208186, -12.320281941502468 ], [ -61.375213727686294, -12.320281941502468 ], [ -61.375213727686294, -12.319781942964367 ], [ -61.374963728208186, -12.319781942964367 ] ] ] } },
{ "type": "Feature", "properties": { "DN": 1 }, "geometry": { "type": "Polygon", "coordinates": [ [ [ -61.372713732905254, -12.319531943695315 ], [ -61.372713732905254, -12.319781942964367 ], [ -61.372963732383354, -12.319781942964367 ], [ -61.372963732383354, -12.319531943695315 ], [ -61.372713732905254, -12.319531943695315 ] ] ] } },
{ "type": "Feature", "properties": { "DN": 1 }, "geometry": { "type": "Polygon", "coordinates": [ [ [ -61.362963753259208, -12.319531943695315 ], [ -61.362963753259208, -12.319781942964367 ], [ -61.363213752737316, -12.319781942964367 ], [ -61.363213752737316, -12.319531943695315 ], [ -61.362963753259208, -12.319531943695315 ] ] ] } },
{ "type": "Feature", "properties": { "DN": 1 }, "geometry": { "type": "Polygon", "coordinates": [ [ [ -61.362463754303, -12.319281944426265 ], [ -61.362463754303, -12.319531943695315 ], [ -61.362713753781108, -12.319531943695315 ], [ -61.362713753781108, -12.319281944426265 ], [ -61.362463754303, -12.319281944426265 ] ] ] } },
{ "type": "Feature", "properties": { "DN": 1 }, "geometry": { "type": "Polygon", "coordinates": [ [ [ -61.400213675496666, -12.320281941502468 ], [ -61.399713676540458, -12.320281941502468 ], [ -61.399713676540458, -12.320531940771518 ], [ -61.400463674974766, -12.320531940771518 ], [ -61.400463674974766, -12.32078194004057 ], [ -61.400713674452874, -12.32078194004057 ], [ -61.400713674452874, -12.320531940771518 ], [ -61.400963673930974, -12.320531940771518 ], [ -61.400963673930974, -12.320281941502468 ], [ -61.401213673409075, -12.320281941502468 ], [ -61.401213673409075, -12.319531943695315 ], [ -61.401463672887182, -12.319531943695315 ], [ -61.401463672887182, -12.319031945157214 ], [ -61.401713672365283, -12.319031945157214 ], [ -61.401713672365283, -12.319281944426265 ], [ -61.40196367184339, -12.319281944426265 ], [ -61.40196367184339, -12.319031945157214 ], [ -61.402213671321491, -12.319031945157214 ], [ -61.402213671321491, -12.318031948081011 ], [ -61.40196367184339, -12.318031948081011 ], [ -61.40196367184339, -12.318531946619112 ], [ -61.401713672365283, -12.318531946619112 ], [ -61.401713672365283, -12.318031948081011 ], [ -61.401463672887182, -12.318031948081011 ], [ -61.401463672887182, -12.317781948811959 ], [ -61.400713674452874, -12.317781948811959 ], [ -61.400713674452874, -12.318031948081011 ], [ -61.400463674974766, -12.318031948081011 ], [ -61.400463674974766, -12.318281947350062 ], [ -61.399713676540458, -12.318281947350062 ], [ -61.399713676540458, -12.318531946619112 ], [ -61.39946367706235, -12.318531946619112 ], [ -61.39946367706235, -12.319531943695315 ], [ -61.39921367758425, -12.319531943695315 ], [ -61.39921367758425, -12.319781942964367 ], [ -61.398963678106142, -12.319781942964367 ], [ -61.398963678106142, -12.320281941502468 ], [ -61.39946367706235, -12.320281941502468 ], [ -61.39946367706235, -12.319781942964367 ], [ -61.400213675496666, -12.319781942964367 ], [ -61.400213675496666, -12.320281941502468 ] ], [ [ -61.400213675496666, -12.319531943695315 ], [ -61.400463674974766, -12.319531943695315 ], [ -61.400463674974766, -12.319281944426265 ], [ -61.400713674452874, -12.319281944426265 ], [ -61.400713674452874, -12.319781942964367 ], [ -61.400213675496666, -12.319781942964367 ], [ -61.400213675496666, -12.319531943695315 ] ] ] } },
{ "type": "Feature", "properties": { "DN": 1 }, "geometry": { "type": "Polygon", "coordinates": [ [ [ -61.363463752215416, -12.319031945157214 ], [ -61.363463752215416, -12.319531943695315 ], [ -61.363963751171624, -12.319531943695315 ], [ -61.363963751171624, -12.319281944426265 ], [ -61.364213750649725, -12.319281944426265 ], [ -61.364213750649725, -12.319031945157214 ], [ -61.363463752215416, -12.319031945157214 ] ] ] } },
{ "type": "Feature", "properties": { "DN": 1 }, "geometry": { "type": "Polygon", "coordinates": [ [ [ -61.38796370106958, -12.319031945157214 ], [ -61.38796370106958, -12.319531943695315 ], [ -61.388213700547688, -12.319531943695315 ], [ -61.388213700547688, -12.319031945157214 ], [ -61.38796370106958, -12.319031945157214 ] ] ] } },
{ "type": "Feature", "properties": { "DN": 1 }, "geometry": { "type": "Polygon", "coordinates": [ [ [ -61.468463533018976, -12.325281926883484 ], [ -61.468463533018976, -12.325531926152536 ], [ -61.468713532497084, -12.325531926152536 ], [ -61.468713532497084, -12.325281926883484 ], [ -61.468463533018976, -12.325281926883484 ] ] ] } },
{ "type": "Feature", "properties": { "DN": 1 }, "geometry": { "type": "Polygon", "coordinates": [ [ [ -61.469213531453292, -12.324281929807281 ], [ -61.469213531453292, -12.324531929076333 ], [ -61.468713532497084, -12.324531929076333 ], [ -61.468713532497084, -12.325281926883484 ], [ -61.469213531453292, -12.325281926883484 ], [ -61.469213531453292, -12.324781928345384 ], [ -61.469463530931392, -12.324781928345384 ], [ -61.469463530931392, -12.324281929807281 ], [ -61.469213531453292, -12.324281929807281 ] ] ] } },
{ "type": "Feature", "properties": { "DN": 1 }, "geometry": { "type": "Polygon", "coordinates": [ [ [ -61.465713538759836, -12.319781942964367 ], [ -61.465713538759836, -12.320531940771518 ], [ -61.465963538237943, -12.320531940771518 ], [ -61.465963538237943, -12.319781942964367 ], [ -61.465713538759836, -12.319781942964367 ] ] ] } },
{ "type": "Feature", "properties": { "DN": 1 }, "geometry": { "type": "Polygon", "coordinates": [ [ [ -61.465963538237943, -12.319531943695315 ], [ -61.465963538237943, -12.319781942964367 ], [ -61.466213537716044, -12.319781942964367 ], [ -61.466213537716044, -12.319531943695315 ], [ -61.465963538237943, -12.319531943695315 ] ] ] } },
{ "type": "Feature", "properties": { "DN": 1 }, "geometry": { "type": "Polygon", "coordinates": [ [ [ -61.45321356485465, -12.317531949542909 ], [ -61.45321356485465, -12.317781948811959 ], [ -61.45296356537655, -12.317781948811959 ], [ -61.45296356537655, -12.318281947350062 ], [ -61.452713565898442, -12.318281947350062 ], [ -61.452713565898442, -12.318531946619112 ], [ -61.452463566420342, -12.318531946619112 ], [ -61.452463566420342, -12.318781945888164 ], [ -61.452213566942234, -12.318781945888164 ], [ -61.452213566942234, -12.319031945157214 ], [ -61.452463566420342, -12.319031945157214 ], [ -61.452463566420342, -12.319531943695315 ], [ -61.452213566942234, -12.319531943695315 ], [ -61.452213566942234, -12.320031942233417 ], [ -61.453713563810858, -12.320031942233417 ], [ -61.453713563810858, -12.319781942964367 ], [ -61.453963563288966, -12.319781942964367 ], [ -61.453963563288966, -12.319531943695315 ], [ -61.453713563810858, -12.319531943695315 ], [ -61.453713563810858, -12.319281944426265 ], [ -61.453963563288966, -12.319281944426265 ], [ -61.453963563288966, -12.318781945888164 ], [ -61.454463562245166, -12.318781945888164 ], [ -61.454463562245166, -12.318531946619112 ], [ -61.453713563810858, -12.318531946619112 ], [ -61.453713563810858, -12.318781945888164 ], [ -61.453463564332758, -12.318781945888164 ], [ -61.453463564332758, -12.318531946619112 ], [ -61.45321356485465, -12.318531946619112 ], [ -61.45321356485465, -12.318031948081011 ], [ -61.453463564332758, -12.318031948081011 ], [ -61.453463564332758, -12.317781948811959 ], [ -61.453963563288966, -12.317781948811959 ], [ -61.453963563288966, -12.317531949542909 ], [ -61.45321356485465, -12.317531949542909 ] ], [ [ -61.45321356485465, -12.319031945157214 ], [ -61.453463564332758, -12.319031945157214 ], [ -61.453463564332758, -12.319531943695315 ], [ -61.452713565898442, -12.319531943695315 ], [ -61.452713565898442, -12.318781945888164 ], [ -61.45321356485465, -12.318781945888164 ], [ -61.45321356485465, -12.319031945157214 ] ] ] } },
{ "type": "Feature", "properties": { "DN": 1 }, "geometry": { "type": "Polygon", "coordinates": [ [ [ -61.453963563288966, -12.317781948811959 ], [ -61.453963563288966, -12.318031948081011 ], [ -61.454213562767066, -12.318031948081011 ], [ -61.454213562767066, -12.317781948811959 ], [ -61.453963563288966, -12.317781948811959 ] ] ] } },
{ "type": "Feature", "properties": { "DN": 1 }, "geometry": { "type": "Polygon", "coordinates": [ [ [ -61.448963573726886, -12.316531952466706 ], [ -61.448963573726886, -12.316781951735756 ], [ -61.449213573204993, -12.316781951735756 ], [ -61.449213573204993, -12.316531952466706 ], [ -61.448963573726886, -12.316531952466706 ] ] ] } },
{ "type": "Feature", "properties": { "DN": 1 }, "geometry": { "type": "Polygon", "coordinates": [ [ [ -61.470213529365701, -12.316281953197654 ], [ -61.470213529365701, -12.316531952466706 ], [ -61.469713530409493, -12.316531952466706 ], [ -61.469713530409493, -12.316781951735756 ], [ -61.470397170245015, -12.316781951735756 ], [ -61.470394061466145, -12.316281953197654 ], [ -61.470213529365701, -12.316281953197654 ] ] ] } },
{ "type": "Feature", "properties": { "DN": 1 }, "geometry": { "type": "Polygon", "coordinates": [ [ [ -61.459463551807247, -12.315781954659553 ], [ -61.459213552329139, -12.315781954659553 ], [ -61.459213552329139, -12.316281953197654 ], [ -61.459463551807247, -12.316281953197654 ], [ -61.459463551807247, -12.316531952466706 ], [ -61.460713549197763, -12.316531952466706 ], [ -61.460713549197763, -12.316781951735756 ], [ -61.460963548675863, -12.316781951735756 ], [ -61.460963548675863, -12.317031951004807 ], [ -61.461463547632071, -12.317031951004807 ], [ -61.461463547632071, -12.316781951735756 ], [ -61.462213546066387, -12.316781951735756 ], [ -61.462213546066387, -12.316531952466706 ], [ -61.462463545544487, -12.316531952466706 ], [ -61.462463545544487, -12.316781951735756 ], [ -61.462713545022595, -12.316781951735756 ], [ -61.462713545022595, -12.316531952466706 ], [ -61.462963544500695, -12.316531952466706 ], [ -61.462963544500695, -12.316281953197654 ], [ -61.463213543978796, -12.316281953197654 ], [ -61.463213543978796, -12.316031953928604 ], [ -61.463463543456903, -12.316031953928604 ], [ -61.463463543456903, -12.315781954659553 ], [ -61.463213543978796, -12.315781954659553 ], [ -61.463213543978796, -12.315531955390503 ], [ -61.462963544500695, -12.315531955390503 ], [ -61.462963544500695, -12.315031956852401 ], [ -61.463213543978796, -12.315031956852401 ], [ -61.463213543978796, -12.315281956121451 ], [ -61.463713542935004, -12.315281956121451 ], [ -61.463713542935004, -12.315781954659553 ], [ -61.463963542413111, -12.315781954659553 ], [ -61.463963542413111, -12.316031953928604 ], [ -61.463713542935004, -12.316031953928604 ], [ -61.463713542935004, -12.316531952466706 ], [ -61.464213541891212, -12.316531952466706 ], [ -61.464213541891212, -12.315781954659553 ], [ -61.464463541369319, -12.315781954659553 ], [ -61.464463541369319, -12.316281953197654 ], [ -61.46471354084742, -12.316281953197654 ], [ -61.46471354084742, -12.316031953928604 ], [ -61.465463539281735, -12.316031953928604 ], [ -61.465463539281735, -12.315531955390503 ], [ -61.465213539803628, -12.315531955390503 ], [ -61.465213539803628, -12.315281956121451 ], [ -61.464463541369319, -12.315281956121451 ], [ -61.464463541369319, -12.314781957583349 ], [ -61.46471354084742, -12.314781957583349 ], [ -61.46471354084742, -12.314031959776198 ], [ -61.464463541369319, -12.314031959776198 ], [ -61.464463541369319, -12.313781960507146 ], [ -61.46471354084742, -12.313781960507146 ], [ -61.46471354084742, -12.313031962699995 ], [ -61.465713538759836, -12.313031962699995 ], [ -61.465713538759836, -12.312781963430943 ], [ -61.465963538237943, -12.312781963430943 ], [ -61.465963538237943, -12.312281964892842 ], [ -61.465463539281735, -12.312281964892842 ], [ -61.465463539281735, -12.312531964161892 ], [ -61.465213539803628, -12.312531964161892 ], [ -61.465213539803628, -12.312281964892842 ], [ -61.46471354084742, -12.312281964892842 ], [ -61.46471354084742, -12.312781963430943 ], [ -61.464463541369319, -12.312781963430943 ], [ -61.464463541369319, -12.312531964161892 ], [ -61.464213541891212, -12.312531964161892 ], [ -61.464213541891212, -12.312281964892842 ], [ -61.463713542935004, -12.312281964892842 ], [ -61.463713542935004, -12.312531964161892 ], [ -61.463213543978796, -12.312531964161892 ], [ -61.463213543978796, -12.312781963430943 ], [ -61.463463543456903, -12.312781963430943 ], [ -61.463463543456903, -12.313281961969045 ], [ -61.463213543978796, -12.313281961969045 ], [ -61.463213543978796, -12.313781960507146 ], [ -61.462963544500695, -12.313781960507146 ], [ -61.462963544500695, -12.314031959776198 ], [ -61.462213546066387, -12.314031959776198 ], [ -61.462213546066387, -12.312781963430943 ], [ -61.461713547110179, -12.312781963430943 ], [ -61.461713547110179, -12.312531964161892 ], [ -61.461463547632071, -12.312531964161892 ], [ -61.461463547632071, -12.312281964892842 ], [ -61.460713549197763, -12.312281964892842 ], [ -61.460713549197763, -12.312781963430943 ], [ -61.460963548675863, -12.312781963430943 ], [ -61.460963548675863, -12.313031962699995 ], [ -61.461213548153971, -12.313031962699995 ], [ -61.461213548153971, -12.313281961969045 ], [ -61.460963548675863, -12.313281961969045 ], [ -61.460963548675863, -12.313531961238095 ], [ -61.460213550241555, -12.313531961238095 ], [ -61.460213550241555, -12.313781960507146 ], [ -61.459963550763447, -12.313781960507146 ], [ -61.459963550763447, -12.313531961238095 ], [ -61.459713551285347, -12.313531961238095 ], [ -61.459713551285347, -12.313281961969045 ], [ -61.459213552329139, -12.313281961969045 ], [ -61.459213552329139, -12.313031962699995 ], [ -61.459463551807247, -12.313031962699995 ], [ -61.459463551807247, -12.312281964892842 ], [ -61.458963552851039, -12.312281964892842 ], [ -61.458963552851039, -12.312531964161892 ], [ -61.458713553372931, -12.312531964161892 ], [ -61.458713553372931, -12.312781963430943 ], [ -61.458213554416723, -12.312781963430943 ], [ -61.458213554416723, -12.312531964161892 ], [ -61.456713557548099, -12.312531964161892 ], [ -61.456713557548099, -12.312281964892842 ], [ -61.456571552426979, -12.312281964892842 ], [ -61.45596355911379, -12.312288934702876 ], [ -61.45596355911379, -12.312531964161892 ], [ -61.45571355963569, -12.312531964161892 ], [ -61.45571355963569, -12.313031962699995 ], [ -61.455463560157582, -12.313031962699995 ], [ -61.455463560157582, -12.313281961969045 ], [ -61.455213560679482, -12.313281961969045 ], [ -61.455213560679482, -12.314781957583349 ], [ -61.455463560157582, -12.314781957583349 ], [ -61.455463560157582, -12.315031956852401 ], [ -61.45571355963569, -12.315031956852401 ], [ -61.45571355963569, -12.315281956121451 ], [ -61.455463560157582, -12.315281956121451 ], [ -61.455463560157582, -12.315531955390503 ], [ -61.454713561723274, -12.315531955390503 ], [ -61.454713561723274, -12.315281956121451 ], [ -61.454463562245166, -12.315281956121451 ], [ -61.454463562245166, -12.314781957583349 ], [ -61.454213562767066, -12.314781957583349 ], [ -61.454213562767066, -12.314531958314298 ], [ -61.453963563288966, -12.314531958314298 ], [ -61.453963563288966, -12.315031956852401 ], [ -61.453713563810858, -12.315031956852401 ], [ -61.453713563810858, -12.315281956121451 ], [ -61.453963563288966, -12.315281956121451 ], [ -61.453963563288966, -12.315781954659553 ], [ -61.454213562767066, -12.315781954659553 ], [ -61.454213562767066, -12.316531952466706 ], [ -61.454463562245166, -12.316531952466706 ], [ -61.454463562245166, -12.316781951735756 ], [ -61.454713561723274, -12.316781951735756 ], [ -61.454713561723274, -12.317031951004807 ], [ -61.454963561201374, -12.317031951004807 ], [ -61.454963561201374, -12.317531949542909 ], [ -61.455213560679482, -12.317531949542909 ], [ -61.455213560679482, -12.317781948811959 ], [ -61.455463560157582, -12.317781948811959 ], [ -61.455463560157582, -12.318531946619112 ], [ -61.45571355963569, -12.318531946619112 ], [ -61.45571355963569, -12.318781945888164 ], [ -61.456463558069998, -12.318781945888164 ], [ -61.456463558069998, -12.318531946619112 ], [ -61.456713557548099, -12.318531946619112 ], [ -61.456713557548099, -12.318281947350062 ], [ -61.456963557026207, -12.318281947350062 ], [ -61.456963557026207, -12.318531946619112 ], [ -61.457213556504314, -12.318531946619112 ], [ -61.457213556504314, -12.318281947350062 ], [ -61.457463555982415, -12.318281947350062 ], [ -61.457463555982415, -12.318531946619112 ], [ -61.457713555460515, -12.318531946619112 ], [ -61.457713555460515, -12.318281947350062 ], [ -61.458713553372931, -12.318281947350062 ], [ -61.458713553372931, -12.318531946619112 ], [ -61.458963552851039, -12.318531946619112 ], [ -61.458963552851039, -12.318031948081011 ], [ -61.458713553372931, -12.318031948081011 ], [ -61.458713553372931, -12.317781948811959 ], [ -61.458463553894831, -12.317781948811959 ], [ -61.458463553894831, -12.317531949542909 ], [ -61.458213554416723, -12.317531949542909 ], [ -61.458213554416723, -12.317281950273859 ], [ -61.457713555460515, -12.317281950273859 ], [ -61.457713555460515, -12.316781951735756 ], [ -61.458213554416723, -12.316781951735756 ], [ -61.458213554416723, -12.316531952466706 ], [ -61.458713553372931, -12.316531952466706 ], [ -61.458713553372931, -12.316281953197654 ], [ -61.458963552851039, -12.316281953197654 ], [ -61.458963552851039, -12.315531955390503 ], [ -61.458713553372931, -12.315531955390503 ], [ -61.458713553372931, -12.316031953928604 ], [ -61.458213554416723, -12.316031953928604 ], [ -61.458213554416723, -12.315781954659553 ], [ -61.458463553894831, -12.315781954659553 ], [ -61.458463553894831, -12.315281956121451 ], [ -61.458713553372931, -12.315281956121451 ], [ -61.458713553372931, -12.314781957583349 ], [ -61.458963552851039, -12.314781957583349 ], [ -61.458963552851039, -12.314531958314298 ], [ -61.459213552329139, -12.314531958314298 ], [ -61.459213552329139, -12.314781957583349 ], [ -61.459463551807247, -12.314781957583349 ], [ -61.459463551807247, -12.315781954659553 ] ], [ [ -61.462213546066387, -12.314281959045248 ], [ -61.461963546588279, -12.314281959045248 ], [ -61.461963546588279, -12.314031959776198 ], [ -61.462213546066387, -12.314031959776198 ], [ -61.462213546066387, -12.314281959045248 ] ], [ [ -61.462463545544487, -12.314281959045248 ], [ -61.462463545544487, -12.314531958314298 ], [ -61.462213546066387, -12.314531958314298 ], [ -61.462213546066387, -12.314281959045248 ], [ -61.462463545544487, -12.314281959045248 ] ], [ [ -61.457963554938623, -12.315781954659553 ], [ -61.457963554938623, -12.315531955390503 ], [ -61.458213554416723, -12.315531955390503 ], [ -61.458213554416723, -12.315781954659553 ], [ -61.457963554938623, -12.315781954659553 ] ], [ [ -61.459463551807247, -12.314281959045248 ], [ -61.459713551285347, -12.314281959045248 ], [ -61.459713551285347, -12.314781957583349 ], [ -61.459463551807247, -12.314781957583349 ], [ -61.459463551807247, -12.314281959045248 ] ], [ [ -61.460213550241555, -12.314781957583349 ], [ -61.460213550241555, -12.315281956121451 ], [ -61.459713551285347, -12.315281956121451 ], [ -61.459713551285347, -12.314781957583349 ], [ -61.460213550241555, -12.314781957583349 ] ], [ [ -61.460463549719663, -12.315281956121451 ], [ -61.460463549719663, -12.315531955390503 ], [ -61.460213550241555, -12.315531955390503 ], [ -61.460213550241555, -12.315281956121451 ], [ -61.460463549719663, -12.315281956121451 ] ], [ [ -61.464213541891212, -12.313281961969045 ], [ -61.463963542413111, -12.313281961969045 ], [ -61.463963542413111, -12.313031962699995 ], [ -61.464213541891212, -12.313031962699995 ], [ -61.464213541891212, -12.313281961969045 ] ], [ [ -61.456463558069998, -12.313281961969045 ], [ -61.456213558591898, -12.313281961969045 ], [ -61.456213558591898, -12.313031962699995 ], [ -61.456463558069998, -12.313031962699995 ], [ -61.456463558069998, -12.313281961969045 ] ], [ [ -61.458213554416723, -12.314031959776198 ], [ -61.457963554938623, -12.314031959776198 ], [ -61.457963554938623, -12.313531961238095 ], [ -61.458213554416723, -12.313531961238095 ], [ -61.458213554416723, -12.314031959776198 ] ], [ [ -61.457213556504314, -12.313781960507146 ], [ -61.456963557026207, -12.313781960507146 ], [ -61.456963557026207, -12.313531961238095 ], [ -61.457213556504314, -12.313531961238095 ], [ -61.457213556504314, -12.313781960507146 ] ], [ [ -61.456213558591898, -12.314031959776198 ], [ -61.456463558069998, -12.314031959776198 ], [ -61.456463558069998, -12.315031956852401 ], [ -61.456713557548099, -12.315031956852401 ], [ -61.456713557548099, -12.315281956121451 ], [ -61.456963557026207, -12.315281956121451 ], [ -61.456963557026207, -12.315531955390503 ], [ -61.457213556504314, -12.315531955390503 ], [ -61.457213556504314, -12.315781954659553 ], [ -61.457463555982415, -12.315781954659553 ], [ -61.457463555982415, -12.316281953197654 ], [ -61.456963557026207, -12.316281953197654 ], [ -61.456963557026207, -12.316031953928604 ], [ -61.456713557548099, -12.316031953928604 ], [ -61.456713557548099, -12.315781954659553 ], [ -61.456463558069998, -12.315781954659553 ], [ -61.456463558069998, -12.315531955390503 ], [ -61.45596355911379, -12.315531955390503 ], [ -61.45596355911379, -12.315281956121451 ], [ -61.456213558591898, -12.315281956121451 ], [ -61.456213558591898, -12.314781957583349 ], [ -61.45596355911379, -12.314781957583349 ], [ -61.45596355911379, -12.313531961238095 ], [ -61.456213558591898, -12.313531961238095 ], [ -61.456213558591898, -12.314031959776198 ] ], [ [ -61.459213552329139, -12.314031959776198 ], [ -61.458963552851039, -12.314031959776198 ], [ -61.458963552851039, -12.313781960507146 ], [ -61.459213552329139, -12.313781960507146 ], [ -61.459213552329139, -12.314031959776198 ] ], [ [ -61.461463547632071, -12.314281959045248 ], [ -61.461213548153971, -12.314281959045248 ], [ -61.461213548153971, -12.314031959776198 ], [ -61.461463547632071, -12.314031959776198 ], [ -61.461463547632071, -12.314281959045248 ] ], [ [ -61.463963542413111, -12.314531958314298 ], [ -61.463713542935004, -12.314531958314298 ], [ -61.463713542935004, -12.314281959045248 ], [ -61.463963542413111, -12.314281959045248 ], [ -61.463963542413111, -12.314531958314298 ] ], [ [ -61.462963544500695, -12.314531958314298 ], [ -61.462713545022595, -12.314531958314298 ], [ -61.462713545022595, -12.314281959045248 ], [ -61.462963544500695, -12.314281959045248 ], [ -61.462963544500695, -12.314531958314298 ] ], [ [ -61.460963548675863, -12.314531958314298 ], [ -61.460463549719663, -12.314531958314298 ], [ -61.460463549719663, -12.314281959045248 ], [ -61.460963548675863, -12.314281959045248 ], [ -61.460963548675863, -12.314531958314298 ] ], [ [ -61.457463555982415, -12.314531958314298 ], [ -61.457713555460515, -12.314531958314298 ], [ -61.457713555460515, -12.314781957583349 ], [ -61.457213556504314, -12.314781957583349 ], [ -61.457213556504314, -12.314281959045248 ], [ -61.457463555982415, -12.314281959045248 ], [ -61.457463555982415, -12.314531958314298 ] ], [ [ -61.462213546066387, -12.315281956121451 ], [ -61.461963546588279, -12.315281956121451 ], [ -61.461963546588279, -12.314781957583349 ], [ -61.462213546066387, -12.314781957583349 ], [ -61.462213546066387, -12.315281956121451 ] ], [ [ -61.461213548153971, -12.315531955390503 ], [ -61.460963548675863, -12.315531955390503 ], [ -61.460963548675863, -12.315281956121451 ], [ -61.461213548153971, -12.315281956121451 ], [ -61.461213548153971, -12.315531955390503 ] ], [ [ -61.462463545544487, -12.315781954659553 ], [ -61.462213546066387, -12.315781954659553 ], [ -61.462213546066387, -12.315531955390503 ], [ -61.462463545544487, -12.315531955390503 ], [ -61.462463545544487, -12.315781954659553 ] ], [ [ -61.460213550241555, -12.316031953928604 ], [ -61.459963550763447, -12.316031953928604 ], [ -61.459963550763447, -12.315781954659553 ], [ -61.460213550241555, -12.315781954659553 ], [ -61.460213550241555, -12.316031953928604 ] ], [ [ -61.45571355963569, -12.316531952466706 ], [ -61.454963561201374, -12.316531952466706 ], [ -61.454963561201374, -12.316281953197654 ], [ -61.455213560679482, -12.316281953197654 ], [ -61.455213560679482, -12.316031953928604 ], [ -61.45571355963569, -12.316031953928604 ], [ -61.45571355963569, -12.316531952466706 ] ], [ [ -61.456213558591898, -12.316531952466706 ], [ -61.45596355911379, -12.316531952466706 ], [ -61.45596355911379, -12.316281953197654 ], [ -61.456213558591898, -12.316281953197654 ], [ -61.456213558591898, -12.316531952466706 ] ], [ [ -61.456963557026207, -12.317031951004807 ], [ -61.456713557548099, -12.317031951004807 ], [ -61.456713557548099, -12.316781951735756 ], [ -61.456963557026207, -12.316781951735756 ], [ -61.456963557026207, -12.317031951004807 ] ], [ [ -61.456213558591898, -12.317531949542909 ], [ -61.456463558069998, -12.317531949542909 ], [ -61.456463558069998, -12.317781948811959 ], [ -61.45596355911379, -12.317781948811959 ], [ -61.45596355911379, -12.317281950273859 ], [ -61.456213558591898, -12.317281950273859 ], [ -61.456213558591898, -12.317531949542909 ] ] ] } },
{ "type": "Feature", "properties": { "DN": 1 }, "geometry": { "type": "Polygon", "coordinates": [ [ [ -61.458963552851039, -12.315281956121451 ], [ -61.458963552851039, -12.315531955390503 ], [ -61.459213552329139, -12.315531955390503 ], [ -61.459213552329139, -12.315281956121451 ], [ -61.458963552851039, -12.315281956121451 ] ] ] } },
{ "type": "Feature", "properties": { "DN": 1 }, "geometry": { "type": "Polygon", "coordinates": [ [ [ -61.376963724033018, -12.319031945157214 ], [ -61.376963724033018, -12.319281944426265 ], [ -61.377213723511119, -12.319281944426265 ], [ -61.377213723511119, -12.319031945157214 ], [ -61.376963724033018, -12.319031945157214 ] ] ] } },
{ "type": "Feature", "properties": { "DN": 1 }, "geometry": { "type": "Polygon", "coordinates": [ [ [ -61.377713722467327, -12.319031945157214 ], [ -61.377713722467327, -12.319281944426265 ], [ -61.377963721945434, -12.319281944426265 ], [ -61.377963721945434, -12.319031945157214 ], [ -61.377713722467327, -12.319031945157214 ] ] ] } },
{ "type": "Feature", "properties": { "DN": 1 }, "geometry": { "type": "Polygon", "coordinates": [ [ [ -61.379213719335951, -12.318781945888164 ], [ -61.379213719335951, -12.319031945157214 ], [ -61.379463718814051, -12.319031945157214 ], [ -61.379463718814051, -12.318781945888164 ], [ -61.379213719335951, -12.318781945888164 ] ] ] } },
{ "type": "Feature", "properties": { "DN": 1 }, "geometry": { "type": "Polygon", "coordinates": [ [ [ -61.379963717770259, -12.318781945888164 ], [ -61.379963717770259, -12.319031945157214 ], [ -61.380213717248367, -12.319031945157214 ], [ -61.380213717248367, -12.318781945888164 ], [ -61.379963717770259, -12.318781945888164 ] ] ] } },
{ "type": "Feature", "properties": { "DN": 1 }, "geometry": { "type": "Polygon", "coordinates": [ [ [ -61.410463654098919, -12.318781945888164 ], [ -61.410463654098919, -12.319031945157214 ], [ -61.410713653577019, -12.319031945157214 ], [ -61.410713653577019, -12.318781945888164 ], [ -61.410463654098919, -12.318781945888164 ] ] ] } },
{ "type": "Feature", "properties": { "DN": 1 }, "geometry": { "type": "Polygon", "coordinates": [ [ [ -61.386463704200956, -12.318531946619112 ], [ -61.386463704200956, -12.318781945888164 ], [ -61.386713703679064, -12.318781945888164 ], [ -61.386713703679064, -12.318531946619112 ], [ -61.386463704200956, -12.318531946619112 ] ] ] } },
{ "type": "Feature", "properties": { "DN": 1 }, "geometry": { "type": "Polygon", "coordinates": [ [ [ -61.386963703157164, -12.318531946619112 ], [ -61.386963703157164, -12.318781945888164 ], [ -61.38771370159148, -12.318781945888164 ], [ -61.38771370159148, -12.318531946619112 ], [ -61.386963703157164, -12.318531946619112 ] ] ] } },
{ "type": "Feature", "properties": { "DN": 1 }, "geometry": { "type": "Polygon", "coordinates": [ [ [ -61.38771370159148, -12.318281947350062 ], [ -61.38771370159148, -12.318531946619112 ], [ -61.38796370106958, -12.318531946619112 ], [ -61.38796370106958, -12.318281947350062 ], [ -61.38771370159148, -12.318281947350062 ] ] ] } },
{ "type": "Feature", "properties": { "DN": 1 }, "geometry": { "type": "Polygon", "coordinates": [ [ [ -61.404463666624423, -12.318031948081011 ], [ -61.404463666624423, -12.318781945888164 ], [ -61.404713666102531, -12.318781945888164 ], [ -61.404713666102531, -12.318531946619112 ], [ -61.405213665058739, -12.318531946619112 ], [ -61.405213665058739, -12.318281947350062 ], [ -61.404713666102531, -12.318281947350062 ], [ -61.404713666102531, -12.318031948081011 ], [ -61.404463666624423, -12.318031948081011 ] ] ] } },
{ "type": "Feature", "properties": { "DN": 1 }, "geometry": { "type": "Polygon", "coordinates": [ [ [ -61.385963705244748, -12.318031948081011 ], [ -61.385963705244748, -12.318281947350062 ], [ -61.385463706288547, -12.318281947350062 ], [ -61.385463706288547, -12.318531946619112 ], [ -61.386463704200956, -12.318531946619112 ], [ -61.386463704200956, -12.318281947350062 ], [ -61.386213704722856, -12.318281947350062 ], [ -61.386213704722856, -12.318031948081011 ], [ -61.385963705244748, -12.318031948081011 ] ] ] } },
{ "type": "Feature", "properties": { "DN": 1 }, "geometry": { "type": "Polygon", "coordinates": [ [ [ -61.386463704200956, -12.318031948081011 ], [ -61.386463704200956, -12.318281947350062 ], [ -61.386713703679064, -12.318281947350062 ], [ -61.386713703679064, -12.318031948081011 ], [ -61.386463704200956, -12.318031948081011 ] ] ] } },
{ "type": "Feature", "properties": { "DN": 1 }, "geometry": { "type": "Polygon", "coordinates": [ [ [ -61.404213667146323, -12.317781948811959 ], [ -61.404213667146323, -12.318031948081011 ], [ -61.404463666624423, -12.318031948081011 ], [ -61.404463666624423, -12.317781948811959 ], [ -61.404213667146323, -12.317781948811959 ] ] ] } },
{ "type": "Feature", "properties": { "DN": 1 }, "geometry": { "type": "Polygon", "coordinates": [ [ [ -61.39946367706235, -12.317031951004807 ], [ -61.39946367706235, -12.317281950273859 ], [ -61.398963678106142, -12.317281950273859 ], [ -61.398963678106142, -12.317781948811959 ], [ -61.399713676540458, -12.317781948811959 ], [ -61.399713676540458, -12.317281950273859 ], [ -61.400213675496666, -12.317281950273859 ], [ -61.400213675496666, -12.317031951004807 ], [ -61.39946367706235, -12.317031951004807 ] ] ] } },
{ "type": "Feature", "properties": { "DN": 1 }, "geometry": { "type": "Polygon", "coordinates": [ [ [ -61.400213675496666, -12.316531952466706 ], [ -61.400213675496666, -12.317031951004807 ], [ -61.400463674974766, -12.317031951004807 ], [ -61.400463674974766, -12.316531952466706 ], [ -61.400213675496666, -12.316531952466706 ] ] ] } },
{ "type": "Feature", "properties": { "DN": 1 }, "geometry": { "type": "Polygon", "coordinates": [ [ [ -61.368963740733697, -12.316281953197654 ], [ -61.368963740733697, -12.316531952466706 ], [ -61.369463739689905, -12.316531952466706 ], [ -61.369463739689905, -12.316281953197654 ], [ -61.368963740733697, -12.316281953197654 ] ] ] } },
{ "type": "Feature", "properties": { "DN": 1 }, "geometry": { "type": "Polygon", "coordinates": [ [ [ -61.396463683325109, -12.315281956121451 ], [ -61.396463683325109, -12.316031953928604 ], [ -61.396963682281317, -12.316031953928604 ], [ -61.396963682281317, -12.315281956121451 ], [ -61.396463683325109, -12.315281956121451 ] ] ] } },
{ "type": "Feature", "properties": { "DN": 1 }, "geometry": { "type": "Polygon", "coordinates": [ [ [ -61.397213681759418, -12.315531955390503 ], [ -61.397213681759418, -12.315781954659553 ], [ -61.397713680715626, -12.315781954659553 ], [ -61.397713680715626, -12.315531955390503 ], [ -61.397213681759418, -12.315531955390503 ] ] ] } },
{ "type": "Feature", "properties": { "DN": 1 }, "geometry": { "type": "Polygon", "coordinates": [ [ [ -61.400713674452874, -12.314531958314298 ], [ -61.400713674452874, -12.314781957583349 ], [ -61.400213675496666, -12.314781957583349 ], [ -61.400213675496666, -12.314531958314298 ], [ -61.398463679149934, -12.314531958314298 ], [ -61.398463679149934, -12.315281956121451 ], [ -61.398213679671834, -12.315281956121451 ], [ -61.398213679671834, -12.315781954659553 ], [ -61.397713680715626, -12.315781954659553 ], [ -61.397713680715626, -12.316281953197654 ], [ -61.398463679149934, -12.316281953197654 ], [ -61.398463679149934, -12.315781954659553 ], [ -61.398713678628042, -12.315781954659553 ], [ -61.398713678628042, -12.315531955390503 ], [ -61.398963678106142, -12.315531955390503 ], [ -61.398963678106142, -12.315281956121451 ], [ -61.39946367706235, -12.315281956121451 ], [ -61.39946367706235, -12.315531955390503 ], [ -61.401213673409075, -12.315531955390503 ], [ -61.401213673409075, -12.315281956121451 ], [ -61.401463672887182, -12.315281956121451 ], [ -61.401463672887182, -12.314531958314298 ], [ -61.400713674452874, -12.314531958314298 ] ] ] } },
{ "type": "Feature", "properties": { "DN": 1 }, "geometry": { "type": "Polygon", "coordinates": [ [ [ -61.395963684368901, -12.314781957583349 ], [ -61.395963684368901, -12.315281956121451 ], [ -61.395463685412693, -12.315281956121451 ], [ -61.395463685412693, -12.315531955390503 ], [ -61.396213683847002, -12.315531955390503 ], [ -61.396213683847002, -12.314781957583349 ], [ -61.395963684368901, -12.314781957583349 ] ] ] } },
{ "type": "Feature", "properties": { "DN": 1 }, "geometry": { "type": "Polygon", "coordinates": [ [ [ -61.364963749084041, -12.315031956852401 ], [ -61.364963749084041, -12.315281956121451 ], [ -61.365213748562141, -12.315281956121451 ], [ -61.365213748562141, -12.315031956852401 ], [ -61.364963749084041, -12.315031956852401 ] ] ] } },
{ "type": "Feature", "properties": { "DN": 1 }, "geometry": { "type": "Polygon", "coordinates": [ [ [ -61.407713659839771, -12.314031959776198 ], [ -61.407713659839771, -12.314281959045248 ], [ -61.406963661405463, -12.314281959045248 ], [ -61.406963661405463, -12.314031959776198 ], [ -61.406463662449255, -12.314031959776198 ], [ -61.406463662449255, -12.314531958314298 ], [ -61.406213662971155, -12.314531958314298 ], [ -61.406213662971155, -12.314281959045248 ], [ -61.405963663493047, -12.314281959045248 ], [ -61.405963663493047, -12.315281956121451 ], [ -61.408463658274087, -12.315281956121451 ], [ -61.408463658274087, -12.314781957583349 ], [ -61.408963657230295, -12.314781957583349 ], [ -61.408963657230295, -12.314531958314298 ], [ -61.408213658795979, -12.314531958314298 ], [ -61.408213658795979, -12.314281959045248 ], [ -61.407963659317879, -12.314281959045248 ], [ -61.407963659317879, -12.314031959776198 ], [ -61.407713659839771, -12.314031959776198 ] ] ] } },
{ "type": "Feature", "properties": { "DN": 1 }, "geometry": { "type": "Polygon", "coordinates": [ [ [ -61.402463670799598, -12.314531958314298 ], [ -61.402463670799598, -12.314781957583349 ], [ -61.402713670277699, -12.314781957583349 ], [ -61.402713670277699, -12.314531958314298 ], [ -61.402463670799598, -12.314531958314298 ] ] ] } },
{ "type": "Feature", "properties": { "DN": 1 }, "geometry": { "type": "Polygon", "coordinates": [ [ [ -61.409463656186503, -12.314281959045248 ], [ -61.409463656186503, -12.314531958314298 ], [ -61.409713655664603, -12.314531958314298 ], [ -61.409713655664603, -12.314281959045248 ], [ -61.409463656186503, -12.314281959045248 ] ] ] } },
{ "type": "Feature", "properties": { "DN": 1 }, "geometry": { "type": "Polygon", "coordinates": [ [ [ -61.399713676540458, -12.314031959776198 ], [ -61.399713676540458, -12.314281959045248 ], [ -61.400213675496666, -12.314281959045248 ], [ -61.400213675496666, -12.314531958314298 ], [ -61.400713674452874, -12.314531958314298 ], [ -61.400713674452874, -12.314281959045248 ], [ -61.400463674974766, -12.314281959045248 ], [ -61.400463674974766, -12.314031959776198 ], [ -61.399713676540458, -12.314031959776198 ] ] ] } },
{ "type": "Feature", "properties": { "DN": 1 }, "geometry": { "type": "Polygon", "coordinates": [ [ [ -61.404213667146323, -12.314031959776198 ], [ -61.404213667146323, -12.314281959045248 ], [ -61.403963667668222, -12.314281959045248 ], [ -61.403963667668222, -12.314531958314298 ], [ -61.404463666624423, -12.314531958314298 ], [ -61.404463666624423, -12.314281959045248 ], [ -61.405463664536839, -12.314281959045248 ], [ -61.405463664536839, -12.314031959776198 ], [ -61.404213667146323, -12.314031959776198 ] ] ] } },
{ "type": "Feature", "properties": { "DN": 1 }, "geometry": { "type": "Polygon", "coordinates": [ [ [ -61.405713664014947, -12.314031959776198 ], [ -61.405713664014947, -12.314281959045248 ], [ -61.405963663493047, -12.314281959045248 ], [ -61.405963663493047, -12.314031959776198 ], [ -61.405713664014947, -12.314031959776198 ] ] ] } },
{ "type": "Feature", "properties": { "DN": 1 }, "geometry": { "type": "Polygon", "coordinates": [ [ [ -61.403213669233907, -12.313781960507146 ], [ -61.403213669233907, -12.314031959776198 ], [ -61.403463668712014, -12.314031959776198 ], [ -61.403463668712014, -12.313781960507146 ], [ -61.403213669233907, -12.313781960507146 ] ] ] } },
{ "type": "Feature", "properties": { "DN": 1 }, "geometry": { "type": "Polygon", "coordinates": [ [ [ -61.390713695328721, -12.313531961238095 ], [ -61.390713695328721, -12.313781960507146 ], [ -61.390963694806828, -12.313781960507146 ], [ -61.390963694806828, -12.313531961238095 ], [ -61.390713695328721, -12.313531961238095 ] ] ] } },
{ "type": "Feature", "properties": { "DN": 1 }, "geometry": { "type": "Polygon", "coordinates": [ [ [ -61.405463664536839, -12.313281961969045 ], [ -61.405463664536839, -12.313531961238095 ], [ -61.405963663493047, -12.313531961238095 ], [ -61.405963663493047, -12.313281961969045 ], [ -61.405463664536839, -12.313281961969045 ] ] ] } },
{ "type": "Feature", "properties": { "DN": 1 }, "geometry": { "type": "Polygon", "coordinates": [ [ [ -61.403213669233907, -12.313031962699995 ], [ -61.403213669233907, -12.313531961238095 ], [ -61.403463668712014, -12.313531961238095 ], [ -61.403463668712014, -12.313281961969045 ], [ -61.403713668190115, -12.313281961969045 ], [ -61.403713668190115, -12.313031962699995 ], [ -61.403213669233907, -12.313031962699995 ] ] ] } },
{ "type": "Feature", "properties": { "DN": 1 }, "geometry": { "type": "Polygon", "coordinates": [ [ [ -61.45046357059551, -12.315031956852401 ], [ -61.45046357059551, -12.315531955390503 ], [ -61.450713570073617, -12.315531955390503 ], [ -61.450713570073617, -12.315781954659553 ], [ -61.451213569029818, -12.315781954659553 ], [ -61.451213569029818, -12.315531955390503 ], [ -61.451463568507926, -12.315531955390503 ], [ -61.451463568507926, -12.315281956121451 ], [ -61.450713570073617, -12.315281956121451 ], [ -61.450713570073617, -12.315031956852401 ], [ -61.45046357059551, -12.315031956852401 ] ] ] } },
{ "type": "Feature", "properties": { "DN": 1 }, "geometry": { "type": "Polygon", "coordinates": [ [ [ -61.452213566942234, -12.315031956852401 ], [ -61.452213566942234, -12.315281956121451 ], [ -61.452713565898442, -12.315281956121451 ], [ -61.452713565898442, -12.315031956852401 ], [ -61.452213566942234, -12.315031956852401 ] ] ] } },
{ "type": "Feature", "properties": { "DN": 1 }, "geometry": { "type": "Polygon", "coordinates": [ [ [ -61.4699635298876, -12.314781957583349 ], [ -61.4699635298876, -12.314531958314298 ], [ -61.469713530409493, -12.314531958314298 ], [ -61.469713530409493, -12.314781957583349 ], [ -61.469213531453292, -12.314781957583349 ], [ -61.469213531453292, -12.315031956852401 ], [ -61.469713530409493, -12.315031956852401 ], [ -61.469713530409493, -12.315281956121451 ], [ -61.4699635298876, -12.315281956121451 ], [ -61.4699635298876, -12.315531955390503 ], [ -61.47038939829784, -12.315531955390503 ], [ -61.470384735129528, -12.314781957583349 ], [ -61.4699635298876, -12.314781957583349 ] ] ] } },
{ "type": "Feature", "properties": { "DN": 1 }, "geometry": { "type": "Polygon", "coordinates": [ [ [ -61.439713593037048, -12.314781957583349 ], [ -61.439713593037048, -12.315031956852401 ], [ -61.439963592515156, -12.315031956852401 ], [ -61.439963592515156, -12.314781957583349 ], [ -61.439713593037048, -12.314781957583349 ] ] ] } },
{ "type": "Feature", "properties": { "DN": 1 }, "geometry": { "type": "Polygon", "coordinates": [ [ [ -61.468963531975184, -12.314281959045248 ], [ -61.468963531975184, -12.314531958314298 ], [ -61.468463533018976, -12.314531958314298 ], [ -61.468463533018976, -12.314781957583349 ], [ -61.468713532497084, -12.314781957583349 ], [ -61.468713532497084, -12.315031956852401 ], [ -61.468963531975184, -12.315031956852401 ], [ -61.468963531975184, -12.314781957583349 ], [ -61.469213531453292, -12.314781957583349 ], [ -61.469213531453292, -12.314531958314298 ], [ -61.469463530931392, -12.314531958314298 ], [ -61.469463530931392, -12.314281959045248 ], [ -61.468963531975184, -12.314281959045248 ] ] ] } },
{ "type": "Feature", "properties": { "DN": 1 }, "geometry": { "type": "Polygon", "coordinates": [ [ [ -61.440213591993256, -12.314281959045248 ], [ -61.440213591993256, -12.314531958314298 ], [ -61.439963592515156, -12.314531958314298 ], [ -61.439963592515156, -12.314781957583349 ], [ -61.440463591471364, -12.314781957583349 ], [ -61.440463591471364, -12.315031956852401 ], [ -61.440713590949464, -12.315031956852401 ], [ -61.440713590949464, -12.314531958314298 ], [ -61.440463591471364, -12.314531958314298 ], [ -61.440463591471364, -12.314281959045248 ], [ -61.440213591993256, -12.314281959045248 ] ] ] } },
{ "type": "Feature", "properties": { "DN": 1 }, "geometry": { "type": "Polygon", "coordinates": [ [ [ -61.438713595124639, -12.313531961238095 ], [ -61.438713595124639, -12.313781960507146 ], [ -61.438463595646532, -12.313781960507146 ], [ -61.438463595646532, -12.314531958314298 ], [ -61.438213596168424, -12.314531958314298 ], [ -61.438213596168424, -12.315031956852401 ], [ -61.438463595646532, -12.315031956852401 ], [ -61.438463595646532, -12.315531955390503 ], [ -61.439463593558948, -12.315531955390503 ], [ -61.439463593558948, -12.314781957583349 ], [ -61.43921359408084, -12.314781957583349 ], [ -61.43921359408084, -12.314531958314298 ], [ -61.439463593558948, -12.314531958314298 ], [ -61.439463593558948, -12.314031959776198 ], [ -61.439713593037048, -12.314031959776198 ], [ -61.439713593037048, -12.313531961238095 ], [ -61.438713595124639, -12.313531961238095 ] ] ] } },
{ "type": "Feature", "properties": { "DN": 1 }, "geometry": { "type": "Polygon", "coordinates": [ [ [ -61.449963571639302, -12.313781960507146 ], [ -61.449963571639302, -12.314281959045248 ], [ -61.45046357059551, -12.314281959045248 ], [ -61.45046357059551, -12.314531958314298 ], [ -61.450713570073617, -12.314531958314298 ], [ -61.450713570073617, -12.314031959776198 ], [ -61.45046357059551, -12.314031959776198 ], [ -61.45046357059551, -12.313781960507146 ], [ -61.449963571639302, -12.313781960507146 ] ] ] } },
{ "type": "Feature", "properties": { "DN": 1 }, "geometry": { "type": "Polygon", "coordinates": [ [ [ -61.45321356485465, -12.313781960507146 ], [ -61.45321356485465, -12.314531958314298 ], [ -61.453713563810858, -12.314531958314298 ], [ -61.453713563810858, -12.313781960507146 ], [ -61.45321356485465, -12.313781960507146 ] ] ] } },
{ "type": "Feature", "properties": { "DN": 1 }, "geometry": { "type": "Polygon", "coordinates": [ [ [ -61.4699635298876, -12.312281964892842 ], [ -61.4699635298876, -12.313031962699995 ], [ -61.468713532497084, -12.313031962699995 ], [ -61.468713532497084, -12.312781963430943 ], [ -61.468463533018976, -12.312781963430943 ], [ -61.468463533018976, -12.312531964161892 ], [ -61.468213533540876, -12.312531964161892 ], [ -61.468213533540876, -12.312281964892842 ], [ -61.466213537716044, -12.312281964892842 ], [ -61.466213537716044, -12.313031962699995 ], [ -61.466463537194144, -12.313031962699995 ], [ -61.466463537194144, -12.313531961238095 ], [ -61.466213537716044, -12.313531961238095 ], [ -61.466213537716044, -12.313781960507146 ], [ -61.465963538237943, -12.313781960507146 ], [ -61.465963538237943, -12.314031959776198 ], [ -61.465713538759836, -12.314031959776198 ], [ -61.465713538759836, -12.314531958314298 ], [ -61.465963538237943, -12.314531958314298 ], [ -61.465963538237943, -12.315031956852401 ], [ -61.466213537716044, -12.315031956852401 ], [ -61.466213537716044, -12.315281956121451 ], [ -61.466963536150352, -12.315281956121451 ], [ -61.466963536150352, -12.315031956852401 ], [ -61.46721353562846, -12.315031956852401 ], [ -61.46721353562846, -12.314781957583349 ], [ -61.46746353510656, -12.314781957583349 ], [ -61.46746353510656, -12.314531958314298 ], [ -61.467713534584668, -12.314531958314298 ], [ -61.467713534584668, -12.314281959045248 ], [ -61.468463533018976, -12.314281959045248 ], [ -61.468463533018976, -12.314031959776198 ], [ -61.468713532497084, -12.314031959776198 ], [ -61.468713532497084, -12.313781960507146 ], [ -61.4699635298876, -12.313781960507146 ], [ -61.4699635298876, -12.314031959776198 ], [ -61.470380071961223, -12.314031959776198 ], [ -61.470369191235172, -12.312281964892842 ], [ -61.4699635298876, -12.312281964892842 ] ], [ [ -61.46721353562846, -12.313281961969045 ], [ -61.466963536150352, -12.313281961969045 ], [ -61.466963536150352, -12.312781963430943 ], [ -61.46721353562846, -12.312781963430943 ], [ -61.46721353562846, -12.313281961969045 ] ], [ [ -61.467963534062768, -12.313531961238095 ], [ -61.468213533540876, -12.313531961238095 ], [ -61.468213533540876, -12.313781960507146 ], [ -61.467713534584668, -12.313781960507146 ], [ -61.467713534584668, -12.313531961238095 ], [ -61.46746353510656, -12.313531961238095 ], [ -61.46746353510656, -12.313031962699995 ], [ -61.467963534062768, -12.313031962699995 ], [ -61.467963534062768, -12.313531961238095 ] ], [ [ -61.466713536672252, -12.314031959776198 ], [ -61.466963536150352, -12.314031959776198 ], [ -61.466963536150352, -12.314281959045248 ], [ -61.466713536672252, -12.314281959045248 ], [ -61.466713536672252, -12.314031959776198 ] ], [ [ -61.466713536672252, -12.314531958314298 ], [ -61.466463537194144, -12.314531958314298 ], [ -61.466463537194144, -12.314281959045248 ], [ -61.466713536672252, -12.314281959045248 ], [ -61.466713536672252, -12.314531958314298 ] ] ] } },
{ "type": "Feature", "properties": { "DN": 1 }, "geometry": { "type": "Polygon", "coordinates": [ [ [ -61.370463737602321, -12.349781855250466 ], [ -61.370463737602321, -12.350531853057619 ], [ -61.370213738124221, -12.350531853057619 ], [ -61.370213738124221, -12.350281853788569 ], [ -61.369963738646113, -12.350281853788569 ], [ -61.369963738646113, -12.350531853057619 ], [ -61.369713739168006, -12.350531853057619 ], [ -61.369713739168006, -12.350781852326671 ], [ -61.369463739689905, -12.350781852326671 ], [ -61.369463739689905, -12.351031851595721 ], [ -61.369963738646113, -12.351031851595721 ], [ -61.369963738646113, -12.350781852326671 ], [ -61.370713737080422, -12.350781852326671 ], [ -61.370713737080422, -12.349781855250466 ], [ -61.370463737602321, -12.349781855250466 ] ] ] } },
{ "type": "Feature", "properties": { "DN": 1 }, "geometry": { "type": "Polygon", "coordinates": [ [ [ -61.359963759521968, -12.349781855250466 ], [ -61.359963759521968, -12.350031854519518 ], [ -61.360213759000068, -12.350031854519518 ], [ -61.360213759000068, -12.349781855250466 ], [ -61.359963759521968, -12.349781855250466 ] ] ] } },
{ "type": "Feature", "properties": { "DN": 1 }, "geometry": { "type": "Polygon", "coordinates": [ [ [ -61.369713739168006, -12.349531855981416 ], [ -61.369713739168006, -12.350281853788569 ], [ -61.369963738646113, -12.350281853788569 ], [ -61.369963738646113, -12.349531855981416 ], [ -61.369713739168006, -12.349531855981416 ] ] ] } },
{ "type": "Feature", "properties": { "DN": 1 }, "geometry": { "type": "Polygon", "coordinates": [ [ [ -61.370713737080422, -12.349531855981416 ], [ -61.370713737080422, -12.349781855250466 ], [ -61.370963736558529, -12.349781855250466 ], [ -61.370963736558529, -12.349531855981416 ], [ -61.370713737080422, -12.349531855981416 ] ] ] } },
{ "type": "Feature", "properties": { "DN": 1 }, "geometry": { "type": "Polygon", "coordinates": [ [ [ -61.369963738646113, -12.349281856712366 ], [ -61.369963738646113, -12.349531855981416 ], [ -61.370213738124221, -12.349531855981416 ], [ -61.370213738124221, -12.349281856712366 ], [ -61.369963738646113, -12.349281856712366 ] ] ] } },
{ "type": "Feature", "properties": { "DN": 1 }, "geometry": { "type": "Polygon", "coordinates": [ [ [ -61.370963736558529, -12.349281856712366 ], [ -61.370963736558529, -12.349531855981416 ], [ -61.37121373603663, -12.349531855981416 ], [ -61.37121373603663, -12.349281856712366 ], [ -61.370963736558529, -12.349281856712366 ] ] ] } },
{ "type": "Feature", "properties": { "DN": 1 }, "geometry": { "type": "Polygon", "coordinates": [ [ [ -61.370713737080422, -12.349031857443315 ], [ -61.370713737080422, -12.349281856712366 ], [ -61.370963736558529, -12.349281856712366 ], [ -61.370963736558529, -12.349031857443315 ], [ -61.370713737080422, -12.349031857443315 ] ] ] } },
{ "type": "Feature", "properties": { "DN": 1 }, "geometry": { "type": "Polygon", "coordinates": [ [ [ -61.395963684368901, -12.348531858905213 ], [ -61.395963684368901, -12.348781858174263 ], [ -61.396213683847002, -12.348781858174263 ], [ -61.396213683847002, -12.348531858905213 ], [ -61.395963684368901, -12.348531858905213 ] ] ] } },
{ "type": "Feature", "properties": { "DN": 1 }, "geometry": { "type": "Polygon", "coordinates": [ [ [ -61.368963740733697, -12.349031857443315 ], [ -61.369713739168006, -12.349031857443315 ], [ -61.369713739168006, -12.349281856712366 ], [ -61.369963738646113, -12.349281856712366 ], [ -61.369963738646113, -12.349031857443315 ], [ -61.370213738124221, -12.349031857443315 ], [ -61.370213738124221, -12.348781858174263 ], [ -61.370463737602321, -12.348781858174263 ], [ -61.370463737602321, -12.349031857443315 ], [ -61.370713737080422, -12.349031857443315 ], [ -61.370713737080422, -12.348531858905213 ], [ -61.370463737602321, -12.348531858905213 ], [ -61.370463737602321, -12.348281859636163 ], [ -61.370213738124221, -12.348281859636163 ], [ -61.370213738124221, -12.348531858905213 ], [ -61.369713739168006, -12.348531858905213 ], [ -61.369713739168006, -12.348031860367112 ], [ -61.369463739689905, -12.348031860367112 ], [ -61.369463739689905, -12.34778186109806 ], [ -61.368963740733697, -12.34778186109806 ], [ -61.368963740733697, -12.347281862559958 ], [ -61.368713741255597, -12.347281862559958 ], [ -61.368713741255597, -12.34778186109806 ], [ -61.368463741777489, -12.34778186109806 ], [ -61.368463741777489, -12.348031860367112 ], [ -61.368713741255597, -12.348031860367112 ], [ -61.368713741255597, -12.348781858174263 ], [ -61.368963740733697, -12.348781858174263 ], [ -61.368963740733697, -12.349031857443315 ] ], [ [ -61.368963740733697, -12.348281859636163 ], [ -61.369213740211805, -12.348281859636163 ], [ -61.369213740211805, -12.348531858905213 ], [ -61.369463739689905, -12.348531858905213 ], [ -61.369463739689905, -12.348781858174263 ], [ -61.368963740733697, -12.348781858174263 ], [ -61.368963740733697, -12.348281859636163 ] ] ] } },
{ "type": "Feature", "properties": { "DN": 1 }, "geometry": { "type": "Polygon", "coordinates": [ [ [ -61.389463697938204, -12.347031863290908 ], [ -61.389463697938204, -12.347281862559958 ], [ -61.389713697416305, -12.347281862559958 ], [ -61.389713697416305, -12.347031863290908 ], [ -61.389463697938204, -12.347031863290908 ] ] ] } },
{ "type": "Feature", "properties": { "DN": 1 }, "geometry": { "type": "Polygon", "coordinates": [ [ [ -61.389963696894412, -12.346531864752807 ], [ -61.389963696894412, -12.347281862559958 ], [ -61.39046369585062, -12.347281862559958 ], [ -61.39046369585062, -12.34753186182901 ], [ -61.390713695328721, -12.34753186182901 ], [ -61.390713695328721, -12.346531864752807 ], [ -61.389963696894412, -12.346531864752807 ] ] ] } },
{ "type": "Feature", "properties": { "DN": 1 }, "geometry": { "type": "Polygon", "coordinates": [ [ [ -61.368713741255597, -12.345531867676602 ], [ -61.368713741255597, -12.345781866945654 ], [ -61.368963740733697, -12.345781866945654 ], [ -61.368963740733697, -12.345531867676602 ], [ -61.368713741255597, -12.345531867676602 ] ] ] } },
{ "type": "Feature", "properties": { "DN": 1 }, "geometry": { "type": "Polygon", "coordinates": [ [ [ -61.387213702635272, -12.34478186986945 ], [ -61.387213702635272, -12.345031869138502 ], [ -61.38771370159148, -12.345031869138502 ], [ -61.38771370159148, -12.34478186986945 ], [ -61.387213702635272, -12.34478186986945 ] ] ] } },
{ "type": "Feature", "properties": { "DN": 1 }, "geometry": { "type": "Polygon", "coordinates": [ [ [ -61.357963763697136, -12.331531908609756 ], [ -61.357963763697136, -12.330781910802603 ], [ -61.357713764219028, -12.330781910802603 ], [ -61.357713764219028, -12.331281909340705 ], [ -61.357317496866003, -12.331281909340705 ], [ -61.357278915649736, -12.331531908609756 ], [ -61.357963763697136, -12.331531908609756 ] ] ] } },
{ "type": "Feature", "properties": { "DN": 1 }, "geometry": { "type": "Polygon", "coordinates": [ [ [ -61.35971376004386, -12.330031912995452 ], [ -61.35971376004386, -12.330281912264502 ], [ -61.35946376056576, -12.330281912264502 ], [ -61.35946376056576, -12.330531911533553 ], [ -61.359213761087652, -12.330531911533553 ], [ -61.359213761087652, -12.330781910802603 ], [ -61.358963761609552, -12.330781910802603 ], [ -61.358963761609552, -12.331031910071655 ], [ -61.358713762131444, -12.331031910071655 ], [ -61.358713762131444, -12.331531908609756 ], [ -61.358463762653344, -12.331531908609756 ], [ -61.358463762653344, -12.332031907147858 ], [ -61.358713762131444, -12.332031907147858 ], [ -61.358713762131444, -12.332281906416908 ], [ -61.358963761609552, -12.332281906416908 ], [ -61.358963761609552, -12.332031907147858 ], [ -61.359213761087652, -12.332031907147858 ], [ -61.359213761087652, -12.331781907878806 ], [ -61.358963761609552, -12.331781907878806 ], [ -61.358963761609552, -12.331531908609756 ], [ -61.35946376056576, -12.331531908609756 ], [ -61.35946376056576, -12.331031910071655 ], [ -61.35971376004386, -12.331031910071655 ], [ -61.35971376004386, -12.330531911533553 ], [ -61.360213759000068, -12.330531911533553 ], [ -61.360213759000068, -12.330031912995452 ], [ -61.35971376004386, -12.330031912995452 ] ] ] } },
{ "type": "Feature", "properties": { "DN": 1 }, "geometry": { "type": "Polygon", "coordinates": [ [ [ -61.357463764740928, -12.330531911533553 ], [ -61.358463762653344, -12.330531911533553 ], [ -61.358463762653344, -12.330781910802603 ], [ -61.358713762131444, -12.330781910802603 ], [ -61.358713762131444, -12.330281912264502 ], [ -61.358963761609552, -12.330281912264502 ], [ -61.358963761609552, -12.330031912995452 ], [ -61.358213763175236, -12.330031912995452 ], [ -61.358213763175236, -12.330281912264502 ], [ -61.357713764219028, -12.330281912264502 ], [ -61.357713764219028, -12.3297819137264 ], [ -61.357549110925355, -12.3297819137264 ], [ -61.357463764740928, -12.330334255295559 ], [ -61.357463764740928, -12.330531911533553 ] ] ] } },
{ "type": "Feature", "properties": { "DN": 1 }, "geometry": { "type": "Polygon", "coordinates": [ [ [ -61.357713764219028, -12.329531914457348 ], [ -61.357713764219028, -12.3297819137264 ], [ -61.358213763175236, -12.3297819137264 ], [ -61.358213763175236, -12.329531914457348 ], [ -61.357713764219028, -12.329531914457348 ] ] ] } },
{ "type": "Feature", "properties": { "DN": 1 }, "geometry": { "type": "Polygon", "coordinates": [ [ [ -61.357713764219028, -12.329031915919249 ], [ -61.357713764219028, -12.329281915188298 ], [ -61.357963763697136, -12.329281915188298 ], [ -61.357963763697136, -12.329031915919249 ], [ -61.357713764219028, -12.329031915919249 ] ] ] } },
{ "type": "Feature", "properties": { "DN": 1 }, "geometry": { "type": "Polygon", "coordinates": [ [ [ -61.357963763697136, -12.328531917381145 ], [ -61.357963763697136, -12.328781916650197 ], [ -61.358213763175236, -12.328781916650197 ], [ -61.358213763175236, -12.328531917381145 ], [ -61.357963763697136, -12.328531917381145 ] ] ] } },
{ "type": "Feature", "properties": { "DN": 1 }, "geometry": { "type": "Polygon", "coordinates": [ [ [ -61.361213756912484, -12.328531917381145 ], [ -61.361213756912484, -12.328781916650197 ], [ -61.361463756390584, -12.328781916650197 ], [ -61.361463756390584, -12.328531917381145 ], [ -61.361213756912484, -12.328531917381145 ] ] ] } },
{ "type": "Feature", "properties": { "DN": 1 }, "geometry": { "type": "Polygon", "coordinates": [ [ [ -61.35946376056576, -12.328531917381145 ], [ -61.35946376056576, -12.328781916650197 ], [ -61.359963759521968, -12.328781916650197 ], [ -61.359963759521968, -12.328531917381145 ], [ -61.35946376056576, -12.328531917381145 ] ] ] } },
{ "type": "Feature", "properties": { "DN": 1 }, "geometry": { "type": "Polygon", "coordinates": [ [ [ -61.358463762653344, -12.327781919573994 ], [ -61.358463762653344, -12.328031918843044 ], [ -61.358963761609552, -12.328031918843044 ], [ -61.358963761609552, -12.327781919573994 ], [ -61.358463762653344, -12.327781919573994 ] ] ] } },
{ "type": "Feature", "properties": { "DN": 1 }, "geometry": { "type": "Polygon", "coordinates": [ [ [ -61.358963761609552, -12.327281921035892 ], [ -61.358963761609552, -12.327781919573994 ], [ -61.359213761087652, -12.327781919573994 ], [ -61.359213761087652, -12.327281921035892 ], [ -61.358963761609552, -12.327281921035892 ] ] ] } },
{ "type": "Feature", "properties": { "DN": 1 }, "geometry": { "type": "Polygon", "coordinates": [ [ [ -61.357963763697136, -12.327281921035892 ], [ -61.358213763175236, -12.327281921035892 ], [ -61.358213763175236, -12.32703192176684 ], [ -61.357974031543428, -12.32703192176684 ], [ -61.357963763697136, -12.327098372989829 ], [ -61.357963763697136, -12.327281921035892 ] ] ] } },
{ "type": "Feature", "properties": { "DN": 1 }, "geometry": { "type": "Polygon", "coordinates": [ [ [ -61.364713749605933, -12.326531923228739 ], [ -61.364713749605933, -12.32703192176684 ], [ -61.365213748562141, -12.32703192176684 ], [ -61.365213748562141, -12.326531923228739 ], [ -61.364713749605933, -12.326531923228739 ] ] ] } },
{ "type": "Feature", "properties": { "DN": 1 }, "geometry": { "type": "Polygon", "coordinates": [ [ [ -61.358463762653344, -12.325781925421587 ], [ -61.358463762653344, -12.326031924690637 ], [ -61.358713762131444, -12.326031924690637 ], [ -61.358713762131444, -12.325781925421587 ], [ -61.358463762653344, -12.325781925421587 ] ] ] } },
{ "type": "Feature", "properties": { "DN": 1 }, "geometry": { "type": "Polygon", "coordinates": [ [ [ -61.363963751171624, -12.324781928345384 ], [ -61.363963751171624, -12.325031927614434 ], [ -61.364213750649725, -12.325031927614434 ], [ -61.364213750649725, -12.324781928345384 ], [ -61.363963751171624, -12.324781928345384 ] ] ] } },
{ "type": "Feature", "properties": { "DN": 1 }, "geometry": { "type": "Polygon", "coordinates": [ [ [ -61.365963746996457, -12.323781931269179 ], [ -61.365963746996457, -12.324031930538231 ], [ -61.366213746474557, -12.324031930538231 ], [ -61.366213746474557, -12.323781931269179 ], [ -61.365963746996457, -12.323781931269179 ] ] ] } },
{ "type": "Feature", "properties": { "DN": 1 }, "geometry": { "type": "Polygon", "coordinates": [ [ [ -61.363963751171624, -12.32353193200013 ], [ -61.363963751171624, -12.324031930538231 ], [ -61.364463750127832, -12.324031930538231 ], [ -61.364463750127832, -12.323781931269179 ], [ -61.364213750649725, -12.323781931269179 ], [ -61.364213750649725, -12.32353193200013 ], [ -61.363963751171624, -12.32353193200013 ] ] ] } },
{ "type": "Feature", "properties": { "DN": 1 }, "geometry": { "type": "Polygon", "coordinates": [ [ [ -61.364713749605933, -12.322031936385823 ], [ -61.364713749605933, -12.322281935654875 ], [ -61.363963751171624, -12.322281935654875 ], [ -61.363963751171624, -12.323281932731078 ], [ -61.364213750649725, -12.323281932731078 ], [ -61.364213750649725, -12.323031933462028 ], [ -61.364463750127832, -12.323031933462028 ], [ -61.364463750127832, -12.322781934192976 ], [ -61.364713749605933, -12.322781934192976 ], [ -61.364713749605933, -12.322531934923926 ], [ -61.364963749084041, -12.322531934923926 ], [ -61.364963749084041, -12.322031936385823 ], [ -61.364713749605933, -12.322031936385823 ] ] ] } },
{ "type": "Feature", "properties": { "DN": 1 }, "geometry": { "type": "Polygon", "coordinates": [ [ [ -61.410213654620811, -12.313031962699995 ], [ -61.410213654620811, -12.313281961969045 ], [ -61.410463654098919, -12.313281961969045 ], [ -61.410463654098919, -12.313031962699995 ], [ -61.410213654620811, -12.313031962699995 ] ] ] } },
{ "type": "Feature", "properties": { "DN": 1 }, "geometry": { "type": "Polygon", "coordinates": [ [ [ -61.45046357059551, -12.313031962699995 ], [ -61.45046357059551, -12.312781963430943 ], [ -61.450963569551718, -12.312781963430943 ], [ -61.450963569551718, -12.313031962699995 ], [ -61.452713565898442, -12.313031962699995 ], [ -61.452713565898442, -12.313281961969045 ], [ -61.45296356537655, -12.313281961969045 ], [ -61.45296356537655, -12.313531961238095 ], [ -61.453713563810858, -12.313531961238095 ], [ -61.453713563810858, -12.313031962699995 ], [ -61.453963563288966, -12.313031962699995 ], [ -61.453963563288966, -12.312781963430943 ], [ -61.454463562245166, -12.312781963430943 ], [ -61.454463562245166, -12.313031962699995 ], [ -61.454713561723274, -12.313031962699995 ], [ -61.454713561723274, -12.312781963430943 ], [ -61.455463560157582, -12.312781963430943 ], [ -61.455463560157582, -12.312294666505622 ], [ -61.453463564332758, -12.312317593716607 ], [ -61.453463564332758, -12.312531964161892 ], [ -61.452713565898442, -12.312531964161892 ], [ -61.452713565898442, -12.312326191420727 ], [ -61.451987652243588, -12.31233451302586 ], [ -61.449963571639302, -12.312347781004298 ], [ -61.449963571639302, -12.312531964161892 ], [ -61.449213573204993, -12.312531964161892 ], [ -61.449213573204993, -12.312352697292233 ], [ -61.448713574248785, -12.312355974817523 ], [ -61.448713574248785, -12.312531964161892 ], [ -61.448463574770678, -12.312531964161892 ], [ -61.448463574770678, -12.312357613580168 ], [ -61.446713578423953, -12.312369084918684 ], [ -61.446713578423953, -12.312531964161892 ], [ -61.446463578945853, -12.312531964161892 ], [ -61.446463578945853, -12.31237072368133 ], [ -61.445213581555329, -12.312378917494554 ], [ -61.445213581555329, -12.312531964161892 ], [ -61.444963582077229, -12.312531964161892 ], [ -61.444963582077229, -12.312781963430943 ], [ -61.444713582599121, -12.312781963430943 ], [ -61.444713582599121, -12.313031962699995 ], [ -61.444963582077229, -12.313031962699995 ], [ -61.444963582077229, -12.313281961969045 ], [ -61.445463581033437, -12.313281961969045 ], [ -61.445463581033437, -12.313531961238095 ], [ -61.445963579989645, -12.313531961238095 ], [ -61.445963579989645, -12.313281961969045 ], [ -61.446213579467745, -12.313281961969045 ], [ -61.446213579467745, -12.313531961238095 ], [ -61.446463578945853, -12.313531961238095 ], [ -61.446463578945853, -12.313781960507146 ], [ -61.446213579467745, -12.313781960507146 ], [ -61.446213579467745, -12.314031959776198 ], [ -61.446463578945853, -12.314031959776198 ], [ -61.446463578945853, -12.314531958314298 ], [ -61.446713578423953, -12.314531958314298 ], [ -61.446713578423953, -12.314281959045248 ], [ -61.446963577902061, -12.314281959045248 ], [ -61.446963577902061, -12.314531958314298 ], [ -61.447213577380161, -12.314531958314298 ], [ -61.447213577380161, -12.314781957583349 ], [ -61.447463576858269, -12.314781957583349 ], [ -61.447463576858269, -12.314531958314298 ], [ -61.447713576336369, -12.314531958314298 ], [ -61.447713576336369, -12.314031959776198 ], [ -61.447463576858269, -12.314031959776198 ], [ -61.447463576858269, -12.313781960507146 ], [ -61.447213577380161, -12.313781960507146 ], [ -61.447213577380161, -12.313281961969045 ], [ -61.447463576858269, -12.313281961969045 ], [ -61.447463576858269, -12.313031962699995 ], [ -61.45046357059551, -12.313031962699995 ] ], [ [ -61.447213577380161, -12.313031962699995 ], [ -61.447213577380161, -12.312781963430943 ], [ -61.447463576858269, -12.312781963430943 ], [ -61.447463576858269, -12.313031962699995 ], [ -61.447213577380161, -12.313031962699995 ] ], [ [ -61.446213579467745, -12.312781963430943 ], [ -61.445963579989645, -12.312781963430943 ], [ -61.445963579989645, -12.312531964161892 ], [ -61.446213579467745, -12.312531964161892 ], [ -61.446213579467745, -12.312781963430943 ] ], [ [ -61.446963577902061, -12.313781960507146 ], [ -61.446713578423953, -12.313781960507146 ], [ -61.446713578423953, -12.313281961969045 ], [ -61.446963577902061, -12.313281961969045 ], [ -61.446963577902061, -12.313781960507146 ] ] ] } },
{ "type": "Feature", "properties": { "DN": 1 }, "geometry": { "type": "Polygon", "coordinates": [ [ [ -61.424213625394621, -12.313281961969045 ], [ -61.424213625394621, -12.313531961238095 ], [ -61.424463624872722, -12.313531961238095 ], [ -61.424463624872722, -12.313281961969045 ], [ -61.424213625394621, -12.313281961969045 ] ] ] } },
{ "type": "Feature", "properties": { "DN": 1 }, "geometry": { "type": "Polygon", "coordinates": [ [ [ -61.423213627482205, -12.313281961969045 ], [ -61.423213627482205, -12.313531961238095 ], [ -61.423963625916514, -12.313531961238095 ], [ -61.423963625916514, -12.313281961969045 ], [ -61.423213627482205, -12.313281961969045 ] ] ] } },
{ "type": "Feature", "properties": { "DN": 1 }, "geometry": { "type": "Polygon", "coordinates": [ [ [ -61.418463637398233, -12.313281961969045 ], [ -61.419213635832548, -12.313281961969045 ], [ -61.419213635832548, -12.313531961238095 ], [ -61.420213633744957, -12.313531961238095 ], [ -61.420213633744957, -12.313281961969045 ], [ -61.420463633223065, -12.313281961969045 ], [ -61.420463633223065, -12.313531961238095 ], [ -61.420713632701165, -12.313531961238095 ], [ -61.420713632701165, -12.313281961969045 ], [ -61.421213631657373, -12.313281961969045 ], [ -61.421213631657373, -12.313531961238095 ], [ -61.421963630091689, -12.313531961238095 ], [ -61.421963630091689, -12.313281961969045 ], [ -61.422213629569789, -12.313281961969045 ], [ -61.422213629569789, -12.313060002631969 ], [ -61.418463637398233, -12.313043183898587 ], [ -61.418463637398233, -12.313281961969045 ] ] ] } },
{ "type": "Feature", "properties": { "DN": 1 }, "geometry": { "type": "Polygon", "coordinates": [ [ [ -61.422713628525997, -12.313281961969045 ], [ -61.423213627482205, -12.313281961969045 ], [ -61.423213627482205, -12.313064487627539 ], [ -61.422713628525997, -12.313062245129755 ], [ -61.422713628525997, -12.313281961969045 ] ] ] } },
{ "type": "Feature", "properties": { "DN": 1 }, "geometry": { "type": "Polygon", "coordinates": [ [ [ -61.423963625916514, -12.313281961969045 ], [ -61.424213625394621, -12.313281961969045 ], [ -61.424213625394621, -12.313068972623107 ], [ -61.423963625916514, -12.313067851374216 ], [ -61.423963625916514, -12.313281961969045 ] ] ] } },
{ "type": "Feature", "properties": { "DN": 1 }, "geometry": { "type": "Polygon", "coordinates": [ [ [ -61.4162136420953, -12.313281961969045 ], [ -61.417213640007716, -12.313281961969045 ], [ -61.417213640007716, -12.313037577654125 ], [ -61.4162136420953, -12.313033092658557 ], [ -61.4162136420953, -12.313281961969045 ] ] ] } },
{ "type": "Feature", "properties": { "DN": 1 }, "geometry": { "type": "Polygon", "coordinates": [ [ [ -61.424463624872722, -12.313281961969045 ], [ -61.42496362382893, -12.313281961969045 ], [ -61.42496362382893, -12.313033826506496 ], [ -61.424463624872722, -12.313067489844094 ], [ -61.424463624872722, -12.313281961969045 ] ] ] } },
{ "type": "Feature", "properties": { "DN": 1 }, "geometry": { "type": "Polygon", "coordinates": [ [ [ -61.432213608693942, -12.313281961969045 ], [ -61.433963605040667, -12.313281961969045 ], [ -61.433963605040667, -12.313031962699995 ], [ -61.434213604518767, -12.313031962699995 ], [ -61.434213604518767, -12.312531964161892 ], [ -61.433713605562559, -12.312531964161892 ], [ -61.433713605562559, -12.312781963430943 ], [ -61.433463606084459, -12.312781963430943 ], [ -61.433463606084459, -12.312531964161892 ], [ -61.432417746514375, -12.312531964161892 ], [ -61.431213610781526, -12.312613034786512 ], [ -61.431213610781526, -12.312781963430943 ], [ -61.430963611303419, -12.312781963430943 ], [ -61.430963611303419, -12.312629866455312 ], [ -61.430463612347211, -12.312663529792911 ], [ -61.430463612347211, -12.312781963430943 ], [ -61.428704526658734, -12.312781963430943 ], [ -61.42771361808807, -12.312848678149704 ], [ -61.42771361808807, -12.313031962699995 ], [ -61.426963619653762, -12.313031962699995 ], [ -61.426963619653762, -12.313281961969045 ], [ -61.428713616000486, -12.313281961969045 ], [ -61.428713616000486, -12.313531961238095 ], [ -61.429213614956694, -12.313531961238095 ], [ -61.429213614956694, -12.313281961969045 ], [ -61.429713613912902, -12.313281961969045 ], [ -61.429713613912902, -12.313531961238095 ], [ -61.430463612347211, -12.313531961238095 ], [ -61.430463612347211, -12.313281961969045 ], [ -61.430713611825318, -12.313281961969045 ], [ -61.430713611825318, -12.313531961238095 ], [ -61.431713609737734, -12.313531961238095 ], [ -61.431713609737734, -12.313031962699995 ], [ -61.432213608693942, -12.313031962699995 ], [ -61.432213608693942, -12.313281961969045 ] ], [ [ -61.432213608693942, -12.312781963430943 ], [ -61.432963607128251, -12.312781963430943 ], [ -61.432963607128251, -12.313031962699995 ], [ -61.432213608693942, -12.313031962699995 ], [ -61.432213608693942, -12.312781963430943 ] ] ] } },
{ "type": "Feature", "properties": { "DN": 1 }, "geometry": { "type": "Polygon", "coordinates": [ [ [ -61.440963590427572, -12.312531964161892 ], [ -61.440713590949464, -12.312531964161892 ], [ -61.440713590949464, -12.312781963430943 ], [ -61.440463591471364, -12.312781963430943 ], [ -61.440463591471364, -12.313031962699995 ], [ -61.440213591993256, -12.313031962699995 ], [ -61.440213591993256, -12.313531961238095 ], [ -61.440963590427572, -12.313531961238095 ], [ -61.440963590427572, -12.313031962699995 ], [ -61.441963588339981, -12.313031962699995 ], [ -61.441963588339981, -12.312781963430943 ], [ -61.443463585208605, -12.312781963430943 ], [ -61.443463585208605, -12.312531964161892 ], [ -61.442463587296189, -12.312531964161892 ], [ -61.442463587296189, -12.312396973131523 ], [ -61.442213587818088, -12.312398634118452 ], [ -61.442213587818088, -12.312531964161892 ], [ -61.441963588339981, -12.312531964161892 ], [ -61.441963588339981, -12.312400295105379 ], [ -61.441463589383773, -12.312403617079235 ], [ -61.441463589383773, -12.312531964161892 ], [ -61.441213589905672, -12.312531964161892 ], [ -61.441213589905672, -12.312405278066164 ], [ -61.440963590427572, -12.312406939053092 ], [ -61.440963590427572, -12.312531964161892 ] ] ] } },
{ "type": "Feature", "properties": { "DN": 1 }, "geometry": { "type": "Polygon", "coordinates": [ [ [ -61.443463585208605, -12.312531964161892 ], [ -61.443713584686712, -12.312531964161892 ], [ -61.443713584686712, -12.312388750070424 ], [ -61.443463585208605, -12.312390388833069 ], [ -61.443463585208605, -12.312531964161892 ] ] ] } }
]
}
