{
"type": "FeatureCollection",
"name": "rio_omere",
"crs": { "type": "name", "properties": { "name": "urn:ogc:def:crs:OGC:1.3:CRS84" } },
"features": [
{ "type": "Feature", "properties": { "area_ha": 1563.63 }, "geometry": { "type": "MultiPolygon", "coordinates": [ [ [ [ -61.187964118586606, -12.89099734003843 ], [ -61.187964118586606, -12.890780273476482 ], [ -61.17771413998436, -12.890780273476482 ], [ -61.17771413998436, -12.890530274207432 ], [ -61.166964162425899, -12.890530274207432 ], [ -61.166964162425899, -12.890780273476482 ], [ -61.170964154075556, -12.890780273476482 ], [ -61.170964154075556, -12.890904716755061 ], [ -61.179367638888998, -12.890949583333001 ], [ -61.187964118586606, -12.89099734003843 ] ] ], [ [ [ -61.164214168166758, -12.890530274207432 ], [ -61.164214168166758, -12.890780273476482 ], [ -61.166714162947791, -12.890780273476482 ], [ -61.166714162947791, -12.890530274207432 ], [ -61.164214168166758, -12.890530274207432 ] ] ], [ [ [ -61.162964170776235, -12.890530274207432 ], [ -61.162964170776235, -12.890780273476482 ], [ -61.163464169732443, -12.890780273476482 ], [ -61.163464169732443, -12.890530274207432 ], [ -61.162964170776235, -12.890530274207432 ] ] ], [ [ [ -61.161714173385718, -12.890530274207432 ], [ -61.161464173907618, -12.890530274207432 ], [ -61.161464173907618, -12.89028027493838 ], [ -61.16121417442951, -12.89028027493838 ], [ -61.16121417442951, -12.890780273476482 ], [ -61.161714173385718, -12.890780273476482 ], [ -61.161714173385718, -12.890530274207432 ] ] ], [ [ [ -61.126464246973093, -12.889965503847021 ], [ -61.127539805555998, -12.889984583333 ], [ -61.130332961152348, -12.890030275669329 ], [ -61.13296423340379, -12.890030275669329 ], [ -61.13296423340379, -12.889530277131227 ], [ -61.126464246973093, -12.889530277131227 ], [ -61.126464246973093, -12.889965503847021 ] ] ], [ [ [ -61.16121417442951, -12.879530306369194 ], [ -61.16121417442951, -12.889280277862177 ], [ -61.161464173907618, -12.889280277862177 ], [ -61.161464173907618, -12.885530288826414 ], [ -61.161714173385718, -12.885530288826414 ], [ -61.161714173385718, -12.885280289557363 ], [ -61.161464173907618, -12.885280289557363 ], [ -61.161464173907618, -12.879530306369194 ], [ -61.16121417442951, -12.879530306369194 ] ] ], [ [ [ -61.187964118586606, -12.883280295404957 ], [ -61.188127191073299, -12.883280295404957 ], [ -61.188127329529969, -12.883030296135907 ], [ -61.187964118586606, -12.883030296135907 ], [ -61.187964118586606, -12.883280295404957 ] ] ], [ [ [ -61.187964118586606, -12.882780296866855 ], [ -61.188127467986639, -12.882780296866855 ], [ -61.18812774489998, -12.882280298328753 ], [ -61.187964118586606, -12.882280298328753 ], [ -61.187964118586606, -12.882780296866855 ] ] ], [ [ [ -61.187964118586606, -12.881780299790652 ], [ -61.187964118586606, -12.882030299059702 ], [ -61.18812788335665, -12.882030299059702 ], [ -61.18812802181332, -12.881780299790652 ], [ -61.187964118586606, -12.881780299790652 ] ] ], [ [ [ -61.187964118586606, -12.88128030125255 ], [ -61.188127682519749, -12.88128030125255 ], [ -61.188127174920275, -12.881030301983499 ], [ -61.187964118586606, -12.881030301983499 ], [ -61.187964118586606, -12.88128030125255 ] ] ], [ [ [ -61.1469642041776, -12.876780314409634 ], [ -61.1469642041776, -12.877956719411152 ], [ -61.147714202611908, -12.877946924558396 ], [ -61.147714202611908, -12.877780311485838 ], [ -61.1472142036557, -12.877780311485838 ], [ -61.1472142036557, -12.876780314409634 ], [ -61.1469642041776, -12.876780314409634 ] ] ], [ [ [ -61.180714133721601, -12.840780419666313 ], [ -61.180714133721601, -12.841030418935365 ], [ -61.180964133199701, -12.841030418935365 ], [ -61.180964133199701, -12.840780419666313 ], [ -61.180714133721601, -12.840780419666313 ] ] ], [ [ [ -61.179714135809185, -12.838030427706755 ], [ -61.179464136331084, -12.838030427706755 ], [ -61.179464136331084, -12.838280426975805 ], [ -61.179214136852977, -12.838280426975805 ], [ -61.179214136852977, -12.838780425513907 ], [ -61.179464136331084, -12.838780425513907 ], [ -61.179464136331084, -12.839030424782958 ], [ -61.178964137374876, -12.839030424782958 ], [ -61.178964137374876, -12.838780425513907 ], [ -61.178214138940561, -12.838780425513907 ], [ -61.178214138940561, -12.839030424782958 ], [ -61.17796413946246, -12.839030424782958 ], [ -61.17796413946246, -12.838780425513907 ], [ -61.17771413998436, -12.838780425513907 ], [ -61.17771413998436, -12.838530426244857 ], [ -61.176964141550044, -12.838530426244857 ], [ -61.176964141550044, -12.839030424782958 ], [ -61.176714142071944, -12.839030424782958 ], [ -61.176714142071944, -12.83928042405201 ], [ -61.176464142593836, -12.83928042405201 ], [ -61.176464142593836, -12.83978042259011 ], [ -61.176714142071944, -12.83978042259011 ], [ -61.176714142071944, -12.840280421128213 ], [ -61.176464142593836, -12.840280421128213 ], [ -61.176464142593836, -12.840530420397263 ], [ -61.176214143115736, -12.840530420397263 ], [ -61.176214143115736, -12.840780419666313 ], [ -61.175964143637628, -12.840780419666313 ], [ -61.175964143637628, -12.841280418204416 ], [ -61.176464142593836, -12.841280418204416 ], [ -61.176464142593836, -12.841530417473466 ], [ -61.176714142071944, -12.841530417473466 ], [ -61.176714142071944, -12.841780416742518 ], [ -61.177214141028145, -12.841780416742518 ], [ -61.177214141028145, -12.842030416011568 ], [ -61.17771413998436, -12.842030416011568 ], [ -61.17771413998436, -12.841780416742518 ], [ -61.17796413946246, -12.841780416742518 ], [ -61.17796413946246, -12.841530417473466 ], [ -61.17771413998436, -12.841530417473466 ], [ -61.17771413998436, -12.841280418204416 ], [ -61.177214141028145, -12.841280418204416 ], [ -61.177214141028145, -12.841030418935365 ], [ -61.178214138940561, -12.841030418935365 ], [ -61.178214138940561, -12.841530417473466 ], [ -61.178464138418668, -12.841530417473466 ], [ -61.178464138418668, -12.842280415280619 ], [ -61.178714137896769, -12.842280415280619 ], [ -61.178714137896769, -12.842780413818721 ], [ -61.178964137374876, -12.842780413818721 ], [ -61.178964137374876, -12.843030413087771 ], [ -61.179714135809185, -12.843030413087771 ], [ -61.179714135809185, -12.843280412356822 ], [ -61.180464134243493, -12.843280412356822 ], [ -61.180464134243493, -12.843030413087771 ], [ -61.180964133199701, -12.843030413087771 ], [ -61.180964133199701, -12.843280412356822 ], [ -61.181214132677809, -12.843280412356822 ], [ -61.181214132677809, -12.842780413818721 ], [ -61.180964133199701, -12.842780413818721 ], [ -61.180964133199701, -12.842280415280619 ], [ -61.180714133721601, -12.842280415280619 ], [ -61.180714133721601, -12.842030416011568 ], [ -61.180464134243493, -12.842030416011568 ], [ -61.180464134243493, -12.841530417473466 ], [ -61.180714133721601, -12.841530417473466 ], [ -61.180714133721601, -12.841280418204416 ], [ -61.180214134765393, -12.841280418204416 ], [ -61.180214134765393, -12.841030418935365 ], [ -61.180464134243493, -12.841030418935365 ], [ -61.180464134243493, -12.840780419666313 ], [ -61.180714133721601, -12.840780419666313 ], [ -61.180714133721601, -12.840530420397263 ], [ -61.181214132677809, -12.840530420397263 ], [ -61.181214132677809, -12.83978042259011 ], [ -61.18133982081563, -12.83978042259011 ], [ -61.18135142371613, -12.838530426244857 ], [ -61.180714133721601, -12.838530426244857 ], [ -61.180714133721601, -12.838780425513907 ], [ -61.180464134243493, -12.838780425513907 ], [ -61.180464134243493, -12.838530426244857 ], [ -61.179714135809185, -12.838530426244857 ], [ -61.179714135809185, -12.838280426975805 ], [ -61.180214134765393, -12.838280426975805 ], [ -61.180214134765393, -12.837280429899602 ], [ -61.179714135809185, -12.837280429899602 ], [ -61.179714135809185, -12.838030427706755 ] ], [ [ -61.178214138940561, -12.840780419666313 ], [ -61.178464138418668, -12.840780419666313 ], [ -61.178464138418668, -12.840530420397263 ], [ -61.178714137896769, -12.840530420397263 ], [ -61.178714137896769, -12.840780419666313 ], [ -61.179214136852977, -12.840780419666313 ], [ -61.179214136852977, -12.841030418935365 ], [ -61.178214138940561, -12.841030418935365 ], [ -61.178214138940561, -12.840780419666313 ] ], [ [ -61.179714135809185, -12.83978042259011 ], [ -61.179714135809185, -12.83953042332106 ], [ -61.180214134765393, -12.83953042332106 ], [ -61.180214134765393, -12.83978042259011 ], [ -61.179714135809185, -12.83978042259011 ] ], [ [ -61.178464138418668, -12.83978042259011 ], [ -61.178464138418668, -12.840280421128213 ], [ -61.178214138940561, -12.840280421128213 ], [ -61.178214138940561, -12.840530420397263 ], [ -61.17796413946246, -12.840530420397263 ], [ -61.17796413946246, -12.840780419666313 ], [ -61.17771413998436, -12.840780419666313 ], [ -61.17771413998436, -12.840280421128213 ], [ -61.17796413946246, -12.840280421128213 ], [ -61.17796413946246, -12.83978042259011 ], [ -61.178464138418668, -12.83978042259011 ] ], [ [ -61.179714135809185, -12.840530420397263 ], [ -61.179714135809185, -12.840280421128213 ], [ -61.180214134765393, -12.840280421128213 ], [ -61.180214134765393, -12.840530420397263 ], [ -61.179714135809185, -12.840530420397263 ] ], [ [ -61.179714135809185, -12.842030416011568 ], [ -61.179714135809185, -12.841780416742518 ], [ -61.180214134765393, -12.841780416742518 ], [ -61.180214134765393, -12.842030416011568 ], [ -61.179714135809185, -12.842030416011568 ] ] ], [ [ [ -61.178464138418668, -12.838530426244857 ], [ -61.178714137896769, -12.838530426244857 ], [ -61.178714137896769, -12.838280426975805 ], [ -61.178464138418668, -12.838280426975805 ], [ -61.178464138418668, -12.838530426244857 ] ] ], [ [ [ -61.179714135809185, -12.8367804313615 ], [ -61.179714135809185, -12.837030430630552 ], [ -61.180464134243493, -12.837030430630552 ], [ -61.180464134243493, -12.8367804313615 ], [ -61.179714135809185, -12.8367804313615 ] ] ], [ [ [ -61.131214237057065, -12.823030471563705 ], [ -61.130964237578965, -12.823030471563705 ], [ -61.130964237578965, -12.822780472294653 ], [ -61.130714238100857, -12.822780472294653 ], [ -61.130714238100857, -12.823030471563705 ], [ -61.130214239144649, -12.823030471563705 ], [ -61.130214239144649, -12.823530470101806 ], [ -61.13046423862275, -12.823530470101806 ], [ -61.13046423862275, -12.823780469370856 ], [ -61.130714238100857, -12.823780469370856 ], [ -61.130714238100857, -12.823280470832756 ], [ -61.131214237057065, -12.823280470832756 ], [ -61.131214237057065, -12.823030471563705 ] ] ], [ [ [ -61.130964237578965, -12.822780472294653 ], [ -61.131214237057065, -12.822780472294653 ], [ -61.131214237057065, -12.822280473756551 ], [ -61.130964237578965, -12.822280473756551 ], [ -61.130964237578965, -12.822780472294653 ] ] ], [ [ [ -61.176714142071944, -12.819530481796992 ], [ -61.176714142071944, -12.819780481066044 ], [ -61.176964141550044, -12.819780481066044 ], [ -61.176964141550044, -12.819530481796992 ], [ -61.176714142071944, -12.819530481796992 ] ] ], [ [ [ -61.143714210962251, -12.819280482527942 ], [ -61.143964210440352, -12.819280482527942 ], [ -61.143964210440352, -12.81878048398984 ], [ -61.143464211484144, -12.81878048398984 ], [ -61.143464211484144, -12.819530481796992 ], [ -61.143714210962251, -12.819530481796992 ], [ -61.143714210962251, -12.819280482527942 ] ] ], [ [ [ -61.13296423340379, -12.819280482527942 ], [ -61.133214232881897, -12.819280482527942 ], [ -61.133214232881897, -12.81878048398984 ], [ -61.13296423340379, -12.81878048398984 ], [ -61.13296423340379, -12.818530484720789 ], [ -61.132714233925689, -12.818530484720789 ], [ -61.132714233925689, -12.81878048398984 ], [ -61.131964235491374, -12.81878048398984 ], [ -61.131964235491374, -12.819530481796992 ], [ -61.132214234969481, -12.819530481796992 ], [ -61.132214234969481, -12.819280482527942 ], [ -61.132714233925689, -12.819280482527942 ], [ -61.132714233925689, -12.81903048325889 ], [ -61.13296423340379, -12.81903048325889 ], [ -61.13296423340379, -12.819280482527942 ] ] ], [ [ [ -61.142214214093627, -12.81878048398984 ], [ -61.142214214093627, -12.81903048325889 ], [ -61.143214212006043, -12.81903048325889 ], [ -61.143214212006043, -12.81878048398984 ], [ -61.142214214093627, -12.81878048398984 ] ] ], [ [ [ -61.133214232881897, -12.81878048398984 ], [ -61.133464232359998, -12.81878048398984 ], [ -61.133464232359998, -12.818530484720789 ], [ -61.133214232881897, -12.818530484720789 ], [ -61.133214232881897, -12.81878048398984 ] ] ], [ [ [ -61.133464232359998, -12.818530484720789 ], [ -61.133714231838098, -12.818530484720789 ], [ -61.133714231838098, -12.818280485451739 ], [ -61.133464232359998, -12.818280485451739 ], [ -61.133464232359998, -12.818530484720789 ] ] ], [ [ [ -61.164464167644859, -12.773030617753538 ], [ -61.164464167644859, -12.772280619946384 ], [ -61.164714167122966, -12.772280619946384 ], [ -61.164714167122966, -12.771780621408283 ], [ -61.164214168166758, -12.771780621408283 ], [ -61.164214168166758, -12.772030620677334 ], [ -61.163964168688651, -12.772030620677334 ], [ -61.163964168688651, -12.772280619946384 ], [ -61.16371416921055, -12.772280619946384 ], [ -61.16371416921055, -12.772780618484486 ], [ -61.164214168166758, -12.772780618484486 ], [ -61.164214168166758, -12.773030617753538 ], [ -61.164464167644859, -12.773030617753538 ] ] ], [ [ [ -61.145464207308976, -12.772280619946384 ], [ -61.145964206265184, -12.772280619946384 ], [ -61.145964206265184, -12.771780621408283 ], [ -61.145714206787083, -12.771780621408283 ], [ -61.145714206787083, -12.772030620677334 ], [ -61.145464207308976, -12.772030620677334 ], [ -61.145464207308976, -12.772280619946384 ] ] ], [ [ [ -61.143714210962251, -12.772030620677334 ], [ -61.14446420939656, -12.772030620677334 ], [ -61.14446420939656, -12.771530622139231 ], [ -61.144214209918459, -12.771530622139231 ], [ -61.144214209918459, -12.771780621408283 ], [ -61.143714210962251, -12.771780621408283 ], [ -61.143714210962251, -12.772030620677334 ] ] ], [ [ [ -61.158964179126578, -12.771280622870181 ], [ -61.158964179126578, -12.77103062360113 ], [ -61.15871417964847, -12.77103062360113 ], [ -61.15871417964847, -12.77078062433208 ], [ -61.15846418017037, -12.77078062433208 ], [ -61.15846418017037, -12.77103062360113 ], [ -61.158214180692269, -12.77103062360113 ], [ -61.158214180692269, -12.771280622870181 ], [ -61.15846418017037, -12.771280622870181 ], [ -61.15846418017037, -12.771530622139231 ], [ -61.15871417964847, -12.771530622139231 ], [ -61.15871417964847, -12.771280622870181 ], [ -61.158964179126578, -12.771280622870181 ] ] ], [ [ [ -61.143214212006043, -12.770280625793978 ], [ -61.143464211484144, -12.770280625793978 ], [ -61.143464211484144, -12.769780627255876 ], [ -61.142964212527943, -12.769780627255876 ], [ -61.142964212527943, -12.770530625063028 ], [ -61.143214212006043, -12.770530625063028 ], [ -61.143214212006043, -12.770280625793978 ] ] ], [ [ [ -61.142964212527943, -12.769280628717773 ], [ -61.143214212006043, -12.769280628717773 ], [ -61.143214212006043, -12.769030629448723 ], [ -61.142714213049835, -12.769030629448723 ], [ -61.142714213049835, -12.768780630179673 ], [ -61.141964214615527, -12.768780630179673 ], [ -61.141964214615527, -12.769030629448723 ], [ -61.141714215137419, -12.769030629448723 ], [ -61.141714215137419, -12.769780627255876 ], [ -61.141964214615527, -12.769780627255876 ], [ -61.141964214615527, -12.770280625793978 ], [ -61.142714213049835, -12.770280625793978 ], [ -61.142714213049835, -12.769530627986825 ], [ -61.142964212527943, -12.769530627986825 ], [ -61.142964212527943, -12.769280628717773 ] ] ], [ [ [ -61.175714144159528, -12.773280617022587 ], [ -61.176214143115736, -12.773280617022587 ], [ -61.176214143115736, -12.773530616291637 ], [ -61.176714142071944, -12.773530616291637 ], [ -61.176714142071944, -12.773280617022587 ], [ -61.176964141550044, -12.773280617022587 ], [ -61.176964141550044, -12.772780618484486 ], [ -61.176714142071944, -12.772780618484486 ], [ -61.176714142071944, -12.772530619215434 ], [ -61.176214143115736, -12.772530619215434 ], [ -61.176214143115736, -12.772280619946384 ], [ -61.175964143637628, -12.772280619946384 ], [ -61.175964143637628, -12.772030620677334 ], [ -61.175714144159528, -12.772030620677334 ], [ -61.175714144159528, -12.771780621408283 ], [ -61.174964145725212, -12.771780621408283 ], [ -61.174964145725212, -12.771530622139231 ], [ -61.175714144159528, -12.771530622139231 ], [ -61.175714144159528, -12.771280622870181 ], [ -61.176214143115736, -12.771280622870181 ], [ -61.176214143115736, -12.77103062360113 ], [ -61.175964143637628, -12.77103062360113 ], [ -61.175964143637628, -12.77078062433208 ], [ -61.176464142593836, -12.77078062433208 ], [ -61.176464142593836, -12.770530625063028 ], [ -61.176214143115736, -12.770530625063028 ], [ -61.176214143115736, -12.770030626524926 ], [ -61.176464142593836, -12.770030626524926 ], [ -61.176464142593836, -12.769780627255876 ], [ -61.176714142071944, -12.769780627255876 ], [ -61.176714142071944, -12.769530627986825 ], [ -61.176464142593836, -12.769530627986825 ], [ -61.176464142593836, -12.769030629448723 ], [ -61.175964143637628, -12.769030629448723 ], [ -61.175964143637628, -12.768780630179673 ], [ -61.175714144159528, -12.768780630179673 ], [ -61.175714144159528, -12.769030629448723 ], [ -61.17521414520332, -12.769030629448723 ], [ -61.17521414520332, -12.769530627986825 ], [ -61.174964145725212, -12.769530627986825 ], [ -61.174964145725212, -12.76803063237252 ], [ -61.17521414520332, -12.76803063237252 ], [ -61.17521414520332, -12.76778063310347 ], [ -61.174964145725212, -12.76778063310347 ], [ -61.174964145725212, -12.767530633834419 ], [ -61.176214143115736, -12.767530633834419 ], [ -61.176214143115736, -12.767280634565367 ], [ -61.175964143637628, -12.767280634565367 ], [ -61.175964143637628, -12.767030635296317 ], [ -61.176464142593836, -12.767030635296317 ], [ -61.176464142593836, -12.766780636027265 ], [ -61.176214143115736, -12.766780636027265 ], [ -61.176214143115736, -12.766530636758215 ], [ -61.176464142593836, -12.766530636758215 ], [ -61.176464142593836, -12.766280637489164 ], [ -61.175964143637628, -12.766280637489164 ], [ -61.175964143637628, -12.765780638951062 ], [ -61.176214143115736, -12.765780638951062 ], [ -61.176214143115736, -12.765530639682012 ], [ -61.176714142071944, -12.765530639682012 ], [ -61.176714142071944, -12.765780638951062 ], [ -61.177214141028145, -12.765780638951062 ], [ -61.177214141028145, -12.765280640412961 ], [ -61.176464142593836, -12.765280640412961 ], [ -61.176464142593836, -12.764780641874859 ], [ -61.17546414468142, -12.764780641874859 ], [ -61.17546414468142, -12.764530642605809 ], [ -61.173214149378488, -12.764530642605809 ], [ -61.173214149378488, -12.764780641874859 ], [ -61.173964147812796, -12.764780641874859 ], [ -61.173964147812796, -12.765780638951062 ], [ -61.174214147290904, -12.765780638951062 ], [ -61.174214147290904, -12.766030638220114 ], [ -61.174464146769012, -12.766030638220114 ], [ -61.174464146769012, -12.766780636027265 ], [ -61.174214147290904, -12.766780636027265 ], [ -61.174214147290904, -12.76778063310347 ], [ -61.173964147812796, -12.76778063310347 ], [ -61.173964147812796, -12.76828063164157 ], [ -61.173714148334696, -12.76828063164157 ], [ -61.173714148334696, -12.768780630179673 ], [ -61.173464148856596, -12.768780630179673 ], [ -61.173464148856596, -12.76803063237252 ], [ -61.173714148334696, -12.76803063237252 ], [ -61.173714148334696, -12.766030638220114 ], [ -61.173464148856596, -12.766030638220114 ], [ -61.173464148856596, -12.765780638951062 ], [ -61.173714148334696, -12.765780638951062 ], [ -61.173714148334696, -12.765530639682012 ], [ -61.173464148856596, -12.765530639682012 ], [ -61.173464148856596, -12.765280640412961 ], [ -61.173214149378488, -12.765280640412961 ], [ -61.173214149378488, -12.765530639682012 ], [ -61.17271415042228, -12.765530639682012 ], [ -61.17271415042228, -12.764780641874859 ], [ -61.172214151466072, -12.764780641874859 ], [ -61.172214151466072, -12.764530642605809 ], [ -61.170964154075556, -12.764530642605809 ], [ -61.170964154075556, -12.764280643336757 ], [ -61.169464157206932, -12.764280643336757 ], [ -61.169464157206932, -12.764530642605809 ], [ -61.167214161903999, -12.764530642605809 ], [ -61.167214161903999, -12.764280643336757 ], [ -61.166464163469691, -12.764280643336757 ], [ -61.166464163469691, -12.764530642605809 ], [ -61.166214163991583, -12.764530642605809 ], [ -61.166214163991583, -12.764280643336757 ], [ -61.165964164513483, -12.764280643336757 ], [ -61.165964164513483, -12.764530642605809 ], [ -61.165464165557275, -12.764530642605809 ], [ -61.165464165557275, -12.764780641874859 ], [ -61.166214163991583, -12.764780641874859 ], [ -61.166214163991583, -12.765280640412961 ], [ -61.165964164513483, -12.765280640412961 ], [ -61.165964164513483, -12.766030638220114 ], [ -61.166464163469691, -12.766030638220114 ], [ -61.166464163469691, -12.766280637489164 ], [ -61.166214163991583, -12.766280637489164 ], [ -61.166214163991583, -12.766780636027265 ], [ -61.165714165035375, -12.766780636027265 ], [ -61.165714165035375, -12.767280634565367 ], [ -61.164714167122966, -12.767280634565367 ], [ -61.164714167122966, -12.76778063310347 ], [ -61.164464167644859, -12.76778063310347 ], [ -61.164464167644859, -12.767280634565367 ], [ -61.164214168166758, -12.767280634565367 ], [ -61.164214168166758, -12.767030635296317 ], [ -61.163964168688651, -12.767030635296317 ], [ -61.163964168688651, -12.766780636027265 ], [ -61.163464169732443, -12.766780636027265 ], [ -61.163464169732443, -12.766530636758215 ], [ -61.162964170776235, -12.766530636758215 ], [ -61.162964170776235, -12.766780636027265 ], [ -61.161464173907618, -12.766780636027265 ], [ -61.161464173907618, -12.766530636758215 ], [ -61.16121417442951, -12.766530636758215 ], [ -61.16121417442951, -12.766280637489164 ], [ -61.16096417495141, -12.766280637489164 ], [ -61.16096417495141, -12.766530636758215 ], [ -61.160714175473302, -12.766530636758215 ], [ -61.160714175473302, -12.767030635296317 ], [ -61.160464175995202, -12.767030635296317 ], [ -61.160464175995202, -12.767280634565367 ], [ -61.160214176517094, -12.767280634565367 ], [ -61.160214176517094, -12.76778063310347 ], [ -61.159464178082786, -12.76778063310347 ], [ -61.159464178082786, -12.76803063237252 ], [ -61.159214178604678, -12.76803063237252 ], [ -61.159214178604678, -12.76778063310347 ], [ -61.158214180692269, -12.76778063310347 ], [ -61.158214180692269, -12.76803063237252 ], [ -61.15846418017037, -12.76803063237252 ], [ -61.15846418017037, -12.76828063164157 ], [ -61.158964179126578, -12.76828063164157 ], [ -61.158964179126578, -12.768780630179673 ], [ -61.159214178604678, -12.768780630179673 ], [ -61.159214178604678, -12.769030629448723 ], [ -61.159714177560886, -12.769030629448723 ], [ -61.159714177560886, -12.769280628717773 ], [ -61.160214176517094, -12.769280628717773 ], [ -61.160214176517094, -12.769030629448723 ], [ -61.160464175995202, -12.769030629448723 ], [ -61.160464175995202, -12.768530630910622 ], [ -61.16096417495141, -12.768530630910622 ], [ -61.16096417495141, -12.768780630179673 ], [ -61.161464173907618, -12.768780630179673 ], [ -61.161464173907618, -12.76828063164157 ], [ -61.161714173385718, -12.76828063164157 ], [ -61.161714173385718, -12.76803063237252 ], [ -61.161964172863819, -12.76803063237252 ], [ -61.161964172863819, -12.769030629448723 ], [ -61.162214172341926, -12.769030629448723 ], [ -61.162214172341926, -12.769280628717773 ], [ -61.161964172863819, -12.769280628717773 ], [ -61.161964172863819, -12.769780627255876 ], [ -61.162214172341926, -12.769780627255876 ], [ -61.162214172341926, -12.770280625793978 ], [ -61.162964170776235, -12.770280625793978 ], [ -61.162964170776235, -12.77078062433208 ], [ -61.162714171298134, -12.77078062433208 ], [ -61.162714171298134, -12.770530625063028 ], [ -61.161964172863819, -12.770530625063028 ], [ -61.161964172863819, -12.770280625793978 ], [ -61.161464173907618, -12.770280625793978 ], [ -61.161464173907618, -12.769780627255876 ], [ -61.159214178604678, -12.769780627255876 ], [ -61.159214178604678, -12.771530622139231 ], [ -61.159464178082786, -12.771530622139231 ], [ -61.159464178082786, -12.771780621408283 ], [ -61.160464175995202, -12.771780621408283 ], [ -61.160464175995202, -12.772030620677334 ], [ -61.159714177560886, -12.772030620677334 ], [ -61.159714177560886, -12.772780618484486 ], [ -61.160464175995202, -12.772780618484486 ], [ -61.160464175995202, -12.773030617753538 ], [ -61.16121417442951, -12.773030617753538 ], [ -61.16121417442951, -12.772780618484486 ], [ -61.162964170776235, -12.772780618484486 ], [ -61.162964170776235, -12.772280619946384 ], [ -61.162714171298134, -12.772280619946384 ], [ -61.162714171298134, -12.771780621408283 ], [ -61.163464169732443, -12.771780621408283 ], [ -61.163464169732443, -12.771530622139231 ], [ -61.16371416921055, -12.771530622139231 ], [ -61.16371416921055, -12.771280622870181 ], [ -61.164464167644859, -12.771280622870181 ], [ -61.164464167644859, -12.77103062360113 ], [ -61.164714167122966, -12.77103062360113 ], [ -61.164714167122966, -12.77078062433208 ], [ -61.165214166079167, -12.77078062433208 ], [ -61.165214166079167, -12.770530625063028 ], [ -61.165464165557275, -12.770530625063028 ], [ -61.165464165557275, -12.77078062433208 ], [ -61.165964164513483, -12.77078062433208 ], [ -61.165964164513483, -12.770280625793978 ], [ -61.166714162947791, -12.770280625793978 ], [ -61.166714162947791, -12.77103062360113 ], [ -61.165714165035375, -12.77103062360113 ], [ -61.165714165035375, -12.771280622870181 ], [ -61.165464165557275, -12.771280622870181 ], [ -61.165464165557275, -12.771780621408283 ], [ -61.166214163991583, -12.771780621408283 ], [ -61.166214163991583, -12.772280619946384 ], [ -61.165964164513483, -12.772280619946384 ], [ -61.165964164513483, -12.773030617753538 ], [ -61.166464163469691, -12.773030617753538 ], [ -61.166464163469691, -12.773280617022587 ], [ -61.166964162425899, -12.773280617022587 ], [ -61.166964162425899, -12.773030617753538 ], [ -61.167214161903999, -12.773030617753538 ], [ -61.167214161903999, -12.773280617022587 ], [ -61.167964160338315, -12.773280617022587 ], [ -61.167964160338315, -12.773530616291637 ], [ -61.168464159294516, -12.773530616291637 ], [ -61.168464159294516, -12.773030617753538 ], [ -61.168714158772623, -12.773030617753538 ], [ -61.168714158772623, -12.772780618484486 ], [ -61.168964158250724, -12.772780618484486 ], [ -61.168964158250724, -12.773030617753538 ], [ -61.169214157728831, -12.773030617753538 ], [ -61.169214157728831, -12.773280617022587 ], [ -61.169714156685039, -12.773280617022587 ], [ -61.169714156685039, -12.773030617753538 ], [ -61.170214155641247, -12.773030617753538 ], [ -61.170214155641247, -12.773280617022587 ], [ -61.170464155119348, -12.773280617022587 ], [ -61.170464155119348, -12.773530616291637 ], [ -61.171214153553663, -12.773530616291637 ], [ -61.171214153553663, -12.773280617022587 ], [ -61.171714152509864, -12.773280617022587 ], [ -61.171714152509864, -12.773030617753538 ], [ -61.173214149378488, -12.773030617753538 ], [ -61.173214149378488, -12.772280619946384 ], [ -61.173464148856596, -12.772280619946384 ], [ -61.173464148856596, -12.772030620677334 ], [ -61.173714148334696, -12.772030620677334 ], [ -61.173714148334696, -12.77103062360113 ], [ -61.173964147812796, -12.77103062360113 ], [ -61.173964147812796, -12.77078062433208 ], [ -61.174214147290904, -12.77078062433208 ], [ -61.174214147290904, -12.771280622870181 ], [ -61.173964147812796, -12.771280622870181 ], [ -61.173964147812796, -12.772280619946384 ], [ -61.174214147290904, -12.772280619946384 ], [ -61.174214147290904, -12.772780618484486 ], [ -61.17546414468142, -12.772780618484486 ], [ -61.17546414468142, -12.773030617753538 ], [ -61.175714144159528, -12.773030617753538 ], [ -61.175714144159528, -12.773280617022587 ] ], [ [ -61.174214147290904, -12.770280625793978 ], [ -61.174464146769012, -12.770280625793978 ], [ -61.174464146769012, -12.77078062433208 ], [ -61.174214147290904, -12.77078062433208 ], [ -61.174214147290904, -12.770280625793978 ] ], [ [ -61.167964160338315, -12.765280640412961 ], [ -61.167714160860207, -12.765280640412961 ], [ -61.167714160860207, -12.764780641874859 ], [ -61.167964160338315, -12.764780641874859 ], [ -61.167964160338315, -12.765280640412961 ] ], [ [ -61.175714144159528, -12.765280640412961 ], [ -61.175964143637628, -12.765280640412961 ], [ -61.175964143637628, -12.765530639682012 ], [ -61.175714144159528, -12.765530639682012 ], [ -61.175714144159528, -12.765280640412961 ] ], [ [ -61.175714144159528, -12.765780638951062 ], [ -61.17546414468142, -12.765780638951062 ], [ -61.17546414468142, -12.765530639682012 ], [ -61.175714144159528, -12.765530639682012 ], [ -61.175714144159528, -12.765780638951062 ] ], [ [ -61.170714154597455, -12.767280634565367 ], [ -61.170214155641247, -12.767280634565367 ], [ -61.170214155641247, -12.767530633834419 ], [ -61.16996415616314, -12.767530633834419 ], [ -61.16996415616314, -12.76778063310347 ], [ -61.169214157728831, -12.76778063310347 ], [ -61.169214157728831, -12.767530633834419 ], [ -61.167964160338315, -12.767530633834419 ], [ -61.167964160338315, -12.76778063310347 ], [ -61.167464161382107, -12.76778063310347 ], [ -61.167464161382107, -12.767530633834419 ], [ -61.167214161903999, -12.767530633834419 ], [ -61.167214161903999, -12.767280634565367 ], [ -61.167464161382107, -12.767280634565367 ], [ -61.167464161382107, -12.766780636027265 ], [ -61.167714160860207, -12.766780636027265 ], [ -61.167714160860207, -12.766530636758215 ], [ -61.168464159294516, -12.766530636758215 ], [ -61.168464159294516, -12.766280637489164 ], [ -61.168714158772623, -12.766280637489164 ], [ -61.168714158772623, -12.766030638220114 ], [ -61.168964158250724, -12.766030638220114 ], [ -61.168964158250724, -12.765780638951062 ], [ -61.169714156685039, -12.765780638951062 ], [ -61.169714156685039, -12.765530639682012 ], [ -61.170714154597455, -12.765530639682012 ], [ -61.170714154597455, -12.765780638951062 ], [ -61.171464153031764, -12.765780638951062 ], [ -61.171464153031764, -12.766280637489164 ], [ -61.171214153553663, -12.766280637489164 ], [ -61.171214153553663, -12.766530636758215 ], [ -61.170964154075556, -12.766530636758215 ], [ -61.170964154075556, -12.767030635296317 ], [ -61.170714154597455, -12.767030635296317 ], [ -61.170714154597455, -12.767280634565367 ] ], [ [ -61.175714144159528, -12.766780636027265 ], [ -61.17521414520332, -12.766780636027265 ], [ -61.17521414520332, -12.766530636758215 ], [ -61.175714144159528, -12.766530636758215 ], [ -61.175714144159528, -12.766780636027265 ] ], [ [ -61.17271415042228, -12.767280634565367 ], [ -61.172964149900388, -12.767280634565367 ], [ -61.172964149900388, -12.76778063310347 ], [ -61.172214151466072, -12.76778063310347 ], [ -61.172214151466072, -12.767030635296317 ], [ -61.17271415042228, -12.767030635296317 ], [ -61.17271415042228, -12.767280634565367 ] ], [ [ -61.172214151466072, -12.76803063237252 ], [ -61.171964151987972, -12.76803063237252 ], [ -61.171964151987972, -12.76828063164157 ], [ -61.171714152509864, -12.76828063164157 ], [ -61.171714152509864, -12.76778063310347 ], [ -61.172214151466072, -12.76778063310347 ], [ -61.172214151466072, -12.76803063237252 ] ], [ [ -61.161964172863819, -12.767280634565367 ], [ -61.16121417442951, -12.767280634565367 ], [ -61.16121417442951, -12.767030635296317 ], [ -61.161964172863819, -12.767030635296317 ], [ -61.161964172863819, -12.767280634565367 ] ], [ [ -61.162964170776235, -12.76778063310347 ], [ -61.162714171298134, -12.76778063310347 ], [ -61.162714171298134, -12.767280634565367 ], [ -61.163214170254342, -12.767280634565367 ], [ -61.163214170254342, -12.76828063164157 ], [ -61.162964170776235, -12.76828063164157 ], [ -61.162964170776235, -12.76778063310347 ] ], [ [ -61.171214153553663, -12.768530630910622 ], [ -61.170964154075556, -12.768530630910622 ], [ -61.170964154075556, -12.76828063164157 ], [ -61.171214153553663, -12.76828063164157 ], [ -61.171214153553663, -12.768530630910622 ] ], [ [ -61.163464169732443, -12.76828063164157 ], [ -61.163964168688651, -12.76828063164157 ], [ -61.163964168688651, -12.768530630910622 ], [ -61.164214168166758, -12.768530630910622 ], [ -61.164214168166758, -12.769030629448723 ], [ -61.163964168688651, -12.769030629448723 ], [ -61.163964168688651, -12.768780630179673 ], [ -61.16371416921055, -12.768780630179673 ], [ -61.16371416921055, -12.768530630910622 ], [ -61.163464169732443, -12.768530630910622 ], [ -61.163464169732443, -12.76828063164157 ] ], [ [ -61.168714158772623, -12.770530625063028 ], [ -61.168214159816415, -12.770530625063028 ], [ -61.168214159816415, -12.770280625793978 ], [ -61.167964160338315, -12.770280625793978 ], [ -61.167964160338315, -12.77078062433208 ], [ -61.167214161903999, -12.77078062433208 ], [ -61.167214161903999, -12.770280625793978 ], [ -61.167714160860207, -12.770280625793978 ], [ -61.167714160860207, -12.769780627255876 ], [ -61.167964160338315, -12.769780627255876 ], [ -61.167964160338315, -12.769030629448723 ], [ -61.168464159294516, -12.769030629448723 ], [ -61.168464159294516, -12.768780630179673 ], [ -61.168714158772623, -12.768780630179673 ], [ -61.168714158772623, -12.769280628717773 ], [ -61.168964158250724, -12.769280628717773 ], [ -61.168964158250724, -12.769530627986825 ], [ -61.169214157728831, -12.769530627986825 ], [ -61.169214157728831, -12.769780627255876 ], [ -61.168964158250724, -12.769780627255876 ], [ -61.168964158250724, -12.770280625793978 ], [ -61.168714158772623, -12.770280625793978 ], [ -61.168714158772623, -12.770530625063028 ] ], [ [ -61.166714162947791, -12.768780630179673 ], [ -61.166964162425899, -12.768780630179673 ], [ -61.166964162425899, -12.769280628717773 ], [ -61.165464165557275, -12.769280628717773 ], [ -61.165464165557275, -12.769030629448723 ], [ -61.165714165035375, -12.769030629448723 ], [ -61.165714165035375, -12.768780630179673 ], [ -61.165964164513483, -12.768780630179673 ], [ -61.165964164513483, -12.769030629448723 ], [ -61.166714162947791, -12.769030629448723 ], [ -61.166714162947791, -12.768780630179673 ] ], [ [ -61.176214143115736, -12.769780627255876 ], [ -61.175964143637628, -12.769780627255876 ], [ -61.175964143637628, -12.769280628717773 ], [ -61.176214143115736, -12.769280628717773 ], [ -61.176214143115736, -12.769780627255876 ] ], [ [ -61.173464148856596, -12.770280625793978 ], [ -61.173214149378488, -12.770280625793978 ], [ -61.173214149378488, -12.769530627986825 ], [ -61.173464148856596, -12.769530627986825 ], [ -61.173464148856596, -12.770280625793978 ] ], [ [ -61.17271415042228, -12.769780627255876 ], [ -61.172214151466072, -12.769780627255876 ], [ -61.172214151466072, -12.769530627986825 ], [ -61.17271415042228, -12.769530627986825 ], [ -61.17271415042228, -12.769780627255876 ] ], [ [ -61.175714144159528, -12.770530625063028 ], [ -61.17546414468142, -12.770530625063028 ], [ -61.17546414468142, -12.769780627255876 ], [ -61.175714144159528, -12.769780627255876 ], [ -61.175714144159528, -12.770530625063028 ] ], [ [ -61.170964154075556, -12.772030620677334 ], [ -61.170714154597455, -12.772030620677334 ], [ -61.170714154597455, -12.771280622870181 ], [ -61.170464155119348, -12.771280622870181 ], [ -61.170464155119348, -12.77078062433208 ], [ -61.170714154597455, -12.77078062433208 ], [ -61.170714154597455, -12.769780627255876 ], [ -61.170964154075556, -12.769780627255876 ], [ -61.170964154075556, -12.770280625793978 ], [ -61.171214153553663, -12.770280625793978 ], [ -61.171214153553663, -12.770530625063028 ], [ -61.171464153031764, -12.770530625063028 ], [ -61.171464153031764, -12.77078062433208 ], [ -61.171214153553663, -12.77078062433208 ], [ -61.171214153553663, -12.77103062360113 ], [ -61.170964154075556, -12.77103062360113 ], [ -61.170964154075556, -12.772030620677334 ] ], [ [ -61.173464148856596, -12.77078062433208 ], [ -61.173214149378488, -12.77078062433208 ], [ -61.173214149378488, -12.770530625063028 ], [ -61.173464148856596, -12.770530625063028 ], [ -61.173464148856596, -12.77078062433208 ] ], [ [ -61.16121417442951, -12.77078062433208 ], [ -61.16096417495141, -12.77078062433208 ], [ -61.16096417495141, -12.770530625063028 ], [ -61.16121417442951, -12.770530625063028 ], [ -61.16121417442951, -12.77078062433208 ] ], [ [ -61.172964149900388, -12.77103062360113 ], [ -61.17271415042228, -12.77103062360113 ], [ -61.17271415042228, -12.77078062433208 ], [ -61.172964149900388, -12.77078062433208 ], [ -61.172964149900388, -12.77103062360113 ] ], [ [ -61.166714162947791, -12.771530622139231 ], [ -61.166464163469691, -12.771530622139231 ], [ -61.166464163469691, -12.771280622870181 ], [ -61.166714162947791, -12.771280622870181 ], [ -61.166714162947791, -12.771530622139231 ] ], [ [ -61.17271415042228, -12.771780621408283 ], [ -61.172214151466072, -12.771780621408283 ], [ -61.172214151466072, -12.771530622139231 ], [ -61.17271415042228, -12.771530622139231 ], [ -61.17271415042228, -12.771780621408283 ] ], [ [ -61.161714173385718, -12.771780621408283 ], [ -61.160714175473302, -12.771780621408283 ], [ -61.160714175473302, -12.771530622139231 ], [ -61.161714173385718, -12.771530622139231 ], [ -61.161714173385718, -12.771780621408283 ] ], [ [ -61.166964162425899, -12.772780618484486 ], [ -61.166714162947791, -12.772780618484486 ], [ -61.166714162947791, -12.772280619946384 ], [ -61.166964162425899, -12.772280619946384 ], [ -61.166964162425899, -12.772780618484486 ] ] ], [ [ [ -61.177214141028145, -12.768296140462471 ], [ -61.177214141028145, -12.76828063164157 ], [ -61.176464142593836, -12.76828063164157 ], [ -61.176464142593836, -12.769030629448723 ], [ -61.177187983360241, -12.769030629448723 ], [ -61.177214141028145, -12.768296140462471 ] ], [ [ -61.176714142071944, -12.768780630179673 ], [ -61.176714142071944, -12.768530630910622 ], [ -61.176964141550044, -12.768530630910622 ], [ -61.176964141550044, -12.768780630179673 ], [ -61.176714142071944, -12.768780630179673 ] ] ], [ [ [ -61.157214182779853, -12.766530636758215 ], [ -61.157214182779853, -12.766780636027265 ], [ -61.157964181214162, -12.766780636027265 ], [ -61.157964181214162, -12.766280637489164 ], [ -61.158214180692269, -12.766280637489164 ], [ -61.158214180692269, -12.766530636758215 ], [ -61.15846418017037, -12.766530636758215 ], [ -61.15846418017037, -12.766280637489164 ], [ -61.158964179126578, -12.766280637489164 ], [ -61.158964179126578, -12.766780636027265 ], [ -61.15846418017037, -12.766780636027265 ], [ -61.15846418017037, -12.767280634565367 ], [ -61.15871417964847, -12.767280634565367 ], [ -61.15871417964847, -12.767030635296317 ], [ -61.159464178082786, -12.767030635296317 ], [ -61.159464178082786, -12.766780636027265 ], [ -61.159714177560886, -12.766780636027265 ], [ -61.159714177560886, -12.766530636758215 ], [ -61.160214176517094, -12.766530636758215 ], [ -61.160214176517094, -12.766030638220114 ], [ -61.160464175995202, -12.766030638220114 ], [ -61.160464175995202, -12.765530639682012 ], [ -61.160714175473302, -12.765530639682012 ], [ -61.160714175473302, -12.764530642605809 ], [ -61.160464175995202, -12.764530642605809 ], [ -61.160464175995202, -12.764280643336757 ], [ -61.159714177560886, -12.764280643336757 ], [ -61.159714177560886, -12.764530642605809 ], [ -61.158964179126578, -12.764530642605809 ], [ -61.158964179126578, -12.764780641874859 ], [ -61.15871417964847, -12.764780641874859 ], [ -61.15871417964847, -12.765280640412961 ], [ -61.158214180692269, -12.765280640412961 ], [ -61.158214180692269, -12.764780641874859 ], [ -61.157714181736061, -12.764780641874859 ], [ -61.157714181736061, -12.764280643336757 ], [ -61.156964183301746, -12.764280643336757 ], [ -61.156964183301746, -12.764530642605809 ], [ -61.156714183823645, -12.764530642605809 ], [ -61.156714183823645, -12.764780641874859 ], [ -61.156964183301746, -12.764780641874859 ], [ -61.156964183301746, -12.765280640412961 ], [ -61.156464184345538, -12.765280640412961 ], [ -61.156464184345538, -12.764780641874859 ], [ -61.156214184867437, -12.764780641874859 ], [ -61.156214184867437, -12.765280640412961 ], [ -61.155714185911229, -12.765280640412961 ], [ -61.155714185911229, -12.765530639682012 ], [ -61.155464186433122, -12.765530639682012 ], [ -61.155464186433122, -12.765780638951062 ], [ -61.154714187998813, -12.765780638951062 ], [ -61.154714187998813, -12.766030638220114 ], [ -61.154214189042605, -12.766030638220114 ], [ -61.154214189042605, -12.766280637489164 ], [ -61.153964189564505, -12.766280637489164 ], [ -61.153964189564505, -12.766530636758215 ], [ -61.153714190086397, -12.766530636758215 ], [ -61.153714190086397, -12.766780636027265 ], [ -61.153214191130189, -12.766780636027265 ], [ -61.153214191130189, -12.767030635296317 ], [ -61.152714192173988, -12.767030635296317 ], [ -61.152714192173988, -12.767280634565367 ], [ -61.151964193739673, -12.767280634565367 ], [ -61.151964193739673, -12.76778063310347 ], [ -61.151464194783465, -12.76778063310347 ], [ -61.151464194783465, -12.767280634565367 ], [ -61.150964195827257, -12.767280634565367 ], [ -61.150964195827257, -12.767030635296317 ], [ -61.151464194783465, -12.767030635296317 ], [ -61.151464194783465, -12.766530636758215 ], [ -61.151964193739673, -12.766530636758215 ], [ -61.151964193739673, -12.766780636027265 ], [ -61.152214193217773, -12.766780636027265 ], [ -61.152214193217773, -12.766280637489164 ], [ -61.152714192173988, -12.766280637489164 ], [ -61.152714192173988, -12.766030638220114 ], [ -61.152964191652089, -12.766030638220114 ], [ -61.152964191652089, -12.765280640412961 ], [ -61.152714192173988, -12.765280640412961 ], [ -61.152714192173988, -12.764780641874859 ], [ -61.152214193217773, -12.764780641874859 ], [ -61.152214193217773, -12.765280640412961 ], [ -61.151464194783465, -12.765280640412961 ], [ -61.151464194783465, -12.765530639682012 ], [ -61.150714196349156, -12.765530639682012 ], [ -61.150714196349156, -12.765280640412961 ], [ -61.14971419843674, -12.765280640412961 ], [ -61.14971419843674, -12.765530639682012 ], [ -61.14946419895864, -12.765530639682012 ], [ -61.14946419895864, -12.765780638951062 ], [ -61.14971419843674, -12.765780638951062 ], [ -61.14971419843674, -12.766280637489164 ], [ -61.148964200002432, -12.766280637489164 ], [ -61.148964200002432, -12.766030638220114 ], [ -61.148214201568116, -12.766030638220114 ], [ -61.148214201568116, -12.766530636758215 ], [ -61.147964202090016, -12.766530636758215 ], [ -61.147964202090016, -12.766780636027265 ], [ -61.146714204699492, -12.766780636027265 ], [ -61.146714204699492, -12.766530636758215 ], [ -61.1469642041776, -12.766530636758215 ], [ -61.1469642041776, -12.766280637489164 ], [ -61.1472142036557, -12.766280637489164 ], [ -61.1472142036557, -12.765780638951062 ], [ -61.146464205221392, -12.765780638951062 ], [ -61.146464205221392, -12.765530639682012 ], [ -61.146214205743291, -12.765530639682012 ], [ -61.146214205743291, -12.765280640412961 ], [ -61.145964206265184, -12.765280640412961 ], [ -61.145964206265184, -12.763530645529604 ], [ -61.145714206787083, -12.763530645529604 ], [ -61.145714206787083, -12.763280646260554 ], [ -61.145464207308976, -12.763280646260554 ], [ -61.145464207308976, -12.763530645529604 ], [ -61.145214207830875, -12.763530645529604 ], [ -61.145214207830875, -12.763780644798656 ], [ -61.145464207308976, -12.763780644798656 ], [ -61.145464207308976, -12.764280643336757 ], [ -61.145214207830875, -12.764280643336757 ], [ -61.145214207830875, -12.764530642605809 ], [ -61.144714208874667, -12.764530642605809 ], [ -61.144714208874667, -12.763780644798656 ], [ -61.14446420939656, -12.763780644798656 ], [ -61.14446420939656, -12.763530645529604 ], [ -61.144214209918459, -12.763530645529604 ], [ -61.144214209918459, -12.763280646260554 ], [ -61.143964210440352, -12.763280646260554 ], [ -61.143964210440352, -12.763780644798656 ], [ -61.142964212527943, -12.763780644798656 ], [ -61.142964212527943, -12.764030644067706 ], [ -61.143214212006043, -12.764030644067706 ], [ -61.143214212006043, -12.764530642605809 ], [ -61.142964212527943, -12.764530642605809 ], [ -61.142964212527943, -12.766030638220114 ], [ -61.143214212006043, -12.766030638220114 ], [ -61.143214212006043, -12.766280637489164 ], [ -61.142964212527943, -12.766280637489164 ], [ -61.142964212527943, -12.766530636758215 ], [ -61.143214212006043, -12.766530636758215 ], [ -61.143214212006043, -12.766780636027265 ], [ -61.143464211484144, -12.766780636027265 ], [ -61.143464211484144, -12.767030635296317 ], [ -61.143214212006043, -12.767030635296317 ], [ -61.143214212006043, -12.767280634565367 ], [ -61.143464211484144, -12.767280634565367 ], [ -61.143464211484144, -12.768530630910622 ], [ -61.143214212006043, -12.768530630910622 ], [ -61.143214212006043, -12.769030629448723 ], [ -61.143464211484144, -12.769030629448723 ], [ -61.143464211484144, -12.769280628717773 ], [ -61.144214209918459, -12.769280628717773 ], [ -61.144214209918459, -12.769530627986825 ], [ -61.14446420939656, -12.769530627986825 ], [ -61.14446420939656, -12.769780627255876 ], [ -61.143714210962251, -12.769780627255876 ], [ -61.143714210962251, -12.77078062433208 ], [ -61.144214209918459, -12.77078062433208 ], [ -61.144214209918459, -12.770530625063028 ], [ -61.14446420939656, -12.770530625063028 ], [ -61.14446420939656, -12.77078062433208 ], [ -61.144714208874667, -12.77078062433208 ], [ -61.144714208874667, -12.77103062360113 ], [ -61.145214207830875, -12.77103062360113 ], [ -61.145214207830875, -12.771280622870181 ], [ -61.145714206787083, -12.771280622870181 ], [ -61.145714206787083, -12.77103062360113 ], [ -61.145964206265184, -12.77103062360113 ], [ -61.145964206265184, -12.771280622870181 ], [ -61.146714204699492, -12.771280622870181 ], [ -61.146714204699492, -12.771530622139231 ], [ -61.147714202611908, -12.771530622139231 ], [ -61.147714202611908, -12.771780621408283 ], [ -61.148214201568116, -12.771780621408283 ], [ -61.148214201568116, -12.771530622139231 ], [ -61.148714200524324, -12.771530622139231 ], [ -61.148714200524324, -12.771280622870181 ], [ -61.148964200002432, -12.771280622870181 ], [ -61.148964200002432, -12.771530622139231 ], [ -61.14971419843674, -12.771530622139231 ], [ -61.14971419843674, -12.771780621408283 ], [ -61.150214197392948, -12.771780621408283 ], [ -61.150214197392948, -12.771530622139231 ], [ -61.151214195305364, -12.771530622139231 ], [ -61.151214195305364, -12.772280619946384 ], [ -61.151714194261572, -12.772280619946384 ], [ -61.151714194261572, -12.772780618484486 ], [ -61.151964193739673, -12.772780618484486 ], [ -61.151964193739673, -12.772280619946384 ], [ -61.153464190608297, -12.772280619946384 ], [ -61.153464190608297, -12.772780618484486 ], [ -61.154464188520713, -12.772780618484486 ], [ -61.154464188520713, -12.772280619946384 ], [ -61.154714187998813, -12.772280619946384 ], [ -61.154714187998813, -12.771780621408283 ], [ -61.155714185911229, -12.771780621408283 ], [ -61.155714185911229, -12.772030620677334 ], [ -61.156214184867437, -12.772030620677334 ], [ -61.156214184867437, -12.772280619946384 ], [ -61.157964181214162, -12.772280619946384 ], [ -61.157964181214162, -12.772030620677334 ], [ -61.157714181736061, -12.772030620677334 ], [ -61.157714181736061, -12.771780621408283 ], [ -61.157214182779853, -12.771780621408283 ], [ -61.157214182779853, -12.771530622139231 ], [ -61.156964183301746, -12.771530622139231 ], [ -61.156964183301746, -12.77078062433208 ], [ -61.157214182779853, -12.77078062433208 ], [ -61.157214182779853, -12.770280625793978 ], [ -61.158214180692269, -12.770280625793978 ], [ -61.158214180692269, -12.769530627986825 ], [ -61.157964181214162, -12.769530627986825 ], [ -61.157964181214162, -12.769030629448723 ], [ -61.158214180692269, -12.769030629448723 ], [ -61.158214180692269, -12.768530630910622 ], [ -61.157964181214162, -12.768530630910622 ], [ -61.157964181214162, -12.76828063164157 ], [ -61.157214182779853, -12.76828063164157 ], [ -61.157214182779853, -12.768530630910622 ], [ -61.156964183301746, -12.768530630910622 ], [ -61.156964183301746, -12.76803063237252 ], [ -61.157214182779853, -12.76803063237252 ], [ -61.157214182779853, -12.767030635296317 ], [ -61.155964185389337, -12.767030635296317 ], [ -61.155964185389337, -12.766530636758215 ], [ -61.156214184867437, -12.766530636758215 ], [ -61.156214184867437, -12.766280637489164 ], [ -61.156964183301746, -12.766280637489164 ], [ -61.156964183301746, -12.766530636758215 ], [ -61.157214182779853, -12.766530636758215 ] ], [ [ -61.143464211484144, -12.766530636758215 ], [ -61.143714210962251, -12.766530636758215 ], [ -61.143714210962251, -12.766780636027265 ], [ -61.143464211484144, -12.766780636027265 ], [ -61.143464211484144, -12.766530636758215 ] ], [ [ -61.151214195305364, -12.771280622870181 ], [ -61.151464194783465, -12.771280622870181 ], [ -61.151464194783465, -12.77103062360113 ], [ -61.151714194261572, -12.77103062360113 ], [ -61.151714194261572, -12.77078062433208 ], [ -61.151464194783465, -12.77078062433208 ], [ -61.151464194783465, -12.769530627986825 ], [ -61.151964193739673, -12.769530627986825 ], [ -61.151964193739673, -12.769280628717773 ], [ -61.152714192173988, -12.769280628717773 ], [ -61.152714192173988, -12.769780627255876 ], [ -61.152214193217773, -12.769780627255876 ], [ -61.152214193217773, -12.77078062433208 ], [ -61.152714192173988, -12.77078062433208 ], [ -61.152714192173988, -12.77103062360113 ], [ -61.151964193739673, -12.77103062360113 ], [ -61.151964193739673, -12.771280622870181 ], [ -61.151714194261572, -12.771280622870181 ], [ -61.151714194261572, -12.771530622139231 ], [ -61.151214195305364, -12.771530622139231 ], [ -61.151214195305364, -12.771280622870181 ] ], [ [ -61.152714192173988, -12.770280625793978 ], [ -61.152964191652089, -12.770280625793978 ], [ -61.152964191652089, -12.769280628717773 ], [ -61.154464188520713, -12.769280628717773 ], [ -61.154464188520713, -12.769780627255876 ], [ -61.154214189042605, -12.769780627255876 ], [ -61.154214189042605, -12.769530627986825 ], [ -61.153464190608297, -12.769530627986825 ], [ -61.153464190608297, -12.769780627255876 ], [ -61.153214191130189, -12.769780627255876 ], [ -61.153214191130189, -12.770530625063028 ], [ -61.152964191652089, -12.770530625063028 ], [ -61.152964191652089, -12.77078062433208 ], [ -61.152714192173988, -12.77078062433208 ], [ -61.152714192173988, -12.770280625793978 ] ], [ [ -61.156964183301746, -12.769780627255876 ], [ -61.156714183823645, -12.769780627255876 ], [ -61.156714183823645, -12.769530627986825 ], [ -61.156464184345538, -12.769530627986825 ], [ -61.156464184345538, -12.769780627255876 ], [ -61.156214184867437, -12.769780627255876 ], [ -61.156214184867437, -12.768530630910622 ], [ -61.156464184345538, -12.768530630910622 ], [ -61.156464184345538, -12.76828063164157 ], [ -61.156714183823645, -12.76828063164157 ], [ -61.156714183823645, -12.768530630910622 ], [ -61.156964183301746, -12.768530630910622 ], [ -61.156964183301746, -12.769780627255876 ] ], [ [ -61.156214184867437, -12.770280625793978 ], [ -61.155964185389337, -12.770280625793978 ], [ -61.155964185389337, -12.769780627255876 ], [ -61.156214184867437, -12.769780627255876 ], [ -61.156214184867437, -12.770280625793978 ] ], [ [ -61.143714210962251, -12.764530642605809 ], [ -61.143714210962251, -12.764280643336757 ], [ -61.144214209918459, -12.764280643336757 ], [ -61.144214209918459, -12.764780641874859 ], [ -61.143964210440352, -12.764780641874859 ], [ -61.143964210440352, -12.764530642605809 ], [ -61.143714210962251, -12.764530642605809 ] ], [ [ -61.143464211484144, -12.766280637489164 ], [ -61.143464211484144, -12.766030638220114 ], [ -61.143964210440352, -12.766030638220114 ], [ -61.143964210440352, -12.766280637489164 ], [ -61.143464211484144, -12.766280637489164 ] ], [ [ -61.144964208352768, -12.767030635296317 ], [ -61.144964208352768, -12.766530636758215 ], [ -61.145214207830875, -12.766530636758215 ], [ -61.145214207830875, -12.766280637489164 ], [ -61.145464207308976, -12.766280637489164 ], [ -61.145464207308976, -12.766780636027265 ], [ -61.145714206787083, -12.766780636027265 ], [ -61.145714206787083, -12.767030635296317 ], [ -61.145214207830875, -12.767030635296317 ], [ -61.145214207830875, -12.767280634565367 ], [ -61.144964208352768, -12.767280634565367 ], [ -61.144964208352768, -12.767530633834419 ], [ -61.144714208874667, -12.767530633834419 ], [ -61.144714208874667, -12.767030635296317 ], [ -61.144964208352768, -12.767030635296317 ] ], [ [ -61.148714200524324, -12.767280634565367 ], [ -61.148714200524324, -12.766780636027265 ], [ -61.148964200002432, -12.766780636027265 ], [ -61.148964200002432, -12.767030635296317 ], [ -61.14946419895864, -12.767030635296317 ], [ -61.14946419895864, -12.767280634565367 ], [ -61.148714200524324, -12.767280634565367 ] ], [ [ -61.150964195827257, -12.76828063164157 ], [ -61.150964195827257, -12.76803063237252 ], [ -61.151214195305364, -12.76803063237252 ], [ -61.151214195305364, -12.76828063164157 ], [ -61.150964195827257, -12.76828063164157 ] ], [ [ -61.147714202611908, -12.769030629448723 ], [ -61.147714202611908, -12.76803063237252 ], [ -61.147964202090016, -12.76803063237252 ], [ -61.147964202090016, -12.769030629448723 ], [ -61.147714202611908, -12.769030629448723 ] ], [ [ -61.145964206265184, -12.768530630910622 ], [ -61.145964206265184, -12.76803063237252 ], [ -61.146214205743291, -12.76803063237252 ], [ -61.146214205743291, -12.76828063164157 ], [ -61.146464205221392, -12.76828063164157 ], [ -61.146464205221392, -12.768530630910622 ], [ -61.145964206265184, -12.768530630910622 ] ], [ [ -61.155464186433122, -12.769280628717773 ], [ -61.155464186433122, -12.769780627255876 ], [ -61.155214186955021, -12.769780627255876 ], [ -61.155214186955021, -12.769530627986825 ], [ -61.154714187998813, -12.769530627986825 ], [ -61.154714187998813, -12.76828063164157 ], [ -61.155214186955021, -12.76828063164157 ], [ -61.155214186955021, -12.769280628717773 ], [ -61.155464186433122, -12.769280628717773 ] ], [ [ -61.153714190086397, -12.770280625793978 ], [ -61.153714190086397, -12.769780627255876 ], [ -61.153964189564505, -12.769780627255876 ], [ -61.153964189564505, -12.770280625793978 ], [ -61.153714190086397, -12.770280625793978 ] ], [ [ -61.150714196349156, -12.771280622870181 ], [ -61.150714196349156, -12.77078062433208 ], [ -61.150464196871049, -12.77078062433208 ], [ -61.150464196871049, -12.770530625063028 ], [ -61.150714196349156, -12.770530625063028 ], [ -61.150714196349156, -12.770280625793978 ], [ -61.150964195827257, -12.770280625793978 ], [ -61.150964195827257, -12.769780627255876 ], [ -61.151214195305364, -12.769780627255876 ], [ -61.151214195305364, -12.77103062360113 ], [ -61.150964195827257, -12.77103062360113 ], [ -61.150964195827257, -12.771280622870181 ], [ -61.150714196349156, -12.771280622870181 ] ], [ [ -61.150464196871049, -12.77103062360113 ], [ -61.150214197392948, -12.77103062360113 ], [ -61.150214197392948, -12.77078062433208 ], [ -61.150464196871049, -12.77078062433208 ], [ -61.150464196871049, -12.77103062360113 ] ], [ [ -61.147964202090016, -12.770530625063028 ], [ -61.147964202090016, -12.770280625793978 ], [ -61.148464201046224, -12.770280625793978 ], [ -61.148464201046224, -12.77078062433208 ], [ -61.148214201568116, -12.77078062433208 ], [ -61.148214201568116, -12.770530625063028 ], [ -61.147964202090016, -12.770530625063028 ] ], [ [ -61.1472142036557, -12.770530625063028 ], [ -61.1472142036557, -12.770280625793978 ], [ -61.147714202611908, -12.770280625793978 ], [ -61.147714202611908, -12.77078062433208 ], [ -61.1469642041776, -12.77078062433208 ], [ -61.1469642041776, -12.770530625063028 ], [ -61.1472142036557, -12.770530625063028 ] ], [ [ -61.155214186955021, -12.771280622870181 ], [ -61.155214186955021, -12.77103062360113 ], [ -61.155464186433122, -12.77103062360113 ], [ -61.155464186433122, -12.771530622139231 ], [ -61.154714187998813, -12.771530622139231 ], [ -61.154714187998813, -12.771280622870181 ], [ -61.155214186955021, -12.771280622870181 ] ] ], [ [ [ -61.164464167644859, -12.766280637489164 ], [ -61.164464167644859, -12.766780636027265 ], [ -61.164714167122966, -12.766780636027265 ], [ -61.164714167122966, -12.767030635296317 ], [ -61.165214166079167, -12.767030635296317 ], [ -61.165214166079167, -12.766280637489164 ], [ -61.165464165557275, -12.766280637489164 ], [ -61.165464165557275, -12.765780638951062 ], [ -61.165714165035375, -12.765780638951062 ], [ -61.165714165035375, -12.765530639682012 ], [ -61.164714167122966, -12.765530639682012 ], [ -61.164714167122966, -12.766030638220114 ], [ -61.164464167644859, -12.766030638220114 ], [ -61.164464167644859, -12.765780638951062 ], [ -61.163964168688651, -12.765780638951062 ], [ -61.163964168688651, -12.766030638220114 ], [ -61.164214168166758, -12.766030638220114 ], [ -61.164214168166758, -12.766280637489164 ], [ -61.164464167644859, -12.766280637489164 ] ] ], [ [ [ -61.153214191130189, -12.766280637489164 ], [ -61.153464190608297, -12.766280637489164 ], [ -61.153464190608297, -12.766030638220114 ], [ -61.153214191130189, -12.766030638220114 ], [ -61.153214191130189, -12.766280637489164 ] ] ], [ [ [ -61.176214143115736, -12.766030638220114 ], [ -61.176464142593836, -12.766030638220114 ], [ -61.176464142593836, -12.765780638951062 ], [ -61.176214143115736, -12.765780638951062 ], [ -61.176214143115736, -12.766030638220114 ] ] ], [ [ [ -61.141964214615527, -12.764780641874859 ], [ -61.141964214615527, -12.765280640412961 ], [ -61.142214214093627, -12.765280640412961 ], [ -61.142214214093627, -12.764780641874859 ], [ -61.141964214615527, -12.764780641874859 ] ] ], [ [ [ -61.153464190608297, -12.765280640412961 ], [ -61.153714190086397, -12.765280640412961 ], [ -61.153714190086397, -12.764530642605809 ], [ -61.153464190608297, -12.764530642605809 ], [ -61.153464190608297, -12.765280640412961 ] ] ], [ [ [ -61.163964168688651, -12.764280643336757 ], [ -61.163214170254342, -12.764280643336757 ], [ -61.163214170254342, -12.764530642605809 ], [ -61.162714171298134, -12.764530642605809 ], [ -61.162714171298134, -12.765280640412961 ], [ -61.162964170776235, -12.765280640412961 ], [ -61.162964170776235, -12.764780641874859 ], [ -61.163464169732443, -12.764780641874859 ], [ -61.163464169732443, -12.764530642605809 ], [ -61.163964168688651, -12.764530642605809 ], [ -61.163964168688651, -12.764280643336757 ] ] ], [ [ [ -61.155214186955021, -12.764780641874859 ], [ -61.155214186955021, -12.764530642605809 ], [ -61.155464186433122, -12.764530642605809 ], [ -61.155464186433122, -12.764280643336757 ], [ -61.154714187998813, -12.764280643336757 ], [ -61.154714187998813, -12.764780641874859 ], [ -61.155214186955021, -12.764780641874859 ] ] ], [ [ [ -61.141464215659319, -12.764780641874859 ], [ -61.141964214615527, -12.764780641874859 ], [ -61.141964214615527, -12.764280643336757 ], [ -61.141214216181211, -12.764280643336757 ], [ -61.141214216181211, -12.764530642605809 ], [ -61.141464215659319, -12.764530642605809 ], [ -61.141464215659319, -12.764780641874859 ] ] ], [ [ [ -61.15871417964847, -12.764530642605809 ], [ -61.158964179126578, -12.764530642605809 ], [ -61.158964179126578, -12.764280643336757 ], [ -61.158214180692269, -12.764280643336757 ], [ -61.158214180692269, -12.764780641874859 ], [ -61.15871417964847, -12.764780641874859 ], [ -61.15871417964847, -12.764530642605809 ] ] ], [ [ [ -61.161464173907618, -12.764280643336757 ], [ -61.161464173907618, -12.764530642605809 ], [ -61.161714173385718, -12.764530642605809 ], [ -61.161714173385718, -12.764780641874859 ], [ -61.161964172863819, -12.764780641874859 ], [ -61.161964172863819, -12.764530642605809 ], [ -61.162214172341926, -12.764530642605809 ], [ -61.162214172341926, -12.764280643336757 ], [ -61.161464173907618, -12.764280643336757 ] ] ], [ [ [ -61.151964193739673, -12.764280643336757 ], [ -61.152214193217773, -12.764280643336757 ], [ -61.152214193217773, -12.764030644067706 ], [ -61.151964193739673, -12.764030644067706 ], [ -61.151964193739673, -12.764280643336757 ] ] ], [ [ [ -61.147714202611908, -12.764030644067706 ], [ -61.147964202090016, -12.764030644067706 ], [ -61.147964202090016, -12.764780641874859 ], [ -61.148214201568116, -12.764780641874859 ], [ -61.148214201568116, -12.765280640412961 ], [ -61.148714200524324, -12.765280640412961 ], [ -61.148714200524324, -12.764780641874859 ], [ -61.148964200002432, -12.764780641874859 ], [ -61.148964200002432, -12.764030644067706 ], [ -61.14971419843674, -12.764030644067706 ], [ -61.14971419843674, -12.764280643336757 ], [ -61.150214197392948, -12.764280643336757 ], [ -61.150214197392948, -12.764530642605809 ], [ -61.150464196871049, -12.764530642605809 ], [ -61.150464196871049, -12.764030644067706 ], [ -61.150214197392948, -12.764030644067706 ], [ -61.150214197392948, -12.763530645529604 ], [ -61.14971419843674, -12.763530645529604 ], [ -61.14971419843674, -12.763280646260554 ], [ -61.14946419895864, -12.763280646260554 ], [ -61.14946419895864, -12.762280649184351 ], [ -61.148964200002432, -12.762280649184351 ], [ -61.148964200002432, -12.763030646991503 ], [ -61.148714200524324, -12.763030646991503 ], [ -61.148714200524324, -12.763280646260554 ], [ -61.148464201046224, -12.763280646260554 ], [ -61.148464201046224, -12.763030646991503 ], [ -61.148214201568116, -12.763030646991503 ], [ -61.148214201568116, -12.7620306499153 ], [ -61.147714202611908, -12.7620306499153 ], [ -61.147714202611908, -12.762280649184351 ], [ -61.147964202090016, -12.762280649184351 ], [ -61.147964202090016, -12.762780647722453 ], [ -61.147714202611908, -12.762780647722453 ], [ -61.147714202611908, -12.763530645529604 ], [ -61.1472142036557, -12.763530645529604 ], [ -61.1472142036557, -12.763780644798656 ], [ -61.147714202611908, -12.763780644798656 ], [ -61.147714202611908, -12.764030644067706 ] ] ], [ [ [ -61.142714213049835, -12.762780647722453 ], [ -61.142714213049835, -12.763030646991503 ], [ -61.142964212527943, -12.763030646991503 ], [ -61.142964212527943, -12.762780647722453 ], [ -61.142714213049835, -12.762780647722453 ] ] ], [ [ [ -61.142964212527943, -12.762280649184351 ], [ -61.143214212006043, -12.762280649184351 ], [ -61.143214212006043, -12.7620306499153 ], [ -61.142964212527943, -12.7620306499153 ], [ -61.142964212527943, -12.762280649184351 ] ] ], [ [ [ -61.13296423340379, -12.744530701081741 ], [ -61.133214232881897, -12.744530701081741 ], [ -61.133214232881897, -12.744280701812691 ], [ -61.13296423340379, -12.744280701812691 ], [ -61.13296423340379, -12.744530701081741 ] ] ], [ [ [ -61.131214237057065, -12.739530715700724 ], [ -61.130214239144649, -12.739530715700724 ], [ -61.130214239144649, -12.739780714969775 ], [ -61.131464236535166, -12.739780714969775 ], [ -61.131464236535166, -12.739530715700724 ], [ -61.132214234969481, -12.739530715700724 ], [ -61.132214234969481, -12.739333935828743 ], [ -61.131214237057065, -12.739412383459504 ], [ -61.131214237057065, -12.739530715700724 ] ] ], [ [ [ -61.133714231838098, -12.739530715700724 ], [ -61.134214230794313, -12.739530715700724 ], [ -61.134214230794313, -12.739280716431674 ], [ -61.133714231838098, -12.739280716431674 ], [ -61.133714231838098, -12.739530715700724 ] ] ], [ [ [ -61.13296423340379, -12.739530715700724 ], [ -61.133214232881897, -12.739530715700724 ], [ -61.133214232881897, -12.739280716431674 ], [ -61.13296423340379, -12.739280716431674 ], [ -61.13296423340379, -12.739530715700724 ] ] ], [ [ [ -61.136214226619138, -12.739530715700724 ], [ -61.136214226619138, -12.739280716431674 ], [ -61.136964225053447, -12.739280716431674 ], [ -61.136964225053447, -12.739030717162622 ], [ -61.136079463660032, -12.739030717162622 ], [ -61.13571422766293, -12.739059369121078 ], [ -61.13571422766293, -12.739530715700724 ], [ -61.136214226619138, -12.739530715700724 ] ] ], [ [ [ -61.134714229750514, -12.739280716431674 ], [ -61.134714229750514, -12.739137816751839 ], [ -61.134464230272414, -12.73915742865953 ], [ -61.134464230272414, -12.739280716431674 ], [ -61.134714229750514, -12.739280716431674 ] ] ], [ [ [ -61.137964222965863, -12.739280716431674 ], [ -61.137964222965863, -12.738882861951863 ], [ -61.137714223487762, -12.738902473859554 ], [ -61.137714223487762, -12.739030717162622 ], [ -61.137214224531554, -12.739030717162622 ], [ -61.137214224531554, -12.739280716431674 ], [ -61.137964222965863, -12.739280716431674 ] ] ], [ [ [ -61.147714202611908, -12.738530718624521 ], [ -61.147964202090016, -12.738530718624521 ], [ -61.147964202090016, -12.738397718541126 ], [ -61.147714202611908, -12.738405310455294 ], [ -61.147714202611908, -12.738530718624521 ] ] ], [ [ [ -61.157714181736061, -12.738280719355471 ], [ -61.157714181736061, -12.738104793050002 ], [ -61.157464182257954, -12.738111380021145 ], [ -61.157464182257954, -12.738280719355471 ], [ -61.157714181736061, -12.738280719355471 ] ] ], [ [ [ -61.118464263673772, -12.898780250086109 ], [ -61.11871426315188, -12.898780250086109 ], [ -61.11871426315188, -12.898530250817057 ], [ -61.118464263673772, -12.898530250817057 ], [ -61.118464263673772, -12.898780250086109 ] ] ], [ [ [ -61.125964248016885, -12.889780276400279 ], [ -61.125714248538785, -12.889780276400279 ], [ -61.125714248538785, -12.889952199518612 ], [ -61.125964248016885, -12.889956634294748 ], [ -61.125964248016885, -12.889780276400279 ] ] ], [ [ [ -61.122964254279644, -12.889780276400279 ], [ -61.122964254279644, -12.88990341698111 ], [ -61.125464249060677, -12.889947764742475 ], [ -61.125464249060677, -12.889780276400279 ], [ -61.125714248538785, -12.889780276400279 ], [ -61.125714248538785, -12.889530277131227 ], [ -61.123714252713953, -12.889530277131227 ], [ -61.123714252713953, -12.889780276400279 ], [ -61.123214253757745, -12.889780276400279 ], [ -61.123214253757745, -12.889530277131227 ], [ -61.119214262108088, -12.889530277131227 ], [ -61.119214262108088, -12.889780276400279 ], [ -61.122964254279644, -12.889780276400279 ] ] ], [ [ [ -61.115714269414632, -12.826530461330416 ], [ -61.115964268892739, -12.826530461330416 ], [ -61.115964268892739, -12.827030459868517 ], [ -61.115714269414632, -12.827030459868517 ], [ -61.115714269414632, -12.827280459137569 ], [ -61.115964268892739, -12.827280459137569 ], [ -61.115964268892739, -12.827530458406621 ], [ -61.116714267327048, -12.827530458406621 ], [ -61.116714267327048, -12.827280459137569 ], [ -61.117714265239464, -12.827280459137569 ], [ -61.117714265239464, -12.827030459868517 ], [ -61.117964264717571, -12.827030459868517 ], [ -61.117964264717571, -12.826780460599467 ], [ -61.117214266283256, -12.826780460599467 ], [ -61.117214266283256, -12.826530461330416 ], [ -61.116964266805155, -12.826530461330416 ], [ -61.116964266805155, -12.826280462061366 ], [ -61.116464267848947, -12.826280462061366 ], [ -61.116464267848947, -12.826030462792314 ], [ -61.116714267327048, -12.826030462792314 ], [ -61.116714267327048, -12.825780463523264 ], [ -61.116964266805155, -12.825780463523264 ], [ -61.116964266805155, -12.825530464254213 ], [ -61.117214266283256, -12.825530464254213 ], [ -61.117214266283256, -12.825030465716111 ], [ -61.116964266805155, -12.825030465716111 ], [ -61.116964266805155, -12.824780466447059 ], [ -61.116714267327048, -12.824780466447059 ], [ -61.116714267327048, -12.824530467178009 ], [ -61.11621426837084, -12.824530467178009 ], [ -61.11621426837084, -12.824780466447059 ], [ -61.115964268892739, -12.824780466447059 ], [ -61.115964268892739, -12.825530464254213 ], [ -61.115714269414632, -12.825530464254213 ], [ -61.115714269414632, -12.826030462792314 ], [ -61.115964268892739, -12.826030462792314 ], [ -61.115964268892739, -12.826280462061366 ], [ -61.115714269414632, -12.826280462061366 ], [ -61.115714269414632, -12.826530461330416 ] ] ], [ [ [ -61.11871426315188, -12.812280502994518 ], [ -61.11871426315188, -12.81278050153262 ], [ -61.11896426262998, -12.81278050153262 ], [ -61.11896426262998, -12.812280502994518 ], [ -61.11871426315188, -12.812280502994518 ] ] ], [ [ [ -61.118464263673772, -12.773780615560689 ], [ -61.11871426315188, -12.773780615560689 ], [ -61.11871426315188, -12.773530616291637 ], [ -61.118464263673772, -12.773530616291637 ], [ -61.118464263673772, -12.773780615560689 ] ] ], [ [ [ -61.11871426315188, -12.773530616291637 ], [ -61.11896426262998, -12.773530616291637 ], [ -61.11896426262998, -12.773280617022587 ], [ -61.11871426315188, -12.773280617022587 ], [ -61.11871426315188, -12.773530616291637 ] ] ], [ [ [ -61.11896426262998, -12.773030617753538 ], [ -61.11896426262998, -12.773280617022587 ], [ -61.119464261586188, -12.773280617022587 ], [ -61.119464261586188, -12.773030617753538 ], [ -61.11896426262998, -12.773030617753538 ] ] ], [ [ [ -61.11896426262998, -12.772280619946384 ], [ -61.119214262108088, -12.772280619946384 ], [ -61.119214262108088, -12.772780618484486 ], [ -61.119464261586188, -12.772780618484486 ], [ -61.119464261586188, -12.772280619946384 ], [ -61.120214260020504, -12.772280619946384 ], [ -61.120214260020504, -12.772030620677334 ], [ -61.11896426262998, -12.772030620677334 ], [ -61.11896426262998, -12.772280619946384 ] ] ], [ [ [ -61.117964264717571, -12.772280619946384 ], [ -61.118214264195672, -12.772280619946384 ], [ -61.118214264195672, -12.772030620677334 ], [ -61.117964264717571, -12.772030620677334 ], [ -61.117964264717571, -12.772280619946384 ] ] ], [ [ [ -61.12146425741102, -12.771780621408283 ], [ -61.12146425741102, -12.772030620677334 ], [ -61.121714256889121, -12.772030620677334 ], [ -61.121714256889121, -12.771780621408283 ], [ -61.12146425741102, -12.771780621408283 ] ] ], [ [ [ -61.115964268892739, -12.772030620677334 ], [ -61.116464267848947, -12.772030620677334 ], [ -61.116464267848947, -12.771780621408283 ], [ -61.115964268892739, -12.771780621408283 ], [ -61.115964268892739, -12.772030620677334 ] ] ], [ [ [ -61.120214260020504, -12.772030620677334 ], [ -61.120464259498604, -12.772030620677334 ], [ -61.120464259498604, -12.771780621408283 ], [ -61.120214260020504, -12.771780621408283 ], [ -61.120214260020504, -12.772030620677334 ] ] ], [ [ [ -61.120714258976712, -12.771280622870181 ], [ -61.120714258976712, -12.771530622139231 ], [ -61.120964258454812, -12.771530622139231 ], [ -61.120964258454812, -12.771280622870181 ], [ -61.120714258976712, -12.771280622870181 ] ] ], [ [ [ -61.119214262108088, -12.771780621408283 ], [ -61.120214260020504, -12.771780621408283 ], [ -61.120214260020504, -12.771530622139231 ], [ -61.119714261064296, -12.771530622139231 ], [ -61.119714261064296, -12.771280622870181 ], [ -61.119464261586188, -12.771280622870181 ], [ -61.119464261586188, -12.77103062360113 ], [ -61.119214262108088, -12.77103062360113 ], [ -61.119214262108088, -12.771780621408283 ] ] ], [ [ [ -61.116464267848947, -12.771530622139231 ], [ -61.116964266805155, -12.771530622139231 ], [ -61.116964266805155, -12.77103062360113 ], [ -61.116464267848947, -12.77103062360113 ], [ -61.116464267848947, -12.771530622139231 ] ] ], [ [ [ -61.117714265239464, -12.768780630179673 ], [ -61.117714265239464, -12.769030629448723 ], [ -61.117964264717571, -12.769030629448723 ], [ -61.117964264717571, -12.768780630179673 ], [ -61.117714265239464, -12.768780630179673 ] ] ], [ [ [ -61.118214264195672, -12.766530636758215 ], [ -61.118464263673772, -12.766530636758215 ], [ -61.118464263673772, -12.766030638220114 ], [ -61.118214264195672, -12.766030638220114 ], [ -61.118214264195672, -12.766530636758215 ] ] ], [ [ [ -61.116964266805155, -12.765530639682012 ], [ -61.117214266283256, -12.765530639682012 ], [ -61.117214266283256, -12.765280640412961 ], [ -61.116964266805155, -12.765280640412961 ], [ -61.116964266805155, -12.765530639682012 ] ] ], [ [ [ -61.116714267327048, -12.764780641874859 ], [ -61.116714267327048, -12.765280640412961 ], [ -61.116964266805155, -12.765280640412961 ], [ -61.116964266805155, -12.764780641874859 ], [ -61.116714267327048, -12.764780641874859 ] ] ], [ [ [ -61.120214260020504, -12.764530642605809 ], [ -61.119714261064296, -12.764530642605809 ], [ -61.119714261064296, -12.764280643336757 ], [ -61.119464261586188, -12.764280643336757 ], [ -61.119464261586188, -12.764530642605809 ], [ -61.119214262108088, -12.764530642605809 ], [ -61.119214262108088, -12.764280643336757 ], [ -61.11896426262998, -12.764280643336757 ], [ -61.11896426262998, -12.765280640412961 ], [ -61.119464261586188, -12.765280640412961 ], [ -61.119464261586188, -12.764780641874859 ], [ -61.120214260020504, -12.764780641874859 ], [ -61.120214260020504, -12.764530642605809 ] ] ], [ [ [ -61.11621426837084, -12.763780644798656 ], [ -61.116464267848947, -12.763780644798656 ], [ -61.116464267848947, -12.763530645529604 ], [ -61.11621426837084, -12.763530645529604 ], [ -61.11621426837084, -12.763780644798656 ] ] ], [ [ [ -61.11621426837084, -12.762780647722453 ], [ -61.11621426837084, -12.763030646991503 ], [ -61.116464267848947, -12.763030646991503 ], [ -61.116464267848947, -12.762780647722453 ], [ -61.11621426837084, -12.762780647722453 ] ] ], [ [ [ -61.122214255845329, -12.762280649184351 ], [ -61.122714254801537, -12.762280649184351 ], [ -61.122714254801537, -12.7620306499153 ], [ -61.122214255845329, -12.7620306499153 ], [ -61.122214255845329, -12.762280649184351 ] ] ], [ [ [ -61.11871426315188, -12.761780650646248 ], [ -61.118214264195672, -12.761780650646248 ], [ -61.118214264195672, -12.7620306499153 ], [ -61.117964264717571, -12.7620306499153 ], [ -61.117964264717571, -12.762280649184351 ], [ -61.118214264195672, -12.762280649184351 ], [ -61.118214264195672, -12.762780647722453 ], [ -61.119214262108088, -12.762780647722453 ], [ -61.119214262108088, -12.763030646991503 ], [ -61.119464261586188, -12.763030646991503 ], [ -61.119464261586188, -12.762280649184351 ], [ -61.119714261064296, -12.762280649184351 ], [ -61.119714261064296, -12.763030646991503 ], [ -61.120214260020504, -12.763030646991503 ], [ -61.120214260020504, -12.762780647722453 ], [ -61.120464259498604, -12.762780647722453 ], [ -61.120464259498604, -12.763030646991503 ], [ -61.12121425793292, -12.763030646991503 ], [ -61.12121425793292, -12.762780647722453 ], [ -61.12146425741102, -12.762780647722453 ], [ -61.12146425741102, -12.762280649184351 ], [ -61.12121425793292, -12.762280649184351 ], [ -61.12121425793292, -12.761530651377198 ], [ -61.121714256889121, -12.761530651377198 ], [ -61.121714256889121, -12.761280652108148 ], [ -61.12121425793292, -12.761280652108148 ], [ -61.12121425793292, -12.761030652839096 ], [ -61.120964258454812, -12.761030652839096 ], [ -61.120964258454812, -12.761280652108148 ], [ -61.120714258976712, -12.761280652108148 ], [ -61.120714258976712, -12.761530651377198 ], [ -61.120964258454812, -12.761530651377198 ], [ -61.120964258454812, -12.7620306499153 ], [ -61.119214262108088, -12.7620306499153 ], [ -61.119214262108088, -12.761530651377198 ], [ -61.11871426315188, -12.761530651377198 ], [ -61.11871426315188, -12.761780650646248 ] ] ], [ [ [ -61.121964256367228, -12.761780650646248 ], [ -61.121964256367228, -12.7620306499153 ], [ -61.122214255845329, -12.7620306499153 ], [ -61.122214255845329, -12.761780650646248 ], [ -61.121964256367228, -12.761780650646248 ] ] ], [ [ [ -61.115464269936531, -12.7620306499153 ], [ -61.115964268892739, -12.7620306499153 ], [ -61.115964268892739, -12.762280649184351 ], [ -61.116964266805155, -12.762280649184351 ], [ -61.116964266805155, -12.7620306499153 ], [ -61.116714267327048, -12.7620306499153 ], [ -61.116714267327048, -12.761530651377198 ], [ -61.116464267848947, -12.761530651377198 ], [ -61.116464267848947, -12.761030652839096 ], [ -61.11621426837084, -12.761030652839096 ], [ -61.11621426837084, -12.760280655031945 ], [ -61.115714269414632, -12.760280655031945 ], [ -61.115714269414632, -12.760530654300995 ], [ -61.115964268892739, -12.760530654300995 ], [ -61.115964268892739, -12.760780653570045 ], [ -61.115714269414632, -12.760780653570045 ], [ -61.115714269414632, -12.761280652108148 ], [ -61.115964268892739, -12.761280652108148 ], [ -61.115964268892739, -12.761780650646248 ], [ -61.115464269936531, -12.761780650646248 ], [ -61.115464269936531, -12.7620306499153 ] ] ], [ [ [ -61.120464259498604, -12.761280652108148 ], [ -61.120714258976712, -12.761280652108148 ], [ -61.120714258976712, -12.761030652839096 ], [ -61.120464259498604, -12.761030652839096 ], [ -61.120464259498604, -12.761280652108148 ] ] ], [ [ [ -61.120964258454812, -12.760530654300995 ], [ -61.120964258454812, -12.760780653570045 ], [ -61.12121425793292, -12.760780653570045 ], [ -61.12121425793292, -12.760530654300995 ], [ -61.120964258454812, -12.760530654300995 ] ] ], [ [ [ -61.117714265239464, -12.759780656493842 ], [ -61.117964264717571, -12.759780656493842 ], [ -61.117964264717571, -12.759530657224792 ], [ -61.117714265239464, -12.759530657224792 ], [ -61.117714265239464, -12.759780656493842 ] ] ], [ [ [ -61.116714267327048, -12.759780656493842 ], [ -61.116964266805155, -12.759780656493842 ], [ -61.116964266805155, -12.75928065795574 ], [ -61.116714267327048, -12.75928065795574 ], [ -61.116714267327048, -12.759780656493842 ] ] ], [ [ [ -61.117214266283256, -12.75928065795574 ], [ -61.117214266283256, -12.759530657224792 ], [ -61.117714265239464, -12.759530657224792 ], [ -61.117714265239464, -12.75928065795574 ], [ -61.117214266283256, -12.75928065795574 ] ] ], [ [ [ -61.12121425793292, -12.759530657224792 ], [ -61.12146425741102, -12.759530657224792 ], [ -61.12146425741102, -12.75928065795574 ], [ -61.12121425793292, -12.75928065795574 ], [ -61.12121425793292, -12.759530657224792 ] ] ], [ [ [ -61.117964264717571, -12.759530657224792 ], [ -61.118214264195672, -12.759530657224792 ], [ -61.118214264195672, -12.75928065795574 ], [ -61.117964264717571, -12.75928065795574 ], [ -61.117964264717571, -12.759530657224792 ] ] ], [ [ [ -61.116714267327048, -12.758780659417639 ], [ -61.116714267327048, -12.75903065868669 ], [ -61.116964266805155, -12.75903065868669 ], [ -61.116964266805155, -12.758780659417639 ], [ -61.116714267327048, -12.758780659417639 ] ] ], [ [ [ -61.116464267848947, -12.758530660148589 ], [ -61.116714267327048, -12.758530660148589 ], [ -61.116714267327048, -12.758280660879537 ], [ -61.116464267848947, -12.758280660879537 ], [ -61.116464267848947, -12.758530660148589 ] ] ], [ [ [ -61.12121425793292, -12.758280660879537 ], [ -61.120964258454812, -12.758280660879537 ], [ -61.120964258454812, -12.758030661610487 ], [ -61.120464259498604, -12.758030661610487 ], [ -61.120464259498604, -12.758530660148589 ], [ -61.12121425793292, -12.758530660148589 ], [ -61.12121425793292, -12.758280660879537 ] ] ], [ [ [ -61.117714265239464, -12.757780662341435 ], [ -61.117714265239464, -12.758030661610487 ], [ -61.117964264717571, -12.758030661610487 ], [ -61.117964264717571, -12.757780662341435 ], [ -61.117714265239464, -12.757780662341435 ] ] ], [ [ [ -61.116464267848947, -12.757780662341435 ], [ -61.116714267327048, -12.757780662341435 ], [ -61.116714267327048, -12.757280663803334 ], [ -61.116464267848947, -12.757280663803334 ], [ -61.116464267848947, -12.757780662341435 ] ] ], [ [ [ -61.117964264717571, -12.757280663803334 ], [ -61.118464263673772, -12.757280663803334 ], [ -61.118464263673772, -12.757030664534284 ], [ -61.117964264717571, -12.757030664534284 ], [ -61.117964264717571, -12.757280663803334 ] ] ], [ [ [ -61.11896426262998, -12.757030664534284 ], [ -61.11896426262998, -12.757280663803334 ], [ -61.119464261586188, -12.757280663803334 ], [ -61.119464261586188, -12.757030664534284 ], [ -61.11896426262998, -12.757030664534284 ] ] ], [ [ [ -61.114464272024115, -12.755530668919977 ], [ -61.114464272024115, -12.755780668189029 ], [ -61.114214272546015, -12.755780668189029 ], [ -61.114214272546015, -12.756030667458081 ], [ -61.115214270458424, -12.756030667458081 ], [ -61.115214270458424, -12.756780665265232 ], [ -61.115464269936531, -12.756780665265232 ], [ -61.115464269936531, -12.757030664534284 ], [ -61.115714269414632, -12.757030664534284 ], [ -61.115714269414632, -12.757780662341435 ], [ -61.11621426837084, -12.757780662341435 ], [ -61.11621426837084, -12.756780665265232 ], [ -61.116964266805155, -12.756780665265232 ], [ -61.116964266805155, -12.756530665996181 ], [ -61.11621426837084, -12.756530665996181 ], [ -61.11621426837084, -12.756280666727131 ], [ -61.116464267848947, -12.756280666727131 ], [ -61.116464267848947, -12.756030667458081 ], [ -61.116964266805155, -12.756030667458081 ], [ -61.116964266805155, -12.755780668189029 ], [ -61.117964264717571, -12.755780668189029 ], [ -61.117964264717571, -12.756030667458081 ], [ -61.118464263673772, -12.756030667458081 ], [ -61.118464263673772, -12.755530668919977 ], [ -61.11871426315188, -12.755530668919977 ], [ -61.11871426315188, -12.755280669650928 ], [ -61.118214264195672, -12.755280669650928 ], [ -61.118214264195672, -12.754780671112826 ], [ -61.117714265239464, -12.754780671112826 ], [ -61.117714265239464, -12.755530668919977 ], [ -61.117214266283256, -12.755530668919977 ], [ -61.117214266283256, -12.755280669650928 ], [ -61.116964266805155, -12.755280669650928 ], [ -61.116964266805155, -12.754780671112826 ], [ -61.116714267327048, -12.754780671112826 ], [ -61.116714267327048, -12.755280669650928 ], [ -61.115964268892739, -12.755280669650928 ], [ -61.115964268892739, -12.754030673305673 ], [ -61.115464269936531, -12.754030673305673 ], [ -61.115464269936531, -12.754530671843774 ], [ -61.114714271502223, -12.754530671843774 ], [ -61.114714271502223, -12.754030673305673 ], [ -61.114464272024115, -12.754030673305673 ], [ -61.114464272024115, -12.755280669650928 ], [ -61.113964273067907, -12.755280669650928 ], [ -61.113964273067907, -12.755530668919977 ], [ -61.114464272024115, -12.755530668919977 ] ], [ [ -61.115464269936531, -12.755280669650928 ], [ -61.115214270458424, -12.755280669650928 ], [ -61.115214270458424, -12.754780671112826 ], [ -61.115464269936531, -12.754780671112826 ], [ -61.115464269936531, -12.755280669650928 ] ], [ [ -61.115964268892739, -12.756280666727131 ], [ -61.115714269414632, -12.756280666727131 ], [ -61.115714269414632, -12.755530668919977 ], [ -61.11621426837084, -12.755530668919977 ], [ -61.11621426837084, -12.755780668189029 ], [ -61.115964268892739, -12.755780668189029 ], [ -61.115964268892739, -12.756280666727131 ] ] ], [ [ [ -61.120214260020504, -12.754030673305673 ], [ -61.120214260020504, -12.753780674036623 ], [ -61.120714258976712, -12.753780674036623 ], [ -61.120714258976712, -12.754030673305673 ], [ -61.120964258454812, -12.754030673305673 ], [ -61.120964258454812, -12.754780671112826 ], [ -61.120714258976712, -12.754780671112826 ], [ -61.120714258976712, -12.755530668919977 ], [ -61.120964258454812, -12.755530668919977 ], [ -61.120964258454812, -12.755280669650928 ], [ -61.12121425793292, -12.755280669650928 ], [ -61.12121425793292, -12.754030673305673 ], [ -61.12146425741102, -12.754030673305673 ], [ -61.12146425741102, -12.753780674036623 ], [ -61.121714256889121, -12.753780674036623 ], [ -61.121714256889121, -12.754030673305673 ], [ -61.122214255845329, -12.754030673305673 ], [ -61.122214255845329, -12.75328067549852 ], [ -61.12146425741102, -12.75328067549852 ], [ -61.12146425741102, -12.753530674767571 ], [ -61.12121425793292, -12.753530674767571 ], [ -61.12121425793292, -12.75328067549852 ], [ -61.120464259498604, -12.75328067549852 ], [ -61.120464259498604, -12.75303067622947 ], [ -61.119714261064296, -12.75303067622947 ], [ -61.119714261064296, -12.753780674036623 ], [ -61.119464261586188, -12.753780674036623 ], [ -61.119464261586188, -12.754030673305673 ], [ -61.119214262108088, -12.754030673305673 ], [ -61.119214262108088, -12.754280672574724 ], [ -61.119714261064296, -12.754280672574724 ], [ -61.119714261064296, -12.754030673305673 ], [ -61.120214260020504, -12.754030673305673 ] ] ], [ [ [ -61.117214266283256, -12.753780674036623 ], [ -61.117714265239464, -12.753780674036623 ], [ -61.117714265239464, -12.753530674767571 ], [ -61.117214266283256, -12.753530674767571 ], [ -61.117214266283256, -12.753780674036623 ] ] ], [ [ [ -61.118464263673772, -12.753780674036623 ], [ -61.11871426315188, -12.753780674036623 ], [ -61.11871426315188, -12.753530674767571 ], [ -61.11896426262998, -12.753530674767571 ], [ -61.11896426262998, -12.75328067549852 ], [ -61.11871426315188, -12.75328067549852 ], [ -61.11871426315188, -12.75278067696042 ], [ -61.118464263673772, -12.75278067696042 ], [ -61.118464263673772, -12.753780674036623 ] ] ], [ [ [ -61.116714267327048, -12.75278067696042 ], [ -61.116714267327048, -12.75303067622947 ], [ -61.117214266283256, -12.75303067622947 ], [ -61.117214266283256, -12.75278067696042 ], [ -61.116714267327048, -12.75278067696042 ] ] ], [ [ [ -61.120464259498604, -12.75303067622947 ], [ -61.120714258976712, -12.75303067622947 ], [ -61.120714258976712, -12.75278067696042 ], [ -61.120464259498604, -12.75278067696042 ], [ -61.120464259498604, -12.75303067622947 ] ] ], [ [ [ -61.12146425741102, -12.75278067696042 ], [ -61.121714256889121, -12.75278067696042 ], [ -61.121714256889121, -12.752280678422316 ], [ -61.12146425741102, -12.752280678422316 ], [ -61.12146425741102, -12.75278067696042 ] ] ], [ [ [ -61.116464267848947, -12.75278067696042 ], [ -61.116464267848947, -12.752280678422316 ], [ -61.116714267327048, -12.752280678422316 ], [ -61.116714267327048, -12.752030679153266 ], [ -61.11621426837084, -12.752030679153266 ], [ -61.11621426837084, -12.75278067696042 ], [ -61.116464267848947, -12.75278067696042 ] ] ], [ [ [ -61.120464259498604, -12.752030679153266 ], [ -61.120214260020504, -12.752030679153266 ], [ -61.120214260020504, -12.752280678422316 ], [ -61.120964258454812, -12.752280678422316 ], [ -61.120964258454812, -12.752030679153266 ], [ -61.120714258976712, -12.752030679153266 ], [ -61.120714258976712, -12.751780679884215 ], [ -61.120464259498604, -12.751780679884215 ], [ -61.120464259498604, -12.752030679153266 ] ] ], [ [ [ -61.11871426315188, -12.751530680615165 ], [ -61.119464261586188, -12.751530680615165 ], [ -61.119464261586188, -12.751280681346113 ], [ -61.11871426315188, -12.751280681346113 ], [ -61.11871426315188, -12.751530680615165 ] ] ], [ [ [ -61.117964264717571, -12.751280681346113 ], [ -61.118464263673772, -12.751280681346113 ], [ -61.118464263673772, -12.751030682077063 ], [ -61.11871426315188, -12.751030682077063 ], [ -61.11871426315188, -12.750780682808012 ], [ -61.11896426262998, -12.750780682808012 ], [ -61.11896426262998, -12.751030682077063 ], [ -61.119214262108088, -12.751030682077063 ], [ -61.119214262108088, -12.750780682808012 ], [ -61.119464261586188, -12.750780682808012 ], [ -61.119464261586188, -12.751030682077063 ], [ -61.120214260020504, -12.751030682077063 ], [ -61.120214260020504, -12.750780682808012 ], [ -61.120464259498604, -12.750780682808012 ], [ -61.120464259498604, -12.750530683538962 ], [ -61.120214260020504, -12.750530683538962 ], [ -61.120214260020504, -12.75028068426991 ], [ -61.120714258976712, -12.75028068426991 ], [ -61.120714258976712, -12.750530683538962 ], [ -61.120964258454812, -12.750530683538962 ], [ -61.120964258454812, -12.75028068426991 ], [ -61.12121425793292, -12.75028068426991 ], [ -61.12121425793292, -12.749530686462759 ], [ -61.119714261064296, -12.749530686462759 ], [ -61.119714261064296, -12.749404247774818 ], [ -61.119214262108088, -12.749377245346022 ], [ -61.119214262108088, -12.749780685731809 ], [ -61.11896426262998, -12.749780685731809 ], [ -61.11896426262998, -12.750530683538962 ], [ -61.118464263673772, -12.750530683538962 ], [ -61.118464263673772, -12.750780682808012 ], [ -61.118214264195672, -12.750780682808012 ], [ -61.118214264195672, -12.751030682077063 ], [ -61.117964264717571, -12.751030682077063 ], [ -61.117964264717571, -12.751280681346113 ] ] ], [ [ [ -61.121964256367228, -12.749530686462759 ], [ -61.121964256367228, -12.75028068426991 ], [ -61.121714256889121, -12.75028068426991 ], [ -61.121714256889121, -12.750780682808012 ], [ -61.122714254801537, -12.750780682808012 ], [ -61.122714254801537, -12.749530686462759 ], [ -61.122686769469475, -12.749530686462759 ], [ -61.122685222222003, -12.749564694444 ], [ -61.122055502753, -12.749530686462759 ], [ -61.121964256367228, -12.749530686462759 ] ] ], [ [ [ -61.122714254801537, -12.748926568067816 ], [ -61.122714254801537, -12.749030687924655 ], [ -61.122964254279644, -12.749030687924655 ], [ -61.122964254279644, -12.748780688655605 ], [ -61.122720891818581, -12.748780688655605 ], [ -61.122714254801537, -12.748926568067816 ] ] ], [ [ [ -61.122964254279644, -12.748030690848452 ], [ -61.122964254279644, -12.747280693041301 ], [ -61.122789136516808, -12.747280693041301 ], [ -61.122755014167694, -12.748030690848452 ], [ -61.122964254279644, -12.748030690848452 ] ] ], [ [ [ -61.110964279330666, -12.829280453289975 ], [ -61.110464280374458, -12.829280453289975 ], [ -61.110464280374458, -12.829780451828077 ], [ -61.111214278808767, -12.829780451828077 ], [ -61.111214278808767, -12.83053044963523 ], [ -61.112214276721183, -12.83053044963523 ], [ -61.112214276721183, -12.83078044890428 ], [ -61.112714275677391, -12.83078044890428 ], [ -61.112714275677391, -12.831030448173331 ], [ -61.113214274633599, -12.831030448173331 ], [ -61.113214274633599, -12.83078044890428 ], [ -61.113464274111699, -12.83078044890428 ], [ -61.113464274111699, -12.83053044963523 ], [ -61.113714273589807, -12.83053044963523 ], [ -61.113714273589807, -12.829280453289975 ], [ -61.113464274111699, -12.829280453289975 ], [ -61.113464274111699, -12.829030454020923 ], [ -61.112964275155491, -12.829030454020923 ], [ -61.112964275155491, -12.829280453289975 ], [ -61.112714275677391, -12.829280453289975 ], [ -61.112714275677391, -12.829780451828077 ], [ -61.112214276721183, -12.829780451828077 ], [ -61.112214276721183, -12.829280453289975 ], [ -61.111464278286874, -12.829280453289975 ], [ -61.111464278286874, -12.829530452559027 ], [ -61.110964279330666, -12.829530452559027 ], [ -61.110964279330666, -12.829280453289975 ] ] ], [ [ [ -61.111714277764975, -12.818530484720789 ], [ -61.111964277243075, -12.818530484720789 ], [ -61.111964277243075, -12.818280485451739 ], [ -61.111714277764975, -12.818280485451739 ], [ -61.111714277764975, -12.818530484720789 ] ] ], [ [ [ -61.114214272546015, -12.813280500070722 ], [ -61.114214272546015, -12.813530499339773 ], [ -61.114714271502223, -12.813530499339773 ], [ -61.114714271502223, -12.813280500070722 ], [ -61.114214272546015, -12.813280500070722 ] ] ], [ [ [ -61.114714271502223, -12.810280508842112 ], [ -61.115464269936531, -12.810280508842112 ], [ -61.115464269936531, -12.809780510304011 ], [ -61.114464272024115, -12.809780510304011 ], [ -61.114464272024115, -12.810530508111162 ], [ -61.114714271502223, -12.810530508111162 ], [ -61.114714271502223, -12.810280508842112 ] ] ], [ [ [ -61.112964275155491, -12.809280511765909 ], [ -61.113214274633599, -12.809280511765909 ], [ -61.113214274633599, -12.809030512496857 ], [ -61.112964275155491, -12.809030512496857 ], [ -61.112964275155491, -12.809280511765909 ] ] ], [ [ [ -61.112964275155491, -12.801530534425332 ], [ -61.112964275155491, -12.801780533694384 ], [ -61.113214274633599, -12.801780533694384 ], [ -61.113214274633599, -12.801530534425332 ], [ -61.112964275155491, -12.801530534425332 ] ] ], [ [ [ -61.112214276721183, -12.800530537349129 ], [ -61.112714275677391, -12.800530537349129 ], [ -61.112714275677391, -12.800280538080077 ], [ -61.112214276721183, -12.800280538080077 ], [ -61.112214276721183, -12.800530537349129 ] ] ], [ [ [ -61.115214270458424, -12.800280538080077 ], [ -61.115464269936531, -12.800280538080077 ], [ -61.115464269936531, -12.799780539541977 ], [ -61.115214270458424, -12.799780539541977 ], [ -61.115214270458424, -12.800280538080077 ] ] ], [ [ [ -61.112964275155491, -12.799530540272926 ], [ -61.112964275155491, -12.799780539541977 ], [ -61.113214274633599, -12.799780539541977 ], [ -61.113214274633599, -12.799530540272926 ], [ -61.112964275155491, -12.799530540272926 ] ] ], [ [ [ -61.112964275155491, -12.799030541734824 ], [ -61.113214274633599, -12.799030541734824 ], [ -61.113214274633599, -12.798780542465773 ], [ -61.112964275155491, -12.798780542465773 ], [ -61.112964275155491, -12.799030541734824 ] ] ], [ [ [ -61.113214274633599, -12.798530543196723 ], [ -61.113464274111699, -12.798530543196723 ], [ -61.113464274111699, -12.798280543927671 ], [ -61.113214274633599, -12.798280543927671 ], [ -61.113214274633599, -12.798530543196723 ] ] ], [ [ [ -61.112964275155491, -12.798030544658621 ], [ -61.112964275155491, -12.798280543927671 ], [ -61.113214274633599, -12.798280543927671 ], [ -61.113214274633599, -12.798030544658621 ], [ -61.112964275155491, -12.798030544658621 ] ] ], [ [ [ -61.114214272546015, -12.795780551237163 ], [ -61.114464272024115, -12.795780551237163 ], [ -61.114464272024115, -12.795530551968113 ], [ -61.114214272546015, -12.795530551968113 ], [ -61.114214272546015, -12.795780551237163 ] ] ], [ [ [ -61.113714273589807, -12.782280590708417 ], [ -61.113964273067907, -12.782280590708417 ], [ -61.113964273067907, -12.782030591439367 ], [ -61.113714273589807, -12.782030591439367 ], [ -61.113714273589807, -12.782280590708417 ] ] ], [ [ [ -61.115964268892739, -12.773530616291637 ], [ -61.115964268892739, -12.774030614829741 ], [ -61.11621426837084, -12.774030614829741 ], [ -61.11621426837084, -12.773530616291637 ], [ -61.115964268892739, -12.773530616291637 ] ] ], [ [ [ -61.112214276721183, -12.773280617022587 ], [ -61.112714275677391, -12.773280617022587 ], [ -61.112714275677391, -12.773030617753538 ], [ -61.112214276721183, -12.773030617753538 ], [ -61.112214276721183, -12.773280617022587 ] ] ], [ [ [ -61.113714273589807, -12.771780621408283 ], [ -61.113964273067907, -12.771780621408283 ], [ -61.113964273067907, -12.771530622139231 ], [ -61.113714273589807, -12.771530622139231 ], [ -61.113714273589807, -12.771780621408283 ] ] ], [ [ [ -61.111714277764975, -12.77103062360113 ], [ -61.111714277764975, -12.771280622870181 ], [ -61.111964277243075, -12.771280622870181 ], [ -61.111964277243075, -12.77103062360113 ], [ -61.111714277764975, -12.77103062360113 ] ] ], [ [ [ -61.115964268892739, -12.771280622870181 ], [ -61.11621426837084, -12.771280622870181 ], [ -61.11621426837084, -12.77103062360113 ], [ -61.115964268892739, -12.77103062360113 ], [ -61.115964268892739, -12.771280622870181 ] ] ], [ [ [ -61.114464272024115, -12.77078062433208 ], [ -61.115214270458424, -12.77078062433208 ], [ -61.115214270458424, -12.770530625063028 ], [ -61.114464272024115, -12.770530625063028 ], [ -61.114464272024115, -12.77078062433208 ] ] ], [ [ [ -61.113964273067907, -12.769530627986825 ], [ -61.113964273067907, -12.769780627255876 ], [ -61.113714273589807, -12.769780627255876 ], [ -61.113714273589807, -12.770280625793978 ], [ -61.114464272024115, -12.770280625793978 ], [ -61.114464272024115, -12.769780627255876 ], [ -61.114214272546015, -12.769780627255876 ], [ -61.114214272546015, -12.769530627986825 ], [ -61.113964273067907, -12.769530627986825 ] ] ], [ [ [ -61.115714269414632, -12.769280628717773 ], [ -61.115964268892739, -12.769280628717773 ], [ -61.115964268892739, -12.769030629448723 ], [ -61.115714269414632, -12.769030629448723 ], [ -61.115714269414632, -12.769280628717773 ] ] ], [ [ [ -61.113214274633599, -12.766780636027265 ], [ -61.113464274111699, -12.766780636027265 ], [ -61.113464274111699, -12.766530636758215 ], [ -61.113214274633599, -12.766530636758215 ], [ -61.113214274633599, -12.766780636027265 ] ] ], [ [ [ -61.111964277243075, -12.766530636758215 ], [ -61.111964277243075, -12.766780636027265 ], [ -61.112714275677391, -12.766780636027265 ], [ -61.112714275677391, -12.766530636758215 ], [ -61.111964277243075, -12.766530636758215 ] ] ], [ [ [ -61.11621426837084, -12.766530636758215 ], [ -61.115964268892739, -12.766530636758215 ], [ -61.115964268892739, -12.766280637489164 ], [ -61.115714269414632, -12.766280637489164 ], [ -61.115714269414632, -12.766780636027265 ], [ -61.11621426837084, -12.766780636027265 ], [ -61.11621426837084, -12.766530636758215 ] ] ], [ [ [ -61.114714271502223, -12.766530636758215 ], [ -61.115214270458424, -12.766530636758215 ], [ -61.115214270458424, -12.766280637489164 ], [ -61.114714271502223, -12.766280637489164 ], [ -61.114714271502223, -12.766530636758215 ] ] ], [ [ [ -61.113964273067907, -12.766030638220114 ], [ -61.113964273067907, -12.766280637489164 ], [ -61.114214272546015, -12.766280637489164 ], [ -61.114214272546015, -12.766030638220114 ], [ -61.113964273067907, -12.766030638220114 ] ] ], [ [ [ -61.114464272024115, -12.766030638220114 ], [ -61.115464269936531, -12.766030638220114 ], [ -61.115464269936531, -12.765780638951062 ], [ -61.114464272024115, -12.765780638951062 ], [ -61.114464272024115, -12.766030638220114 ] ] ], [ [ [ -61.113214274633599, -12.766030638220114 ], [ -61.113964273067907, -12.766030638220114 ], [ -61.113964273067907, -12.765530639682012 ], [ -61.113714273589807, -12.765530639682012 ], [ -61.113714273589807, -12.765780638951062 ], [ -61.113214274633599, -12.765780638951062 ], [ -61.113214274633599, -12.766030638220114 ] ] ], [ [ [ -61.111964277243075, -12.765280640412961 ], [ -61.111964277243075, -12.766280637489164 ], [ -61.112964275155491, -12.766280637489164 ], [ -61.112964275155491, -12.765780638951062 ], [ -61.113214274633599, -12.765780638951062 ], [ -61.113214274633599, -12.765530639682012 ], [ -61.112714275677391, -12.765530639682012 ], [ -61.112714275677391, -12.765280640412961 ], [ -61.111964277243075, -12.765280640412961 ] ] ], [ [ [ -61.113464274111699, -12.764530642605809 ], [ -61.113714273589807, -12.764530642605809 ], [ -61.113714273589807, -12.764280643336757 ], [ -61.113464274111699, -12.764280643336757 ], [ -61.113464274111699, -12.764530642605809 ] ] ], [ [ [ -61.113214274633599, -12.761280652108148 ], [ -61.112714275677391, -12.761280652108148 ], [ -61.112714275677391, -12.761780650646248 ], [ -61.112964275155491, -12.761780650646248 ], [ -61.112964275155491, -12.7620306499153 ], [ -61.113214274633599, -12.7620306499153 ], [ -61.113214274633599, -12.761780650646248 ], [ -61.113464274111699, -12.761780650646248 ], [ -61.113464274111699, -12.761530651377198 ], [ -61.113214274633599, -12.761530651377198 ], [ -61.113214274633599, -12.761280652108148 ] ] ], [ [ [ -61.112964275155491, -12.760280655031945 ], [ -61.112964275155491, -12.760530654300995 ], [ -61.113214274633599, -12.760530654300995 ], [ -61.113214274633599, -12.760280655031945 ], [ -61.112964275155491, -12.760280655031945 ] ] ], [ [ [ -61.112964275155491, -12.759780656493842 ], [ -61.113214274633599, -12.759780656493842 ], [ -61.113214274633599, -12.759530657224792 ], [ -61.112964275155491, -12.759530657224792 ], [ -61.112964275155491, -12.759780656493842 ] ] ], [ [ [ -61.113714273589807, -12.75928065795574 ], [ -61.113964273067907, -12.75928065795574 ], [ -61.113964273067907, -12.75903065868669 ], [ -61.113714273589807, -12.75903065868669 ], [ -61.113714273589807, -12.75928065795574 ] ] ], [ [ [ -61.112214276721183, -12.75903065868669 ], [ -61.112214276721183, -12.758530660148589 ], [ -61.112714275677391, -12.758530660148589 ], [ -61.112714275677391, -12.758030661610487 ], [ -61.111964277243075, -12.758030661610487 ], [ -61.111964277243075, -12.758280660879537 ], [ -61.111214278808767, -12.758280660879537 ], [ -61.111214278808767, -12.758530660148589 ], [ -61.111714277764975, -12.758530660148589 ], [ -61.111714277764975, -12.758780659417639 ], [ -61.111964277243075, -12.758780659417639 ], [ -61.111964277243075, -12.75903065868669 ], [ -61.112214276721183, -12.75903065868669 ] ] ], [ [ [ -61.113964273067907, -12.758530660148589 ], [ -61.114214272546015, -12.758530660148589 ], [ -61.114214272546015, -12.758280660879537 ], [ -61.113964273067907, -12.758280660879537 ], [ -61.113964273067907, -12.758530660148589 ] ] ], [ [ [ -61.115714269414632, -12.75928065795574 ], [ -61.115964268892739, -12.75928065795574 ], [ -61.115964268892739, -12.75903065868669 ], [ -61.11621426837084, -12.75903065868669 ], [ -61.11621426837084, -12.759530657224792 ], [ -61.116464267848947, -12.759530657224792 ], [ -61.116464267848947, -12.75928065795574 ], [ -61.116714267327048, -12.75928065795574 ], [ -61.116714267327048, -12.75903065868669 ], [ -61.116464267848947, -12.75903065868669 ], [ -61.116464267848947, -12.758530660148589 ], [ -61.11621426837084, -12.758530660148589 ], [ -61.11621426837084, -12.758280660879537 ], [ -61.115964268892739, -12.758280660879537 ], [ -61.115964268892739, -12.758030661610487 ], [ -61.115714269414632, -12.758030661610487 ], [ -61.115714269414632, -12.757780662341435 ], [ -61.115464269936531, -12.757780662341435 ], [ -61.115464269936531, -12.757030664534284 ], [ -61.115214270458424, -12.757030664534284 ], [ -61.115214270458424, -12.756780665265232 ], [ -61.114714271502223, -12.756780665265232 ], [ -61.114714271502223, -12.758030661610487 ], [ -61.114464272024115, -12.758030661610487 ], [ -61.114464272024115, -12.758530660148589 ], [ -61.114214272546015, -12.758530660148589 ], [ -61.114214272546015, -12.75928065795574 ], [ -61.114464272024115, -12.75928065795574 ], [ -61.114464272024115, -12.75903065868669 ], [ -61.115714269414632, -12.75903065868669 ], [ -61.115714269414632, -12.75928065795574 ] ] ], [ [ [ -61.112964275155491, -12.757780662341435 ], [ -61.112964275155491, -12.758030661610487 ], [ -61.113214274633599, -12.758030661610487 ], [ -61.113214274633599, -12.757780662341435 ], [ -61.112964275155491, -12.757780662341435 ] ] ], [ [ [ -61.113214274633599, -12.757780662341435 ], [ -61.113464274111699, -12.757780662341435 ], [ -61.113464274111699, -12.757280663803334 ], [ -61.113214274633599, -12.757280663803334 ], [ -61.113214274633599, -12.757780662341435 ] ] ], [ [ [ -61.114714271502223, -12.756530665996181 ], [ -61.114214272546015, -12.756530665996181 ], [ -61.114214272546015, -12.756280666727131 ], [ -61.113714273589807, -12.756280666727131 ], [ -61.113714273589807, -12.756780665265232 ], [ -61.113964273067907, -12.756780665265232 ], [ -61.113964273067907, -12.757280663803334 ], [ -61.113714273589807, -12.757280663803334 ], [ -61.113714273589807, -12.758030661610487 ], [ -61.114464272024115, -12.758030661610487 ], [ -61.114464272024115, -12.756780665265232 ], [ -61.114714271502223, -12.756780665265232 ], [ -61.114714271502223, -12.756530665996181 ] ] ], [ [ [ -61.113464274111699, -12.756780665265232 ], [ -61.113464274111699, -12.757030664534284 ], [ -61.113714273589807, -12.757030664534284 ], [ -61.113714273589807, -12.756780665265232 ], [ -61.113464274111699, -12.756780665265232 ] ] ], [ [ [ -61.113964273067907, -12.754780671112826 ], [ -61.114214272546015, -12.754780671112826 ], [ -61.114214272546015, -12.754530671843774 ], [ -61.113964273067907, -12.754530671843774 ], [ -61.113964273067907, -12.754780671112826 ] ] ], [ [ [ -61.112214276721183, -12.754530671843774 ], [ -61.112714275677391, -12.754530671843774 ], [ -61.112714275677391, -12.754280672574724 ], [ -61.112214276721183, -12.754280672574724 ], [ -61.112214276721183, -12.754530671843774 ] ] ], [ [ [ -61.112214276721183, -12.754030673305673 ], [ -61.112214276721183, -12.753780674036623 ], [ -61.112714275677391, -12.753780674036623 ], [ -61.112714275677391, -12.753530674767571 ], [ -61.111964277243075, -12.753530674767571 ], [ -61.111964277243075, -12.754030673305673 ], [ -61.112214276721183, -12.754030673305673 ] ] ], [ [ [ -61.113714273589807, -12.75278067696042 ], [ -61.113464274111699, -12.75278067696042 ], [ -61.113464274111699, -12.753530674767571 ], [ -61.113214274633599, -12.753530674767571 ], [ -61.113214274633599, -12.754030673305673 ], [ -61.112964275155491, -12.754030673305673 ], [ -61.112964275155491, -12.754280672574724 ], [ -61.113214274633599, -12.754280672574724 ], [ -61.113214274633599, -12.754530671843774 ], [ -61.113714273589807, -12.754530671843774 ], [ -61.113714273589807, -12.75278067696042 ] ] ], [ [ [ -61.114214272546015, -12.75328067549852 ], [ -61.114464272024115, -12.75328067549852 ], [ -61.114464272024115, -12.75303067622947 ], [ -61.114214272546015, -12.75303067622947 ], [ -61.114214272546015, -12.75328067549852 ] ] ], [ [ [ -61.115714269414632, -12.752280678422316 ], [ -61.115714269414632, -12.75278067696042 ], [ -61.115964268892739, -12.75278067696042 ], [ -61.115964268892739, -12.752280678422316 ], [ -61.115714269414632, -12.752280678422316 ] ] ], [ [ [ -61.113464274111699, -12.752280678422316 ], [ -61.113714273589807, -12.752280678422316 ], [ -61.113714273589807, -12.752030679153266 ], [ -61.113464274111699, -12.752030679153266 ], [ -61.113464274111699, -12.752280678422316 ] ] ], [ [ [ -61.115964268892739, -12.751780679884215 ], [ -61.115464269936531, -12.751780679884215 ], [ -61.115464269936531, -12.751530680615165 ], [ -61.115214270458424, -12.751530680615165 ], [ -61.115214270458424, -12.752030679153266 ], [ -61.115964268892739, -12.752030679153266 ], [ -61.115964268892739, -12.751780679884215 ] ] ], [ [ [ -61.113714273589807, -12.751780679884215 ], [ -61.113714273589807, -12.752030679153266 ], [ -61.113964273067907, -12.752030679153266 ], [ -61.113964273067907, -12.751530680615165 ], [ -61.113464274111699, -12.751530680615165 ], [ -61.113464274111699, -12.751780679884215 ], [ -61.113714273589807, -12.751780679884215 ] ] ], [ [ [ -61.114714271502223, -12.751280681346113 ], [ -61.115214270458424, -12.751280681346113 ], [ -61.115214270458424, -12.751030682077063 ], [ -61.114714271502223, -12.751030682077063 ], [ -61.114714271502223, -12.751280681346113 ] ] ], [ [ [ -61.113964273067907, -12.750530683538962 ], [ -61.113464274111699, -12.750530683538962 ], [ -61.113464274111699, -12.75028068426991 ], [ -61.112964275155491, -12.75028068426991 ], [ -61.112964275155491, -12.750530683538962 ], [ -61.112714275677391, -12.750530683538962 ], [ -61.112714275677391, -12.750780682808012 ], [ -61.112964275155491, -12.750780682808012 ], [ -61.112964275155491, -12.751030682077063 ], [ -61.113714273589807, -12.751030682077063 ], [ -61.113714273589807, -12.750780682808012 ], [ -61.113964273067907, -12.750780682808012 ], [ -61.113964273067907, -12.750530683538962 ] ] ], [ [ [ -61.115714269414632, -12.749530686462759 ], [ -61.115714269414632, -12.749780685731809 ], [ -61.115964268892739, -12.749780685731809 ], [ -61.115964268892739, -12.749530686462759 ], [ -61.115714269414632, -12.749530686462759 ] ] ], [ [ [ -61.113214274633599, -12.749530686462759 ], [ -61.112964275155491, -12.749530686462759 ], [ -61.112964275155491, -12.749780685731809 ], [ -61.113964273067907, -12.749780685731809 ], [ -61.113964273067907, -12.749280687193707 ], [ -61.115214270458424, -12.749280687193707 ], [ -61.115214270458424, -12.74916122591565 ], [ -61.113966888889003, -12.749093861111 ], [ -61.113214274633599, -12.749053057545776 ], [ -61.113214274633599, -12.749530686462759 ] ] ], [ [ [ -61.109214282983942, -12.898780250086109 ], [ -61.109464282462042, -12.898780250086109 ], [ -61.109464282462042, -12.898530250817057 ], [ -61.109214282983942, -12.898530250817057 ], [ -61.109214282983942, -12.898780250086109 ] ] ], [ [ [ -61.106214289246694, -12.85728037142367 ], [ -61.106214289246694, -12.857030372154618 ], [ -61.106464288724794, -12.857030372154618 ], [ -61.106464288724794, -12.856280374347467 ], [ -61.105964289768593, -12.856280374347467 ], [ -61.105964289768593, -12.85728037142367 ], [ -61.106214289246694, -12.85728037142367 ] ] ], [ [ [ -61.106214289246694, -12.840780419666313 ], [ -61.106464288724794, -12.840780419666313 ], [ -61.106464288724794, -12.840530420397263 ], [ -61.106214289246694, -12.840530420397263 ], [ -61.106214289246694, -12.840780419666313 ] ] ], [ [ [ -61.108714284027727, -12.81903048325889 ], [ -61.107964285593418, -12.81903048325889 ], [ -61.107964285593418, -12.819280482527942 ], [ -61.107714286115318, -12.819280482527942 ], [ -61.107714286115318, -12.819530481796992 ], [ -61.106964287681002, -12.819530481796992 ], [ -61.106964287681002, -12.819280482527942 ], [ -61.106714288202902, -12.819280482527942 ], [ -61.106714288202902, -12.819530481796992 ], [ -61.106464288724794, -12.819530481796992 ], [ -61.106464288724794, -12.819280482527942 ], [ -61.106214289246694, -12.819280482527942 ], [ -61.106214289246694, -12.81903048325889 ], [ -61.105964289768593, -12.81903048325889 ], [ -61.105964289768593, -12.819780481066044 ], [ -61.106214289246694, -12.819780481066044 ], [ -61.106214289246694, -12.820280479604145 ], [ -61.106464288724794, -12.820280479604145 ], [ -61.106464288724794, -12.819780481066044 ], [ -61.106714288202902, -12.819780481066044 ], [ -61.106714288202902, -12.820280479604145 ], [ -61.10721428715911, -12.820280479604145 ], [ -61.10721428715911, -12.820780478142247 ], [ -61.106964287681002, -12.820780478142247 ], [ -61.106964287681002, -12.821030477411298 ], [ -61.106464288724794, -12.821030477411298 ], [ -61.106464288724794, -12.821280476680348 ], [ -61.105964289768593, -12.821280476680348 ], [ -61.105964289768593, -12.8215304759494 ], [ -61.105714290290486, -12.8215304759494 ], [ -61.105714290290486, -12.822280473756551 ], [ -61.105464290812385, -12.822280473756551 ], [ -61.105464290812385, -12.822030474487502 ], [ -61.105214291334278, -12.822030474487502 ], [ -61.105214291334278, -12.82178047521845 ], [ -61.104214293421862, -12.82178047521845 ], [ -61.104214293421862, -12.822030474487502 ], [ -61.103714294465654, -12.822030474487502 ], [ -61.103714294465654, -12.822280473756551 ], [ -61.103214295509446, -12.822280473756551 ], [ -61.103214295509446, -12.822780472294653 ], [ -61.101714298640829, -12.822780472294653 ], [ -61.101714298640829, -12.822280473756551 ], [ -61.101214299684621, -12.822280473756551 ], [ -61.101214299684621, -12.823780469370856 ], [ -61.100964300206513, -12.823780469370856 ], [ -61.100964300206513, -12.823530470101806 ], [ -61.100464301250305, -12.823530470101806 ], [ -61.100464301250305, -12.823780469370856 ], [ -61.100714300728413, -12.823780469370856 ], [ -61.100714300728413, -12.824030468639908 ], [ -61.100464301250305, -12.824030468639908 ], [ -61.100464301250305, -12.825280464985163 ], [ -61.100714300728413, -12.825280464985163 ], [ -61.100714300728413, -12.825530464254213 ], [ -61.101464299162721, -12.825530464254213 ], [ -61.101464299162721, -12.826030462792314 ], [ -61.101714298640829, -12.826030462792314 ], [ -61.101714298640829, -12.826280462061366 ], [ -61.102214297597037, -12.826280462061366 ], [ -61.102214297597037, -12.826530461330416 ], [ -61.102964296031345, -12.826530461330416 ], [ -61.102964296031345, -12.826780460599467 ], [ -61.103714294465654, -12.826780460599467 ], [ -61.103714294465654, -12.827030459868517 ], [ -61.103964293943761, -12.827030459868517 ], [ -61.103964293943761, -12.827280459137569 ], [ -61.104214293421862, -12.827280459137569 ], [ -61.104214293421862, -12.828530455482824 ], [ -61.103964293943761, -12.828530455482824 ], [ -61.103964293943761, -12.828280456213772 ], [ -61.102964296031345, -12.828280456213772 ], [ -61.102964296031345, -12.828530455482824 ], [ -61.102714296553245, -12.828530455482824 ], [ -61.102714296553245, -12.828280456213772 ], [ -61.101964298118929, -12.828280456213772 ], [ -61.101964298118929, -12.82803045694472 ], [ -61.101714298640829, -12.82803045694472 ], [ -61.101714298640829, -12.82778045767567 ], [ -61.101464299162721, -12.82778045767567 ], [ -61.101464299162721, -12.827030459868517 ], [ -61.101214299684621, -12.827030459868517 ], [ -61.101214299684621, -12.826780460599467 ], [ -61.100964300206513, -12.826780460599467 ], [ -61.100964300206513, -12.827030459868517 ], [ -61.100714300728413, -12.827030459868517 ], [ -61.100714300728413, -12.827280459137569 ], [ -61.100464301250305, -12.827280459137569 ], [ -61.100464301250305, -12.82778045767567 ], [ -61.100214301772205, -12.82778045767567 ], [ -61.100214301772205, -12.831030448173331 ], [ -61.099714302815997, -12.831030448173331 ], [ -61.099714302815997, -12.831780445980485 ], [ -61.100214301772205, -12.831780445980485 ], [ -61.100214301772205, -12.833280441594789 ], [ -61.099714302815997, -12.833280441594789 ], [ -61.099714302815997, -12.834530437940042 ], [ -61.099464303337896, -12.834530437940042 ], [ -61.099464303337896, -12.835280435747196 ], [ -61.099714302815997, -12.835280435747196 ], [ -61.099714302815997, -12.838030427706755 ], [ -61.100464301250305, -12.838030427706755 ], [ -61.100464301250305, -12.838780425513907 ], [ -61.100964300206513, -12.838780425513907 ], [ -61.100964300206513, -12.83978042259011 ], [ -61.100714300728413, -12.83978042259011 ], [ -61.100714300728413, -12.840530420397263 ], [ -61.100214301772205, -12.840530420397263 ], [ -61.100214301772205, -12.840780419666313 ], [ -61.099714302815997, -12.840780419666313 ], [ -61.099714302815997, -12.843030413087771 ], [ -61.099464303337896, -12.843030413087771 ], [ -61.099464303337896, -12.843530411625874 ], [ -61.100214301772205, -12.843530411625874 ], [ -61.100214301772205, -12.843780410894924 ], [ -61.099464303337896, -12.843780410894924 ], [ -61.099464303337896, -12.844530408702077 ], [ -61.100464301250305, -12.844530408702077 ], [ -61.100464301250305, -12.844280409433026 ], [ -61.100964300206513, -12.844280409433026 ], [ -61.100964300206513, -12.844530408702077 ], [ -61.101464299162721, -12.844530408702077 ], [ -61.101464299162721, -12.844280409433026 ], [ -61.102214297597037, -12.844280409433026 ], [ -61.102214297597037, -12.844530408702077 ], [ -61.102714296553245, -12.844530408702077 ], [ -61.102714296553245, -12.844780407971127 ], [ -61.102964296031345, -12.844780407971127 ], [ -61.102964296031345, -12.845280406509229 ], [ -61.103464294987553, -12.845280406509229 ], [ -61.103464294987553, -12.84553040577828 ], [ -61.104464292899969, -12.84553040577828 ], [ -61.104464292899969, -12.844780407971127 ], [ -61.105214291334278, -12.844780407971127 ], [ -61.105214291334278, -12.844530408702077 ], [ -61.105464290812385, -12.844530408702077 ], [ -61.105464290812385, -12.844280409433026 ], [ -61.105714290290486, -12.844280409433026 ], [ -61.105714290290486, -12.843030413087771 ], [ -61.106214289246694, -12.843030413087771 ], [ -61.106214289246694, -12.843280412356822 ], [ -61.106464288724794, -12.843280412356822 ], [ -61.106464288724794, -12.843530411625874 ], [ -61.106714288202902, -12.843530411625874 ], [ -61.106714288202902, -12.843780410894924 ], [ -61.106464288724794, -12.843780410894924 ], [ -61.106464288724794, -12.844530408702077 ], [ -61.106214289246694, -12.844530408702077 ], [ -61.106214289246694, -12.845280406509229 ], [ -61.105964289768593, -12.845280406509229 ], [ -61.105964289768593, -12.84553040577828 ], [ -61.105714290290486, -12.84553040577828 ], [ -61.105714290290486, -12.84578040504733 ], [ -61.105964289768593, -12.84578040504733 ], [ -61.105964289768593, -12.846280403585432 ], [ -61.10471429237807, -12.846280403585432 ], [ -61.10471429237807, -12.847030401392585 ], [ -61.104464292899969, -12.847030401392585 ], [ -61.104464292899969, -12.847280400661635 ], [ -61.105464290812385, -12.847280400661635 ], [ -61.105464290812385, -12.847030401392585 ], [ -61.105714290290486, -12.847030401392585 ], [ -61.105714290290486, -12.847280400661635 ], [ -61.105964289768593, -12.847280400661635 ], [ -61.105964289768593, -12.848280397737838 ], [ -61.105714290290486, -12.848280397737838 ], [ -61.105714290290486, -12.850530391159296 ], [ -61.105964289768593, -12.850530391159296 ], [ -61.105964289768593, -12.851530388235499 ], [ -61.105714290290486, -12.851530388235499 ], [ -61.105714290290486, -12.852280386042652 ], [ -61.105464290812385, -12.852280386042652 ], [ -61.105464290812385, -12.853280383118856 ], [ -61.105714290290486, -12.853280383118856 ], [ -61.105714290290486, -12.853530382387907 ], [ -61.105964289768593, -12.853530382387907 ], [ -61.105964289768593, -12.853780381656957 ], [ -61.106214289246694, -12.853780381656957 ], [ -61.106214289246694, -12.85453037946411 ], [ -61.105464290812385, -12.85453037946411 ], [ -61.105464290812385, -12.854280380195059 ], [ -61.105214291334278, -12.854280380195059 ], [ -61.105214291334278, -12.85453037946411 ], [ -61.10471429237807, -12.85453037946411 ], [ -61.10471429237807, -12.855280377271264 ], [ -61.104464292899969, -12.855280377271264 ], [ -61.104464292899969, -12.855530376540313 ], [ -61.104214293421862, -12.855530376540313 ], [ -61.104214293421862, -12.856030375078415 ], [ -61.10471429237807, -12.856030375078415 ], [ -61.10471429237807, -12.856530373616517 ], [ -61.105214291334278, -12.856530373616517 ], [ -61.105214291334278, -12.856280374347467 ], [ -61.105714290290486, -12.856280374347467 ], [ -61.105714290290486, -12.855780375809363 ], [ -61.106214289246694, -12.855780375809363 ], [ -61.106214289246694, -12.855280377271264 ], [ -61.106464288724794, -12.855280377271264 ], [ -61.106464288724794, -12.854030380926009 ], [ -61.106714288202902, -12.854030380926009 ], [ -61.106714288202902, -12.853530382387907 ], [ -61.106464288724794, -12.853530382387907 ], [ -61.106464288724794, -12.853280383118856 ], [ -61.106714288202902, -12.853280383118856 ], [ -61.106714288202902, -12.850780390428348 ], [ -61.106964287681002, -12.850780390428348 ], [ -61.106964287681002, -12.84853039700689 ], [ -61.10721428715911, -12.84853039700689 ], [ -61.10721428715911, -12.846030404316382 ], [ -61.107714286115318, -12.846030404316382 ], [ -61.107714286115318, -12.841780416742518 ], [ -61.10721428715911, -12.841780416742518 ], [ -61.10721428715911, -12.841530417473466 ], [ -61.106714288202902, -12.841530417473466 ], [ -61.106714288202902, -12.841780416742518 ], [ -61.106214289246694, -12.841780416742518 ], [ -61.106214289246694, -12.842030416011568 ], [ -61.105964289768593, -12.842030416011568 ], [ -61.105964289768593, -12.842280415280619 ], [ -61.105214291334278, -12.842280415280619 ], [ -61.105214291334278, -12.841780416742518 ], [ -61.105464290812385, -12.841780416742518 ], [ -61.105464290812385, -12.842030416011568 ], [ -61.105714290290486, -12.842030416011568 ], [ -61.105714290290486, -12.841530417473466 ], [ -61.106214289246694, -12.841530417473466 ], [ -61.106214289246694, -12.841280418204416 ], [ -61.105464290812385, -12.841280418204416 ], [ -61.105464290812385, -12.841030418935365 ], [ -61.105964289768593, -12.841030418935365 ], [ -61.105964289768593, -12.840530420397263 ], [ -61.106214289246694, -12.840530420397263 ], [ -61.106214289246694, -12.83953042332106 ], [ -61.105964289768593, -12.83953042332106 ], [ -61.105964289768593, -12.83928042405201 ], [ -61.106214289246694, -12.83928042405201 ], [ -61.106214289246694, -12.838780425513907 ], [ -61.106464288724794, -12.838780425513907 ], [ -61.106464288724794, -12.838030427706755 ], [ -61.106714288202902, -12.838030427706755 ], [ -61.106714288202902, -12.838280426975805 ], [ -61.106964287681002, -12.838280426975805 ], [ -61.106964287681002, -12.838530426244857 ], [ -61.106714288202902, -12.838530426244857 ], [ -61.106714288202902, -12.839030424782958 ], [ -61.106464288724794, -12.839030424782958 ], [ -61.106464288724794, -12.83978042259011 ], [ -61.106714288202902, -12.83978042259011 ], [ -61.106714288202902, -12.840530420397263 ], [ -61.107714286115318, -12.840530420397263 ], [ -61.107714286115318, -12.83978042259011 ], [ -61.107964285593418, -12.83978042259011 ], [ -61.107964285593418, -12.838780425513907 ], [ -61.108214285071526, -12.838780425513907 ], [ -61.108214285071526, -12.837280429899602 ], [ -61.107964285593418, -12.837280429899602 ], [ -61.107964285593418, -12.836530432092449 ], [ -61.108214285071526, -12.836530432092449 ], [ -61.108214285071526, -12.836030433554349 ], [ -61.107964285593418, -12.836030433554349 ], [ -61.107964285593418, -12.835780434285297 ], [ -61.10721428715911, -12.835780434285297 ], [ -61.10721428715911, -12.834530437940042 ], [ -61.107714286115318, -12.834530437940042 ], [ -61.107714286115318, -12.834280438670993 ], [ -61.108464284549626, -12.834280438670993 ], [ -61.108464284549626, -12.832030445249535 ], [ -61.108214285071526, -12.832030445249535 ], [ -61.108214285071526, -12.831530446711433 ], [ -61.107964285593418, -12.831530446711433 ], [ -61.107964285593418, -12.831280447442381 ], [ -61.107714286115318, -12.831280447442381 ], [ -61.107714286115318, -12.831030448173331 ], [ -61.10746428663721, -12.831030448173331 ], [ -61.10746428663721, -12.831280447442381 ], [ -61.106714288202902, -12.831280447442381 ], [ -61.106714288202902, -12.831530446711433 ], [ -61.106464288724794, -12.831530446711433 ], [ -61.106464288724794, -12.831280447442381 ], [ -61.105964289768593, -12.831280447442381 ], [ -61.105964289768593, -12.83078044890428 ], [ -61.106214289246694, -12.83078044890428 ], [ -61.106214289246694, -12.829280453289975 ], [ -61.105964289768593, -12.829280453289975 ], [ -61.105964289768593, -12.829030454020923 ], [ -61.105464290812385, -12.829030454020923 ], [ -61.105464290812385, -12.828780454751874 ], [ -61.105214291334278, -12.828780454751874 ], [ -61.105214291334278, -12.828530455482824 ], [ -61.104464292899969, -12.828530455482824 ], [ -61.104464292899969, -12.827030459868517 ], [ -61.105714290290486, -12.827030459868517 ], [ -61.105714290290486, -12.827280459137569 ], [ -61.105964289768593, -12.827280459137569 ], [ -61.105964289768593, -12.82803045694472 ], [ -61.106214289246694, -12.82803045694472 ], [ -61.106214289246694, -12.828280456213772 ], [ -61.106464288724794, -12.828280456213772 ], [ -61.106464288724794, -12.828530455482824 ], [ -61.108214285071526, -12.828530455482824 ], [ -61.108214285071526, -12.828280456213772 ], [ -61.108464284549626, -12.828280456213772 ], [ -61.108464284549626, -12.82778045767567 ], [ -61.108714284027727, -12.82778045767567 ], [ -61.108714284027727, -12.827280459137569 ], [ -61.108464284549626, -12.827280459137569 ], [ -61.108464284549626, -12.827030459868517 ], [ -61.108714284027727, -12.827030459868517 ], [ -61.108714284027727, -12.826280462061366 ], [ -61.108964283505834, -12.826280462061366 ], [ -61.108964283505834, -12.823780469370856 ], [ -61.109214282983942, -12.823780469370856 ], [ -61.109214282983942, -12.822280473756551 ], [ -61.108964283505834, -12.822280473756551 ], [ -61.108964283505834, -12.822030474487502 ], [ -61.108714284027727, -12.822030474487502 ], [ -61.108714284027727, -12.82178047521845 ], [ -61.108464284549626, -12.82178047521845 ], [ -61.108464284549626, -12.8215304759494 ], [ -61.107964285593418, -12.8215304759494 ], [ -61.107964285593418, -12.820780478142247 ], [ -61.108714284027727, -12.820780478142247 ], [ -61.108714284027727, -12.821030477411298 ], [ -61.109214282983942, -12.821030477411298 ], [ -61.109214282983942, -12.820280479604145 ], [ -61.109464282462042, -12.820280479604145 ], [ -61.109464282462042, -12.819780481066044 ], [ -61.109714281940143, -12.819780481066044 ], [ -61.109714281940143, -12.819530481796992 ], [ -61.109464282462042, -12.819530481796992 ], [ -61.109464282462042, -12.819280482527942 ], [ -61.109714281940143, -12.819280482527942 ], [ -61.109714281940143, -12.818280485451739 ], [ -61.110214280896351, -12.818280485451739 ], [ -61.110214280896351, -12.818030486182687 ], [ -61.109714281940143, -12.818030486182687 ], [ -61.109714281940143, -12.817780486913637 ], [ -61.109464282462042, -12.817780486913637 ], [ -61.109464282462042, -12.816780489837434 ], [ -61.109714281940143, -12.816780489837434 ], [ -61.109714281940143, -12.816280491299331 ], [ -61.109214282983942, -12.816280491299331 ], [ -61.109214282983942, -12.818030486182687 ], [ -61.109464282462042, -12.818030486182687 ], [ -61.109464282462042, -12.818530484720789 ], [ -61.109214282983942, -12.818530484720789 ], [ -61.109214282983942, -12.81903048325889 ], [ -61.108964283505834, -12.81903048325889 ], [ -61.108964283505834, -12.819280482527942 ], [ -61.108714284027727, -12.819280482527942 ], [ -61.108714284027727, -12.81903048325889 ] ], [ [ -61.106714288202902, -12.822780472294653 ], [ -61.106714288202902, -12.822280473756551 ], [ -61.10721428715911, -12.822280473756551 ], [ -61.10721428715911, -12.822780472294653 ], [ -61.106714288202902, -12.822780472294653 ] ], [ [ -61.104464292899969, -12.823030471563705 ], [ -61.10471429237807, -12.823030471563705 ], [ -61.10471429237807, -12.822780472294653 ], [ -61.105464290812385, -12.822780472294653 ], [ -61.105464290812385, -12.823030471563705 ], [ -61.105214291334278, -12.823030471563705 ], [ -61.105214291334278, -12.823280470832756 ], [ -61.103964293943761, -12.823280470832756 ], [ -61.103964293943761, -12.823530470101806 ], [ -61.104214293421862, -12.823530470101806 ], [ -61.104214293421862, -12.823780469370856 ], [ -61.103714294465654, -12.823780469370856 ], [ -61.103714294465654, -12.824280467908959 ], [ -61.103464294987553, -12.824280467908959 ], [ -61.103464294987553, -12.824530467178009 ], [ -61.103214295509446, -12.824530467178009 ], [ -61.103214295509446, -12.823780469370856 ], [ -61.102964296031345, -12.823780469370856 ], [ -61.102964296031345, -12.824030468639908 ], [ -61.102714296553245, -12.824030468639908 ], [ -61.102714296553245, -12.823530470101806 ], [ -61.102964296031345, -12.823530470101806 ], [ -61.102964296031345, -12.823030471563705 ], [ -61.103714294465654, -12.823030471563705 ], [ -61.103714294465654, -12.822780472294653 ], [ -61.103964293943761, -12.822780472294653 ], [ -61.103964293943761, -12.823030471563705 ], [ -61.104214293421862, -12.823030471563705 ], [ -61.104214293421862, -12.822780472294653 ], [ -61.104464292899969, -12.822780472294653 ], [ -61.104464292899969, -12.823030471563705 ] ], [ [ -61.102214297597037, -12.823530470101806 ], [ -61.102214297597037, -12.823280470832756 ], [ -61.102714296553245, -12.823280470832756 ], [ -61.102714296553245, -12.823530470101806 ], [ -61.102214297597037, -12.823530470101806 ] ], [ [ -61.106464288724794, -12.826530461330416 ], [ -61.106464288724794, -12.826280462061366 ], [ -61.106964287681002, -12.826280462061366 ], [ -61.106964287681002, -12.826030462792314 ], [ -61.10721428715911, -12.826030462792314 ], [ -61.10721428715911, -12.825780463523264 ], [ -61.10746428663721, -12.825780463523264 ], [ -61.10746428663721, -12.824030468639908 ], [ -61.10721428715911, -12.824030468639908 ], [ -61.10721428715911, -12.823780469370856 ], [ -61.107964285593418, -12.823780469370856 ], [ -61.107964285593418, -12.825780463523264 ], [ -61.107714286115318, -12.825780463523264 ], [ -61.107714286115318, -12.826530461330416 ], [ -61.10746428663721, -12.826530461330416 ], [ -61.10746428663721, -12.827530458406621 ], [ -61.106964287681002, -12.827530458406621 ], [ -61.106964287681002, -12.826780460599467 ], [ -61.106714288202902, -12.826780460599467 ], [ -61.106714288202902, -12.826530461330416 ], [ -61.106464288724794, -12.826530461330416 ] ], [ [ -61.104464292899969, -12.824780466447059 ], [ -61.104464292899969, -12.824030468639908 ], [ -61.106214289246694, -12.824030468639908 ], [ -61.106214289246694, -12.824530467178009 ], [ -61.106464288724794, -12.824530467178009 ], [ -61.106464288724794, -12.825280464985163 ], [ -61.105714290290486, -12.825280464985163 ], [ -61.105714290290486, -12.825530464254213 ], [ -61.104464292899969, -12.825530464254213 ], [ -61.104464292899969, -12.825280464985163 ], [ -61.104214293421862, -12.825280464985163 ], [ -61.104214293421862, -12.824780466447059 ], [ -61.104464292899969, -12.824780466447059 ] ], [ [ -61.104964291856177, -12.830030451097128 ], [ -61.104964291856177, -12.83078044890428 ], [ -61.10471429237807, -12.83078044890428 ], [ -61.10471429237807, -12.831280447442381 ], [ -61.104964291856177, -12.831280447442381 ], [ -61.104964291856177, -12.832030445249535 ], [ -61.105464290812385, -12.832030445249535 ], [ -61.105464290812385, -12.832280444518585 ], [ -61.105964289768593, -12.832280444518585 ], [ -61.105964289768593, -12.832530443787636 ], [ -61.10746428663721, -12.832530443787636 ], [ -61.10746428663721, -12.833280441594789 ], [ -61.10721428715911, -12.833280441594789 ], [ -61.10721428715911, -12.833530440863839 ], [ -61.106714288202902, -12.833530440863839 ], [ -61.106714288202902, -12.833780440132891 ], [ -61.106464288724794, -12.833780440132891 ], [ -61.106464288724794, -12.834030439401941 ], [ -61.106214289246694, -12.834030439401941 ], [ -61.106214289246694, -12.834280438670993 ], [ -61.105964289768593, -12.834280438670993 ], [ -61.105964289768593, -12.835030436478144 ], [ -61.10471429237807, -12.835030436478144 ], [ -61.10471429237807, -12.835280435747196 ], [ -61.104464292899969, -12.835280435747196 ], [ -61.104464292899969, -12.835030436478144 ], [ -61.104214293421862, -12.835030436478144 ], [ -61.104214293421862, -12.835530435016246 ], [ -61.103464294987553, -12.835530435016246 ], [ -61.103464294987553, -12.834280438670993 ], [ -61.103214295509446, -12.834280438670993 ], [ -61.103214295509446, -12.833780440132891 ], [ -61.101464299162721, -12.833780440132891 ], [ -61.101464299162721, -12.834030439401941 ], [ -61.101214299684621, -12.834030439401941 ], [ -61.101214299684621, -12.834280438670993 ], [ -61.100964300206513, -12.834280438670993 ], [ -61.100964300206513, -12.835780434285297 ], [ -61.100714300728413, -12.835780434285297 ], [ -61.100714300728413, -12.834030439401941 ], [ -61.100964300206513, -12.834030439401941 ], [ -61.100964300206513, -12.833780440132891 ], [ -61.101214299684621, -12.833780440132891 ], [ -61.101214299684621, -12.833280441594789 ], [ -61.101964298118929, -12.833280441594789 ], [ -61.101964298118929, -12.833030442325738 ], [ -61.102214297597037, -12.833030442325738 ], [ -61.102214297597037, -12.832780443056688 ], [ -61.102464297075137, -12.832780443056688 ], [ -61.102464297075137, -12.831530446711433 ], [ -61.102214297597037, -12.831530446711433 ], [ -61.102214297597037, -12.831280447442381 ], [ -61.101964298118929, -12.831280447442381 ], [ -61.101964298118929, -12.831030448173331 ], [ -61.101714298640829, -12.831030448173331 ], [ -61.101714298640829, -12.83078044890428 ], [ -61.101964298118929, -12.83078044890428 ], [ -61.101964298118929, -12.829280453289975 ], [ -61.102214297597037, -12.829280453289975 ], [ -61.102214297597037, -12.829530452559027 ], [ -61.102714296553245, -12.829530452559027 ], [ -61.102714296553245, -12.829780451828077 ], [ -61.104214293421862, -12.829780451828077 ], [ -61.104214293421862, -12.829530452559027 ], [ -61.104464292899969, -12.829530452559027 ], [ -61.104464292899969, -12.829780451828077 ], [ -61.10471429237807, -12.829780451828077 ], [ -61.10471429237807, -12.830030451097128 ], [ -61.104964291856177, -12.830030451097128 ] ], [ [ -61.100714300728413, -12.829530452559027 ], [ -61.100714300728413, -12.829280453289975 ], [ -61.100964300206513, -12.829280453289975 ], [ -61.100964300206513, -12.829530452559027 ], [ -61.100714300728413, -12.829530452559027 ] ], [ [ -61.100714300728413, -12.830280450366178 ], [ -61.100714300728413, -12.829780451828077 ], [ -61.100964300206513, -12.829780451828077 ], [ -61.100964300206513, -12.830280450366178 ], [ -61.100714300728413, -12.830280450366178 ] ], [ [ -61.101214299684621, -12.832280444518585 ], [ -61.101214299684621, -12.832030445249535 ], [ -61.101464299162721, -12.832030445249535 ], [ -61.101464299162721, -12.832280444518585 ], [ -61.101214299684621, -12.832280444518585 ] ], [ [ -61.101964298118929, -12.835280435747196 ], [ -61.101964298118929, -12.834780437209094 ], [ -61.102214297597037, -12.834780437209094 ], [ -61.102214297597037, -12.835280435747196 ], [ -61.101964298118929, -12.835280435747196 ] ], [ [ -61.101964298118929, -12.837030430630552 ], [ -61.101964298118929, -12.8367804313615 ], [ -61.101714298640829, -12.8367804313615 ], [ -61.101714298640829, -12.836280432823399 ], [ -61.101964298118929, -12.836280432823399 ], [ -61.101964298118929, -12.835780434285297 ], [ -61.102214297597037, -12.835780434285297 ], [ -61.102214297597037, -12.837030430630552 ], [ -61.101964298118929, -12.837030430630552 ] ], [ [ -61.105714290290486, -12.836530432092449 ], [ -61.105714290290486, -12.836280432823399 ], [ -61.105964289768593, -12.836280432823399 ], [ -61.105964289768593, -12.836530432092449 ], [ -61.105714290290486, -12.836530432092449 ] ], [ [ -61.105214291334278, -12.836530432092449 ], [ -61.105214291334278, -12.836280432823399 ], [ -61.105464290812385, -12.836280432823399 ], [ -61.105464290812385, -12.836530432092449 ], [ -61.105214291334278, -12.836530432092449 ] ], [ [ -61.103464294987553, -12.837030430630552 ], [ -61.103464294987553, -12.8367804313615 ], [ -61.103714294465654, -12.8367804313615 ], [ -61.103714294465654, -12.837030430630552 ], [ -61.103464294987553, -12.837030430630552 ] ], [ [ -61.10471429237807, -12.837530429168654 ], [ -61.105214291334278, -12.837530429168654 ], [ -61.105214291334278, -12.837780428437704 ], [ -61.105464290812385, -12.837780428437704 ], [ -61.105464290812385, -12.838030427706755 ], [ -61.105214291334278, -12.838030427706755 ], [ -61.105214291334278, -12.838280426975805 ], [ -61.10471429237807, -12.838280426975805 ], [ -61.10471429237807, -12.838530426244857 ], [ -61.104464292899969, -12.838530426244857 ], [ -61.104464292899969, -12.839030424782958 ], [ -61.104214293421862, -12.839030424782958 ], [ -61.104214293421862, -12.840530420397263 ], [ -61.103214295509446, -12.840530420397263 ], [ -61.103214295509446, -12.840780419666313 ], [ -61.102964296031345, -12.840780419666313 ], [ -61.102964296031345, -12.841280418204416 ], [ -61.102714296553245, -12.841280418204416 ], [ -61.102714296553245, -12.841780416742518 ], [ -61.102964296031345, -12.841780416742518 ], [ -61.102964296031345, -12.842030416011568 ], [ -61.102714296553245, -12.842030416011568 ], [ -61.102714296553245, -12.842530414549669 ], [ -61.103464294987553, -12.842530414549669 ], [ -61.103464294987553, -12.842780413818721 ], [ -61.103714294465654, -12.842780413818721 ], [ -61.103714294465654, -12.843030413087771 ], [ -61.103964293943761, -12.843030413087771 ], [ -61.103964293943761, -12.843280412356822 ], [ -61.104214293421862, -12.843280412356822 ], [ -61.104214293421862, -12.843530411625874 ], [ -61.103964293943761, -12.843530411625874 ], [ -61.103964293943761, -12.843780410894924 ], [ -61.103464294987553, -12.843780410894924 ], [ -61.103464294987553, -12.843530411625874 ], [ -61.103214295509446, -12.843530411625874 ], [ -61.103214295509446, -12.843280412356822 ], [ -61.102714296553245, -12.843280412356822 ], [ -61.102714296553245, -12.843030413087771 ], [ -61.101214299684621, -12.843030413087771 ], [ -61.101214299684621, -12.842780413818721 ], [ -61.100964300206513, -12.842780413818721 ], [ -61.100964300206513, -12.841780416742518 ], [ -61.101214299684621, -12.841780416742518 ], [ -61.101214299684621, -12.841530417473466 ], [ -61.101464299162721, -12.841530417473466 ], [ -61.101464299162721, -12.841280418204416 ], [ -61.101714298640829, -12.841280418204416 ], [ -61.101714298640829, -12.841030418935365 ], [ -61.101964298118929, -12.841030418935365 ], [ -61.101964298118929, -12.841530417473466 ], [ -61.102214297597037, -12.841530417473466 ], [ -61.102214297597037, -12.841030418935365 ], [ -61.102464297075137, -12.841030418935365 ], [ -61.102464297075137, -12.840530420397263 ], [ -61.101964298118929, -12.840530420397263 ], [ -61.101964298118929, -12.840280421128213 ], [ -61.102214297597037, -12.840280421128213 ], [ -61.102214297597037, -12.839030424782958 ], [ -61.101964298118929, -12.839030424782958 ], [ -61.101964298118929, -12.838280426975805 ], [ -61.102214297597037, -12.838280426975805 ], [ -61.102214297597037, -12.838030427706755 ], [ -61.103464294987553, -12.838030427706755 ], [ -61.103464294987553, -12.838280426975805 ], [ -61.103714294465654, -12.838280426975805 ], [ -61.103714294465654, -12.838030427706755 ], [ -61.104464292899969, -12.838030427706755 ], [ -61.104464292899969, -12.837780428437704 ], [ -61.10471429237807, -12.837780428437704 ], [ -61.10471429237807, -12.837530429168654 ] ], [ [ -61.101714298640829, -12.838280426975805 ], [ -61.101714298640829, -12.838030427706755 ], [ -61.101964298118929, -12.838030427706755 ], [ -61.101964298118929, -12.838280426975805 ], [ -61.101714298640829, -12.838280426975805 ] ], [ [ -61.104464292899969, -12.842030416011568 ], [ -61.104464292899969, -12.841780416742518 ], [ -61.10471429237807, -12.841780416742518 ], [ -61.10471429237807, -12.842030416011568 ], [ -61.104464292899969, -12.842030416011568 ] ], [ [ -61.105464290812385, -12.846780402123533 ], [ -61.105464290812385, -12.846530402854484 ], [ -61.105714290290486, -12.846530402854484 ], [ -61.105714290290486, -12.846780402123533 ], [ -61.105464290812385, -12.846780402123533 ] ], [ [ -61.106464288724794, -12.848780396275941 ], [ -61.106464288724794, -12.849780393352145 ], [ -61.106214289246694, -12.849780393352145 ], [ -61.106214289246694, -12.84853039700689 ], [ -61.106464288724794, -12.84853039700689 ], [ -61.106464288724794, -12.848280397737838 ], [ -61.106714288202902, -12.848280397737838 ], [ -61.106714288202902, -12.848780396275941 ], [ -61.106464288724794, -12.848780396275941 ] ] ], [ [ [ -61.108464284549626, -12.829780451828077 ], [ -61.108464284549626, -12.830280450366178 ], [ -61.108714284027727, -12.830280450366178 ], [ -61.108714284027727, -12.829780451828077 ], [ -61.108464284549626, -12.829780451828077 ] ] ], [ [ [ -61.108464284549626, -12.829530452559027 ], [ -61.108714284027727, -12.829530452559027 ], [ -61.108714284027727, -12.829780451828077 ], [ -61.109464282462042, -12.829780451828077 ], [ -61.109464282462042, -12.829280453289975 ], [ -61.109714281940143, -12.829280453289975 ], [ -61.109714281940143, -12.828280456213772 ], [ -61.108964283505834, -12.828280456213772 ], [ -61.108964283505834, -12.828530455482824 ], [ -61.108714284027727, -12.828530455482824 ], [ -61.108714284027727, -12.828780454751874 ], [ -61.108464284549626, -12.828780454751874 ], [ -61.108464284549626, -12.829030454020923 ], [ -61.108214285071526, -12.829030454020923 ], [ -61.108214285071526, -12.829780451828077 ], [ -61.108464284549626, -12.829780451828077 ], [ -61.108464284549626, -12.829530452559027 ] ] ], [ [ [ -61.110964279330666, -12.819280482527942 ], [ -61.111214278808767, -12.819280482527942 ], [ -61.111214278808767, -12.81903048325889 ], [ -61.110964279330666, -12.81903048325889 ], [ -61.110964279330666, -12.819280482527942 ] ] ], [ [ [ -61.107964285593418, -12.81903048325889 ], [ -61.107964285593418, -12.81878048398984 ], [ -61.108214285071526, -12.81878048398984 ], [ -61.108214285071526, -12.818530484720789 ], [ -61.107714286115318, -12.818530484720789 ], [ -61.107714286115318, -12.81903048325889 ], [ -61.107964285593418, -12.81903048325889 ] ] ], [ [ [ -61.107964285593418, -12.818030486182687 ], [ -61.10721428715911, -12.818030486182687 ], [ -61.10721428715911, -12.818280485451739 ], [ -61.106964287681002, -12.818280485451739 ], [ -61.106964287681002, -12.81903048325889 ], [ -61.10721428715911, -12.81903048325889 ], [ -61.10721428715911, -12.818530484720789 ], [ -61.107714286115318, -12.818530484720789 ], [ -61.107714286115318, -12.818280485451739 ], [ -61.107964285593418, -12.818280485451739 ], [ -61.107964285593418, -12.818030486182687 ] ] ], [ [ [ -61.110714279852559, -12.818530484720789 ], [ -61.110964279330666, -12.818530484720789 ], [ -61.110964279330666, -12.818280485451739 ], [ -61.110714279852559, -12.818280485451739 ], [ -61.110714279852559, -12.818530484720789 ] ] ], [ [ [ -61.108714284027727, -12.817780486913637 ], [ -61.108714284027727, -12.818030486182687 ], [ -61.108964283505834, -12.818030486182687 ], [ -61.108964283505834, -12.817780486913637 ], [ -61.108714284027727, -12.817780486913637 ] ] ], [ [ [ -61.111464278286874, -12.817780486913637 ], [ -61.111214278808767, -12.817780486913637 ], [ -61.111214278808767, -12.817280488375536 ], [ -61.111464278286874, -12.817280488375536 ], [ -61.111464278286874, -12.816780489837434 ], [ -61.111214278808767, -12.816780489837434 ], [ -61.111214278808767, -12.817030489106484 ], [ -61.110714279852559, -12.817030489106484 ], [ -61.110714279852559, -12.817280488375536 ], [ -61.110964279330666, -12.817280488375536 ], [ -61.110964279330666, -12.818030486182687 ], [ -61.111214278808767, -12.818030486182687 ], [ -61.111214278808767, -12.81878048398984 ], [ -61.111464278286874, -12.81878048398984 ], [ -61.111464278286874, -12.817780486913637 ] ] ], [ [ [ -61.110464280374458, -12.817030489106484 ], [ -61.110714279852559, -12.817030489106484 ], [ -61.110714279852559, -12.816780489837434 ], [ -61.110464280374458, -12.816780489837434 ], [ -61.110464280374458, -12.817030489106484 ] ] ], [ [ [ -61.104464292899969, -12.816280491299331 ], [ -61.104464292899969, -12.816530490568383 ], [ -61.10471429237807, -12.816530490568383 ], [ -61.10471429237807, -12.816280491299331 ], [ -61.104464292899969, -12.816280491299331 ] ] ], [ [ [ -61.110714279852559, -12.816280491299331 ], [ -61.110964279330666, -12.816280491299331 ], [ -61.110964279330666, -12.816030492030281 ], [ -61.110714279852559, -12.816030492030281 ], [ -61.110714279852559, -12.816280491299331 ] ] ], [ [ [ -61.105714290290486, -12.815280494223128 ], [ -61.105214291334278, -12.815280494223128 ], [ -61.105214291334278, -12.814780495685026 ], [ -61.103964293943761, -12.814780495685026 ], [ -61.103964293943761, -12.815780492761231 ], [ -61.104214293421862, -12.815780492761231 ], [ -61.104214293421862, -12.815280494223128 ], [ -61.10471429237807, -12.815280494223128 ], [ -61.10471429237807, -12.816280491299331 ], [ -61.105464290812385, -12.816280491299331 ], [ -61.105464290812385, -12.815780492761231 ], [ -61.105714290290486, -12.815780492761231 ], [ -61.105714290290486, -12.815280494223128 ] ] ], [ [ [ -61.109464282462042, -12.815530493492179 ], [ -61.109464282462042, -12.815780492761231 ], [ -61.109714281940143, -12.815780492761231 ], [ -61.109714281940143, -12.815280494223128 ], [ -61.109214282983942, -12.815280494223128 ], [ -61.109214282983942, -12.815530493492179 ], [ -61.109464282462042, -12.815530493492179 ] ] ], [ [ [ -61.104214293421862, -12.814280497146925 ], [ -61.10471429237807, -12.814280497146925 ], [ -61.10471429237807, -12.814030497877875 ], [ -61.104214293421862, -12.814030497877875 ], [ -61.104214293421862, -12.814280497146925 ] ] ], [ [ [ -61.107964285593418, -12.813530499339773 ], [ -61.108214285071526, -12.813530499339773 ], [ -61.108214285071526, -12.813280500070722 ], [ -61.107964285593418, -12.813280500070722 ], [ -61.107964285593418, -12.813530499339773 ] ] ], [ [ [ -61.109714281940143, -12.811280505918315 ], [ -61.109714281940143, -12.811530505187367 ], [ -61.110214280896351, -12.811530505187367 ], [ -61.110214280896351, -12.811280505918315 ], [ -61.109714281940143, -12.811280505918315 ] ] ], [ [ [ -61.110714279852559, -12.810280508842112 ], [ -61.110964279330666, -12.810280508842112 ], [ -61.110964279330666, -12.809780510304011 ], [ -61.110714279852559, -12.809780510304011 ], [ -61.110714279852559, -12.810280508842112 ] ] ], [ [ [ -61.110464280374458, -12.806780519075399 ], [ -61.110714279852559, -12.806780519075399 ], [ -61.110714279852559, -12.806530519806349 ], [ -61.110464280374458, -12.806530519806349 ], [ -61.110464280374458, -12.806780519075399 ] ] ], [ [ [ -61.110214280896351, -12.806780519075399 ], [ -61.110214280896351, -12.806530519806349 ], [ -61.110464280374458, -12.806530519806349 ], [ -61.110464280374458, -12.806280520537298 ], [ -61.109714281940143, -12.806280520537298 ], [ -61.109714281940143, -12.806780519075399 ], [ -61.110214280896351, -12.806780519075399 ] ] ], [ [ [ -61.111214278808767, -12.806530519806349 ], [ -61.111464278286874, -12.806530519806349 ], [ -61.111464278286874, -12.806280520537298 ], [ -61.111214278808767, -12.806280520537298 ], [ -61.111214278808767, -12.806530519806349 ] ] ], [ [ [ -61.108964283505834, -12.796780548313366 ], [ -61.110464280374458, -12.796780548313366 ], [ -61.110464280374458, -12.796530549044316 ], [ -61.108964283505834, -12.796530549044316 ], [ -61.108964283505834, -12.796780548313366 ] ] ], [ [ [ -61.108214285071526, -12.778780600941706 ], [ -61.108214285071526, -12.779030600210756 ], [ -61.108464284549626, -12.779030600210756 ], [ -61.108464284549626, -12.778780600941706 ], [ -61.108214285071526, -12.778780600941706 ] ] ], [ [ [ -61.108714284027727, -12.778530601672655 ], [ -61.108714284027727, -12.778780600941706 ], [ -61.109214282983942, -12.778780600941706 ], [ -61.109214282983942, -12.778530601672655 ], [ -61.108714284027727, -12.778530601672655 ] ] ], [ [ [ -61.109214282983942, -12.778280602403605 ], [ -61.109214282983942, -12.778530601672655 ], [ -61.109714281940143, -12.778530601672655 ], [ -61.109714281940143, -12.778030603134553 ], [ -61.109464282462042, -12.778030603134553 ], [ -61.109464282462042, -12.778280602403605 ], [ -61.109214282983942, -12.778280602403605 ] ] ], [ [ [ -61.105214291334278, -12.749780685731809 ], [ -61.105214291334278, -12.75028068426991 ], [ -61.10471429237807, -12.75028068426991 ], [ -61.10471429237807, -12.748596359331184 ], [ -61.101714298640829, -12.748637302392609 ], [ -61.101714298640829, -12.749780685731809 ], [ -61.101464299162721, -12.749780685731809 ], [ -61.101464299162721, -12.75028068426991 ], [ -61.101714298640829, -12.75028068426991 ], [ -61.101714298640829, -12.750530683538962 ], [ -61.101464299162721, -12.750530683538962 ], [ -61.101464299162721, -12.750780682808012 ], [ -61.101214299684621, -12.750780682808012 ], [ -61.101214299684621, -12.751030682077063 ], [ -61.101464299162721, -12.751030682077063 ], [ -61.101464299162721, -12.751280681346113 ], [ -61.102714296553245, -12.751280681346113 ], [ -61.102714296553245, -12.751030682077063 ], [ -61.103714294465654, -12.751030682077063 ], [ -61.103714294465654, -12.751280681346113 ], [ -61.103964293943761, -12.751280681346113 ], [ -61.103964293943761, -12.752280678422316 ], [ -61.10471429237807, -12.752280678422316 ], [ -61.10471429237807, -12.75278067696042 ], [ -61.105714290290486, -12.75278067696042 ], [ -61.105714290290486, -12.75303067622947 ], [ -61.105464290812385, -12.75303067622947 ], [ -61.105464290812385, -12.75328067549852 ], [ -61.105214291334278, -12.75328067549852 ], [ -61.105214291334278, -12.754030673305673 ], [ -61.105464290812385, -12.754030673305673 ], [ -61.105464290812385, -12.755280669650928 ], [ -61.105964289768593, -12.755280669650928 ], [ -61.105964289768593, -12.754780671112826 ], [ -61.106214289246694, -12.754780671112826 ], [ -61.106214289246694, -12.755280669650928 ], [ -61.106464288724794, -12.755280669650928 ], [ -61.106464288724794, -12.756280666727131 ], [ -61.106964287681002, -12.756280666727131 ], [ -61.106964287681002, -12.756530665996181 ], [ -61.106714288202902, -12.756530665996181 ], [ -61.106714288202902, -12.757030664534284 ], [ -61.106464288724794, -12.757030664534284 ], [ -61.106464288724794, -12.756780665265232 ], [ -61.106214289246694, -12.756780665265232 ], [ -61.106214289246694, -12.757280663803334 ], [ -61.105964289768593, -12.757280663803334 ], [ -61.105964289768593, -12.758030661610487 ], [ -61.106214289246694, -12.758030661610487 ], [ -61.106214289246694, -12.75928065795574 ], [ -61.105964289768593, -12.75928065795574 ], [ -61.105964289768593, -12.75903065868669 ], [ -61.105714290290486, -12.75903065868669 ], [ -61.105714290290486, -12.75928065795574 ], [ -61.105464290812385, -12.75928065795574 ], [ -61.105464290812385, -12.759780656493842 ], [ -61.105714290290486, -12.759780656493842 ], [ -61.105714290290486, -12.760280655031945 ], [ -61.105464290812385, -12.760280655031945 ], [ -61.105464290812385, -12.760530654300995 ], [ -61.105214291334278, -12.760530654300995 ], [ -61.105214291334278, -12.760780653570045 ], [ -61.10471429237807, -12.760780653570045 ], [ -61.10471429237807, -12.761280652108148 ], [ -61.105464290812385, -12.761280652108148 ], [ -61.105464290812385, -12.761030652839096 ], [ -61.105714290290486, -12.761030652839096 ], [ -61.105714290290486, -12.761530651377198 ], [ -61.105964289768593, -12.761530651377198 ], [ -61.105964289768593, -12.7620306499153 ], [ -61.103214295509446, -12.7620306499153 ], [ -61.103214295509446, -12.762780647722453 ], [ -61.102714296553245, -12.762780647722453 ], [ -61.102714296553245, -12.762280649184351 ], [ -61.101964298118929, -12.762280649184351 ], [ -61.101964298118929, -12.762530648453401 ], [ -61.101714298640829, -12.762530648453401 ], [ -61.101714298640829, -12.763030646991503 ], [ -61.101964298118929, -12.763030646991503 ], [ -61.101964298118929, -12.763780644798656 ], [ -61.101714298640829, -12.763780644798656 ], [ -61.101714298640829, -12.764530642605809 ], [ -61.101964298118929, -12.764530642605809 ], [ -61.101964298118929, -12.764030644067706 ], [ -61.102214297597037, -12.764030644067706 ], [ -61.102214297597037, -12.763280646260554 ], [ -61.102714296553245, -12.763280646260554 ], [ -61.102714296553245, -12.764530642605809 ], [ -61.102964296031345, -12.764530642605809 ], [ -61.102964296031345, -12.764280643336757 ], [ -61.103464294987553, -12.764280643336757 ], [ -61.103464294987553, -12.764530642605809 ], [ -61.103714294465654, -12.764530642605809 ], [ -61.103714294465654, -12.764280643336757 ], [ -61.103964293943761, -12.764280643336757 ], [ -61.103964293943761, -12.763530645529604 ], [ -61.103714294465654, -12.763530645529604 ], [ -61.103714294465654, -12.763280646260554 ], [ -61.104214293421862, -12.763280646260554 ], [ -61.104214293421862, -12.762780647722453 ], [ -61.104464292899969, -12.762780647722453 ], [ -61.104464292899969, -12.763030646991503 ], [ -61.10471429237807, -12.763030646991503 ], [ -61.10471429237807, -12.763280646260554 ], [ -61.104464292899969, -12.763280646260554 ], [ -61.104464292899969, -12.763530645529604 ], [ -61.105214291334278, -12.763530645529604 ], [ -61.105214291334278, -12.763780644798656 ], [ -61.105464290812385, -12.763780644798656 ], [ -61.105464290812385, -12.764530642605809 ], [ -61.105214291334278, -12.764530642605809 ], [ -61.105214291334278, -12.764780641874859 ], [ -61.105464290812385, -12.764780641874859 ], [ -61.105464290812385, -12.765530639682012 ], [ -61.105714290290486, -12.765530639682012 ], [ -61.105714290290486, -12.766280637489164 ], [ -61.105964289768593, -12.766280637489164 ], [ -61.105964289768593, -12.76828063164157 ], [ -61.106214289246694, -12.76828063164157 ], [ -61.106214289246694, -12.768530630910622 ], [ -61.106464288724794, -12.768530630910622 ], [ -61.106464288724794, -12.768780630179673 ], [ -61.106714288202902, -12.768780630179673 ], [ -61.106714288202902, -12.769030629448723 ], [ -61.106964287681002, -12.769030629448723 ], [ -61.106964287681002, -12.769280628717773 ], [ -61.10721428715911, -12.769280628717773 ], [ -61.10721428715911, -12.769530627986825 ], [ -61.107714286115318, -12.769530627986825 ], [ -61.107714286115318, -12.770280625793978 ], [ -61.107964285593418, -12.770280625793978 ], [ -61.107964285593418, -12.77078062433208 ], [ -61.108214285071526, -12.77078062433208 ], [ -61.108214285071526, -12.77103062360113 ], [ -61.107964285593418, -12.77103062360113 ], [ -61.107964285593418, -12.771530622139231 ], [ -61.108214285071526, -12.771530622139231 ], [ -61.108214285071526, -12.771280622870181 ], [ -61.108464284549626, -12.771280622870181 ], [ -61.108464284549626, -12.771780621408283 ], [ -61.108714284027727, -12.771780621408283 ], [ -61.108714284027727, -12.772030620677334 ], [ -61.108214285071526, -12.772030620677334 ], [ -61.108214285071526, -12.771780621408283 ], [ -61.107714286115318, -12.771780621408283 ], [ -61.107714286115318, -12.771530622139231 ], [ -61.10721428715911, -12.771530622139231 ], [ -61.10721428715911, -12.77103062360113 ], [ -61.106964287681002, -12.77103062360113 ], [ -61.106964287681002, -12.77078062433208 ], [ -61.106714288202902, -12.77078062433208 ], [ -61.106714288202902, -12.77103062360113 ], [ -61.105464290812385, -12.77103062360113 ], [ -61.105464290812385, -12.77078062433208 ], [ -61.105214291334278, -12.77078062433208 ], [ -61.105214291334278, -12.770280625793978 ], [ -61.10471429237807, -12.770280625793978 ], [ -61.10471429237807, -12.769280628717773 ], [ -61.104214293421862, -12.769280628717773 ], [ -61.104214293421862, -12.769530627986825 ], [ -61.103464294987553, -12.769530627986825 ], [ -61.103464294987553, -12.769280628717773 ], [ -61.103714294465654, -12.769280628717773 ], [ -61.103714294465654, -12.769030629448723 ], [ -61.104464292899969, -12.769030629448723 ], [ -61.104464292899969, -12.76828063164157 ], [ -61.105214291334278, -12.76828063164157 ], [ -61.105214291334278, -12.76778063310347 ], [ -61.105464290812385, -12.76778063310347 ], [ -61.105464290812385, -12.767280634565367 ], [ -61.105214291334278, -12.767280634565367 ], [ -61.105214291334278, -12.767030635296317 ], [ -61.10471429237807, -12.767030635296317 ], [ -61.10471429237807, -12.766530636758215 ], [ -61.104464292899969, -12.766530636758215 ], [ -61.104464292899969, -12.766780636027265 ], [ -61.104214293421862, -12.766780636027265 ], [ -61.104214293421862, -12.767030635296317 ], [ -61.103464294987553, -12.767030635296317 ], [ -61.103464294987553, -12.766530636758215 ], [ -61.103214295509446, -12.766530636758215 ], [ -61.103214295509446, -12.766030638220114 ], [ -61.102214297597037, -12.766030638220114 ], [ -61.102214297597037, -12.765530639682012 ], [ -61.102964296031345, -12.765530639682012 ], [ -61.102964296031345, -12.765780638951062 ], [ -61.103464294987553, -12.765780638951062 ], [ -61.103464294987553, -12.765280640412961 ], [ -61.102714296553245, -12.765280640412961 ], [ -61.102714296553245, -12.764780641874859 ], [ -61.101964298118929, -12.764780641874859 ], [ -61.101964298118929, -12.766030638220114 ], [ -61.101464299162721, -12.766030638220114 ], [ -61.101464299162721, -12.765530639682012 ], [ -61.100714300728413, -12.765530639682012 ], [ -61.100714300728413, -12.765780638951062 ], [ -61.100464301250305, -12.765780638951062 ], [ -61.100464301250305, -12.766530636758215 ], [ -61.100964300206513, -12.766530636758215 ], [ -61.100964300206513, -12.766280637489164 ], [ -61.101464299162721, -12.766280637489164 ], [ -61.101464299162721, -12.767030635296317 ], [ -61.101214299684621, -12.767030635296317 ], [ -61.101214299684621, -12.766780636027265 ], [ -61.100714300728413, -12.766780636027265 ], [ -61.100714300728413, -12.767030635296317 ], [ -61.100964300206513, -12.767030635296317 ], [ -61.100964300206513, -12.767280634565367 ], [ -61.100714300728413, -12.767280634565367 ], [ -61.100714300728413, -12.768530630910622 ], [ -61.100964300206513, -12.768530630910622 ], [ -61.100964300206513, -12.76828063164157 ], [ -61.101214299684621, -12.76828063164157 ], [ -61.101214299684621, -12.770530625063028 ], [ -61.100964300206513, -12.770530625063028 ], [ -61.100964300206513, -12.77078062433208 ], [ -61.101214299684621, -12.77078062433208 ], [ -61.101214299684621, -12.77103062360113 ], [ -61.101464299162721, -12.77103062360113 ], [ -61.101464299162721, -12.771780621408283 ], [ -61.101214299684621, -12.771780621408283 ], [ -61.101214299684621, -12.772780618484486 ], [ -61.101464299162721, -12.772780618484486 ], [ -61.101464299162721, -12.773030617753538 ], [ -61.101714298640829, -12.773030617753538 ], [ -61.101714298640829, -12.772780618484486 ], [ -61.101964298118929, -12.772780618484486 ], [ -61.101964298118929, -12.772280619946384 ], [ -61.102964296031345, -12.772280619946384 ], [ -61.102964296031345, -12.772780618484486 ], [ -61.103214295509446, -12.772780618484486 ], [ -61.103214295509446, -12.772280619946384 ], [ -61.103714294465654, -12.772280619946384 ], [ -61.103714294465654, -12.772030620677334 ], [ -61.104214293421862, -12.772030620677334 ], [ -61.104214293421862, -12.772280619946384 ], [ -61.10471429237807, -12.772280619946384 ], [ -61.10471429237807, -12.773780615560689 ], [ -61.104464292899969, -12.773780615560689 ], [ -61.104464292899969, -12.774030614829741 ], [ -61.105964289768593, -12.774030614829741 ], [ -61.105964289768593, -12.774280614098791 ], [ -61.106464288724794, -12.774280614098791 ], [ -61.106464288724794, -12.774530613367842 ], [ -61.106714288202902, -12.774530613367842 ], [ -61.106714288202902, -12.774280614098791 ], [ -61.106964287681002, -12.774280614098791 ], [ -61.106964287681002, -12.774780612636892 ], [ -61.106714288202902, -12.774780612636892 ], [ -61.106714288202902, -12.775280611174994 ], [ -61.106964287681002, -12.775280611174994 ], [ -61.106964287681002, -12.775530610444045 ], [ -61.10721428715911, -12.775530610444045 ], [ -61.10721428715911, -12.774530613367842 ], [ -61.107964285593418, -12.774530613367842 ], [ -61.107964285593418, -12.774280614098791 ], [ -61.108714284027727, -12.774280614098791 ], [ -61.108714284027727, -12.774530613367842 ], [ -61.108964283505834, -12.774530613367842 ], [ -61.108964283505834, -12.775280611174994 ], [ -61.109214282983942, -12.775280611174994 ], [ -61.109214282983942, -12.774780612636892 ], [ -61.109714281940143, -12.774780612636892 ], [ -61.109714281940143, -12.774530613367842 ], [ -61.110214280896351, -12.774530613367842 ], [ -61.110214280896351, -12.774780612636892 ], [ -61.110714279852559, -12.774780612636892 ], [ -61.110714279852559, -12.774530613367842 ], [ -61.110964279330666, -12.774530613367842 ], [ -61.110964279330666, -12.775280611174994 ], [ -61.110464280374458, -12.775280611174994 ], [ -61.110464280374458, -12.775530610444045 ], [ -61.110214280896351, -12.775530610444045 ], [ -61.110214280896351, -12.775780609713095 ], [ -61.109714281940143, -12.775780609713095 ], [ -61.109714281940143, -12.776030608982147 ], [ -61.109464282462042, -12.776030608982147 ], [ -61.109464282462042, -12.776280608251199 ], [ -61.108964283505834, -12.776280608251199 ], [ -61.108964283505834, -12.776530607520248 ], [ -61.108714284027727, -12.776530607520248 ], [ -61.108714284027727, -12.776780606789298 ], [ -61.108214285071526, -12.776780606789298 ], [ -61.108214285071526, -12.77703060605835 ], [ -61.107964285593418, -12.77703060605835 ], [ -61.107964285593418, -12.777780603865503 ], [ -61.107714286115318, -12.777780603865503 ], [ -61.107714286115318, -12.778280602403605 ], [ -61.108214285071526, -12.778280602403605 ], [ -61.108214285071526, -12.778030603134553 ], [ -61.108464284549626, -12.778030603134553 ], [ -61.108464284549626, -12.777780603865503 ], [ -61.108714284027727, -12.777780603865503 ], [ -61.108714284027727, -12.777280605327402 ], [ -61.109214282983942, -12.777280605327402 ], [ -61.109214282983942, -12.77703060605835 ], [ -61.109464282462042, -12.77703060605835 ], [ -61.109464282462042, -12.777280605327402 ], [ -61.110714279852559, -12.777280605327402 ], [ -61.110714279852559, -12.778030603134553 ], [ -61.110464280374458, -12.778030603134553 ], [ -61.110464280374458, -12.778530601672655 ], [ -61.109714281940143, -12.778530601672655 ], [ -61.109714281940143, -12.778780600941706 ], [ -61.109464282462042, -12.778780600941706 ], [ -61.109464282462042, -12.779030600210756 ], [ -61.109214282983942, -12.779030600210756 ], [ -61.109214282983942, -12.779280599479808 ], [ -61.108964283505834, -12.779280599479808 ], [ -61.108964283505834, -12.779530598748858 ], [ -61.108714284027727, -12.779530598748858 ], [ -61.108714284027727, -12.780280596556011 ], [ -61.108464284549626, -12.780280596556011 ], [ -61.108464284549626, -12.780530595825063 ], [ -61.107714286115318, -12.780530595825063 ], [ -61.107714286115318, -12.780280596556011 ], [ -61.10721428715911, -12.780280596556011 ], [ -61.10721428715911, -12.77978059801791 ], [ -61.106964287681002, -12.77978059801791 ], [ -61.106964287681002, -12.780280596556011 ], [ -61.106714288202902, -12.780280596556011 ], [ -61.106714288202902, -12.781030594363163 ], [ -61.106464288724794, -12.781030594363163 ], [ -61.106464288724794, -12.780780595094113 ], [ -61.105964289768593, -12.780780595094113 ], [ -61.105964289768593, -12.781030594363163 ], [ -61.105714290290486, -12.781030594363163 ], [ -61.105714290290486, -12.781280593632214 ], [ -61.105464290812385, -12.781280593632214 ], [ -61.105464290812385, -12.781780592170316 ], [ -61.105214291334278, -12.781780592170316 ], [ -61.105214291334278, -12.782030591439367 ], [ -61.10471429237807, -12.782030591439367 ], [ -61.10471429237807, -12.782280590708417 ], [ -61.104464292899969, -12.782280590708417 ], [ -61.104464292899969, -12.782780589246519 ], [ -61.104214293421862, -12.782780589246519 ], [ -61.104214293421862, -12.783280587784621 ], [ -61.103964293943761, -12.783280587784621 ], [ -61.103964293943761, -12.784280584860824 ], [ -61.104464292899969, -12.784280584860824 ], [ -61.104464292899969, -12.784530584129875 ], [ -61.105214291334278, -12.784530584129875 ], [ -61.105214291334278, -12.784780583398927 ], [ -61.105714290290486, -12.784780583398927 ], [ -61.105714290290486, -12.785530581206078 ], [ -61.105214291334278, -12.785530581206078 ], [ -61.105214291334278, -12.785280581937027 ], [ -61.10471429237807, -12.785280581937027 ], [ -61.10471429237807, -12.784780583398927 ], [ -61.104214293421862, -12.784780583398927 ], [ -61.104214293421862, -12.785280581937027 ], [ -61.103714294465654, -12.785280581937027 ], [ -61.103714294465654, -12.785530581206078 ], [ -61.103464294987553, -12.785530581206078 ], [ -61.103464294987553, -12.78578058047513 ], [ -61.103214295509446, -12.78578058047513 ], [ -61.103214295509446, -12.788780571703739 ], [ -61.102964296031345, -12.788780571703739 ], [ -61.102964296031345, -12.789530569510891 ], [ -61.103214295509446, -12.789530569510891 ], [ -61.103214295509446, -12.790280567318044 ], [ -61.103464294987553, -12.790280567318044 ], [ -61.103464294987553, -12.790780565856146 ], [ -61.103214295509446, -12.790780565856146 ], [ -61.103214295509446, -12.791030565125197 ], [ -61.103964293943761, -12.791030565125197 ], [ -61.103964293943761, -12.791280564394247 ], [ -61.104214293421862, -12.791280564394247 ], [ -61.104214293421862, -12.792780560008552 ], [ -61.103964293943761, -12.792780560008552 ], [ -61.103964293943761, -12.793280558546655 ], [ -61.103714294465654, -12.793280558546655 ], [ -61.103714294465654, -12.793530557815705 ], [ -61.103214295509446, -12.793530557815705 ], [ -61.103214295509446, -12.796030550506213 ], [ -61.103464294987553, -12.796030550506213 ], [ -61.103464294987553, -12.796280549775265 ], [ -61.104214293421862, -12.796280549775265 ], [ -61.104214293421862, -12.796030550506213 ], [ -61.104464292899969, -12.796030550506213 ], [ -61.104464292899969, -12.795780551237163 ], [ -61.106214289246694, -12.795780551237163 ], [ -61.106214289246694, -12.795530551968113 ], [ -61.106464288724794, -12.795530551968113 ], [ -61.106464288724794, -12.795280552699062 ], [ -61.106714288202902, -12.795280552699062 ], [ -61.106714288202902, -12.795780551237163 ], [ -61.106464288724794, -12.795780551237163 ], [ -61.106464288724794, -12.796280549775265 ], [ -61.105714290290486, -12.796280549775265 ], [ -61.105714290290486, -12.796530549044316 ], [ -61.10471429237807, -12.796530549044316 ], [ -61.10471429237807, -12.796780548313366 ], [ -61.104214293421862, -12.796780548313366 ], [ -61.104214293421862, -12.797030547582416 ], [ -61.103714294465654, -12.797030547582416 ], [ -61.103714294465654, -12.797280546851468 ], [ -61.103464294987553, -12.797280546851468 ], [ -61.103464294987553, -12.798530543196723 ], [ -61.10471429237807, -12.798530543196723 ], [ -61.10471429237807, -12.798780542465773 ], [ -61.105214291334278, -12.798780542465773 ], [ -61.105214291334278, -12.799030541734824 ], [ -61.103464294987553, -12.799030541734824 ], [ -61.103464294987553, -12.799280541003874 ], [ -61.103214295509446, -12.799280541003874 ], [ -61.103214295509446, -12.800530537349129 ], [ -61.103464294987553, -12.800530537349129 ], [ -61.103464294987553, -12.800280538080077 ], [ -61.103714294465654, -12.800280538080077 ], [ -61.103714294465654, -12.799780539541977 ], [ -61.103964293943761, -12.799780539541977 ], [ -61.103964293943761, -12.800530537349129 ], [ -61.10471429237807, -12.800530537349129 ], [ -61.10471429237807, -12.800280538080077 ], [ -61.105964289768593, -12.800280538080077 ], [ -61.105964289768593, -12.800530537349129 ], [ -61.105714290290486, -12.800530537349129 ], [ -61.105714290290486, -12.800780536618181 ], [ -61.106464288724794, -12.800780536618181 ], [ -61.106464288724794, -12.80103053588723 ], [ -61.106714288202902, -12.80103053588723 ], [ -61.106714288202902, -12.80128053515628 ], [ -61.105964289768593, -12.80128053515628 ], [ -61.105964289768593, -12.801780533694384 ], [ -61.105464290812385, -12.801780533694384 ], [ -61.105464290812385, -12.802280532232485 ], [ -61.10471429237807, -12.802280532232485 ], [ -61.10471429237807, -12.803030530039637 ], [ -61.104464292899969, -12.803030530039637 ], [ -61.104464292899969, -12.803280529308688 ], [ -61.104214293421862, -12.803280529308688 ], [ -61.104214293421862, -12.803530528577738 ], [ -61.103964293943761, -12.803530528577738 ], [ -61.103964293943761, -12.80378052784679 ], [ -61.103464294987553, -12.80378052784679 ], [ -61.103464294987553, -12.804530525653941 ], [ -61.103714294465654, -12.804530525653941 ], [ -61.103714294465654, -12.804280526384892 ], [ -61.103964293943761, -12.804280526384892 ], [ -61.103964293943761, -12.804530525653941 ], [ -61.104214293421862, -12.804530525653941 ], [ -61.104214293421862, -12.80378052784679 ], [ -61.104464292899969, -12.80378052784679 ], [ -61.104464292899969, -12.803530528577738 ], [ -61.10471429237807, -12.803530528577738 ], [ -61.10471429237807, -12.803280529308688 ], [ -61.105464290812385, -12.803280529308688 ], [ -61.105464290812385, -12.80378052784679 ], [ -61.105214291334278, -12.80378052784679 ], [ -61.105214291334278, -12.804280526384892 ], [ -61.10471429237807, -12.804280526384892 ], [ -61.10471429237807, -12.804780524922993 ], [ -61.105214291334278, -12.804780524922993 ], [ -61.105214291334278, -12.805280523461095 ], [ -61.105964289768593, -12.805280523461095 ], [ -61.105964289768593, -12.805530522730146 ], [ -61.106214289246694, -12.805530522730146 ], [ -61.106214289246694, -12.805780521999196 ], [ -61.106464288724794, -12.805780521999196 ], [ -61.106464288724794, -12.806030521268248 ], [ -61.10721428715911, -12.806030521268248 ], [ -61.10721428715911, -12.805780521999196 ], [ -61.107714286115318, -12.805780521999196 ], [ -61.107714286115318, -12.806030521268248 ], [ -61.108214285071526, -12.806030521268248 ], [ -61.108214285071526, -12.805780521999196 ], [ -61.108714284027727, -12.805780521999196 ], [ -61.108714284027727, -12.806030521268248 ], [ -61.108964283505834, -12.806030521268248 ], [ -61.108964283505834, -12.805530522730146 ], [ -61.108464284549626, -12.805530522730146 ], [ -61.108464284549626, -12.805280523461095 ], [ -61.108714284027727, -12.805280523461095 ], [ -61.108714284027727, -12.804780524922993 ], [ -61.109214282983942, -12.804780524922993 ], [ -61.109214282983942, -12.805280523461095 ], [ -61.109464282462042, -12.805280523461095 ], [ -61.109464282462042, -12.804780524922993 ], [ -61.109714281940143, -12.804780524922993 ], [ -61.109714281940143, -12.804530525653941 ], [ -61.110214280896351, -12.804530525653941 ], [ -61.110214280896351, -12.804280526384892 ], [ -61.110714279852559, -12.804280526384892 ], [ -61.110714279852559, -12.804030527115842 ], [ -61.110964279330666, -12.804030527115842 ], [ -61.110964279330666, -12.80378052784679 ], [ -61.110714279852559, -12.80378052784679 ], [ -61.110714279852559, -12.803530528577738 ], [ -61.110464280374458, -12.803530528577738 ], [ -61.110464280374458, -12.803280529308688 ], [ -61.110214280896351, -12.803280529308688 ], [ -61.110214280896351, -12.803030530039637 ], [ -61.108714284027727, -12.803030530039637 ], [ -61.108714284027727, -12.802780530770587 ], [ -61.108214285071526, -12.802780530770587 ], [ -61.108214285071526, -12.802280532232485 ], [ -61.108464284549626, -12.802280532232485 ], [ -61.108464284549626, -12.802030532963434 ], [ -61.108714284027727, -12.802030532963434 ], [ -61.108714284027727, -12.802280532232485 ], [ -61.108964283505834, -12.802280532232485 ], [ -61.108964283505834, -12.80128053515628 ], [ -61.109214282983942, -12.80128053515628 ], [ -61.109214282983942, -12.801530534425332 ], [ -61.110464280374458, -12.801530534425332 ], [ -61.110464280374458, -12.80128053515628 ], [ -61.110714279852559, -12.80128053515628 ], [ -61.110714279852559, -12.801780533694384 ], [ -61.110464280374458, -12.801780533694384 ], [ -61.110464280374458, -12.802030532963434 ], [ -61.110964279330666, -12.802030532963434 ], [ -61.110964279330666, -12.801780533694384 ], [ -61.111714277764975, -12.801780533694384 ], [ -61.111714277764975, -12.802280532232485 ], [ -61.111964277243075, -12.802280532232485 ], [ -61.111964277243075, -12.801530534425332 ], [ -61.112964275155491, -12.801530534425332 ], [ -61.112964275155491, -12.80128053515628 ], [ -61.111964277243075, -12.80128053515628 ], [ -61.111964277243075, -12.80103053588723 ], [ -61.111464278286874, -12.80103053588723 ], [ -61.111464278286874, -12.800780536618181 ], [ -61.110964279330666, -12.800780536618181 ], [ -61.110964279330666, -12.800530537349129 ], [ -61.111464278286874, -12.800530537349129 ], [ -61.111464278286874, -12.800280538080077 ], [ -61.111714277764975, -12.800280538080077 ], [ -61.111714277764975, -12.799780539541977 ], [ -61.111464278286874, -12.799780539541977 ], [ -61.111464278286874, -12.799530540272926 ], [ -61.111214278808767, -12.799530540272926 ], [ -61.111214278808767, -12.799280541003874 ], [ -61.111714277764975, -12.799280541003874 ], [ -61.111714277764975, -12.799030541734824 ], [ -61.112214276721183, -12.799030541734824 ], [ -61.112214276721183, -12.798780542465773 ], [ -61.112714275677391, -12.798780542465773 ], [ -61.112714275677391, -12.798030544658621 ], [ -61.112964275155491, -12.798030544658621 ], [ -61.112964275155491, -12.797280546851468 ], [ -61.113714273589807, -12.797280546851468 ], [ -61.113714273589807, -12.797030547582416 ], [ -61.113964273067907, -12.797030547582416 ], [ -61.113964273067907, -12.796780548313366 ], [ -61.113464274111699, -12.796780548313366 ], [ -61.113464274111699, -12.795780551237163 ], [ -61.113214274633599, -12.795780551237163 ], [ -61.113214274633599, -12.795530551968113 ], [ -61.113464274111699, -12.795530551968113 ], [ -61.113464274111699, -12.795280552699062 ], [ -61.113214274633599, -12.795280552699062 ], [ -61.113214274633599, -12.794530554891908 ], [ -61.112964275155491, -12.794530554891908 ], [ -61.112964275155491, -12.794280555622858 ], [ -61.112214276721183, -12.794280555622858 ], [ -61.112214276721183, -12.794030556353807 ], [ -61.112714275677391, -12.794030556353807 ], [ -61.112714275677391, -12.793530557815705 ], [ -61.112214276721183, -12.793530557815705 ], [ -61.112214276721183, -12.793030559277604 ], [ -61.112714275677391, -12.793030559277604 ], [ -61.112714275677391, -12.792280561470452 ], [ -61.114214272546015, -12.792280561470452 ], [ -61.114214272546015, -12.793030559277604 ], [ -61.114464272024115, -12.793030559277604 ], [ -61.114464272024115, -12.793280558546655 ], [ -61.114714271502223, -12.793280558546655 ], [ -61.114714271502223, -12.793030559277604 ], [ -61.115214270458424, -12.793030559277604 ], [ -61.115214270458424, -12.792780560008552 ], [ -61.115714269414632, -12.792780560008552 ], [ -61.115714269414632, -12.790530566587096 ], [ -61.115464269936531, -12.790530566587096 ], [ -61.115464269936531, -12.790280567318044 ], [ -61.115214270458424, -12.790280567318044 ], [ -61.115214270458424, -12.789780568779943 ], [ -61.114464272024115, -12.789780568779943 ], [ -61.114464272024115, -12.789280570241841 ], [ -61.114214272546015, -12.789280570241841 ], [ -61.114214272546015, -12.788780571703739 ], [ -61.113964273067907, -12.788780571703739 ], [ -61.113964273067907, -12.788280573165638 ], [ -61.114214272546015, -12.788280573165638 ], [ -61.114214272546015, -12.787280576089435 ], [ -61.113964273067907, -12.787280576089435 ], [ -61.113964273067907, -12.786530578282282 ], [ -61.113714273589807, -12.786530578282282 ], [ -61.113714273589807, -12.78603057974418 ], [ -61.113964273067907, -12.78603057974418 ], [ -61.113964273067907, -12.78578058047513 ], [ -61.114214272546015, -12.78578058047513 ], [ -61.114214272546015, -12.784530584129875 ], [ -61.113964273067907, -12.784530584129875 ], [ -61.113964273067907, -12.784280584860824 ], [ -61.113714273589807, -12.784280584860824 ], [ -61.113714273589807, -12.783780586322724 ], [ -61.113464274111699, -12.783780586322724 ], [ -61.113464274111699, -12.783030588515571 ], [ -61.113214274633599, -12.783030588515571 ], [ -61.113214274633599, -12.782780589246519 ], [ -61.113464274111699, -12.782780589246519 ], [ -61.113464274111699, -12.782280590708417 ], [ -61.113214274633599, -12.782280590708417 ], [ -61.113214274633599, -12.782030591439367 ], [ -61.113464274111699, -12.782030591439367 ], [ -61.113464274111699, -12.781780592170316 ], [ -61.113714273589807, -12.781780592170316 ], [ -61.113714273589807, -12.781530592901266 ], [ -61.113964273067907, -12.781530592901266 ], [ -61.113964273067907, -12.781280593632214 ], [ -61.114214272546015, -12.781280593632214 ], [ -61.114214272546015, -12.781030594363163 ], [ -61.114464272024115, -12.781030594363163 ], [ -61.114464272024115, -12.780780595094113 ], [ -61.113714273589807, -12.780780595094113 ], [ -61.113714273589807, -12.780530595825063 ], [ -61.113464274111699, -12.780530595825063 ], [ -61.113464274111699, -12.780280596556011 ], [ -61.113214274633599, -12.780280596556011 ], [ -61.113214274633599, -12.779530598748858 ], [ -61.112964275155491, -12.779530598748858 ], [ -61.112964275155491, -12.779280599479808 ], [ -61.112714275677391, -12.779280599479808 ], [ -61.112714275677391, -12.778280602403605 ], [ -61.110964279330666, -12.778280602403605 ], [ -61.110964279330666, -12.777280605327402 ], [ -61.111214278808767, -12.777280605327402 ], [ -61.111214278808767, -12.77703060605835 ], [ -61.111464278286874, -12.77703060605835 ], [ -61.111464278286874, -12.776780606789298 ], [ -61.111964277243075, -12.776780606789298 ], [ -61.111964277243075, -12.777280605327402 ], [ -61.112964275155491, -12.777280605327402 ], [ -61.112964275155491, -12.777780603865503 ], [ -61.113214274633599, -12.777780603865503 ], [ -61.113214274633599, -12.778030603134553 ], [ -61.113464274111699, -12.778030603134553 ], [ -61.113464274111699, -12.778530601672655 ], [ -61.113714273589807, -12.778530601672655 ], [ -61.113714273589807, -12.778780600941706 ], [ -61.113964273067907, -12.778780600941706 ], [ -61.113964273067907, -12.779030600210756 ], [ -61.114214272546015, -12.779030600210756 ], [ -61.114214272546015, -12.779530598748858 ], [ -61.113964273067907, -12.779530598748858 ], [ -61.113964273067907, -12.780530595825063 ], [ -61.115214270458424, -12.780530595825063 ], [ -61.115214270458424, -12.780780595094113 ], [ -61.115714269414632, -12.780780595094113 ], [ -61.115714269414632, -12.77978059801791 ], [ -61.115964268892739, -12.77978059801791 ], [ -61.115964268892739, -12.778280602403605 ], [ -61.11621426837084, -12.778280602403605 ], [ -61.11621426837084, -12.777780603865503 ], [ -61.115964268892739, -12.777780603865503 ], [ -61.115964268892739, -12.77703060605835 ], [ -61.11621426837084, -12.77703060605835 ], [ -61.11621426837084, -12.776280608251199 ], [ -61.115964268892739, -12.776280608251199 ], [ -61.115964268892739, -12.776030608982147 ], [ -61.115714269414632, -12.776030608982147 ], [ -61.115714269414632, -12.775530610444045 ], [ -61.115964268892739, -12.775530610444045 ], [ -61.115964268892739, -12.774780612636892 ], [ -61.115714269414632, -12.774780612636892 ], [ -61.115714269414632, -12.774530613367842 ], [ -61.115464269936531, -12.774530613367842 ], [ -61.115464269936531, -12.773530616291637 ], [ -61.115964268892739, -12.773530616291637 ], [ -61.115964268892739, -12.773280617022587 ], [ -61.11621426837084, -12.773280617022587 ], [ -61.11621426837084, -12.773530616291637 ], [ -61.116464267848947, -12.773530616291637 ], [ -61.116464267848947, -12.773280617022587 ], [ -61.116714267327048, -12.773280617022587 ], [ -61.116714267327048, -12.772780618484486 ], [ -61.11621426837084, -12.772780618484486 ], [ -61.11621426837084, -12.772280619946384 ], [ -61.115964268892739, -12.772280619946384 ], [ -61.115964268892739, -12.772030620677334 ], [ -61.115714269414632, -12.772030620677334 ], [ -61.115714269414632, -12.771780621408283 ], [ -61.115214270458424, -12.771780621408283 ], [ -61.115214270458424, -12.771530622139231 ], [ -61.114714271502223, -12.771530622139231 ], [ -61.114714271502223, -12.771780621408283 ], [ -61.114214272546015, -12.771780621408283 ], [ -61.114214272546015, -12.772280619946384 ], [ -61.113964273067907, -12.772280619946384 ], [ -61.113964273067907, -12.772780618484486 ], [ -61.114464272024115, -12.772780618484486 ], [ -61.114464272024115, -12.773030617753538 ], [ -61.113464274111699, -12.773030617753538 ], [ -61.113464274111699, -12.772780618484486 ], [ -61.112964275155491, -12.772780618484486 ], [ -61.112964275155491, -12.772280619946384 ], [ -61.113214274633599, -12.772280619946384 ], [ -61.113214274633599, -12.772030620677334 ], [ -61.112714275677391, -12.772030620677334 ], [ -61.112714275677391, -12.773030617753538 ], [ -61.112964275155491, -12.773030617753538 ], [ -61.112964275155491, -12.774030614829741 ], [ -61.113714273589807, -12.774030614829741 ], [ -61.113714273589807, -12.773780615560689 ], [ -61.113964273067907, -12.773780615560689 ], [ -61.113964273067907, -12.773530616291637 ], [ -61.114214272546015, -12.773530616291637 ], [ -61.114214272546015, -12.774030614829741 ], [ -61.113964273067907, -12.774030614829741 ], [ -61.113964273067907, -12.774780612636892 ], [ -61.113714273589807, -12.774780612636892 ], [ -61.113714273589807, -12.775280611174994 ], [ -61.113464274111699, -12.775280611174994 ], [ -61.113464274111699, -12.774780612636892 ], [ -61.113214274633599, -12.774780612636892 ], [ -61.113214274633599, -12.775280611174994 ], [ -61.112714275677391, -12.775280611174994 ], [ -61.112714275677391, -12.775530610444045 ], [ -61.112214276721183, -12.775530610444045 ], [ -61.112214276721183, -12.775780609713095 ], [ -61.111964277243075, -12.775780609713095 ], [ -61.111964277243075, -12.776030608982147 ], [ -61.111714277764975, -12.776030608982147 ], [ -61.111714277764975, -12.774780612636892 ], [ -61.111464278286874, -12.774780612636892 ], [ -61.111464278286874, -12.774530613367842 ], [ -61.111214278808767, -12.774530613367842 ], [ -61.111214278808767, -12.774280614098791 ], [ -61.111464278286874, -12.774280614098791 ], [ -61.111464278286874, -12.774030614829741 ], [ -61.112214276721183, -12.774030614829741 ], [ -61.112214276721183, -12.773780615560689 ], [ -61.111964277243075, -12.773780615560689 ], [ -61.111964277243075, -12.773530616291637 ], [ -61.112214276721183, -12.773530616291637 ], [ -61.112214276721183, -12.773280617022587 ], [ -61.111964277243075, -12.773280617022587 ], [ -61.111964277243075, -12.773030617753538 ], [ -61.110714279852559, -12.773030617753538 ], [ -61.110714279852559, -12.772280619946384 ], [ -61.110464280374458, -12.772280619946384 ], [ -61.110464280374458, -12.772030620677334 ], [ -61.110214280896351, -12.772030620677334 ], [ -61.110214280896351, -12.771280622870181 ], [ -61.109214282983942, -12.771280622870181 ], [ -61.109214282983942, -12.77078062433208 ], [ -61.108964283505834, -12.77078062433208 ], [ -61.108964283505834, -12.770530625063028 ], [ -61.108714284027727, -12.770530625063028 ], [ -61.108714284027727, -12.769780627255876 ], [ -61.108464284549626, -12.769780627255876 ], [ -61.108464284549626, -12.769530627986825 ], [ -61.108214285071526, -12.769530627986825 ], [ -61.108214285071526, -12.769030629448723 ], [ -61.108464284549626, -12.769030629448723 ], [ -61.108464284549626, -12.768780630179673 ], [ -61.108714284027727, -12.768780630179673 ], [ -61.108714284027727, -12.768530630910622 ], [ -61.108964283505834, -12.768530630910622 ], [ -61.108964283505834, -12.76828063164157 ], [ -61.108464284549626, -12.76828063164157 ], [ -61.108464284549626, -12.768530630910622 ], [ -61.107964285593418, -12.768530630910622 ], [ -61.107964285593418, -12.76778063310347 ], [ -61.108214285071526, -12.76778063310347 ], [ -61.108214285071526, -12.766780636027265 ], [ -61.108464284549626, -12.766780636027265 ], [ -61.108464284549626, -12.766530636758215 ], [ -61.108214285071526, -12.766530636758215 ], [ -61.108214285071526, -12.766280637489164 ], [ -61.108464284549626, -12.766280637489164 ], [ -61.108464284549626, -12.765530639682012 ], [ -61.108714284027727, -12.765530639682012 ], [ -61.108714284027727, -12.765280640412961 ], [ -61.108464284549626, -12.765280640412961 ], [ -61.108464284549626, -12.764780641874859 ], [ -61.109214282983942, -12.764780641874859 ], [ -61.109214282983942, -12.764530642605809 ], [ -61.108964283505834, -12.764530642605809 ], [ -61.108964283505834, -12.764280643336757 ], [ -61.109214282983942, -12.764280643336757 ], [ -61.109214282983942, -12.764030644067706 ], [ -61.109464282462042, -12.764030644067706 ], [ -61.109464282462042, -12.763280646260554 ], [ -61.109214282983942, -12.763280646260554 ], [ -61.109214282983942, -12.763530645529604 ], [ -61.106714288202902, -12.763530645529604 ], [ -61.106714288202902, -12.763030646991503 ], [ -61.106964287681002, -12.763030646991503 ], [ -61.106964287681002, -12.762780647722453 ], [ -61.10721428715911, -12.762780647722453 ], [ -61.10721428715911, -12.761780650646248 ], [ -61.106964287681002, -12.761780650646248 ], [ -61.106964287681002, -12.761280652108148 ], [ -61.10721428715911, -12.761280652108148 ], [ -61.10721428715911, -12.761030652839096 ], [ -61.106964287681002, -12.761030652839096 ], [ -61.106964287681002, -12.760780653570045 ], [ -61.106714288202902, -12.760780653570045 ], [ -61.106714288202902, -12.761030652839096 ], [ -61.106214289246694, -12.761030652839096 ], [ -61.106214289246694, -12.759780656493842 ], [ -61.106464288724794, -12.759780656493842 ], [ -61.106464288724794, -12.760280655031945 ], [ -61.106964287681002, -12.760280655031945 ], [ -61.106964287681002, -12.758780659417639 ], [ -61.107714286115318, -12.758780659417639 ], [ -61.107714286115318, -12.758530660148589 ], [ -61.108464284549626, -12.758530660148589 ], [ -61.108464284549626, -12.758030661610487 ], [ -61.107964285593418, -12.758030661610487 ], [ -61.107964285593418, -12.757780662341435 ], [ -61.108214285071526, -12.757780662341435 ], [ -61.108214285071526, -12.757280663803334 ], [ -61.108464284549626, -12.757280663803334 ], [ -61.108464284549626, -12.757780662341435 ], [ -61.108714284027727, -12.757780662341435 ], [ -61.108714284027727, -12.757280663803334 ], [ -61.108964283505834, -12.757280663803334 ], [ -61.108964283505834, -12.756780665265232 ], [ -61.109214282983942, -12.756780665265232 ], [ -61.109214282983942, -12.756530665996181 ], [ -61.110214280896351, -12.756530665996181 ], [ -61.110214280896351, -12.756280666727131 ], [ -61.109714281940143, -12.756280666727131 ], [ -61.109714281940143, -12.755780668189029 ], [ -61.110214280896351, -12.755780668189029 ], [ -61.110214280896351, -12.754780671112826 ], [ -61.110464280374458, -12.754780671112826 ], [ -61.110464280374458, -12.754530671843774 ], [ -61.110714279852559, -12.754530671843774 ], [ -61.110714279852559, -12.755780668189029 ], [ -61.110964279330666, -12.755780668189029 ], [ -61.110964279330666, -12.756030667458081 ], [ -61.110714279852559, -12.756030667458081 ], [ -61.110714279852559, -12.756280666727131 ], [ -61.110464280374458, -12.756280666727131 ], [ -61.110464280374458, -12.757280663803334 ], [ -61.110214280896351, -12.757280663803334 ], [ -61.110214280896351, -12.758280660879537 ], [ -61.109714281940143, -12.758280660879537 ], [ -61.109714281940143, -12.758530660148589 ], [ -61.109464282462042, -12.758530660148589 ], [ -61.109464282462042, -12.759780656493842 ], [ -61.109214282983942, -12.759780656493842 ], [ -61.109214282983942, -12.760530654300995 ], [ -61.108964283505834, -12.760530654300995 ], [ -61.108964283505834, -12.760280655031945 ], [ -61.108714284027727, -12.760280655031945 ], [ -61.108714284027727, -12.759780656493842 ], [ -61.108464284549626, -12.759780656493842 ], [ -61.108464284549626, -12.759530657224792 ], [ -61.108714284027727, -12.759530657224792 ], [ -61.108714284027727, -12.758780659417639 ], [ -61.108214285071526, -12.758780659417639 ], [ -61.108214285071526, -12.761030652839096 ], [ -61.108464284549626, -12.761030652839096 ], [ -61.108464284549626, -12.761280652108148 ], [ -61.108714284027727, -12.761280652108148 ], [ -61.108714284027727, -12.762280649184351 ], [ -61.108464284549626, -12.762280649184351 ], [ -61.108464284549626, -12.762780647722453 ], [ -61.108714284027727, -12.762780647722453 ], [ -61.108714284027727, -12.763030646991503 ], [ -61.109214282983942, -12.763030646991503 ], [ -61.109214282983942, -12.762780647722453 ], [ -61.109464282462042, -12.762780647722453 ], [ -61.109464282462042, -12.762280649184351 ], [ -61.109214282983942, -12.762280649184351 ], [ -61.109214282983942, -12.7620306499153 ], [ -61.109464282462042, -12.7620306499153 ], [ -61.109464282462042, -12.761280652108148 ], [ -61.109714281940143, -12.761280652108148 ], [ -61.109714281940143, -12.760280655031945 ], [ -61.110214280896351, -12.760280655031945 ], [ -61.110214280896351, -12.760530654300995 ], [ -61.110464280374458, -12.760530654300995 ], [ -61.110464280374458, -12.760280655031945 ], [ -61.110714279852559, -12.760280655031945 ], [ -61.110714279852559, -12.759780656493842 ], [ -61.110964279330666, -12.759780656493842 ], [ -61.110964279330666, -12.759530657224792 ], [ -61.110714279852559, -12.759530657224792 ], [ -61.110714279852559, -12.758530660148589 ], [ -61.110464280374458, -12.758530660148589 ], [ -61.110464280374458, -12.758280660879537 ], [ -61.110714279852559, -12.758280660879537 ], [ -61.110714279852559, -12.757280663803334 ], [ -61.111214278808767, -12.757280663803334 ], [ -61.111214278808767, -12.756530665996181 ], [ -61.111464278286874, -12.756530665996181 ], [ -61.111464278286874, -12.756280666727131 ], [ -61.111214278808767, -12.756280666727131 ], [ -61.111214278808767, -12.756030667458081 ], [ -61.111464278286874, -12.756030667458081 ], [ -61.111464278286874, -12.755780668189029 ], [ -61.111214278808767, -12.755780668189029 ], [ -61.111214278808767, -12.755530668919977 ], [ -61.111714277764975, -12.755530668919977 ], [ -61.111714277764975, -12.755280669650928 ], [ -61.111214278808767, -12.755280669650928 ], [ -61.111214278808767, -12.754780671112826 ], [ -61.111464278286874, -12.754780671112826 ], [ -61.111464278286874, -12.754530671843774 ], [ -61.111714277764975, -12.754530671843774 ], [ -61.111714277764975, -12.753530674767571 ], [ -61.111964277243075, -12.753530674767571 ], [ -61.111964277243075, -12.75328067549852 ], [ -61.112214276721183, -12.75328067549852 ], [ -61.112214276721183, -12.75303067622947 ], [ -61.112714275677391, -12.75303067622947 ], [ -61.112714275677391, -12.75278067696042 ], [ -61.112964275155491, -12.75278067696042 ], [ -61.112964275155491, -12.751780679884215 ], [ -61.112714275677391, -12.751780679884215 ], [ -61.112714275677391, -12.751030682077063 ], [ -61.112214276721183, -12.751030682077063 ], [ -61.112214276721183, -12.750530683538962 ], [ -61.111964277243075, -12.750530683538962 ], [ -61.111964277243075, -12.749780685731809 ], [ -61.112214276721183, -12.749780685731809 ], [ -61.112214276721183, -12.749530686462759 ], [ -61.112714275677391, -12.749530686462759 ], [ -61.112714275677391, -12.749030687924655 ], [ -61.111714277764975, -12.749030687924655 ], [ -61.111714277764975, -12.749780685731809 ], [ -61.111464278286874, -12.749780685731809 ], [ -61.111464278286874, -12.75028068426991 ], [ -61.111214278808767, -12.75028068426991 ], [ -61.111214278808767, -12.751030682077063 ], [ -61.110964279330666, -12.751030682077063 ], [ -61.110964279330666, -12.751530680615165 ], [ -61.110714279852559, -12.751530680615165 ], [ -61.110714279852559, -12.751280681346113 ], [ -61.110464280374458, -12.751280681346113 ], [ -61.110464280374458, -12.750530683538962 ], [ -61.109714281940143, -12.750530683538962 ], [ -61.109714281940143, -12.750780682808012 ], [ -61.109464282462042, -12.750780682808012 ], [ -61.109464282462042, -12.751030682077063 ], [ -61.109214282983942, -12.751030682077063 ], [ -61.109214282983942, -12.750780682808012 ], [ -61.108964283505834, -12.750780682808012 ], [ -61.108964283505834, -12.750530683538962 ], [ -61.108714284027727, -12.750530683538962 ], [ -61.108714284027727, -12.751030682077063 ], [ -61.108464284549626, -12.751030682077063 ], [ -61.108464284549626, -12.751280681346113 ], [ -61.108214285071526, -12.751280681346113 ], [ -61.108214285071526, -12.750780682808012 ], [ -61.108464284549626, -12.750780682808012 ], [ -61.108464284549626, -12.750530683538962 ], [ -61.108214285071526, -12.750530683538962 ], [ -61.108214285071526, -12.75028068426991 ], [ -61.108964283505834, -12.75028068426991 ], [ -61.108964283505834, -12.749030687924655 ], [ -61.109214282983942, -12.749030687924655 ], [ -61.109214282983942, -12.748836194898015 ], [ -61.108190480552146, -12.748780688655605 ], [ -61.10721428715911, -12.748780688655605 ], [ -61.10721428715911, -12.749030687924655 ], [ -61.107714286115318, -12.749030687924655 ], [ -61.107714286115318, -12.751030682077063 ], [ -61.10721428715911, -12.751030682077063 ], [ -61.10721428715911, -12.750780682808012 ], [ -61.106964287681002, -12.750780682808012 ], [ -61.106964287681002, -12.751030682077063 ], [ -61.106714288202902, -12.751030682077063 ], [ -61.106714288202902, -12.751280681346113 ], [ -61.106464288724794, -12.751280681346113 ], [ -61.106464288724794, -12.751030682077063 ], [ -61.106214289246694, -12.751030682077063 ], [ -61.106214289246694, -12.749780685731809 ], [ -61.106464288724794, -12.749780685731809 ], [ -61.106464288724794, -12.749030687924655 ], [ -61.106714288202902, -12.749030687924655 ], [ -61.106714288202902, -12.748780688655605 ], [ -61.105964289768593, -12.748780688655605 ], [ -61.105964289768593, -12.749530686462759 ], [ -61.105714290290486, -12.749530686462759 ], [ -61.105714290290486, -12.749780685731809 ], [ -61.105214291334278, -12.749780685731809 ] ], [ [ -61.106964287681002, -12.756030667458081 ], [ -61.108464284549626, -12.756030667458081 ], [ -61.108464284549626, -12.756280666727131 ], [ -61.108214285071526, -12.756280666727131 ], [ -61.108214285071526, -12.756530665996181 ], [ -61.108464284549626, -12.756530665996181 ], [ -61.108464284549626, -12.756780665265232 ], [ -61.108214285071526, -12.756780665265232 ], [ -61.108214285071526, -12.757030664534284 ], [ -61.107714286115318, -12.757030664534284 ], [ -61.107714286115318, -12.756530665996181 ], [ -61.10721428715911, -12.756530665996181 ], [ -61.10721428715911, -12.756280666727131 ], [ -61.106964287681002, -12.756280666727131 ], [ -61.106964287681002, -12.756030667458081 ] ], [ [ -61.106714288202902, -12.757280663803334 ], [ -61.106714288202902, -12.757780662341435 ], [ -61.106214289246694, -12.757780662341435 ], [ -61.106214289246694, -12.757280663803334 ], [ -61.106714288202902, -12.757280663803334 ] ], [ [ -61.108214285071526, -12.772280619946384 ], [ -61.107964285593418, -12.772280619946384 ], [ -61.107964285593418, -12.772030620677334 ], [ -61.108214285071526, -12.772030620677334 ], [ -61.108214285071526, -12.772280619946384 ] ], [ [ -61.103214295509446, -12.769280628717773 ], [ -61.103214295509446, -12.769030629448723 ], [ -61.103464294987553, -12.769030629448723 ], [ -61.103464294987553, -12.769280628717773 ], [ -61.103214295509446, -12.769280628717773 ] ], [ [ -61.106214289246694, -12.785530581206078 ], [ -61.106214289246694, -12.78603057974418 ], [ -61.106464288724794, -12.78603057974418 ], [ -61.106464288724794, -12.786530578282282 ], [ -61.106214289246694, -12.786530578282282 ], [ -61.106214289246694, -12.786280579013232 ], [ -61.105964289768593, -12.786280579013232 ], [ -61.105964289768593, -12.78603057974418 ], [ -61.105714290290486, -12.78603057974418 ], [ -61.105714290290486, -12.785530581206078 ], [ -61.106214289246694, -12.785530581206078 ] ], [ [ -61.106714288202902, -12.79478055416096 ], [ -61.10721428715911, -12.79478055416096 ], [ -61.10721428715911, -12.795280552699062 ], [ -61.106714288202902, -12.795280552699062 ], [ -61.106714288202902, -12.79478055416096 ] ], [ [ -61.10721428715911, -12.794530554891908 ], [ -61.107714286115318, -12.794530554891908 ], [ -61.107714286115318, -12.79478055416096 ], [ -61.10721428715911, -12.79478055416096 ], [ -61.10721428715911, -12.794530554891908 ] ], [ [ -61.114464272024115, -12.772280619946384 ], [ -61.114714271502223, -12.772280619946384 ], [ -61.114714271502223, -12.772030620677334 ], [ -61.115214270458424, -12.772030620677334 ], [ -61.115214270458424, -12.772780618484486 ], [ -61.114464272024115, -12.772780618484486 ], [ -61.114464272024115, -12.772280619946384 ] ], [ [ -61.108214285071526, -12.764780641874859 ], [ -61.108214285071526, -12.764530642605809 ], [ -61.108464284549626, -12.764530642605809 ], [ -61.108464284549626, -12.764780641874859 ], [ -61.108214285071526, -12.764780641874859 ] ], [ [ -61.108214285071526, -12.765530639682012 ], [ -61.107964285593418, -12.765530639682012 ], [ -61.107964285593418, -12.766030638220114 ], [ -61.107714286115318, -12.766030638220114 ], [ -61.107714286115318, -12.766530636758215 ], [ -61.10721428715911, -12.766530636758215 ], [ -61.10721428715911, -12.766280637489164 ], [ -61.106964287681002, -12.766280637489164 ], [ -61.106964287681002, -12.766780636027265 ], [ -61.10721428715911, -12.766780636027265 ], [ -61.10721428715911, -12.76828063164157 ], [ -61.106964287681002, -12.76828063164157 ], [ -61.106964287681002, -12.767280634565367 ], [ -61.106714288202902, -12.767280634565367 ], [ -61.106714288202902, -12.767030635296317 ], [ -61.106464288724794, -12.767030635296317 ], [ -61.106464288724794, -12.766280637489164 ], [ -61.106214289246694, -12.766280637489164 ], [ -61.106214289246694, -12.765780638951062 ], [ -61.105964289768593, -12.765780638951062 ], [ -61.105964289768593, -12.765280640412961 ], [ -61.105714290290486, -12.765280640412961 ], [ -61.105714290290486, -12.764780641874859 ], [ -61.105964289768593, -12.764780641874859 ], [ -61.105964289768593, -12.764530642605809 ], [ -61.105714290290486, -12.764530642605809 ], [ -61.105714290290486, -12.764280643336757 ], [ -61.105964289768593, -12.764280643336757 ], [ -61.105964289768593, -12.764030644067706 ], [ -61.105714290290486, -12.764030644067706 ], [ -61.105714290290486, -12.763780644798656 ], [ -61.105964289768593, -12.763780644798656 ], [ -61.105964289768593, -12.763530645529604 ], [ -61.106214289246694, -12.763530645529604 ], [ -61.106214289246694, -12.763780644798656 ], [ -61.106714288202902, -12.763780644798656 ], [ -61.106714288202902, -12.764030644067706 ], [ -61.106214289246694, -12.764030644067706 ], [ -61.106214289246694, -12.764780641874859 ], [ -61.106964287681002, -12.764780641874859 ], [ -61.106964287681002, -12.764530642605809 ], [ -61.10721428715911, -12.764530642605809 ], [ -61.10721428715911, -12.764780641874859 ], [ -61.107714286115318, -12.764780641874859 ], [ -61.107714286115318, -12.764530642605809 ], [ -61.107964285593418, -12.764530642605809 ], [ -61.107964285593418, -12.764780641874859 ], [ -61.108214285071526, -12.764780641874859 ], [ -61.108214285071526, -12.765530639682012 ] ], [ [ -61.106464288724794, -12.763030646991503 ], [ -61.106464288724794, -12.762780647722453 ], [ -61.106714288202902, -12.762780647722453 ], [ -61.106714288202902, -12.763030646991503 ], [ -61.106464288724794, -12.763030646991503 ] ], [ [ -61.112714275677391, -12.752030679153266 ], [ -61.112214276721183, -12.752030679153266 ], [ -61.112214276721183, -12.751780679884215 ], [ -61.112714275677391, -12.751780679884215 ], [ -61.112714275677391, -12.752030679153266 ] ], [ [ -61.109714281940143, -12.751030682077063 ], [ -61.109714281940143, -12.751530680615165 ], [ -61.110464280374458, -12.751530680615165 ], [ -61.110464280374458, -12.751780679884215 ], [ -61.110214280896351, -12.751780679884215 ], [ -61.110214280896351, -12.752030679153266 ], [ -61.109214282983942, -12.752030679153266 ], [ -61.109214282983942, -12.751530680615165 ], [ -61.109464282462042, -12.751530680615165 ], [ -61.109464282462042, -12.751030682077063 ], [ -61.109714281940143, -12.751030682077063 ] ], [ [ -61.106964287681002, -12.751280681346113 ], [ -61.106964287681002, -12.75278067696042 ], [ -61.10721428715911, -12.75278067696042 ], [ -61.10721428715911, -12.75303067622947 ], [ -61.106964287681002, -12.75303067622947 ], [ -61.106964287681002, -12.75328067549852 ], [ -61.106464288724794, -12.75328067549852 ], [ -61.106464288724794, -12.75303067622947 ], [ -61.105964289768593, -12.75303067622947 ], [ -61.105964289768593, -12.75278067696042 ], [ -61.106214289246694, -12.75278067696042 ], [ -61.106214289246694, -12.752280678422316 ], [ -61.106464288724794, -12.752280678422316 ], [ -61.106464288724794, -12.751530680615165 ], [ -61.106714288202902, -12.751530680615165 ], [ -61.106714288202902, -12.751280681346113 ], [ -61.106964287681002, -12.751280681346113 ] ], [ [ -61.106214289246694, -12.751530680615165 ], [ -61.105964289768593, -12.751530680615165 ], [ -61.105964289768593, -12.751280681346113 ], [ -61.105714290290486, -12.751280681346113 ], [ -61.105714290290486, -12.751030682077063 ], [ -61.105464290812385, -12.751030682077063 ], [ -61.105464290812385, -12.75028068426991 ], [ -61.105714290290486, -12.75028068426991 ], [ -61.105714290290486, -12.750780682808012 ], [ -61.105964289768593, -12.750780682808012 ], [ -61.105964289768593, -12.751030682077063 ], [ -61.106214289246694, -12.751030682077063 ], [ -61.106214289246694, -12.751530680615165 ] ], [ [ -61.105964289768593, -12.751780679884215 ], [ -61.105714290290486, -12.751780679884215 ], [ -61.105714290290486, -12.752030679153266 ], [ -61.105464290812385, -12.752030679153266 ], [ -61.105464290812385, -12.751780679884215 ], [ -61.105214291334278, -12.751780679884215 ], [ -61.105214291334278, -12.751530680615165 ], [ -61.105964289768593, -12.751530680615165 ], [ -61.105964289768593, -12.751780679884215 ] ], [ [ -61.108214285071526, -12.749780685731809 ], [ -61.108214285071526, -12.749030687924655 ], [ -61.108464284549626, -12.749030687924655 ], [ -61.108464284549626, -12.749530686462759 ], [ -61.108714284027727, -12.749530686462759 ], [ -61.108714284027727, -12.749780685731809 ], [ -61.108214285071526, -12.749780685731809 ] ], [ [ -61.102714296553245, -12.749030687924655 ], [ -61.102714296553245, -12.749280687193707 ], [ -61.102214297597037, -12.749280687193707 ], [ -61.102214297597037, -12.749030687924655 ], [ -61.102714296553245, -12.749030687924655 ] ], [ [ -61.102214297597037, -12.749530686462759 ], [ -61.101964298118929, -12.749530686462759 ], [ -61.101964298118929, -12.749280687193707 ], [ -61.102214297597037, -12.749280687193707 ], [ -61.102214297597037, -12.749530686462759 ] ], [ [ -61.103464294987553, -12.75003068500086 ], [ -61.103464294987553, -12.749780685731809 ], [ -61.103714294465654, -12.749780685731809 ], [ -61.103714294465654, -12.75003068500086 ], [ -61.103464294987553, -12.75003068500086 ] ], [ [ -61.111214278808767, -12.752030679153266 ], [ -61.111214278808767, -12.751530680615165 ], [ -61.111714277764975, -12.751530680615165 ], [ -61.111714277764975, -12.752280678422316 ], [ -61.111464278286874, -12.752280678422316 ], [ -61.111464278286874, -12.752030679153266 ], [ -61.111214278808767, -12.752030679153266 ] ], [ [ -61.108714284027727, -12.754780671112826 ], [ -61.108714284027727, -12.755530668919977 ], [ -61.108464284549626, -12.755530668919977 ], [ -61.108464284549626, -12.755280669650928 ], [ -61.108214285071526, -12.755280669650928 ], [ -61.108214285071526, -12.754280672574724 ], [ -61.108464284549626, -12.754280672574724 ], [ -61.108464284549626, -12.754030673305673 ], [ -61.108214285071526, -12.754030673305673 ], [ -61.108214285071526, -12.75328067549852 ], [ -61.107964285593418, -12.75328067549852 ], [ -61.107964285593418, -12.75303067622947 ], [ -61.107714286115318, -12.75303067622947 ], [ -61.107714286115318, -12.752280678422316 ], [ -61.107964285593418, -12.752280678422316 ], [ -61.107964285593418, -12.752030679153266 ], [ -61.108964283505834, -12.752030679153266 ], [ -61.108964283505834, -12.75328067549852 ], [ -61.109214282983942, -12.75328067549852 ], [ -61.109214282983942, -12.754030673305673 ], [ -61.109464282462042, -12.754030673305673 ], [ -61.109464282462042, -12.755780668189029 ], [ -61.108964283505834, -12.755780668189029 ], [ -61.108964283505834, -12.755280669650928 ], [ -61.109214282983942, -12.755280669650928 ], [ -61.109214282983942, -12.754780671112826 ], [ -61.108714284027727, -12.754780671112826 ] ], [ [ -61.111214278808767, -12.753780674036623 ], [ -61.111214278808767, -12.754030673305673 ], [ -61.110964279330666, -12.754030673305673 ], [ -61.110964279330666, -12.753780674036623 ], [ -61.110714279852559, -12.753780674036623 ], [ -61.110714279852559, -12.75328067549852 ], [ -61.111464278286874, -12.75328067549852 ], [ -61.111464278286874, -12.753780674036623 ], [ -61.111214278808767, -12.753780674036623 ] ], [ [ -61.105714290290486, -12.754280672574724 ], [ -61.105714290290486, -12.753780674036623 ], [ -61.106714288202902, -12.753780674036623 ], [ -61.106714288202902, -12.753530674767571 ], [ -61.106964287681002, -12.753530674767571 ], [ -61.106964287681002, -12.753780674036623 ], [ -61.10721428715911, -12.753780674036623 ], [ -61.10721428715911, -12.754030673305673 ], [ -61.106714288202902, -12.754030673305673 ], [ -61.106714288202902, -12.754280672574724 ], [ -61.106214289246694, -12.754280672574724 ], [ -61.106214289246694, -12.754030673305673 ], [ -61.105964289768593, -12.754030673305673 ], [ -61.105964289768593, -12.754280672574724 ], [ -61.105714290290486, -12.754280672574724 ] ], [ [ -61.10721428715911, -12.757780662341435 ], [ -61.10721428715911, -12.757280663803334 ], [ -61.107714286115318, -12.757280663803334 ], [ -61.107714286115318, -12.758030661610487 ], [ -61.106964287681002, -12.758030661610487 ], [ -61.106964287681002, -12.757780662341435 ], [ -61.10721428715911, -12.757780662341435 ] ], [ [ -61.106464288724794, -12.764530642605809 ], [ -61.106464288724794, -12.764280643336757 ], [ -61.106714288202902, -12.764280643336757 ], [ -61.106714288202902, -12.764530642605809 ], [ -61.106464288724794, -12.764530642605809 ] ], [ [ -61.101964298118929, -12.767030635296317 ], [ -61.101964298118929, -12.766780636027265 ], [ -61.102714296553245, -12.766780636027265 ], [ -61.102714296553245, -12.767280634565367 ], [ -61.102214297597037, -12.767280634565367 ], [ -61.102214297597037, -12.767030635296317 ], [ -61.101964298118929, -12.767030635296317 ] ], [ [ -61.103964293943761, -12.77103062360113 ], [ -61.103964293943761, -12.77078062433208 ], [ -61.103464294987553, -12.77078062433208 ], [ -61.103464294987553, -12.770530625063028 ], [ -61.103964293943761, -12.770530625063028 ], [ -61.103964293943761, -12.770280625793978 ], [ -61.104464292899969, -12.770280625793978 ], [ -61.104464292899969, -12.77103062360113 ], [ -61.103964293943761, -12.77103062360113 ] ], [ [ -61.105714290290486, -12.771780621408283 ], [ -61.105964289768593, -12.771780621408283 ], [ -61.105964289768593, -12.772030620677334 ], [ -61.105714290290486, -12.772030620677334 ], [ -61.105714290290486, -12.771780621408283 ] ], [ [ -61.106464288724794, -12.772030620677334 ], [ -61.106464288724794, -12.772280619946384 ], [ -61.10721428715911, -12.772280619946384 ], [ -61.10721428715911, -12.772780618484486 ], [ -61.107714286115318, -12.772780618484486 ], [ -61.107714286115318, -12.773280617022587 ], [ -61.106714288202902, -12.773280617022587 ], [ -61.106714288202902, -12.772780618484486 ], [ -61.106214289246694, -12.772780618484486 ], [ -61.106214289246694, -12.773030617753538 ], [ -61.105964289768593, -12.773030617753538 ], [ -61.105964289768593, -12.772780618484486 ], [ -61.105714290290486, -12.772780618484486 ], [ -61.105714290290486, -12.772280619946384 ], [ -61.105964289768593, -12.772280619946384 ], [ -61.105964289768593, -12.772030620677334 ], [ -61.106464288724794, -12.772030620677334 ] ], [ [ -61.105714290290486, -12.773030617753538 ], [ -61.105464290812385, -12.773030617753538 ], [ -61.105464290812385, -12.772780618484486 ], [ -61.105714290290486, -12.772780618484486 ], [ -61.105714290290486, -12.773030617753538 ] ], [ [ -61.109214282983942, -12.772780618484486 ], [ -61.109214282983942, -12.773030617753538 ], [ -61.109464282462042, -12.773030617753538 ], [ -61.109464282462042, -12.773280617022587 ], [ -61.109714281940143, -12.773280617022587 ], [ -61.109714281940143, -12.773530616291637 ], [ -61.109214282983942, -12.773530616291637 ], [ -61.109214282983942, -12.773280617022587 ], [ -61.108714284027727, -12.773280617022587 ], [ -61.108714284027727, -12.772780618484486 ], [ -61.109214282983942, -12.772780618484486 ] ], [ [ -61.108214285071526, -12.773780615560689 ], [ -61.108214285071526, -12.773530616291637 ], [ -61.108464284549626, -12.773530616291637 ], [ -61.108464284549626, -12.773780615560689 ], [ -61.108214285071526, -12.773780615560689 ] ], [ [ -61.115214270458424, -12.775780609713095 ], [ -61.115214270458424, -12.774780612636892 ], [ -61.115464269936531, -12.774780612636892 ], [ -61.115464269936531, -12.775780609713095 ], [ -61.115214270458424, -12.775780609713095 ] ], [ [ -61.114714271502223, -12.776530607520248 ], [ -61.114714271502223, -12.776780606789298 ], [ -61.114964270980323, -12.776780606789298 ], [ -61.114964270980323, -12.778030603134553 ], [ -61.114464272024115, -12.778030603134553 ], [ -61.114464272024115, -12.77703060605835 ], [ -61.114214272546015, -12.77703060605835 ], [ -61.114214272546015, -12.776780606789298 ], [ -61.114464272024115, -12.776780606789298 ], [ -61.114464272024115, -12.776530607520248 ], [ -61.114714271502223, -12.776530607520248 ] ], [ [ -61.112214276721183, -12.781280593632214 ], [ -61.112214276721183, -12.781530592901266 ], [ -61.111964277243075, -12.781530592901266 ], [ -61.111964277243075, -12.782030591439367 ], [ -61.111464278286874, -12.782030591439367 ], [ -61.111464278286874, -12.783530587053672 ], [ -61.111714277764975, -12.783530587053672 ], [ -61.111714277764975, -12.784530584129875 ], [ -61.111964277243075, -12.784530584129875 ], [ -61.111964277243075, -12.785030582667977 ], [ -61.112214276721183, -12.785030582667977 ], [ -61.112214276721183, -12.785530581206078 ], [ -61.111964277243075, -12.785530581206078 ], [ -61.111964277243075, -12.787280576089435 ], [ -61.112214276721183, -12.787280576089435 ], [ -61.112214276721183, -12.788280573165638 ], [ -61.11246427619929, -12.788280573165638 ], [ -61.11246427619929, -12.786530578282282 ], [ -61.112714275677391, -12.786530578282282 ], [ -61.112714275677391, -12.787280576089435 ], [ -61.112964275155491, -12.787280576089435 ], [ -61.112964275155491, -12.788280573165638 ], [ -61.112714275677391, -12.788280573165638 ], [ -61.112714275677391, -12.789280570241841 ], [ -61.112964275155491, -12.789280570241841 ], [ -61.112964275155491, -12.789780568779943 ], [ -61.113214274633599, -12.789780568779943 ], [ -61.113214274633599, -12.790280567318044 ], [ -61.113464274111699, -12.790280567318044 ], [ -61.113464274111699, -12.790530566587096 ], [ -61.113714273589807, -12.790530566587096 ], [ -61.113714273589807, -12.790780565856146 ], [ -61.113964273067907, -12.790780565856146 ], [ -61.113964273067907, -12.791030565125197 ], [ -61.11246427619929, -12.791030565125197 ], [ -61.11246427619929, -12.790530566587096 ], [ -61.112214276721183, -12.790530566587096 ], [ -61.112214276721183, -12.790780565856146 ], [ -61.111714277764975, -12.790780565856146 ], [ -61.111714277764975, -12.791030565125197 ], [ -61.111464278286874, -12.791030565125197 ], [ -61.111464278286874, -12.791280564394247 ], [ -61.111214278808767, -12.791280564394247 ], [ -61.111214278808767, -12.791780562932349 ], [ -61.110964279330666, -12.791780562932349 ], [ -61.110964279330666, -12.792030562201401 ], [ -61.110714279852559, -12.792030562201401 ], [ -61.110714279852559, -12.792530560739502 ], [ -61.110964279330666, -12.792530560739502 ], [ -61.110964279330666, -12.79478055416096 ], [ -61.111214278808767, -12.79478055416096 ], [ -61.111214278808767, -12.795280552699062 ], [ -61.111714277764975, -12.795280552699062 ], [ -61.111714277764975, -12.795530551968113 ], [ -61.111964277243075, -12.795530551968113 ], [ -61.111964277243075, -12.796280549775265 ], [ -61.112214276721183, -12.796280549775265 ], [ -61.112214276721183, -12.796530549044316 ], [ -61.111964277243075, -12.796530549044316 ], [ -61.111964277243075, -12.796780548313366 ], [ -61.111714277764975, -12.796780548313366 ], [ -61.111714277764975, -12.79753054612052 ], [ -61.111464278286874, -12.79753054612052 ], [ -61.111464278286874, -12.797780545389569 ], [ -61.111214278808767, -12.797780545389569 ], [ -61.111214278808767, -12.798030544658621 ], [ -61.110964279330666, -12.798030544658621 ], [ -61.110964279330666, -12.797780545389569 ], [ -61.110714279852559, -12.797780545389569 ], [ -61.110714279852559, -12.79753054612052 ], [ -61.110464280374458, -12.79753054612052 ], [ -61.110464280374458, -12.797280546851468 ], [ -61.110214280896351, -12.797280546851468 ], [ -61.110214280896351, -12.797030547582416 ], [ -61.108964283505834, -12.797030547582416 ], [ -61.108964283505834, -12.797280546851468 ], [ -61.108714284027727, -12.797280546851468 ], [ -61.108714284027727, -12.79753054612052 ], [ -61.108464284549626, -12.79753054612052 ], [ -61.108464284549626, -12.797780545389569 ], [ -61.108214285071526, -12.797780545389569 ], [ -61.108214285071526, -12.798030544658621 ], [ -61.107714286115318, -12.798030544658621 ], [ -61.107714286115318, -12.797780545389569 ], [ -61.10746428663721, -12.797780545389569 ], [ -61.10746428663721, -12.796280549775265 ], [ -61.107714286115318, -12.796280549775265 ], [ -61.107714286115318, -12.796030550506213 ], [ -61.107964285593418, -12.796030550506213 ], [ -61.107964285593418, -12.795780551237163 ], [ -61.108214285071526, -12.795780551237163 ], [ -61.108214285071526, -12.796530549044316 ], [ -61.108464284549626, -12.796530549044316 ], [ -61.108464284549626, -12.796280549775265 ], [ -61.108714284027727, -12.796280549775265 ], [ -61.108714284027727, -12.796030550506213 ], [ -61.108964283505834, -12.796030550506213 ], [ -61.108964283505834, -12.795780551237163 ], [ -61.109214282983942, -12.795780551237163 ], [ -61.109214282983942, -12.795530551968113 ], [ -61.109464282462042, -12.795530551968113 ], [ -61.109464282462042, -12.793780557084757 ], [ -61.109214282983942, -12.793780557084757 ], [ -61.109214282983942, -12.793530557815705 ], [ -61.108964283505834, -12.793530557815705 ], [ -61.108964283505834, -12.793280558546655 ], [ -61.108714284027727, -12.793280558546655 ], [ -61.108714284027727, -12.792530560739502 ], [ -61.108214285071526, -12.792530560739502 ], [ -61.108214285071526, -12.793780557084757 ], [ -61.107964285593418, -12.793780557084757 ], [ -61.107964285593418, -12.793530557815705 ], [ -61.107714286115318, -12.793530557815705 ], [ -61.107714286115318, -12.793280558546655 ], [ -61.107964285593418, -12.793280558546655 ], [ -61.107964285593418, -12.791530563663299 ], [ -61.107714286115318, -12.791530563663299 ], [ -61.107714286115318, -12.791280564394247 ], [ -61.10746428663721, -12.791280564394247 ], [ -61.10746428663721, -12.791030565125197 ], [ -61.10721428715911, -12.791030565125197 ], [ -61.10721428715911, -12.790780565856146 ], [ -61.105964289768593, -12.790780565856146 ], [ -61.105964289768593, -12.791030565125197 ], [ -61.105464290812385, -12.791030565125197 ], [ -61.105464290812385, -12.791280564394247 ], [ -61.105214291334278, -12.791280564394247 ], [ -61.105214291334278, -12.791030565125197 ], [ -61.104964291856177, -12.791030565125197 ], [ -61.104964291856177, -12.790530566587096 ], [ -61.105214291334278, -12.790530566587096 ], [ -61.105214291334278, -12.790280567318044 ], [ -61.105964289768593, -12.790280567318044 ], [ -61.105964289768593, -12.790030568048994 ], [ -61.106214289246694, -12.790030568048994 ], [ -61.106214289246694, -12.789780568779943 ], [ -61.106464288724794, -12.789780568779943 ], [ -61.106464288724794, -12.788530572434688 ], [ -61.106714288202902, -12.788530572434688 ], [ -61.106714288202902, -12.788780571703739 ], [ -61.107964285593418, -12.788780571703739 ], [ -61.107964285593418, -12.788530572434688 ], [ -61.108214285071526, -12.788530572434688 ], [ -61.108214285071526, -12.788780571703739 ], [ -61.108464284549626, -12.788780571703739 ], [ -61.108464284549626, -12.788530572434688 ], [ -61.108714284027727, -12.788530572434688 ], [ -61.108714284027727, -12.788280573165638 ], [ -61.108964283505834, -12.788280573165638 ], [ -61.108964283505834, -12.786780577551333 ], [ -61.108714284027727, -12.786780577551333 ], [ -61.108714284027727, -12.786280579013232 ], [ -61.108964283505834, -12.786280579013232 ], [ -61.108964283505834, -12.78603057974418 ], [ -61.108464284549626, -12.78603057974418 ], [ -61.108464284549626, -12.78578058047513 ], [ -61.108214285071526, -12.78578058047513 ], [ -61.108214285071526, -12.786530578282282 ], [ -61.107964285593418, -12.786530578282282 ], [ -61.107964285593418, -12.786280579013232 ], [ -61.107714286115318, -12.786280579013232 ], [ -61.107714286115318, -12.78603057974418 ], [ -61.10746428663721, -12.78603057974418 ], [ -61.10746428663721, -12.78578058047513 ], [ -61.10721428715911, -12.78578058047513 ], [ -61.10721428715911, -12.785280581937027 ], [ -61.106964287681002, -12.785280581937027 ], [ -61.106964287681002, -12.784780583398927 ], [ -61.106714288202902, -12.784780583398927 ], [ -61.106714288202902, -12.784530584129875 ], [ -61.106464288724794, -12.784530584129875 ], [ -61.106464288724794, -12.784030585591774 ], [ -61.106214289246694, -12.784030585591774 ], [ -61.106214289246694, -12.783780586322724 ], [ -61.105714290290486, -12.783780586322724 ], [ -61.105714290290486, -12.783530587053672 ], [ -61.105214291334278, -12.783530587053672 ], [ -61.105214291334278, -12.783280587784621 ], [ -61.105464290812385, -12.783280587784621 ], [ -61.105464290812385, -12.783030588515571 ], [ -61.105714290290486, -12.783030588515571 ], [ -61.105714290290486, -12.782780589246519 ], [ -61.105964289768593, -12.782780589246519 ], [ -61.105964289768593, -12.782530589977469 ], [ -61.106214289246694, -12.782530589977469 ], [ -61.106214289246694, -12.782280590708417 ], [ -61.106464288724794, -12.782280590708417 ], [ -61.106464288724794, -12.782030591439367 ], [ -61.106964287681002, -12.782030591439367 ], [ -61.106964287681002, -12.781780592170316 ], [ -61.10746428663721, -12.781780592170316 ], [ -61.10746428663721, -12.781530592901266 ], [ -61.108964283505834, -12.781530592901266 ], [ -61.108964283505834, -12.781280593632214 ], [ -61.109214282983942, -12.781280593632214 ], [ -61.109214282983942, -12.781030594363163 ], [ -61.109464282462042, -12.781030594363163 ], [ -61.109464282462042, -12.780780595094113 ], [ -61.109714281940143, -12.780780595094113 ], [ -61.109714281940143, -12.780030597286959 ], [ -61.10996428141825, -12.780030597286959 ], [ -61.10996428141825, -12.77978059801791 ], [ -61.110214280896351, -12.77978059801791 ], [ -61.110214280896351, -12.779530598748858 ], [ -61.110714279852559, -12.779530598748858 ], [ -61.110714279852559, -12.779280599479808 ], [ -61.110964279330666, -12.779280599479808 ], [ -61.110964279330666, -12.779530598748858 ], [ -61.111714277764975, -12.779530598748858 ], [ -61.111714277764975, -12.780030597286959 ], [ -61.111964277243075, -12.780030597286959 ], [ -61.111964277243075, -12.780780595094113 ], [ -61.112214276721183, -12.780780595094113 ], [ -61.112214276721183, -12.781030594363163 ], [ -61.11246427619929, -12.781030594363163 ], [ -61.11246427619929, -12.781280593632214 ], [ -61.112214276721183, -12.781280593632214 ] ], [ [ -61.112964275155491, -12.785030582667977 ], [ -61.112964275155491, -12.785280581937027 ], [ -61.112714275677391, -12.785280581937027 ], [ -61.112714275677391, -12.78603057974418 ], [ -61.11246427619929, -12.78603057974418 ], [ -61.11246427619929, -12.784530584129875 ], [ -61.112714275677391, -12.784530584129875 ], [ -61.112714275677391, -12.785030582667977 ], [ -61.112964275155491, -12.785030582667977 ] ], [ [ -61.104214293421862, -12.786780577551333 ], [ -61.104214293421862, -12.786280579013232 ], [ -61.104964291856177, -12.786280579013232 ], [ -61.104964291856177, -12.786780577551333 ], [ -61.104214293421862, -12.786780577551333 ] ], [ [ -61.106964287681002, -12.787030576820383 ], [ -61.10721428715911, -12.787030576820383 ], [ -61.10721428715911, -12.787280576089435 ], [ -61.106964287681002, -12.787280576089435 ], [ -61.106964287681002, -12.787030576820383 ] ], [ [ -61.107714286115318, -12.787280576089435 ], [ -61.107714286115318, -12.787780574627536 ], [ -61.10721428715911, -12.787780574627536 ], [ -61.10721428715911, -12.787280576089435 ], [ -61.107714286115318, -12.787280576089435 ] ], [ [ -61.10471429237807, -12.789280570241841 ], [ -61.10471429237807, -12.789530569510891 ], [ -61.103714294465654, -12.789530569510891 ], [ -61.103714294465654, -12.789280570241841 ], [ -61.103464294987553, -12.789280570241841 ], [ -61.103464294987553, -12.789030570972791 ], [ -61.103714294465654, -12.789030570972791 ], [ -61.103714294465654, -12.788530572434688 ], [ -61.103964293943761, -12.788530572434688 ], [ -61.103964293943761, -12.788280573165638 ], [ -61.104214293421862, -12.788280573165638 ], [ -61.104214293421862, -12.787780574627536 ], [ -61.105214291334278, -12.787780574627536 ], [ -61.105214291334278, -12.788030573896588 ], [ -61.105464290812385, -12.788030573896588 ], [ -61.105464290812385, -12.788280573165638 ], [ -61.10471429237807, -12.788280573165638 ], [ -61.10471429237807, -12.788530572434688 ], [ -61.105214291334278, -12.788530572434688 ], [ -61.105214291334278, -12.788780571703739 ], [ -61.105464290812385, -12.788780571703739 ], [ -61.105464290812385, -12.789280570241841 ], [ -61.10471429237807, -12.789280570241841 ] ], [ [ -61.106214289246694, -12.792030562201401 ], [ -61.106214289246694, -12.791780562932349 ], [ -61.106964287681002, -12.791780562932349 ], [ -61.106964287681002, -12.793030559277604 ], [ -61.106714288202902, -12.793030559277604 ], [ -61.106714288202902, -12.793280558546655 ], [ -61.106464288724794, -12.793280558546655 ], [ -61.106464288724794, -12.793030559277604 ], [ -61.106214289246694, -12.793030559277604 ], [ -61.106214289246694, -12.793280558546655 ], [ -61.105964289768593, -12.793280558546655 ], [ -61.105964289768593, -12.792030562201401 ], [ -61.106214289246694, -12.792030562201401 ] ], [ [ -61.104464292899969, -12.794280555622858 ], [ -61.104464292899969, -12.794030556353807 ], [ -61.10471429237807, -12.794030556353807 ], [ -61.10471429237807, -12.793530557815705 ], [ -61.105214291334278, -12.793530557815705 ], [ -61.105214291334278, -12.794030556353807 ], [ -61.105714290290486, -12.794030556353807 ], [ -61.105714290290486, -12.794280555622858 ], [ -61.105964289768593, -12.794280555622858 ], [ -61.105964289768593, -12.794530554891908 ], [ -61.105714290290486, -12.794530554891908 ], [ -61.105714290290486, -12.79478055416096 ], [ -61.104214293421862, -12.79478055416096 ], [ -61.104214293421862, -12.794280555622858 ], [ -61.104464292899969, -12.794280555622858 ] ], [ [ -61.105964289768593, -12.797780545389569 ], [ -61.105964289768593, -12.797030547582416 ], [ -61.106464288724794, -12.797030547582416 ], [ -61.106464288724794, -12.797780545389569 ], [ -61.105964289768593, -12.797780545389569 ] ], [ [ -61.109464282462042, -12.798530543196723 ], [ -61.109464282462042, -12.798280543927671 ], [ -61.109714281940143, -12.798280543927671 ], [ -61.109714281940143, -12.798530543196723 ], [ -61.109464282462042, -12.798530543196723 ] ], [ [ -61.105714290290486, -12.799530540272926 ], [ -61.105714290290486, -12.799280541003874 ], [ -61.105464290812385, -12.799280541003874 ], [ -61.105464290812385, -12.799030541734824 ], [ -61.105964289768593, -12.799030541734824 ], [ -61.105964289768593, -12.798780542465773 ], [ -61.10721428715911, -12.798780542465773 ], [ -61.10721428715911, -12.799030541734824 ], [ -61.107714286115318, -12.799030541734824 ], [ -61.107714286115318, -12.800280538080077 ], [ -61.107964285593418, -12.800280538080077 ], [ -61.107964285593418, -12.800530537349129 ], [ -61.108214285071526, -12.800530537349129 ], [ -61.108214285071526, -12.800780536618181 ], [ -61.107964285593418, -12.800780536618181 ], [ -61.107964285593418, -12.80103053588723 ], [ -61.107714286115318, -12.80103053588723 ], [ -61.107714286115318, -12.800780536618181 ], [ -61.10721428715911, -12.800780536618181 ], [ -61.10721428715911, -12.799530540272926 ], [ -61.106964287681002, -12.799530540272926 ], [ -61.106964287681002, -12.799280541003874 ], [ -61.106714288202902, -12.799280541003874 ], [ -61.106714288202902, -12.799530540272926 ], [ -61.106464288724794, -12.799530540272926 ], [ -61.106464288724794, -12.799780539541977 ], [ -61.105964289768593, -12.799780539541977 ], [ -61.105964289768593, -12.799530540272926 ], [ -61.105714290290486, -12.799530540272926 ] ], [ [ -61.10721428715911, -12.80103053588723 ], [ -61.106964287681002, -12.80103053588723 ], [ -61.106964287681002, -12.800780536618181 ], [ -61.10721428715911, -12.800780536618181 ], [ -61.10721428715911, -12.80103053588723 ] ], [ [ -61.109214282983942, -12.800030538811027 ], [ -61.109214282983942, -12.799780539541977 ], [ -61.10996428141825, -12.799780539541977 ], [ -61.10996428141825, -12.800030538811027 ], [ -61.109214282983942, -12.800030538811027 ] ], [ [ -61.107714286115318, -12.802030532963434 ], [ -61.107714286115318, -12.801780533694384 ], [ -61.107964285593418, -12.801780533694384 ], [ -61.107964285593418, -12.802030532963434 ], [ -61.107714286115318, -12.802030532963434 ] ], [ [ -61.105714290290486, -12.803030530039637 ], [ -61.105714290290486, -12.802780530770587 ], [ -61.105964289768593, -12.802780530770587 ], [ -61.105964289768593, -12.803030530039637 ], [ -61.105714290290486, -12.803030530039637 ] ], [ [ -61.105964289768593, -12.803530528577738 ], [ -61.105964289768593, -12.803280529308688 ], [ -61.106214289246694, -12.803280529308688 ], [ -61.106214289246694, -12.803530528577738 ], [ -61.105964289768593, -12.803530528577738 ] ], [ [ -61.105714290290486, -12.804030527115842 ], [ -61.105714290290486, -12.80378052784679 ], [ -61.105964289768593, -12.80378052784679 ], [ -61.105964289768593, -12.804030527115842 ], [ -61.105714290290486, -12.804030527115842 ] ], [ [ -61.10721428715911, -12.804530525653941 ], [ -61.10721428715911, -12.804280526384892 ], [ -61.10746428663721, -12.804280526384892 ], [ -61.10746428663721, -12.804530525653941 ], [ -61.10721428715911, -12.804530525653941 ] ] ], [ [ [ -61.103214295509446, -12.779030600210756 ], [ -61.103464294987553, -12.779030600210756 ], [ -61.103464294987553, -12.779280599479808 ], [ -61.104464292899969, -12.779280599479808 ], [ -61.104464292899969, -12.778780600941706 ], [ -61.10471429237807, -12.778780600941706 ], [ -61.10471429237807, -12.778530601672655 ], [ -61.105714290290486, -12.778530601672655 ], [ -61.105714290290486, -12.777780603865503 ], [ -61.105464290812385, -12.777780603865503 ], [ -61.105464290812385, -12.776780606789298 ], [ -61.105214291334278, -12.776780606789298 ], [ -61.105214291334278, -12.776030608982147 ], [ -61.104464292899969, -12.776030608982147 ], [ -61.104464292899969, -12.776280608251199 ], [ -61.104214293421862, -12.776280608251199 ], [ -61.104214293421862, -12.775780609713095 ], [ -61.103964293943761, -12.775780609713095 ], [ -61.103964293943761, -12.775280611174994 ], [ -61.103214295509446, -12.775280611174994 ], [ -61.103214295509446, -12.774780612636892 ], [ -61.102964296031345, -12.774780612636892 ], [ -61.102964296031345, -12.777280605327402 ], [ -61.103214295509446, -12.777280605327402 ], [ -61.103214295509446, -12.777780603865503 ], [ -61.103714294465654, -12.777780603865503 ], [ -61.103714294465654, -12.778280602403605 ], [ -61.103964293943761, -12.778280602403605 ], [ -61.103964293943761, -12.778780600941706 ], [ -61.103214295509446, -12.778780600941706 ], [ -61.103214295509446, -12.779030600210756 ] ], [ [ -61.103964293943761, -12.777780603865503 ], [ -61.103964293943761, -12.777280605327402 ], [ -61.104214293421862, -12.777280605327402 ], [ -61.104214293421862, -12.777780603865503 ], [ -61.103964293943761, -12.777780603865503 ] ] ], [ [ [ -61.105964289768593, -12.776030608982147 ], [ -61.105964289768593, -12.775280611174994 ], [ -61.105464290812385, -12.775280611174994 ], [ -61.105464290812385, -12.776280608251199 ], [ -61.105714290290486, -12.776280608251199 ], [ -61.105714290290486, -12.776530607520248 ], [ -61.105964289768593, -12.776530607520248 ], [ -61.105964289768593, -12.776780606789298 ], [ -61.106714288202902, -12.776780606789298 ], [ -61.106714288202902, -12.776030608982147 ], [ -61.105964289768593, -12.776030608982147 ] ] ], [ [ [ -61.110464280374458, -12.770530625063028 ], [ -61.110714279852559, -12.770530625063028 ], [ -61.110714279852559, -12.770280625793978 ], [ -61.110464280374458, -12.770280625793978 ], [ -61.110464280374458, -12.770530625063028 ] ] ], [ [ [ -61.106714288202902, -12.770280625793978 ], [ -61.106964287681002, -12.770280625793978 ], [ -61.106964287681002, -12.769780627255876 ], [ -61.106714288202902, -12.769780627255876 ], [ -61.106714288202902, -12.770280625793978 ] ] ], [ [ [ -61.108714284027727, -12.766530636758215 ], [ -61.108714284027727, -12.767280634565367 ], [ -61.108464284549626, -12.767280634565367 ], [ -61.108464284549626, -12.76778063310347 ], [ -61.108714284027727, -12.76778063310347 ], [ -61.108714284027727, -12.76803063237252 ], [ -61.108964283505834, -12.76803063237252 ], [ -61.108964283505834, -12.766530636758215 ], [ -61.108714284027727, -12.766530636758215 ] ] ], [ [ [ -61.10471429237807, -12.766530636758215 ], [ -61.105214291334278, -12.766530636758215 ], [ -61.105214291334278, -12.766280637489164 ], [ -61.10471429237807, -12.766280637489164 ], [ -61.10471429237807, -12.766530636758215 ] ] ], [ [ [ -61.106464288724794, -12.766280637489164 ], [ -61.106714288202902, -12.766280637489164 ], [ -61.106714288202902, -12.766030638220114 ], [ -61.106464288724794, -12.766030638220114 ], [ -61.106464288724794, -12.766280637489164 ] ] ], [ [ [ -61.106714288202902, -12.765780638951062 ], [ -61.106714288202902, -12.766030638220114 ], [ -61.106964287681002, -12.766030638220114 ], [ -61.106964287681002, -12.765780638951062 ], [ -61.106714288202902, -12.765780638951062 ] ] ], [ [ [ -61.108714284027727, -12.766030638220114 ], [ -61.108964283505834, -12.766030638220114 ], [ -61.108964283505834, -12.765780638951062 ], [ -61.108714284027727, -12.765780638951062 ], [ -61.108714284027727, -12.766030638220114 ] ] ], [ [ [ -61.111214278808767, -12.765780638951062 ], [ -61.111464278286874, -12.765780638951062 ], [ -61.111464278286874, -12.765530639682012 ], [ -61.110964279330666, -12.765530639682012 ], [ -61.110964279330666, -12.766030638220114 ], [ -61.111214278808767, -12.766030638220114 ], [ -61.111214278808767, -12.765780638951062 ] ] ], [ [ [ -61.107714286115318, -12.764780641874859 ], [ -61.107714286115318, -12.765280640412961 ], [ -61.107964285593418, -12.765280640412961 ], [ -61.107964285593418, -12.764780641874859 ], [ -61.107714286115318, -12.764780641874859 ] ] ], [ [ [ -61.106964287681002, -12.765280640412961 ], [ -61.10721428715911, -12.765280640412961 ], [ -61.10721428715911, -12.764780641874859 ], [ -61.106964287681002, -12.764780641874859 ], [ -61.106964287681002, -12.765280640412961 ] ] ], [ [ [ -61.111464278286874, -12.765280640412961 ], [ -61.111964277243075, -12.765280640412961 ], [ -61.111964277243075, -12.764780641874859 ], [ -61.111464278286874, -12.764780641874859 ], [ -61.111464278286874, -12.765280640412961 ] ] ], [ [ [ -61.110214280896351, -12.763280646260554 ], [ -61.110214280896351, -12.763530645529604 ], [ -61.110464280374458, -12.763530645529604 ], [ -61.110464280374458, -12.763280646260554 ], [ -61.110214280896351, -12.763280646260554 ] ] ], [ [ [ -61.105464290812385, -12.761780650646248 ], [ -61.105714290290486, -12.761780650646248 ], [ -61.105714290290486, -12.761530651377198 ], [ -61.105464290812385, -12.761530651377198 ], [ -61.105464290812385, -12.761780650646248 ] ] ], [ [ [ -61.104464292899969, -12.761530651377198 ], [ -61.10471429237807, -12.761530651377198 ], [ -61.10471429237807, -12.761280652108148 ], [ -61.104464292899969, -12.761280652108148 ], [ -61.104464292899969, -12.761530651377198 ] ] ], [ [ [ -61.111214278808767, -12.760780653570045 ], [ -61.111214278808767, -12.761030652839096 ], [ -61.111464278286874, -12.761030652839096 ], [ -61.111464278286874, -12.760780653570045 ], [ -61.111214278808767, -12.760780653570045 ] ] ], [ [ [ -61.110964279330666, -12.760780653570045 ], [ -61.111214278808767, -12.760780653570045 ], [ -61.111214278808767, -12.760530654300995 ], [ -61.110964279330666, -12.760530654300995 ], [ -61.110964279330666, -12.760780653570045 ] ] ], [ [ [ -61.105214291334278, -12.758530660148589 ], [ -61.105714290290486, -12.758530660148589 ], [ -61.105714290290486, -12.758030661610487 ], [ -61.105214291334278, -12.758030661610487 ], [ -61.105214291334278, -12.758530660148589 ] ] ], [ [ [ -61.108464284549626, -12.75328067549852 ], [ -61.108464284549626, -12.753530674767571 ], [ -61.108714284027727, -12.753530674767571 ], [ -61.108714284027727, -12.75328067549852 ], [ -61.108464284549626, -12.75328067549852 ] ] ], [ [ [ -61.106964287681002, -12.750530683538962 ], [ -61.10721428715911, -12.750530683538962 ], [ -61.10721428715911, -12.75028068426991 ], [ -61.106964287681002, -12.75028068426991 ], [ -61.106964287681002, -12.750530683538962 ] ] ], [ [ [ -61.109464282462042, -12.750530683538962 ], [ -61.109714281940143, -12.750530683538962 ], [ -61.109714281940143, -12.75028068426991 ], [ -61.109464282462042, -12.75028068426991 ], [ -61.109464282462042, -12.750530683538962 ] ] ], [ [ [ -61.110714279852559, -12.749780685731809 ], [ -61.110714279852559, -12.75028068426991 ], [ -61.111214278808767, -12.75028068426991 ], [ -61.111214278808767, -12.749530686462759 ], [ -61.110964279330666, -12.749530686462759 ], [ -61.110964279330666, -12.749780685731809 ], [ -61.110714279852559, -12.749780685731809 ] ] ], [ [ [ -61.105214291334278, -12.749530686462759 ], [ -61.105464290812385, -12.749530686462759 ], [ -61.105464290812385, -12.749280687193707 ], [ -61.105214291334278, -12.749280687193707 ], [ -61.105214291334278, -12.749530686462759 ] ] ], [ [ [ -61.110464280374458, -12.749030687924655 ], [ -61.110464280374458, -12.74890396447544 ], [ -61.110214280896351, -12.748890410559955 ], [ -61.110214280896351, -12.749030687924655 ], [ -61.110464280374458, -12.749030687924655 ] ] ], [ [ [ -61.105714290290486, -12.748780688655605 ], [ -61.105964289768593, -12.748780688655605 ], [ -61.105964289768593, -12.748659993996709 ], [ -61.105714290290486, -12.748646440081224 ], [ -61.105714290290486, -12.748780688655605 ] ] ], [ [ [ -61.102714296553245, -12.898780250086109 ], [ -61.103214295509446, -12.898780250086109 ], [ -61.103214295509446, -12.898530250817057 ], [ -61.102714296553245, -12.898530250817057 ], [ -61.102714296553245, -12.898780250086109 ] ] ], [ [ [ -61.097714306991165, -12.898750415989481 ], [ -61.09954675, -12.898766555556 ], [ -61.100702627130815, -12.898780250086109 ], [ -61.101464299162721, -12.898780250086109 ], [ -61.101464299162721, -12.898530250817057 ], [ -61.097714306991165, -12.898530250817057 ], [ -61.097714306991165, -12.898750415989481 ] ] ], [ [ [ -61.09596431064444, -12.897280254471804 ], [ -61.09596431064444, -12.896780255933702 ], [ -61.09571431116634, -12.896780255933702 ], [ -61.09571431116634, -12.896280257395599 ], [ -61.095464311688232, -12.896280257395599 ], [ -61.095464311688232, -12.896530256664651 ], [ -61.094714313253924, -12.896530256664651 ], [ -61.094714313253924, -12.896780255933702 ], [ -61.094464313775816, -12.896780255933702 ], [ -61.094464313775816, -12.897030255202752 ], [ -61.093714315341508, -12.897030255202752 ], [ -61.093714315341508, -12.895780258857499 ], [ -61.093964314819608, -12.895780258857499 ], [ -61.093964314819608, -12.895280260319396 ], [ -61.093714315341508, -12.895280260319396 ], [ -61.093714315341508, -12.895530259588448 ], [ -61.0934643158634, -12.895530259588448 ], [ -61.0934643158634, -12.896280257395599 ], [ -61.0932143163853, -12.896280257395599 ], [ -61.0932143163853, -12.897030255202752 ], [ -61.092964316907199, -12.897030255202752 ], [ -61.092964316907199, -12.897780253009905 ], [ -61.092214318472884, -12.897780253009905 ], [ -61.092214318472884, -12.898030252278955 ], [ -61.092714317429092, -12.898030252278955 ], [ -61.092714317429092, -12.898706377695387 ], [ -61.095214312210132, -12.898728396842435 ], [ -61.095214312210132, -12.898530250817057 ], [ -61.095464311688232, -12.898530250817057 ], [ -61.095464311688232, -12.898030252278955 ], [ -61.09596431064444, -12.898030252278955 ], [ -61.09596431064444, -12.898280251548007 ], [ -61.096714309078749, -12.898280251548007 ], [ -61.096714309078749, -12.897780253009905 ], [ -61.096214310122548, -12.897780253009905 ], [ -61.096214310122548, -12.897280254471804 ], [ -61.09596431064444, -12.897280254471804 ] ], [ [ -61.093714315341508, -12.898530250817057 ], [ -61.093714315341508, -12.898030252278955 ], [ -61.095214312210132, -12.898030252278955 ], [ -61.095214312210132, -12.898530250817057 ], [ -61.093714315341508, -12.898530250817057 ] ] ], [ [ [ -61.092214318472884, -12.897030255202752 ], [ -61.092964316907199, -12.897030255202752 ], [ -61.092964316907199, -12.896780255933702 ], [ -61.092214318472884, -12.896780255933702 ], [ -61.092214318472884, -12.897030255202752 ] ] ], [ [ [ -61.097214308034957, -12.896280257395599 ], [ -61.096964308556856, -12.896280257395599 ], [ -61.096964308556856, -12.896530256664651 ], [ -61.096464309600648, -12.896530256664651 ], [ -61.096464309600648, -12.896780255933702 ], [ -61.096214310122548, -12.896780255933702 ], [ -61.096214310122548, -12.897280254471804 ], [ -61.096714309078749, -12.897280254471804 ], [ -61.096714309078749, -12.897030255202752 ], [ -61.097214308034957, -12.897030255202752 ], [ -61.097214308034957, -12.896280257395599 ] ] ], [ [ [ -61.09596431064444, -12.896280257395599 ], [ -61.09596431064444, -12.896530256664651 ], [ -61.096214310122548, -12.896530256664651 ], [ -61.096214310122548, -12.896030258126549 ], [ -61.09571431116634, -12.896030258126549 ], [ -61.09571431116634, -12.896280257395599 ], [ -61.09596431064444, -12.896280257395599 ] ] ], [ [ [ -61.096464309600648, -12.895530259588448 ], [ -61.096714309078749, -12.895530259588448 ], [ -61.096714309078749, -12.895280260319396 ], [ -61.096464309600648, -12.895280260319396 ], [ -61.096464309600648, -12.895530259588448 ] ] ], [ [ [ -61.097964306469272, -12.894780261781296 ], [ -61.098214305947373, -12.894780261781296 ], [ -61.098214305947373, -12.894530262512244 ], [ -61.097964306469272, -12.894530262512244 ], [ -61.097964306469272, -12.894780261781296 ] ] ], [ [ [ -61.09846430542548, -12.891780270552685 ], [ -61.09846430542548, -12.892030269821735 ], [ -61.098714304903581, -12.892030269821735 ], [ -61.098714304903581, -12.891780270552685 ], [ -61.09846430542548, -12.891780270552685 ] ] ], [ [ [ -61.099464303337896, -12.891280272014583 ], [ -61.099214303859789, -12.891280272014583 ], [ -61.099214303859789, -12.891030272745532 ], [ -61.098964304381688, -12.891030272745532 ], [ -61.098964304381688, -12.891780270552685 ], [ -61.099464303337896, -12.891780270552685 ], [ -61.099464303337896, -12.891280272014583 ] ] ], [ [ [ -61.097214308034957, -12.891280272014583 ], [ -61.096964308556856, -12.891280272014583 ], [ -61.096964308556856, -12.891030272745532 ], [ -61.096464309600648, -12.891030272745532 ], [ -61.096464309600648, -12.890530274207432 ], [ -61.096214310122548, -12.890530274207432 ], [ -61.096214310122548, -12.891280272014583 ], [ -61.09596431064444, -12.891280272014583 ], [ -61.09596431064444, -12.891530271283635 ], [ -61.096214310122548, -12.891530271283635 ], [ -61.096214310122548, -12.891780270552685 ], [ -61.096964308556856, -12.891780270552685 ], [ -61.096964308556856, -12.891530271283635 ], [ -61.097214308034957, -12.891530271283635 ], [ -61.097214308034957, -12.891280272014583 ] ] ], [ [ [ -61.099464303337896, -12.89028027493838 ], [ -61.099464303337896, -12.890530274207432 ], [ -61.099214303859789, -12.890530274207432 ], [ -61.099214303859789, -12.890780273476482 ], [ -61.099714302815997, -12.890780273476482 ], [ -61.099714302815997, -12.890530274207432 ], [ -61.100214301772205, -12.890530274207432 ], [ -61.100214301772205, -12.89028027493838 ], [ -61.099464303337896, -12.89028027493838 ] ] ], [ [ [ -61.095214312210132, -12.890780273476482 ], [ -61.095464311688232, -12.890780273476482 ], [ -61.095464311688232, -12.890530274207432 ], [ -61.09596431064444, -12.890530274207432 ], [ -61.09596431064444, -12.889780276400279 ], [ -61.096214310122548, -12.889780276400279 ], [ -61.096214310122548, -12.889280277862177 ], [ -61.096464309600648, -12.889280277862177 ], [ -61.096464309600648, -12.889530277131227 ], [ -61.096714309078749, -12.889530277131227 ], [ -61.096714309078749, -12.889780276400279 ], [ -61.096964308556856, -12.889780276400279 ], [ -61.096964308556856, -12.890530274207432 ], [ -61.097964306469272, -12.890530274207432 ], [ -61.097964306469272, -12.89028027493838 ], [ -61.098214305947373, -12.89028027493838 ], [ -61.098214305947373, -12.889780276400279 ], [ -61.097214308034957, -12.889780276400279 ], [ -61.097214308034957, -12.889280277862177 ], [ -61.097714306991165, -12.889280277862177 ], [ -61.097714306991165, -12.889530277131227 ], [ -61.097964306469272, -12.889530277131227 ], [ -61.097964306469272, -12.889280277862177 ], [ -61.098214305947373, -12.889280277862177 ], [ -61.098214305947373, -12.888780279324076 ], [ -61.097714306991165, -12.888780279324076 ], [ -61.097714306991165, -12.888530280055024 ], [ -61.096964308556856, -12.888530280055024 ], [ -61.096964308556856, -12.889030278593125 ], [ -61.09596431064444, -12.889030278593125 ], [ -61.09596431064444, -12.889280277862177 ], [ -61.09571431116634, -12.889280277862177 ], [ -61.09571431116634, -12.889780276400279 ], [ -61.095464311688232, -12.889780276400279 ], [ -61.095464311688232, -12.89028027493838 ], [ -61.095214312210132, -12.89028027493838 ], [ -61.095214312210132, -12.890780273476482 ] ] ], [ [ [ -61.103214295509446, -12.881030301983499 ], [ -61.103464294987553, -12.881030301983499 ], [ -61.103464294987553, -12.880780302714449 ], [ -61.103214295509446, -12.880780302714449 ], [ -61.103214295509446, -12.881030301983499 ] ] ], [ [ [ -61.103714294465654, -12.868530338530956 ], [ -61.103714294465654, -12.868280339261906 ], [ -61.103964293943761, -12.868280339261906 ], [ -61.103964293943761, -12.867780340723804 ], [ -61.103464294987553, -12.867780340723804 ], [ -61.103464294987553, -12.867280342185703 ], [ -61.103214295509446, -12.867280342185703 ], [ -61.103214295509446, -12.866780343647601 ], [ -61.103464294987553, -12.866780343647601 ], [ -61.103464294987553, -12.86653034437855 ], [ -61.103714294465654, -12.86653034437855 ], [ -61.103714294465654, -12.866780343647601 ], [ -61.104214293421862, -12.866780343647601 ], [ -61.104214293421862, -12.866030345840448 ], [ -61.104464292899969, -12.866030345840448 ], [ -61.104464292899969, -12.865780346571398 ], [ -61.10471429237807, -12.865780346571398 ], [ -61.10471429237807, -12.865530347302347 ], [ -61.104214293421862, -12.865530347302347 ], [ -61.104214293421862, -12.865280348033297 ], [ -61.103964293943761, -12.865280348033297 ], [ -61.103964293943761, -12.864280350957092 ], [ -61.103714294465654, -12.864280350957092 ], [ -61.103714294465654, -12.864030351688042 ], [ -61.102714296553245, -12.864030351688042 ], [ -61.102714296553245, -12.863280353880889 ], [ -61.103214295509446, -12.863280353880889 ], [ -61.103214295509446, -12.861280359728482 ], [ -61.103464294987553, -12.861280359728482 ], [ -61.103464294987553, -12.860780361190381 ], [ -61.103714294465654, -12.860780361190381 ], [ -61.103714294465654, -12.860280362652279 ], [ -61.103464294987553, -12.860280362652279 ], [ -61.103464294987553, -12.859780364114178 ], [ -61.103214295509446, -12.859780364114178 ], [ -61.103214295509446, -12.859530364845128 ], [ -61.103464294987553, -12.859530364845128 ], [ -61.103464294987553, -12.858780367037975 ], [ -61.103214295509446, -12.858780367037975 ], [ -61.103214295509446, -12.85728037142367 ], [ -61.102964296031345, -12.85728037142367 ], [ -61.102964296031345, -12.857030372154618 ], [ -61.102714296553245, -12.857030372154618 ], [ -61.102714296553245, -12.856780372885567 ], [ -61.101964298118929, -12.856780372885567 ], [ -61.101964298118929, -12.856530373616517 ], [ -61.101714298640829, -12.856530373616517 ], [ -61.101714298640829, -12.856780372885567 ], [ -61.101214299684621, -12.856780372885567 ], [ -61.101214299684621, -12.857030372154618 ], [ -61.100714300728413, -12.857030372154618 ], [ -61.100714300728413, -12.856780372885567 ], [ -61.098964304381688, -12.856780372885567 ], [ -61.098964304381688, -12.858530367768923 ], [ -61.099714302815997, -12.858530367768923 ], [ -61.099714302815997, -12.858780367037975 ], [ -61.099464303337896, -12.858780367037975 ], [ -61.099464303337896, -12.859030366307024 ], [ -61.100214301772205, -12.859030366307024 ], [ -61.100214301772205, -12.858530367768923 ], [ -61.100714300728413, -12.858530367768923 ], [ -61.100714300728413, -12.859030366307024 ], [ -61.101214299684621, -12.859030366307024 ], [ -61.101214299684621, -12.859280365576076 ], [ -61.101464299162721, -12.859280365576076 ], [ -61.101464299162721, -12.859530364845128 ], [ -61.101714298640829, -12.859530364845128 ], [ -61.101714298640829, -12.860280362652279 ], [ -61.099464303337896, -12.860280362652279 ], [ -61.099464303337896, -12.859780364114178 ], [ -61.099214303859789, -12.859780364114178 ], [ -61.099214303859789, -12.860530361921331 ], [ -61.098964304381688, -12.860530361921331 ], [ -61.098964304381688, -12.861030360459432 ], [ -61.099214303859789, -12.861030360459432 ], [ -61.099214303859789, -12.861280359728482 ], [ -61.098964304381688, -12.861280359728482 ], [ -61.098964304381688, -12.863280353880889 ], [ -61.099214303859789, -12.863280353880889 ], [ -61.099214303859789, -12.863780352418992 ], [ -61.098964304381688, -12.863780352418992 ], [ -61.098964304381688, -12.864030351688042 ], [ -61.098714304903581, -12.864030351688042 ], [ -61.098714304903581, -12.864530350226143 ], [ -61.09846430542548, -12.864530350226143 ], [ -61.09846430542548, -12.866030345840448 ], [ -61.098714304903581, -12.866030345840448 ], [ -61.098714304903581, -12.86653034437855 ], [ -61.09846430542548, -12.86653034437855 ], [ -61.09846430542548, -12.867780340723804 ], [ -61.098714304903581, -12.867780340723804 ], [ -61.098714304903581, -12.868030339992856 ], [ -61.099214303859789, -12.868030339992856 ], [ -61.099214303859789, -12.867780340723804 ], [ -61.099464303337896, -12.867780340723804 ], [ -61.099464303337896, -12.867280342185703 ], [ -61.100214301772205, -12.867280342185703 ], [ -61.100214301772205, -12.867780340723804 ], [ -61.101214299684621, -12.867780340723804 ], [ -61.101214299684621, -12.868030339992856 ], [ -61.099714302815997, -12.868030339992856 ], [ -61.099714302815997, -12.868280339261906 ], [ -61.098964304381688, -12.868280339261906 ], [ -61.098964304381688, -12.868530338530956 ], [ -61.098714304903581, -12.868530338530956 ], [ -61.098714304903581, -12.868780337800008 ], [ -61.09846430542548, -12.868780337800008 ], [ -61.09846430542548, -12.870780331952414 ], [ -61.098714304903581, -12.870780331952414 ], [ -61.098714304903581, -12.871530329759567 ], [ -61.09846430542548, -12.871530329759567 ], [ -61.09846430542548, -12.872030328297669 ], [ -61.098214305947373, -12.872030328297669 ], [ -61.098214305947373, -12.872780326104822 ], [ -61.09846430542548, -12.872780326104822 ], [ -61.09846430542548, -12.873030325373872 ], [ -61.098714304903581, -12.873030325373872 ], [ -61.098714304903581, -12.873280324642923 ], [ -61.099214303859789, -12.873280324642923 ], [ -61.099214303859789, -12.873530323911973 ], [ -61.098964304381688, -12.873530323911973 ], [ -61.098964304381688, -12.873780323181025 ], [ -61.098714304903581, -12.873780323181025 ], [ -61.098714304903581, -12.873530323911973 ], [ -61.09846430542548, -12.873530323911973 ], [ -61.09846430542548, -12.873280324642923 ], [ -61.098214305947373, -12.873280324642923 ], [ -61.098214305947373, -12.874780320257228 ], [ -61.097964306469272, -12.874780320257228 ], [ -61.097964306469272, -12.87528031879533 ], [ -61.098214305947373, -12.87528031879533 ], [ -61.098214305947373, -12.875780317333431 ], [ -61.098714304903581, -12.875780317333431 ], [ -61.098714304903581, -12.876030316602481 ], [ -61.09846430542548, -12.876030316602481 ], [ -61.09846430542548, -12.876280315871533 ], [ -61.098214305947373, -12.876280315871533 ], [ -61.098214305947373, -12.876530315140585 ], [ -61.097964306469272, -12.876530315140585 ], [ -61.097964306469272, -12.877280312947736 ], [ -61.098214305947373, -12.877280312947736 ], [ -61.098214305947373, -12.878030310754889 ], [ -61.097964306469272, -12.878030310754889 ], [ -61.097964306469272, -12.878280310023939 ], [ -61.098214305947373, -12.878280310023939 ], [ -61.098214305947373, -12.879030307831092 ], [ -61.09846430542548, -12.879030307831092 ], [ -61.09846430542548, -12.879530306369194 ], [ -61.098214305947373, -12.879530306369194 ], [ -61.098214305947373, -12.880280304176345 ], [ -61.09846430542548, -12.880280304176345 ], [ -61.09846430542548, -12.881030301983499 ], [ -61.098214305947373, -12.881030301983499 ], [ -61.098214305947373, -12.8815303005216 ], [ -61.097964306469272, -12.8815303005216 ], [ -61.097964306469272, -12.885280289557363 ], [ -61.097714306991165, -12.885280289557363 ], [ -61.097714306991165, -12.888030281516922 ], [ -61.097964306469272, -12.888030281516922 ], [ -61.097964306469272, -12.888280280785974 ], [ -61.098714304903581, -12.888280280785974 ], [ -61.098714304903581, -12.888530280055024 ], [ -61.098964304381688, -12.888530280055024 ], [ -61.098964304381688, -12.888780279324076 ], [ -61.100464301250305, -12.888780279324076 ], [ -61.100464301250305, -12.888530280055024 ], [ -61.100714300728413, -12.888530280055024 ], [ -61.100714300728413, -12.888280280785974 ], [ -61.100964300206513, -12.888280280785974 ], [ -61.100964300206513, -12.888030281516922 ], [ -61.101464299162721, -12.888030281516922 ], [ -61.101464299162721, -12.887780282247871 ], [ -61.101964298118929, -12.887780282247871 ], [ -61.101964298118929, -12.887280283709771 ], [ -61.102214297597037, -12.887280283709771 ], [ -61.102214297597037, -12.887780282247871 ], [ -61.102964296031345, -12.887780282247871 ], [ -61.102964296031345, -12.886780285171668 ], [ -61.103214295509446, -12.886780285171668 ], [ -61.103214295509446, -12.885530288826414 ], [ -61.102964296031345, -12.885530288826414 ], [ -61.102964296031345, -12.885280289557363 ], [ -61.103214295509446, -12.885280289557363 ], [ -61.103214295509446, -12.88428029248116 ], [ -61.102714296553245, -12.88428029248116 ], [ -61.102714296553245, -12.883530294674006 ], [ -61.102214297597037, -12.883530294674006 ], [ -61.102214297597037, -12.883280295404957 ], [ -61.102964296031345, -12.883280295404957 ], [ -61.102964296031345, -12.882280298328753 ], [ -61.102714296553245, -12.882280298328753 ], [ -61.102714296553245, -12.882780296866855 ], [ -61.101714298640829, -12.882780296866855 ], [ -61.101714298640829, -12.882280298328753 ], [ -61.101464299162721, -12.882280298328753 ], [ -61.101464299162721, -12.881030301983499 ], [ -61.101714298640829, -12.881030301983499 ], [ -61.101714298640829, -12.880780302714449 ], [ -61.102714296553245, -12.880780302714449 ], [ -61.102714296553245, -12.880530303445397 ], [ -61.103464294987553, -12.880530303445397 ], [ -61.103464294987553, -12.880280304176345 ], [ -61.103714294465654, -12.880280304176345 ], [ -61.103714294465654, -12.878030310754889 ], [ -61.103964293943761, -12.878030310754889 ], [ -61.103964293943761, -12.876530315140585 ], [ -61.103464294987553, -12.876530315140585 ], [ -61.103464294987553, -12.876280315871533 ], [ -61.102714296553245, -12.876280315871533 ], [ -61.102714296553245, -12.876030316602481 ], [ -61.101964298118929, -12.876030316602481 ], [ -61.101964298118929, -12.875780317333431 ], [ -61.102964296031345, -12.875780317333431 ], [ -61.102964296031345, -12.876030316602481 ], [ -61.103964293943761, -12.876030316602481 ], [ -61.103964293943761, -12.874280321719127 ], [ -61.104214293421862, -12.874280321719127 ], [ -61.104214293421862, -12.87228032756672 ], [ -61.103964293943761, -12.87228032756672 ], [ -61.103964293943761, -12.872780326104822 ], [ -61.103464294987553, -12.872780326104822 ], [ -61.103464294987553, -12.87228032756672 ], [ -61.103214295509446, -12.87228032756672 ], [ -61.103214295509446, -12.873030325373872 ], [ -61.102964296031345, -12.873030325373872 ], [ -61.102964296031345, -12.873280324642923 ], [ -61.102714296553245, -12.873280324642923 ], [ -61.102714296553245, -12.873030325373872 ], [ -61.102214297597037, -12.873030325373872 ], [ -61.102214297597037, -12.872780326104822 ], [ -61.102714296553245, -12.872780326104822 ], [ -61.102714296553245, -12.871780329028617 ], [ -61.103714294465654, -12.871780329028617 ], [ -61.103714294465654, -12.871530329759567 ], [ -61.103964293943761, -12.871530329759567 ], [ -61.103964293943761, -12.871780329028617 ], [ -61.104464292899969, -12.871780329028617 ], [ -61.104464292899969, -12.869530335607161 ], [ -61.104214293421862, -12.869530335607161 ], [ -61.104214293421862, -12.869280336338109 ], [ -61.103464294987553, -12.869280336338109 ], [ -61.103464294987553, -12.869030337069059 ], [ -61.103964293943761, -12.869030337069059 ], [ -61.103964293943761, -12.868780337800008 ], [ -61.10471429237807, -12.868780337800008 ], [ -61.10471429237807, -12.868280339261906 ], [ -61.104464292899969, -12.868280339261906 ], [ -61.104464292899969, -12.868030339992856 ], [ -61.104214293421862, -12.868030339992856 ], [ -61.104214293421862, -12.868530338530956 ], [ -61.103714294465654, -12.868530338530956 ] ], [ [ -61.099214303859789, -12.860780361190381 ], [ -61.099714302815997, -12.860780361190381 ], [ -61.099714302815997, -12.861030360459432 ], [ -61.099214303859789, -12.861030360459432 ], [ -61.099214303859789, -12.860780361190381 ] ], [ [ -61.103464294987553, -12.873030325373872 ], [ -61.103464294987553, -12.873280324642923 ], [ -61.103214295509446, -12.873280324642923 ], [ -61.103214295509446, -12.873030325373872 ], [ -61.103464294987553, -12.873030325373872 ] ], [ [ -61.103214295509446, -12.869030337069059 ], [ -61.103214295509446, -12.868780337800008 ], [ -61.103464294987553, -12.868780337800008 ], [ -61.103464294987553, -12.869030337069059 ], [ -61.103214295509446, -12.869030337069059 ] ], [ [ -61.099464303337896, -12.858280368499873 ], [ -61.099214303859789, -12.858280368499873 ], [ -61.099214303859789, -12.857780369961771 ], [ -61.099464303337896, -12.857780369961771 ], [ -61.099464303337896, -12.858280368499873 ] ], [ [ -61.101464299162721, -12.861280359728482 ], [ -61.101214299684621, -12.861280359728482 ], [ -61.101214299684621, -12.861030360459432 ], [ -61.101464299162721, -12.861030360459432 ], [ -61.101464299162721, -12.861280359728482 ] ], [ [ -61.099714302815997, -12.861280359728482 ], [ -61.100214301772205, -12.861280359728482 ], [ -61.100214301772205, -12.861030360459432 ], [ -61.100464301250305, -12.861030360459432 ], [ -61.100464301250305, -12.861530358997534 ], [ -61.099714302815997, -12.861530358997534 ], [ -61.099714302815997, -12.861280359728482 ] ], [ [ -61.102964296031345, -12.861780358266584 ], [ -61.102714296553245, -12.861780358266584 ], [ -61.102714296553245, -12.861530358997534 ], [ -61.102964296031345, -12.861530358997534 ], [ -61.102964296031345, -12.861780358266584 ] ], [ [ -61.101214299684621, -12.861780358266584 ], [ -61.101464299162721, -12.861780358266584 ], [ -61.101464299162721, -12.862030357535636 ], [ -61.101214299684621, -12.862030357535636 ], [ -61.101214299684621, -12.861780358266584 ] ], [ [ -61.101214299684621, -12.862280356804686 ], [ -61.100964300206513, -12.862280356804686 ], [ -61.100964300206513, -12.862030357535636 ], [ -61.101214299684621, -12.862030357535636 ], [ -61.101214299684621, -12.862280356804686 ] ], [ [ -61.101714298640829, -12.863780352418992 ], [ -61.102214297597037, -12.863780352418992 ], [ -61.102214297597037, -12.864030351688042 ], [ -61.100964300206513, -12.864030351688042 ], [ -61.100964300206513, -12.863780352418992 ], [ -61.100464301250305, -12.863780352418992 ], [ -61.100464301250305, -12.86353035314994 ], [ -61.101714298640829, -12.86353035314994 ], [ -61.101714298640829, -12.863780352418992 ] ], [ [ -61.100214301772205, -12.863780352418992 ], [ -61.099714302815997, -12.863780352418992 ], [ -61.099714302815997, -12.86353035314994 ], [ -61.100214301772205, -12.86353035314994 ], [ -61.100214301772205, -12.863780352418992 ] ], [ [ -61.099964302294097, -12.866030345840448 ], [ -61.099714302815997, -12.866030345840448 ], [ -61.099714302815997, -12.865030348764245 ], [ -61.100214301772205, -12.865030348764245 ], [ -61.100214301772205, -12.865280348033297 ], [ -61.099964302294097, -12.865280348033297 ], [ -61.099964302294097, -12.866030345840448 ] ], [ [ -61.101464299162721, -12.865530347302347 ], [ -61.101714298640829, -12.865530347302347 ], [ -61.101714298640829, -12.865780346571398 ], [ -61.101464299162721, -12.865780346571398 ], [ -61.101464299162721, -12.865530347302347 ] ], [ [ -61.101464299162721, -12.866030345840448 ], [ -61.101214299684621, -12.866030345840448 ], [ -61.101214299684621, -12.865780346571398 ], [ -61.101464299162721, -12.865780346571398 ], [ -61.101464299162721, -12.866030345840448 ] ], [ [ -61.101214299684621, -12.867030342916653 ], [ -61.100964300206513, -12.867030342916653 ], [ -61.100964300206513, -12.866780343647601 ], [ -61.101214299684621, -12.866780343647601 ], [ -61.101214299684621, -12.867030342916653 ] ], [ [ -61.101964298118929, -12.867280342185703 ], [ -61.102714296553245, -12.867280342185703 ], [ -61.102714296553245, -12.868030339992856 ], [ -61.102214297597037, -12.868030339992856 ], [ -61.102214297597037, -12.868280339261906 ], [ -61.101964298118929, -12.868280339261906 ], [ -61.101964298118929, -12.868030339992856 ], [ -61.101714298640829, -12.868030339992856 ], [ -61.101714298640829, -12.867780340723804 ], [ -61.101964298118929, -12.867780340723804 ], [ -61.101964298118929, -12.867280342185703 ] ], [ [ -61.102214297597037, -12.868530338530956 ], [ -61.102714296553245, -12.868530338530956 ], [ -61.102714296553245, -12.868780337800008 ], [ -61.102214297597037, -12.868780337800008 ], [ -61.102214297597037, -12.868530338530956 ] ], [ [ -61.102214297597037, -12.869030337069059 ], [ -61.101964298118929, -12.869030337069059 ], [ -61.101964298118929, -12.869280336338109 ], [ -61.100964300206513, -12.869280336338109 ], [ -61.100964300206513, -12.869030337069059 ], [ -61.101464299162721, -12.869030337069059 ], [ -61.101464299162721, -12.868780337800008 ], [ -61.102214297597037, -12.868780337800008 ], [ -61.102214297597037, -12.869030337069059 ] ], [ [ -61.100214301772205, -12.869030337069059 ], [ -61.099714302815997, -12.869030337069059 ], [ -61.099714302815997, -12.868780337800008 ], [ -61.100214301772205, -12.868780337800008 ], [ -61.100214301772205, -12.869030337069059 ] ], [ [ -61.100464301250305, -12.869030337069059 ], [ -61.100714300728413, -12.869030337069059 ], [ -61.100714300728413, -12.869280336338109 ], [ -61.100464301250305, -12.869280336338109 ], [ -61.100464301250305, -12.869030337069059 ] ], [ [ -61.100464301250305, -12.869530335607161 ], [ -61.100214301772205, -12.869530335607161 ], [ -61.100214301772205, -12.869280336338109 ], [ -61.100464301250305, -12.869280336338109 ], [ -61.100464301250305, -12.869530335607161 ] ], [ [ -61.100714300728413, -12.869530335607161 ], [ -61.100714300728413, -12.870280333414312 ], [ -61.100964300206513, -12.870280333414312 ], [ -61.100964300206513, -12.870530332683364 ], [ -61.100714300728413, -12.870530332683364 ], [ -61.100714300728413, -12.871030331221466 ], [ -61.100964300206513, -12.871030331221466 ], [ -61.100964300206513, -12.871280330490517 ], [ -61.100714300728413, -12.871280330490517 ], [ -61.100714300728413, -12.871530329759567 ], [ -61.100214301772205, -12.871530329759567 ], [ -61.100214301772205, -12.871280330490517 ], [ -61.099714302815997, -12.871280330490517 ], [ -61.099714302815997, -12.871030331221466 ], [ -61.100464301250305, -12.871030331221466 ], [ -61.100464301250305, -12.869530335607161 ], [ -61.100714300728413, -12.869530335607161 ] ], [ [ -61.101464299162721, -12.869530335607161 ], [ -61.101714298640829, -12.869530335607161 ], [ -61.101714298640829, -12.869780334876211 ], [ -61.101464299162721, -12.869780334876211 ], [ -61.101464299162721, -12.869530335607161 ] ], [ [ -61.102214297597037, -12.869780334876211 ], [ -61.102214297597037, -12.870280333414312 ], [ -61.101714298640829, -12.870280333414312 ], [ -61.101714298640829, -12.869780334876211 ], [ -61.102214297597037, -12.869780334876211 ] ], [ [ -61.101464299162721, -12.870280333414312 ], [ -61.101214299684621, -12.870280333414312 ], [ -61.101214299684621, -12.869780334876211 ], [ -61.101464299162721, -12.869780334876211 ], [ -61.101464299162721, -12.870280333414312 ] ], [ [ -61.103464294987553, -12.871030331221466 ], [ -61.103214295509446, -12.871030331221466 ], [ -61.103214295509446, -12.870780331952414 ], [ -61.103464294987553, -12.870780331952414 ], [ -61.103464294987553, -12.871030331221466 ] ], [ [ -61.101964298118929, -12.871530329759567 ], [ -61.101714298640829, -12.871530329759567 ], [ -61.101714298640829, -12.871280330490517 ], [ -61.101964298118929, -12.871280330490517 ], [ -61.101964298118929, -12.871530329759567 ] ], [ [ -61.099214303859789, -12.871780329028617 ], [ -61.098964304381688, -12.871780329028617 ], [ -61.098964304381688, -12.871530329759567 ], [ -61.099214303859789, -12.871530329759567 ], [ -61.099214303859789, -12.871780329028617 ] ], [ [ -61.099214303859789, -12.872780326104822 ], [ -61.098964304381688, -12.872780326104822 ], [ -61.098964304381688, -12.87228032756672 ], [ -61.099214303859789, -12.87228032756672 ], [ -61.099214303859789, -12.872780326104822 ] ], [ [ -61.103964293943761, -12.873280324642923 ], [ -61.103714294465654, -12.873280324642923 ], [ -61.103714294465654, -12.873030325373872 ], [ -61.103964293943761, -12.873030325373872 ], [ -61.103964293943761, -12.873280324642923 ] ], [ [ -61.101464299162721, -12.873280324642923 ], [ -61.101214299684621, -12.873280324642923 ], [ -61.101214299684621, -12.873030325373872 ], [ -61.101464299162721, -12.873030325373872 ], [ -61.101464299162721, -12.873280324642923 ] ], [ [ -61.101714298640829, -12.874280321719127 ], [ -61.101714298640829, -12.874030322450075 ], [ -61.101964298118929, -12.874030322450075 ], [ -61.101964298118929, -12.874280321719127 ], [ -61.101714298640829, -12.874280321719127 ] ], [ [ -61.102214297597037, -12.874280321719127 ], [ -61.102214297597037, -12.874780320257228 ], [ -61.101964298118929, -12.874780320257228 ], [ -61.101964298118929, -12.874280321719127 ], [ -61.102214297597037, -12.874280321719127 ] ], [ [ -61.099714302815997, -12.875030319526278 ], [ -61.099464303337896, -12.875030319526278 ], [ -61.099464303337896, -12.874780320257228 ], [ -61.099714302815997, -12.874780320257228 ], [ -61.099714302815997, -12.874530320988177 ], [ -61.099964302294097, -12.874530320988177 ], [ -61.099964302294097, -12.874280321719127 ], [ -61.100214301772205, -12.874280321719127 ], [ -61.100214301772205, -12.874030322450075 ], [ -61.100464301250305, -12.874030322450075 ], [ -61.100464301250305, -12.874280321719127 ], [ -61.100714300728413, -12.874280321719127 ], [ -61.100714300728413, -12.874780320257228 ], [ -61.100464301250305, -12.874780320257228 ], [ -61.100464301250305, -12.875530318064381 ], [ -61.100214301772205, -12.875530318064381 ], [ -61.100214301772205, -12.875780317333431 ], [ -61.099714302815997, -12.875780317333431 ], [ -61.099714302815997, -12.875030319526278 ] ], [ [ -61.101714298640829, -12.875780317333431 ], [ -61.101464299162721, -12.875780317333431 ], [ -61.101464299162721, -12.875530318064381 ], [ -61.101714298640829, -12.875530318064381 ], [ -61.101714298640829, -12.875780317333431 ] ], [ [ -61.101214299684621, -12.876780314409634 ], [ -61.101214299684621, -12.876530315140585 ], [ -61.101464299162721, -12.876530315140585 ], [ -61.101464299162721, -12.876780314409634 ], [ -61.101214299684621, -12.876780314409634 ] ], [ [ -61.101714298640829, -12.876780314409634 ], [ -61.101714298640829, -12.877030313678686 ], [ -61.101464299162721, -12.877030313678686 ], [ -61.101464299162721, -12.876780314409634 ], [ -61.101714298640829, -12.876780314409634 ] ], [ [ -61.100464301250305, -12.877280312947736 ], [ -61.100214301772205, -12.877280312947736 ], [ -61.100214301772205, -12.877030313678686 ], [ -61.100464301250305, -12.877030313678686 ], [ -61.100464301250305, -12.877280312947736 ] ], [ [ -61.103714294465654, -12.877780311485838 ], [ -61.103464294987553, -12.877780311485838 ], [ -61.103464294987553, -12.877280312947736 ], [ -61.103714294465654, -12.877280312947736 ], [ -61.103714294465654, -12.877780311485838 ] ], [ [ -61.102214297597037, -12.878030310754889 ], [ -61.101964298118929, -12.878030310754889 ], [ -61.101964298118929, -12.877280312947736 ], [ -61.102214297597037, -12.877280312947736 ], [ -61.102214297597037, -12.878030310754889 ] ], [ [ -61.101214299684621, -12.877280312947736 ], [ -61.101714298640829, -12.877280312947736 ], [ -61.101714298640829, -12.877780311485838 ], [ -61.101214299684621, -12.877780311485838 ], [ -61.101214299684621, -12.877280312947736 ] ], [ [ -61.101214299684621, -12.878030310754889 ], [ -61.100964300206513, -12.878030310754889 ], [ -61.100964300206513, -12.877780311485838 ], [ -61.101214299684621, -12.877780311485838 ], [ -61.101214299684621, -12.878030310754889 ] ], [ [ -61.099214303859789, -12.877280312947736 ], [ -61.099714302815997, -12.877280312947736 ], [ -61.099714302815997, -12.877780311485838 ], [ -61.099214303859789, -12.877780311485838 ], [ -61.099214303859789, -12.877280312947736 ] ], [ [ -61.100214301772205, -12.877780311485838 ], [ -61.100214301772205, -12.878280310023939 ], [ -61.099714302815997, -12.878280310023939 ], [ -61.099714302815997, -12.877780311485838 ], [ -61.100214301772205, -12.877780311485838 ] ], [ [ -61.099714302815997, -12.878530309292991 ], [ -61.099464303337896, -12.878530309292991 ], [ -61.099464303337896, -12.878280310023939 ], [ -61.099714302815997, -12.878280310023939 ], [ -61.099714302815997, -12.878530309292991 ] ], [ [ -61.099464303337896, -12.878780308562042 ], [ -61.099214303859789, -12.878780308562042 ], [ -61.099214303859789, -12.878530309292991 ], [ -61.099464303337896, -12.878530309292991 ], [ -61.099464303337896, -12.878780308562042 ] ], [ [ -61.099714302815997, -12.878780308562042 ], [ -61.099714302815997, -12.879030307831092 ], [ -61.099464303337896, -12.879030307831092 ], [ -61.099464303337896, -12.878780308562042 ], [ -61.099714302815997, -12.878780308562042 ] ], [ [ -61.099214303859789, -12.879030307831092 ], [ -61.098964304381688, -12.879030307831092 ], [ -61.098964304381688, -12.878780308562042 ], [ -61.099214303859789, -12.878780308562042 ], [ -61.099214303859789, -12.879030307831092 ] ], [ [ -61.099214303859789, -12.878030310754889 ], [ -61.098964304381688, -12.878030310754889 ], [ -61.098964304381688, -12.877780311485838 ], [ -61.099214303859789, -12.877780311485838 ], [ -61.099214303859789, -12.878030310754889 ] ], [ [ -61.103464294987553, -12.878280310023939 ], [ -61.103214295509446, -12.878280310023939 ], [ -61.103214295509446, -12.878030310754889 ], [ -61.103464294987553, -12.878030310754889 ], [ -61.103464294987553, -12.878280310023939 ] ], [ [ -61.102964296031345, -12.878280310023939 ], [ -61.102714296553245, -12.878280310023939 ], [ -61.102714296553245, -12.878030310754889 ], [ -61.102964296031345, -12.878030310754889 ], [ -61.102964296031345, -12.878280310023939 ] ], [ [ -61.101714298640829, -12.878530309292991 ], [ -61.101464299162721, -12.878530309292991 ], [ -61.101464299162721, -12.878280310023939 ], [ -61.101714298640829, -12.878280310023939 ], [ -61.101714298640829, -12.878530309292991 ] ], [ [ -61.100964300206513, -12.878530309292991 ], [ -61.101214299684621, -12.878530309292991 ], [ -61.101214299684621, -12.878780308562042 ], [ -61.100964300206513, -12.878780308562042 ], [ -61.100964300206513, -12.878530309292991 ] ], [ [ -61.100964300206513, -12.879280307100142 ], [ -61.100714300728413, -12.879280307100142 ], [ -61.100714300728413, -12.878780308562042 ], [ -61.100964300206513, -12.878780308562042 ], [ -61.100964300206513, -12.879280307100142 ] ], [ [ -61.101464299162721, -12.879530306369194 ], [ -61.101214299684621, -12.879530306369194 ], [ -61.101214299684621, -12.879280307100142 ], [ -61.101464299162721, -12.879280307100142 ], [ -61.101464299162721, -12.879530306369194 ] ], [ [ -61.102714296553245, -12.879780305638246 ], [ -61.102214297597037, -12.879780305638246 ], [ -61.102214297597037, -12.879530306369194 ], [ -61.102714296553245, -12.879530306369194 ], [ -61.102714296553245, -12.879780305638246 ] ], [ [ -61.100714300728413, -12.879780305638246 ], [ -61.100464301250305, -12.879780305638246 ], [ -61.100464301250305, -12.879530306369194 ], [ -61.100714300728413, -12.879530306369194 ], [ -61.100714300728413, -12.879780305638246 ] ], [ [ -61.103214295509446, -12.880280304176345 ], [ -61.102964296031345, -12.880280304176345 ], [ -61.102964296031345, -12.879780305638246 ], [ -61.103214295509446, -12.879780305638246 ], [ -61.103214295509446, -12.880280304176345 ] ], [ [ -61.100964300206513, -12.880530303445397 ], [ -61.100714300728413, -12.880530303445397 ], [ -61.100714300728413, -12.880280304176345 ], [ -61.100964300206513, -12.880280304176345 ], [ -61.100964300206513, -12.880530303445397 ] ], [ [ -61.099464303337896, -12.880280304176345 ], [ -61.099714302815997, -12.880280304176345 ], [ -61.099714302815997, -12.880530303445397 ], [ -61.099464303337896, -12.880530303445397 ], [ -61.099464303337896, -12.880280304176345 ] ], [ [ -61.099464303337896, -12.880780302714449 ], [ -61.098714304903581, -12.880780302714449 ], [ -61.098714304903581, -12.880530303445397 ], [ -61.099464303337896, -12.880530303445397 ], [ -61.099464303337896, -12.880780302714449 ] ], [ [ -61.100964300206513, -12.88128030125255 ], [ -61.100714300728413, -12.88128030125255 ], [ -61.100714300728413, -12.880780302714449 ], [ -61.100964300206513, -12.880780302714449 ], [ -61.100964300206513, -12.88128030125255 ] ], [ [ -61.099714302815997, -12.88403029321211 ], [ -61.099464303337896, -12.88403029321211 ], [ -61.099464303337896, -12.884530291750211 ], [ -61.099214303859789, -12.884530291750211 ], [ -61.099214303859789, -12.88428029248116 ], [ -61.098964304381688, -12.88428029248116 ], [ -61.098964304381688, -12.882030299059702 ], [ -61.099964302294097, -12.882030299059702 ], [ -61.099964302294097, -12.882280298328753 ], [ -61.100214301772205, -12.882280298328753 ], [ -61.100214301772205, -12.882780296866855 ], [ -61.100464301250305, -12.882780296866855 ], [ -61.100464301250305, -12.883280295404957 ], [ -61.099964302294097, -12.883280295404957 ], [ -61.099964302294097, -12.883780293943058 ], [ -61.099714302815997, -12.883780293943058 ], [ -61.099714302815997, -12.88403029321211 ] ], [ [ -61.100714300728413, -12.884780291019261 ], [ -61.100464301250305, -12.884780291019261 ], [ -61.100464301250305, -12.884530291750211 ], [ -61.100714300728413, -12.884530291750211 ], [ -61.100714300728413, -12.884780291019261 ] ], [ [ -61.099214303859789, -12.887030284440719 ], [ -61.098964304381688, -12.887030284440719 ], [ -61.098964304381688, -12.885530288826414 ], [ -61.099214303859789, -12.885530288826414 ], [ -61.099214303859789, -12.885030290288313 ], [ -61.099464303337896, -12.885030290288313 ], [ -61.099464303337896, -12.885530288826414 ], [ -61.099714302815997, -12.885530288826414 ], [ -61.099714302815997, -12.885780288095464 ], [ -61.099964302294097, -12.885780288095464 ], [ -61.099964302294097, -12.887530282978821 ], [ -61.099464303337896, -12.887530282978821 ], [ -61.099464303337896, -12.887280283709771 ], [ -61.099214303859789, -12.887280283709771 ], [ -61.099214303859789, -12.887030284440719 ] ], [ [ -61.101464299162721, -12.886280286633566 ], [ -61.101214299684621, -12.886280286633566 ], [ -61.101214299684621, -12.886030287364516 ], [ -61.101464299162721, -12.886030287364516 ], [ -61.101464299162721, -12.886280286633566 ] ] ], [ [ [ -61.099464303337896, -12.859030366307024 ], [ -61.098964304381688, -12.859030366307024 ], [ -61.098964304381688, -12.859280365576076 ], [ -61.099214303859789, -12.859280365576076 ], [ -61.099214303859789, -12.859530364845128 ], [ -61.099464303337896, -12.859530364845128 ], [ -61.099464303337896, -12.859780364114178 ], [ -61.099714302815997, -12.859780364114178 ], [ -61.099714302815997, -12.859280365576076 ], [ -61.099464303337896, -12.859280365576076 ], [ -61.099464303337896, -12.859030366307024 ] ] ], [ [ [ -61.102214297597037, -12.847280400661635 ], [ -61.102714296553245, -12.847280400661635 ], [ -61.102714296553245, -12.847030401392585 ], [ -61.102214297597037, -12.847030401392585 ], [ -61.102214297597037, -12.847280400661635 ] ] ], [ [ [ -61.101464299162721, -12.846280403585432 ], [ -61.101464299162721, -12.846780402123533 ], [ -61.101714298640829, -12.846780402123533 ], [ -61.101714298640829, -12.847030401392585 ], [ -61.101964298118929, -12.847030401392585 ], [ -61.101964298118929, -12.846530402854484 ], [ -61.102214297597037, -12.846530402854484 ], [ -61.102214297597037, -12.846780402123533 ], [ -61.102714296553245, -12.846780402123533 ], [ -61.102714296553245, -12.847030401392585 ], [ -61.103464294987553, -12.847030401392585 ], [ -61.103464294987553, -12.846780402123533 ], [ -61.103964293943761, -12.846780402123533 ], [ -61.103964293943761, -12.846280403585432 ], [ -61.104214293421862, -12.846280403585432 ], [ -61.104214293421862, -12.84578040504733 ], [ -61.103464294987553, -12.84578040504733 ], [ -61.103464294987553, -12.846030404316382 ], [ -61.102214297597037, -12.846030404316382 ], [ -61.102214297597037, -12.846280403585432 ], [ -61.101964298118929, -12.846280403585432 ], [ -61.101964298118929, -12.846030404316382 ], [ -61.101714298640829, -12.846030404316382 ], [ -61.101714298640829, -12.846280403585432 ], [ -61.101464299162721, -12.846280403585432 ] ] ], [ [ [ -61.104214293421862, -12.838530426244857 ], [ -61.104464292899969, -12.838530426244857 ], [ -61.104464292899969, -12.838280426975805 ], [ -61.104214293421862, -12.838280426975805 ], [ -61.104214293421862, -12.838530426244857 ] ] ], [ [ [ -61.094714313253924, -12.824530467178009 ], [ -61.095214312210132, -12.824530467178009 ], [ -61.095214312210132, -12.824280467908959 ], [ -61.094714313253924, -12.824280467908959 ], [ -61.094714313253924, -12.824530467178009 ] ] ], [ [ [ -61.092714317429092, -12.822280473756551 ], [ -61.092714317429092, -12.823280470832756 ], [ -61.092964316907199, -12.823280470832756 ], [ -61.092964316907199, -12.823030471563705 ], [ -61.0932143163853, -12.823030471563705 ], [ -61.0932143163853, -12.823280470832756 ], [ -61.0934643158634, -12.823280470832756 ], [ -61.0934643158634, -12.824280467908959 ], [ -61.093964314819608, -12.824280467908959 ], [ -61.093964314819608, -12.824030468639908 ], [ -61.094214314297716, -12.824030468639908 ], [ -61.094214314297716, -12.823780469370856 ], [ -61.094714313253924, -12.823780469370856 ], [ -61.094714313253924, -12.823530470101806 ], [ -61.094964312732024, -12.823530470101806 ], [ -61.094964312732024, -12.823030471563705 ], [ -61.095464311688232, -12.823030471563705 ], [ -61.095464311688232, -12.822530473025603 ], [ -61.095214312210132, -12.822530473025603 ], [ -61.095214312210132, -12.822280473756551 ], [ -61.094714313253924, -12.822280473756551 ], [ -61.094714313253924, -12.822530473025603 ], [ -61.094464313775816, -12.822530473025603 ], [ -61.094464313775816, -12.822280473756551 ], [ -61.093714315341508, -12.822280473756551 ], [ -61.093714315341508, -12.822530473025603 ], [ -61.0932143163853, -12.822530473025603 ], [ -61.0932143163853, -12.822280473756551 ], [ -61.092714317429092, -12.822280473756551 ] ] ], [ [ [ -61.101714298640829, -12.821030477411298 ], [ -61.101964298118929, -12.821030477411298 ], [ -61.101964298118929, -12.820780478142247 ], [ -61.101714298640829, -12.820780478142247 ], [ -61.101714298640829, -12.820530478873195 ], [ -61.100964300206513, -12.820530478873195 ], [ -61.100964300206513, -12.820780478142247 ], [ -61.100714300728413, -12.820780478142247 ], [ -61.100714300728413, -12.82178047521845 ], [ -61.101214299684621, -12.82178047521845 ], [ -61.101214299684621, -12.8215304759494 ], [ -61.101464299162721, -12.8215304759494 ], [ -61.101464299162721, -12.821280476680348 ], [ -61.101714298640829, -12.821280476680348 ], [ -61.101714298640829, -12.821030477411298 ] ] ], [ [ [ -61.103214295509446, -12.802780530770587 ], [ -61.103464294987553, -12.802780530770587 ], [ -61.103464294987553, -12.802280532232485 ], [ -61.103214295509446, -12.802280532232485 ], [ -61.103214295509446, -12.802780530770587 ] ] ], [ [ [ -61.104214293421862, -12.800780536618181 ], [ -61.104214293421862, -12.80128053515628 ], [ -61.104464292899969, -12.80128053515628 ], [ -61.104464292899969, -12.800780536618181 ], [ -61.104214293421862, -12.800780536618181 ] ] ], [ [ [ -61.103714294465654, -12.80103053588723 ], [ -61.103964293943761, -12.80103053588723 ], [ -61.103964293943761, -12.800530537349129 ], [ -61.103464294987553, -12.800530537349129 ], [ -61.103464294987553, -12.800780536618181 ], [ -61.103714294465654, -12.800780536618181 ], [ -61.103714294465654, -12.80103053588723 ] ] ], [ [ [ -61.103464294987553, -12.793280558546655 ], [ -61.103714294465654, -12.793280558546655 ], [ -61.103714294465654, -12.793030559277604 ], [ -61.103464294987553, -12.793030559277604 ], [ -61.103464294987553, -12.793280558546655 ] ] ], [ [ [ -61.103214295509446, -12.792030562201401 ], [ -61.103214295509446, -12.792280561470452 ], [ -61.103464294987553, -12.792280561470452 ], [ -61.103464294987553, -12.792030562201401 ], [ -61.103214295509446, -12.792030562201401 ] ] ], [ [ [ -61.103214295509446, -12.791530563663299 ], [ -61.103714294465654, -12.791530563663299 ], [ -61.103714294465654, -12.791280564394247 ], [ -61.103214295509446, -12.791280564394247 ], [ -61.103214295509446, -12.791530563663299 ] ] ], [ [ [ -61.102714296553245, -12.774030614829741 ], [ -61.104214293421862, -12.774030614829741 ], [ -61.104214293421862, -12.773280617022587 ], [ -61.104464292899969, -12.773280617022587 ], [ -61.104464292899969, -12.773030617753538 ], [ -61.104214293421862, -12.773030617753538 ], [ -61.104214293421862, -12.772780618484486 ], [ -61.103964293943761, -12.772780618484486 ], [ -61.103964293943761, -12.772280619946384 ], [ -61.103714294465654, -12.772280619946384 ], [ -61.103714294465654, -12.772780618484486 ], [ -61.103464294987553, -12.772780618484486 ], [ -61.103464294987553, -12.773030617753538 ], [ -61.103214295509446, -12.773030617753538 ], [ -61.103214295509446, -12.773280617022587 ], [ -61.102964296031345, -12.773280617022587 ], [ -61.102964296031345, -12.773530616291637 ], [ -61.102714296553245, -12.773530616291637 ], [ -61.102714296553245, -12.774030614829741 ] ] ], [ [ [ -61.101464299162721, -12.764780641874859 ], [ -61.101464299162721, -12.765280640412961 ], [ -61.101714298640829, -12.765280640412961 ], [ -61.101714298640829, -12.764780641874859 ], [ -61.101464299162721, -12.764780641874859 ] ] ], [ [ [ -61.103214295509446, -12.761030652839096 ], [ -61.103464294987553, -12.761030652839096 ], [ -61.103464294987553, -12.760780653570045 ], [ -61.103214295509446, -12.760780653570045 ], [ -61.103214295509446, -12.761030652839096 ] ] ], [ [ [ -61.102964296031345, -12.760780653570045 ], [ -61.103214295509446, -12.760780653570045 ], [ -61.103214295509446, -12.760530654300995 ], [ -61.102964296031345, -12.760530654300995 ], [ -61.102964296031345, -12.760780653570045 ] ] ], [ [ [ -61.100964300206513, -12.759780656493842 ], [ -61.100964300206513, -12.760280655031945 ], [ -61.101214299684621, -12.760280655031945 ], [ -61.101214299684621, -12.759780656493842 ], [ -61.100964300206513, -12.759780656493842 ] ] ], [ [ [ -61.101964298118929, -12.75928065795574 ], [ -61.102214297597037, -12.75928065795574 ], [ -61.102214297597037, -12.75903065868669 ], [ -61.101964298118929, -12.75903065868669 ], [ -61.101964298118929, -12.75928065795574 ] ] ], [ [ [ -61.101714298640829, -12.757280663803334 ], [ -61.101964298118929, -12.757280663803334 ], [ -61.101964298118929, -12.757030664534284 ], [ -61.101714298640829, -12.757030664534284 ], [ -61.101714298640829, -12.757280663803334 ] ] ], [ [ [ -61.102214297597037, -12.756780665265232 ], [ -61.102214297597037, -12.757030664534284 ], [ -61.102964296031345, -12.757030664534284 ], [ -61.102964296031345, -12.756780665265232 ], [ -61.102214297597037, -12.756780665265232 ] ] ], [ [ [ -61.100714300728413, -12.756530665996181 ], [ -61.100964300206513, -12.756530665996181 ], [ -61.100964300206513, -12.756280666727131 ], [ -61.100714300728413, -12.756280666727131 ], [ -61.100714300728413, -12.756530665996181 ] ] ], [ [ [ -61.102714296553245, -12.756530665996181 ], [ -61.103214295509446, -12.756530665996181 ], [ -61.103214295509446, -12.756280666727131 ], [ -61.102714296553245, -12.756280666727131 ], [ -61.102714296553245, -12.756530665996181 ] ] ], [ [ [ -61.101714298640829, -12.755780668189029 ], [ -61.101714298640829, -12.756030667458081 ], [ -61.101964298118929, -12.756030667458081 ], [ -61.101964298118929, -12.755780668189029 ], [ -61.101714298640829, -12.755780668189029 ] ] ], [ [ [ -61.100964300206513, -12.755780668189029 ], [ -61.101214299684621, -12.755780668189029 ], [ -61.101214299684621, -12.755530668919977 ], [ -61.100964300206513, -12.755530668919977 ], [ -61.100964300206513, -12.755780668189029 ] ] ], [ [ [ -61.101214299684621, -12.755530668919977 ], [ -61.101464299162721, -12.755530668919977 ], [ -61.101464299162721, -12.755280669650928 ], [ -61.101214299684621, -12.755280669650928 ], [ -61.101214299684621, -12.755530668919977 ] ] ], [ [ [ -61.103464294987553, -12.755280669650928 ], [ -61.103464294987553, -12.755530668919977 ], [ -61.103714294465654, -12.755530668919977 ], [ -61.103714294465654, -12.755280669650928 ], [ -61.103464294987553, -12.755280669650928 ] ] ], [ [ [ -61.104214293421862, -12.755280669650928 ], [ -61.104464292899969, -12.755280669650928 ], [ -61.104464292899969, -12.754780671112826 ], [ -61.104214293421862, -12.754780671112826 ], [ -61.104214293421862, -12.755280669650928 ] ] ], [ [ [ -61.100464301250305, -12.755280669650928 ], [ -61.100714300728413, -12.755280669650928 ], [ -61.100714300728413, -12.754780671112826 ], [ -61.100464301250305, -12.754780671112826 ], [ -61.100464301250305, -12.755280669650928 ] ] ], [ [ [ -61.102714296553245, -12.754530671843774 ], [ -61.102714296553245, -12.754780671112826 ], [ -61.103214295509446, -12.754780671112826 ], [ -61.103214295509446, -12.754530671843774 ], [ -61.102714296553245, -12.754530671843774 ] ] ], [ [ [ -61.103464294987553, -12.754780671112826 ], [ -61.103714294465654, -12.754780671112826 ], [ -61.103714294465654, -12.754530671843774 ], [ -61.103464294987553, -12.754530671843774 ], [ -61.103464294987553, -12.754780671112826 ] ] ], [ [ [ -61.103964293943761, -12.754780671112826 ], [ -61.104214293421862, -12.754780671112826 ], [ -61.104214293421862, -12.754280672574724 ], [ -61.103964293943761, -12.754280672574724 ], [ -61.103964293943761, -12.754780671112826 ] ] ], [ [ [ -61.103214295509446, -12.754280672574724 ], [ -61.103214295509446, -12.754530671843774 ], [ -61.103464294987553, -12.754530671843774 ], [ -61.103464294987553, -12.754280672574724 ], [ -61.103214295509446, -12.754280672574724 ] ] ], [ [ [ -61.103464294987553, -12.754280672574724 ], [ -61.103714294465654, -12.754280672574724 ], [ -61.103714294465654, -12.754030673305673 ], [ -61.103464294987553, -12.754030673305673 ], [ -61.103464294987553, -12.754280672574724 ] ] ], [ [ [ -61.102214297597037, -12.754280672574724 ], [ -61.102714296553245, -12.754280672574724 ], [ -61.102714296553245, -12.753780674036623 ], [ -61.102214297597037, -12.753780674036623 ], [ -61.102214297597037, -12.754280672574724 ] ] ], [ [ [ -61.102964296031345, -12.753530674767571 ], [ -61.102964296031345, -12.753780674036623 ], [ -61.103214295509446, -12.753780674036623 ], [ -61.103214295509446, -12.753530674767571 ], [ -61.102964296031345, -12.753530674767571 ] ] ], [ [ [ -61.101464299162721, -12.753780674036623 ], [ -61.101714298640829, -12.753780674036623 ], [ -61.101714298640829, -12.753530674767571 ], [ -61.101464299162721, -12.753530674767571 ], [ -61.101464299162721, -12.753780674036623 ] ] ], [ [ [ -61.102714296553245, -12.753530674767571 ], [ -61.102964296031345, -12.753530674767571 ], [ -61.102964296031345, -12.75328067549852 ], [ -61.102714296553245, -12.75328067549852 ], [ -61.102714296553245, -12.753530674767571 ] ] ], [ [ [ -61.104214293421862, -12.75278067696042 ], [ -61.104214293421862, -12.75303067622947 ], [ -61.104464292899969, -12.75303067622947 ], [ -61.104464292899969, -12.75278067696042 ], [ -61.104214293421862, -12.75278067696042 ] ] ], [ [ [ -61.101964298118929, -12.752030679153266 ], [ -61.102214297597037, -12.752030679153266 ], [ -61.102214297597037, -12.751780679884215 ], [ -61.101964298118929, -12.751780679884215 ], [ -61.101964298118929, -12.752030679153266 ] ] ], [ [ [ -61.074464355527525, -12.898530250817057 ], [ -61.07646435135235, -12.898530250817057 ], [ -61.07646435135235, -12.898030252278955 ], [ -61.076214351874249, -12.898030252278955 ], [ -61.076214351874249, -12.897780253009905 ], [ -61.075964352396142, -12.897780253009905 ], [ -61.075964352396142, -12.898280251548007 ], [ -61.075464353439934, -12.898280251548007 ], [ -61.075464353439934, -12.898030252278955 ], [ -61.075214353961833, -12.898030252278955 ], [ -61.075214353961833, -12.898280251548007 ], [ -61.074714355005625, -12.898280251548007 ], [ -61.074714355005625, -12.898030252278955 ], [ -61.074464355527525, -12.898030252278955 ], [ -61.074464355527525, -12.898530250817057 ] ] ], [ [ [ -61.074214356049417, -12.897780253009905 ], [ -61.074214356049417, -12.898030252278955 ], [ -61.074464355527525, -12.898030252278955 ], [ -61.074464355527525, -12.897780253009905 ], [ -61.074214356049417, -12.897780253009905 ] ] ], [ [ [ -61.072964358658901, -12.896780255933702 ], [ -61.07276216172086, -12.896780255933702 ], [ -61.072757426650284, -12.898530250817057 ], [ -61.073214358137001, -12.898530250817057 ], [ -61.073214358137001, -12.897280254471804 ], [ -61.072964358658901, -12.897280254471804 ], [ -61.072964358658901, -12.896780255933702 ] ] ], [ [ [ -61.075714352918041, -12.897780253009905 ], [ -61.075964352396142, -12.897780253009905 ], [ -61.075964352396142, -12.897280254471804 ], [ -61.075714352918041, -12.897280254471804 ], [ -61.075714352918041, -12.897780253009905 ] ] ], [ [ [ -61.08196433987063, -12.898030252278955 ], [ -61.08196433987063, -12.898530250817057 ], [ -61.082714338304946, -12.898530250817057 ], [ -61.082714338304946, -12.898280251548007 ], [ -61.082964337783046, -12.898280251548007 ], [ -61.082964337783046, -12.897780253009905 ], [ -61.083464336739254, -12.897780253009905 ], [ -61.083464336739254, -12.898530250817057 ], [ -61.085964331520294, -12.898530250817057 ], [ -61.085964331520294, -12.898280251548007 ], [ -61.083714336217362, -12.898280251548007 ], [ -61.083714336217362, -12.897280254471804 ], [ -61.083464336739254, -12.897280254471804 ], [ -61.083464336739254, -12.897030255202752 ], [ -61.083964335695462, -12.897030255202752 ], [ -61.083964335695462, -12.898030252278955 ], [ -61.084714334129771, -12.898030252278955 ], [ -61.084714334129771, -12.896780255933702 ], [ -61.08446433465167, -12.896780255933702 ], [ -61.08446433465167, -12.896530256664651 ], [ -61.08421433517357, -12.896530256664651 ], [ -61.08421433517357, -12.896280257395599 ], [ -61.083964335695462, -12.896280257395599 ], [ -61.083964335695462, -12.896530256664651 ], [ -61.082964337783046, -12.896530256664651 ], [ -61.082964337783046, -12.896780255933702 ], [ -61.082714338304946, -12.896780255933702 ], [ -61.082714338304946, -12.897280254471804 ], [ -61.082214339348738, -12.897280254471804 ], [ -61.082214339348738, -12.898030252278955 ], [ -61.08196433987063, -12.898030252278955 ] ] ], [ [ [ -61.074214356049417, -12.897280254471804 ], [ -61.074464355527525, -12.897280254471804 ], [ -61.074464355527525, -12.897780253009905 ], [ -61.074714355005625, -12.897780253009905 ], [ -61.074714355005625, -12.897030255202752 ], [ -61.074464355527525, -12.897030255202752 ], [ -61.074464355527525, -12.896780255933702 ], [ -61.074214356049417, -12.896780255933702 ], [ -61.074214356049417, -12.897280254471804 ] ] ], [ [ [ -61.077964348220974, -12.895780258857499 ], [ -61.07896434613339, -12.895780258857499 ], [ -61.07896434613339, -12.896030258126549 ], [ -61.078464347177182, -12.896030258126549 ], [ -61.078464347177182, -12.896280257395599 ], [ -61.078714346655282, -12.896280257395599 ], [ -61.078714346655282, -12.896530256664651 ], [ -61.078214347699074, -12.896530256664651 ], [ -61.078214347699074, -12.896780255933702 ], [ -61.077964348220974, -12.896780255933702 ], [ -61.077964348220974, -12.896530256664651 ], [ -61.077714348742873, -12.896530256664651 ], [ -61.077714348742873, -12.896780255933702 ], [ -61.077214349786665, -12.896780255933702 ], [ -61.077214349786665, -12.897030255202752 ], [ -61.076964350308558, -12.897030255202752 ], [ -61.076964350308558, -12.896530256664651 ], [ -61.076714350830457, -12.896530256664651 ], [ -61.076714350830457, -12.896280257395599 ], [ -61.076214351874249, -12.896280257395599 ], [ -61.076214351874249, -12.896530256664651 ], [ -61.07646435135235, -12.896530256664651 ], [ -61.07646435135235, -12.897030255202752 ], [ -61.076714350830457, -12.897030255202752 ], [ -61.076714350830457, -12.897780253009905 ], [ -61.077214349786665, -12.897780253009905 ], [ -61.077214349786665, -12.897280254471804 ], [ -61.077714348742873, -12.897280254471804 ], [ -61.077714348742873, -12.897030255202752 ], [ -61.077964348220974, -12.897030255202752 ], [ -61.077964348220974, -12.897280254471804 ], [ -61.078214347699074, -12.897280254471804 ], [ -61.078214347699074, -12.897780253009905 ], [ -61.078464347177182, -12.897780253009905 ], [ -61.078464347177182, -12.898030252278955 ], [ -61.078714346655282, -12.898030252278955 ], [ -61.078714346655282, -12.898280251548007 ], [ -61.080214343523906, -12.898280251548007 ], [ -61.080214343523906, -12.898530250817057 ], [ -61.080464343002014, -12.898530250817057 ], [ -61.080464343002014, -12.898280251548007 ], [ -61.08171434039253, -12.898280251548007 ], [ -61.08171434039253, -12.896280257395599 ], [ -61.081464340914422, -12.896280257395599 ], [ -61.081464340914422, -12.896030258126549 ], [ -61.081214341436322, -12.896030258126549 ], [ -61.081214341436322, -12.896530256664651 ], [ -61.080714342480114, -12.896530256664651 ], [ -61.080714342480114, -12.896280257395599 ], [ -61.080964341958222, -12.896280257395599 ], [ -61.080964341958222, -12.896030258126549 ], [ -61.080714342480114, -12.896030258126549 ], [ -61.080714342480114, -12.895780258857499 ], [ -61.080214343523906, -12.895780258857499 ], [ -61.080214343523906, -12.895530259588448 ], [ -61.077964348220974, -12.895530259588448 ], [ -61.077964348220974, -12.895780258857499 ] ], [ [ -61.081464340914422, -12.896530256664651 ], [ -61.081464340914422, -12.896780255933702 ], [ -61.081214341436322, -12.896780255933702 ], [ -61.081214341436322, -12.896530256664651 ], [ -61.081464340914422, -12.896530256664651 ] ], [ [ -61.080214343523906, -12.896280257395599 ], [ -61.080214343523906, -12.896030258126549 ], [ -61.080464343002014, -12.896030258126549 ], [ -61.080464343002014, -12.896530256664651 ], [ -61.079714344567698, -12.896530256664651 ], [ -61.079714344567698, -12.896280257395599 ], [ -61.080214343523906, -12.896280257395599 ] ], [ [ -61.080464343002014, -12.897780253009905 ], [ -61.080464343002014, -12.897280254471804 ], [ -61.080964341958222, -12.897280254471804 ], [ -61.080964341958222, -12.898030252278955 ], [ -61.080714342480114, -12.898030252278955 ], [ -61.080714342480114, -12.897780253009905 ], [ -61.080464343002014, -12.897780253009905 ] ] ], [ [ [ -61.075714352918041, -12.896780255933702 ], [ -61.075714352918041, -12.897030255202752 ], [ -61.075964352396142, -12.897030255202752 ], [ -61.075964352396142, -12.896780255933702 ], [ -61.075714352918041, -12.896780255933702 ] ] ], [ [ [ -61.074714355005625, -12.897030255202752 ], [ -61.075214353961833, -12.897030255202752 ], [ -61.075214353961833, -12.896530256664651 ], [ -61.074714355005625, -12.896530256664651 ], [ -61.074714355005625, -12.897030255202752 ] ] ], [ [ [ -61.075964352396142, -12.896280257395599 ], [ -61.076214351874249, -12.896280257395599 ], [ -61.076214351874249, -12.896030258126549 ], [ -61.075964352396142, -12.896030258126549 ], [ -61.075964352396142, -12.896280257395599 ] ] ], [ [ [ -61.077214349786665, -12.895780258857499 ], [ -61.077214349786665, -12.895280260319396 ], [ -61.076714350830457, -12.895280260319396 ], [ -61.076714350830457, -12.895780258857499 ], [ -61.076964350308558, -12.895780258857499 ], [ -61.076964350308558, -12.896030258126549 ], [ -61.077214349786665, -12.896030258126549 ], [ -61.077214349786665, -12.896280257395599 ], [ -61.077714348742873, -12.896280257395599 ], [ -61.077714348742873, -12.895780258857499 ], [ -61.077214349786665, -12.895780258857499 ] ] ], [ [ [ -61.072964358658901, -12.896030258126549 ], [ -61.072964358658901, -12.895780258857499 ], [ -61.073214358137001, -12.895780258857499 ], [ -61.073214358137001, -12.895530259588448 ], [ -61.072964358658901, -12.895530259588448 ], [ -61.072964358658901, -12.887780282247871 ], [ -61.072818411220595, -12.887780282247871 ], [ -61.072764923137704, -12.896030258126549 ], [ -61.072964358658901, -12.896030258126549 ] ] ], [ [ [ -61.072964358658901, -12.887030284440719 ], [ -61.072964358658901, -12.883530294674006 ], [ -61.072839088283636, -12.883530294674006 ], [ -61.072822551528979, -12.887030284440719 ], [ -61.072964358658901, -12.887030284440719 ] ] ], [ [ [ -61.064464376403372, -12.876780314409634 ], [ -61.064464376403372, -12.876530315140585 ], [ -61.063464378490956, -12.876530315140585 ], [ -61.063464378490956, -12.876780314409634 ], [ -61.063214379012855, -12.876780314409634 ], [ -61.063214379012855, -12.877780311485838 ], [ -61.062964379534748, -12.877780311485838 ], [ -61.062964379534748, -12.878030310754889 ], [ -61.063464378490956, -12.878030310754889 ], [ -61.063464378490956, -12.878280310023939 ], [ -61.063214379012855, -12.878280310023939 ], [ -61.063214379012855, -12.878530309292991 ], [ -61.063714377969063, -12.878530309292991 ], [ -61.063714377969063, -12.878780308562042 ], [ -61.064725910031321, -12.878780308562042 ], [ -61.066714371706304, -12.878656935177904 ], [ -61.066714371706304, -12.878530309292991 ], [ -61.066214372750096, -12.878530309292991 ], [ -61.066214372750096, -12.878030310754889 ], [ -61.065714373793895, -12.878030310754889 ], [ -61.065714373793895, -12.877780311485838 ], [ -61.065464374315788, -12.877780311485838 ], [ -61.065464374315788, -12.877030313678686 ], [ -61.06521437483768, -12.877030313678686 ], [ -61.06521437483768, -12.876780314409634 ], [ -61.064464376403372, -12.876780314409634 ] ] ], [ [ [ -61.071714361268377, -12.873780323181025 ], [ -61.071464361790277, -12.873780323181025 ], [ -61.071464361790277, -12.873530323911973 ], [ -61.068964367009244, -12.873530323911973 ], [ -61.068964367009244, -12.873780323181025 ], [ -61.066714371706304, -12.873780323181025 ], [ -61.066714371706304, -12.874030322450075 ], [ -61.066464372228204, -12.874030322450075 ], [ -61.066464372228204, -12.873780323181025 ], [ -61.064214376925271, -12.873780323181025 ], [ -61.064214376925271, -12.873280324642923 ], [ -61.063964377447164, -12.873280324642923 ], [ -61.063964377447164, -12.873030325373872 ], [ -61.063714377969063, -12.873030325373872 ], [ -61.063714377969063, -12.871780329028617 ], [ -61.063964377447164, -12.871780329028617 ], [ -61.063964377447164, -12.871530329759567 ], [ -61.064464376403372, -12.871530329759567 ], [ -61.064464376403372, -12.871030331221466 ], [ -61.064214376925271, -12.871030331221466 ], [ -61.064214376925271, -12.870530332683364 ], [ -61.063964377447164, -12.870530332683364 ], [ -61.063964377447164, -12.869780334876211 ], [ -61.064214376925271, -12.869780334876211 ], [ -61.064214376925271, -12.869530335607161 ], [ -61.063964377447164, -12.869530335607161 ], [ -61.063964377447164, -12.869030337069059 ], [ -61.063714377969063, -12.869030337069059 ], [ -61.063714377969063, -12.868530338530956 ], [ -61.063464378490956, -12.868530338530956 ], [ -61.063464378490956, -12.868280339261906 ], [ -61.063214379012855, -12.868280339261906 ], [ -61.063214379012855, -12.868530338530956 ], [ -61.062964379534748, -12.868530338530956 ], [ -61.062964379534748, -12.875780317333431 ], [ -61.063964377447164, -12.875780317333431 ], [ -61.063964377447164, -12.876030316602481 ], [ -61.064464376403372, -12.876030316602481 ], [ -61.064464376403372, -12.876280315871533 ], [ -61.06521437483768, -12.876280315871533 ], [ -61.06521437483768, -12.876530315140585 ], [ -61.065464374315788, -12.876530315140585 ], [ -61.065464374315788, -12.876780314409634 ], [ -61.065714373793895, -12.876780314409634 ], [ -61.065714373793895, -12.877030313678686 ], [ -61.066464372228204, -12.877030313678686 ], [ -61.066464372228204, -12.878030310754889 ], [ -61.066714371706304, -12.878030310754889 ], [ -61.066714371706304, -12.878280310023939 ], [ -61.066964371184412, -12.878280310023939 ], [ -61.066964371184412, -12.878530309292991 ], [ -61.06875525532935, -12.878530309292991 ], [ -61.069214366487344, -12.878501823907545 ], [ -61.069214366487344, -12.878280310023939 ], [ -61.068964367009244, -12.878280310023939 ], [ -61.068964367009244, -12.878030310754889 ], [ -61.068464368053029, -12.878030310754889 ], [ -61.068464368053029, -12.877780311485838 ], [ -61.068214368574928, -12.877780311485838 ], [ -61.068214368574928, -12.877530312216788 ], [ -61.068464368053029, -12.877530312216788 ], [ -61.068464368053029, -12.877280312947736 ], [ -61.068714367531136, -12.877280312947736 ], [ -61.068714367531136, -12.876030316602481 ], [ -61.068464368053029, -12.876030316602481 ], [ -61.068464368053029, -12.875780317333431 ], [ -61.068214368574928, -12.875780317333431 ], [ -61.068214368574928, -12.875530318064381 ], [ -61.06746437014062, -12.875530318064381 ], [ -61.06746437014062, -12.87528031879533 ], [ -61.066214372750096, -12.87528031879533 ], [ -61.066214372750096, -12.875530318064381 ], [ -61.065714373793895, -12.875530318064381 ], [ -61.065714373793895, -12.87528031879533 ], [ -61.06496437535958, -12.87528031879533 ], [ -61.06496437535958, -12.875030319526278 ], [ -61.064464376403372, -12.875030319526278 ], [ -61.064464376403372, -12.874780320257228 ], [ -61.065964373271996, -12.874780320257228 ], [ -61.065964373271996, -12.875030319526278 ], [ -61.067214370662512, -12.875030319526278 ], [ -61.067214370662512, -12.874780320257228 ], [ -61.069464365965445, -12.874780320257228 ], [ -61.069464365965445, -12.874530320988177 ], [ -61.070964362834069, -12.874530320988177 ], [ -61.070964362834069, -12.874780320257228 ], [ -61.072214360224585, -12.874780320257228 ], [ -61.072214360224585, -12.876030316602481 ], [ -61.071214362312176, -12.876030316602481 ], [ -61.071214362312176, -12.876280315871533 ], [ -61.070964362834069, -12.876280315871533 ], [ -61.070964362834069, -12.876530315140585 ], [ -61.070714363355968, -12.876530315140585 ], [ -61.070714363355968, -12.877780311485838 ], [ -61.070964362834069, -12.877780311485838 ], [ -61.070964362834069, -12.878280310023939 ], [ -61.072784600627379, -12.878280310023939 ], [ -61.072863916667004, -12.878275388889 ], [ -61.072863893415622, -12.878280310023939 ], [ -61.072964358658901, -12.878280310023939 ], [ -61.072964358658901, -12.878030310754889 ], [ -61.073214358137001, -12.878030310754889 ], [ -61.073214358137001, -12.873280324642923 ], [ -61.072714359180793, -12.873280324642923 ], [ -61.072714359180793, -12.873530323911973 ], [ -61.072214360224585, -12.873530323911973 ], [ -61.072214360224585, -12.873280324642923 ], [ -61.071714361268377, -12.873280324642923 ], [ -61.071714361268377, -12.873780323181025 ] ], [ [ -61.066714371706304, -12.876530315140585 ], [ -61.066714371706304, -12.876280315871533 ], [ -61.066964371184412, -12.876280315871533 ], [ -61.066964371184412, -12.876530315140585 ], [ -61.066714371706304, -12.876530315140585 ] ], [ [ -61.067214370662512, -12.876780314409634 ], [ -61.067214370662512, -12.876530315140585 ], [ -61.06771436961872, -12.876530315140585 ], [ -61.06771436961872, -12.876780314409634 ], [ -61.067214370662512, -12.876780314409634 ] ], [ [ -61.071714361268377, -12.877280312947736 ], [ -61.071714361268377, -12.877030313678686 ], [ -61.071964360746485, -12.877030313678686 ], [ -61.071964360746485, -12.877280312947736 ], [ -61.071714361268377, -12.877280312947736 ] ] ], [ [ [ -61.071964360746485, -12.871280330490517 ], [ -61.071964360746485, -12.871530329759567 ], [ -61.072214360224585, -12.871530329759567 ], [ -61.072214360224585, -12.871280330490517 ], [ -61.071964360746485, -12.871280330490517 ] ] ], [ [ [ -61.069214366487344, -12.871530329759567 ], [ -61.069714365443552, -12.871530329759567 ], [ -61.069714365443552, -12.871280330490517 ], [ -61.069214366487344, -12.871280330490517 ], [ -61.069214366487344, -12.871530329759567 ] ] ], [ [ [ -61.065964373271996, -12.871530329759567 ], [ -61.066214372750096, -12.871530329759567 ], [ -61.066214372750096, -12.871280330490517 ], [ -61.065964373271996, -12.871280330490517 ], [ -61.065964373271996, -12.871530329759567 ] ] ], [ [ [ -61.063714377969063, -12.867280342185703 ], [ -61.063714377969063, -12.8662803451095 ], [ -61.063964377447164, -12.8662803451095 ], [ -61.063964377447164, -12.866030345840448 ], [ -61.064214376925271, -12.866030345840448 ], [ -61.064214376925271, -12.865280348033297 ], [ -61.063964377447164, -12.865280348033297 ], [ -61.063964377447164, -12.864030351688042 ], [ -61.064214376925271, -12.864030351688042 ], [ -61.064214376925271, -12.86353035314994 ], [ -61.063964377447164, -12.86353035314994 ], [ -61.063964377447164, -12.862280356804686 ], [ -61.064214376925271, -12.862280356804686 ], [ -61.064214376925271, -12.857030372154618 ], [ -61.064464376403372, -12.857030372154618 ], [ -61.064464376403372, -12.856780372885567 ], [ -61.063964377447164, -12.856780372885567 ], [ -61.063964377447164, -12.857030372154618 ], [ -61.063214379012855, -12.857030372154618 ], [ -61.063214379012855, -12.856780372885567 ], [ -61.063464378490956, -12.856780372885567 ], [ -61.063464378490956, -12.856530373616517 ], [ -61.063714377969063, -12.856530373616517 ], [ -61.063714377969063, -12.856280374347467 ], [ -61.063964377447164, -12.856280374347467 ], [ -61.063964377447164, -12.855780375809363 ], [ -61.064214376925271, -12.855780375809363 ], [ -61.064214376925271, -12.854280380195059 ], [ -61.064464376403372, -12.854280380195059 ], [ -61.064464376403372, -12.854030380926009 ], [ -61.064214376925271, -12.854030380926009 ], [ -61.064214376925271, -12.853530382387907 ], [ -61.064464376403372, -12.853530382387907 ], [ -61.064464376403372, -12.853280383118856 ], [ -61.064214376925271, -12.853280383118856 ], [ -61.064214376925271, -12.851030389697399 ], [ -61.063964377447164, -12.851030389697399 ], [ -61.063964377447164, -12.851280388966449 ], [ -61.063714377969063, -12.851280388966449 ], [ -61.063714377969063, -12.851530388235499 ], [ -61.063214379012855, -12.851530388235499 ], [ -61.063214379012855, -12.851280388966449 ], [ -61.062964379534748, -12.851280388966449 ], [ -61.062964379534748, -12.852530385311702 ], [ -61.063214379012855, -12.852530385311702 ], [ -61.063214379012855, -12.855280377271264 ], [ -61.062964379534748, -12.855280377271264 ], [ -61.062964379534748, -12.85728037142367 ], [ -61.063214379012855, -12.85728037142367 ], [ -61.063214379012855, -12.858530367768923 ], [ -61.062964379534748, -12.858530367768923 ], [ -61.062964379534748, -12.862030357535636 ], [ -61.063214379012855, -12.862030357535636 ], [ -61.063214379012855, -12.862280356804686 ], [ -61.062964379534748, -12.862280356804686 ], [ -61.062964379534748, -12.867780340723804 ], [ -61.063464378490956, -12.867780340723804 ], [ -61.063464378490956, -12.867280342185703 ], [ -61.063714377969063, -12.867280342185703 ] ], [ [ -61.063464378490956, -12.858530367768923 ], [ -61.063464378490956, -12.859030366307024 ], [ -61.063214379012855, -12.859030366307024 ], [ -61.063214379012855, -12.858530367768923 ], [ -61.063464378490956, -12.858530367768923 ] ], [ [ -61.063464378490956, -12.859530364845128 ], [ -61.063214379012855, -12.859530364845128 ], [ -61.063214379012855, -12.859280365576076 ], [ -61.063464378490956, -12.859280365576076 ], [ -61.063464378490956, -12.859530364845128 ] ] ], [ [ [ -61.063964377447164, -12.856530373616517 ], [ -61.064214376925271, -12.856530373616517 ], [ -61.064214376925271, -12.856280374347467 ], [ -61.063964377447164, -12.856280374347467 ], [ -61.063964377447164, -12.856530373616517 ] ] ], [ [ [ -61.064214376925271, -12.849780393352145 ], [ -61.064464376403372, -12.849780393352145 ], [ -61.064464376403372, -12.847280400661635 ], [ -61.064214376925271, -12.847280400661635 ], [ -61.064214376925271, -12.847030401392585 ], [ -61.063964377447164, -12.847030401392585 ], [ -61.063964377447164, -12.847280400661635 ], [ -61.063714377969063, -12.847280400661635 ], [ -61.063714377969063, -12.848030398468788 ], [ -61.063964377447164, -12.848030398468788 ], [ -61.063964377447164, -12.848280397737838 ], [ -61.063714377969063, -12.848280397737838 ], [ -61.063714377969063, -12.848780396275941 ], [ -61.063464378490956, -12.848780396275941 ], [ -61.063464378490956, -12.849030395544991 ], [ -61.062968345071738, -12.849030395544991 ], [ -61.062967549852587, -12.849280394814043 ], [ -61.063214379012855, -12.849280394814043 ], [ -61.063214379012855, -12.849780393352145 ], [ -61.063964377447164, -12.849780393352145 ], [ -61.063964377447164, -12.850780390428348 ], [ -61.064214376925271, -12.850780390428348 ], [ -61.064214376925271, -12.851030389697399 ], [ -61.064464376403372, -12.851030389697399 ], [ -61.064464376403372, -12.850530391159296 ], [ -61.064214376925271, -12.850530391159296 ], [ -61.064214376925271, -12.849780393352145 ] ] ], [ [ [ -61.063214379012855, -12.848280397737838 ], [ -61.063214379012855, -12.848780396275941 ], [ -61.063464378490956, -12.848780396275941 ], [ -61.063464378490956, -12.848280397737838 ], [ -61.063214379012855, -12.848280397737838 ] ] ], [ [ [ -61.064214376925271, -12.847030401392585 ], [ -61.064464376403372, -12.847030401392585 ], [ -61.064464376403372, -12.846780402123533 ], [ -61.064214376925271, -12.846780402123533 ], [ -61.064214376925271, -12.847030401392585 ] ] ], [ [ [ -61.063964377447164, -12.83978042259011 ], [ -61.063714377969063, -12.83978042259011 ], [ -61.063714377969063, -12.83953042332106 ], [ -61.063464378490956, -12.83953042332106 ], [ -61.063464378490956, -12.83928042405201 ], [ -61.063214379012855, -12.83928042405201 ], [ -61.063214379012855, -12.838530426244857 ], [ -61.063000654525624, -12.838530426244857 ], [ -61.062999361110997, -12.838951638889 ], [ -61.062992979233343, -12.841030418935365 ], [ -61.063214379012855, -12.841030418935365 ], [ -61.063214379012855, -12.842530414549669 ], [ -61.062988374230272, -12.842530414549669 ], [ -61.062975326721578, -12.846780402123533 ], [ -61.063214379012855, -12.846780402123533 ], [ -61.063214379012855, -12.847030401392585 ], [ -61.063714377969063, -12.847030401392585 ], [ -61.063714377969063, -12.846780402123533 ], [ -61.064214376925271, -12.846780402123533 ], [ -61.064214376925271, -12.846280403585432 ], [ -61.064464376403372, -12.846280403585432 ], [ -61.064464376403372, -12.840280421128213 ], [ -61.063964377447164, -12.840280421128213 ], [ -61.063964377447164, -12.83978042259011 ] ] ], [ [ [ -61.063964377447164, -12.838780425513907 ], [ -61.063964377447164, -12.839030424782958 ], [ -61.064214376925271, -12.839030424782958 ], [ -61.064214376925271, -12.838780425513907 ], [ -61.063964377447164, -12.838780425513907 ] ] ], [ [ [ -61.063964377447164, -12.834530437940042 ], [ -61.063464378490956, -12.834530437940042 ], [ -61.063464378490956, -12.834280438670993 ], [ -61.063013704931812, -12.834280438670993 ], [ -61.063005260551336, -12.837030430630552 ], [ -61.063214379012855, -12.837030430630552 ], [ -61.063214379012855, -12.837280429899602 ], [ -61.063964377447164, -12.837280429899602 ], [ -61.063964377447164, -12.838030427706755 ], [ -61.064214376925271, -12.838030427706755 ], [ -61.064214376925271, -12.838780425513907 ], [ -61.064464376403372, -12.838780425513907 ], [ -61.064464376403372, -12.834280438670993 ], [ -61.063964377447164, -12.834280438670993 ], [ -61.063964377447164, -12.834530437940042 ] ] ], [ [ [ -61.063964377447164, -12.83078044890428 ], [ -61.063024452325145, -12.83078044890428 ], [ -61.063021381641335, -12.831780445980485 ], [ -61.063214379012855, -12.831780445980485 ], [ -61.063214379012855, -12.832030445249535 ], [ -61.06302061397038, -12.832030445249535 ], [ -61.063015240273721, -12.833780440132891 ], [ -61.064464376403372, -12.833780440132891 ], [ -61.064464376403372, -12.833030442325738 ], [ -61.064214376925271, -12.833030442325738 ], [ -61.064214376925271, -12.832280444518585 ], [ -61.064464376403372, -12.832280444518585 ], [ -61.064464376403372, -12.831530446711433 ], [ -61.064214376925271, -12.831530446711433 ], [ -61.064214376925271, -12.831030448173331 ], [ -61.063964377447164, -12.831030448173331 ], [ -61.063964377447164, -12.83078044890428 ] ] ], [ [ [ -61.091464320038575, -12.83078044890428 ], [ -61.091464320038575, -12.83053044963523 ], [ -61.091214320560468, -12.83053044963523 ], [ -61.091214320560468, -12.830280450366178 ], [ -61.090964321082367, -12.830280450366178 ], [ -61.090964321082367, -12.83078044890428 ], [ -61.091464320038575, -12.83078044890428 ] ] ], [ [ [ -61.054714396757326, -12.830432981582041 ], [ -61.054714396757326, -12.830280450366178 ], [ -61.05371439884491, -12.830280450366178 ], [ -61.05371439884491, -12.830403303162086 ], [ -61.054434027778001, -12.830426055556 ], [ -61.054714396757326, -12.830432981582041 ] ] ], [ [ [ -61.049828723043909, -12.830280450366178 ], [ -61.051964402498186, -12.830280450366178 ], [ -61.051964402498186, -12.829780451828077 ], [ -61.048714409282837, -12.829780451828077 ], [ -61.048714409282837, -12.830245219284617 ], [ -61.049828723043909, -12.830280450366178 ] ] ], [ [ [ -61.045714415545596, -12.830030451097128 ], [ -61.045714415545596, -12.829780451828077 ], [ -61.045464416067489, -12.829780451828077 ], [ -61.045464416067489, -12.829530452559027 ], [ -61.045214416589388, -12.829530452559027 ], [ -61.045214416589388, -12.829780451828077 ], [ -61.044464418155073, -12.829780451828077 ], [ -61.044464418155073, -12.829530452559027 ], [ -61.044214418676972, -12.829530452559027 ], [ -61.044214418676972, -12.829780451828077 ], [ -61.043964419198872, -12.829780451828077 ], [ -61.043964419198872, -12.830030451097128 ], [ -61.045714415545596, -12.830030451097128 ] ] ], [ [ [ -61.091714319516676, -12.823530470101806 ], [ -61.092214318472884, -12.823530470101806 ], [ -61.092214318472884, -12.823030471563705 ], [ -61.091964318994783, -12.823030471563705 ], [ -61.091964318994783, -12.823280470832756 ], [ -61.091714319516676, -12.823280470832756 ], [ -61.091714319516676, -12.823530470101806 ] ] ], [ [ [ -61.066964371184412, -12.789030570972791 ], [ -61.066714371706304, -12.789030570972791 ], [ -61.066714371706304, -12.789280570241841 ], [ -61.066964371184412, -12.789280570241841 ], [ -61.066964371184412, -12.789530569510891 ], [ -61.067964369096828, -12.789530569510891 ], [ -61.067964369096828, -12.789030570972791 ], [ -61.068214368574928, -12.789030570972791 ], [ -61.068214368574928, -12.788780571703739 ], [ -61.068464368053029, -12.788780571703739 ], [ -61.068464368053029, -12.788530572434688 ], [ -61.068714367531136, -12.788530572434688 ], [ -61.068714367531136, -12.788280573165638 ], [ -61.068964367009244, -12.788280573165638 ], [ -61.068964367009244, -12.787280576089435 ], [ -61.068464368053029, -12.787280576089435 ], [ -61.068464368053029, -12.786780577551333 ], [ -61.068214368574928, -12.786780577551333 ], [ -61.068214368574928, -12.787780574627536 ], [ -61.06771436961872, -12.787780574627536 ], [ -61.06771436961872, -12.787280576089435 ], [ -61.067214370662512, -12.787280576089435 ], [ -61.067214370662512, -12.787780574627536 ], [ -61.066714371706304, -12.787780574627536 ], [ -61.066714371706304, -12.788280573165638 ], [ -61.066964371184412, -12.788280573165638 ], [ -61.066964371184412, -12.789030570972791 ] ] ], [ [ [ -61.065464374315788, -12.789530569510891 ], [ -61.065464374315788, -12.789280570241841 ], [ -61.065714373793895, -12.789280570241841 ], [ -61.065714373793895, -12.788780571703739 ], [ -61.06521437483768, -12.788780571703739 ], [ -61.06521437483768, -12.788280573165638 ], [ -61.064714375881479, -12.788280573165638 ], [ -61.064714375881479, -12.787780574627536 ], [ -61.065464374315788, -12.787780574627536 ], [ -61.065464374315788, -12.787280576089435 ], [ -61.065964373271996, -12.787280576089435 ], [ -61.065964373271996, -12.786780577551333 ], [ -61.063714377969063, -12.786780577551333 ], [ -61.063714377969063, -12.788280573165638 ], [ -61.063464378490956, -12.788280573165638 ], [ -61.063464378490956, -12.789030570972791 ], [ -61.063714377969063, -12.789030570972791 ], [ -61.063714377969063, -12.789280570241841 ], [ -61.064214376925271, -12.789280570241841 ], [ -61.064214376925271, -12.789530569510891 ], [ -61.065464374315788, -12.789530569510891 ] ] ], [ [ [ -61.064714375881479, -12.783530587053672 ], [ -61.06521437483768, -12.783530587053672 ], [ -61.06521437483768, -12.783280587784621 ], [ -61.064714375881479, -12.783280587784621 ], [ -61.064714375881479, -12.783530587053672 ] ] ], [ [ [ -61.066214372750096, -12.782030591439367 ], [ -61.065964373271996, -12.782030591439367 ], [ -61.065964373271996, -12.781780592170316 ], [ -61.065464374315788, -12.781780592170316 ], [ -61.065464374315788, -12.781030594363163 ], [ -61.064714375881479, -12.781030594363163 ], [ -61.064714375881479, -12.781280593632214 ], [ -61.064214376925271, -12.781280593632214 ], [ -61.064214376925271, -12.781530592901266 ], [ -61.063964377447164, -12.781530592901266 ], [ -61.063964377447164, -12.781780592170316 ], [ -61.063714377969063, -12.781780592170316 ], [ -61.063714377969063, -12.782030591439367 ], [ -61.063464378490956, -12.782030591439367 ], [ -61.063464378490956, -12.782280590708417 ], [ -61.063214379012855, -12.782280590708417 ], [ -61.063214379012855, -12.783030588515571 ], [ -61.064214376925271, -12.783030588515571 ], [ -61.064214376925271, -12.783280587784621 ], [ -61.064714375881479, -12.783280587784621 ], [ -61.064714375881479, -12.783030588515571 ], [ -61.06521437483768, -12.783030588515571 ], [ -61.06521437483768, -12.783280587784621 ], [ -61.065464374315788, -12.783280587784621 ], [ -61.065464374315788, -12.783530587053672 ], [ -61.066214372750096, -12.783530587053672 ], [ -61.066214372750096, -12.783280587784621 ], [ -61.066714371706304, -12.783280587784621 ], [ -61.066714371706304, -12.783030588515571 ], [ -61.066214372750096, -12.783030588515571 ], [ -61.066214372750096, -12.782030591439367 ] ], [ [ -61.064464376403372, -12.783030588515571 ], [ -61.064464376403372, -12.782780589246519 ], [ -61.064714375881479, -12.782780589246519 ], [ -61.064714375881479, -12.783030588515571 ], [ -61.064464376403372, -12.783030588515571 ] ], [ [ -61.064714375881479, -12.782280590708417 ], [ -61.064714375881479, -12.782030591439367 ], [ -61.06521437483768, -12.782030591439367 ], [ -61.06521437483768, -12.782280590708417 ], [ -61.064714375881479, -12.782280590708417 ] ], [ [ -61.065464374315788, -12.782780589246519 ], [ -61.065464374315788, -12.782280590708417 ], [ -61.065714373793895, -12.782280590708417 ], [ -61.065714373793895, -12.782780589246519 ], [ -61.065464374315788, -12.782780589246519 ] ] ], [ [ [ -61.050214406151461, -12.781530592901266 ], [ -61.050214406151461, -12.782280590708417 ], [ -61.050714405107669, -12.782280590708417 ], [ -61.050714405107669, -12.783030588515571 ], [ -61.051464403541978, -12.783030588515571 ], [ -61.051464403541978, -12.782280590708417 ], [ -61.051714403020085, -12.782280590708417 ], [ -61.051714403020085, -12.781530592901266 ], [ -61.051964402498186, -12.781530592901266 ], [ -61.051964402498186, -12.781280593632214 ], [ -61.052214401976293, -12.781280593632214 ], [ -61.052214401976293, -12.781030594363163 ], [ -61.052964400410602, -12.781030594363163 ], [ -61.052964400410602, -12.77978059801791 ], [ -61.051714403020085, -12.77978059801791 ], [ -61.051714403020085, -12.780280596556011 ], [ -61.051464403541978, -12.780280596556011 ], [ -61.051464403541978, -12.780530595825063 ], [ -61.051214404063877, -12.780530595825063 ], [ -61.051214404063877, -12.781030594363163 ], [ -61.05096440458577, -12.781030594363163 ], [ -61.05096440458577, -12.781530592901266 ], [ -61.050214406151461, -12.781530592901266 ] ] ], [ [ [ -61.049714407195253, -12.781530592901266 ], [ -61.049964406673354, -12.781530592901266 ], [ -61.049964406673354, -12.781280593632214 ], [ -61.049714407195253, -12.781280593632214 ], [ -61.049714407195253, -12.781530592901266 ] ] ], [ [ [ -61.049464407717153, -12.781280593632214 ], [ -61.049714407195253, -12.781280593632214 ], [ -61.049714407195253, -12.781030594363163 ], [ -61.049464407717153, -12.781030594363163 ], [ -61.049464407717153, -12.781280593632214 ] ] ], [ [ [ -61.065464374315788, -12.77978059801791 ], [ -61.065464374315788, -12.779530598748858 ], [ -61.064714375881479, -12.779530598748858 ], [ -61.064714375881479, -12.780530595825063 ], [ -61.06521437483768, -12.780530595825063 ], [ -61.06521437483768, -12.780780595094113 ], [ -61.065964373271996, -12.780780595094113 ], [ -61.065964373271996, -12.780280596556011 ], [ -61.065714373793895, -12.780280596556011 ], [ -61.065714373793895, -12.77978059801791 ], [ -61.065464374315788, -12.77978059801791 ] ] ], [ [ [ -61.067964369096828, -12.783030588515571 ], [ -61.066964371184412, -12.783030588515571 ], [ -61.066964371184412, -12.783280587784621 ], [ -61.066714371706304, -12.783280587784621 ], [ -61.066714371706304, -12.784280584860824 ], [ -61.066464372228204, -12.784280584860824 ], [ -61.066464372228204, -12.784530584129875 ], [ -61.066214372750096, -12.784530584129875 ], [ -61.066214372750096, -12.785530581206078 ], [ -61.066464372228204, -12.785530581206078 ], [ -61.066464372228204, -12.78578058047513 ], [ -61.066714371706304, -12.78578058047513 ], [ -61.066714371706304, -12.78603057974418 ], [ -61.06771436961872, -12.78603057974418 ], [ -61.06771436961872, -12.78578058047513 ], [ -61.067964369096828, -12.78578058047513 ], [ -61.067964369096828, -12.785530581206078 ], [ -61.068214368574928, -12.785530581206078 ], [ -61.068214368574928, -12.785280581937027 ], [ -61.068464368053029, -12.785280581937027 ], [ -61.068464368053029, -12.784780583398927 ], [ -61.068714367531136, -12.784780583398927 ], [ -61.068714367531136, -12.783280587784621 ], [ -61.068964367009244, -12.783280587784621 ], [ -61.068964367009244, -12.782780589246519 ], [ -61.068714367531136, -12.782780589246519 ], [ -61.068714367531136, -12.782030591439367 ], [ -61.068964367009244, -12.782030591439367 ], [ -61.068964367009244, -12.781780592170316 ], [ -61.068464368053029, -12.781780592170316 ], [ -61.068464368053029, -12.781530592901266 ], [ -61.068214368574928, -12.781530592901266 ], [ -61.068214368574928, -12.781030594363163 ], [ -61.068464368053029, -12.781030594363163 ], [ -61.068464368053029, -12.780280596556011 ], [ -61.068214368574928, -12.780280596556011 ], [ -61.068214368574928, -12.779530598748858 ], [ -61.068714367531136, -12.779530598748858 ], [ -61.068714367531136, -12.779280599479808 ], [ -61.068964367009244, -12.779280599479808 ], [ -61.068964367009244, -12.778530601672655 ], [ -61.068714367531136, -12.778530601672655 ], [ -61.068714367531136, -12.777280605327402 ], [ -61.068214368574928, -12.777280605327402 ], [ -61.068214368574928, -12.776780606789298 ], [ -61.06771436961872, -12.776780606789298 ], [ -61.06771436961872, -12.776530607520248 ], [ -61.067964369096828, -12.776530607520248 ], [ -61.067964369096828, -12.776030608982147 ], [ -61.067214370662512, -12.776030608982147 ], [ -61.067214370662512, -12.776280608251199 ], [ -61.066964371184412, -12.776280608251199 ], [ -61.066964371184412, -12.776780606789298 ], [ -61.066214372750096, -12.776780606789298 ], [ -61.066214372750096, -12.777280605327402 ], [ -61.06521437483768, -12.777280605327402 ], [ -61.06521437483768, -12.77703060605835 ], [ -61.065464374315788, -12.77703060605835 ], [ -61.065464374315788, -12.776780606789298 ], [ -61.065714373793895, -12.776780606789298 ], [ -61.065714373793895, -12.776530607520248 ], [ -61.066464372228204, -12.776530607520248 ], [ -61.066464372228204, -12.776280608251199 ], [ -61.066714371706304, -12.776280608251199 ], [ -61.066714371706304, -12.775780609713095 ], [ -61.066964371184412, -12.775780609713095 ], [ -61.066964371184412, -12.775530610444045 ], [ -61.06771436961872, -12.775530610444045 ], [ -61.06771436961872, -12.775280611174994 ], [ -61.066714371706304, -12.775280611174994 ], [ -61.066714371706304, -12.774530613367842 ], [ -61.066964371184412, -12.774530613367842 ], [ -61.066964371184412, -12.774030614829741 ], [ -61.066714371706304, -12.774030614829741 ], [ -61.066714371706304, -12.773780615560689 ], [ -61.066964371184412, -12.773780615560689 ], [ -61.066964371184412, -12.773280617022587 ], [ -61.068214368574928, -12.773280617022587 ], [ -61.068214368574928, -12.772780618484486 ], [ -61.067964369096828, -12.772780618484486 ], [ -61.067964369096828, -12.772280619946384 ], [ -61.067214370662512, -12.772280619946384 ], [ -61.067214370662512, -12.772030620677334 ], [ -61.066964371184412, -12.772030620677334 ], [ -61.066964371184412, -12.771780621408283 ], [ -61.066714371706304, -12.771780621408283 ], [ -61.066714371706304, -12.772030620677334 ], [ -61.066464372228204, -12.772030620677334 ], [ -61.066464372228204, -12.772280619946384 ], [ -61.066214372750096, -12.772280619946384 ], [ -61.066214372750096, -12.773030617753538 ], [ -61.065964373271996, -12.773030617753538 ], [ -61.065964373271996, -12.773280617022587 ], [ -61.065714373793895, -12.773280617022587 ], [ -61.065714373793895, -12.773780615560689 ], [ -61.065464374315788, -12.773780615560689 ], [ -61.065464374315788, -12.773530616291637 ], [ -61.06521437483768, -12.773530616291637 ], [ -61.06521437483768, -12.773780615560689 ], [ -61.064464376403372, -12.773780615560689 ], [ -61.064464376403372, -12.774030614829741 ], [ -61.063964377447164, -12.774030614829741 ], [ -61.063964377447164, -12.773280617022587 ], [ -61.06521437483768, -12.773280617022587 ], [ -61.06521437483768, -12.773030617753538 ], [ -61.065464374315788, -12.773030617753538 ], [ -61.065464374315788, -12.772780618484486 ], [ -61.065714373793895, -12.772780618484486 ], [ -61.065714373793895, -12.772280619946384 ], [ -61.065964373271996, -12.772280619946384 ], [ -61.065964373271996, -12.772030620677334 ], [ -61.066214372750096, -12.772030620677334 ], [ -61.066214372750096, -12.771780621408283 ], [ -61.065964373271996, -12.771780621408283 ], [ -61.065964373271996, -12.771530622139231 ], [ -61.064714375881479, -12.771530622139231 ], [ -61.064714375881479, -12.771780621408283 ], [ -61.064464376403372, -12.771780621408283 ], [ -61.064464376403372, -12.771530622139231 ], [ -61.063714377969063, -12.771530622139231 ], [ -61.063714377969063, -12.771780621408283 ], [ -61.063214379012855, -12.771780621408283 ], [ -61.063214379012855, -12.772030620677334 ], [ -61.062714380056647, -12.772030620677334 ], [ -61.062714380056647, -12.772280619946384 ], [ -61.062214381100439, -12.772280619946384 ], [ -61.062214381100439, -12.772780618484486 ], [ -61.061964381622339, -12.772780618484486 ], [ -61.061964381622339, -12.773280617022587 ], [ -61.062214381100439, -12.773280617022587 ], [ -61.062214381100439, -12.773530616291637 ], [ -61.062714380056647, -12.773530616291637 ], [ -61.062714380056647, -12.773780615560689 ], [ -61.062964379534748, -12.773780615560689 ], [ -61.062964379534748, -12.774030614829741 ], [ -61.063214379012855, -12.774030614829741 ], [ -61.063214379012855, -12.773780615560689 ], [ -61.063714377969063, -12.773780615560689 ], [ -61.063714377969063, -12.774280614098791 ], [ -61.063464378490956, -12.774280614098791 ], [ -61.063464378490956, -12.774780612636892 ], [ -61.063214379012855, -12.774780612636892 ], [ -61.063214379012855, -12.775280611174994 ], [ -61.062714380056647, -12.775280611174994 ], [ -61.062714380056647, -12.775530610444045 ], [ -61.062214381100439, -12.775530610444045 ], [ -61.062214381100439, -12.776030608982147 ], [ -61.061964381622339, -12.776030608982147 ], [ -61.061964381622339, -12.776280608251199 ], [ -61.063714377969063, -12.776280608251199 ], [ -61.063714377969063, -12.776030608982147 ], [ -61.064714375881479, -12.776030608982147 ], [ -61.064714375881479, -12.778530601672655 ], [ -61.065464374315788, -12.778530601672655 ], [ -61.065464374315788, -12.779030600210756 ], [ -61.065714373793895, -12.779030600210756 ], [ -61.065714373793895, -12.778280602403605 ], [ -61.065964373271996, -12.778280602403605 ], [ -61.065964373271996, -12.779030600210756 ], [ -61.066214372750096, -12.779030600210756 ], [ -61.066214372750096, -12.779280599479808 ], [ -61.066464372228204, -12.779280599479808 ], [ -61.066464372228204, -12.779530598748858 ], [ -61.066714371706304, -12.779530598748858 ], [ -61.066714371706304, -12.779030600210756 ], [ -61.06771436961872, -12.779030600210756 ], [ -61.06771436961872, -12.779530598748858 ], [ -61.067964369096828, -12.779530598748858 ], [ -61.067964369096828, -12.77978059801791 ], [ -61.06771436961872, -12.77978059801791 ], [ -61.06771436961872, -12.780280596556011 ], [ -61.066714371706304, -12.780280596556011 ], [ -61.066714371706304, -12.781030594363163 ], [ -61.066964371184412, -12.781030594363163 ], [ -61.066964371184412, -12.782030591439367 ], [ -61.067964369096828, -12.782030591439367 ], [ -61.067964369096828, -12.781780592170316 ], [ -61.068214368574928, -12.781780592170316 ], [ -61.068214368574928, -12.782780589246519 ], [ -61.067964369096828, -12.782780589246519 ], [ -61.067964369096828, -12.783030588515571 ] ], [ [ -61.067964369096828, -12.780280596556011 ], [ -61.067964369096828, -12.780530595825063 ], [ -61.06771436961872, -12.780530595825063 ], [ -61.06771436961872, -12.780280596556011 ], [ -61.067964369096828, -12.780280596556011 ] ] ], [ [ [ -61.057714390494574, -12.776530607520248 ], [ -61.057964389972675, -12.776530607520248 ], [ -61.057964389972675, -12.776280608251199 ], [ -61.057714390494574, -12.776280608251199 ], [ -61.057714390494574, -12.776530607520248 ] ] ], [ [ [ -61.048464409804737, -12.776780606789298 ], [ -61.048464409804737, -12.776280608251199 ], [ -61.048964408760945, -12.776280608251199 ], [ -61.048964408760945, -12.776030608982147 ], [ -61.049214408239045, -12.776030608982147 ], [ -61.049214408239045, -12.775780609713095 ], [ -61.048964408760945, -12.775780609713095 ], [ -61.048964408760945, -12.775530610444045 ], [ -61.048464409804737, -12.775530610444045 ], [ -61.048464409804737, -12.775280611174994 ], [ -61.047964410848529, -12.775280611174994 ], [ -61.047964410848529, -12.775530610444045 ], [ -61.047714411370421, -12.775530610444045 ], [ -61.047714411370421, -12.775780609713095 ], [ -61.04721441241422, -12.775780609713095 ], [ -61.04721441241422, -12.776280608251199 ], [ -61.047714411370421, -12.776280608251199 ], [ -61.047714411370421, -12.776780606789298 ], [ -61.048464409804737, -12.776780606789298 ] ] ], [ [ [ -61.061714382144231, -12.776030608982147 ], [ -61.061964381622339, -12.776030608982147 ], [ -61.061964381622339, -12.775780609713095 ], [ -61.061714382144231, -12.775780609713095 ], [ -61.061714382144231, -12.776030608982147 ] ] ], [ [ [ -61.068964367009244, -12.774780612636892 ], [ -61.069214366487344, -12.774780612636892 ], [ -61.069214366487344, -12.774030614829741 ], [ -61.068964367009244, -12.774030614829741 ], [ -61.068964367009244, -12.774280614098791 ], [ -61.068714367531136, -12.774280614098791 ], [ -61.068714367531136, -12.774530613367842 ], [ -61.068464368053029, -12.774530613367842 ], [ -61.068464368053029, -12.774780612636892 ], [ -61.068214368574928, -12.774780612636892 ], [ -61.068214368574928, -12.775780609713095 ], [ -61.068964367009244, -12.775780609713095 ], [ -61.068964367009244, -12.774780612636892 ] ] ], [ [ [ -61.062964379534748, -12.774280614098791 ], [ -61.062964379534748, -12.774530613367842 ], [ -61.063214379012855, -12.774530613367842 ], [ -61.063214379012855, -12.774280614098791 ], [ -61.062964379534748, -12.774280614098791 ] ] ], [ [ [ -61.046964412936113, -12.774780612636892 ], [ -61.04721441241422, -12.774780612636892 ], [ -61.04721441241422, -12.774530613367842 ], [ -61.047964410848529, -12.774530613367842 ], [ -61.047964410848529, -12.773530616291637 ], [ -61.047714411370421, -12.773530616291637 ], [ -61.047714411370421, -12.773780615560689 ], [ -61.04721441241422, -12.773780615560689 ], [ -61.04721441241422, -12.773530616291637 ], [ -61.046964412936113, -12.773530616291637 ], [ -61.046964412936113, -12.774030614829741 ], [ -61.046714413458005, -12.774030614829741 ], [ -61.046714413458005, -12.774530613367842 ], [ -61.046964412936113, -12.774530613367842 ], [ -61.046964412936113, -12.774780612636892 ] ] ], [ [ [ -61.061964381622339, -12.770530625063028 ], [ -61.062214381100439, -12.770530625063028 ], [ -61.062214381100439, -12.77103062360113 ], [ -61.062714380056647, -12.77103062360113 ], [ -61.062714380056647, -12.77078062433208 ], [ -61.062964379534748, -12.77078062433208 ], [ -61.062964379534748, -12.770530625063028 ], [ -61.062714380056647, -12.770530625063028 ], [ -61.062714380056647, -12.769780627255876 ], [ -61.062964379534748, -12.769780627255876 ], [ -61.062964379534748, -12.770280625793978 ], [ -61.063464378490956, -12.770280625793978 ], [ -61.063464378490956, -12.770530625063028 ], [ -61.063714377969063, -12.770530625063028 ], [ -61.063714377969063, -12.77078062433208 ], [ -61.064464376403372, -12.77078062433208 ], [ -61.064464376403372, -12.77103062360113 ], [ -61.064714375881479, -12.77103062360113 ], [ -61.064714375881479, -12.77078062433208 ], [ -61.06521437483768, -12.77078062433208 ], [ -61.06521437483768, -12.770530625063028 ], [ -61.065464374315788, -12.770530625063028 ], [ -61.065464374315788, -12.770280625793978 ], [ -61.065714373793895, -12.770280625793978 ], [ -61.065714373793895, -12.769780627255876 ], [ -61.065964373271996, -12.769780627255876 ], [ -61.065964373271996, -12.77103062360113 ], [ -61.066964371184412, -12.77103062360113 ], [ -61.066964371184412, -12.771280622870181 ], [ -61.067214370662512, -12.771280622870181 ], [ -61.067214370662512, -12.771530622139231 ], [ -61.06771436961872, -12.771530622139231 ], [ -61.06771436961872, -12.77103062360113 ], [ -61.067214370662512, -12.77103062360113 ], [ -61.067214370662512, -12.77078062433208 ], [ -61.066964371184412, -12.77078062433208 ], [ -61.066964371184412, -12.769780627255876 ], [ -61.066464372228204, -12.769780627255876 ], [ -61.066464372228204, -12.769530627986825 ], [ -61.066214372750096, -12.769530627986825 ], [ -61.066214372750096, -12.768780630179673 ], [ -61.065964373271996, -12.768780630179673 ], [ -61.065964373271996, -12.769030629448723 ], [ -61.065714373793895, -12.769030629448723 ], [ -61.065714373793895, -12.76828063164157 ], [ -61.06521437483768, -12.76828063164157 ], [ -61.06521437483768, -12.768530630910622 ], [ -61.064714375881479, -12.768530630910622 ], [ -61.064714375881479, -12.76828063164157 ], [ -61.064464376403372, -12.76828063164157 ], [ -61.064464376403372, -12.76778063310347 ], [ -61.064214376925271, -12.76778063310347 ], [ -61.064214376925271, -12.767280634565367 ], [ -61.063964377447164, -12.767280634565367 ], [ -61.063964377447164, -12.766780636027265 ], [ -61.063464378490956, -12.766780636027265 ], [ -61.063464378490956, -12.767030635296317 ], [ -61.063214379012855, -12.767030635296317 ], [ -61.063214379012855, -12.767280634565367 ], [ -61.062964379534748, -12.767280634565367 ], [ -61.062964379534748, -12.76778063310347 ], [ -61.062714380056647, -12.76778063310347 ], [ -61.062714380056647, -12.76803063237252 ], [ -61.062214381100439, -12.76803063237252 ], [ -61.062214381100439, -12.76828063164157 ], [ -61.062714380056647, -12.76828063164157 ], [ -61.062714380056647, -12.768780630179673 ], [ -61.061714382144231, -12.768780630179673 ], [ -61.061714382144231, -12.76828063164157 ], [ -61.061964381622339, -12.76828063164157 ], [ -61.061964381622339, -12.767030635296317 ], [ -61.061714382144231, -12.767030635296317 ], [ -61.061714382144231, -12.766280637489164 ], [ -61.061464382666131, -12.766280637489164 ], [ -61.061464382666131, -12.766030638220114 ], [ -61.060714384231815, -12.766030638220114 ], [ -61.060714384231815, -12.766280637489164 ], [ -61.060464384753715, -12.766280637489164 ], [ -61.060464384753715, -12.765780638951062 ], [ -61.060714384231815, -12.765780638951062 ], [ -61.060714384231815, -12.765530639682012 ], [ -61.060964383709923, -12.765530639682012 ], [ -61.060964383709923, -12.765280640412961 ], [ -61.060714384231815, -12.765280640412961 ], [ -61.060714384231815, -12.764530642605809 ], [ -61.060464384753715, -12.764530642605809 ], [ -61.060464384753715, -12.764280643336757 ], [ -61.059464386841299, -12.764280643336757 ], [ -61.059464386841299, -12.764030644067706 ], [ -61.05871438840699, -12.764030644067706 ], [ -61.05871438840699, -12.764280643336757 ], [ -61.058464388928883, -12.764280643336757 ], [ -61.058464388928883, -12.764530642605809 ], [ -61.057214391538366, -12.764530642605809 ], [ -61.057214391538366, -12.764780641874859 ], [ -61.056964392060259, -12.764780641874859 ], [ -61.056964392060259, -12.765280640412961 ], [ -61.056714392582158, -12.765280640412961 ], [ -61.056714392582158, -12.766030638220114 ], [ -61.05621439362595, -12.766030638220114 ], [ -61.05621439362595, -12.766280637489164 ], [ -61.05596439414785, -12.766280637489164 ], [ -61.05596439414785, -12.766530636758215 ], [ -61.055714394669742, -12.766530636758215 ], [ -61.055714394669742, -12.767280634565367 ], [ -61.055464395191642, -12.767280634565367 ], [ -61.055464395191642, -12.76778063310347 ], [ -61.054464397279226, -12.76778063310347 ], [ -61.054464397279226, -12.767280634565367 ], [ -61.054214397801118, -12.767280634565367 ], [ -61.054214397801118, -12.767030635296317 ], [ -61.053214399888702, -12.767030635296317 ], [ -61.053214399888702, -12.767280634565367 ], [ -61.052214401976293, -12.767280634565367 ], [ -61.052214401976293, -12.76778063310347 ], [ -61.051464403541978, -12.76778063310347 ], [ -61.051464403541978, -12.76803063237252 ], [ -61.051214404063877, -12.76803063237252 ], [ -61.051214404063877, -12.76828063164157 ], [ -61.05096440458577, -12.76828063164157 ], [ -61.05096440458577, -12.76803063237252 ], [ -61.049464407717153, -12.76803063237252 ], [ -61.049464407717153, -12.76828063164157 ], [ -61.048714409282837, -12.76828063164157 ], [ -61.048714409282837, -12.768530630910622 ], [ -61.048464409804737, -12.768530630910622 ], [ -61.048464409804737, -12.768780630179673 ], [ -61.048214410326629, -12.768780630179673 ], [ -61.048214410326629, -12.769280628717773 ], [ -61.04721441241422, -12.769280628717773 ], [ -61.04721441241422, -12.770280625793978 ], [ -61.046964412936113, -12.770280625793978 ], [ -61.046964412936113, -12.770530625063028 ], [ -61.046464413979905, -12.770530625063028 ], [ -61.046464413979905, -12.769030629448723 ], [ -61.046714413458005, -12.769030629448723 ], [ -61.046714413458005, -12.768780630179673 ], [ -61.046964412936113, -12.768780630179673 ], [ -61.046964412936113, -12.76803063237252 ], [ -61.046214414501804, -12.76803063237252 ], [ -61.046214414501804, -12.76778063310347 ], [ -61.045964415023697, -12.76778063310347 ], [ -61.045964415023697, -12.76828063164157 ], [ -61.045214416589388, -12.76828063164157 ], [ -61.045214416589388, -12.76778063310347 ], [ -61.044464418155073, -12.76778063310347 ], [ -61.044464418155073, -12.76803063237252 ], [ -61.043714419720764, -12.76803063237252 ], [ -61.043714419720764, -12.76828063164157 ], [ -61.042714421808348, -12.76828063164157 ], [ -61.042714421808348, -12.768530630910622 ], [ -61.04221442285214, -12.768530630910622 ], [ -61.04221442285214, -12.769030629448723 ], [ -61.042714421808348, -12.769030629448723 ], [ -61.042714421808348, -12.769280628717773 ], [ -61.04221442285214, -12.769280628717773 ], [ -61.04221442285214, -12.770280625793978 ], [ -61.041714423895932, -12.770280625793978 ], [ -61.041714423895932, -12.769530627986825 ], [ -61.040964425461624, -12.769530627986825 ], [ -61.040964425461624, -12.769780627255876 ], [ -61.040214427027315, -12.769780627255876 ], [ -61.040214427027315, -12.770280625793978 ], [ -61.040464426505416, -12.770280625793978 ], [ -61.040464426505416, -12.770530625063028 ], [ -61.040964425461624, -12.770530625063028 ], [ -61.040964425461624, -12.77078062433208 ], [ -61.041714423895932, -12.77078062433208 ], [ -61.041714423895932, -12.770530625063028 ], [ -61.04221442285214, -12.770530625063028 ], [ -61.04221442285214, -12.77078062433208 ], [ -61.042964421286456, -12.77078062433208 ], [ -61.042964421286456, -12.77103062360113 ], [ -61.043214420764556, -12.77103062360113 ], [ -61.043214420764556, -12.771280622870181 ], [ -61.043464420242657, -12.771280622870181 ], [ -61.043464420242657, -12.77103062360113 ], [ -61.043714419720764, -12.77103062360113 ], [ -61.043714419720764, -12.77078062433208 ], [ -61.044464418155073, -12.77078062433208 ], [ -61.044464418155073, -12.77103062360113 ], [ -61.044214418676972, -12.77103062360113 ], [ -61.044214418676972, -12.771280622870181 ], [ -61.043964419198872, -12.771280622870181 ], [ -61.043964419198872, -12.771530622139231 ], [ -61.044214418676972, -12.771530622139231 ], [ -61.044214418676972, -12.771780621408283 ], [ -61.04471441763318, -12.771780621408283 ], [ -61.04471441763318, -12.772030620677334 ], [ -61.045964415023697, -12.772030620677334 ], [ -61.045964415023697, -12.771530622139231 ], [ -61.046464413979905, -12.771530622139231 ], [ -61.046464413979905, -12.771780621408283 ], [ -61.046214414501804, -12.771780621408283 ], [ -61.046214414501804, -12.772030620677334 ], [ -61.04721441241422, -12.772030620677334 ], [ -61.04721441241422, -12.771780621408283 ], [ -61.047964410848529, -12.771780621408283 ], [ -61.047964410848529, -12.772030620677334 ], [ -61.048214410326629, -12.772030620677334 ], [ -61.048214410326629, -12.771780621408283 ], [ -61.048464409804737, -12.771780621408283 ], [ -61.048464409804737, -12.771280622870181 ], [ -61.048964408760945, -12.771280622870181 ], [ -61.048964408760945, -12.771780621408283 ], [ -61.049214408239045, -12.771780621408283 ], [ -61.049214408239045, -12.772280619946384 ], [ -61.048464409804737, -12.772280619946384 ], [ -61.048464409804737, -12.772780618484486 ], [ -61.048214410326629, -12.772780618484486 ], [ -61.048214410326629, -12.773030617753538 ], [ -61.048464409804737, -12.773030617753538 ], [ -61.048464409804737, -12.773530616291637 ], [ -61.048714409282837, -12.773530616291637 ], [ -61.048714409282837, -12.774530613367842 ], [ -61.048964408760945, -12.774530613367842 ], [ -61.048964408760945, -12.774780612636892 ], [ -61.049464407717153, -12.774780612636892 ], [ -61.049464407717153, -12.775280611174994 ], [ -61.049714407195253, -12.775280611174994 ], [ -61.049714407195253, -12.775780609713095 ], [ -61.050214406151461, -12.775780609713095 ], [ -61.050214406151461, -12.776030608982147 ], [ -61.050464405629562, -12.776030608982147 ], [ -61.050464405629562, -12.776280608251199 ], [ -61.049214408239045, -12.776280608251199 ], [ -61.049214408239045, -12.776780606789298 ], [ -61.048964408760945, -12.776780606789298 ], [ -61.048964408760945, -12.777280605327402 ], [ -61.048714409282837, -12.777280605327402 ], [ -61.048714409282837, -12.777780603865503 ], [ -61.048214410326629, -12.777780603865503 ], [ -61.048214410326629, -12.778280602403605 ], [ -61.047714411370421, -12.778280602403605 ], [ -61.047714411370421, -12.778780600941706 ], [ -61.047964410848529, -12.778780600941706 ], [ -61.047964410848529, -12.779280599479808 ], [ -61.048214410326629, -12.779280599479808 ], [ -61.048214410326629, -12.779530598748858 ], [ -61.048714409282837, -12.779530598748858 ], [ -61.048714409282837, -12.779280599479808 ], [ -61.049214408239045, -12.779280599479808 ], [ -61.049214408239045, -12.77978059801791 ], [ -61.048964408760945, -12.77978059801791 ], [ -61.048964408760945, -12.780530595825063 ], [ -61.049214408239045, -12.780530595825063 ], [ -61.049214408239045, -12.780780595094113 ], [ -61.050214406151461, -12.780780595094113 ], [ -61.050214406151461, -12.781030594363163 ], [ -61.050714405107669, -12.781030594363163 ], [ -61.050714405107669, -12.780780595094113 ], [ -61.05096440458577, -12.780780595094113 ], [ -61.05096440458577, -12.780530595825063 ], [ -61.050714405107669, -12.780530595825063 ], [ -61.050714405107669, -12.779530598748858 ], [ -61.051214404063877, -12.779530598748858 ], [ -61.051214404063877, -12.779280599479808 ], [ -61.052214401976293, -12.779280599479808 ], [ -61.052214401976293, -12.778530601672655 ], [ -61.051964402498186, -12.778530601672655 ], [ -61.051964402498186, -12.778780600941706 ], [ -61.051714403020085, -12.778780600941706 ], [ -61.051714403020085, -12.778530601672655 ], [ -61.051464403541978, -12.778530601672655 ], [ -61.051464403541978, -12.778280602403605 ], [ -61.051214404063877, -12.778280602403605 ], [ -61.051214404063877, -12.778030603134553 ], [ -61.05096440458577, -12.778030603134553 ], [ -61.05096440458577, -12.777280605327402 ], [ -61.050714405107669, -12.777280605327402 ], [ -61.050714405107669, -12.776280608251199 ], [ -61.05096440458577, -12.776280608251199 ], [ -61.05096440458577, -12.776530607520248 ], [ -61.051464403541978, -12.776530607520248 ], [ -61.051464403541978, -12.777280605327402 ], [ -61.052214401976293, -12.777280605327402 ], [ -61.052214401976293, -12.776780606789298 ], [ -61.051714403020085, -12.776780606789298 ], [ -61.051714403020085, -12.776530607520248 ], [ -61.052214401976293, -12.776530607520248 ], [ -61.052214401976293, -12.776030608982147 ], [ -61.052714400932501, -12.776030608982147 ], [ -61.052714400932501, -12.775280611174994 ], [ -61.053214399888702, -12.775280611174994 ], [ -61.053214399888702, -12.774780612636892 ], [ -61.05346439936681, -12.774780612636892 ], [ -61.05346439936681, -12.774280614098791 ], [ -61.05371439884491, -12.774280614098791 ], [ -61.05371439884491, -12.773780615560689 ], [ -61.053964398323018, -12.773780615560689 ], [ -61.053964398323018, -12.772780618484486 ], [ -61.054214397801118, -12.772780618484486 ], [ -61.054214397801118, -12.772280619946384 ], [ -61.055714394669742, -12.772280619946384 ], [ -61.055714394669742, -12.772780618484486 ], [ -61.058964387885091, -12.772780618484486 ], [ -61.058964387885091, -12.773780615560689 ], [ -61.05871438840699, -12.773780615560689 ], [ -61.05871438840699, -12.775780609713095 ], [ -61.058464388928883, -12.775780609713095 ], [ -61.058464388928883, -12.776280608251199 ], [ -61.058214389450782, -12.776280608251199 ], [ -61.058214389450782, -12.777780603865503 ], [ -61.05871438840699, -12.777780603865503 ], [ -61.05871438840699, -12.777280605327402 ], [ -61.058964387885091, -12.777280605327402 ], [ -61.058964387885091, -12.77703060605835 ], [ -61.059214387363198, -12.77703060605835 ], [ -61.059214387363198, -12.776780606789298 ], [ -61.059714386319399, -12.776780606789298 ], [ -61.059714386319399, -12.776530607520248 ], [ -61.060214385275607, -12.776530607520248 ], [ -61.060214385275607, -12.776280608251199 ], [ -61.060464384753715, -12.776280608251199 ], [ -61.060464384753715, -12.776030608982147 ], [ -61.060964383709923, -12.776030608982147 ], [ -61.060964383709923, -12.774530613367842 ], [ -61.060714384231815, -12.774530613367842 ], [ -61.060714384231815, -12.774280614098791 ], [ -61.060464384753715, -12.774280614098791 ], [ -61.060464384753715, -12.774530613367842 ], [ -61.058964387885091, -12.774530613367842 ], [ -61.058964387885091, -12.774030614829741 ], [ -61.059464386841299, -12.774030614829741 ], [ -61.059464386841299, -12.774280614098791 ], [ -61.060214385275607, -12.774280614098791 ], [ -61.060214385275607, -12.774030614829741 ], [ -61.060464384753715, -12.774030614829741 ], [ -61.060464384753715, -12.773780615560689 ], [ -61.060714384231815, -12.773780615560689 ], [ -61.060714384231815, -12.773280617022587 ], [ -61.060464384753715, -12.773280617022587 ], [ -61.060464384753715, -12.772280619946384 ], [ -61.060214385275607, -12.772280619946384 ], [ -61.060214385275607, -12.772030620677334 ], [ -61.060964383709923, -12.772030620677334 ], [ -61.060964383709923, -12.772280619946384 ], [ -61.061214383188023, -12.772280619946384 ], [ -61.061214383188023, -12.772030620677334 ], [ -61.061464382666131, -12.772030620677334 ], [ -61.061464382666131, -12.771780621408283 ], [ -61.061714382144231, -12.771780621408283 ], [ -61.061714382144231, -12.77103062360113 ], [ -61.061964381622339, -12.77103062360113 ], [ -61.061964381622339, -12.770530625063028 ] ], [ [ -61.048464409804737, -12.769280628717773 ], [ -61.048464409804737, -12.769530627986825 ], [ -61.048714409282837, -12.769530627986825 ], [ -61.048714409282837, -12.770530625063028 ], [ -61.048964408760945, -12.770530625063028 ], [ -61.048964408760945, -12.77078062433208 ], [ -61.048714409282837, -12.77078062433208 ], [ -61.048714409282837, -12.77103062360113 ], [ -61.048464409804737, -12.77103062360113 ], [ -61.048464409804737, -12.770530625063028 ], [ -61.048214410326629, -12.770530625063028 ], [ -61.048214410326629, -12.770280625793978 ], [ -61.047714411370421, -12.770280625793978 ], [ -61.047714411370421, -12.769780627255876 ], [ -61.047964410848529, -12.769780627255876 ], [ -61.047964410848529, -12.769530627986825 ], [ -61.048214410326629, -12.769530627986825 ], [ -61.048214410326629, -12.769280628717773 ], [ -61.048464409804737, -12.769280628717773 ] ], [ [ -61.044464418155073, -12.770530625063028 ], [ -61.04471441763318, -12.770530625063028 ], [ -61.04471441763318, -12.77078062433208 ], [ -61.044464418155073, -12.77078062433208 ], [ -61.044464418155073, -12.770530625063028 ] ], [ [ -61.050464405629562, -12.779530598748858 ], [ -61.050464405629562, -12.779030600210756 ], [ -61.050714405107669, -12.779030600210756 ], [ -61.050714405107669, -12.779530598748858 ], [ -61.050464405629562, -12.779530598748858 ] ], [ [ -61.05096440458577, -12.779280599479808 ], [ -61.05096440458577, -12.779030600210756 ], [ -61.051214404063877, -12.779030600210756 ], [ -61.051214404063877, -12.779280599479808 ], [ -61.05096440458577, -12.779280599479808 ] ], [ [ -61.059464386841299, -12.772030620677334 ], [ -61.059464386841299, -12.771280622870181 ], [ -61.060214385275607, -12.771280622870181 ], [ -61.060214385275607, -12.772030620677334 ], [ -61.059464386841299, -12.772030620677334 ] ], [ [ -61.059214387363198, -12.765280640412961 ], [ -61.059214387363198, -12.766030638220114 ], [ -61.058464388928883, -12.766030638220114 ], [ -61.058464388928883, -12.765780638951062 ], [ -61.058214389450782, -12.765780638951062 ], [ -61.058214389450782, -12.766530636758215 ], [ -61.058464388928883, -12.766530636758215 ], [ -61.058464388928883, -12.767030635296317 ], [ -61.058214389450782, -12.767030635296317 ], [ -61.058214389450782, -12.76778063310347 ], [ -61.057714390494574, -12.76778063310347 ], [ -61.057714390494574, -12.766780636027265 ], [ -61.057964389972675, -12.766780636027265 ], [ -61.057964389972675, -12.766030638220114 ], [ -61.057714390494574, -12.766030638220114 ], [ -61.057714390494574, -12.765780638951062 ], [ -61.057214391538366, -12.765780638951062 ], [ -61.057214391538366, -12.765530639682012 ], [ -61.057964389972675, -12.765530639682012 ], [ -61.057964389972675, -12.765280640412961 ], [ -61.059214387363198, -12.765280640412961 ] ], [ [ -61.057714390494574, -12.76803063237252 ], [ -61.057214391538366, -12.76803063237252 ], [ -61.057214391538366, -12.76778063310347 ], [ -61.057714390494574, -12.76778063310347 ], [ -61.057714390494574, -12.76803063237252 ] ], [ [ -61.05871438840699, -12.767030635296317 ], [ -61.05871438840699, -12.766780636027265 ], [ -61.059214387363198, -12.766780636027265 ], [ -61.059214387363198, -12.767280634565367 ], [ -61.058964387885091, -12.767280634565367 ], [ -61.058964387885091, -12.767030635296317 ], [ -61.05871438840699, -12.767030635296317 ] ], [ [ -61.05621439362595, -12.76828063164157 ], [ -61.05621439362595, -12.768780630179673 ], [ -61.056464393104051, -12.768780630179673 ], [ -61.056464393104051, -12.769280628717773 ], [ -61.055714394669742, -12.769280628717773 ], [ -61.055714394669742, -12.769530627986825 ], [ -61.055464395191642, -12.769530627986825 ], [ -61.055464395191642, -12.769030629448723 ], [ -61.055714394669742, -12.769030629448723 ], [ -61.055714394669742, -12.76828063164157 ], [ -61.05621439362595, -12.76828063164157 ] ], [ [ -61.052714400932501, -12.76828063164157 ], [ -61.052714400932501, -12.768530630910622 ], [ -61.052214401976293, -12.768530630910622 ], [ -61.052214401976293, -12.76828063164157 ], [ -61.052714400932501, -12.76828063164157 ] ], [ [ -61.052964400410602, -12.768530630910622 ], [ -61.052964400410602, -12.768780630179673 ], [ -61.052714400932501, -12.768780630179673 ], [ -61.052714400932501, -12.768530630910622 ], [ -61.052964400410602, -12.768530630910622 ] ], [ [ -61.052214401976293, -12.768780630179673 ], [ -61.051964402498186, -12.768780630179673 ], [ -61.051964402498186, -12.768530630910622 ], [ -61.052214401976293, -12.768530630910622 ], [ -61.052214401976293, -12.768780630179673 ] ], [ [ -61.045214416589388, -12.768780630179673 ], [ -61.045214416589388, -12.768530630910622 ], [ -61.045714415545596, -12.768530630910622 ], [ -61.045714415545596, -12.769030629448723 ], [ -61.045464416067489, -12.769030629448723 ], [ -61.045464416067489, -12.768780630179673 ], [ -61.045214416589388, -12.768780630179673 ] ], [ [ -61.063964377447164, -12.769030629448723 ], [ -61.063964377447164, -12.768780630179673 ], [ -61.064464376403372, -12.768780630179673 ], [ -61.064464376403372, -12.769030629448723 ], [ -61.063964377447164, -12.769030629448723 ] ], [ [ -61.049214408239045, -12.769030629448723 ], [ -61.049214408239045, -12.768780630179673 ], [ -61.049464407717153, -12.768780630179673 ], [ -61.049464407717153, -12.769030629448723 ], [ -61.049214408239045, -12.769030629448723 ] ], [ [ -61.043464420242657, -12.769280628717773 ], [ -61.043464420242657, -12.769530627986825 ], [ -61.043214420764556, -12.769530627986825 ], [ -61.043214420764556, -12.769280628717773 ], [ -61.042964421286456, -12.769280628717773 ], [ -61.042964421286456, -12.769030629448723 ], [ -61.043964419198872, -12.769030629448723 ], [ -61.043964419198872, -12.769280628717773 ], [ -61.043464420242657, -12.769280628717773 ] ], [ [ -61.053964398323018, -12.769780627255876 ], [ -61.053964398323018, -12.769280628717773 ], [ -61.054214397801118, -12.769280628717773 ], [ -61.054214397801118, -12.769780627255876 ], [ -61.053964398323018, -12.769780627255876 ] ], [ [ -61.057214391538366, -12.77103062360113 ], [ -61.057214391538366, -12.77078062433208 ], [ -61.056964392060259, -12.77078062433208 ], [ -61.056964392060259, -12.770280625793978 ], [ -61.057214391538366, -12.770280625793978 ], [ -61.057214391538366, -12.770030626524926 ], [ -61.057464391016467, -12.770030626524926 ], [ -61.057464391016467, -12.769780627255876 ], [ -61.057714390494574, -12.769780627255876 ], [ -61.057714390494574, -12.769530627986825 ], [ -61.05871438840699, -12.769530627986825 ], [ -61.05871438840699, -12.769780627255876 ], [ -61.058464388928883, -12.769780627255876 ], [ -61.058464388928883, -12.770030626524926 ], [ -61.058214389450782, -12.770030626524926 ], [ -61.058214389450782, -12.771530622139231 ], [ -61.057714390494574, -12.771530622139231 ], [ -61.057714390494574, -12.771280622870181 ], [ -61.057464391016467, -12.771280622870181 ], [ -61.057464391016467, -12.77103062360113 ], [ -61.057214391538366, -12.77103062360113 ] ], [ [ -61.051214404063877, -12.770530625063028 ], [ -61.051214404063877, -12.769780627255876 ], [ -61.051464403541978, -12.769780627255876 ], [ -61.051464403541978, -12.769530627986825 ], [ -61.051714403020085, -12.769530627986825 ], [ -61.051714403020085, -12.769780627255876 ], [ -61.052214401976293, -12.769780627255876 ], [ -61.052214401976293, -12.770280625793978 ], [ -61.051964402498186, -12.770280625793978 ], [ -61.051964402498186, -12.770530625063028 ], [ -61.052214401976293, -12.770530625063028 ], [ -61.052214401976293, -12.77103062360113 ], [ -61.051464403541978, -12.77103062360113 ], [ -61.051464403541978, -12.770530625063028 ], [ -61.051214404063877, -12.770530625063028 ] ], [ [ -61.060464384753715, -12.770280625793978 ], [ -61.060464384753715, -12.769780627255876 ], [ -61.060964383709923, -12.769780627255876 ], [ -61.060964383709923, -12.770280625793978 ], [ -61.060464384753715, -12.770280625793978 ] ], [ [ -61.045214416589388, -12.770280625793978 ], [ -61.045214416589388, -12.769780627255876 ], [ -61.045464416067489, -12.769780627255876 ], [ -61.045464416067489, -12.770280625793978 ], [ -61.045214416589388, -12.770280625793978 ] ], [ [ -61.041214424939724, -12.770280625793978 ], [ -61.041214424939724, -12.769780627255876 ], [ -61.041464424417832, -12.769780627255876 ], [ -61.041464424417832, -12.770280625793978 ], [ -61.041214424939724, -12.770280625793978 ] ], [ [ -61.055214395713534, -12.77103062360113 ], [ -61.055214395713534, -12.77078062433208 ], [ -61.055464395191642, -12.77078062433208 ], [ -61.055464395191642, -12.77103062360113 ], [ -61.055214395713534, -12.77103062360113 ] ], [ [ -61.05371439884491, -12.771280622870181 ], [ -61.05371439884491, -12.77103062360113 ], [ -61.053964398323018, -12.77103062360113 ], [ -61.053964398323018, -12.771280622870181 ], [ -61.05371439884491, -12.771280622870181 ] ], [ [ -61.051964402498186, -12.771780621408283 ], [ -61.051964402498186, -12.771280622870181 ], [ -61.05346439936681, -12.771280622870181 ], [ -61.05346439936681, -12.771530622139231 ], [ -61.052714400932501, -12.771530622139231 ], [ -61.052714400932501, -12.771780621408283 ], [ -61.053214399888702, -12.771780621408283 ], [ -61.053214399888702, -12.772280619946384 ], [ -61.052714400932501, -12.772280619946384 ], [ -61.052714400932501, -12.772030620677334 ], [ -61.052214401976293, -12.772030620677334 ], [ -61.052214401976293, -12.771780621408283 ], [ -61.051964402498186, -12.771780621408283 ] ], [ [ -61.05621439362595, -12.772030620677334 ], [ -61.05621439362595, -12.771780621408283 ], [ -61.056464393104051, -12.771780621408283 ], [ -61.056464393104051, -12.772030620677334 ], [ -61.05621439362595, -12.772030620677334 ] ], [ [ -61.052714400932501, -12.773280617022587 ], [ -61.052714400932501, -12.773780615560689 ], [ -61.052464401454394, -12.773780615560689 ], [ -61.052464401454394, -12.774030614829741 ], [ -61.052214401976293, -12.774030614829741 ], [ -61.052214401976293, -12.774280614098791 ], [ -61.051964402498186, -12.774280614098791 ], [ -61.051964402498186, -12.774780612636892 ], [ -61.051714403020085, -12.774780612636892 ], [ -61.051714403020085, -12.775280611174994 ], [ -61.05096440458577, -12.775280611174994 ], [ -61.05096440458577, -12.775030611905944 ], [ -61.050714405107669, -12.775030611905944 ], [ -61.050714405107669, -12.774780612636892 ], [ -61.050464405629562, -12.774780612636892 ], [ -61.050464405629562, -12.774280614098791 ], [ -61.050214406151461, -12.774280614098791 ], [ -61.050214406151461, -12.774030614829741 ], [ -61.049964406673354, -12.774030614829741 ], [ -61.049964406673354, -12.773780615560689 ], [ -61.049714407195253, -12.773780615560689 ], [ -61.049714407195253, -12.773030617753538 ], [ -61.049964406673354, -12.773030617753538 ], [ -61.049964406673354, -12.772780618484486 ], [ -61.050214406151461, -12.772780618484486 ], [ -61.050214406151461, -12.772280619946384 ], [ -61.050464405629562, -12.772280619946384 ], [ -61.050464405629562, -12.771780621408283 ], [ -61.050714405107669, -12.771780621408283 ], [ -61.050714405107669, -12.772280619946384 ], [ -61.051214404063877, -12.772280619946384 ], [ -61.051214404063877, -12.772530619215434 ], [ -61.051464403541978, -12.772530619215434 ], [ -61.051464403541978, -12.772780618484486 ], [ -61.051714403020085, -12.772780618484486 ], [ -61.051714403020085, -12.773030617753538 ], [ -61.052214401976293, -12.773030617753538 ], [ -61.052214401976293, -12.773280617022587 ], [ -61.052714400932501, -12.773280617022587 ] ], [ [ -61.049714407195253, -12.778030603134553 ], [ -61.049714407195253, -12.777780603865503 ], [ -61.050214406151461, -12.777780603865503 ], [ -61.050214406151461, -12.778280602403605 ], [ -61.049714407195253, -12.778280602403605 ], [ -61.049714407195253, -12.778530601672655 ], [ -61.049214408239045, -12.778530601672655 ], [ -61.049214408239045, -12.778780600941706 ], [ -61.048964408760945, -12.778780600941706 ], [ -61.048964408760945, -12.778280602403605 ], [ -61.049464407717153, -12.778280602403605 ], [ -61.049464407717153, -12.778030603134553 ], [ -61.049714407195253, -12.778030603134553 ] ], [ [ -61.049714407195253, -12.779280599479808 ], [ -61.049714407195253, -12.779030600210756 ], [ -61.050214406151461, -12.779030600210756 ], [ -61.050214406151461, -12.779280599479808 ], [ -61.049714407195253, -12.779280599479808 ] ] ], [ [ [ -61.064714375881479, -12.76803063237252 ], [ -61.064714375881479, -12.76828063164157 ], [ -61.06521437483768, -12.76828063164157 ], [ -61.06521437483768, -12.76803063237252 ], [ -61.064714375881479, -12.76803063237252 ] ] ], [ [ [ -61.05096440458577, -12.76803063237252 ], [ -61.051214404063877, -12.76803063237252 ], [ -61.051214404063877, -12.76778063310347 ], [ -61.05096440458577, -12.76778063310347 ], [ -61.05096440458577, -12.76803063237252 ] ] ], [ [ [ -61.052964400410602, -12.766780636027265 ], [ -61.053214399888702, -12.766780636027265 ], [ -61.053214399888702, -12.766530636758215 ], [ -61.052964400410602, -12.766530636758215 ], [ -61.052964400410602, -12.766780636027265 ] ] ], [ [ [ -61.05346439936681, -12.765530639682012 ], [ -61.05346439936681, -12.765280640412961 ], [ -61.053964398323018, -12.765280640412961 ], [ -61.053964398323018, -12.764780641874859 ], [ -61.054214397801118, -12.764780641874859 ], [ -61.054214397801118, -12.765530639682012 ], [ -61.053964398323018, -12.765530639682012 ], [ -61.053964398323018, -12.765780638951062 ], [ -61.05371439884491, -12.765780638951062 ], [ -61.05371439884491, -12.766030638220114 ], [ -61.05346439936681, -12.766030638220114 ], [ -61.05346439936681, -12.766280637489164 ], [ -61.053214399888702, -12.766280637489164 ], [ -61.053214399888702, -12.766530636758215 ], [ -61.053964398323018, -12.766530636758215 ], [ -61.053964398323018, -12.766780636027265 ], [ -61.054464397279226, -12.766780636027265 ], [ -61.054464397279226, -12.766280637489164 ], [ -61.055214395713534, -12.766280637489164 ], [ -61.055214395713534, -12.766030638220114 ], [ -61.055464395191642, -12.766030638220114 ], [ -61.055464395191642, -12.765780638951062 ], [ -61.055714394669742, -12.765780638951062 ], [ -61.055714394669742, -12.765530639682012 ], [ -61.05596439414785, -12.765530639682012 ], [ -61.05596439414785, -12.764530642605809 ], [ -61.05621439362595, -12.764530642605809 ], [ -61.05621439362595, -12.764280643336757 ], [ -61.055464395191642, -12.764280643336757 ], [ -61.055464395191642, -12.764030644067706 ], [ -61.054464397279226, -12.764030644067706 ], [ -61.054464397279226, -12.764280643336757 ], [ -61.05371439884491, -12.764280643336757 ], [ -61.05371439884491, -12.764530642605809 ], [ -61.05346439936681, -12.764530642605809 ], [ -61.05346439936681, -12.764780641874859 ], [ -61.052714400932501, -12.764780641874859 ], [ -61.052714400932501, -12.764530642605809 ], [ -61.051964402498186, -12.764530642605809 ], [ -61.051964402498186, -12.764780641874859 ], [ -61.051714403020085, -12.764780641874859 ], [ -61.051714403020085, -12.765280640412961 ], [ -61.051464403541978, -12.765280640412961 ], [ -61.051464403541978, -12.765530639682012 ], [ -61.051214404063877, -12.765530639682012 ], [ -61.051214404063877, -12.765780638951062 ], [ -61.05096440458577, -12.765780638951062 ], [ -61.05096440458577, -12.766030638220114 ], [ -61.050214406151461, -12.766030638220114 ], [ -61.050214406151461, -12.766280637489164 ], [ -61.049214408239045, -12.766280637489164 ], [ -61.049214408239045, -12.766530636758215 ], [ -61.047714411370421, -12.766530636758215 ], [ -61.047714411370421, -12.767030635296317 ], [ -61.04721441241422, -12.767030635296317 ], [ -61.04721441241422, -12.76803063237252 ], [ -61.047964410848529, -12.76803063237252 ], [ -61.047964410848529, -12.76778063310347 ], [ -61.048464409804737, -12.76778063310347 ], [ -61.048464409804737, -12.767280634565367 ], [ -61.048964408760945, -12.767280634565367 ], [ -61.048964408760945, -12.767030635296317 ], [ -61.049464407717153, -12.767030635296317 ], [ -61.049464407717153, -12.766530636758215 ], [ -61.049714407195253, -12.766530636758215 ], [ -61.049714407195253, -12.766780636027265 ], [ -61.050214406151461, -12.766780636027265 ], [ -61.050214406151461, -12.766530636758215 ], [ -61.050464405629562, -12.766530636758215 ], [ -61.050464405629562, -12.766780636027265 ], [ -61.05096440458577, -12.766780636027265 ], [ -61.05096440458577, -12.766530636758215 ], [ -61.051214404063877, -12.766530636758215 ], [ -61.051214404063877, -12.766280637489164 ], [ -61.051714403020085, -12.766280637489164 ], [ -61.051714403020085, -12.766030638220114 ], [ -61.052714400932501, -12.766030638220114 ], [ -61.052714400932501, -12.765780638951062 ], [ -61.052964400410602, -12.765780638951062 ], [ -61.052964400410602, -12.765530639682012 ], [ -61.05346439936681, -12.765530639682012 ] ], [ [ -61.050714405107669, -12.766530636758215 ], [ -61.050714405107669, -12.766280637489164 ], [ -61.05096440458577, -12.766280637489164 ], [ -61.05096440458577, -12.766530636758215 ], [ -61.050714405107669, -12.766530636758215 ] ], [ [ -61.055464395191642, -12.765530639682012 ], [ -61.054714396757326, -12.765530639682012 ], [ -61.054714396757326, -12.764780641874859 ], [ -61.055464395191642, -12.764780641874859 ], [ -61.055464395191642, -12.765530639682012 ] ] ], [ [ [ -61.04471441763318, -12.765280640412961 ], [ -61.045214416589388, -12.765280640412961 ], [ -61.045214416589388, -12.765530639682012 ], [ -61.04471441763318, -12.765530639682012 ], [ -61.04471441763318, -12.766030638220114 ], [ -61.045214416589388, -12.766030638220114 ], [ -61.045214416589388, -12.766780636027265 ], [ -61.045464416067489, -12.766780636027265 ], [ -61.045464416067489, -12.767280634565367 ], [ -61.045714415545596, -12.767280634565367 ], [ -61.045714415545596, -12.767030635296317 ], [ -61.046464413979905, -12.767030635296317 ], [ -61.046464413979905, -12.767280634565367 ], [ -61.046964412936113, -12.767280634565367 ], [ -61.046964412936113, -12.767030635296317 ], [ -61.04721441241422, -12.767030635296317 ], [ -61.04721441241422, -12.766530636758215 ], [ -61.047714411370421, -12.766530636758215 ], [ -61.047714411370421, -12.766280637489164 ], [ -61.047964410848529, -12.766280637489164 ], [ -61.047964410848529, -12.766030638220114 ], [ -61.048214410326629, -12.766030638220114 ], [ -61.048214410326629, -12.765280640412961 ], [ -61.048964408760945, -12.765280640412961 ], [ -61.048964408760945, -12.764780641874859 ], [ -61.049464407717153, -12.764780641874859 ], [ -61.049464407717153, -12.764030644067706 ], [ -61.048964408760945, -12.764030644067706 ], [ -61.048964408760945, -12.764280643336757 ], [ -61.048714409282837, -12.764280643336757 ], [ -61.048714409282837, -12.763780644798656 ], [ -61.048464409804737, -12.763780644798656 ], [ -61.048464409804737, -12.764030644067706 ], [ -61.046964412936113, -12.764030644067706 ], [ -61.046964412936113, -12.764280643336757 ], [ -61.046214414501804, -12.764280643336757 ], [ -61.046214414501804, -12.764030644067706 ], [ -61.045464416067489, -12.764030644067706 ], [ -61.045464416067489, -12.764280643336757 ], [ -61.04471441763318, -12.764280643336757 ], [ -61.04471441763318, -12.765280640412961 ] ], [ [ -61.046964412936113, -12.765780638951062 ], [ -61.046964412936113, -12.765530639682012 ], [ -61.04721441241422, -12.765530639682012 ], [ -61.04721441241422, -12.765280640412961 ], [ -61.047964410848529, -12.765280640412961 ], [ -61.047964410848529, -12.765530639682012 ], [ -61.047714411370421, -12.765530639682012 ], [ -61.047714411370421, -12.766030638220114 ], [ -61.04721441241422, -12.766030638220114 ], [ -61.04721441241422, -12.766280637489164 ], [ -61.046464413979905, -12.766280637489164 ], [ -61.046464413979905, -12.766030638220114 ], [ -61.046714413458005, -12.766030638220114 ], [ -61.046714413458005, -12.765780638951062 ], [ -61.046964412936113, -12.765780638951062 ] ] ], [ [ [ -61.051214404063877, -12.764030644067706 ], [ -61.051464403541978, -12.764030644067706 ], [ -61.051464403541978, -12.763780644798656 ], [ -61.051714403020085, -12.763780644798656 ], [ -61.051714403020085, -12.763530645529604 ], [ -61.051214404063877, -12.763530645529604 ], [ -61.051214404063877, -12.763780644798656 ], [ -61.050214406151461, -12.763780644798656 ], [ -61.050214406151461, -12.764030644067706 ], [ -61.049714407195253, -12.764030644067706 ], [ -61.049714407195253, -12.764530642605809 ], [ -61.050714405107669, -12.764530642605809 ], [ -61.050714405107669, -12.764280643336757 ], [ -61.051214404063877, -12.764280643336757 ], [ -61.051214404063877, -12.764030644067706 ] ] ], [ [ [ -61.051714403020085, -12.763780644798656 ], [ -61.051714403020085, -12.764030644067706 ], [ -61.052964400410602, -12.764030644067706 ], [ -61.052964400410602, -12.763780644798656 ], [ -61.051714403020085, -12.763780644798656 ] ] ], [ [ [ -61.036214435377651, -12.837530429168654 ], [ -61.036344650761194, -12.837530429168654 ], [ -61.036354855335311, -12.8367804313615 ], [ -61.036214435377651, -12.8367804313615 ], [ -61.036214435377651, -12.837530429168654 ] ] ], [ [ [ -61.018214472954185, -12.837030430630552 ], [ -61.018214472954185, -12.836280432823399 ], [ -61.017964473476084, -12.836280432823399 ], [ -61.017964473476084, -12.834280438670993 ], [ -61.017714473997977, -12.834280438670993 ], [ -61.017714473997977, -12.834030439401941 ], [ -61.017964473476084, -12.834030439401941 ], [ -61.017964473476084, -12.833530440863839 ], [ -61.017214475041769, -12.833530440863839 ], [ -61.017214475041769, -12.835280435747196 ], [ -61.017090031969587, -12.835280435747196 ], [ -61.016964475563668, -12.838350737168271 ], [ -61.016964475563668, -12.83978042259011 ], [ -61.017214475041769, -12.83978042259011 ], [ -61.017214475041769, -12.840030421859161 ], [ -61.017464474519876, -12.840030421859161 ], [ -61.017464474519876, -12.840530420397263 ], [ -61.017714473997977, -12.840530420397263 ], [ -61.017714473997977, -12.83928042405201 ], [ -61.017964473476084, -12.83928042405201 ], [ -61.017964473476084, -12.837030430630552 ], [ -61.018214472954185, -12.837030430630552 ] ] ], [ [ [ -61.042964421286456, -12.829280453289975 ], [ -61.042964421286456, -12.829530452559027 ], [ -61.04221442285214, -12.829530452559027 ], [ -61.04221442285214, -12.830030451097128 ], [ -61.043464420242657, -12.830030451097128 ], [ -61.043464420242657, -12.829530452559027 ], [ -61.043214420764556, -12.829530452559027 ], [ -61.043214420764556, -12.829280453289975 ], [ -61.042964421286456, -12.829280453289975 ] ] ], [ [ [ -61.036964433811967, -12.829780451828077 ], [ -61.037214433290067, -12.829780451828077 ], [ -61.037214433290067, -12.829530452559027 ], [ -61.036964433811967, -12.829530452559027 ], [ -61.036964433811967, -12.829780451828077 ] ] ], [ [ [ -61.041714423895932, -12.83002461287618 ], [ -61.041714423895932, -12.829530452559027 ], [ -61.04221442285214, -12.829530452559027 ], [ -61.04221442285214, -12.829280453289975 ], [ -61.041464424417832, -12.829280453289975 ], [ -61.041464424417832, -12.829530452559027 ], [ -61.040964425461624, -12.829530452559027 ], [ -61.040964425461624, -12.829780451828077 ], [ -61.041214424939724, -12.829780451828077 ], [ -61.041214424939724, -12.830008896924713 ], [ -61.041714423895932, -12.83002461287618 ] ] ], [ [ [ -61.038714430158691, -12.829030454020923 ], [ -61.038714430158691, -12.829780451828077 ], [ -61.039214429114899, -12.829780451828077 ], [ -61.039214429114899, -12.829530452559027 ], [ -61.039464428593, -12.829530452559027 ], [ -61.039464428593, -12.829280453289975 ], [ -61.039214429114899, -12.829280453289975 ], [ -61.039214429114899, -12.829030454020923 ], [ -61.038714430158691, -12.829030454020923 ] ] ], [ [ [ -61.017464474519876, -12.829030454020923 ], [ -61.017714473997977, -12.829030454020923 ], [ -61.017714473997977, -12.828780454751874 ], [ -61.017464474519876, -12.828780454751874 ], [ -61.017464474519876, -12.829030454020923 ] ] ], [ [ [ -61.017584931092301, -12.823030471563705 ], [ -61.017482055556002, -12.825576861110999 ], [ -61.017464474519876, -12.826012438690711 ], [ -61.017464474519876, -12.827280459137569 ], [ -61.017964473476084, -12.827280459137569 ], [ -61.017964473476084, -12.825780463523264 ], [ -61.017714473997977, -12.825780463523264 ], [ -61.017714473997977, -12.825530464254213 ], [ -61.017964473476084, -12.825530464254213 ], [ -61.017964473476084, -12.822280473756551 ], [ -61.017714473997977, -12.822280473756551 ], [ -61.017714473997977, -12.823030471563705 ], [ -61.017584931092301, -12.823030471563705 ] ] ], [ [ [ -61.019214470866601, -12.8215304759494 ], [ -61.019214470866601, -12.82178047521845 ], [ -61.019464470344701, -12.82178047521845 ], [ -61.019464470344701, -12.8215304759494 ], [ -61.019214470866601, -12.8215304759494 ] ] ], [ [ [ -61.017714473997977, -12.82178047521845 ], [ -61.017964473476084, -12.82178047521845 ], [ -61.017964473476084, -12.8215304759494 ], [ -61.017714473997977, -12.8215304759494 ], [ -61.017714473997977, -12.82178047521845 ] ] ], [ [ [ -61.036964433811967, -12.809780510304011 ], [ -61.037714432246275, -12.809780510304011 ], [ -61.037714432246275, -12.809280511765909 ], [ -61.037214433290067, -12.809280511765909 ], [ -61.037214433290067, -12.809530511034959 ], [ -61.036964433811967, -12.809530511034959 ], [ -61.036964433811967, -12.809780510304011 ] ] ], [ [ [ -61.036714434333859, -12.809780510304011 ], [ -61.036714434333859, -12.809530511034959 ], [ -61.036964433811967, -12.809530511034959 ], [ -61.036964433811967, -12.808780513227806 ], [ -61.035714436421443, -12.808780513227806 ], [ -61.035714436421443, -12.808530513958756 ], [ -61.035464436943343, -12.808530513958756 ], [ -61.035464436943343, -12.808280514689706 ], [ -61.034714438509027, -12.808280514689706 ], [ -61.034714438509027, -12.808530513958756 ], [ -61.035214437465235, -12.808530513958756 ], [ -61.035214437465235, -12.809030512496857 ], [ -61.035464436943343, -12.809030512496857 ], [ -61.035464436943343, -12.809530511034959 ], [ -61.035714436421443, -12.809530511034959 ], [ -61.035714436421443, -12.809780510304011 ], [ -61.036714434333859, -12.809780510304011 ] ] ], [ [ [ -61.033964440074719, -12.808280514689706 ], [ -61.034214439552827, -12.808280514689706 ], [ -61.034214439552827, -12.808030515420654 ], [ -61.033964440074719, -12.808030515420654 ], [ -61.033964440074719, -12.808280514689706 ] ] ], [ [ [ -61.031964444249887, -12.808530513958756 ], [ -61.032714442684203, -12.808530513958756 ], [ -61.032714442684203, -12.808780513227806 ], [ -61.033214441640411, -12.808780513227806 ], [ -61.033214441640411, -12.809030512496857 ], [ -61.033464441118511, -12.809030512496857 ], [ -61.033464441118511, -12.808780513227806 ], [ -61.033714440596619, -12.808780513227806 ], [ -61.033714440596619, -12.807280517613501 ], [ -61.033964440074719, -12.807280517613501 ], [ -61.033964440074719, -12.806280520537298 ], [ -61.033714440596619, -12.806280520537298 ], [ -61.033714440596619, -12.806780519075399 ], [ -61.033464441118511, -12.806780519075399 ], [ -61.033464441118511, -12.807030518344451 ], [ -61.032964442162303, -12.807030518344451 ], [ -61.032964442162303, -12.807780516151603 ], [ -61.032714442684203, -12.807780516151603 ], [ -61.032714442684203, -12.808030515420654 ], [ -61.031964444249887, -12.808030515420654 ], [ -61.031964444249887, -12.808530513958756 ] ] ], [ [ [ -61.035714436421443, -12.808030515420654 ], [ -61.035714436421443, -12.808280514689706 ], [ -61.035964435899551, -12.808280514689706 ], [ -61.035964435899551, -12.808030515420654 ], [ -61.036214435377651, -12.808030515420654 ], [ -61.036214435377651, -12.807780516151603 ], [ -61.036714434333859, -12.807780516151603 ], [ -61.036714434333859, -12.807280517613501 ], [ -61.036964433811967, -12.807280517613501 ], [ -61.036964433811967, -12.808030515420654 ], [ -61.037214433290067, -12.808030515420654 ], [ -61.037214433290067, -12.808530513958756 ], [ -61.037714432246275, -12.808530513958756 ], [ -61.037714432246275, -12.809030512496857 ], [ -61.037964431724376, -12.809030512496857 ], [ -61.037964431724376, -12.808280514689706 ], [ -61.038214431202483, -12.808280514689706 ], [ -61.038214431202483, -12.808030515420654 ], [ -61.038464430680584, -12.808030515420654 ], [ -61.038464430680584, -12.806780519075399 ], [ -61.038214431202483, -12.806780519075399 ], [ -61.038214431202483, -12.806280520537298 ], [ -61.037964431724376, -12.806280520537298 ], [ -61.037964431724376, -12.807030518344451 ], [ -61.037214433290067, -12.807030518344451 ], [ -61.037214433290067, -12.806780519075399 ], [ -61.037714432246275, -12.806780519075399 ], [ -61.037714432246275, -12.806530519806349 ], [ -61.037214433290067, -12.806530519806349 ], [ -61.037214433290067, -12.806280520537298 ], [ -61.036964433811967, -12.806280520537298 ], [ -61.036964433811967, -12.806030521268248 ], [ -61.036714434333859, -12.806030521268248 ], [ -61.036714434333859, -12.806280520537298 ], [ -61.035214437465235, -12.806280520537298 ], [ -61.035214437465235, -12.806530519806349 ], [ -61.034714438509027, -12.806530519806349 ], [ -61.034714438509027, -12.807780516151603 ], [ -61.035214437465235, -12.807780516151603 ], [ -61.035214437465235, -12.808030515420654 ], [ -61.035714436421443, -12.808030515420654 ] ] ], [ [ [ -61.018214472954185, -12.80743935285831 ], [ -61.018214472954185, -12.807780516151603 ], [ -61.018464472432292, -12.807780516151603 ], [ -61.018464472432292, -12.807030518344451 ], [ -61.018230896393526, -12.807030518344451 ], [ -61.018214472954185, -12.80743935285831 ] ] ], [ [ [ -61.032714442684203, -12.806530519806349 ], [ -61.032964442162303, -12.806530519806349 ], [ -61.032964442162303, -12.806280520537298 ], [ -61.032714442684203, -12.806280520537298 ], [ -61.032714442684203, -12.806530519806349 ] ] ], [ [ [ -61.031964444249887, -12.801780533694384 ], [ -61.031964444249887, -12.802280532232485 ], [ -61.032214443727995, -12.802280532232485 ], [ -61.032214443727995, -12.803530528577738 ], [ -61.031964444249887, -12.803530528577738 ], [ -61.031964444249887, -12.805530522730146 ], [ -61.032714442684203, -12.805530522730146 ], [ -61.032714442684203, -12.805280523461095 ], [ -61.033214441640411, -12.805280523461095 ], [ -61.033214441640411, -12.804780524922993 ], [ -61.033464441118511, -12.804780524922993 ], [ -61.033464441118511, -12.804530525653941 ], [ -61.033714440596619, -12.804530525653941 ], [ -61.033714440596619, -12.804780524922993 ], [ -61.033964440074719, -12.804780524922993 ], [ -61.033964440074719, -12.805280523461095 ], [ -61.034214439552827, -12.805280523461095 ], [ -61.034214439552827, -12.804780524922993 ], [ -61.034464439030927, -12.804780524922993 ], [ -61.034464439030927, -12.804530525653941 ], [ -61.034714438509027, -12.804530525653941 ], [ -61.034714438509027, -12.804280526384892 ], [ -61.035464436943343, -12.804280526384892 ], [ -61.035464436943343, -12.804030527115842 ], [ -61.035214437465235, -12.804030527115842 ], [ -61.035214437465235, -12.80378052784679 ], [ -61.035714436421443, -12.80378052784679 ], [ -61.035714436421443, -12.803530528577738 ], [ -61.035214437465235, -12.803530528577738 ], [ -61.035214437465235, -12.803030530039637 ], [ -61.035464436943343, -12.803030530039637 ], [ -61.035464436943343, -12.802780530770587 ], [ -61.035714436421443, -12.802780530770587 ], [ -61.035714436421443, -12.803030530039637 ], [ -61.035964435899551, -12.803030530039637 ], [ -61.035964435899551, -12.802280532232485 ], [ -61.036464434855759, -12.802280532232485 ], [ -61.036464434855759, -12.802030532963434 ], [ -61.034714438509027, -12.802030532963434 ], [ -61.034714438509027, -12.801780533694384 ], [ -61.035464436943343, -12.801780533694384 ], [ -61.035464436943343, -12.801530534425332 ], [ -61.035714436421443, -12.801530534425332 ], [ -61.035714436421443, -12.80103053588723 ], [ -61.036464434855759, -12.80103053588723 ], [ -61.036464434855759, -12.800780536618181 ], [ -61.036714434333859, -12.800780536618181 ], [ -61.036714434333859, -12.800530537349129 ], [ -61.036464434855759, -12.800530537349129 ], [ -61.036464434855759, -12.800280538080077 ], [ -61.035714436421443, -12.800280538080077 ], [ -61.035714436421443, -12.799780539541977 ], [ -61.035214437465235, -12.799780539541977 ], [ -61.035214437465235, -12.800280538080077 ], [ -61.034714438509027, -12.800280538080077 ], [ -61.034714438509027, -12.800530537349129 ], [ -61.034214439552827, -12.800530537349129 ], [ -61.034214439552827, -12.802030532963434 ], [ -61.032214443727995, -12.802030532963434 ], [ -61.032214443727995, -12.801780533694384 ], [ -61.031964444249887, -12.801780533694384 ] ], [ [ -61.033464441118511, -12.803530528577738 ], [ -61.033714440596619, -12.803530528577738 ], [ -61.033714440596619, -12.803280529308688 ], [ -61.034464439030927, -12.803280529308688 ], [ -61.034464439030927, -12.80378052784679 ], [ -61.033464441118511, -12.80378052784679 ], [ -61.033464441118511, -12.803530528577738 ] ] ], [ [ [ -61.033214441640411, -12.80128053515628 ], [ -61.033714440596619, -12.80128053515628 ], [ -61.033714440596619, -12.80103053588723 ], [ -61.033214441640411, -12.80103053588723 ], [ -61.033214441640411, -12.80128053515628 ] ] ], [ [ [ -61.036714434333859, -12.80103053588723 ], [ -61.036964433811967, -12.80103053588723 ], [ -61.036964433811967, -12.800780536618181 ], [ -61.036714434333859, -12.800780536618181 ], [ -61.036714434333859, -12.80103053588723 ] ] ], [ [ [ -61.032964442162303, -12.796280549775265 ], [ -61.032964442162303, -12.796780548313366 ], [ -61.032714442684203, -12.796780548313366 ], [ -61.032714442684203, -12.797030547582416 ], [ -61.032214443727995, -12.797030547582416 ], [ -61.032214443727995, -12.798530543196723 ], [ -61.032714442684203, -12.798530543196723 ], [ -61.032714442684203, -12.798780542465773 ], [ -61.032214443727995, -12.798780542465773 ], [ -61.032214443727995, -12.799530540272926 ], [ -61.032714442684203, -12.799530540272926 ], [ -61.032714442684203, -12.799780539541977 ], [ -61.032214443727995, -12.799780539541977 ], [ -61.032214443727995, -12.801530534425332 ], [ -61.032714442684203, -12.801530534425332 ], [ -61.032714442684203, -12.800530537349129 ], [ -61.032964442162303, -12.800530537349129 ], [ -61.032964442162303, -12.800780536618181 ], [ -61.033214441640411, -12.800780536618181 ], [ -61.033214441640411, -12.800530537349129 ], [ -61.033464441118511, -12.800530537349129 ], [ -61.033464441118511, -12.799780539541977 ], [ -61.033714440596619, -12.799780539541977 ], [ -61.033714440596619, -12.799530540272926 ], [ -61.033964440074719, -12.799530540272926 ], [ -61.033964440074719, -12.799780539541977 ], [ -61.034214439552827, -12.799780539541977 ], [ -61.034214439552827, -12.799030541734824 ], [ -61.033964440074719, -12.799030541734824 ], [ -61.033964440074719, -12.798780542465773 ], [ -61.033714440596619, -12.798780542465773 ], [ -61.033714440596619, -12.798530543196723 ], [ -61.033964440074719, -12.798530543196723 ], [ -61.033964440074719, -12.798030544658621 ], [ -61.034214439552827, -12.798030544658621 ], [ -61.034214439552827, -12.797780545389569 ], [ -61.033964440074719, -12.797780545389569 ], [ -61.033964440074719, -12.797280546851468 ], [ -61.034214439552827, -12.797280546851468 ], [ -61.034214439552827, -12.796280549775265 ], [ -61.034464439030927, -12.796280549775265 ], [ -61.034464439030927, -12.795780551237163 ], [ -61.033214441640411, -12.795780551237163 ], [ -61.033214441640411, -12.796030550506213 ], [ -61.033464441118511, -12.796030550506213 ], [ -61.033464441118511, -12.796280549775265 ], [ -61.032964442162303, -12.796280549775265 ] ], [ [ -61.032964442162303, -12.799780539541977 ], [ -61.032964442162303, -12.800280538080077 ], [ -61.032714442684203, -12.800280538080077 ], [ -61.032714442684203, -12.799780539541977 ], [ -61.032964442162303, -12.799780539541977 ] ], [ [ -61.033464441118511, -12.797280546851468 ], [ -61.033464441118511, -12.796780548313366 ], [ -61.033714440596619, -12.796780548313366 ], [ -61.033714440596619, -12.797030547582416 ], [ -61.033964440074719, -12.797030547582416 ], [ -61.033964440074719, -12.797280546851468 ], [ -61.033464441118511, -12.797280546851468 ] ], [ [ -61.032964442162303, -12.798280543927671 ], [ -61.032714442684203, -12.798280543927671 ], [ -61.032714442684203, -12.798030544658621 ], [ -61.032964442162303, -12.798030544658621 ], [ -61.032964442162303, -12.798280543927671 ] ] ], [ [ [ -61.005964498527106, -12.798280543927671 ], [ -61.008464493308139, -12.798280543927671 ], [ -61.008464493308139, -12.797780545389569 ], [ -61.008214493830039, -12.797780545389569 ], [ -61.008214493830039, -12.798030544658621 ], [ -61.007964494351931, -12.798030544658621 ], [ -61.007964494351931, -12.797780545389569 ], [ -61.006964496439515, -12.797780545389569 ], [ -61.006964496439515, -12.798030544658621 ], [ -61.006714496961415, -12.798030544658621 ], [ -61.006714496961415, -12.797780545389569 ], [ -61.005964498527106, -12.797780545389569 ], [ -61.005964498527106, -12.798280543927671 ] ] ], [ [ [ -61.009464491220555, -12.798280543927671 ], [ -61.012214485479696, -12.798280543927671 ], [ -61.012214485479696, -12.798030544658621 ], [ -61.012964483914004, -12.798030544658621 ], [ -61.012964483914004, -12.797780545389569 ], [ -61.012714484435904, -12.797780545389569 ], [ -61.012714484435904, -12.797280546851468 ], [ -61.012214485479696, -12.797280546851468 ], [ -61.012214485479696, -12.797780545389569 ], [ -61.011964486001595, -12.797780545389569 ], [ -61.011964486001595, -12.797280546851468 ], [ -61.01121448756728, -12.797280546851468 ], [ -61.01121448756728, -12.797780545389569 ], [ -61.009714490698656, -12.797780545389569 ], [ -61.009714490698656, -12.798030544658621 ], [ -61.009464491220555, -12.798030544658621 ], [ -61.009464491220555, -12.798280543927671 ] ] ], [ [ [ -61.008714492786247, -12.797280546851468 ], [ -61.008714492786247, -12.797780545389569 ], [ -61.008964492264347, -12.797780545389569 ], [ -61.008964492264347, -12.797280546851468 ], [ -61.008714492786247, -12.797280546851468 ] ] ], [ [ [ -61.034214439552827, -12.795530551968113 ], [ -61.034464439030927, -12.795530551968113 ], [ -61.034464439030927, -12.795280552699062 ], [ -61.034214439552827, -12.795280552699062 ], [ -61.034214439552827, -12.795530551968113 ] ] ], [ [ [ -61.033214441640411, -12.794530554891908 ], [ -61.032714442684203, -12.794530554891908 ], [ -61.032714442684203, -12.795280552699062 ], [ -61.032214443727995, -12.795280552699062 ], [ -61.032214443727995, -12.796030550506213 ], [ -61.032714442684203, -12.796030550506213 ], [ -61.032714442684203, -12.795530551968113 ], [ -61.032964442162303, -12.795530551968113 ], [ -61.032964442162303, -12.79478055416096 ], [ -61.033214441640411, -12.79478055416096 ], [ -61.033214441640411, -12.794530554891908 ] ] ], [ [ [ -61.032214443727995, -12.794530554891908 ], [ -61.032214443727995, -12.79478055416096 ], [ -61.032464443206095, -12.79478055416096 ], [ -61.032464443206095, -12.794530554891908 ], [ -61.032214443727995, -12.794530554891908 ] ] ], [ [ [ -61.031964444249887, -12.779280599479808 ], [ -61.032214443727995, -12.779280599479808 ], [ -61.032214443727995, -12.779030600210756 ], [ -61.031964444249887, -12.779030600210756 ], [ -61.031964444249887, -12.779280599479808 ] ] ], [ [ [ -61.036464434855759, -12.778280602403605 ], [ -61.036714434333859, -12.778280602403605 ], [ -61.036714434333859, -12.778030603134553 ], [ -61.036464434855759, -12.778030603134553 ], [ -61.036464434855759, -12.778280602403605 ] ] ], [ [ [ -61.032214443727995, -12.775780609713095 ], [ -61.032714442684203, -12.775780609713095 ], [ -61.032714442684203, -12.776030608982147 ], [ -61.032964442162303, -12.776030608982147 ], [ -61.032964442162303, -12.776280608251199 ], [ -61.033214441640411, -12.776280608251199 ], [ -61.033214441640411, -12.776530607520248 ], [ -61.032714442684203, -12.776530607520248 ], [ -61.032714442684203, -12.776280608251199 ], [ -61.032214443727995, -12.776280608251199 ], [ -61.032214443727995, -12.776030608982147 ], [ -61.031964444249887, -12.776030608982147 ], [ -61.031964444249887, -12.777780603865503 ], [ -61.031714444771787, -12.777780603865503 ], [ -61.031714444771787, -12.778780600941706 ], [ -61.031964444249887, -12.778780600941706 ], [ -61.031964444249887, -12.778530601672655 ], [ -61.032214443727995, -12.778530601672655 ], [ -61.032214443727995, -12.779030600210756 ], [ -61.032714442684203, -12.779030600210756 ], [ -61.032714442684203, -12.778530601672655 ], [ -61.033464441118511, -12.778530601672655 ], [ -61.033464441118511, -12.778780600941706 ], [ -61.033714440596619, -12.778780600941706 ], [ -61.033714440596619, -12.779030600210756 ], [ -61.033964440074719, -12.779030600210756 ], [ -61.033964440074719, -12.779280599479808 ], [ -61.034214439552827, -12.779280599479808 ], [ -61.034214439552827, -12.779030600210756 ], [ -61.034464439030927, -12.779030600210756 ], [ -61.034464439030927, -12.779280599479808 ], [ -61.035214437465235, -12.779280599479808 ], [ -61.035214437465235, -12.779030600210756 ], [ -61.035464436943343, -12.779030600210756 ], [ -61.035464436943343, -12.779280599479808 ], [ -61.035964435899551, -12.779280599479808 ], [ -61.035964435899551, -12.779530598748858 ], [ -61.036464434855759, -12.779530598748858 ], [ -61.036464434855759, -12.779280599479808 ], [ -61.036714434333859, -12.779280599479808 ], [ -61.036714434333859, -12.779030600210756 ], [ -61.036464434855759, -12.779030600210756 ], [ -61.036464434855759, -12.778780600941706 ], [ -61.036214435377651, -12.778780600941706 ], [ -61.036214435377651, -12.778030603134553 ], [ -61.035214437465235, -12.778030603134553 ], [ -61.035214437465235, -12.77703060605835 ], [ -61.035714436421443, -12.77703060605835 ], [ -61.035714436421443, -12.776780606789298 ], [ -61.035464436943343, -12.776780606789298 ], [ -61.035464436943343, -12.776530607520248 ], [ -61.035714436421443, -12.776530607520248 ], [ -61.035714436421443, -12.776280608251199 ], [ -61.035464436943343, -12.776280608251199 ], [ -61.035464436943343, -12.776030608982147 ], [ -61.035714436421443, -12.776030608982147 ], [ -61.035714436421443, -12.775780609713095 ], [ -61.035964435899551, -12.775780609713095 ], [ -61.035964435899551, -12.775530610444045 ], [ -61.036214435377651, -12.775530610444045 ], [ -61.036214435377651, -12.773780615560689 ], [ -61.035964435899551, -12.773780615560689 ], [ -61.035964435899551, -12.773530616291637 ], [ -61.035464436943343, -12.773530616291637 ], [ -61.035464436943343, -12.773780615560689 ], [ -61.035214437465235, -12.773780615560689 ], [ -61.035214437465235, -12.773530616291637 ], [ -61.034464439030927, -12.773530616291637 ], [ -61.034464439030927, -12.773280617022587 ], [ -61.032214443727995, -12.773280617022587 ], [ -61.032214443727995, -12.773530616291637 ], [ -61.031964444249887, -12.773530616291637 ], [ -61.031964444249887, -12.775530610444045 ], [ -61.032214443727995, -12.775530610444045 ], [ -61.032214443727995, -12.775780609713095 ] ], [ [ -61.035214437465235, -12.774030614829741 ], [ -61.034714438509027, -12.774030614829741 ], [ -61.034714438509027, -12.774780612636892 ], [ -61.034214439552827, -12.774780612636892 ], [ -61.034214439552827, -12.774030614829741 ], [ -61.034464439030927, -12.774030614829741 ], [ -61.034464439030927, -12.773780615560689 ], [ -61.035214437465235, -12.773780615560689 ], [ -61.035214437465235, -12.774030614829741 ] ], [ [ -61.035464436943343, -12.775780609713095 ], [ -61.035214437465235, -12.775780609713095 ], [ -61.035214437465235, -12.775530610444045 ], [ -61.035464436943343, -12.775530610444045 ], [ -61.035464436943343, -12.775780609713095 ] ], [ [ -61.034714438509027, -12.777280605327402 ], [ -61.034464439030927, -12.777280605327402 ], [ -61.034464439030927, -12.77703060605835 ], [ -61.034714438509027, -12.77703060605835 ], [ -61.034714438509027, -12.777280605327402 ] ], [ [ -61.035964435899551, -12.778530601672655 ], [ -61.035714436421443, -12.778530601672655 ], [ -61.035714436421443, -12.778280602403605 ], [ -61.035964435899551, -12.778280602403605 ], [ -61.035964435899551, -12.778530601672655 ] ] ], [ [ [ -61.035964435899551, -12.776530607520248 ], [ -61.036214435377651, -12.776530607520248 ], [ -61.036214435377651, -12.776030608982147 ], [ -61.035964435899551, -12.776030608982147 ], [ -61.035964435899551, -12.776530607520248 ] ] ], [ [ [ -61.042714421808348, -12.771780621408283 ], [ -61.04221442285214, -12.771780621408283 ], [ -61.04221442285214, -12.772280619946384 ], [ -61.043464420242657, -12.772280619946384 ], [ -61.043464420242657, -12.772030620677334 ], [ -61.043714419720764, -12.772030620677334 ], [ -61.043714419720764, -12.771530622139231 ], [ -61.042714421808348, -12.771530622139231 ], [ -61.042714421808348, -12.771780621408283 ] ] ], [ [ [ -61.004464501658482, -12.769530627986825 ], [ -61.004464501658482, -12.770530625063028 ], [ -61.004714501136583, -12.770530625063028 ], [ -61.004714501136583, -12.769530627986825 ], [ -61.004464501658482, -12.769530627986825 ] ] ], [ [ [ -61.040464426505416, -12.768780630179673 ], [ -61.040714425983523, -12.768780630179673 ], [ -61.040714425983523, -12.768530630910622 ], [ -61.040464426505416, -12.768530630910622 ], [ -61.040464426505416, -12.768780630179673 ] ] ], [ [ [ -61.004464501658482, -12.769030629448723 ], [ -61.004714501136583, -12.769030629448723 ], [ -61.004714501136583, -12.76778063310347 ], [ -61.004464501658482, -12.76778063310347 ], [ -61.004464501658482, -12.769030629448723 ] ] ], [ [ [ -61.039214429114899, -12.768780630179673 ], [ -61.039214429114899, -12.769030629448723 ], [ -61.040214427027315, -12.769030629448723 ], [ -61.040214427027315, -12.768530630910622 ], [ -61.040464426505416, -12.768530630910622 ], [ -61.040464426505416, -12.76828063164157 ], [ -61.040214427027315, -12.76828063164157 ], [ -61.040214427027315, -12.76803063237252 ], [ -61.039464428593, -12.76803063237252 ], [ -61.039464428593, -12.76778063310347 ], [ -61.039214429114899, -12.76778063310347 ], [ -61.039214429114899, -12.767280634565367 ], [ -61.038214431202483, -12.767280634565367 ], [ -61.038214431202483, -12.76778063310347 ], [ -61.038714430158691, -12.76778063310347 ], [ -61.038714430158691, -12.76803063237252 ], [ -61.038964429636792, -12.76803063237252 ], [ -61.038964429636792, -12.768530630910622 ], [ -61.038714430158691, -12.768530630910622 ], [ -61.038714430158691, -12.768780630179673 ], [ -61.039214429114899, -12.768780630179673 ] ] ], [ [ [ -61.036964433811967, -12.767280634565367 ], [ -61.037714432246275, -12.767280634565367 ], [ -61.037714432246275, -12.76778063310347 ], [ -61.037964431724376, -12.76778063310347 ], [ -61.037964431724376, -12.767280634565367 ], [ -61.038214431202483, -12.767280634565367 ], [ -61.038214431202483, -12.767030635296317 ], [ -61.036964433811967, -12.767030635296317 ], [ -61.036964433811967, -12.767280634565367 ] ] ], [ [ [ -61.036464434855759, -12.766780636027265 ], [ -61.036714434333859, -12.766780636027265 ], [ -61.036714434333859, -12.766530636758215 ], [ -61.036464434855759, -12.766530636758215 ], [ -61.036464434855759, -12.766780636027265 ] ] ], [ [ [ -61.035964435899551, -12.765780638951062 ], [ -61.035964435899551, -12.766530636758215 ], [ -61.036464434855759, -12.766530636758215 ], [ -61.036464434855759, -12.765780638951062 ], [ -61.035964435899551, -12.765780638951062 ] ] ], [ [ [ -61.004714501136583, -12.766530636758215 ], [ -61.005214500092791, -12.766530636758215 ], [ -61.005214500092791, -12.764780641874859 ], [ -61.004464501658482, -12.764780641874859 ], [ -61.004464501658482, -12.767030635296317 ], [ -61.004714501136583, -12.767030635296317 ], [ -61.004714501136583, -12.766530636758215 ] ] ], [ [ [ -61.031964444249887, -12.767280634565367 ], [ -61.032714442684203, -12.767280634565367 ], [ -61.032714442684203, -12.766280637489164 ], [ -61.032964442162303, -12.766280637489164 ], [ -61.032964442162303, -12.765530639682012 ], [ -61.033214441640411, -12.765530639682012 ], [ -61.033214441640411, -12.765780638951062 ], [ -61.033464441118511, -12.765780638951062 ], [ -61.033464441118511, -12.765530639682012 ], [ -61.033964440074719, -12.765530639682012 ], [ -61.033964440074719, -12.765280640412961 ], [ -61.034714438509027, -12.765280640412961 ], [ -61.034714438509027, -12.764780641874859 ], [ -61.035464436943343, -12.764780641874859 ], [ -61.035464436943343, -12.765280640412961 ], [ -61.035714436421443, -12.765280640412961 ], [ -61.035714436421443, -12.765530639682012 ], [ -61.035964435899551, -12.765530639682012 ], [ -61.035964435899551, -12.764780641874859 ], [ -61.035714436421443, -12.764780641874859 ], [ -61.035714436421443, -12.764530642605809 ], [ -61.035464436943343, -12.764530642605809 ], [ -61.035464436943343, -12.764280643336757 ], [ -61.034464439030927, -12.764280643336757 ], [ -61.034464439030927, -12.764530642605809 ], [ -61.033714440596619, -12.764530642605809 ], [ -61.033714440596619, -12.765280640412961 ], [ -61.032214443727995, -12.765280640412961 ], [ -61.032214443727995, -12.766280637489164 ], [ -61.031714444771787, -12.766280637489164 ], [ -61.031714444771787, -12.767030635296317 ], [ -61.031964444249887, -12.767030635296317 ], [ -61.031964444249887, -12.767280634565367 ] ] ], [ [ [ -61.032964442162303, -12.763780644798656 ], [ -61.032964442162303, -12.764030644067706 ], [ -61.033214441640411, -12.764030644067706 ], [ -61.033214441640411, -12.763780644798656 ], [ -61.032964442162303, -12.763780644798656 ] ] ], [ [ [ -61.004484055555999, -12.762872222222001 ], [ -61.004464501658482, -12.764435854346171 ], [ -61.004464501658482, -12.764530642605809 ], [ -61.004714501136583, -12.764530642605809 ], [ -61.004714501136583, -12.764030644067706 ], [ -61.005214500092791, -12.764030644067706 ], [ -61.005214500092791, -12.763280646260554 ], [ -61.005464499570898, -12.763280646260554 ], [ -61.005464499570898, -12.763030646991503 ], [ -61.006214498005207, -12.763030646991503 ], [ -61.006214498005207, -12.762903953128163 ], [ -61.004484055555999, -12.762872222222001 ] ] ], [ [ [ -61.014214481304528, -12.7620306499153 ], [ -61.01402285300216, -12.7620306499153 ], [ -61.014024036796641, -12.762280649184351 ], [ -61.014214481304528, -12.762280649184351 ], [ -61.014214481304528, -12.7620306499153 ] ] ], [ [ [ -61.014214481304528, -12.757030664534284 ], [ -61.014214481304528, -12.755780668189029 ], [ -61.014009642085348, -12.755780668189029 ], [ -61.014002066482426, -12.757030664534284 ], [ -61.014214481304528, -12.757030664534284 ] ] ], [ [ [ -61.014214481304528, -12.748530689386556 ], [ -61.014464480782628, -12.748530689386556 ], [ -61.014464480782628, -12.748280690117504 ], [ -61.014714480260736, -12.748280690117504 ], [ -61.014714480260736, -12.748030690848452 ], [ -61.018714471910393, -12.748030690848452 ], [ -61.018714471910393, -12.747780691579402 ], [ -61.014464480782628, -12.747780691579402 ], [ -61.014464480782628, -12.748030690848452 ], [ -61.014214481304528, -12.748030690848452 ], [ -61.014214481304528, -12.748280690117504 ], [ -61.014055095702872, -12.748280690117504 ], [ -61.014011157205935, -12.755530668919977 ], [ -61.014214481304528, -12.755530668919977 ], [ -61.014214481304528, -12.752280678422316 ], [ -61.014464480782628, -12.752280678422316 ], [ -61.014464480782628, -12.752030679153266 ], [ -61.014214481304528, -12.752030679153266 ], [ -61.014214481304528, -12.751530680615165 ], [ -61.014464480782628, -12.751530680615165 ], [ -61.014464480782628, -12.751280681346113 ], [ -61.014214481304528, -12.751280681346113 ], [ -61.014214481304528, -12.748530689386556 ] ] ], [ [ [ -61.019214470866601, -12.748030690848452 ], [ -61.019464470344701, -12.748030690848452 ], [ -61.019464470344701, -12.747780691579402 ], [ -61.019214470866601, -12.747780691579402 ], [ -61.019214470866601, -12.748030690848452 ] ] ], [ [ [ -61.021714027778003, -12.747639666667 ], [ -61.020714467735225, -12.747656603445025 ], [ -61.020714467735225, -12.747780691579402 ], [ -61.028464451556438, -12.747780691579402 ], [ -61.028464451556438, -12.74753575757201 ], [ -61.021714027778003, -12.747639666667 ] ] ], [ [ [ -61.033004765133342, -12.747530692310351 ], [ -61.032964442162303, -12.747530692310351 ], [ -61.032964442162303, -12.747780691579402 ], [ -61.034214439552827, -12.747780691579402 ], [ -61.034214439552827, -12.747549637876768 ], [ -61.033004765133342, -12.747530692310351 ] ] ], [ [ [ -61.029464449468854, -12.747780691579402 ], [ -61.031964444249887, -12.747780691579402 ], [ -61.031964444249887, -12.747530692310351 ], [ -61.029464449468854, -12.747530692310351 ], [ -61.029464449468854, -12.747780691579402 ] ] ] ] } }
]
}
