{
"type": "FeatureCollection",
"name": "uty_xunati",
"crs": { "type": "name", "properties": { "name": "urn:ogc:def:crs:OGC:1.3:CRS84" } },
"features": [
{ "type": "Feature", "properties": { "area_ha": 299.93 }, "geometry": { "type": "MultiPolygon", "coordinates": [ [ [ [ -60.021350738723555, -12.416781659384831 ], [ -60.021466553759225, -12.416730919665877 ], [ -60.021466553754671, -12.416531660087042 ], [ -60.02121655427657, -12.416531660087047 ], [ -60.02121655427657, -12.416781659356094 ], [ -60.021350738723555, -12.416781659384831 ] ] ], [ [ [ -60.020966554798463, -12.414531665934627 ], [ -60.020966554798463, -12.414781665203684 ], [ -60.02121655427657, -12.414781665203678 ], [ -60.02121655427657, -12.415281663741796 ], [ -60.021966552710886, -12.415281663741794 ], [ -60.021966552710886, -12.414781665203689 ], [ -60.021466553754671, -12.414781665203687 ], [ -60.021466553754671, -12.414531665934627 ], [ -60.020966554798463, -12.414531665934627 ] ] ], [ [ [ -60.020466555842255, -12.414531665934637 ], [ -60.020466555842255, -12.414781665203691 ], [ -60.020716555320355, -12.414781665203686 ], [ -60.020716555320355, -12.414531665934641 ], [ -60.020466555842255, -12.414531665934637 ] ] ], [ [ [ -60.021716553232764, -12.414281666665586 ], [ -60.021716553232764, -12.41453166593463 ], [ -60.021966552710886, -12.414531665934629 ], [ -60.021966552710886, -12.41428166666558 ], [ -60.021716553232764, -12.414281666665586 ] ] ], [ [ [ -60.022716551145187, -12.414031667396539 ], [ -60.022716551145187, -12.414281666665589 ], [ -60.022966550623295, -12.414281666665589 ], [ -60.022966550623295, -12.414031667396532 ], [ -60.022716551145187, -12.414031667396539 ] ] ], [ [ [ -60.022716551145187, -12.41353166885844 ], [ -60.022716551145187, -12.413781668127484 ], [ -60.022966550623295, -12.413781668127486 ], [ -60.022966550623295, -12.413531668858433 ], [ -60.022716551145187, -12.41353166885844 ] ] ], [ [ [ -60.022966550623295, -12.413281669589374 ], [ -60.022966550623295, -12.413531668858433 ], [ -60.023216550101395, -12.413531668858433 ], [ -60.023216550101395, -12.413281669589372 ], [ -60.022966550623295, -12.413281669589374 ] ] ], [ [ [ -60.02371654905761, -12.412281672513178 ], [ -60.02371654905761, -12.412781671051286 ], [ -60.023966548535711, -12.41278167105127 ], [ -60.023966548535711, -12.412281672513183 ], [ -60.02371654905761, -12.412281672513178 ] ] ], [ [ [ -60.026466543316744, -12.410531677629821 ], [ -60.02621654383865, -12.410531677629827 ], [ -60.02621654383865, -12.410781676898866 ], [ -60.025966544360529, -12.410781676898878 ], [ -60.025966544360529, -12.411031676167921 ], [ -60.025716544882435, -12.411031676167918 ], [ -60.025716544882435, -12.41128167543698 ], [ -60.025466545404335, -12.411281675436966 ], [ -60.025466545404335, -12.411781673975076 ], [ -60.025216545926227, -12.411781673975076 ], [ -60.025216545926227, -12.412281672513172 ], [ -60.024716546970019, -12.412281672513174 ], [ -60.024716546970019, -12.412781671051274 ], [ -60.024216548013804, -12.412781671051272 ], [ -60.024216548013804, -12.413531668858422 ], [ -60.023966548535711, -12.413531668858427 ], [ -60.023966548535711, -12.413281669589381 ], [ -60.02371654905761, -12.413281669589381 ], [ -60.02371654905761, -12.414031667396527 ], [ -60.023466549579503, -12.414031667396527 ], [ -60.023466549579503, -12.415281663741782 ], [ -60.023216550101395, -12.415281663741789 ], [ -60.023216550101395, -12.415531663010848 ], [ -60.022966550623295, -12.415531663010828 ], [ -60.022966550623295, -12.415281663741789 ], [ -60.022716551145187, -12.415281663741782 ], [ -60.022716551145187, -12.415781662279882 ], [ -60.023216550101395, -12.415781662279882 ], [ -60.023216550106945, -12.415964219657695 ], [ -60.023440398795842, -12.41586614689809 ], [ -60.023466549606717, -12.415827755718173 ], [ -60.023466549579503, -12.415531663010839 ], [ -60.023668237839161, -12.415531663028842 ], [ -60.02371654906333, -12.415460738563342 ], [ -60.02371654905761, -12.415281663741784 ], [ -60.023838528271959, -12.415281663770649 ], [ -60.023966548583331, -12.415093719786343 ], [ -60.023966548535711, -12.414531665934641 ], [ -60.02371654905761, -12.414531665934627 ], [ -60.02371654905761, -12.41428166666558 ], [ -60.024216548013804, -12.414281666665588 ], [ -60.024216548013804, -12.413781668127481 ], [ -60.024466547491912, -12.413781668127479 ], [ -60.024466547491912, -12.413531668858441 ], [ -60.024716546970019, -12.413531668858433 ], [ -60.024716546970019, -12.413281669589379 ], [ -60.024466547491912, -12.413281669589377 ], [ -60.024466547491912, -12.413031670320324 ], [ -60.025216545926227, -12.413031670320322 ], [ -60.025216545926227, -12.412781671051276 ], [ -60.025466545404335, -12.412781671051283 ], [ -60.025466545404335, -12.412531671782231 ], [ -60.025711691240119, -12.412531671784443 ], [ -60.025716544883217, -12.41252454603581 ], [ -60.025716544882435, -12.412281672513179 ], [ -60.025881975866007, -12.412281672539041 ], [ -60.025966544367563, -12.412157515080059 ], [ -60.025966544360529, -12.412031673244131 ], [ -60.026052260024819, -12.412031673270153 ], [ -60.026216543866767, -12.411790482573833 ], [ -60.02621654383865, -12.41153167470603 ], [ -60.026392826894835, -12.411531674730044 ], [ -60.02646654332365, -12.411423448601125 ], [ -60.026466543316744, -12.411281675436975 ], [ -60.026563109602286, -12.411281675464359 ], [ -60.026716542822719, -12.411056413037915 ], [ -60.026716542794844, -12.410781676898878 ], [ -60.026903673576562, -12.410781676920621 ], [ -60.026966542279503, -12.410689376008241 ], [ -60.026966542272952, -12.410531677629827 ], [ -60.02707395483278, -12.410531677658136 ], [ -60.027216541778451, -12.4103223373882 ], [ -60.027216541751059, -12.410031679091713 ], [ -60.027414515911573, -12.410031679110761 ], [ -60.027466541235128, -12.409955297301797 ], [ -60.02746654122916, -12.409781679822673 ], [ -60.027584795716713, -12.409781679851477 ], [ -60.027716540777483, -12.409588255561239 ], [ -60.027716540707253, -12.408781682746456 ], [ -60.027216541751059, -12.408781682746454 ], [ -60.027216541751059, -12.409031682015522 ], [ -60.026966542272952, -12.409031682015511 ], [ -60.026966542272952, -12.409281681284572 ], [ -60.026716542794844, -12.409281681284559 ], [ -60.026716542794844, -12.410031679091722 ], [ -60.026466543316744, -12.41003167909172 ], [ -60.026466543316744, -12.410531677629821 ] ] ], [ [ [ -60.021966552710886, -12.411281675436976 ], [ -60.021966552710886, -12.411531674706017 ], [ -60.022216552188979, -12.411531674706026 ], [ -60.022216552188979, -12.411281675436976 ], [ -60.021966552710886, -12.411281675436976 ] ] ], [ [ [ -60.022716551145187, -12.410781676898878 ], [ -60.022716551145187, -12.411031676167918 ], [ -60.022966550623295, -12.411031676167926 ], [ -60.022966550623295, -12.410781676898878 ], [ -60.022716551145187, -12.410781676898878 ] ] ], [ [ [ -60.024466547491912, -12.410281678360775 ], [ -60.024466547491912, -12.410531677629818 ], [ -60.025216545926227, -12.410531677629825 ], [ -60.025216545926227, -12.41028167836077 ], [ -60.024466547491912, -12.410281678360775 ] ] ], [ [ [ -60.025966544360529, -12.409281681284572 ], [ -60.025966544360529, -12.409531680553611 ], [ -60.02621654383865, -12.409531680553611 ], [ -60.02621654383865, -12.40928168128457 ], [ -60.025966544360529, -12.409281681284572 ] ] ], [ [ [ -60.01871655949553, -12.408781682746458 ], [ -60.01871655949553, -12.409031682015524 ], [ -60.018966558973631, -12.409031682015524 ], [ -60.018966558973631, -12.408781682746465 ], [ -60.01871655949553, -12.408781682746458 ] ] ], [ [ [ -60.025466545404335, -12.408281684208369 ], [ -60.025466545404335, -12.408531683477412 ], [ -60.025716544882435, -12.408531683477404 ], [ -60.025716544882435, -12.408281684208363 ], [ -60.025466545404335, -12.408281684208369 ] ] ], [ [ [ -60.021966552710886, -12.404531695172606 ], [ -60.021966552710886, -12.404031696634503 ], [ -60.021466553754671, -12.404031696634496 ], [ -60.021466553754671, -12.403531698096405 ], [ -60.02121655427657, -12.403531698096405 ], [ -60.02121655427657, -12.403781697365453 ], [ -60.020966554798463, -12.403781697365451 ], [ -60.020966554798463, -12.403531698096398 ], [ -60.020716555320355, -12.403531698096407 ], [ -60.020716555320355, -12.403281698827348 ], [ -60.020466555842255, -12.403281698827337 ], [ -60.020466555842255, -12.403031699558303 ], [ -60.019716557407946, -12.403031699558293 ], [ -60.019716557407946, -12.402031702482088 ], [ -60.020216556364161, -12.402031702482098 ], [ -60.020216556364161, -12.401781703213032 ], [ -60.019716557407946, -12.40178170321304 ], [ -60.019716557407946, -12.401531703943993 ], [ -60.019466557929846, -12.401531703943995 ], [ -60.019466557929846, -12.40178170321304 ], [ -60.019216558451738, -12.401781703213041 ], [ -60.019216558451738, -12.401031705405885 ], [ -60.018966558973631, -12.40103170540589 ], [ -60.018966558973631, -12.400781706136843 ], [ -60.01871655949553, -12.400781706136836 ], [ -60.01871655949553, -12.401031705405881 ], [ -60.018466560017437, -12.401031705405892 ], [ -60.018466560017437, -12.399781709060637 ], [ -60.017966561061215, -12.399781709060624 ], [ -60.017966561061215, -12.400281707598728 ], [ -60.018216560539315, -12.400281707598731 ], [ -60.018216560539315, -12.400781706136843 ], [ -60.017966561061215, -12.400781706136838 ], [ -60.017966561061215, -12.400531706867783 ], [ -60.017716561583121, -12.400531706867786 ], [ -60.017716561583121, -12.40103170540589 ], [ -60.017966561061215, -12.401031705405897 ], [ -60.017966561061215, -12.401281704674936 ], [ -60.01871655949553, -12.401281704674942 ], [ -60.01871655949553, -12.401531703943986 ], [ -60.018466560017437, -12.401531703943997 ], [ -60.018466560017437, -12.401781703213036 ], [ -60.018216560539315, -12.401781703213041 ], [ -60.018216560539315, -12.402031702482086 ], [ -60.017966561061215, -12.402031702482098 ], [ -60.017966561061215, -12.402281701751145 ], [ -60.018216560539315, -12.402281701751146 ], [ -60.018216560539315, -12.402781700289236 ], [ -60.018466560017437, -12.402781700289239 ], [ -60.018466560017437, -12.403031699558296 ], [ -60.01871655949553, -12.403031699558294 ], [ -60.01871655949553, -12.402281701751139 ], [ -60.018966558973631, -12.402281701751145 ], [ -60.018966558973631, -12.4020317024821 ], [ -60.019216558451738, -12.402031702482088 ], [ -60.019216558451738, -12.402281701751136 ], [ -60.019466557929846, -12.402281701751138 ], [ -60.019466557929846, -12.403531698096401 ], [ -60.019216558451738, -12.403531698096398 ], [ -60.019216558451738, -12.403781697365458 ], [ -60.018966558973631, -12.403781697365451 ], [ -60.018966558973631, -12.405281692979763 ], [ -60.018216560539315, -12.405281692979758 ], [ -60.018216560539315, -12.4060316907869 ], [ -60.01871655949553, -12.4060316907869 ], [ -60.01871655949553, -12.406531689324998 ], [ -60.018466560017437, -12.406531689325002 ], [ -60.018466560017437, -12.406281690055948 ], [ -60.017966561061215, -12.406281690055954 ], [ -60.017966561061215, -12.406531689325005 ], [ -60.018216560539315, -12.406531689325009 ], [ -60.018216560539315, -12.4070316878631 ], [ -60.017966561061215, -12.407031687863107 ], [ -60.017966561061215, -12.408031684939305 ], [ -60.018216560539315, -12.408031684939312 ], [ -60.018216560539315, -12.407281687132162 ], [ -60.018466560017437, -12.40728168713216 ], [ -60.018466560017437, -12.407031687863109 ], [ -60.01871655949553, -12.407031687863116 ], [ -60.01871655949553, -12.407281687132155 ], [ -60.018966558973631, -12.407281687132151 ], [ -60.018966558973631, -12.407781685670257 ], [ -60.019216558451738, -12.407781685670255 ], [ -60.019216558451738, -12.408281684208358 ], [ -60.018466560017437, -12.408281684208358 ], [ -60.018466560017437, -12.408531683477412 ], [ -60.018966558973631, -12.408531683477415 ], [ -60.018966558973631, -12.408781682746465 ], [ -60.019216558451738, -12.408781682746469 ], [ -60.019216558451738, -12.409281681284575 ], [ -60.017716561583121, -12.409281681284559 ], [ -60.017716561583121, -12.409781679822666 ], [ -60.017216562626906, -12.409781679822663 ], [ -60.017216562626906, -12.410531677629828 ], [ -60.017716561583121, -12.41053167762982 ], [ -60.017716561583121, -12.410781676898878 ], [ -60.016966563148806, -12.410781676898866 ], [ -60.016966563148806, -12.411031676167926 ], [ -60.017216562626906, -12.411031676167919 ], [ -60.017216562626906, -12.411531674706023 ], [ -60.016966563148806, -12.411531674706032 ], [ -60.016966563148806, -12.412031673244131 ], [ -60.017216562626906, -12.412031673244122 ], [ -60.017216562626906, -12.411781673975076 ], [ -60.017966561061215, -12.411781673975069 ], [ -60.017966561061215, -12.411531674706033 ], [ -60.018466560017437, -12.411531674706023 ], [ -60.018466560017437, -12.411281675436976 ], [ -60.01871655949553, -12.411281675436969 ], [ -60.01871655949553, -12.410781676898871 ], [ -60.018966558973631, -12.410781676898862 ], [ -60.018966558973631, -12.411531674706024 ], [ -60.019216558451738, -12.411531674706024 ], [ -60.019216558451738, -12.411281675436975 ], [ -60.019466557929846, -12.411281675436975 ], [ -60.019466557929846, -12.411031676167919 ], [ -60.020716555320355, -12.411031676167925 ], [ -60.020716555320355, -12.410781676898866 ], [ -60.021716553232764, -12.410781676898866 ], [ -60.021716553232764, -12.410531677629821 ], [ -60.020966554798463, -12.410531677629823 ], [ -60.020966554798463, -12.410281678360763 ], [ -60.02121655427657, -12.410281678360766 ], [ -60.02121655427657, -12.40978167982267 ], [ -60.021466553754671, -12.409781679822677 ], [ -60.021466553754671, -12.408531683477415 ], [ -60.021716553232764, -12.408531683477412 ], [ -60.021716553232764, -12.407781685670267 ], [ -60.021966552710886, -12.407781685670265 ], [ -60.021966552710886, -12.407281687132164 ], [ -60.022216552188979, -12.407281687132153 ], [ -60.022216552188979, -12.40678168859405 ], [ -60.022716551145187, -12.406781688594059 ], [ -60.022716551145187, -12.406531689325003 ], [ -60.022216552188979, -12.406531689325002 ], [ -60.022216552188979, -12.406031690786911 ], [ -60.021966552710886, -12.406031690786904 ], [ -60.021966552710886, -12.405781691517856 ], [ -60.021716553232764, -12.405781691517861 ], [ -60.021716553232764, -12.406031690786897 ], [ -60.021466553754671, -12.406031690786905 ], [ -60.021466553754671, -12.406281690055954 ], [ -60.020966554798463, -12.406281690055962 ], [ -60.020966554798463, -12.406031690786918 ], [ -60.020466555842255, -12.406031690786909 ], [ -60.020466555842255, -12.405781691517863 ], [ -60.020716555320355, -12.405781691517863 ], [ -60.020716555320355, -12.404531695172606 ], [ -60.020966554798463, -12.404531695172599 ], [ -60.020966554798463, -12.404781694441661 ], [ -60.021716553232764, -12.404781694441656 ], [ -60.021716553232764, -12.404531695172606 ], [ -60.021966552710886, -12.404531695172606 ] ], [ [ -60.018966558973631, -12.407031687863117 ], [ -60.019466557929846, -12.4070316878631 ], [ -60.019466557929846, -12.407281687132155 ], [ -60.018966558973631, -12.407281687132151 ], [ -60.018966558973631, -12.407031687863117 ] ], [ [ -60.017966561061215, -12.409781679822661 ], [ -60.017966561061215, -12.410281678360761 ], [ -60.017716561583121, -12.410281678360775 ], [ -60.017716561583121, -12.409781679822666 ], [ -60.017966561061215, -12.409781679822661 ] ], [ [ -60.017716561583121, -12.411531674706016 ], [ -60.017716561583121, -12.41128167543698 ], [ -60.017966561061215, -12.411281675436964 ], [ -60.017966561061215, -12.411531674706033 ], [ -60.017716561583121, -12.411531674706016 ] ], [ [ -60.020966554798463, -12.406781688594066 ], [ -60.020716555320355, -12.406781688594052 ], [ -60.020716555320355, -12.406531689325009 ], [ -60.020466555842255, -12.406531689325 ], [ -60.020466555842255, -12.406281690055959 ], [ -60.020966554798463, -12.406281690055962 ], [ -60.020966554798463, -12.406781688594066 ] ], [ [ -60.019466557929846, -12.404281695903544 ], [ -60.019716557407946, -12.404281695903553 ], [ -60.019716557407946, -12.404531695172611 ], [ -60.019466557929846, -12.404531695172594 ], [ -60.019466557929846, -12.404281695903544 ] ], [ [ -60.020466555842255, -12.404531695172606 ], [ -60.020466555842255, -12.404781694441647 ], [ -60.019716557407946, -12.404781694441649 ], [ -60.019716557407946, -12.404531695172611 ], [ -60.020466555842255, -12.404531695172606 ] ], [ [ -60.019716557407946, -12.405281692979756 ], [ -60.019216558451738, -12.405281692979747 ], [ -60.019216558451738, -12.404781694441649 ], [ -60.019716557407946, -12.404781694441649 ], [ -60.019716557407946, -12.405281692979756 ] ], [ [ -60.018216560539315, -12.410781676898869 ], [ -60.018216560539315, -12.410531677629821 ], [ -60.018466560017437, -12.410531677629825 ], [ -60.018466560017437, -12.410781676898862 ], [ -60.018216560539315, -12.410781676898869 ] ] ], [ [ [ -60.022216552188979, -12.406031690786911 ], [ -60.022716551145187, -12.406031690786902 ], [ -60.022716551145187, -12.40578169151785 ], [ -60.022216552188979, -12.405781691517852 ], [ -60.022216552188979, -12.406031690786911 ] ] ], [ [ [ -60.020966554798463, -12.405281692979761 ], [ -60.020966554798463, -12.405531692248799 ], [ -60.02121655427657, -12.405531692248813 ], [ -60.02121655427657, -12.405281692979747 ], [ -60.020966554798463, -12.405281692979761 ] ] ], [ [ [ -60.025716544882435, -12.40228170175115 ], [ -60.024716546970019, -12.402281701751136 ], [ -60.024716546970019, -12.403031699558303 ], [ -60.025216545926227, -12.403031699558291 ], [ -60.025216545926227, -12.403781697365449 ], [ -60.025466545404335, -12.403781697365446 ], [ -60.025466545404335, -12.404281695903546 ], [ -60.025216545926227, -12.404281695903554 ], [ -60.025216545926227, -12.404781694441652 ], [ -60.025466545404335, -12.404781694441649 ], [ -60.025466545404335, -12.40528169297975 ], [ -60.025716544882435, -12.405281692979759 ], [ -60.025716544882435, -12.405531692248802 ], [ -60.02621654383865, -12.405531692248795 ], [ -60.02621654383865, -12.407031687863116 ], [ -60.026466543316744, -12.407031687863116 ], [ -60.026466543316744, -12.407281687132159 ], [ -60.026716542794844, -12.407281687132167 ], [ -60.026716542794844, -12.408031684939319 ], [ -60.027216541751059, -12.408031684939312 ], [ -60.027216541751059, -12.408281684208371 ], [ -60.027716540707253, -12.408281684208369 ], [ -60.027716540707253, -12.40803168493931 ], [ -60.027966540185375, -12.408031684939317 ], [ -60.027966540185375, -12.407781685670258 ], [ -60.028216539663468, -12.407781685670267 ], [ -60.028216539663468, -12.407281687132162 ], [ -60.028466539141569, -12.407281687132151 ], [ -60.028466539141569, -12.406781688594059 ], [ -60.028716538619676, -12.406781688594059 ], [ -60.028716538619676, -12.406031690786914 ], [ -60.028966538097784, -12.406031690786909 ], [ -60.028966538097784, -12.4055316922488 ], [ -60.029216537575884, -12.405531692248809 ], [ -60.029216537575884, -12.404781694441649 ], [ -60.030466534966415, -12.404781694441644 ], [ -60.030466534966415, -12.405281692979754 ], [ -60.03065290832641, -12.405281693001671 ], [ -60.030716534450931, -12.405193262803156 ], [ -60.030716534444508, -12.405031693710706 ], [ -60.030832784315386, -12.405031693739419 ], [ -60.03096653394887, -12.404845802372282 ], [ -60.030966533922609, -12.404531695172601 ], [ -60.030466534966415, -12.404531695172597 ], [ -60.030466534966415, -12.404281695903546 ], [ -60.030216535488293, -12.404281695903549 ], [ -60.030216535488293, -12.404031696634503 ], [ -60.029466537053992, -12.404031696634506 ], [ -60.029466537053992, -12.404281695903556 ], [ -60.028966538097784, -12.404281695903558 ], [ -60.028966538097784, -12.40478169444166 ], [ -60.028216539663468, -12.404781694441656 ], [ -60.028216539663468, -12.404281695903551 ], [ -60.027966540185375, -12.404281695903542 ], [ -60.027966540185375, -12.403531698096399 ], [ -60.027716540707253, -12.403531698096398 ], [ -60.027716540707253, -12.403781697365449 ], [ -60.026966542272952, -12.403781697365453 ], [ -60.026966542272952, -12.403031699558293 ], [ -60.026716542794844, -12.403031699558303 ], [ -60.026716542794844, -12.402031702482084 ], [ -60.026466543316744, -12.402031702482093 ], [ -60.026466543316744, -12.402281701751141 ], [ -60.025966544360529, -12.40228170175115 ], [ -60.025966544360529, -12.403031699558294 ], [ -60.025716544882435, -12.403031699558301 ], [ -60.025716544882435, -12.40228170175115 ] ], [ [ -60.026966542272952, -12.404031696634506 ], [ -60.026716542794844, -12.404031696634494 ], [ -60.026716542794844, -12.403781697365456 ], [ -60.026966542272952, -12.403781697365453 ], [ -60.026966542272952, -12.404031696634506 ] ], [ [ -60.027716540707253, -12.404781694441658 ], [ -60.026716542794844, -12.404781694441651 ], [ -60.026716542794844, -12.404531695172601 ], [ -60.027716540707253, -12.404531695172603 ], [ -60.027716540707253, -12.404781694441658 ] ], [ [ -60.027966540185375, -12.406531689325002 ], [ -60.027716540707253, -12.406531689325 ], [ -60.027716540707253, -12.405531692248797 ], [ -60.028216539663468, -12.405531692248802 ], [ -60.028216539663468, -12.405781691517861 ], [ -60.027966540185375, -12.405781691517861 ], [ -60.027966540185375, -12.406531689325002 ] ] ], [ [ [ -60.022216552188979, -12.405281692979756 ], [ -60.022216552188979, -12.404531695172604 ], [ -60.021966552710886, -12.404531695172606 ], [ -60.021966552710886, -12.404781694441658 ], [ -60.021716553232764, -12.404781694441656 ], [ -60.021716553232764, -12.405281692979747 ], [ -60.021466553754671, -12.405281692979749 ], [ -60.021466553754671, -12.405531692248806 ], [ -60.021966552710886, -12.405531692248802 ], [ -60.021966552710886, -12.405281692979747 ], [ -60.022216552188979, -12.405281692979756 ] ] ], [ [ [ -60.018966558973631, -12.402781700289244 ], [ -60.018966558973631, -12.403031699558294 ], [ -60.019216558451738, -12.403031699558291 ], [ -60.019216558451738, -12.402781700289243 ], [ -60.018966558973631, -12.402781700289244 ] ] ], [ [ [ -60.023966548535711, -12.401531703943986 ], [ -60.023966548535711, -12.401281704674947 ], [ -60.02371654905761, -12.401281704674936 ], [ -60.02371654905761, -12.402031702482089 ], [ -60.024216548013804, -12.402031702482084 ], [ -60.024216548013804, -12.402281701751138 ], [ -60.024716546970019, -12.402281701751136 ], [ -60.024716546970019, -12.402031702482088 ], [ -60.024466547491912, -12.402031702482089 ], [ -60.024466547491912, -12.401531703943986 ], [ -60.023966548535711, -12.401531703943986 ] ] ], [ [ [ -60.022966550623295, -12.400281707598737 ], [ -60.022966550623295, -12.400781706136829 ], [ -60.023216550101395, -12.400781706136843 ], [ -60.023216550101395, -12.401531703943995 ], [ -60.023466549579503, -12.401531703943993 ], [ -60.023466549579503, -12.400531706867786 ], [ -60.023216550101395, -12.400531706867792 ], [ -60.023216550101395, -12.400281707598738 ], [ -60.022966550623295, -12.400281707598737 ] ] ], [ [ [ -60.023466549579503, -12.399781709060639 ], [ -60.023466549579503, -12.40028170759874 ], [ -60.02371654905761, -12.400281707598729 ], [ -60.02371654905761, -12.399781709060633 ], [ -60.023466549579503, -12.399781709060639 ] ] ], [ [ [ -60.022966550623295, -12.39928171052253 ], [ -60.022716551145187, -12.399281710522542 ], [ -60.022716551145187, -12.399031711253489 ], [ -60.022216552188979, -12.399031711253485 ], [ -60.022216552188979, -12.39953170979158 ], [ -60.022966550623295, -12.399531709791585 ], [ -60.022966550623295, -12.39928171052253 ] ] ], [ [ [ -60.022716551145187, -12.399031711253489 ], [ -60.022966550623295, -12.399031711253476 ], [ -60.022966550623295, -12.398781711984439 ], [ -60.022716551145187, -12.398781711984434 ], [ -60.022716551145187, -12.399031711253489 ] ] ], [ [ [ -60.019466557929846, -12.398781711984428 ], [ -60.019466557929846, -12.398531712715371 ], [ -60.019716557407946, -12.398531712715386 ], [ -60.019716557407946, -12.398281713446321 ], [ -60.019216558451738, -12.398281713446327 ], [ -60.019216558451738, -12.398781711984425 ], [ -60.019466557929846, -12.398781711984428 ] ] ], [ [ [ -60.021966552710886, -12.397781714908222 ], [ -60.021966552710886, -12.398031714177282 ], [ -60.022216552188979, -12.39803171417728 ], [ -60.022216552188979, -12.397781714908225 ], [ -60.021966552710886, -12.397781714908222 ] ] ], [ [ [ -60.019216558451738, -12.397281716370131 ], [ -60.019216558451738, -12.397781714908227 ], [ -60.019466557929846, -12.397781714908222 ], [ -60.019466557929846, -12.397281716370131 ], [ -60.019216558451738, -12.397281716370131 ] ] ], [ [ [ -60.019216558451738, -12.397281716370131 ], [ -60.019216558451738, -12.397031717101077 ], [ -60.018966558973631, -12.397031717101081 ], [ -60.018966558973631, -12.396781717832017 ], [ -60.01871655949553, -12.396781717832031 ], [ -60.01871655949553, -12.39728171637012 ], [ -60.019216558451738, -12.397281716370131 ] ] ], [ [ [ -60.021716553232764, -12.396281719293933 ], [ -60.021716553232764, -12.396781717832017 ], [ -60.021966552710886, -12.396781717832024 ], [ -60.021966552710886, -12.396281719293928 ], [ -60.021716553232764, -12.396281719293933 ] ] ], [ [ [ -60.022966550623295, -12.396031720024876 ], [ -60.022966550623295, -12.395781720755826 ], [ -60.022716551145187, -12.395781720755824 ], [ -60.022716551145187, -12.395531721486764 ], [ -60.02246655166708, -12.395531721486769 ], [ -60.02246655166708, -12.395781720755821 ], [ -60.022216552188979, -12.395781720755826 ], [ -60.022216552188979, -12.396531718562978 ], [ -60.02246655166708, -12.396531718562981 ], [ -60.02246655166708, -12.396281719293935 ], [ -60.022716551145187, -12.396281719293924 ], [ -60.022716551145187, -12.396031720024867 ], [ -60.022966550623295, -12.396031720024876 ] ] ], [ [ [ -60.018216560539315, -12.392531730258161 ], [ -60.018216560539315, -12.392781729527201 ], [ -60.018466560017437, -12.392781729527208 ], [ -60.018466560017437, -12.393281728065316 ], [ -60.01871655949553, -12.393281728065308 ], [ -60.01871655949553, -12.393531727334359 ], [ -60.018466560017437, -12.393531727334365 ], [ -60.018466560017437, -12.393781726603418 ], [ -60.01871655949553, -12.393781726603409 ], [ -60.01871655949553, -12.394281725141516 ], [ -60.018966558973631, -12.394281725141521 ], [ -60.018966558973631, -12.394031725872457 ], [ -60.019216558451738, -12.394031725872455 ], [ -60.019216558451738, -12.394531724410562 ], [ -60.019466557929846, -12.394531724410569 ], [ -60.019466557929846, -12.395031722948671 ], [ -60.019216558451738, -12.395031722948678 ], [ -60.019216558451738, -12.395281722217723 ], [ -60.018966558973631, -12.395281722217714 ], [ -60.018966558973631, -12.395781720755814 ], [ -60.019216558451738, -12.395781720755828 ], [ -60.019216558451738, -12.396031720024876 ], [ -60.019466557929846, -12.396031720024865 ], [ -60.019466557929846, -12.395781720755821 ], [ -60.019716557407946, -12.395781720755819 ], [ -60.019716557407946, -12.396031720024878 ], [ -60.01996655688604, -12.396031720024878 ], [ -60.01996655688604, -12.397031717101081 ], [ -60.02121655427657, -12.397031717101072 ], [ -60.02121655427657, -12.396281719293933 ], [ -60.020966554798463, -12.396281719293931 ], [ -60.020966554798463, -12.396531718562979 ], [ -60.020716555320355, -12.396531718562974 ], [ -60.020716555320355, -12.396031720024867 ], [ -60.020216556364161, -12.396031720024867 ], [ -60.020216556364161, -12.395031722948668 ], [ -60.02121655427657, -12.395031722948668 ], [ -60.02121655427657, -12.39578172075581 ], [ -60.021966552710886, -12.395781720755812 ], [ -60.021966552710886, -12.395531721486778 ], [ -60.02246655166708, -12.395531721486769 ], [ -60.02246655166708, -12.395281722217717 ], [ -60.022216552188979, -12.395281722217719 ], [ -60.022216552188979, -12.394781723679625 ], [ -60.02246655166708, -12.394781723679611 ], [ -60.02246655166708, -12.394281725141516 ], [ -60.023216550101395, -12.394281725141516 ], [ -60.023216550101395, -12.394031725872455 ], [ -60.023466549579503, -12.39403172587247 ], [ -60.023466549579503, -12.393781726603411 ], [ -60.02371654905761, -12.393781726603407 ], [ -60.02371654905761, -12.393281728065311 ], [ -60.023216550101395, -12.393281728065316 ], [ -60.023216550101395, -12.393031728796268 ], [ -60.022716551145187, -12.393031728796261 ], [ -60.022716551145187, -12.392781729527206 ], [ -60.021966552710886, -12.39278172952721 ], [ -60.021966552710886, -12.392531730258169 ], [ -60.021716553232764, -12.392531730258163 ], [ -60.021716553232764, -12.392281730989117 ], [ -60.020966554798463, -12.392281730989112 ], [ -60.020966554798463, -12.392031731720063 ], [ -60.020466555842255, -12.392031731720065 ], [ -60.020466555842255, -12.392281730989101 ], [ -60.020216556364161, -12.392281730989104 ], [ -60.020216556364161, -12.392031731720051 ], [ -60.019716557407946, -12.392031731720051 ], [ -60.019716557407946, -12.392281730989106 ], [ -60.018966558973631, -12.392281730989117 ], [ -60.018966558973631, -12.392531730258165 ], [ -60.018216560539315, -12.392531730258161 ] ], [ [ -60.020966554798463, -12.393781726603409 ], [ -60.020716555320355, -12.393781726603416 ], [ -60.020716555320355, -12.393531727334357 ], [ -60.020966554798463, -12.393531727334359 ], [ -60.020966554798463, -12.393781726603409 ] ] ], [ [ [ -60.024216548013804, -12.392781729527217 ], [ -60.024466547491912, -12.392781729527217 ], [ -60.024466547491912, -12.392281730989106 ], [ -60.024216548013804, -12.392281730989119 ], [ -60.024216548013804, -12.392781729527217 ] ] ], [ [ [ -60.018966558973631, -12.392031731720056 ], [ -60.019216558451738, -12.392031731720056 ], [ -60.019216558451738, -12.391781732451006 ], [ -60.018966558973631, -12.391781732451012 ], [ -60.018966558973631, -12.392031731720056 ] ] ], [ [ [ -60.020966554798463, -12.391781732451006 ], [ -60.020966554798463, -12.392031731720063 ], [ -60.021466553754671, -12.392031731720058 ], [ -60.021466553754671, -12.391781732451006 ], [ -60.020966554798463, -12.391781732451006 ] ] ], [ [ [ -60.023966548535711, -12.392281730989104 ], [ -60.023966548535711, -12.392031731720047 ], [ -60.024216548013804, -12.392031731720058 ], [ -60.024216548013804, -12.391531733181949 ], [ -60.02371654905761, -12.391531733181949 ], [ -60.02371654905761, -12.392281730989117 ], [ -60.023966548535711, -12.392281730989104 ] ] ], [ [ [ -60.019466557929846, -12.391531733181949 ], [ -60.019466557929846, -12.391781732451003 ], [ -60.019716557407946, -12.391781732451005 ], [ -60.019716557407946, -12.391531733181955 ], [ -60.019466557929846, -12.391531733181949 ] ] ], [ [ [ -60.023216550101395, -12.391281733912898 ], [ -60.023216550101395, -12.391531733181953 ], [ -60.02371654905761, -12.391531733181949 ], [ -60.02371654905761, -12.391281733912898 ], [ -60.023216550101395, -12.391281733912898 ] ] ], [ [ [ -60.020216556364161, -12.389281739760493 ], [ -60.020216556364161, -12.389031740491447 ], [ -60.020466555842255, -12.38903174049144 ], [ -60.020466555842255, -12.388781741222394 ], [ -60.019716557407946, -12.388781741222404 ], [ -60.019716557407946, -12.389281739760504 ], [ -60.020216556364161, -12.389281739760493 ] ] ], [ [ [ -60.022966550623295, -12.388781741222406 ], [ -60.022966550623295, -12.389031740491442 ], [ -60.023216550101395, -12.389031740491456 ], [ -60.023216550101395, -12.388781741222394 ], [ -60.023466549579503, -12.388781741222399 ], [ -60.023466549579503, -12.388531741953354 ], [ -60.02371654905761, -12.388531741953347 ], [ -60.02371654905761, -12.388031743415244 ], [ -60.023216550101395, -12.388031743415247 ], [ -60.023216550101395, -12.38828174268429 ], [ -60.022716551145187, -12.388281742684299 ], [ -60.022716551145187, -12.388531741953342 ], [ -60.022216552188979, -12.388531741953354 ], [ -60.022216552188979, -12.389031740491452 ], [ -60.022716551145187, -12.389031740491458 ], [ -60.022716551145187, -12.388781741222399 ], [ -60.022966550623295, -12.388781741222406 ] ] ], [ [ [ -60.02121655427657, -12.388531741953352 ], [ -60.02121655427657, -12.388281742684287 ], [ -60.020966554798463, -12.388281742684299 ], [ -60.020966554798463, -12.388031743415246 ], [ -60.020716555320355, -12.388031743415246 ], [ -60.020716555320355, -12.38828174268429 ], [ -60.020466555842255, -12.388281742684303 ], [ -60.020466555842255, -12.387781744146189 ], [ -60.020216556364161, -12.387781744146187 ], [ -60.020216556364161, -12.388031743415254 ], [ -60.019716557407946, -12.388031743415238 ], [ -60.019716557407946, -12.388531741953354 ], [ -60.020466555842255, -12.388531741953344 ], [ -60.020466555842255, -12.388781741222394 ], [ -60.020716555320355, -12.388781741222397 ], [ -60.020716555320355, -12.388531741953351 ], [ -60.02121655427657, -12.388531741953352 ] ] ], [ [ [ -60.019466557929846, -12.387781744146189 ], [ -60.019466557929846, -12.388031743415251 ], [ -60.019716557407946, -12.388031743415238 ], [ -60.019716557407946, -12.387781744146197 ], [ -60.019466557929846, -12.387781744146189 ] ] ], [ [ [ -60.022716551145187, -12.388281742684299 ], [ -60.022716551145187, -12.388031743415242 ], [ -60.023216550101395, -12.388031743415247 ], [ -60.023216550101395, -12.387281745608082 ], [ -60.022716551145187, -12.387281745608087 ], [ -60.022716551145187, -12.387781744146201 ], [ -60.022216552188979, -12.387781744146189 ], [ -60.022216552188979, -12.387281745608085 ], [ -60.021716553232764, -12.387281745608087 ], [ -60.021716553232764, -12.386781747069993 ], [ -60.021466553754671, -12.386781747069998 ], [ -60.021466553754671, -12.387281745608085 ], [ -60.02121655427657, -12.387281745608092 ], [ -60.02121655427657, -12.387781744146196 ], [ -60.021466553754671, -12.387781744146196 ], [ -60.021466553754671, -12.388781741222402 ], [ -60.021966552710886, -12.388781741222392 ], [ -60.021966552710886, -12.388281742684292 ], [ -60.022716551145187, -12.388281742684299 ] ] ], [ [ [ -60.020466555842255, -12.386281748531889 ], [ -60.020466555842255, -12.387031746339035 ], [ -60.020716555320355, -12.387031746339034 ], [ -60.020716555320355, -12.38628174853188 ], [ -60.020466555842255, -12.386281748531889 ] ] ], [ [ [ -60.021716553232764, -12.385781749993789 ], [ -60.021466553754671, -12.385781749993793 ], [ -60.021466553754671, -12.385531750724741 ], [ -60.021139203325603, -12.385531750829001 ], [ -60.02096655480463, -12.385700917038712 ], [ -60.020966554798463, -12.385781749993781 ], [ -60.020884057727962, -12.38578175001928 ], [ -60.020716555345231, -12.385945873347151 ], [ -60.020716555320355, -12.38628174853188 ], [ -60.020966554798463, -12.386281748531884 ], [ -60.020966554798463, -12.386531747800941 ], [ -60.021716553232764, -12.386531747800937 ], [ -60.021716553232764, -12.386781747069993 ], [ -60.021966552710886, -12.386781747069994 ], [ -60.021966552710886, -12.385531750724731 ], [ -60.021716553232764, -12.385531750724734 ], [ -60.021716553232764, -12.385781749993789 ] ] ], [ [ [ -60.023216550101395, -12.385031752186631 ], [ -60.022966550623295, -12.385031752186636 ], [ -60.022966550623295, -12.384281754379488 ], [ -60.022414918875121, -12.384281754581329 ], [ -60.022216552193846, -12.384476123420113 ], [ -60.022216552188979, -12.384531753648531 ], [ -60.022159777629355, -12.384531753668776 ], [ -60.021966552758755, -12.384721083700006 ], [ -60.021966552710886, -12.385281751455684 ], [ -60.022216552188979, -12.385281751455677 ], [ -60.022216552188979, -12.385531750724736 ], [ -60.02246655166708, -12.385531750724732 ], [ -60.02246655166708, -12.385781749993781 ], [ -60.022966550623295, -12.385781749993789 ], [ -60.022966550623295, -12.385531750724743 ], [ -60.023216550101395, -12.38553175072474 ], [ -60.023216550101395, -12.385031752186631 ] ] ], [ [ [ -60.016630121571005, -12.422031644032318 ], [ -60.016716563677491, -12.421931107440782 ], [ -60.016716563670698, -12.421781644737116 ], [ -60.016466564192591, -12.421781644737111 ], [ -60.016466564192591, -12.422031644006159 ], [ -60.016630121571005, -12.422031644032318 ] ] ], [ [ [ -60.014966567323974, -12.420281649122797 ], [ -60.014966567323974, -12.420031649853762 ], [ -60.014716567845866, -12.420031649853744 ], [ -60.014716567845866, -12.419531651315655 ], [ -60.014466568367766, -12.419531651315646 ], [ -60.014466568367766, -12.420281649122796 ], [ -60.014216568889672, -12.420281649122799 ], [ -60.014216568889672, -12.420781647660913 ], [ -60.014466568367766, -12.420781647660906 ], [ -60.014466568367766, -12.420531648391862 ], [ -60.015216566802081, -12.420531648391853 ], [ -60.015216566802081, -12.420281649122799 ], [ -60.014966567323974, -12.420281649122797 ] ] ], [ [ [ -60.015216566802081, -12.41978165058471 ], [ -60.015216566802081, -12.420031649853748 ], [ -60.015466566280182, -12.420031649853753 ], [ -60.015466566280182, -12.419781650584701 ], [ -60.015216566802081, -12.41978165058471 ] ] ], [ [ [ -60.013966569411565, -12.419531651315642 ], [ -60.014216568889672, -12.41953165131565 ], [ -60.014216568889672, -12.419281652046598 ], [ -60.013966569411565, -12.419281652046594 ], [ -60.013966569411565, -12.419531651315642 ] ] ], [ [ [ -60.017216562626906, -12.419531651315655 ], [ -60.017716561583121, -12.419531651315648 ], [ -60.017716561583121, -12.4192816520466 ], [ -60.017216562626906, -12.419281652046596 ], [ -60.017216562626906, -12.419531651315655 ] ] ], [ [ [ -60.015216566802081, -12.418281654970395 ], [ -60.015216566802081, -12.418531654239457 ], [ -60.015716565758289, -12.418531654239439 ], [ -60.015716565758289, -12.418281654970402 ], [ -60.015216566802081, -12.418281654970395 ] ] ], [ [ [ -60.016716563670698, -12.417281657894199 ], [ -60.016716563670698, -12.417031658625145 ], [ -60.015966565236397, -12.417031658625138 ], [ -60.015966565236397, -12.416781659356086 ], [ -60.015716565758289, -12.416781659356092 ], [ -60.015716565758289, -12.4172816578942 ], [ -60.016716563670698, -12.417281657894199 ] ] ], [ [ [ -60.01621656471449, -12.416531660087042 ], [ -60.01621656471449, -12.416781659356085 ], [ -60.017216562626906, -12.416781659356081 ], [ -60.017216562626906, -12.416281660817994 ], [ -60.016966563148806, -12.416281660817987 ], [ -60.016966563148806, -12.41653166008704 ], [ -60.01621656471449, -12.416531660087042 ] ] ], [ [ [ -60.01621656471449, -12.416031661548933 ], [ -60.01621656471449, -12.416281660817996 ], [ -60.016466564192591, -12.41628166081799 ], [ -60.016466564192591, -12.416031661548946 ], [ -60.01621656471449, -12.416031661548933 ] ] ], [ [ [ -60.015716565758289, -12.414281666665589 ], [ -60.015716565758289, -12.414531665934627 ], [ -60.014716567845866, -12.41453166593463 ], [ -60.014716567845866, -12.415281663741792 ], [ -60.014466568367766, -12.415281663741782 ], [ -60.014466568367766, -12.415531663010832 ], [ -60.014216568889672, -12.415531663010835 ], [ -60.014216568889672, -12.416031661548935 ], [ -60.013966569411565, -12.416031661548937 ], [ -60.013966569411565, -12.416281660817996 ], [ -60.013716569933457, -12.416281660817994 ], [ -60.013716569933457, -12.416531660087044 ], [ -60.013216570977249, -12.416531660087045 ], [ -60.013216570977249, -12.417031658625147 ], [ -60.013466570455357, -12.417031658625143 ], [ -60.013466570455357, -12.4172816578942 ], [ -60.013716569933457, -12.417281657894195 ], [ -60.013716569933457, -12.4177816564323 ], [ -60.013966569411565, -12.4177816564323 ], [ -60.013966569411565, -12.41728165789419 ], [ -60.014716567845866, -12.417281657894192 ], [ -60.014716567845866, -12.41778165643229 ], [ -60.015466566280182, -12.417781656432298 ], [ -60.015466566280182, -12.417031658625136 ], [ -60.015216566802081, -12.417031658625149 ], [ -60.015216566802081, -12.416781659356097 ], [ -60.015466566280182, -12.41678165935609 ], [ -60.015466566280182, -12.41653166008704 ], [ -60.015716565758289, -12.416531660087044 ], [ -60.015716565758289, -12.416281660817994 ], [ -60.015966565236397, -12.416281660817987 ], [ -60.015966565236397, -12.416031661548944 ], [ -60.01621656471449, -12.416031661548933 ], [ -60.01621656471449, -12.415531663010839 ], [ -60.016466564192591, -12.415531663010844 ], [ -60.016466564192591, -12.415281663741796 ], [ -60.016716563670698, -12.415281663741784 ], [ -60.016716563670698, -12.41453166593463 ], [ -60.015966565236397, -12.414531665934629 ], [ -60.015966565236397, -12.413781668127486 ], [ -60.015466566280182, -12.413781668127477 ], [ -60.015466566280182, -12.414281666665584 ], [ -60.015716565758289, -12.414281666665589 ] ], [ [ -60.015966565236397, -12.415531663010842 ], [ -60.015966565236397, -12.415281663741782 ], [ -60.01621656471449, -12.415281663741785 ], [ -60.01621656471449, -12.415531663010839 ], [ -60.015966565236397, -12.415531663010842 ] ], [ [ -60.015216566802081, -12.415531663010832 ], [ -60.015466566280182, -12.415531663010833 ], [ -60.015466566280182, -12.415781662279887 ], [ -60.015216566802081, -12.415781662279885 ], [ -60.015216566802081, -12.415531663010832 ] ], [ [ -60.015216566802081, -12.416031661548935 ], [ -60.014966567323974, -12.416031661548937 ], [ -60.014966567323974, -12.415781662279892 ], [ -60.015216566802081, -12.415781662279885 ], [ -60.015216566802081, -12.416031661548935 ] ], [ [ -60.014966567323974, -12.416281660817994 ], [ -60.014716567845866, -12.416281660817994 ], [ -60.014716567845866, -12.41603166154894 ], [ -60.014966567323974, -12.416031661548937 ], [ -60.014966567323974, -12.416281660817994 ] ] ], [ [ [ -60.016716563670698, -12.415281663741784 ], [ -60.016716563670698, -12.415531663010833 ], [ -60.017216562626906, -12.415531663010844 ], [ -60.017216562626906, -12.414781665203682 ], [ -60.016966563148806, -12.414781665203689 ], [ -60.016966563148806, -12.415281663741782 ], [ -60.016716563670698, -12.415281663741784 ] ] ], [ [ [ -60.016716563670698, -12.414031667396534 ], [ -60.016716563670698, -12.414281666665577 ], [ -60.016966563148806, -12.414281666665577 ], [ -60.016966563148806, -12.414031667396531 ], [ -60.016716563670698, -12.414031667396534 ] ] ], [ [ [ -60.018466560017437, -12.414031667396525 ], [ -60.018966558973631, -12.414031667396531 ], [ -60.018966558973631, -12.413781668127481 ], [ -60.018466560017437, -12.413781668127486 ], [ -60.018466560017437, -12.414031667396525 ] ] ], [ [ [ -60.017716561583121, -12.41378166812749 ], [ -60.018216560539315, -12.413781668127488 ], [ -60.018216560539315, -12.413531668858429 ], [ -60.017716561583121, -12.413531668858429 ], [ -60.017716561583121, -12.41378166812749 ] ] ], [ [ [ -60.014466568367766, -12.409781679822663 ], [ -60.014466568367766, -12.41028167836077 ], [ -60.014716567845866, -12.410281678360763 ], [ -60.014716567845866, -12.409781679822668 ], [ -60.014466568367766, -12.409781679822663 ] ] ], [ [ [ -60.016966563148806, -12.409531680553622 ], [ -60.016966563148806, -12.409781679822668 ], [ -60.017216562626906, -12.409781679822663 ], [ -60.017216562626906, -12.409531680553609 ], [ -60.016966563148806, -12.409531680553622 ] ] ], [ [ [ -60.014466568367766, -12.409281681284568 ], [ -60.014466568367766, -12.409531680553624 ], [ -60.014716567845866, -12.409531680553609 ], [ -60.014716567845866, -12.409281681284568 ], [ -60.014466568367766, -12.409281681284568 ] ] ], [ [ [ -60.014216568889672, -12.409031682015515 ], [ -60.014216568889672, -12.409281681284558 ], [ -60.014466568367766, -12.409281681284568 ], [ -60.014466568367766, -12.409031682015517 ], [ -60.014216568889672, -12.409031682015515 ] ] ], [ [ [ -60.017716561583121, -12.408531683477413 ], [ -60.017716561583121, -12.408781682746461 ], [ -60.017216562626906, -12.408781682746454 ], [ -60.017216562626906, -12.409031682015511 ], [ -60.018216560539315, -12.409031682015526 ], [ -60.018216560539315, -12.408781682746467 ], [ -60.017966561061215, -12.408781682746465 ], [ -60.017966561061215, -12.408531683477417 ], [ -60.017716561583121, -12.408531683477413 ] ] ], [ [ [ -60.014466568367766, -12.408281684208355 ], [ -60.014466568367766, -12.408531683477417 ], [ -60.014716567845866, -12.408531683477422 ], [ -60.014716567845866, -12.408281684208371 ], [ -60.014466568367766, -12.408281684208355 ] ] ], [ [ [ -60.014716567845866, -12.408031684939303 ], [ -60.014716567845866, -12.408281684208371 ], [ -60.015216566802081, -12.408281684208369 ], [ -60.015216566802081, -12.408031684939308 ], [ -60.014716567845866, -12.408031684939303 ] ] ], [ [ [ -60.016716563670698, -12.405531692248806 ], [ -60.016466564192591, -12.405531692248804 ], [ -60.016466564192591, -12.405781691517859 ], [ -60.015716565758289, -12.40578169151785 ], [ -60.015716565758289, -12.406031690786911 ], [ -60.01621656471449, -12.406031690786907 ], [ -60.01621656471449, -12.406281690055952 ], [ -60.015466566280182, -12.406281690055955 ], [ -60.015466566280182, -12.406031690786897 ], [ -60.014716567845866, -12.406031690786913 ], [ -60.014716567845866, -12.405531692248807 ], [ -60.014466568367766, -12.405531692248804 ], [ -60.014466568367766, -12.405781691517854 ], [ -60.014216568889672, -12.405781691517861 ], [ -60.014216568889672, -12.406031690786902 ], [ -60.013716569933457, -12.406031690786907 ], [ -60.013716569933457, -12.405031693710706 ], [ -60.013966569411565, -12.405031693710699 ], [ -60.013966569411565, -12.404781694441649 ], [ -60.013716569933457, -12.404781694441647 ], [ -60.013716569933457, -12.404531695172604 ], [ -60.013966569411565, -12.404531695172604 ], [ -60.013966569411565, -12.404281695903547 ], [ -60.013466570455357, -12.404281695903549 ], [ -60.013466570455357, -12.404031696634506 ], [ -60.012966571499142, -12.404031696634497 ], [ -60.012966571499142, -12.404531695172592 ], [ -60.01221657306484, -12.40453169517261 ], [ -60.01221657306484, -12.404781694441654 ], [ -60.013216570977249, -12.404781694441651 ], [ -60.013216570977249, -12.405281692979754 ], [ -60.013466570455357, -12.405281692979752 ], [ -60.013466570455357, -12.405781691517863 ], [ -60.012966571499142, -12.40578169151785 ], [ -60.012966571499142, -12.406031690786911 ], [ -60.012716572021041, -12.406031690786913 ], [ -60.012716572021041, -12.406281690055955 ], [ -60.012966571499142, -12.406281690055955 ], [ -60.012966571499142, -12.407031687863116 ], [ -60.012716572021041, -12.407031687863107 ], [ -60.012716572021041, -12.407281687132167 ], [ -60.012466572542934, -12.407281687132162 ], [ -60.012466572542934, -12.40778168567026 ], [ -60.01221657306484, -12.407781685670269 ], [ -60.01221657306484, -12.40853168347741 ], [ -60.012466572542934, -12.408531683477415 ], [ -60.012466572542934, -12.408031684939312 ], [ -60.012716572021041, -12.408031684939315 ], [ -60.012716572021041, -12.407531686401212 ], [ -60.012966571499142, -12.40753168640121 ], [ -60.012966571499142, -12.40728168713216 ], [ -60.013216570977249, -12.407281687132159 ], [ -60.013216570977249, -12.406531689325009 ], [ -60.013716569933457, -12.406531689325002 ], [ -60.013716569933457, -12.406281690055952 ], [ -60.013966569411565, -12.406281690055959 ], [ -60.013966569411565, -12.407781685670262 ], [ -60.014216568889672, -12.407781685670258 ], [ -60.014216568889672, -12.408031684939308 ], [ -60.014716567845866, -12.408031684939303 ], [ -60.014716567845866, -12.407031687863116 ], [ -60.015216566802081, -12.407031687863114 ], [ -60.015216566802081, -12.407781685670264 ], [ -60.015466566280182, -12.407781685670265 ], [ -60.015466566280182, -12.407281687132164 ], [ -60.015716565758289, -12.407281687132155 ], [ -60.015716565758289, -12.407781685670262 ], [ -60.01621656471449, -12.407781685670255 ], [ -60.01621656471449, -12.408031684939306 ], [ -60.016716563670698, -12.408031684939305 ], [ -60.016716563670698, -12.407281687132151 ], [ -60.01621656471449, -12.407281687132153 ], [ -60.01621656471449, -12.407031687863105 ], [ -60.015966565236397, -12.407031687863116 ], [ -60.015966565236397, -12.406781688594062 ], [ -60.016466564192591, -12.406781688594069 ], [ -60.016466564192591, -12.407031687863107 ], [ -60.017216562626906, -12.407031687863107 ], [ -60.017216562626906, -12.406531689324995 ], [ -60.016966563148806, -12.406531689325016 ], [ -60.016966563148806, -12.406281690055957 ], [ -60.017216562626906, -12.406281690055959 ], [ -60.017216562626906, -12.406031690786902 ], [ -60.016966563148806, -12.406031690786913 ], [ -60.016966563148806, -12.405781691517856 ], [ -60.017216562626906, -12.405781691517847 ], [ -60.017216562626906, -12.405531692248811 ], [ -60.017966561061215, -12.4055316922488 ], [ -60.017966561061215, -12.404281695903547 ], [ -60.017216562626906, -12.404281695903556 ], [ -60.017216562626906, -12.404531695172603 ], [ -60.016716563670698, -12.404531695172594 ], [ -60.016716563670698, -12.404781694441645 ], [ -60.016466564192591, -12.404781694441661 ], [ -60.016466564192591, -12.405281692979754 ], [ -60.016716563670698, -12.405281692979752 ], [ -60.016716563670698, -12.405531692248806 ] ], [ [ -60.016966563148806, -12.406781688594057 ], [ -60.016716563670698, -12.406781688594062 ], [ -60.016716563670698, -12.406531689325002 ], [ -60.016966563148806, -12.406531689325016 ], [ -60.016966563148806, -12.406781688594057 ] ], [ [ -60.016966563148806, -12.405531692248799 ], [ -60.016966563148806, -12.405281692979758 ], [ -60.017216562626906, -12.405281692979756 ], [ -60.017216562626906, -12.405531692248811 ], [ -60.016966563148806, -12.405531692248799 ] ], [ [ -60.014466568367766, -12.406531689325009 ], [ -60.014466568367766, -12.406281690055952 ], [ -60.014716567845866, -12.406281690055959 ], [ -60.014716567845866, -12.406531689325005 ], [ -60.014466568367766, -12.406531689325009 ] ], [ [ -60.015216566802081, -12.406781688594057 ], [ -60.015216566802081, -12.406531689325009 ], [ -60.015466566280182, -12.406531689325012 ], [ -60.015466566280182, -12.406781688594055 ], [ -60.015216566802081, -12.406781688594057 ] ] ], [ [ [ -60.015466566280182, -12.405781691517861 ], [ -60.015716565758289, -12.40578169151785 ], [ -60.015716565758289, -12.405281692979752 ], [ -60.015466566280182, -12.405281692979756 ], [ -60.015466566280182, -12.405781691517861 ] ] ], [ [ [ -60.013966569411565, -12.404531695172604 ], [ -60.013966569411565, -12.404781694441649 ], [ -60.014216568889672, -12.404781694441649 ], [ -60.014216568889672, -12.405531692248804 ], [ -60.014466568367766, -12.405531692248804 ], [ -60.014466568367766, -12.405281692979756 ], [ -60.014716567845866, -12.405281692979754 ], [ -60.014716567845866, -12.404531695172603 ], [ -60.013966569411565, -12.404531695172604 ] ] ], [ [ [ -60.01621656471449, -12.404281695903542 ], [ -60.01621656471449, -12.40478169444166 ], [ -60.016466564192591, -12.404781694441661 ], [ -60.016466564192591, -12.404281695903554 ], [ -60.01621656471449, -12.404281695903542 ] ] ], [ [ [ -60.014716567845866, -12.404281695903544 ], [ -60.014716567845866, -12.404531695172603 ], [ -60.015216566802081, -12.404531695172597 ], [ -60.015216566802081, -12.404281695903553 ], [ -60.014716567845866, -12.404281695903544 ] ] ], [ [ [ -60.018216560539315, -12.404031696634501 ], [ -60.018216560539315, -12.404531695172597 ], [ -60.018466560017437, -12.404531695172606 ], [ -60.018466560017437, -12.404031696634492 ], [ -60.018216560539315, -12.404031696634501 ] ] ], [ [ [ -60.016716563670698, -12.403531698096401 ], [ -60.016716563670698, -12.403781697365449 ], [ -60.016966563148806, -12.403781697365444 ], [ -60.016966563148806, -12.403531698096396 ], [ -60.016716563670698, -12.403531698096401 ] ] ], [ [ [ -60.018466560017437, -12.403281698827337 ], [ -60.018466560017437, -12.403031699558296 ], [ -60.017966561061215, -12.4030316995583 ], [ -60.017966561061215, -12.403531698096399 ], [ -60.017716561583121, -12.403531698096396 ], [ -60.017716561583121, -12.40378169736544 ], [ -60.018216560539315, -12.403781697365453 ], [ -60.018216560539315, -12.403531698096391 ], [ -60.018966558973631, -12.403531698096407 ], [ -60.018966558973631, -12.403281698827339 ], [ -60.018466560017437, -12.403281698827337 ] ] ], [ [ [ -60.017966561061215, -12.401531703943993 ], [ -60.017966561061215, -12.401781703213038 ], [ -60.018216560539315, -12.401781703213041 ], [ -60.018216560539315, -12.401531703943983 ], [ -60.017966561061215, -12.401531703943993 ] ] ], [ [ [ -60.015216566802081, -12.400531706867788 ], [ -60.015216566802081, -12.40078170613684 ], [ -60.015466566280182, -12.400781706136833 ], [ -60.015466566280182, -12.400531706867786 ], [ -60.015216566802081, -12.400531706867788 ] ] ], [ [ [ -60.01871655949553, -12.398281713446327 ], [ -60.01871655949553, -12.398031714177277 ], [ -60.019216558451738, -12.398031714177284 ], [ -60.019216558451738, -12.397781714908227 ], [ -60.018466560017437, -12.397781714908225 ], [ -60.018466560017437, -12.398281713446334 ], [ -60.01871655949553, -12.398281713446327 ] ] ], [ [ [ -60.017216562626906, -12.397281716370131 ], [ -60.017216562626906, -12.398031714177272 ], [ -60.017716561583121, -12.398031714177273 ], [ -60.017716561583121, -12.397281716370122 ], [ -60.017216562626906, -12.397281716370131 ] ] ], [ [ [ -60.01871655949553, -12.396281719293935 ], [ -60.01871655949553, -12.396531718562972 ], [ -60.019216558451738, -12.396531718562974 ], [ -60.019216558451738, -12.396281719293924 ], [ -60.01871655949553, -12.396281719293935 ] ] ], [ [ [ -60.016966563148806, -12.395281722217712 ], [ -60.016966563148806, -12.395531721486782 ], [ -60.017216562626906, -12.395531721486771 ], [ -60.017216562626906, -12.395281722217714 ], [ -60.016966563148806, -12.395281722217712 ] ] ], [ [ [ -60.016716563670698, -12.394781723679614 ], [ -60.016716563670698, -12.39528172221771 ], [ -60.016966563148806, -12.395281722217712 ], [ -60.016966563148806, -12.394781723679614 ], [ -60.016716563670698, -12.394781723679614 ] ] ], [ [ [ -60.017216562626906, -12.394531724410573 ], [ -60.017216562626906, -12.395281722217714 ], [ -60.017716561583121, -12.395281722217716 ], [ -60.017716561583121, -12.394531724410566 ], [ -60.017216562626906, -12.394531724410573 ] ] ], [ [ [ -60.01621656471449, -12.394531724410557 ], [ -60.01621656471449, -12.394781723679626 ], [ -60.016466564192591, -12.394781723679625 ], [ -60.016466564192591, -12.394531724410573 ], [ -60.01621656471449, -12.394531724410557 ] ] ], [ [ [ -60.014216568889672, -12.394031725872457 ], [ -60.014466568367766, -12.394031725872461 ], [ -60.014466568367766, -12.393781726603414 ], [ -60.014216568889672, -12.393781726603416 ], [ -60.014216568889672, -12.394031725872457 ] ] ], [ [ [ -60.016466564192591, -12.394031725872468 ], [ -60.016716563670698, -12.394031725872461 ], [ -60.016716563670698, -12.393781726603409 ], [ -60.016466564192591, -12.393781726603411 ], [ -60.016466564192591, -12.394031725872468 ] ] ], [ [ [ -60.017716561583121, -12.393031728796261 ], [ -60.017716561583121, -12.393281728065309 ], [ -60.017966561061215, -12.393281728065315 ], [ -60.017966561061215, -12.393031728796259 ], [ -60.017716561583121, -12.393031728796261 ] ] ], [ [ [ -60.015966565236397, -12.392031731720049 ], [ -60.015966565236397, -12.392281730989112 ], [ -60.01621656471449, -12.392281730989113 ], [ -60.01621656471449, -12.392031731720058 ], [ -60.015966565236397, -12.392031731720049 ] ] ], [ [ [ -60.017716561583121, -12.392031731720067 ], [ -60.017716561583121, -12.392281730989115 ], [ -60.017966561061215, -12.392281730989112 ], [ -60.017966561061215, -12.392031731720047 ], [ -60.017716561583121, -12.392031731720067 ] ] ], [ [ [ -60.015966565236397, -12.391281733912912 ], [ -60.015716565758289, -12.391281733912912 ], [ -60.015716565758289, -12.391781732451003 ], [ -60.015966565236397, -12.39178173245101 ], [ -60.015966565236397, -12.391531733181958 ], [ -60.01621656471449, -12.391531733181949 ], [ -60.01621656471449, -12.392031731720058 ], [ -60.016466564192591, -12.392031731720056 ], [ -60.016466564192591, -12.392281730989119 ], [ -60.016966563148806, -12.392281730989108 ], [ -60.016966563148806, -12.393031728796259 ], [ -60.017216562626906, -12.393031728796258 ], [ -60.017216562626906, -12.392781729527215 ], [ -60.017716561583121, -12.392781729527204 ], [ -60.017716561583121, -12.392281730989115 ], [ -60.017216562626906, -12.392281730989113 ], [ -60.017216562626906, -12.392031731720053 ], [ -60.017716561583121, -12.392031731720067 ], [ -60.017716561583121, -12.391781732451006 ], [ -60.018216560539315, -12.39178173245101 ], [ -60.018216560539315, -12.39128173391291 ], [ -60.017966561061215, -12.391281733912908 ], [ -60.017966561061215, -12.390531736105752 ], [ -60.017716561583121, -12.390531736105759 ], [ -60.017716561583121, -12.390281736836704 ], [ -60.016966563148806, -12.390281736836702 ], [ -60.016966563148806, -12.390531736105759 ], [ -60.016466564192591, -12.390531736105761 ], [ -60.016466564192591, -12.390781735374805 ], [ -60.01621656471449, -12.3907817353748 ], [ -60.01621656471449, -12.39103173464386 ], [ -60.015966565236397, -12.391031734643851 ], [ -60.015966565236397, -12.391281733912912 ] ], [ [ -60.016966563148806, -12.392031731720053 ], [ -60.016966563148806, -12.391781732451006 ], [ -60.016716563670698, -12.391781732451006 ], [ -60.016716563670698, -12.39153173318196 ], [ -60.017216562626906, -12.391531733181957 ], [ -60.017216562626906, -12.392031731720053 ], [ -60.016966563148806, -12.392031731720053 ] ], [ [ -60.017716561583121, -12.3907817353748 ], [ -60.017216562626906, -12.390781735374805 ], [ -60.017216562626906, -12.390531736105753 ], [ -60.017716561583121, -12.390531736105759 ], [ -60.017716561583121, -12.3907817353748 ] ], [ [ -60.017216562626906, -12.39103173464385 ], [ -60.016966563148806, -12.39103173464385 ], [ -60.016966563148806, -12.390781735374802 ], [ -60.017216562626906, -12.390781735374805 ], [ -60.017216562626906, -12.39103173464385 ] ], [ [ -60.016716563670698, -12.391031734643859 ], [ -60.016716563670698, -12.391281733912914 ], [ -60.01621656471449, -12.39128173391291 ], [ -60.01621656471449, -12.39103173464386 ], [ -60.016716563670698, -12.391031734643859 ] ] ], [ [ [ -60.018966558973631, -12.39103173464385 ], [ -60.018966558973631, -12.3912817339129 ], [ -60.018466560017437, -12.391281733912916 ], [ -60.018466560017437, -12.391781732451006 ], [ -60.018966558973631, -12.391781732451012 ], [ -60.018966558973631, -12.391531733181951 ], [ -60.019216558451738, -12.391531733181958 ], [ -60.019216558451738, -12.391031734643859 ], [ -60.018966558973631, -12.39103173464385 ] ] ], [ [ [ -60.016036128414761, -12.390531736128926 ], [ -60.015966565241989, -12.390599891722395 ], [ -60.015966565236397, -12.390781735374802 ], [ -60.01621656471449, -12.3907817353748 ], [ -60.01621656471449, -12.390531736105759 ], [ -60.016036128414761, -12.390531736128926 ] ] ], [ [ [ -60.018466560017437, -12.391031734643857 ], [ -60.018966558973631, -12.39103173464385 ], [ -60.018966558973631, -12.390781735374798 ], [ -60.019216558451738, -12.3907817353748 ], [ -60.019216558451738, -12.390531736105762 ], [ -60.01871655949553, -12.390531736105746 ], [ -60.01871655949553, -12.390281736836696 ], [ -60.019216558451738, -12.390281736836695 ], [ -60.019216558451738, -12.389781738298598 ], [ -60.018966558973631, -12.3897817382986 ], [ -60.018966558973631, -12.38953173902955 ], [ -60.019716557407946, -12.389531739029547 ], [ -60.019716557407946, -12.389281739760504 ], [ -60.019466557929846, -12.389281739760492 ], [ -60.019466557929846, -12.388031743415251 ], [ -60.019216558451738, -12.388031743415251 ], [ -60.019216558451738, -12.387781744146183 ], [ -60.018842861657369, -12.387781744233278 ], [ -60.018716559502579, -12.387905495209319 ], [ -60.01871655949553, -12.388031743415244 ], [ -60.018587708392516, -12.388031743444049 ], [ -60.018466560024471, -12.388150444343436 ], [ -60.018466560017437, -12.388281742684288 ], [ -60.018332554218574, -12.388281742712966 ], [ -60.018216560546314, -12.388395392678326 ], [ -60.018216560539315, -12.38853174195334 ], [ -60.018077399194979, -12.388531741981804 ], [ -60.017966561068143, -12.388640340213916 ], [ -60.017966561061215, -12.388781741222395 ], [ -60.017822243321675, -12.388781741250538 ], [ -60.017716561589964, -12.388885286950215 ], [ -60.017716561583121, -12.389031740491447 ], [ -60.017567086598646, -12.389031740519187 ], [ -60.017466562111757, -12.389130232887183 ], [ -60.017466562105014, -12.389281739760508 ], [ -60.017311929025887, -12.389281739787721 ], [ -60.017216562633514, -12.389375178024842 ], [ -60.017216562626906, -12.389531739029552 ], [ -60.017056770603347, -12.389531739056153 ], [ -60.01696656315525, -12.389620122363134 ], [ -60.016966563148806, -12.389781738298602 ], [ -60.017716561583121, -12.389781738298607 ], [ -60.017716561583121, -12.390281736836704 ], [ -60.017966561061215, -12.3902817368367 ], [ -60.017966561061215, -12.390531736105752 ], [ -60.018216560539315, -12.390531736105764 ], [ -60.018216560539315, -12.390781735374807 ], [ -60.018466560017437, -12.3907817353748 ], [ -60.018466560017437, -12.391031734643857 ] ], [ [ -60.019216558451738, -12.3892817397605 ], [ -60.018966558973631, -12.389281739760502 ], [ -60.018966558973631, -12.388781741222399 ], [ -60.019216558451738, -12.388781741222399 ], [ -60.019216558451738, -12.3892817397605 ] ], [ [ -60.01871655949553, -12.389031740491443 ], [ -60.018466560017437, -12.389031740491456 ], [ -60.018466560017437, -12.388781741222397 ], [ -60.01871655949553, -12.388781741222399 ], [ -60.01871655949553, -12.389031740491443 ] ] ], [ [ [ -60.010966575674317, -12.42653163084907 ], [ -60.010966575674317, -12.425781633041927 ], [ -60.010716576196209, -12.425781633041911 ], [ -60.010716576196209, -12.426031632310977 ], [ -60.010466576718116, -12.426031632310972 ], [ -60.010466576726373, -12.426492023237042 ], [ -60.010513274929167, -12.426531630866643 ], [ -60.010716576196209, -12.426531630849077 ], [ -60.010716576202263, -12.426704063028588 ], [ -60.010808029647819, -12.426781630144953 ], [ -60.010966575674317, -12.426781630118125 ], [ -60.010966575681351, -12.426916102325015 ], [ -60.011102785173613, -12.427031629415858 ], [ -60.011216575152417, -12.427031629387178 ], [ -60.011216575159125, -12.427128141122521 ], [ -60.011397541605291, -12.427281628763057 ], [ -60.011716574108632, -12.427281628656226 ], [ -60.011716574108632, -12.427031629387171 ], [ -60.011966573586733, -12.427031629387184 ], [ -60.011966573586733, -12.427281628656226 ], [ -60.012115997771339, -12.427281628684034 ], [ -60.012216573071889, -12.427164661984275 ], [ -60.01221657306484, -12.427031629387175 ], [ -60.012330962637961, -12.427031629415877 ], [ -60.012466572549521, -12.426873917767642 ], [ -60.012466572542934, -12.426781630118123 ], [ -60.012545926849228, -12.426781630143189 ], [ -60.012716572025667, -12.426583172515768 ], [ -60.012716572021041, -12.426531630849079 ], [ -60.01221657306484, -12.426531630849068 ], [ -60.01221657306484, -12.426281631580023 ], [ -60.011966573586733, -12.42628163158003 ], [ -60.011966573586733, -12.426531630849071 ], [ -60.011466574630525, -12.426531630849082 ], [ -60.011466574630525, -12.426281631580018 ], [ -60.011216575152417, -12.426281631580014 ], [ -60.011216575152417, -12.426531630849068 ], [ -60.010966575674317, -12.42653163084907 ] ] ], [ [ [ -60.012716572021041, -12.42578163304192 ], [ -60.012716572021041, -12.426531630849079 ], [ -60.012760890405133, -12.426531630865949 ], [ -60.012966571527365, -12.426292426197211 ], [ -60.012966571499142, -12.426031632310966 ], [ -60.013190815530571, -12.426031632321664 ], [ -60.013216570980227, -12.426001678898549 ], [ -60.013216570977249, -12.425781633041927 ], [ -60.012716572021041, -12.42578163304192 ] ] ], [ [ [ -60.013620737999673, -12.425531633800208 ], [ -60.013716569940442, -12.42542018112719 ], [ -60.013716569933457, -12.425281634503811 ], [ -60.013466570455357, -12.425281634503829 ], [ -60.013466570455357, -12.425531633772877 ], [ -60.013620737999673, -12.425531633800208 ] ] ], [ [ [ -60.013716569933457, -12.424531636696667 ], [ -60.013716569933457, -12.424781635965712 ], [ -60.013966569411565, -12.424781635965713 ], [ -60.013966569411565, -12.424531636696669 ], [ -60.013716569933457, -12.424531636696667 ] ] ], [ [ [ -60.013466570455357, -12.424281637427622 ], [ -60.013466570455357, -12.42453163669666 ], [ -60.013716569933457, -12.424531636696667 ], [ -60.013716569933457, -12.424281637427622 ], [ -60.013466570455357, -12.424281637427622 ] ] ], [ [ [ -60.014716567845866, -12.421781644737109 ], [ -60.014716567845866, -12.421031646929961 ], [ -60.013966569411565, -12.421031646929954 ], [ -60.013966569411565, -12.42078164766091 ], [ -60.013216570977249, -12.42078164766091 ], [ -60.013216570977249, -12.420531648391846 ], [ -60.012966571499142, -12.420531648391847 ], [ -60.012966571499142, -12.420281649122808 ], [ -60.012716572021041, -12.420281649122812 ], [ -60.012716572021041, -12.420031649853744 ], [ -60.012966571499142, -12.420031649853753 ], [ -60.012966571499142, -12.419781650584698 ], [ -60.013216570977249, -12.419781650584699 ], [ -60.013216570977249, -12.420031649853758 ], [ -60.013966569411565, -12.420031649853756 ], [ -60.013966569411565, -12.41978165058471 ], [ -60.013466570455357, -12.41978165058471 ], [ -60.013466570455357, -12.419281652046601 ], [ -60.013216570977249, -12.419281652046596 ], [ -60.013216570977249, -12.419031652777559 ], [ -60.012716572021041, -12.419031652777544 ], [ -60.012716572021041, -12.4187816535085 ], [ -60.012466572542934, -12.418781653508491 ], [ -60.012466572542934, -12.419531651315651 ], [ -60.01221657306484, -12.419531651315646 ], [ -60.01221657306484, -12.419781650584694 ], [ -60.011966573586733, -12.419781650584694 ], [ -60.011966573586733, -12.419531651315648 ], [ -60.011716574108632, -12.419531651315641 ], [ -60.011716574108632, -12.41978165058471 ], [ -60.011466574630525, -12.419781650584698 ], [ -60.011466574630525, -12.420031649853756 ], [ -60.010966575674317, -12.420031649853751 ], [ -60.010966575674317, -12.419781650584698 ], [ -60.010716576196209, -12.419781650584712 ], [ -60.010716576196209, -12.420031649853751 ], [ -60.010466576718116, -12.420031649853755 ], [ -60.010466576718116, -12.420281649122799 ], [ -60.011216575152417, -12.420281649122805 ], [ -60.011216575152417, -12.420531648391846 ], [ -60.010716576196209, -12.420531648391858 ], [ -60.010716576196209, -12.420781647660906 ], [ -60.010466576718116, -12.420781647660913 ], [ -60.010466576718116, -12.421031646929954 ], [ -60.010716576196209, -12.421031646929956 ], [ -60.010716576196209, -12.421281646199008 ], [ -60.010216577240001, -12.421281646199002 ], [ -60.010216577240001, -12.422281643275209 ], [ -60.010466576718116, -12.42228164327522 ], [ -60.010466576718116, -12.42303164108236 ], [ -60.009966577761908, -12.423031641082362 ], [ -60.009966577761908, -12.423281640351416 ], [ -60.010466576718116, -12.423281640351417 ], [ -60.010466576718116, -12.423531639620455 ], [ -60.010966575674317, -12.423531639620458 ], [ -60.010966575674317, -12.423281640351417 ], [ -60.011216575152417, -12.423281640351414 ], [ -60.011216575152417, -12.423031641082371 ], [ -60.010716576196209, -12.423031641082362 ], [ -60.010716576196209, -12.422781641813312 ], [ -60.010966575674317, -12.422781641813318 ], [ -60.010966575674317, -12.422531642544266 ], [ -60.011216575152417, -12.422531642544252 ], [ -60.011216575152417, -12.422281643275213 ], [ -60.011716574108632, -12.422281643275209 ], [ -60.011716574108632, -12.422781641813311 ], [ -60.011466574630525, -12.422781641813321 ], [ -60.011466574630525, -12.423281640351421 ], [ -60.01221657306484, -12.423281640351407 ], [ -60.01221657306484, -12.423531639620473 ], [ -60.012716572021041, -12.423531639620462 ], [ -60.012716572021041, -12.42378163888951 ], [ -60.013466570455357, -12.423781638889514 ], [ -60.013466570455357, -12.424031638158571 ], [ -60.013966569411565, -12.424031638158567 ], [ -60.013966569411565, -12.424281637427619 ], [ -60.014216568889672, -12.42428163742761 ], [ -60.014216568889672, -12.424531636696676 ], [ -60.014466568367766, -12.424531636696674 ], [ -60.014466568367766, -12.424031638158564 ], [ -60.014910489615254, -12.424031638204635 ], [ -60.014966567329417, -12.423966418568094 ], [ -60.014966567323974, -12.423781638889512 ], [ -60.015125445930465, -12.423781638916292 ], [ -60.015216566808974, -12.423675662944008 ], [ -60.015216566802081, -12.423531639620469 ], [ -60.014966567323974, -12.423531639620467 ], [ -60.014966567323974, -12.423281640351421 ], [ -60.015216566802081, -12.423281640351407 ], [ -60.015216566802081, -12.423031641082359 ], [ -60.015466566280182, -12.423031641082364 ], [ -60.015466566280182, -12.422781641813318 ], [ -60.015985264367522, -12.422781642035263 ], [ -60.016200217556204, -12.422531642551334 ], [ -60.015966565236397, -12.422531642544255 ], [ -60.015966565236397, -12.421781644737106 ], [ -60.01621656471449, -12.421781644737113 ], [ -60.01621656471449, -12.421531645468056 ], [ -60.015966565236397, -12.421531645468052 ], [ -60.015966565236397, -12.421031646929952 ], [ -60.015216566802081, -12.421031646929952 ], [ -60.015216566802081, -12.4217816447371 ], [ -60.014716567845866, -12.421781644737109 ] ], [ [ -60.011716574108632, -12.420531648391858 ], [ -60.011716574108632, -12.420281649122803 ], [ -60.011966573586733, -12.420281649122805 ], [ -60.011966573586733, -12.420781647660901 ], [ -60.011716574108632, -12.420781647660899 ], [ -60.011716574108632, -12.42103164692996 ], [ -60.011466574630525, -12.421031646929949 ], [ -60.011466574630525, -12.420781647660901 ], [ -60.011216575152417, -12.420781647660906 ], [ -60.011216575152417, -12.420531648391846 ], [ -60.011716574108632, -12.420531648391858 ] ], [ [ -60.012716572021041, -12.421531645468059 ], [ -60.01221657306484, -12.421531645468059 ], [ -60.01221657306484, -12.420781647660908 ], [ -60.012966571499142, -12.420781647660904 ], [ -60.012966571499142, -12.421031646929965 ], [ -60.012716572021041, -12.421031646929958 ], [ -60.012716572021041, -12.421531645468059 ] ], [ [ -60.013466570455357, -12.422281643275204 ], [ -60.012466572542934, -12.42228164327522 ], [ -60.012466572542934, -12.422031644006164 ], [ -60.013216570977249, -12.422031644006148 ], [ -60.013216570977249, -12.421531645468058 ], [ -60.014216568889672, -12.421531645468054 ], [ -60.014216568889672, -12.422281643275202 ], [ -60.014716567845866, -12.422281643275209 ], [ -60.014716567845866, -12.422781641813305 ], [ -60.014466568367766, -12.422781641813311 ], [ -60.014466568367766, -12.423531639620467 ], [ -60.013716569933457, -12.423531639620466 ], [ -60.013716569933457, -12.423281640351417 ], [ -60.013466570455357, -12.423281640351421 ], [ -60.013466570455357, -12.422281643275204 ] ], [ [ -60.012966571499142, -12.423031641082364 ], [ -60.012716572021041, -12.423031641082357 ], [ -60.012716572021041, -12.422781641813303 ], [ -60.012966571499142, -12.422781641813309 ], [ -60.012966571499142, -12.423031641082364 ] ] ], [ [ [ -60.013466570455357, -12.420281649122797 ], [ -60.013466570455357, -12.420531648391856 ], [ -60.013966569411565, -12.420531648391846 ], [ -60.013966569411565, -12.420281649122799 ], [ -60.013466570455357, -12.420281649122797 ] ] ], [ [ [ -60.011966573586733, -12.419281652046605 ], [ -60.011966573586733, -12.419531651315648 ], [ -60.01221657306484, -12.419531651315646 ], [ -60.01221657306484, -12.4192816520466 ], [ -60.011966573586733, -12.419281652046605 ] ] ], [ [ [ -60.011466574630525, -12.418781653508505 ], [ -60.011466574630525, -12.419031652777555 ], [ -60.011716574108632, -12.419031652777544 ], [ -60.011716574108632, -12.418781653508496 ], [ -60.011466574630525, -12.418781653508505 ] ] ], [ [ [ -60.013466570455357, -12.418781653508505 ], [ -60.013216570977249, -12.418781653508496 ], [ -60.013216570977249, -12.419031652777559 ], [ -60.013466570455357, -12.419031652777546 ], [ -60.013466570455357, -12.419281652046601 ], [ -60.013716569933457, -12.419281652046598 ], [ -60.013716569933457, -12.418531654239446 ], [ -60.013466570455357, -12.418531654239446 ], [ -60.013466570455357, -12.418781653508505 ] ] ], [ [ [ -60.012716572021041, -12.4187816535085 ], [ -60.013216570977249, -12.418781653508496 ], [ -60.013216570977249, -12.418531654239457 ], [ -60.012716572021041, -12.418531654239459 ], [ -60.012716572021041, -12.4187816535085 ] ] ], [ [ [ -60.011966573586733, -12.4182816549704 ], [ -60.011966573586733, -12.418531654239452 ], [ -60.012466572542934, -12.418531654239446 ], [ -60.012466572542934, -12.418281654970404 ], [ -60.011966573586733, -12.4182816549704 ] ] ], [ [ [ -60.013716569933457, -12.418281654970393 ], [ -60.013716569933457, -12.4177816564323 ], [ -60.013216570977249, -12.41778165643229 ], [ -60.013216570977249, -12.417531657163234 ], [ -60.012466572542934, -12.417531657163243 ], [ -60.012466572542934, -12.418281654970404 ], [ -60.013716569933457, -12.418281654970393 ] ] ], [ [ [ -60.011716574108632, -12.417031658625143 ], [ -60.011716574108632, -12.417281657894192 ], [ -60.011966573586733, -12.41728165789419 ], [ -60.011966573586733, -12.417031658625145 ], [ -60.011716574108632, -12.417031658625143 ] ] ], [ [ [ -60.012716572021041, -12.417031658625145 ], [ -60.012716572021041, -12.417281657894195 ], [ -60.012966571499142, -12.417281657894197 ], [ -60.012966571499142, -12.417031658625135 ], [ -60.012716572021041, -12.417031658625145 ] ] ], [ [ [ -60.011966573586733, -12.416781659356088 ], [ -60.011966573586733, -12.417031658625145 ], [ -60.01221657306484, -12.417031658625149 ], [ -60.01221657306484, -12.416781659356102 ], [ -60.011966573586733, -12.416781659356088 ] ] ], [ [ [ -60.011466574630525, -12.416531660087033 ], [ -60.011466574630525, -12.416781659356095 ], [ -60.011966573586733, -12.416781659356088 ], [ -60.011966573586733, -12.416531660087033 ], [ -60.011466574630525, -12.416531660087033 ] ] ], [ [ [ -60.012716572021041, -12.416281660817999 ], [ -60.012716572021041, -12.416531660087045 ], [ -60.013216570977249, -12.416531660087045 ], [ -60.013216570977249, -12.416281660817997 ], [ -60.012716572021041, -12.416281660817999 ] ] ], [ [ [ -60.013466570455357, -12.41578166227989 ], [ -60.013466570455357, -12.416031661548939 ], [ -60.013716569933457, -12.416031661548942 ], [ -60.013716569933457, -12.415781662279896 ], [ -60.013466570455357, -12.41578166227989 ] ] ], [ [ [ -60.011966573586733, -12.414781665203691 ], [ -60.011966573586733, -12.415281663741787 ], [ -60.012716572021041, -12.415281663741794 ], [ -60.012716572021041, -12.414781665203687 ], [ -60.011966573586733, -12.414781665203691 ] ] ], [ [ [ -60.013716569933457, -12.41478166520368 ], [ -60.013716569933457, -12.415281663741784 ], [ -60.013966569411565, -12.41528166374178 ], [ -60.013966569411565, -12.414781665203682 ], [ -60.013716569933457, -12.41478166520368 ] ] ], [ [ [ -60.011966573586733, -12.414031667396525 ], [ -60.011966573586733, -12.414281666665593 ], [ -60.01221657306484, -12.414281666665584 ], [ -60.01221657306484, -12.414031667396529 ], [ -60.011966573586733, -12.414031667396525 ] ] ], [ [ [ -60.013966569411565, -12.413781668127472 ], [ -60.013966569411565, -12.414281666665593 ], [ -60.014216568889672, -12.414281666665584 ], [ -60.014216568889672, -12.413781668127486 ], [ -60.013966569411565, -12.413781668127472 ] ] ], [ [ [ -60.013216570977249, -12.413281669589383 ], [ -60.013216570977249, -12.413781668127477 ], [ -60.013466570455357, -12.413781668127475 ], [ -60.013466570455357, -12.414031667396529 ], [ -60.013716569933457, -12.414031667396525 ], [ -60.013716569933457, -12.413531668858434 ], [ -60.013466570455357, -12.413531668858425 ], [ -60.013466570455357, -12.413281669589374 ], [ -60.013216570977249, -12.413281669589383 ] ] ], [ [ [ -60.013716569933457, -12.413031670320331 ], [ -60.013716569933457, -12.413531668858434 ], [ -60.013966569411565, -12.413531668858438 ], [ -60.013966569411565, -12.413031670320327 ], [ -60.013716569933457, -12.413031670320331 ] ] ], [ [ [ -60.011966573586733, -12.41278167105127 ], [ -60.011966573586733, -12.41328166958937 ], [ -60.01221657306484, -12.413281669589377 ], [ -60.01221657306484, -12.412781671051272 ], [ -60.011966573586733, -12.41278167105127 ] ] ], [ [ [ -60.013216570977249, -12.409281681284554 ], [ -60.013466570455357, -12.409281681284567 ], [ -60.013466570455357, -12.409031682015522 ], [ -60.013216570977249, -12.409031682015517 ], [ -60.013216570977249, -12.409281681284554 ] ] ], [ [ [ -60.013716569933457, -12.409031682015515 ], [ -60.013966569411565, -12.40903168201552 ], [ -60.013966569411565, -12.408781682746472 ], [ -60.013716569933457, -12.408781682746469 ], [ -60.013716569933457, -12.409031682015515 ] ] ], [ [ [ -60.01221657306484, -12.409031682015513 ], [ -60.01221657306484, -12.40853168347741 ], [ -60.011716574108632, -12.408531683477412 ], [ -60.011716574108632, -12.408281684208369 ], [ -60.011466574630525, -12.408281684208365 ], [ -60.011466574630525, -12.408031684939312 ], [ -60.011216575152417, -12.408031684939306 ], [ -60.011216575152417, -12.408531683477408 ], [ -60.011466574630525, -12.40853168347742 ], [ -60.011466574630525, -12.408781682746465 ], [ -60.011716574108632, -12.408781682746461 ], [ -60.011716574108632, -12.409281681284561 ], [ -60.011966573586733, -12.409281681284572 ], [ -60.011966573586733, -12.409031682015513 ], [ -60.01221657306484, -12.409031682015513 ] ] ], [ [ [ -60.012966571499142, -12.408281684208358 ], [ -60.012966571499142, -12.408531683477404 ], [ -60.013216570977249, -12.408531683477408 ], [ -60.013216570977249, -12.408281684208365 ], [ -60.012966571499142, -12.408281684208358 ] ] ], [ [ [ -60.013466570455357, -12.40778168567026 ], [ -60.013466570455357, -12.408031684939305 ], [ -60.013966569411565, -12.408031684939315 ], [ -60.013966569411565, -12.407781685670262 ], [ -60.013466570455357, -12.40778168567026 ] ] ], [ [ [ -60.011966573586733, -12.405531692248795 ], [ -60.011966573586733, -12.405781691517861 ], [ -60.012716572021041, -12.405781691517857 ], [ -60.012716572021041, -12.405531692248809 ], [ -60.011966573586733, -12.405531692248795 ] ] ], [ [ [ -60.011716574108632, -12.405281692979756 ], [ -60.011716574108632, -12.405531692248809 ], [ -60.011966573586733, -12.405531692248795 ], [ -60.011966573586733, -12.405281692979754 ], [ -60.011716574108632, -12.405281692979756 ] ] ], [ [ [ -60.013966569411565, -12.403781697365456 ], [ -60.013966569411565, -12.404281695903547 ], [ -60.014466568367766, -12.404281695903542 ], [ -60.014466568367766, -12.403781697365448 ], [ -60.013966569411565, -12.403781697365456 ] ] ], [ [ [ -60.012716572021041, -12.403781697365448 ], [ -60.012716572021041, -12.404031696634499 ], [ -60.012966571499142, -12.404031696634497 ], [ -60.012966571499142, -12.403781697365456 ], [ -60.012716572021041, -12.403781697365448 ] ] ], [ [ [ -60.012966571499142, -12.403781697365456 ], [ -60.013716569933457, -12.403781697365455 ], [ -60.013716569933457, -12.403531698096396 ], [ -60.012966571499142, -12.403531698096389 ], [ -60.012966571499142, -12.403781697365456 ] ] ], [ [ [ -60.013466570455357, -12.402281701751136 ], [ -60.013716569933457, -12.40228170175115 ], [ -60.013716569933457, -12.401781703213034 ], [ -60.013466570455357, -12.401781703213041 ], [ -60.013466570455357, -12.402281701751136 ] ] ], [ [ [ -60.013716569933457, -12.401531703943999 ], [ -60.013716569933457, -12.401781703213034 ], [ -60.013966569411565, -12.401781703213045 ], [ -60.013966569411565, -12.401531703944 ], [ -60.013716569933457, -12.401531703943999 ] ] ], [ [ [ -60.011716574108632, -12.400781706136831 ], [ -60.011716574108632, -12.401031705405881 ], [ -60.011966573586733, -12.401031705405888 ], [ -60.011966573586733, -12.400781706136833 ], [ -60.011716574108632, -12.400781706136831 ] ] ], [ [ [ -60.013716569933457, -12.400781706136831 ], [ -60.013716569933457, -12.401031705405893 ], [ -60.013966569411565, -12.401031705405885 ], [ -60.013966569411565, -12.400781706136831 ], [ -60.013716569933457, -12.400781706136831 ] ] ], [ [ [ -60.013216570977249, -12.399031711253484 ], [ -60.013216570977249, -12.39953170979158 ], [ -60.013466570455357, -12.399531709791583 ], [ -60.013466570455357, -12.399031711253482 ], [ -60.013216570977249, -12.399031711253484 ] ] ], [ [ [ -60.012716572021041, -12.399031711253475 ], [ -60.012716572021041, -12.399281710522539 ], [ -60.012966571499142, -12.399281710522539 ], [ -60.012966571499142, -12.39903171125348 ], [ -60.012716572021041, -12.399031711253475 ] ] ], [ [ [ -60.013466570455357, -12.398531712715389 ], [ -60.013466570455357, -12.398781711984443 ], [ -60.013966569411565, -12.39878171198443 ], [ -60.013966569411565, -12.398531712715373 ], [ -60.013466570455357, -12.398531712715389 ] ] ], [ [ [ -60.016966563148806, -12.397281716370127 ], [ -60.017216562626906, -12.397281716370131 ], [ -60.017216562626906, -12.396531718562967 ], [ -60.017716561583121, -12.396531718562972 ], [ -60.017716561583121, -12.396781717832024 ], [ -60.018466560017437, -12.396781717832022 ], [ -60.018466560017437, -12.395531721486774 ], [ -60.01871655949553, -12.395531721486776 ], [ -60.01871655949553, -12.395281722217728 ], [ -60.018466560017437, -12.395281722217723 ], [ -60.018466560017437, -12.393781726603418 ], [ -60.018216560539315, -12.393781726603423 ], [ -60.018216560539315, -12.393281728065308 ], [ -60.017966561061215, -12.393281728065315 ], [ -60.017966561061215, -12.393531727334357 ], [ -60.017716561583121, -12.393531727334357 ], [ -60.017716561583121, -12.394531724410566 ], [ -60.018216560539315, -12.394531724410557 ], [ -60.018216560539315, -12.395281722217723 ], [ -60.017966561061215, -12.395281722217717 ], [ -60.017966561061215, -12.396031720024869 ], [ -60.017216562626906, -12.396031720024865 ], [ -60.017216562626906, -12.396281719293917 ], [ -60.016966563148806, -12.396281719293928 ], [ -60.016966563148806, -12.396031720024881 ], [ -60.016716563670698, -12.396031720024867 ], [ -60.016716563670698, -12.395531721486767 ], [ -60.016466564192591, -12.395531721486769 ], [ -60.016466564192591, -12.395281722217723 ], [ -60.01621656471449, -12.395281722217717 ], [ -60.01621656471449, -12.394781723679626 ], [ -60.015716565758289, -12.394781723679614 ], [ -60.015716565758289, -12.39428172514152 ], [ -60.016466564192591, -12.394281725141505 ], [ -60.016466564192591, -12.394031725872468 ], [ -60.015966565236397, -12.394031725872468 ], [ -60.015966565236397, -12.393281728065313 ], [ -60.01621656471449, -12.393281728065311 ], [ -60.01621656471449, -12.393781726603422 ], [ -60.016466564192591, -12.393781726603411 ], [ -60.016466564192591, -12.393531727334361 ], [ -60.016716563670698, -12.393531727334359 ], [ -60.016716563670698, -12.393781726603409 ], [ -60.016966563148806, -12.393781726603418 ], [ -60.016966563148806, -12.393281728065313 ], [ -60.016466564192591, -12.393281728065313 ], [ -60.016466564192591, -12.39303172879627 ], [ -60.01621656471449, -12.393031728796272 ], [ -60.01621656471449, -12.392781729527218 ], [ -60.015966565236397, -12.392781729527218 ], [ -60.015966565236397, -12.392281730989112 ], [ -60.015716565758289, -12.39228173098911 ], [ -60.015716565758289, -12.39278172952721 ], [ -60.015466566280182, -12.392781729527204 ], [ -60.015466566280182, -12.391531733181962 ], [ -60.015015472604361, -12.39153173322268 ], [ -60.014966567328351, -12.391579648290518 ], [ -60.014966567323974, -12.391781732451008 ], [ -60.014760306555523, -12.391781732467647 ], [ -60.014716567849874, -12.391824585433785 ], [ -60.014716567845866, -12.392031731720049 ], [ -60.014505139633563, -12.392031731735109 ], [ -60.01446656837139, -12.392069521777495 ], [ -60.014466568367766, -12.392281730989119 ], [ -60.014249971861524, -12.392281731002457 ], [ -60.014216568892891, -12.39231445732165 ], [ -60.014216568889672, -12.392531730258165 ], [ -60.013994803239349, -12.392531730269711 ], [ -60.01396656941435, -12.39255939206622 ], [ -60.013966569411565, -12.392781729527202 ], [ -60.015216566802081, -12.392781729527211 ], [ -60.015216566802081, -12.393031728796258 ], [ -60.014716567845866, -12.393031728796254 ], [ -60.014716567845866, -12.393281728065315 ], [ -60.015216566802081, -12.393281728065304 ], [ -60.015216566802081, -12.39378172660342 ], [ -60.014716567845866, -12.393781726603404 ], [ -60.014716567845866, -12.394031725872466 ], [ -60.014466568367766, -12.394031725872461 ], [ -60.014466568367766, -12.394281725141509 ], [ -60.015216566802081, -12.394281725141523 ], [ -60.015216566802081, -12.394531724410564 ], [ -60.014716567845866, -12.394531724410573 ], [ -60.014716567845866, -12.394781723679618 ], [ -60.013966569411565, -12.394781723679623 ], [ -60.013966569411565, -12.394031725872473 ], [ -60.013716569933457, -12.39403172587247 ], [ -60.013716569933457, -12.393531727334372 ], [ -60.013466570455357, -12.393531727334357 ], [ -60.013466570455357, -12.39378172660342 ], [ -60.012966571499142, -12.393781726603418 ], [ -60.012966571499142, -12.394031725872457 ], [ -60.012716572021041, -12.394031725872463 ], [ -60.01271657202129, -12.393784053794743 ], [ -60.012466572543239, -12.394028983740826 ], [ -60.012466572542934, -12.394031725872463 ], [ -60.012463773649344, -12.39403172587374 ], [ -60.012216573065693, -12.394273912886661 ], [ -60.01221657306484, -12.394281725141511 ], [ -60.012466572542934, -12.394281725141512 ], [ -60.012466572542934, -12.394531724410569 ], [ -60.013216570977249, -12.394531724410571 ], [ -60.013216570977249, -12.394281725141511 ], [ -60.013466570455357, -12.394281725141516 ], [ -60.013466570455357, -12.395031722948666 ], [ -60.011966573586733, -12.395031722948669 ], [ -60.011966573586733, -12.394531724410561 ], [ -60.011953423641458, -12.394531724416314 ], [ -60.011716574110515, -12.394763768779148 ], [ -60.011716574108632, -12.394781723679623 ], [ -60.011698247361934, -12.394781723687455 ], [ -60.011466574658577, -12.395008695500589 ], [ -60.011466574630525, -12.395281722217716 ], [ -60.011187892147348, -12.395281722331591 ], [ -60.010966575677571, -12.395498546619553 ], [ -60.010966575674317, -12.395531721486769 ], [ -60.010932713420743, -12.395531721500289 ], [ -60.010716576199876, -12.395743470966728 ], [ -60.010716576196209, -12.395781720755824 ], [ -60.010677533739361, -12.395781720771035 ], [ -60.010466576722173, -12.395988394514035 ], [ -60.010466576718116, -12.396031720024872 ], [ -60.010422353207453, -12.396031720041671 ], [ -60.010216577244414, -12.396233317261492 ], [ -60.010216577240001, -12.396281719293924 ], [ -60.010466576718116, -12.396281719293931 ], [ -60.010466576718116, -12.39678171783202 ], [ -60.009966577761908, -12.396781717832022 ], [ -60.009966577761908, -12.396531718562979 ], [ -60.009911989591906, -12.396531718582663 ], [ -60.009716578310552, -12.396723160335473 ], [ -60.0097165782838, -12.397031717101081 ], [ -60.009401622486664, -12.397031717208691 ], [ -60.009216579333227, -12.397213000252259 ], [ -60.009216579327592, -12.397281716370134 ], [ -60.009146437788814, -12.397281716393437 ], [ -60.008966579855375, -12.397457919000095 ], [ -60.008966579849485, -12.397531715639175 ], [ -60.008891252153077, -12.397531715663476 ], [ -60.008716580377509, -12.397702836947929 ], [ -60.008716580371392, -12.397781714908227 ], [ -60.008636065666593, -12.397781714933426 ], [ -60.008466580918402, -12.397947754077368 ], [ -60.008466580893277, -12.398281713446332 ], [ -60.008716580371392, -12.398281713446323 ], [ -60.008716580371392, -12.398031714177279 ], [ -60.008966579849485, -12.398031714177277 ], [ -60.008966579849485, -12.398781711984428 ], [ -60.008716580371392, -12.398781711984423 ], [ -60.008716580371392, -12.39928171052253 ], [ -60.008216581415184, -12.399281710522537 ], [ -60.008216581415184, -12.399781709060624 ], [ -60.007966581937076, -12.39978170906063 ], [ -60.007966581937076, -12.40028170759874 ], [ -60.008466580893277, -12.400281707598733 ], [ -60.008466580893277, -12.400531706867795 ], [ -60.008716580371392, -12.400531706867797 ], [ -60.008716580371392, -12.400781706136833 ], [ -60.008966579849485, -12.400781706136842 ], [ -60.008966579849485, -12.401281704674947 ], [ -60.009216579327592, -12.401281704674933 ], [ -60.009216579327592, -12.402031702482091 ], [ -60.008966579849485, -12.402031702482091 ], [ -60.008966579849485, -12.402281701751141 ], [ -60.009466578805693, -12.402281701751139 ], [ -60.009466578805693, -12.402031702482086 ], [ -60.010466576718116, -12.402031702482091 ], [ -60.010466576718116, -12.402281701751138 ], [ -60.0097165782838, -12.402281701751138 ], [ -60.0097165782838, -12.403281698827346 ], [ -60.010466576718116, -12.403281698827341 ], [ -60.010466576718116, -12.403531698096407 ], [ -60.010966575674317, -12.403531698096403 ], [ -60.010966575674317, -12.403781697365456 ], [ -60.011216575152417, -12.403781697365451 ], [ -60.011216575152417, -12.404031696634497 ], [ -60.011716574108632, -12.404031696634501 ], [ -60.011716574108632, -12.404281695903546 ], [ -60.011966573586733, -12.404281695903554 ], [ -60.011966573586733, -12.404531695172608 ], [ -60.01221657306484, -12.40453169517261 ], [ -60.01221657306484, -12.403781697365442 ], [ -60.012716572021041, -12.403781697365448 ], [ -60.012716572021041, -12.403531698096403 ], [ -60.012966571499142, -12.403531698096389 ], [ -60.012966571499142, -12.403281698827339 ], [ -60.013216570977249, -12.403281698827346 ], [ -60.013216570977249, -12.4030316995583 ], [ -60.013716569933457, -12.403031699558291 ], [ -60.013716569933457, -12.403281698827342 ], [ -60.013966569411565, -12.403281698827351 ], [ -60.013966569411565, -12.403531698096398 ], [ -60.015216566802081, -12.403531698096396 ], [ -60.015216566802081, -12.403281698827344 ], [ -60.014716567845866, -12.40328169882735 ], [ -60.014716567845866, -12.402781700289241 ], [ -60.015216566802081, -12.402781700289248 ], [ -60.015216566802081, -12.403031699558293 ], [ -60.015466566280182, -12.403031699558294 ], [ -60.015466566280182, -12.403281698827339 ], [ -60.017216562626906, -12.40328169882735 ], [ -60.017216562626906, -12.403031699558303 ], [ -60.017716561583121, -12.403031699558301 ], [ -60.017716561583121, -12.402281701751136 ], [ -60.016966563148806, -12.402281701751141 ], [ -60.016966563148806, -12.402781700289239 ], [ -60.016466564192591, -12.402781700289246 ], [ -60.016466564192591, -12.402031702482093 ], [ -60.015216566802081, -12.402031702482095 ], [ -60.015216566802081, -12.401781703213043 ], [ -60.014716567845866, -12.401781703213047 ], [ -60.014716567845866, -12.40153170394399 ], [ -60.015216566802081, -12.401531703943997 ], [ -60.015216566802081, -12.401281704674934 ], [ -60.014466568367766, -12.401281704674942 ], [ -60.014466568367766, -12.40103170540589 ], [ -60.014216568889672, -12.401031705405888 ], [ -60.014216568889672, -12.401531703943991 ], [ -60.014466568367766, -12.40153170394399 ], [ -60.014466568367766, -12.401781703213052 ], [ -60.014216568889672, -12.401781703213041 ], [ -60.014216568889672, -12.402031702482095 ], [ -60.013966569411565, -12.402031702482098 ], [ -60.013966569411565, -12.402781700289243 ], [ -60.013216570977249, -12.402781700289244 ], [ -60.013216570977249, -12.402031702482088 ], [ -60.012966571499142, -12.402031702482097 ], [ -60.012966571499142, -12.40228170175115 ], [ -60.01221657306484, -12.402281701751136 ], [ -60.01221657306484, -12.402781700289248 ], [ -60.011966573586733, -12.402781700289244 ], [ -60.011966573586733, -12.402031702482097 ], [ -60.01221657306484, -12.402031702482095 ], [ -60.01221657306484, -12.401781703213043 ], [ -60.012716572021041, -12.40178170321305 ], [ -60.012716572021041, -12.401531703943993 ], [ -60.011716574108632, -12.401531703943984 ], [ -60.011716574108632, -12.401281704674938 ], [ -60.011466574630525, -12.401281704674927 ], [ -60.011466574630525, -12.400781706136833 ], [ -60.011216575152417, -12.400781706136831 ], [ -60.011216575152417, -12.400531706867786 ], [ -60.010966575674317, -12.400531706867786 ], [ -60.010966575674317, -12.399781709060639 ], [ -60.010716576196209, -12.399781709060639 ], [ -60.010716576196209, -12.400281707598731 ], [ -60.010466576718116, -12.40028170759874 ], [ -60.010466576718116, -12.399531709791583 ], [ -60.011216575152417, -12.399531709791589 ], [ -60.011216575152417, -12.399281710522525 ], [ -60.010716576196209, -12.399281710522525 ], [ -60.010716576196209, -12.399031711253487 ], [ -60.010966575674317, -12.399031711253475 ], [ -60.010966575674317, -12.398531712715386 ], [ -60.011216575152417, -12.398531712715368 ], [ -60.011216575152417, -12.398031714177279 ], [ -60.010966575674317, -12.398031714177277 ], [ -60.010966575674317, -12.397781714908232 ], [ -60.010716576196209, -12.397781714908232 ], [ -60.010716576196209, -12.397281716370127 ], [ -60.010966575674317, -12.397281716370118 ], [ -60.010966575674317, -12.397031717101083 ], [ -60.011216575152417, -12.397031717101074 ], [ -60.011216575152417, -12.396781717832024 ], [ -60.011466574630525, -12.396781717832024 ], [ -60.011466574630525, -12.396531718562978 ], [ -60.011716574108632, -12.396531718562979 ], [ -60.011716574108632, -12.396781717832026 ], [ -60.011966573586733, -12.396781717832017 ], [ -60.011966573586733, -12.396531718562974 ], [ -60.013216570977249, -12.396531718562974 ], [ -60.013216570977249, -12.396781717832026 ], [ -60.013466570455357, -12.396781717832017 ], [ -60.013466570455357, -12.397281716370129 ], [ -60.013716569933457, -12.397281716370131 ], [ -60.013716569933457, -12.397031717101081 ], [ -60.014216568889672, -12.39703171710107 ], [ -60.014216568889672, -12.39728171637012 ], [ -60.014466568367766, -12.397281716370125 ], [ -60.014466568367766, -12.396781717832019 ], [ -60.013966569411565, -12.396781717832015 ], [ -60.013966569411565, -12.396281719293926 ], [ -60.014716567845866, -12.396281719293919 ], [ -60.014716567845866, -12.396531718562967 ], [ -60.015466566280182, -12.396531718562983 ], [ -60.015466566280182, -12.396781717832019 ], [ -60.015216566802081, -12.396781717832013 ], [ -60.015216566802081, -12.39703171710107 ], [ -60.015966565236397, -12.397031717101074 ], [ -60.015966565236397, -12.397781714908236 ], [ -60.01621656471449, -12.397781714908222 ], [ -60.01621656471449, -12.398031714177273 ], [ -60.015716565758289, -12.398031714177275 ], [ -60.015716565758289, -12.398781711984437 ], [ -60.01621656471449, -12.398781711984437 ], [ -60.01621656471449, -12.399031711253487 ], [ -60.016466564192591, -12.399031711253473 ], [ -60.016466564192591, -12.399281710522535 ], [ -60.016716563670698, -12.399281710522539 ], [ -60.016716563670698, -12.399781709060642 ], [ -60.017966561061215, -12.399781709060624 ], [ -60.017966561061215, -12.398781711984435 ], [ -60.017716561583121, -12.398781711984428 ], [ -60.017716561583121, -12.398531712715373 ], [ -60.017966561061215, -12.398531712715377 ], [ -60.017966561061215, -12.39803171417728 ], [ -60.017716561583121, -12.398031714177273 ], [ -60.017716561583121, -12.398281713446323 ], [ -60.017216562626906, -12.398281713446325 ], [ -60.017216562626906, -12.398031714177272 ], [ -60.016966563148806, -12.398031714177275 ], [ -60.016966563148806, -12.397281716370127 ] ], [ [ -60.010966575674317, -12.395781720755824 ], [ -60.010966575674317, -12.396281719293922 ], [ -60.010716576196209, -12.396281719293929 ], [ -60.010716576196209, -12.395781720755824 ], [ -60.010966575674317, -12.395781720755824 ] ], [ [ -60.010216577240001, -12.39728171637012 ], [ -60.010216577240001, -12.398031714177282 ], [ -60.009466578805693, -12.39803171417728 ], [ -60.009466578805693, -12.39778171490822 ], [ -60.009216579327592, -12.39778171490822 ], [ -60.009216579327592, -12.397281716370134 ], [ -60.010216577240001, -12.39728171637012 ] ], [ [ -60.010716576196209, -12.402281701751136 ], [ -60.010716576196209, -12.402781700289239 ], [ -60.010466576718116, -12.402781700289248 ], [ -60.010466576718116, -12.402281701751138 ], [ -60.010716576196209, -12.402281701751136 ] ], [ [ -60.011716574108632, -12.403781697365444 ], [ -60.011966573586733, -12.403781697365446 ], [ -60.011966573586733, -12.404031696634506 ], [ -60.011716574108632, -12.404031696634501 ], [ -60.011716574108632, -12.403781697365444 ] ], [ [ -60.013966569411565, -12.403031699558296 ], [ -60.014466568367766, -12.403031699558294 ], [ -60.014466568367766, -12.403281698827344 ], [ -60.013966569411565, -12.403281698827351 ], [ -60.013966569411565, -12.403031699558296 ] ], [ [ -60.014216568889672, -12.402781700289246 ], [ -60.014216568889672, -12.402281701751136 ], [ -60.014716567845866, -12.402281701751139 ], [ -60.014716567845866, -12.402781700289241 ], [ -60.014216568889672, -12.402781700289246 ] ], [ [ -60.010216577240001, -12.399531709791583 ], [ -60.010216577240001, -12.399281710522537 ], [ -60.010466576718116, -12.399281710522537 ], [ -60.010466576718116, -12.399531709791583 ], [ -60.010216577240001, -12.399531709791583 ] ], [ [ -60.010216577240001, -12.399781709060635 ], [ -60.009466578805693, -12.399781709060631 ], [ -60.009466578805693, -12.399281710522532 ], [ -60.009216579327592, -12.399281710522539 ], [ -60.009216579327592, -12.399031711253475 ], [ -60.0097165782838, -12.399031711253491 ], [ -60.0097165782838, -12.399531709791589 ], [ -60.010216577240001, -12.399531709791583 ], [ -60.010216577240001, -12.399781709060635 ] ], [ [ -60.009466578805693, -12.400281707598735 ], [ -60.009216579327592, -12.400281707598733 ], [ -60.009216579327592, -12.399781709060635 ], [ -60.009466578805693, -12.399781709060631 ], [ -60.009466578805693, -12.400281707598735 ] ], [ [ -60.0097165782838, -12.39878171198443 ], [ -60.010216577240001, -12.398781711984439 ], [ -60.010216577240001, -12.39828171344632 ], [ -60.010466576718116, -12.398281713446327 ], [ -60.010466576718116, -12.399031711253482 ], [ -60.0097165782838, -12.399031711253491 ], [ -60.0097165782838, -12.39878171198443 ] ], [ [ -60.010716576196209, -12.398531712715387 ], [ -60.010716576196209, -12.398281713446321 ], [ -60.010966575674317, -12.398281713446323 ], [ -60.010966575674317, -12.398531712715386 ], [ -60.010716576196209, -12.398531712715387 ] ], [ [ -60.010716576196209, -12.398031714177282 ], [ -60.010466576718116, -12.398031714177288 ], [ -60.010466576718116, -12.397781714908236 ], [ -60.010716576196209, -12.397781714908232 ], [ -60.010716576196209, -12.398031714177282 ] ], [ [ -60.017716561583121, -12.399031711253484 ], [ -60.017216562626906, -12.399031711253478 ], [ -60.017216562626906, -12.398781711984432 ], [ -60.017716561583121, -12.398781711984428 ], [ -60.017716561583121, -12.399031711253484 ] ], [ [ -60.015716565758289, -12.393781726603414 ], [ -60.015466566280182, -12.393781726603413 ], [ -60.015466566280182, -12.393531727334365 ], [ -60.015716565758289, -12.393531727334366 ], [ -60.015716565758289, -12.393781726603414 ] ], [ [ -60.015466566280182, -12.395281722217716 ], [ -60.015216566802081, -12.395281722217723 ], [ -60.015216566802081, -12.394781723679612 ], [ -60.015466566280182, -12.394781723679616 ], [ -60.015466566280182, -12.395281722217716 ] ], [ [ -60.015966565236397, -12.395781720755812 ], [ -60.015716565758289, -12.395781720755817 ], [ -60.015716565758289, -12.395281722217725 ], [ -60.015966565236397, -12.395281722217712 ], [ -60.015966565236397, -12.395781720755812 ] ], [ [ -60.012716572021041, -12.395781720755826 ], [ -60.01221657306484, -12.395781720755815 ], [ -60.01221657306484, -12.395531721486774 ], [ -60.013966569411565, -12.395531721486764 ], [ -60.013966569411565, -12.395781720755824 ], [ -60.013716569933457, -12.395781720755823 ], [ -60.013716569933457, -12.396031720024874 ], [ -60.013466570455357, -12.396031720024867 ], [ -60.013466570455357, -12.396281719293924 ], [ -60.013216570977249, -12.396281719293926 ], [ -60.013216570977249, -12.396031720024869 ], [ -60.012716572021041, -12.396031720024872 ], [ -60.012716572021041, -12.395781720755826 ] ], [ [ -60.015216566802081, -12.396031720024871 ], [ -60.014466568367766, -12.39603172002488 ], [ -60.014466568367766, -12.395781720755826 ], [ -60.015216566802081, -12.395781720755815 ], [ -60.015216566802081, -12.396031720024871 ] ], [ [ -60.011716574108632, -12.396031720024874 ], [ -60.011466574630525, -12.396031720024869 ], [ -60.011466574630525, -12.395781720755826 ], [ -60.011716574108632, -12.395781720755815 ], [ -60.011716574108632, -12.396031720024874 ] ], [ [ -60.016966563148806, -12.396781717832031 ], [ -60.016716563670698, -12.396781717832024 ], [ -60.016716563670698, -12.396531718562981 ], [ -60.016966563148806, -12.396531718562978 ], [ -60.016966563148806, -12.396781717832031 ] ], [ [ -60.010216577240001, -12.401531703943991 ], [ -60.0097165782838, -12.401531703943991 ], [ -60.0097165782838, -12.400781706136836 ], [ -60.010216577240001, -12.400781706136828 ], [ -60.010216577240001, -12.401531703943991 ] ], [ [ -60.010716576196209, -12.401281704674927 ], [ -60.010716576196209, -12.401031705405883 ], [ -60.010966575674317, -12.401031705405893 ], [ -60.010966575674317, -12.401281704674933 ], [ -60.010716576196209, -12.401281704674927 ] ], [ [ -60.011216575152417, -12.401281704674945 ], [ -60.011216575152417, -12.401531703943991 ], [ -60.010966575674317, -12.401531703943997 ], [ -60.010966575674317, -12.401281704674933 ], [ -60.011216575152417, -12.401281704674945 ] ], [ [ -60.015716565758289, -12.402781700289239 ], [ -60.015716565758289, -12.402281701751145 ], [ -60.015966565236397, -12.402281701751143 ], [ -60.015966565236397, -12.402781700289243 ], [ -60.015716565758289, -12.402781700289239 ] ], [ [ -60.01621656471449, -12.402781700289239 ], [ -60.01621656471449, -12.403031699558293 ], [ -60.015966565236397, -12.4030316995583 ], [ -60.015966565236397, -12.402781700289243 ], [ -60.01621656471449, -12.402781700289239 ] ], [ [ -60.010966575674317, -12.402781700289243 ], [ -60.010966575674317, -12.402281701751141 ], [ -60.011216575152417, -12.40228170175115 ], [ -60.011216575152417, -12.402781700289241 ], [ -60.010966575674317, -12.402781700289243 ] ], [ [ -60.011466574630525, -12.402781700289239 ], [ -60.011466574630525, -12.403031699558294 ], [ -60.011216575152417, -12.403031699558296 ], [ -60.011216575152417, -12.402781700289241 ], [ -60.011466574630525, -12.402781700289239 ] ], [ [ -60.011716574108632, -12.4030316995583 ], [ -60.011716574108632, -12.403281698827351 ], [ -60.011466574630525, -12.403281698827353 ], [ -60.011466574630525, -12.403031699558294 ], [ -60.011716574108632, -12.4030316995583 ] ], [ [ -60.011216575152417, -12.403281698827342 ], [ -60.010966575674317, -12.403281698827353 ], [ -60.010966575674317, -12.403031699558294 ], [ -60.011216575152417, -12.403031699558296 ], [ -60.011216575152417, -12.403281698827342 ] ], [ [ -60.012966571499142, -12.4030316995583 ], [ -60.012716572021041, -12.403031699558289 ], [ -60.012716572021041, -12.402781700289239 ], [ -60.012966571499142, -12.402781700289244 ], [ -60.012966571499142, -12.4030316995583 ] ] ], [ [ [ -60.012716572021041, -12.398031714177273 ], [ -60.012966571499142, -12.398031714177273 ], [ -60.012966571499142, -12.397781714908231 ], [ -60.012716572021041, -12.397781714908222 ], [ -60.012716572021041, -12.398031714177273 ] ] ], [ [ [ -60.013716569933457, -12.397781714908232 ], [ -60.014216568889672, -12.397781714908234 ], [ -60.014216568889672, -12.39728171637012 ], [ -60.013716569933457, -12.397281716370131 ], [ -60.013716569933457, -12.397781714908232 ] ] ], [ [ [ -60.014216568889672, -12.393031728796261 ], [ -60.014216568889672, -12.393531727334365 ], [ -60.014466568367766, -12.393531727334359 ], [ -60.014466568367766, -12.393031728796265 ], [ -60.014216568889672, -12.393031728796261 ] ] ], [ [ [ -60.010216577240001, -12.425781633041915 ], [ -60.009966577761908, -12.425781633041927 ], [ -60.009966577789612, -12.426067942173338 ], [ -60.010216577240364, -12.426279982939132 ], [ -60.010216577240001, -12.425781633041915 ] ] ], [ [ [ -60.010466576718116, -12.425531633772877 ], [ -60.010466576718116, -12.425781633041915 ], [ -60.010716576196209, -12.425781633041911 ], [ -60.010716576196209, -12.425531633772865 ], [ -60.010466576718116, -12.425531633772877 ] ] ], [ [ [ -60.009466578812692, -12.425643859084504 ], [ -60.009629015711397, -12.425781633068244 ], [ -60.0097165782838, -12.425781633041927 ], [ -60.0097165782838, -12.425531633772874 ], [ -60.010216577240001, -12.425531633772874 ], [ -60.010216577240001, -12.425281634503817 ], [ -60.009216579327592, -12.425281634503824 ], [ -60.009216579334385, -12.425431816802078 ], [ -60.009334264269867, -12.42553163380169 ], [ -60.009466578805693, -12.425531633772875 ], [ -60.009466578812692, -12.425643859084504 ] ] ], [ [ [ -60.008966579861763, -12.425219774026775 ], [ -60.009039513635308, -12.425281634527712 ], [ -60.009216579327592, -12.425281634503824 ], [ -60.009216579327592, -12.424781635965719 ], [ -60.008966579849485, -12.424781635965713 ], [ -60.008966579861763, -12.425219774026775 ] ] ], [ [ [ -60.013466570455357, -12.425031635234776 ], [ -60.013216570977249, -12.425031635234767 ], [ -60.013216570977249, -12.424781635965712 ], [ -60.012966571499142, -12.424781635965715 ], [ -60.012966571499142, -12.424531636696658 ], [ -60.013216570977249, -12.424531636696674 ], [ -60.013216570977249, -12.424281637427619 ], [ -60.013466570455357, -12.424281637427622 ], [ -60.013466570455357, -12.424031638158571 ], [ -60.012966571499142, -12.424031638158564 ], [ -60.012966571499142, -12.424281637427619 ], [ -60.012716572021041, -12.424281637427617 ], [ -60.012716572021041, -12.424031638158564 ], [ -60.01221657306484, -12.424031638158562 ], [ -60.01221657306484, -12.423781638889517 ], [ -60.011466574630525, -12.423781638889505 ], [ -60.011466574630525, -12.424281637427613 ], [ -60.010466576718116, -12.424281637427622 ], [ -60.010466576718116, -12.424031638158562 ], [ -60.0097165782838, -12.424031638158562 ], [ -60.0097165782838, -12.423781638889507 ], [ -60.009216579327592, -12.423781638889514 ], [ -60.009216579327592, -12.424031638158556 ], [ -60.009466578805693, -12.424031638158562 ], [ -60.009466578805693, -12.424281637427619 ], [ -60.0097165782838, -12.424281637427613 ], [ -60.0097165782838, -12.424531636696674 ], [ -60.010216577240001, -12.424531636696656 ], [ -60.010216577240001, -12.424781635965727 ], [ -60.010466576718116, -12.424781635965722 ], [ -60.010466576718116, -12.425281634503822 ], [ -60.010966575674317, -12.425281634503822 ], [ -60.010966575674317, -12.424781635965722 ], [ -60.011216575152417, -12.424781635965719 ], [ -60.011216575152417, -12.42553163377287 ], [ -60.011466574630525, -12.425531633772886 ], [ -60.011466574630525, -12.426281631580018 ], [ -60.011716574108632, -12.426281631580027 ], [ -60.011716574108632, -12.425781633041913 ], [ -60.011966573586733, -12.42578163304192 ], [ -60.011966573586733, -12.425531633772877 ], [ -60.011716574108632, -12.425531633772872 ], [ -60.011716574108632, -12.425281634503813 ], [ -60.011966573586733, -12.425281634503813 ], [ -60.011966573586733, -12.424781635965726 ], [ -60.012466572542934, -12.424781635965726 ], [ -60.012466572542934, -12.42503163523477 ], [ -60.012716572021041, -12.42503163523477 ], [ -60.012716572021041, -12.42528163450382 ], [ -60.012966571499142, -12.425281634503826 ], [ -60.012966571499142, -12.425531633772879 ], [ -60.013216570977249, -12.425531633772874 ], [ -60.013216570977249, -12.425281634503822 ], [ -60.013466570455357, -12.425281634503829 ], [ -60.013466570455357, -12.425031635234776 ] ], [ [ -60.011216575152417, -12.424531636696663 ], [ -60.011466574630525, -12.424531636696662 ], [ -60.011466574630525, -12.424781635965722 ], [ -60.011216575152417, -12.424781635965719 ], [ -60.011216575152417, -12.424531636696663 ] ], [ [ -60.012466572542934, -12.42453163669667 ], [ -60.012716572021041, -12.42453163669667 ], [ -60.012716572021041, -12.42478163596572 ], [ -60.012466572542934, -12.424781635965726 ], [ -60.012466572542934, -12.42453163669667 ] ], [ [ -60.01221657306484, -12.424531636696672 ], [ -60.01221657306484, -12.424281637427624 ], [ -60.012466572542934, -12.424281637427628 ], [ -60.012466572542934, -12.42453163669667 ], [ -60.01221657306484, -12.424531636696672 ] ], [ [ -60.011966573586733, -12.424531636696662 ], [ -60.011716574108632, -12.424531636696658 ], [ -60.011716574108632, -12.424281637427619 ], [ -60.011966573586733, -12.424281637427619 ], [ -60.011966573586733, -12.424531636696662 ] ] ], [ [ [ -60.009466578805693, -12.42453163669667 ], [ -60.009466578805693, -12.424781635965719 ], [ -60.0097165782838, -12.424781635965717 ], [ -60.0097165782838, -12.424531636696674 ], [ -60.009466578805693, -12.42453163669667 ] ] ], [ [ [ -60.008966579849485, -12.424281637427621 ], [ -60.008966579849485, -12.424531636696663 ], [ -60.009216579327592, -12.424531636696662 ], [ -60.009216579327592, -12.424281637427619 ], [ -60.008966579849485, -12.424281637427621 ] ] ], [ [ [ -60.010966575674317, -12.423531639620458 ], [ -60.010966575674317, -12.424031638158564 ], [ -60.011216575152417, -12.424031638158569 ], [ -60.011216575152417, -12.423531639620457 ], [ -60.010966575674317, -12.423531639620458 ] ] ], [ [ [ -60.008966579849485, -12.423531639620469 ], [ -60.008966579849485, -12.423781638889521 ], [ -60.009216579327592, -12.423781638889514 ], [ -60.009216579327592, -12.423531639620457 ], [ -60.008966579849485, -12.423531639620469 ] ] ], [ [ [ -60.009216579327592, -12.423281640351419 ], [ -60.009216579327592, -12.423531639620457 ], [ -60.009466578805693, -12.423531639620464 ], [ -60.009466578805693, -12.42328164035141 ], [ -60.009216579327592, -12.423281640351419 ] ] ], [ [ [ -60.011216575152417, -12.422531642544252 ], [ -60.011216575152417, -12.422781641813312 ], [ -60.011466574630525, -12.422781641813321 ], [ -60.011466574630525, -12.422531642544264 ], [ -60.011216575152417, -12.422531642544252 ] ] ], [ [ [ -60.009216579327592, -12.42228164327522 ], [ -60.009216579327592, -12.422531642544259 ], [ -60.009466578805693, -12.42253164254425 ], [ -60.009466578805693, -12.422281643275209 ], [ -60.009216579327592, -12.42228164327522 ] ] ], [ [ [ -60.0097165782838, -12.422031644006154 ], [ -60.0097165782838, -12.422281643275209 ], [ -60.009966577761908, -12.422281643275213 ], [ -60.009966577761908, -12.422031644006152 ], [ -60.0097165782838, -12.422031644006154 ] ] ], [ [ [ -60.009466578805693, -12.421281646199006 ], [ -60.009466578805693, -12.42153164546805 ], [ -60.0097165782838, -12.421531645468058 ], [ -60.0097165782838, -12.421281646198999 ], [ -60.009466578805693, -12.421281646199006 ] ] ], [ [ [ -60.010466576718116, -12.419531651315651 ], [ -60.010216577240001, -12.419531651315657 ], [ -60.010216577240001, -12.420031649853751 ], [ -60.010466576718116, -12.420031649853755 ], [ -60.010466576718116, -12.419781650584708 ], [ -60.010716576196209, -12.419781650584712 ], [ -60.010716576196209, -12.419281652046603 ], [ -60.010466576718116, -12.4192816520466 ], [ -60.010466576718116, -12.419531651315651 ] ] ], [ [ [ -60.009216579327592, -12.419781650584698 ], [ -60.009466578805693, -12.419781650584707 ], [ -60.009466578805693, -12.419281652046598 ], [ -60.009216579327592, -12.419281652046593 ], [ -60.009216579327592, -12.419781650584698 ] ] ], [ [ [ -60.011466574630525, -12.419781650584698 ], [ -60.011466574630525, -12.419531651315644 ], [ -60.011716574108632, -12.419531651315641 ], [ -60.011716574108632, -12.419281652046589 ], [ -60.010966575674317, -12.419281652046601 ], [ -60.010966575674317, -12.419781650584698 ], [ -60.011466574630525, -12.419781650584698 ] ] ], [ [ [ -60.010716576196209, -12.419031652777555 ], [ -60.010716576196209, -12.419281652046603 ], [ -60.010966575674317, -12.419281652046601 ], [ -60.010966575674317, -12.419031652777544 ], [ -60.010716576196209, -12.419031652777555 ] ] ], [ [ [ -60.010966575674317, -12.418781653508503 ], [ -60.010966575674317, -12.419031652777544 ], [ -60.011216575152417, -12.41903165277755 ], [ -60.011216575152417, -12.418781653508503 ], [ -60.010966575674317, -12.418781653508503 ] ] ], [ [ [ -60.010966575674317, -12.418281654970398 ], [ -60.010966575674317, -12.418531654239448 ], [ -60.011216575152417, -12.418531654239441 ], [ -60.011216575152417, -12.4182816549704 ], [ -60.010966575674317, -12.418281654970398 ] ] ], [ [ [ -60.010216577240001, -12.418031655701341 ], [ -60.010216577240001, -12.418281654970391 ], [ -60.010466576718116, -12.418281654970393 ], [ -60.010466576718116, -12.418031655701355 ], [ -60.010216577240001, -12.418031655701341 ] ] ], [ [ [ -60.011216575152417, -12.41778165643229 ], [ -60.011216575152417, -12.418031655701341 ], [ -60.011466574630525, -12.418031655701339 ], [ -60.011466574630525, -12.417781656432298 ], [ -60.011216575152417, -12.41778165643229 ] ] ], [ [ [ -60.010466576718116, -12.41728165789419 ], [ -60.010466576718116, -12.4177816564323 ], [ -60.010716576196209, -12.417781656432298 ], [ -60.010716576196209, -12.417281657894184 ], [ -60.010466576718116, -12.41728165789419 ] ] ], [ [ [ -60.009216579327592, -12.417031658625136 ], [ -60.009466578805693, -12.41703165862514 ], [ -60.009466578805693, -12.416781659356094 ], [ -60.009216579327592, -12.416781659356095 ], [ -60.009216579327592, -12.417031658625136 ] ] ], [ [ [ -60.0097165782838, -12.416531660087035 ], [ -60.009466578805693, -12.416531660087037 ], [ -60.009466578805693, -12.416781659356094 ], [ -60.010466576718116, -12.416781659356085 ], [ -60.010466576718116, -12.416531660087033 ], [ -60.010216577240001, -12.416531660087042 ], [ -60.010216577240001, -12.416281660817996 ], [ -60.0097165782838, -12.416281660817996 ], [ -60.0097165782838, -12.416531660087035 ] ] ], [ [ [ -60.010716576196209, -12.416281660817983 ], [ -60.010716576196209, -12.416531660087051 ], [ -60.010966575674317, -12.416531660087044 ], [ -60.010966575674317, -12.416281660817996 ], [ -60.010716576196209, -12.416281660817983 ] ] ], [ [ [ -60.011216575152417, -12.415281663741782 ], [ -60.011216575152417, -12.415531663010841 ], [ -60.011466574630525, -12.415531663010833 ], [ -60.011466574630525, -12.415281663741787 ], [ -60.011216575152417, -12.415281663741782 ] ] ], [ [ [ -60.008716580371392, -12.41578166227988 ], [ -60.008716580371392, -12.416031661548944 ], [ -60.008966579849485, -12.416031661548946 ], [ -60.008966579849485, -12.415781662279882 ], [ -60.010216577240001, -12.415781662279883 ], [ -60.010216577240001, -12.415531663010835 ], [ -60.0097165782838, -12.415531663010835 ], [ -60.0097165782838, -12.415281663741782 ], [ -60.010216577240001, -12.415281663741789 ], [ -60.010216577240001, -12.414281666665579 ], [ -60.009466578805693, -12.414281666665586 ], [ -60.009466578805693, -12.414531665934639 ], [ -60.008466580893277, -12.414531665934639 ], [ -60.008466580893277, -12.414781665203678 ], [ -60.008216581415184, -12.414781665203693 ], [ -60.008216581415184, -12.415281663741782 ], [ -60.008466580893277, -12.415281663741785 ], [ -60.008466580893277, -12.41578166227988 ], [ -60.008716580371392, -12.41578166227988 ] ], [ [ -60.009216579327592, -12.415281663741789 ], [ -60.008966579849485, -12.415281663741787 ], [ -60.008966579849485, -12.415031664472739 ], [ -60.009216579327592, -12.41503166447273 ], [ -60.009216579327592, -12.415281663741789 ] ] ], [ [ [ -60.011466574630525, -12.414781665203684 ], [ -60.011466574630525, -12.415281663741787 ], [ -60.011716574108632, -12.415281663741791 ], [ -60.011716574108632, -12.414781665203686 ], [ -60.011966573586733, -12.414781665203691 ], [ -60.011966573586733, -12.414531665934639 ], [ -60.011716574108632, -12.41453166593463 ], [ -60.011716574108632, -12.414281666665593 ], [ -60.011466574630525, -12.414281666665579 ], [ -60.011466574630525, -12.413781668127486 ], [ -60.011216575152417, -12.413781668127484 ], [ -60.011216575152417, -12.414281666665582 ], [ -60.010716576196209, -12.414281666665593 ], [ -60.010716576196209, -12.415281663741782 ], [ -60.010966575674317, -12.415281663741792 ], [ -60.010966575674317, -12.414531665934632 ], [ -60.011216575152417, -12.414531665934627 ], [ -60.011216575152417, -12.414781665203675 ], [ -60.011466574630525, -12.414781665203684 ] ] ], [ [ [ -60.008966579849485, -12.413781668127472 ], [ -60.008966579849485, -12.414281666665589 ], [ -60.009216579327592, -12.414281666665579 ], [ -60.009216579327592, -12.413781668127474 ], [ -60.008966579849485, -12.413781668127472 ] ] ], [ [ [ -60.0097165782838, -12.413781668127475 ], [ -60.0097165782838, -12.414031667396538 ], [ -60.010466576718116, -12.414031667396538 ], [ -60.010466576718116, -12.413781668127475 ], [ -60.0097165782838, -12.413781668127475 ] ] ], [ [ [ -60.010966575674317, -12.412281672513181 ], [ -60.010966575674317, -12.412781671051276 ], [ -60.011216575152417, -12.412781671051279 ], [ -60.011216575152417, -12.412281672513178 ], [ -60.010966575674317, -12.412281672513181 ] ] ], [ [ [ -60.010716576196209, -12.409531680553625 ], [ -60.010966575674317, -12.409531680553618 ], [ -60.010966575674317, -12.409281681284567 ], [ -60.010716576196209, -12.409281681284563 ], [ -60.010716576196209, -12.409531680553625 ] ] ], [ [ [ -60.011466574630525, -12.408781682746465 ], [ -60.011216575152417, -12.40878168274646 ], [ -60.011216575152417, -12.409031682015515 ], [ -60.010966575674317, -12.409031682015522 ], [ -60.010966575674317, -12.409281681284567 ], [ -60.011216575152417, -12.409281681284559 ], [ -60.011216575152417, -12.409531680553624 ], [ -60.011716574108632, -12.409531680553624 ], [ -60.011716574108632, -12.409281681284561 ], [ -60.011466574630525, -12.409281681284567 ], [ -60.011466574630525, -12.408781682746465 ] ] ], [ [ [ -60.010716576196209, -12.408781682746463 ], [ -60.010716576196209, -12.409031682015517 ], [ -60.010966575674317, -12.409031682015522 ], [ -60.010966575674317, -12.408781682746465 ], [ -60.010716576196209, -12.408781682746463 ] ] ], [ [ [ -60.010966575674317, -12.408531683477412 ], [ -60.010966575674317, -12.408781682746465 ], [ -60.011216575152417, -12.40878168274646 ], [ -60.011216575152417, -12.408531683477408 ], [ -60.010966575674317, -12.408531683477412 ] ] ], [ [ [ -60.010716576196209, -12.40728168713216 ], [ -60.010716576196209, -12.407781685670258 ], [ -60.010966575674317, -12.407781685670269 ], [ -60.010966575674317, -12.407281687132164 ], [ -60.010716576196209, -12.40728168713216 ] ] ], [ [ [ -60.009466578805693, -12.405781691517868 ], [ -60.0097165782838, -12.405781691517852 ], [ -60.0097165782838, -12.405281692979756 ], [ -60.010216577240001, -12.405281692979747 ], [ -60.010216577240001, -12.404781694441645 ], [ -60.0097165782838, -12.404781694441652 ], [ -60.0097165782838, -12.404281695903542 ], [ -60.010216577240001, -12.404281695903554 ], [ -60.010216577240001, -12.404031696634497 ], [ -60.0097165782838, -12.404031696634497 ], [ -60.0097165782838, -12.403531698096401 ], [ -60.009466578805693, -12.403531698096394 ], [ -60.009466578805693, -12.403281698827351 ], [ -60.009216579327592, -12.403281698827342 ], [ -60.009216579327592, -12.403781697365451 ], [ -60.009466578805693, -12.403781697365446 ], [ -60.009466578805693, -12.404031696634501 ], [ -60.009216579327592, -12.404031696634497 ], [ -60.009216579327592, -12.404281695903547 ], [ -60.008966579849485, -12.404281695903547 ], [ -60.008966579849485, -12.404531695172597 ], [ -60.008466580893277, -12.404531695172597 ], [ -60.008466580893277, -12.404281695903546 ], [ -60.008216581415184, -12.404281695903547 ], [ -60.008216581415184, -12.404531695172601 ], [ -60.006716584546552, -12.404531695172608 ], [ -60.006716584546552, -12.404781694441652 ], [ -60.006216585590352, -12.40478169444166 ], [ -60.006216585590352, -12.404531695172595 ], [ -60.006466585068445, -12.404531695172604 ], [ -60.006466585068445, -12.404281695903551 ], [ -60.006716584546552, -12.404281695903558 ], [ -60.006716584546552, -12.403781697365451 ], [ -60.006966584024653, -12.403781697365442 ], [ -60.006966584024653, -12.404031696634499 ], [ -60.00721658350276, -12.404031696634503 ], [ -60.00721658350276, -12.403781697365442 ], [ -60.007716582458968, -12.403781697365451 ], [ -60.007716582458968, -12.403281698827344 ], [ -60.006966584024653, -12.403281698827342 ], [ -60.006966584024653, -12.402781700289246 ], [ -60.00721658350276, -12.402781700289243 ], [ -60.00721658350276, -12.403031699558296 ], [ -60.007966581937076, -12.403031699558301 ], [ -60.007966581937076, -12.402281701751139 ], [ -60.007716582458968, -12.402281701751146 ], [ -60.007716582458968, -12.402031702482089 ], [ -60.006966584024653, -12.402031702482089 ], [ -60.006966584024653, -12.401781703213043 ], [ -60.006716584546552, -12.401781703213048 ], [ -60.006716584546552, -12.401281704674929 ], [ -60.006966584024653, -12.401281704674936 ], [ -60.006966584024653, -12.401031705405885 ], [ -60.007716582458968, -12.401031705405893 ], [ -60.007716582458968, -12.401531703943997 ], [ -60.008216581415184, -12.401531703943999 ], [ -60.008216581415184, -12.401281704674934 ], [ -60.007966581937076, -12.401281704674931 ], [ -60.007966581937076, -12.401031705405885 ], [ -60.008216581415184, -12.401031705405895 ], [ -60.008216581415184, -12.400531706867797 ], [ -60.007966581937076, -12.400531706867795 ], [ -60.007966581937076, -12.40028170759874 ], [ -60.00721658350276, -12.400281707598735 ], [ -60.00721658350276, -12.39928171052253 ], [ -60.007104928880494, -12.399281710551058 ], [ -60.006966584031687, -12.399417240181858 ], [ -60.006966584024653, -12.399531709791574 ], [ -60.006849736438014, -12.399531709820312 ], [ -60.006716584553622, -12.399662151729196 ], [ -60.006716584546552, -12.39978170906064 ], [ -60.006594543144544, -12.399781709089478 ], [ -60.006466585075529, -12.399907062476371 ], [ -60.006466585068445, -12.40003170832968 ], [ -60.006339349000086, -12.400031708358531 ], [ -60.006216585597421, -12.400151972423357 ], [ -60.006216585590352, -12.400281707598738 ], [ -60.00608415400459, -12.400281707627503 ], [ -60.005966586119278, -12.400396881570185 ], [ -60.00596658611223, -12.400531706867779 ], [ -60.005828958158048, -12.400531706896345 ], [ -60.005716586641128, -12.400641789916785 ], [ -60.005716586634144, -12.400781706136842 ], [ -60.005573761460397, -12.400781706165112 ], [ -60.005466587162942, -12.400886697463154 ], [ -60.005466587156036, -12.401031705405899 ], [ -60.005318563911622, -12.401031705433777 ], [ -60.005216587684735, -12.401131604209288 ], [ -60.005216587677928, -12.401281704674933 ], [ -60.00596658611223, -12.401281704674942 ], [ -60.00596658611223, -12.401531703943995 ], [ -60.006216585590352, -12.401531703943984 ], [ -60.006216585590352, -12.40178170321304 ], [ -60.00596658611223, -12.401781703213043 ], [ -60.00596658611223, -12.402031702482086 ], [ -60.006216585590352, -12.402031702482091 ], [ -60.006216585590352, -12.402781700289239 ], [ -60.00596658611223, -12.402781700289243 ], [ -60.00596658611223, -12.402281701751139 ], [ -60.005716586634144, -12.402281701751146 ], [ -60.005716586634144, -12.403281698827339 ], [ -60.005466587156036, -12.403281698827337 ], [ -60.005466587156036, -12.403531698096405 ], [ -60.00471658872172, -12.403531698096405 ], [ -60.00471658872172, -12.403281698827341 ], [ -60.004216589765505, -12.403281698827342 ], [ -60.004216589765505, -12.403531698096389 ], [ -60.002966592374996, -12.403531698096403 ], [ -60.002966592374996, -12.403781697365449 ], [ -60.003466591331204, -12.403781697365442 ], [ -60.003466591331204, -12.404031696634496 ], [ -60.003216591853104, -12.404031696634505 ], [ -60.003216591853104, -12.404531695172608 ], [ -60.002716592896888, -12.404531695172606 ], [ -60.002716592896888, -12.40478169444166 ], [ -60.001966594462587, -12.404781694441658 ], [ -60.001966594462587, -12.405281692979756 ], [ -60.00171659498448, -12.405281692979758 ], [ -60.00171659498448, -12.405781691517856 ], [ -60.001466595506379, -12.405781691517854 ], [ -60.001466595506379, -12.406281690055959 ], [ -60.00171659498448, -12.406281690055957 ], [ -60.00171659498448, -12.406031690786905 ], [ -60.001966594462587, -12.406031690786902 ], [ -60.001966594462587, -12.406281690055948 ], [ -60.002216593940695, -12.40628169005595 ], [ -60.002216593940695, -12.406531689325009 ], [ -60.001966594462587, -12.406531689325 ], [ -60.001966594462587, -12.406781688594053 ], [ -60.002216593940695, -12.40678168859405 ], [ -60.002216593940695, -12.407781685670258 ], [ -60.001466595506379, -12.407781685670262 ], [ -60.001466595506379, -12.408031684939306 ], [ -60.001966594462587, -12.408031684939308 ], [ -60.001966594462587, -12.408281684208372 ], [ -60.002966592374996, -12.408281684208369 ], [ -60.002966592374996, -12.408531683477413 ], [ -60.003466591331204, -12.408531683477412 ], [ -60.003466591331204, -12.408781682746458 ], [ -60.004216589765505, -12.408781682746467 ], [ -60.004216589765505, -12.409281681284563 ], [ -60.004466589243627, -12.409281681284565 ], [ -60.004466589243627, -12.409531680553611 ], [ -60.00596658611223, -12.409531680553608 ], [ -60.00596658611223, -12.410281678360775 ], [ -60.006216585590352, -12.410281678360775 ], [ -60.006216585590352, -12.409531680553608 ], [ -60.006466585068445, -12.409531680553618 ], [ -60.006466585068445, -12.409781679822666 ], [ -60.006716584546552, -12.409781679822675 ], [ -60.006716584546552, -12.410281678360763 ], [ -60.006466585068445, -12.41028167836077 ], [ -60.006466585068445, -12.410531677629825 ], [ -60.006716584546552, -12.410531677629828 ], [ -60.006716584546552, -12.410781676898866 ], [ -60.00721658350276, -12.410781676898878 ], [ -60.00721658350276, -12.410531677629821 ], [ -60.007716582458968, -12.410531677629818 ], [ -60.007716582458968, -12.410781676898878 ], [ -60.008216581415184, -12.410781676898862 ], [ -60.008216581415184, -12.411031676167912 ], [ -60.008716580371392, -12.411031676167921 ], [ -60.008716580371392, -12.411281675436964 ], [ -60.009466578805693, -12.411281675436967 ], [ -60.009466578805693, -12.411781673975067 ], [ -60.0097165782838, -12.411781673975081 ], [ -60.0097165782838, -12.411531674706032 ], [ -60.010966575674317, -12.411531674706024 ], [ -60.010966575674317, -12.411781673975065 ], [ -60.011216575152417, -12.411781673975073 ], [ -60.011216575152417, -12.411531674706019 ], [ -60.011716574108632, -12.411531674706028 ], [ -60.011716574108632, -12.412781671051276 ], [ -60.011966573586733, -12.41278167105127 ], [ -60.011966573586733, -12.412281672513183 ], [ -60.012716572021041, -12.412281672513174 ], [ -60.012716572021041, -12.412781671051283 ], [ -60.012966571499142, -12.412781671051274 ], [ -60.012966571499142, -12.412031673244131 ], [ -60.013466570455357, -12.412031673244133 ], [ -60.013466570455357, -12.412281672513172 ], [ -60.013216570977249, -12.412281672513171 ], [ -60.013216570977249, -12.41303167032032 ], [ -60.013716569933457, -12.413031670320331 ], [ -60.013716569933457, -12.412781671051281 ], [ -60.014216568889672, -12.412781671051272 ], [ -60.014216568889672, -12.413531668858424 ], [ -60.014466568367766, -12.413531668858425 ], [ -60.014466568367766, -12.413281669589381 ], [ -60.015216566802081, -12.413281669589383 ], [ -60.015216566802081, -12.413531668858431 ], [ -60.015966565236397, -12.413531668858438 ], [ -60.015966565236397, -12.413281669589374 ], [ -60.016966563148806, -12.413281669589377 ], [ -60.016966563148806, -12.413031670320338 ], [ -60.016716563670698, -12.413031670320338 ], [ -60.016716563670698, -12.411531674706021 ], [ -60.016966563148806, -12.411531674706032 ], [ -60.016966563148806, -12.411031676167926 ], [ -60.016716563670698, -12.411031676167925 ], [ -60.016716563670698, -12.411281675436973 ], [ -60.015966565236397, -12.411281675436969 ], [ -60.015966565236397, -12.41153167470603 ], [ -60.015716565758289, -12.411531674706026 ], [ -60.015716565758289, -12.411281675436973 ], [ -60.014966567323974, -12.411281675436976 ], [ -60.014966567323974, -12.411031676167923 ], [ -60.014466568367766, -12.411031676167926 ], [ -60.014466568367766, -12.411281675436962 ], [ -60.014716567845866, -12.411281675436967 ], [ -60.014716567845866, -12.411531674706019 ], [ -60.014466568367766, -12.41153167470603 ], [ -60.014466568367766, -12.411781673975083 ], [ -60.014716567845866, -12.411781673975076 ], [ -60.014716567845866, -12.412031673244131 ], [ -60.014216568889672, -12.412031673244135 ], [ -60.014216568889672, -12.411781673975069 ], [ -60.013466570455357, -12.411781673975076 ], [ -60.013466570455357, -12.411531674706019 ], [ -60.012716572021041, -12.411531674706019 ], [ -60.012716572021041, -12.411281675436967 ], [ -60.011966573586733, -12.411281675436967 ], [ -60.011966573586733, -12.411031676167925 ], [ -60.011466574630525, -12.411031676167914 ], [ -60.011466574630525, -12.410781676898862 ], [ -60.011716574108632, -12.410781676898869 ], [ -60.011716574108632, -12.41053167762982 ], [ -60.011466574630525, -12.410531677629818 ], [ -60.011466574630525, -12.410281678360775 ], [ -60.011216575152417, -12.410281678360779 ], [ -60.011216575152417, -12.409781679822675 ], [ -60.010966575674317, -12.409781679822672 ], [ -60.010966575674317, -12.410031679091718 ], [ -60.010716576196209, -12.410031679091722 ], [ -60.010716576196209, -12.410281678360768 ], [ -60.010466576718116, -12.410281678360775 ], [ -60.010466576718116, -12.410781676898875 ], [ -60.009466578805693, -12.410781676898878 ], [ -60.009466578805693, -12.410531677629821 ], [ -60.0097165782838, -12.410531677629821 ], [ -60.0097165782838, -12.409781679822675 ], [ -60.010216577240001, -12.409781679822666 ], [ -60.010216577240001, -12.409281681284568 ], [ -60.009216579327592, -12.409281681284565 ], [ -60.009216579327592, -12.40903168201551 ], [ -60.008966579849485, -12.409031682015517 ], [ -60.008966579849485, -12.408781682746467 ], [ -60.007966581937076, -12.408781682746461 ], [ -60.007966581937076, -12.408531683477408 ], [ -60.007716582458968, -12.408531683477408 ], [ -60.007716582458968, -12.407781685670255 ], [ -60.007966581937076, -12.407781685670257 ], [ -60.007966581937076, -12.408031684939305 ], [ -60.008216581415184, -12.408031684939315 ], [ -60.008216581415184, -12.40728168713216 ], [ -60.008716580371392, -12.407281687132159 ], [ -60.008716580371392, -12.407031687863107 ], [ -60.008966579849485, -12.407031687863114 ], [ -60.008966579849485, -12.40678168859405 ], [ -60.008216581415184, -12.40678168859405 ], [ -60.008216581415184, -12.406531689325005 ], [ -60.008466580893277, -12.406531689325005 ], [ -60.008466580893277, -12.406281690055957 ], [ -60.008716580371392, -12.406281690055959 ], [ -60.008716580371392, -12.405531692248807 ], [ -60.008966579849485, -12.405531692248807 ], [ -60.008966579849485, -12.405281692979758 ], [ -60.009466578805693, -12.405281692979754 ], [ -60.009466578805693, -12.405781691517868 ] ], [ [ -60.006716584546552, -12.400281707598733 ], [ -60.006716584546552, -12.400531706867786 ], [ -60.006466585068445, -12.400531706867795 ], [ -60.006466585068445, -12.400781706136847 ], [ -60.006216585590352, -12.400781706136835 ], [ -60.006216585590352, -12.400281707598738 ], [ -60.006716584546552, -12.400281707598733 ] ], [ [ -60.001966594462587, -12.405781691517857 ], [ -60.002216593940695, -12.405781691517864 ], [ -60.002216593940695, -12.406031690786902 ], [ -60.001966594462587, -12.406031690786902 ], [ -60.001966594462587, -12.405781691517857 ] ], [ [ -60.003216591853104, -12.407781685670262 ], [ -60.003216591853104, -12.40803168493931 ], [ -60.002216593940695, -12.408031684939312 ], [ -60.002216593940695, -12.407781685670258 ], [ -60.003216591853104, -12.407781685670262 ] ], [ [ -60.003216591853104, -12.407281687132157 ], [ -60.003466591331204, -12.407281687132153 ], [ -60.003466591331204, -12.407031687863107 ], [ -60.003216591853104, -12.407031687863116 ], [ -60.003216591853104, -12.406781688594062 ], [ -60.002966592374996, -12.406781688594057 ], [ -60.002966592374996, -12.407031687863116 ], [ -60.002716592896888, -12.407031687863102 ], [ -60.002716592896888, -12.406531689325012 ], [ -60.002966592374996, -12.406531689325009 ], [ -60.002966592374996, -12.405781691517856 ], [ -60.003466591331204, -12.405781691517848 ], [ -60.003466591331204, -12.405531692248807 ], [ -60.004466589243627, -12.405531692248802 ], [ -60.004466589243627, -12.406031690786902 ], [ -60.003966590287419, -12.406031690786902 ], [ -60.003966590287419, -12.406281690055955 ], [ -60.004216589765505, -12.406281690055948 ], [ -60.004216589765505, -12.407281687132157 ], [ -60.003966590287419, -12.40728168713216 ], [ -60.003966590287419, -12.408031684939305 ], [ -60.005466587156036, -12.408031684939314 ], [ -60.005466587156036, -12.408281684208358 ], [ -60.005716586634144, -12.408281684208362 ], [ -60.005716586634144, -12.40853168347741 ], [ -60.005466587156036, -12.408531683477415 ], [ -60.005466587156036, -12.408781682746463 ], [ -60.005216587677928, -12.408781682746461 ], [ -60.005216587677928, -12.408531683477412 ], [ -60.004216589765505, -12.408531683477415 ], [ -60.004216589765505, -12.408281684208358 ], [ -60.003966590287419, -12.408281684208365 ], [ -60.003966590287419, -12.408531683477417 ], [ -60.003716590809312, -12.408531683477412 ], [ -60.003716590809312, -12.408281684208365 ], [ -60.003466591331204, -12.408281684208362 ], [ -60.003466591331204, -12.407781685670257 ], [ -60.003216591853104, -12.407781685670262 ], [ -60.003216591853104, -12.407281687132157 ] ], [ [ -60.004466589243627, -12.407281687132151 ], [ -60.004466589243627, -12.406781688594057 ], [ -60.00471658872172, -12.406781688594057 ], [ -60.00471658872172, -12.407781685670265 ], [ -60.004216589765505, -12.40778168567026 ], [ -60.004216589765505, -12.407281687132157 ], [ -60.004466589243627, -12.407281687132151 ] ], [ [ -60.00471658872172, -12.406531689325012 ], [ -60.004466589243627, -12.406531689325011 ], [ -60.004466589243627, -12.406281690055959 ], [ -60.005216587677928, -12.406281690055955 ], [ -60.005216587677928, -12.40678168859405 ], [ -60.00471658872172, -12.406781688594057 ], [ -60.00471658872172, -12.406531689325012 ] ], [ [ -60.006966584024653, -12.410531677629818 ], [ -60.006966584024653, -12.410281678360768 ], [ -60.00721658350276, -12.41028167836077 ], [ -60.00721658350276, -12.410531677629821 ], [ -60.006966584024653, -12.410531677629818 ] ], [ [ -60.014216568889672, -12.412281672513169 ], [ -60.014466568367766, -12.412281672513176 ], [ -60.014466568367766, -12.412781671051276 ], [ -60.014216568889672, -12.412781671051272 ], [ -60.014216568889672, -12.412281672513169 ] ], [ [ -60.015216566802081, -12.413031670320331 ], [ -60.015466566280182, -12.413031670320333 ], [ -60.015466566280182, -12.413281669589388 ], [ -60.015216566802081, -12.413281669589383 ], [ -60.015216566802081, -12.413031670320331 ] ], [ [ -60.015466566280182, -12.412031673244122 ], [ -60.015466566280182, -12.412281672513174 ], [ -60.014716567845866, -12.412281672513172 ], [ -60.014716567845866, -12.412031673244131 ], [ -60.015466566280182, -12.412031673244122 ] ], [ [ -60.012716572021041, -12.41203167324413 ], [ -60.012466572542934, -12.412031673244117 ], [ -60.012466572542934, -12.411531674706033 ], [ -60.012716572021041, -12.411531674706019 ], [ -60.012716572021041, -12.41203167324413 ] ], [ [ -60.011216575152417, -12.410531677629828 ], [ -60.010966575674317, -12.410531677629818 ], [ -60.010966575674317, -12.410281678360766 ], [ -60.011216575152417, -12.410281678360779 ], [ -60.011216575152417, -12.410531677629828 ] ], [ [ -60.011216575152417, -12.410781676898862 ], [ -60.011216575152417, -12.411031676167921 ], [ -60.010466576718116, -12.411031676167928 ], [ -60.010466576718116, -12.410781676898875 ], [ -60.011216575152417, -12.410781676898862 ] ], [ [ -60.008216581415184, -12.4070316878631 ], [ -60.007966581937076, -12.407031687863114 ], [ -60.007966581937076, -12.407281687132153 ], [ -60.007716582458968, -12.40728168713216 ], [ -60.007716582458968, -12.407031687863107 ], [ -60.00721658350276, -12.407031687863114 ], [ -60.00721658350276, -12.406781688594059 ], [ -60.007716582458968, -12.406781688594064 ], [ -60.007716582458968, -12.406531689325011 ], [ -60.007966581937076, -12.406531689325002 ], [ -60.007966581937076, -12.406781688594059 ], [ -60.008216581415184, -12.40678168859405 ], [ -60.008216581415184, -12.4070316878631 ] ], [ [ -60.00721658350276, -12.407781685670255 ], [ -60.006966584024653, -12.407781685670255 ], [ -60.006966584024653, -12.407031687863103 ], [ -60.00721658350276, -12.407031687863114 ], [ -60.00721658350276, -12.407781685670255 ] ], [ [ -60.006716584546552, -12.402781700289246 ], [ -60.006466585068445, -12.402781700289253 ], [ -60.006466585068445, -12.402281701751146 ], [ -60.006716584546552, -12.402281701751141 ], [ -60.006716584546552, -12.402781700289246 ] ], [ [ -60.004966588199828, -12.404781694441661 ], [ -60.003966590287419, -12.404781694441644 ], [ -60.003966590287419, -12.404281695903544 ], [ -60.005466587156036, -12.404281695903551 ], [ -60.005466587156036, -12.404531695172608 ], [ -60.004966588199828, -12.404531695172597 ], [ -60.004966588199828, -12.404781694441661 ] ], [ [ -60.00721658350276, -12.405281692979747 ], [ -60.006966584024653, -12.405281692979759 ], [ -60.006966584024653, -12.404781694441658 ], [ -60.00721658350276, -12.404781694441658 ], [ -60.00721658350276, -12.405281692979747 ] ], [ [ -60.005716586634144, -12.405531692248809 ], [ -60.005216587677928, -12.405531692248804 ], [ -60.005216587677928, -12.405281692979754 ], [ -60.005716586634144, -12.405281692979747 ], [ -60.005716586634144, -12.405531692248809 ] ], [ [ -60.007966581937076, -12.405781691517861 ], [ -60.007716582458968, -12.405781691517857 ], [ -60.007716582458968, -12.405531692248804 ], [ -60.007966581937076, -12.405531692248804 ], [ -60.007966581937076, -12.405781691517861 ] ], [ [ -60.006216585590352, -12.407781685670267 ], [ -60.00596658611223, -12.407781685670257 ], [ -60.00596658611223, -12.407531686401216 ], [ -60.005716586634144, -12.407531686401203 ], [ -60.005716586634144, -12.40703168786311 ], [ -60.00596658611223, -12.407031687863105 ], [ -60.00596658611223, -12.406031690786904 ], [ -60.006216585590352, -12.406031690786909 ], [ -60.006216585590352, -12.405781691517845 ], [ -60.006716584546552, -12.40578169151785 ], [ -60.006716584546552, -12.406031690786909 ], [ -60.006966584024653, -12.406031690786905 ], [ -60.006966584024653, -12.406281690055945 ], [ -60.006716584546552, -12.406281690055959 ], [ -60.006716584546552, -12.406531689325002 ], [ -60.006466585068445, -12.406531689325002 ], [ -60.006466585068445, -12.406781688594059 ], [ -60.006216585590352, -12.406781688594057 ], [ -60.006216585590352, -12.407781685670267 ] ], [ [ -60.007716582458968, -12.409531680553618 ], [ -60.008716580371392, -12.409531680553613 ], [ -60.008716580371392, -12.409781679822666 ], [ -60.008966579849485, -12.409781679822661 ], [ -60.008966579849485, -12.410531677629814 ], [ -60.008716580371392, -12.410531677629827 ], [ -60.008716580371392, -12.410281678360775 ], [ -60.008216581415184, -12.410281678360766 ], [ -60.008216581415184, -12.410031679091718 ], [ -60.007966581937076, -12.410031679091727 ], [ -60.007966581937076, -12.409781679822668 ], [ -60.007466582980868, -12.409781679822668 ], [ -60.007466582980868, -12.409531680553613 ], [ -60.00721658350276, -12.409531680553615 ], [ -60.00721658350276, -12.409281681284565 ], [ -60.006966584024653, -12.409281681284559 ], [ -60.006966584024653, -12.409031682015518 ], [ -60.006716584546552, -12.409031682015517 ], [ -60.006716584546552, -12.408781682746469 ], [ -60.006466585068445, -12.408781682746458 ], [ -60.006466585068445, -12.40828168420836 ], [ -60.006716584546552, -12.408281684208369 ], [ -60.006716584546552, -12.408531683477413 ], [ -60.006966584024653, -12.408531683477404 ], [ -60.006966584024653, -12.408781682746463 ], [ -60.00721658350276, -12.408781682746467 ], [ -60.00721658350276, -12.409031682015522 ], [ -60.007466582980868, -12.409031682015526 ], [ -60.007466582980868, -12.409281681284563 ], [ -60.007716582458968, -12.409281681284563 ], [ -60.007716582458968, -12.409531680553618 ] ] ], [ [ [ -60.011216575152417, -12.40628169005595 ], [ -60.011216575152417, -12.406531689325002 ], [ -60.011466574630525, -12.406531689325003 ], [ -60.011466574630525, -12.406281690055961 ], [ -60.011216575152417, -12.40628169005595 ] ] ], [ [ [ -60.010216577240001, -12.406031690786907 ], [ -60.010216577240001, -12.406281690055946 ], [ -60.010466576718116, -12.406281690055961 ], [ -60.010466576718116, -12.406031690786909 ], [ -60.010216577240001, -12.406031690786907 ] ] ], [ [ [ -60.011466574630525, -12.405531692248806 ], [ -60.011466574630525, -12.405781691517857 ], [ -60.011716574108632, -12.405781691517852 ], [ -60.011716574108632, -12.405531692248809 ], [ -60.011466574630525, -12.405531692248806 ] ] ], [ [ [ -60.011216575152417, -12.404781694441658 ], [ -60.011216575152417, -12.404531695172594 ], [ -60.010716576196209, -12.404531695172594 ], [ -60.010716576196209, -12.404281695903544 ], [ -60.010466576718116, -12.404281695903558 ], [ -60.010466576718116, -12.405281692979758 ], [ -60.010716576196209, -12.40528169297975 ], [ -60.010716576196209, -12.405531692248797 ], [ -60.010966575674317, -12.405531692248799 ], [ -60.010966575674317, -12.40528169297975 ], [ -60.011466574630525, -12.405281692979761 ], [ -60.011466574630525, -12.404781694441652 ], [ -60.011216575152417, -12.404781694441658 ] ] ], [ [ [ -60.011216575152417, -12.404281695903551 ], [ -60.011216575152417, -12.404531695172594 ], [ -60.011466574630525, -12.404531695172592 ], [ -60.011466574630525, -12.404281695903553 ], [ -60.011216575152417, -12.404281695903551 ] ] ], [ [ [ -60.010216577240001, -12.403531698096399 ], [ -60.010216577240001, -12.404031696634497 ], [ -60.010466576718116, -12.404031696634505 ], [ -60.010466576718116, -12.403531698096407 ], [ -60.010216577240001, -12.403531698096399 ] ] ], [ [ [ -60.011216575152417, -12.39978170906064 ], [ -60.011216575152417, -12.400281707598729 ], [ -60.011466574630525, -12.400281707598729 ], [ -60.011466574630525, -12.399781709060637 ], [ -60.011216575152417, -12.39978170906064 ] ] ], [ [ [ -60.011466574630525, -12.398531712715377 ], [ -60.011466574630525, -12.398781711984434 ], [ -60.011966573586733, -12.398781711984434 ], [ -60.011966573586733, -12.398531712715386 ], [ -60.011466574630525, -12.398531712715377 ] ] ], [ [ [ -60.011466574630525, -12.396781717832024 ], [ -60.011466574630525, -12.397031717101081 ], [ -60.011716574108632, -12.397031717101067 ], [ -60.011716574108632, -12.396781717832026 ], [ -60.011466574630525, -12.396781717832024 ] ] ], [ [ [ -60.008216581419852, -12.424583642694275 ], [ -60.008450014932372, -12.424781636080851 ], [ -60.008716580371392, -12.424781635965722 ], [ -60.008716580371392, -12.424531636696667 ], [ -60.008216581415184, -12.424531636696674 ], [ -60.008216581419852, -12.424583642694275 ] ] ], [ [ [ -60.008216581415184, -12.423781638889505 ], [ -60.008216581415184, -12.424031638158574 ], [ -60.008466580893277, -12.424031638158572 ], [ -60.008466580893277, -12.423781638889517 ], [ -60.008216581415184, -12.423781638889505 ] ] ], [ [ [ -60.008466580893277, -12.423781638889517 ], [ -60.008716580371392, -12.423781638889514 ], [ -60.008716580371392, -12.423531639620467 ], [ -60.008466580893277, -12.423531639620469 ], [ -60.008466580893277, -12.423781638889517 ] ] ], [ [ [ -60.008466580893277, -12.423281640351407 ], [ -60.008716580371392, -12.42328164035141 ], [ -60.008716580371392, -12.423031641082371 ], [ -60.008466580893277, -12.423031641082364 ], [ -60.008466580893277, -12.423281640351407 ] ] ], [ [ [ -60.007716582458968, -12.423031641082369 ], [ -60.007716582458968, -12.423281640351416 ], [ -60.008216581415184, -12.423281640351409 ], [ -60.008216581415184, -12.422531642544259 ], [ -60.007966581937076, -12.422531642544266 ], [ -60.007966581937076, -12.423031641082364 ], [ -60.007716582458968, -12.423031641082369 ] ] ], [ [ [ -60.00596658611223, -12.422031644006157 ], [ -60.00596658611223, -12.422281643275211 ], [ -60.006216585590352, -12.422281643275205 ], [ -60.006216585590352, -12.422031644006163 ], [ -60.00596658611223, -12.422031644006157 ] ] ], [ [ [ -60.006716584546552, -12.422031644006161 ], [ -60.006716584546552, -12.422281643275205 ], [ -60.006966584024653, -12.422281643275216 ], [ -60.006966584024653, -12.422031644006161 ], [ -60.006716584546552, -12.422031644006161 ] ] ], [ [ [ -60.006216585590352, -12.421531645468054 ], [ -60.006216585590352, -12.421781644737106 ], [ -60.006466585068445, -12.421781644737116 ], [ -60.006466585068445, -12.421531645468059 ], [ -60.006216585590352, -12.421531645468054 ] ] ], [ [ [ -60.006466585068445, -12.421031646929954 ], [ -60.006466585068445, -12.421281646199013 ], [ -60.006716584546552, -12.421281646199008 ], [ -60.006716584546552, -12.420781647660897 ], [ -60.006216585590352, -12.420781647660903 ], [ -60.006216585590352, -12.421031646929954 ], [ -60.006466585068445, -12.421031646929954 ] ] ], [ [ [ -60.008216581415184, -12.419781650584699 ], [ -60.008216581415184, -12.420281649122797 ], [ -60.008466580893277, -12.42028164912281 ], [ -60.008466580893277, -12.419781650584707 ], [ -60.008216581415184, -12.419781650584699 ] ] ], [ [ [ -60.003966590287419, -12.419531651315644 ], [ -60.003966590287419, -12.419781650584712 ], [ -60.004216589765505, -12.419781650584701 ], [ -60.004216589765505, -12.419531651315642 ], [ -60.003966590287419, -12.419531651315644 ] ] ], [ [ [ -60.008716580371392, -12.419781650584698 ], [ -60.008966579849485, -12.419781650584705 ], [ -60.008966579849485, -12.419531651315657 ], [ -60.008716580371392, -12.419531651315644 ], [ -60.008716580371392, -12.419781650584698 ] ] ], [ [ [ -60.006716584546552, -12.419781650584714 ], [ -60.006966584024653, -12.419781650584707 ], [ -60.006966584024653, -12.419281652046589 ], [ -60.006716584546552, -12.419281652046603 ], [ -60.006716584546552, -12.419781650584714 ] ] ], [ [ [ -60.005466587156036, -12.419281652046591 ], [ -60.005466587156036, -12.419531651315644 ], [ -60.005716586634144, -12.41953165131565 ], [ -60.005716586634144, -12.419281652046594 ], [ -60.005466587156036, -12.419281652046591 ] ] ], [ [ [ -60.008966579849485, -12.419031652777541 ], [ -60.008966579849485, -12.418781653508505 ], [ -60.008716580371392, -12.418781653508496 ], [ -60.008716580371392, -12.418281654970396 ], [ -60.008966579849485, -12.418281654970402 ], [ -60.008966579849485, -12.418531654239441 ], [ -60.009216579327592, -12.418531654239448 ], [ -60.009216579327592, -12.419031652777546 ], [ -60.009466578805693, -12.419031652777548 ], [ -60.009466578805693, -12.418281654970389 ], [ -60.009216579327592, -12.418281654970398 ], [ -60.009216579327592, -12.41803165570135 ], [ -60.008966579849485, -12.418031655701347 ], [ -60.008966579849485, -12.417781656432293 ], [ -60.009466578805693, -12.417781656432291 ], [ -60.009466578805693, -12.417281657894192 ], [ -60.009216579327592, -12.4172816578942 ], [ -60.009216579327592, -12.417531657163252 ], [ -60.008466580893277, -12.417531657163236 ], [ -60.008466580893277, -12.417781656432306 ], [ -60.008716580371392, -12.417781656432297 ], [ -60.008716580371392, -12.418031655701352 ], [ -60.008466580893277, -12.418031655701343 ], [ -60.008466580893277, -12.419031652777559 ], [ -60.008966579849485, -12.419031652777541 ] ] ], [ [ [ -60.005716586634144, -12.417781656432298 ], [ -60.005716586634144, -12.417281657894192 ], [ -60.005466587156036, -12.417281657894184 ], [ -60.005466587156036, -12.417031658625147 ], [ -60.005216587677928, -12.417031658625138 ], [ -60.005216587677928, -12.417781656432293 ], [ -60.005716586634144, -12.417781656432298 ] ] ], [ [ [ -60.006466585068445, -12.417031658625135 ], [ -60.006466585068445, -12.417531657163247 ], [ -60.006716584546552, -12.41753165716325 ], [ -60.006716584546552, -12.417031658625135 ], [ -60.006466585068445, -12.417031658625135 ] ] ], [ [ [ -60.004466589243627, -12.417031658625135 ], [ -60.004466589243627, -12.417281657894188 ], [ -60.00471658872172, -12.417281657894197 ], [ -60.00471658872172, -12.41703165862514 ], [ -60.004466589243627, -12.417031658625135 ] ] ], [ [ [ -60.008716580371392, -12.417031658625147 ], [ -60.008716580371392, -12.417281657894204 ], [ -60.008966579849485, -12.417281657894188 ], [ -60.008966579849485, -12.417031658625135 ], [ -60.008716580371392, -12.417031658625147 ] ] ], [ [ [ -60.008466580893277, -12.416781659356099 ], [ -60.008466580893277, -12.417031658625135 ], [ -60.008716580371392, -12.417031658625147 ], [ -60.008716580371392, -12.41678165935609 ], [ -60.008466580893277, -12.416781659356099 ] ] ], [ [ [ -60.005716586634144, -12.416781659356094 ], [ -60.00596658611223, -12.416781659356088 ], [ -60.00596658611223, -12.416531660087047 ], [ -60.005716586634144, -12.416531660087047 ], [ -60.005716586634144, -12.416781659356094 ] ] ], [ [ [ -60.008216581415184, -12.416531660087038 ], [ -60.007966581937076, -12.416531660087047 ], [ -60.007966581937076, -12.416281660817988 ], [ -60.007716582458968, -12.416281660817981 ], [ -60.007716582458968, -12.416781659356092 ], [ -60.008216581415184, -12.416781659356099 ], [ -60.008216581415184, -12.416531660087038 ] ] ], [ [ [ -60.006966584024653, -12.416281660817988 ], [ -60.006966584024653, -12.416531660087051 ], [ -60.00721658350276, -12.416531660087037 ], [ -60.00721658350276, -12.416281660817983 ], [ -60.006966584024653, -12.416281660817988 ] ] ], [ [ [ -60.004216589765505, -12.41578166227988 ], [ -60.004216589765505, -12.416031661548949 ], [ -60.003966590287419, -12.41603166154893 ], [ -60.003966590287419, -12.416281660817992 ], [ -60.00471658872172, -12.41628166081799 ], [ -60.00471658872172, -12.416531660087038 ], [ -60.005216587677928, -12.416531660087044 ], [ -60.005216587677928, -12.41578166227989 ], [ -60.004216589765505, -12.41578166227988 ] ] ], [ [ [ -60.00596658611223, -12.41578166227989 ], [ -60.00596658611223, -12.415531663010841 ], [ -60.006716584546552, -12.415531663010835 ], [ -60.006716584546552, -12.415781662279894 ], [ -60.006466585068445, -12.415781662279892 ], [ -60.006466585068445, -12.416281660817997 ], [ -60.006716584546552, -12.41628166081799 ], [ -60.006716584546552, -12.416031661548937 ], [ -60.00721658350276, -12.41603166154894 ], [ -60.00721658350276, -12.416281660817983 ], [ -60.007716582458968, -12.416281660817981 ], [ -60.007716582458968, -12.416031661548944 ], [ -60.007966581937076, -12.416031661548937 ], [ -60.007966581937076, -12.416281660817988 ], [ -60.008216581415184, -12.416281660817987 ], [ -60.008216581415184, -12.41603166154894 ], [ -60.008466580893277, -12.416031661548944 ], [ -60.008466580893277, -12.41578166227988 ], [ -60.008216581415184, -12.415781662279883 ], [ -60.008216581415184, -12.41553166301083 ], [ -60.007716582458968, -12.415531663010835 ], [ -60.007716582458968, -12.415281663741782 ], [ -60.00721658350276, -12.415281663741789 ], [ -60.00721658350276, -12.414781665203691 ], [ -60.006966584024653, -12.414781665203682 ], [ -60.006966584024653, -12.414531665934625 ], [ -60.006466585068445, -12.414531665934637 ], [ -60.006466585068445, -12.414281666665588 ], [ -60.00596658611223, -12.41428166666558 ], [ -60.00596658611223, -12.414781665203691 ], [ -60.005716586634144, -12.414781665203693 ], [ -60.005716586634144, -12.415031664472734 ], [ -60.00596658611223, -12.415031664472735 ], [ -60.00596658611223, -12.415281663741782 ], [ -60.005716586634144, -12.415281663741784 ], [ -60.005716586634144, -12.41578166227989 ], [ -60.00596658611223, -12.41578166227989 ] ], [ [ -60.006716584546552, -12.415281663741791 ], [ -60.006216585590352, -12.415281663741792 ], [ -60.006216585590352, -12.41503166447273 ], [ -60.006716584546552, -12.41503166447273 ], [ -60.006716584546552, -12.415281663741791 ] ] ], [ [ [ -60.005466587156036, -12.41503166447273 ], [ -60.005466587156036, -12.415281663741792 ], [ -60.005716586634144, -12.415281663741784 ], [ -60.005716586634144, -12.415031664472734 ], [ -60.005466587156036, -12.41503166447273 ] ] ], [ [ [ -60.004466589243627, -12.414531665934634 ], [ -60.004466589243627, -12.414781665203682 ], [ -60.005716586634144, -12.414781665203693 ], [ -60.005716586634144, -12.414531665934627 ], [ -60.004466589243627, -12.414531665934634 ] ] ], [ [ [ -60.00721658350276, -12.414281666665584 ], [ -60.00721658350276, -12.414531665934634 ], [ -60.007966581937076, -12.414531665934623 ], [ -60.007966581937076, -12.414281666665577 ], [ -60.00721658350276, -12.414281666665584 ] ] ], [ [ [ -60.006466585068445, -12.413531668858434 ], [ -60.006466585068445, -12.413781668127479 ], [ -60.006966584024653, -12.413781668127484 ], [ -60.006966584024653, -12.413531668858433 ], [ -60.006466585068445, -12.413531668858434 ] ] ], [ [ [ -60.008716580371392, -12.413531668858425 ], [ -60.008716580371392, -12.413781668127475 ], [ -60.008966579849485, -12.413781668127472 ], [ -60.008966579849485, -12.413531668858438 ], [ -60.008716580371392, -12.413531668858425 ] ] ], [ [ [ -60.006216585590352, -12.413281669589372 ], [ -60.006216585590352, -12.413531668858429 ], [ -60.006466585068445, -12.413531668858434 ], [ -60.006466585068445, -12.413281669589383 ], [ -60.006216585590352, -12.413281669589372 ] ] ], [ [ [ -60.004466589243627, -12.412781671051279 ], [ -60.004466589243627, -12.413031670320329 ], [ -60.003716590809312, -12.413031670320327 ], [ -60.003716590809312, -12.413281669589372 ], [ -60.003966590287419, -12.413281669589379 ], [ -60.003966590287419, -12.413781668127474 ], [ -60.004466589243627, -12.413781668127472 ], [ -60.004466589243627, -12.414281666665595 ], [ -60.00471658872172, -12.41428166666558 ], [ -60.00471658872172, -12.414031667396525 ], [ -60.005216587677928, -12.414031667396525 ], [ -60.005216587677928, -12.41428166666558 ], [ -60.005466587156036, -12.414281666665593 ], [ -60.005466587156036, -12.414031667396529 ], [ -60.006466585068445, -12.414031667396529 ], [ -60.006466585068445, -12.413781668127479 ], [ -60.006216585590352, -12.413781668127482 ], [ -60.006216585590352, -12.413531668858429 ], [ -60.00596658611223, -12.413531668858429 ], [ -60.00596658611223, -12.413281669589384 ], [ -60.006216585590352, -12.413281669589372 ], [ -60.006216585590352, -12.413031670320336 ], [ -60.006466585068445, -12.413031670320324 ], [ -60.006466585068445, -12.412781671051283 ], [ -60.006216585590352, -12.412781671051274 ], [ -60.006216585590352, -12.41253167178222 ], [ -60.00596658611223, -12.412531671782231 ], [ -60.00596658611223, -12.412781671051269 ], [ -60.005716586634144, -12.412781671051277 ], [ -60.005716586634144, -12.412031673244117 ], [ -60.00596658611223, -12.412031673244131 ], [ -60.00596658611223, -12.411781673975067 ], [ -60.004966588199828, -12.411781673975074 ], [ -60.004966588199828, -12.41203167324413 ], [ -60.005466587156036, -12.412031673244117 ], [ -60.005466587156036, -12.412281672513178 ], [ -60.005216587677928, -12.412281672513183 ], [ -60.005216587677928, -12.412531671782226 ], [ -60.00471658872172, -12.412531671782229 ], [ -60.00471658872172, -12.412781671051276 ], [ -60.004466589243627, -12.412781671051279 ] ], [ [ -60.005466587156036, -12.413781668127477 ], [ -60.005216587677928, -12.413781668127481 ], [ -60.005216587677928, -12.413531668858431 ], [ -60.005466587156036, -12.413531668858429 ], [ -60.005466587156036, -12.413781668127477 ] ] ], [ [ [ -60.006716584546552, -12.412531671782229 ], [ -60.006716584546552, -12.413031670320322 ], [ -60.006966584024653, -12.413031670320322 ], [ -60.006966584024653, -12.412531671782228 ], [ -60.006716584546552, -12.412531671782229 ] ] ], [ [ [ -60.008716580371392, -12.413531668858425 ], [ -60.008716580371392, -12.413281669589381 ], [ -60.008216581415184, -12.413281669589388 ], [ -60.008216581415184, -12.413031670320329 ], [ -60.008716580371392, -12.41303167032034 ], [ -60.008716580371392, -12.412531671782229 ], [ -60.008966579849485, -12.412531671782228 ], [ -60.008966579849485, -12.412281672513174 ], [ -60.008466580893277, -12.412281672513174 ], [ -60.008466580893277, -12.41203167324413 ], [ -60.008216581415184, -12.412031673244117 ], [ -60.008216581415184, -12.411781673975076 ], [ -60.008716580371392, -12.411781673975081 ], [ -60.008716580371392, -12.411531674706028 ], [ -60.007966581937076, -12.411531674706023 ], [ -60.007966581937076, -12.411281675436975 ], [ -60.008216581415184, -12.411281675436973 ], [ -60.008216581415184, -12.411031676167912 ], [ -60.00721658350276, -12.411031676167928 ], [ -60.00721658350276, -12.411781673975071 ], [ -60.007716582458968, -12.411781673975073 ], [ -60.007716582458968, -12.412281672513187 ], [ -60.00721658350276, -12.412281672513172 ], [ -60.00721658350276, -12.412781671051281 ], [ -60.007716582458968, -12.412781671051277 ], [ -60.007716582458968, -12.413031670320333 ], [ -60.006966584024653, -12.413031670320322 ], [ -60.006966584024653, -12.413281669589376 ], [ -60.00721658350276, -12.413281669589388 ], [ -60.00721658350276, -12.413531668858425 ], [ -60.007966581937076, -12.413531668858429 ], [ -60.007966581937076, -12.413781668127477 ], [ -60.008466580893277, -12.413781668127482 ], [ -60.008466580893277, -12.413531668858433 ], [ -60.008716580371392, -12.413531668858425 ] ], [ [ -60.007966581937076, -12.413031670320331 ], [ -60.007966581937076, -12.413281669589377 ], [ -60.007716582458968, -12.413281669589381 ], [ -60.007716582458968, -12.413031670320333 ], [ -60.007966581937076, -12.413031670320331 ] ] ], [ [ [ -60.005716586634144, -12.41103167616793 ], [ -60.005716586634144, -12.411531674706023 ], [ -60.00596658611223, -12.411531674706032 ], [ -60.00596658611223, -12.411031676167916 ], [ -60.005716586634144, -12.41103167616793 ] ] ], [ [ [ -60.007966581937076, -12.408281684208362 ], [ -60.007966581937076, -12.408531683477408 ], [ -60.008216581415184, -12.408531683477419 ], [ -60.008216581415184, -12.408281684208355 ], [ -60.007966581937076, -12.408281684208362 ] ] ], [ [ [ -60.008966579849485, -12.406531689325011 ], [ -60.008966579849485, -12.40678168859405 ], [ -60.009216579327592, -12.406781688594057 ], [ -60.009216579327592, -12.406531689324998 ], [ -60.008966579849485, -12.406531689325011 ] ] ], [ [ [ -60.008466580893277, -12.404281695903546 ], [ -60.008966579849485, -12.404281695903547 ], [ -60.008966579849485, -12.403281698827337 ], [ -60.007966581937076, -12.403281698827341 ], [ -60.007966581937076, -12.403531698096403 ], [ -60.008466580893277, -12.403531698096403 ], [ -60.008466580893277, -12.404281695903546 ] ] ], [ [ [ -60.00471658872172, -12.403031699558307 ], [ -60.005216587677928, -12.403031699558298 ], [ -60.005216587677928, -12.402781700289239 ], [ -60.00471658872172, -12.402781700289248 ], [ -60.00471658872172, -12.403031699558307 ] ] ], [ [ [ -60.008966579849485, -12.402781700289246 ], [ -60.008966579849485, -12.403031699558305 ], [ -60.009216579327592, -12.403031699558291 ], [ -60.009216579327592, -12.402781700289244 ], [ -60.008966579849485, -12.402781700289246 ] ] ], [ [ [ -60.005466587156036, -12.402031702482093 ], [ -60.005466587156036, -12.402281701751138 ], [ -60.005716586634144, -12.402281701751146 ], [ -60.005716586634144, -12.401781703213038 ], [ -60.005216587677928, -12.40178170321304 ], [ -60.005216587677928, -12.402031702482086 ], [ -60.005466587156036, -12.402031702482093 ] ] ], [ [ [ -60.007716582458968, -12.40178170321304 ], [ -60.007716582458968, -12.402031702482089 ], [ -60.007966581937076, -12.402031702482086 ], [ -60.007966581937076, -12.40178170321304 ], [ -60.007716582458968, -12.40178170321304 ] ] ], [ [ [ -60.00721658350276, -12.401531703943988 ], [ -60.00721658350276, -12.401781703213048 ], [ -60.007716582458968, -12.40178170321304 ], [ -60.007716582458968, -12.401531703943997 ], [ -60.00721658350276, -12.401531703943988 ] ] ], [ [ [ -60.008466580893277, -12.401531703943988 ], [ -60.008466580893277, -12.401781703213047 ], [ -60.008716580371392, -12.401781703213036 ], [ -60.008716580371392, -12.401531703943995 ], [ -60.008466580893277, -12.401531703943988 ] ] ], [ [ [ -60.005063365511724, -12.401281704702331 ], [ -60.004966588206507, -12.401376510155149 ], [ -60.004966588199828, -12.401531703943984 ], [ -60.005216587677928, -12.401531703943986 ], [ -60.005216587677928, -12.401281704674933 ], [ -60.005063365511724, -12.401281704702331 ] ] ], [ [ [ -60.008216581415184, -12.401031705405895 ], [ -60.008216581415184, -12.401281704674934 ], [ -60.008466580893277, -12.40128170467494 ], [ -60.008466580893277, -12.401031705405885 ], [ -60.008216581415184, -12.401031705405895 ] ] ], [ [ [ -60.008216581415184, -12.398781711984439 ], [ -60.008216581415184, -12.39828171344633 ], [ -60.008125690141284, -12.398281713473033 ], [ -60.007966581943727, -12.398437585991424 ], [ -60.007966581937076, -12.398531712715375 ], [ -60.007870501102403, -12.398531712742688 ], [ -60.007716582465754, -12.398682500739156 ], [ -60.007716582458968, -12.398781711984427 ], [ -60.00761531121266, -12.398781712012253 ], [ -60.007466582987746, -12.398927414686828 ], [ -60.007466582980868, -12.399031711253489 ], [ -60.007360120472036, -12.39903171128171 ], [ -60.007216583509731, -12.399172327834401 ], [ -60.00721658350276, -12.39928171052253 ], [ -60.007716582458968, -12.399281710522532 ], [ -60.007716582458968, -12.399531709791587 ], [ -60.007966581937076, -12.399531709791574 ], [ -60.007966581937076, -12.399281710522526 ], [ -60.008216581415184, -12.399281710522537 ], [ -60.008216581415184, -12.399031711253475 ], [ -60.007966581937076, -12.399031711253491 ], [ -60.007966581937076, -12.398781711984444 ], [ -60.008216581415184, -12.398781711984439 ] ] ], [ [ [ -60.002966592374996, -12.419281652046603 ], [ -60.003216591853104, -12.419281652046596 ], [ -60.003216591853104, -12.419031652777553 ], [ -60.002966592374996, -12.41903165277756 ], [ -60.002966592374996, -12.419281652046603 ] ] ], [ [ [ -60.002716592896888, -12.419031652777555 ], [ -60.002716592896888, -12.418531654239448 ], [ -60.001966594462587, -12.418531654239446 ], [ -60.001966594469202, -12.418689097174022 ], [ -60.002062838667747, -12.418781653535868 ], [ -60.002216593940695, -12.418781653508505 ], [ -60.002216593947551, -12.418929517121745 ], [ -60.002322799458796, -12.419031652854905 ], [ -60.002716592896888, -12.419031652777555 ] ] ], [ [ [ -60.003966590287419, -12.418531654239441 ], [ -60.003966590287419, -12.418781653508493 ], [ -60.004216589765505, -12.418781653508493 ], [ -60.004216589765505, -12.418531654239448 ], [ -60.003966590287419, -12.418531654239441 ] ] ], [ [ [ -60.002716592896888, -12.418281654970395 ], [ -60.002716592896888, -12.418531654239448 ], [ -60.002966592374996, -12.418531654239452 ], [ -60.002966592374996, -12.4182816549704 ], [ -60.002716592896888, -12.418281654970395 ] ] ], [ [ [ -60.000466597593956, -12.416531660087051 ], [ -60.000466597593956, -12.416781659356099 ], [ -60.000716597072056, -12.416781659356094 ], [ -60.000716597072056, -12.416531660087038 ], [ -60.000466597593956, -12.416531660087051 ] ] ], [ [ [ -59.999966598637741, -12.416281660817987 ], [ -59.999966598637741, -12.416531660087033 ], [ -60.000216598115863, -12.416531660087042 ], [ -60.000216598115863, -12.416281660817981 ], [ -59.999966598637741, -12.416281660817987 ] ] ], [ [ [ -60.001216596028272, -12.416781659356088 ], [ -60.001216596028272, -12.416531660087033 ], [ -60.001466595506379, -12.416531660087037 ], [ -60.001466595506379, -12.416031661548935 ], [ -60.00171659498448, -12.416031661548944 ], [ -60.00171659498448, -12.415781662279887 ], [ -60.001966594462587, -12.415781662279882 ], [ -60.001966594462587, -12.415531663010832 ], [ -60.001466595506379, -12.415531663010844 ], [ -60.001466595506379, -12.415781662279887 ], [ -60.001216596028272, -12.41578166227988 ], [ -60.001216596028272, -12.416281660817988 ], [ -60.000716597072056, -12.416281660817994 ], [ -60.000716597072056, -12.416531660087038 ], [ -60.000966596550164, -12.416531660087045 ], [ -60.000966596550164, -12.41678165935609 ], [ -60.001216596028272, -12.416781659356088 ] ] ], [ [ [ -60.001966594462587, -12.416031661548942 ], [ -60.001966594462587, -12.416281660817994 ], [ -60.002216593940695, -12.416281660817983 ], [ -60.002216593940695, -12.416031661548933 ], [ -60.001966594462587, -12.416031661548942 ] ] ], [ [ [ -60.002716592896888, -12.41603166154894 ], [ -60.002966592374996, -12.41603166154894 ], [ -60.002966592374996, -12.415781662279883 ], [ -60.002716592896888, -12.415781662279883 ], [ -60.002716592896888, -12.41603166154894 ] ] ], [ [ [ -60.000716597072056, -12.415781662279892 ], [ -60.000966596550164, -12.415781662279889 ], [ -60.000966596550164, -12.415531663010842 ], [ -60.000716597072056, -12.415531663010848 ], [ -60.000716597072056, -12.415781662279892 ] ] ], [ [ [ -60.003216591853104, -12.415531663010837 ], [ -60.003216591853104, -12.41578166227988 ], [ -60.003466591331204, -12.415781662279896 ], [ -60.003466591331204, -12.415531663010835 ], [ -60.003216591853104, -12.415531663010837 ] ] ], [ [ [ -60.003716590809312, -12.41478166520368 ], [ -60.003716590809312, -12.415281663741791 ], [ -60.003466591331204, -12.415281663741791 ], [ -60.003466591331204, -12.415531663010835 ], [ -60.003966590287419, -12.415531663010844 ], [ -60.003966590287419, -12.415281663741794 ], [ -60.004466589243627, -12.415281663741791 ], [ -60.004466589243627, -12.414781665203682 ], [ -60.003716590809312, -12.41478166520368 ] ] ], [ [ [ -60.002716592896888, -12.414531665934639 ], [ -60.002716592896888, -12.414781665203677 ], [ -60.002966592374996, -12.414781665203684 ], [ -60.002966592374996, -12.414531665934627 ], [ -60.002716592896888, -12.414531665934639 ] ] ], [ [ [ -60.003966590287419, -12.414281666665575 ], [ -60.003966590287419, -12.414531665934625 ], [ -60.004216589765505, -12.414531665934627 ], [ -60.004216589765505, -12.414281666665582 ], [ -60.003966590287419, -12.414281666665575 ] ] ], [ [ [ -60.002716592896888, -12.414031667396527 ], [ -60.002716592896888, -12.414281666665595 ], [ -60.002966592374996, -12.414281666665582 ], [ -60.002966592374996, -12.414031667396541 ], [ -60.002716592896888, -12.414031667396527 ] ] ], [ [ [ -60.002216593940695, -12.413781668127488 ], [ -60.002216593940695, -12.414031667396525 ], [ -60.002716592896888, -12.414031667396527 ], [ -60.002716592896888, -12.413781668127486 ], [ -60.002216593940695, -12.413781668127488 ] ] ], [ [ [ -60.002716592896888, -12.413531668858441 ], [ -60.002716592896888, -12.413781668127486 ], [ -60.003216591853104, -12.413781668127481 ], [ -60.003216591853104, -12.413281669589376 ], [ -60.002966592374996, -12.413281669589377 ], [ -60.002966592374996, -12.413531668858433 ], [ -60.002716592896888, -12.413531668858441 ] ] ], [ [ [ -60.000216598115863, -12.413281669589384 ], [ -60.000216598115863, -12.413531668858429 ], [ -60.000466597593956, -12.413531668858422 ], [ -60.000466597593956, -12.413281669589381 ], [ -60.000216598115863, -12.413281669589384 ] ] ], [ [ [ -59.996716605422414, -12.412781671051286 ], [ -59.996716605422414, -12.413031670320336 ], [ -59.996466605944292, -12.413031670320326 ], [ -59.996466605944292, -12.413281669589381 ], [ -59.996966604900507, -12.413281669589377 ], [ -59.996966604900507, -12.413031670320322 ], [ -59.997216604378607, -12.413031670320327 ], [ -59.997216604378607, -12.412781671051281 ], [ -59.996716605422414, -12.412781671051286 ] ] ], [ [ [ -59.999966598637741, -12.413031670320329 ], [ -59.999966598637741, -12.412531671782224 ], [ -59.999216600203439, -12.412531671782229 ], [ -59.999216600203439, -12.412781671051269 ], [ -59.998966600725332, -12.412781671051277 ], [ -59.998966600725332, -12.413031670320329 ], [ -59.999216600203439, -12.413031670320322 ], [ -59.999216600203439, -12.41328166958937 ], [ -60.000216598115863, -12.413281669589384 ], [ -60.000216598115863, -12.413031670320322 ], [ -59.999966598637741, -12.413031670320329 ] ] ], [ [ [ -60.002966592374996, -12.412781671051283 ], [ -60.002966592374996, -12.413031670320333 ], [ -60.003466591331204, -12.413031670320322 ], [ -60.003466591331204, -12.412781671051276 ], [ -60.002966592374996, -12.412781671051283 ] ] ], [ [ [ -60.00171659498448, -12.412031673244119 ], [ -60.00171659498448, -12.412281672513172 ], [ -60.001466595506379, -12.412281672513165 ], [ -60.001466595506379, -12.412531671782222 ], [ -60.001966594462587, -12.412531671782235 ], [ -60.001966594462587, -12.412281672513178 ], [ -60.002216593940695, -12.412281672513183 ], [ -60.002216593940695, -12.412031673244124 ], [ -60.00171659498448, -12.412031673244119 ] ] ], [ [ [ -59.995293145903631, -12.412031673268659 ], [ -59.995216608560547, -12.412129086034311 ], [ -59.995216608560128, -12.412197541578063 ], [ -59.995304086011842, -12.412281672539461 ], [ -59.995466608031883, -12.412281672513171 ], [ -59.995466608031883, -12.412031673244126 ], [ -59.995293145903631, -12.412031673268659 ] ] ], [ [ [ -59.995489570278409, -12.411781673984713 ], [ -59.995466608034825, -12.411810899237278 ], [ -59.995466608031883, -12.412031673244126 ], [ -59.995716607509991, -12.412031673244133 ], [ -59.995716607509991, -12.411781673975076 ], [ -59.995489570278409, -12.411781673984713 ] ] ], [ [ [ -60.002716592896888, -12.411281675436966 ], [ -60.002716592896888, -12.411781673975073 ], [ -60.002966592374996, -12.411781673975083 ], [ -60.002966592374996, -12.412031673244126 ], [ -60.003466591331204, -12.412031673244133 ], [ -60.003466591331204, -12.411531674706017 ], [ -60.002966592374996, -12.411531674706021 ], [ -60.002966592374996, -12.411281675436969 ], [ -60.002716592896888, -12.411281675436966 ] ] ], [ [ [ -60.00171659498448, -12.411531674706019 ], [ -60.002216593940695, -12.411531674706024 ], [ -60.002216593940695, -12.411281675436966 ], [ -60.00171659498448, -12.411281675436969 ], [ -60.00171659498448, -12.411531674706019 ] ] ], [ [ [ -60.002216593940695, -12.411281675436966 ], [ -60.002716592896888, -12.411281675436966 ], [ -60.002716592896888, -12.41103167616793 ], [ -60.002216593940695, -12.411031676167923 ], [ -60.002216593940695, -12.411281675436966 ] ] ], [ [ [ -60.002966592374996, -12.410781676898862 ], [ -60.002966592374996, -12.411281675436969 ], [ -60.003216591853104, -12.411281675436964 ], [ -60.003216591853104, -12.410781676898873 ], [ -60.002966592374996, -12.410781676898862 ] ] ], [ [ [ -59.999466599681547, -12.41078167689888 ], [ -59.999466599681547, -12.411031676167918 ], [ -59.999966598637741, -12.411031676167918 ], [ -59.999966598637741, -12.410781676898878 ], [ -59.999466599681547, -12.41078167689888 ] ] ], [ [ [ -60.001966594462587, -12.410531677629823 ], [ -60.001966594462587, -12.410781676898862 ], [ -60.002716592896888, -12.410781676898871 ], [ -60.002716592896888, -12.410531677629821 ], [ -60.001966594462587, -12.410531677629823 ] ] ], [ [ [ -60.002716592896888, -12.410281678360771 ], [ -60.002716592896888, -12.410531677629821 ], [ -60.002966592374996, -12.410531677629825 ], [ -60.002966592374996, -12.41028167836077 ], [ -60.002716592896888, -12.410281678360771 ] ] ], [ [ [ -60.003216591853104, -12.409531680553611 ], [ -60.003216591853104, -12.409781679822672 ], [ -60.003466591331204, -12.409781679822672 ], [ -60.003466591331204, -12.409531680553613 ], [ -60.003216591853104, -12.409531680553611 ] ] ], [ [ [ -60.002966592374996, -12.409281681284567 ], [ -60.002966592374996, -12.409031682015515 ], [ -60.002716592896888, -12.409031682015522 ], [ -60.002716592896888, -12.40953168055362 ], [ -60.002216593940695, -12.409531680553613 ], [ -60.002216593940695, -12.409781679822672 ], [ -60.002966592374996, -12.409781679822668 ], [ -60.002966592374996, -12.409531680553613 ], [ -60.003216591853104, -12.409531680553611 ], [ -60.003216591853104, -12.409281681284563 ], [ -60.002966592374996, -12.409281681284567 ] ] ], [ [ [ -60.001466595506379, -12.409531680553609 ], [ -60.001466595506379, -12.40928168128457 ], [ -60.00171659498448, -12.409281681284563 ], [ -60.00171659498448, -12.409031682015508 ], [ -60.001216596028272, -12.409031682015515 ], [ -60.001216596028272, -12.409531680553611 ], [ -60.001466595506379, -12.409531680553609 ] ] ], [ [ [ -60.000716597072056, -12.409281681284567 ], [ -60.000966596550164, -12.409281681284565 ], [ -60.000966596550164, -12.40903168201551 ], [ -60.000716597072056, -12.409031682015518 ], [ -60.000716597072056, -12.409281681284567 ] ] ], [ [ [ -60.003216591853104, -12.409281681284563 ], [ -60.003466591331204, -12.409281681284568 ], [ -60.003466591331204, -12.409031682015517 ], [ -60.003216591853104, -12.40903168201551 ], [ -60.003216591853104, -12.409281681284563 ] ] ], [ [ [ -60.002216593940695, -12.408781682746467 ], [ -60.002216593940695, -12.409031682015522 ], [ -60.002716592896888, -12.409031682015522 ], [ -60.002716592896888, -12.408781682746454 ], [ -60.002216593940695, -12.408781682746467 ] ] ], [ [ [ -60.003716590809312, -12.408031684939314 ], [ -60.003716590809312, -12.408281684208365 ], [ -60.003966590287419, -12.408281684208365 ], [ -60.003966590287419, -12.408031684939305 ], [ -60.003716590809312, -12.408031684939314 ] ] ], [ [ [ -60.000966596550164, -12.407031687863117 ], [ -60.000716597072056, -12.4070316878631 ], [ -60.000716597072056, -12.406531689325003 ], [ -60.000966596550164, -12.406531689325014 ], [ -60.000966596550164, -12.406281690055959 ], [ -60.000716597072056, -12.406281690055957 ], [ -60.000716597072056, -12.405781691517861 ], [ -60.000469648733812, -12.40578169151925 ], [ -60.000466597594972, -12.405784680312973 ], [ -60.000466597593956, -12.406531689324996 ], [ -60.000216598115863, -12.406531689325009 ], [ -60.000216598115863, -12.406031690786904 ], [ -60.000214434154508, -12.406031690787902 ], [ -59.999966598638544, -12.406274460985813 ], [ -59.999966598637741, -12.406281690055959 ], [ -59.999959218720598, -12.406281690059272 ], [ -59.99971659916099, -12.406519350120554 ], [ -59.999716599159655, -12.406531689325002 ], [ -59.999704002434939, -12.406531689330533 ], [ -59.999466599683387, -12.406764238454652 ], [ -59.999466599681547, -12.406781688594057 ], [ -59.999448785297474, -12.406781688601704 ], [ -59.999227502148891, -12.406998446982564 ], [ -59.999216600205237, -12.40701481110116 ], [ -59.999216600203439, -12.407031687863103 ], [ -60.000216598115863, -12.407031687863107 ], [ -60.000216598115863, -12.407281687132162 ], [ -60.000466597593956, -12.407281687132155 ], [ -60.000466597593956, -12.407781685670257 ], [ -60.001216596028272, -12.407781685670264 ], [ -60.001216596028272, -12.407281687132167 ], [ -60.000966596550164, -12.407281687132166 ], [ -60.000966596550164, -12.407031687863117 ] ] ], [ [ [ -60.003716590809312, -12.406281690055952 ], [ -60.003716590809312, -12.406531689325009 ], [ -60.003966590287419, -12.406531689325 ], [ -60.003966590287419, -12.406281690055955 ], [ -60.003716590809312, -12.406281690055952 ] ] ], [ [ [ -60.003466591331204, -12.405781691517848 ], [ -60.003466591331204, -12.406281690055946 ], [ -60.003716590809312, -12.406281690055952 ], [ -60.003716590809312, -12.405781691517861 ], [ -60.003466591331204, -12.405781691517848 ] ] ], [ [ [ -60.001490498526103, -12.404781694451639 ], [ -60.001466595511438, -12.404805109356127 ], [ -60.001466595506379, -12.405281692979756 ], [ -60.00171659498448, -12.405281692979758 ], [ -60.00171659498448, -12.404781694441649 ], [ -60.001490498526103, -12.404781694451639 ] ] ], [ [ [ -60.002000918312639, -12.404281695917232 ], [ -60.001966594465891, -12.404315319077885 ], [ -60.001966594462587, -12.404531695172595 ], [ -60.002216593940695, -12.404531695172603 ], [ -60.002216593940695, -12.404281695903549 ], [ -60.002000918312639, -12.404281695917232 ] ] ], [ [ [ -60.002716592896888, -12.404031696634501 ], [ -60.002966592374996, -12.404031696634508 ], [ -60.002966592374996, -12.403781697365449 ], [ -60.002716592896888, -12.403781697365453 ], [ -60.002716592896888, -12.404031696634501 ] ] ], [ [ [ -60.003966590287419, -12.40328169882735 ], [ -60.004216589765505, -12.403281698827342 ], [ -60.004216589765505, -12.403031699558294 ], [ -60.003966590287419, -12.403031699558287 ], [ -60.003966590287419, -12.40328169882735 ] ] ] ] } }
]
}
