{
"type": "FeatureCollection",
"name": "rio_omere",
"crs": { "type": "name", "properties": { "name": "urn:ogc:def:crs:OGC:1.3:CRS84" } },
"features": [
{ "type": "Feature", "properties": { "area_ha": 2014.59 }, "geometry": { "type": "MultiPolygon", "coordinates": [ [ [ [ -61.146973917089667, -12.874834315057802 ], [ -61.146973917089667, -12.875103809643043 ], [ -61.147243411674907, -12.875103809643033 ], [ -61.147243411674907, -12.875373304228278 ], [ -61.146973917089667, -12.87537330422828 ], [ -61.146973917089667, -12.877529260910165 ], [ -61.148051895430612, -12.877529260910157 ], [ -61.148051895430612, -12.877259766324928 ], [ -61.147782400845379, -12.877259766324922 ], [ -61.147782400845379, -12.87348684213163 ], [ -61.147243411674907, -12.873486842131625 ], [ -61.147243411674907, -12.87429532588733 ], [ -61.146973917089667, -12.874295325887328 ], [ -61.146973917089667, -12.874564820472573 ], [ -61.147243411674907, -12.874564820472566 ], [ -61.147243411674907, -12.8748343150578 ], [ -61.146973917089667, -12.874834315057802 ] ] ], [ [ [ -61.181347149392508, -12.838991535381025 ], [ -61.181384670691941, -12.834949116516052 ], [ -61.180930234829383, -12.834949116442893 ], [ -61.180930234829383, -12.835218611028138 ], [ -61.18039124565891, -12.835218611028138 ], [ -61.18039124565891, -12.835757600198614 ], [ -61.180121751073671, -12.835757600198606 ], [ -61.180121751073671, -12.836296589369073 ], [ -61.179852256488438, -12.836296589369065 ], [ -61.179852256488438, -12.836566083954313 ], [ -61.180121751073671, -12.836566083954311 ], [ -61.180121751073671, -12.836835578539558 ], [ -61.179852256488438, -12.836835578539546 ], [ -61.179852256488438, -12.837374567710027 ], [ -61.179582761903212, -12.837374567710018 ], [ -61.179582761903212, -12.837913556880499 ], [ -61.179313267317966, -12.837913556880487 ], [ -61.179313267317966, -12.838183051465728 ], [ -61.17904377273274, -12.838183051465736 ], [ -61.17904377273274, -12.838452546050959 ], [ -61.178235288977021, -12.838452546050963 ], [ -61.178235288977021, -12.838722040636204 ], [ -61.177965794391795, -12.838722040636199 ], [ -61.177965794391795, -12.838452546050956 ], [ -61.177696299806549, -12.838452546050963 ], [ -61.177696299806549, -12.838722040636206 ], [ -61.177157310636076, -12.838722040636199 ], [ -61.177157310636076, -12.83899153522143 ], [ -61.176618321465618, -12.838991535221435 ], [ -61.176618321465618, -12.839261029806668 ], [ -61.175809837709906, -12.839261029806678 ], [ -61.175809837709906, -12.839530524391908 ], [ -61.175540343124673, -12.839530524391899 ], [ -61.175540343124673, -12.839800018977144 ], [ -61.175270848539434, -12.839800018977142 ], [ -61.175270848539434, -12.840877997318081 ], [ -61.175540343124673, -12.840877997318092 ], [ -61.175540343124673, -12.841416986488554 ], [ -61.175809837709906, -12.841416986488564 ], [ -61.175809837709906, -12.841686481073786 ], [ -61.176079332295146, -12.841686481073788 ], [ -61.176079332295146, -12.841955975659021 ], [ -61.176887816050851, -12.841955975659024 ], [ -61.176887816050851, -12.842225470244262 ], [ -61.177157310636076, -12.842225470244264 ], [ -61.177157310636076, -12.841955975659028 ], [ -61.177426805221323, -12.841955975659021 ], [ -61.177426805221323, -12.842225470244268 ], [ -61.177965794391795, -12.842225470244266 ], [ -61.177965794391795, -12.842494964829493 ], [ -61.178504783562268, -12.842494964829497 ], [ -61.178504783562268, -12.842764459414745 ], [ -61.17904377273274, -12.842764459414736 ], [ -61.17904377273274, -12.843033953999967 ], [ -61.179582761903212, -12.843033953999965 ], [ -61.179582761903212, -12.843303448585214 ], [ -61.180121751073671, -12.843303448585212 ], [ -61.180121751073671, -12.843572943170447 ], [ -61.180660740244143, -12.843572943170441 ], [ -61.180660740244143, -12.843842437755676 ], [ -61.181199729414615, -12.843842437755685 ], [ -61.181199729414615, -12.842494964829504 ], [ -61.180930234829383, -12.842494964829493 ], [ -61.180930234829383, -12.842225470244259 ], [ -61.181199729414615, -12.842225470244269 ], [ -61.181199729414615, -12.84060850273285 ], [ -61.181332138015478, -12.840608502767438 ], [ -61.181334640025291, -12.840339008182198 ], [ -61.181199729414615, -12.840339008147609 ], [ -61.181199729414615, -12.840069513562389 ], [ -61.180930234829383, -12.840069513562382 ], [ -61.180930234829383, -12.839800018977137 ], [ -61.180660740244143, -12.839800018977144 ], [ -61.180660740244143, -12.838991535221441 ], [ -61.181347149392508, -12.838991535381025 ] ] ], [ [ [ -61.108436191400934, -12.832793159761003 ], [ -61.108436191400934, -12.832523665175767 ], [ -61.108166696815708, -12.832523665175779 ], [ -61.108166696815708, -12.832793159761009 ], [ -61.108436191400934, -12.832793159761003 ] ] ], [ [ [ -61.108166696815708, -12.831984676005298 ], [ -61.107897202230461, -12.8319846760053 ], [ -61.107897202230461, -12.832523665175769 ], [ -61.108166696815708, -12.832523665175779 ], [ -61.108166696815708, -12.831984676005298 ] ] ], [ [ [ -61.108436191400934, -12.829559224738173 ], [ -61.108166696815708, -12.829559224738178 ], [ -61.108166696815708, -12.829828719323409 ], [ -61.108436191400934, -12.829828719323409 ], [ -61.108436191400934, -12.829559224738173 ] ] ], [ [ [ -61.10870568598618, -12.827672762641525 ], [ -61.10870568598618, -12.826864278885822 ], [ -61.108975180571406, -12.82686427888583 ], [ -61.108975180571406, -12.826325289715353 ], [ -61.109244675156653, -12.826325289715353 ], [ -61.109244675156653, -12.824438827618696 ], [ -61.108975180571406, -12.824438827618692 ], [ -61.108975180571406, -12.825516805959639 ], [ -61.10870568598618, -12.825516805959646 ], [ -61.10870568598618, -12.826055795130122 ], [ -61.108436191400934, -12.826055795130106 ], [ -61.108436191400934, -12.827672762641532 ], [ -61.10870568598618, -12.827672762641525 ] ] ], [ [ [ -61.11220911559424, -12.795333412413219 ], [ -61.111939621009, -12.79533341241323 ], [ -61.111939621009, -12.795602906998468 ], [ -61.111670126423768, -12.795602906998457 ], [ -61.111670126423768, -12.795872401583702 ], [ -61.110861642668056, -12.795872401583695 ], [ -61.110861642668056, -12.796141896168926 ], [ -61.110592148082823, -12.79614189616893 ], [ -61.110592148082823, -12.796411390754164 ], [ -61.110322653497597, -12.796411390754175 ], [ -61.110322653497597, -12.797219874509869 ], [ -61.110861642668056, -12.797219874509882 ], [ -61.110861642668056, -12.797758863680354 ], [ -61.111670126423768, -12.797758863680356 ], [ -61.111670126423768, -12.798028358265579 ], [ -61.111939621009, -12.798028358265588 ], [ -61.111939621009, -12.7988368420213 ], [ -61.111400631838528, -12.798836842021295 ], [ -61.111400631838528, -12.799106336606531 ], [ -61.111131137253295, -12.799106336606528 ], [ -61.111131137253295, -12.799375831191757 ], [ -61.110861642668056, -12.79937583119176 ], [ -61.110861642668056, -12.799645325776996 ], [ -61.110592148082823, -12.799645325777002 ], [ -61.110592148082823, -12.799914820362238 ], [ -61.110322653497597, -12.799914820362229 ], [ -61.110322653497597, -12.800184314947467 ], [ -61.110053158912351, -12.800184314947483 ], [ -61.110053158912351, -12.800453809532709 ], [ -61.109783664327125, -12.800453809532709 ], [ -61.109783664327125, -12.800723304117941 ], [ -61.109244675156653, -12.800723304117948 ], [ -61.109244675156653, -12.80099279870319 ], [ -61.108975180571406, -12.800992798703181 ], [ -61.108975180571406, -12.80126229328841 ], [ -61.10870568598618, -12.801262293288413 ], [ -61.10870568598618, -12.801531787873646 ], [ -61.108436191400934, -12.801531787873651 ], [ -61.108436191400934, -12.801801282458886 ], [ -61.107897202230461, -12.801801282458888 ], [ -61.107897202230461, -12.802070777044118 ], [ -61.107627707645236, -12.802070777044129 ], [ -61.107627707645236, -12.801262293288408 ], [ -61.108166696815708, -12.801262293288419 ], [ -61.108166696815708, -12.800992798703188 ], [ -61.10870568598618, -12.800992798703186 ], [ -61.10870568598618, -12.800453809532705 ], [ -61.108975180571406, -12.800453809532703 ], [ -61.108975180571406, -12.800184314947469 ], [ -61.108436191400934, -12.800184314947476 ], [ -61.108436191400934, -12.799645325776995 ], [ -61.107897202230461, -12.799645325777005 ], [ -61.107897202230461, -12.799375831191762 ], [ -61.107627707645236, -12.799375831191762 ], [ -61.107627707645236, -12.799106336606524 ], [ -61.107358213060003, -12.799106336606524 ], [ -61.107358213060003, -12.798836842021295 ], [ -61.107088718474763, -12.79883684202129 ], [ -61.107088718474763, -12.798567347436061 ], [ -61.105741245548586, -12.798567347436062 ], [ -61.105741245548586, -12.7988368420213 ], [ -61.105471750963346, -12.798836842021302 ], [ -61.105471750963346, -12.799106336606524 ], [ -61.105202256378114, -12.799106336606522 ], [ -61.105202256378114, -12.79856734743605 ], [ -61.104663267207641, -12.798567347436057 ], [ -61.104663267207641, -12.798297852850828 ], [ -61.104393772622402, -12.798297852850817 ], [ -61.104393772622402, -12.798567347436062 ], [ -61.104124278037169, -12.798567347436054 ], [ -61.104124278037169, -12.798297852850817 ], [ -61.103854783451929, -12.798297852850812 ], [ -61.103854783451929, -12.798028358265579 ], [ -61.103585288866697, -12.798028358265583 ], [ -61.103585288866697, -12.798297852850816 ], [ -61.103315794281457, -12.798297852850828 ], [ -61.103315794281457, -12.800453809532714 ], [ -61.103046299696224, -12.800453809532705 ], [ -61.103046299696224, -12.807999657919309 ], [ -61.102776805110985, -12.807999657919318 ], [ -61.102776805110985, -12.808808141675019 ], [ -61.103046299696224, -12.808808141675012 ], [ -61.103046299696224, -12.809347130845499 ], [ -61.103315794281457, -12.809347130845486 ], [ -61.103315794281457, -12.809616625430733 ], [ -61.103046299696224, -12.809616625430722 ], [ -61.103046299696224, -12.812850560453564 ], [ -61.102776805110985, -12.812850560453558 ], [ -61.102776805110985, -12.815276011720687 ], [ -61.103046299696224, -12.815276011720682 ], [ -61.103046299696224, -12.815545506305924 ], [ -61.102776805110985, -12.81554550630592 ], [ -61.102776805110985, -12.815815000891146 ], [ -61.103046299696224, -12.81581500089116 ], [ -61.103046299696224, -12.816084495476389 ], [ -61.102776805110985, -12.816084495476389 ], [ -61.102776805110985, -12.816353990061625 ], [ -61.103046299696224, -12.816353990061618 ], [ -61.103046299696224, -12.816623484646859 ], [ -61.102776805110985, -12.816623484646858 ], [ -61.102776805110985, -12.816892979232088 ], [ -61.103046299696224, -12.816892979232097 ], [ -61.103046299696224, -12.81716247381733 ], [ -61.102776805110985, -12.817162473817334 ], [ -61.102776805110985, -12.81743196840257 ], [ -61.103046299696224, -12.817431968402557 ], [ -61.103046299696224, -12.817970957573037 ], [ -61.103315794281457, -12.817970957573037 ], [ -61.103315794281457, -12.818509946743516 ], [ -61.103585288866697, -12.818509946743509 ], [ -61.103585288866697, -12.819048935913973 ], [ -61.103854783451929, -12.819048935913987 ], [ -61.103854783451929, -12.819587925084445 ], [ -61.104393772622402, -12.819587925084445 ], [ -61.104393772622402, -12.819857419669697 ], [ -61.104932761792874, -12.819857419669683 ], [ -61.104932761792874, -12.820126914254917 ], [ -61.105471750963346, -12.820126914254931 ], [ -61.105471750963346, -12.8206659034254 ], [ -61.105741245548586, -12.820665903425397 ], [ -61.105741245548586, -12.820396408840157 ], [ -61.106010740133819, -12.820396408840161 ], [ -61.106010740133819, -12.820126914254915 ], [ -61.105741245548586, -12.820126914254928 ], [ -61.105741245548586, -12.819857419669692 ], [ -61.106010740133819, -12.819857419669685 ], [ -61.106010740133819, -12.819587925084463 ], [ -61.106819223889531, -12.819587925084447 ], [ -61.106819223889531, -12.81931843049921 ], [ -61.107627707645236, -12.819318430499214 ], [ -61.107627707645236, -12.819587925084459 ], [ -61.107358213060003, -12.819587925084448 ], [ -61.107358213060003, -12.819857419669686 ], [ -61.107897202230461, -12.819857419669685 ], [ -61.107897202230461, -12.82039640884015 ], [ -61.108166696815708, -12.820396408840159 ], [ -61.108166696815708, -12.822013376351579 ], [ -61.108436191400934, -12.822013376351578 ], [ -61.108436191400934, -12.822282870936814 ], [ -61.10870568598618, -12.822282870936808 ], [ -61.10870568598618, -12.822821860107275 ], [ -61.108975180571406, -12.822821860107277 ], [ -61.108975180571406, -12.823360849277748 ], [ -61.109244675156653, -12.823360849277751 ], [ -61.109244675156653, -12.820396408840153 ], [ -61.109514169741878, -12.820396408840168 ], [ -61.109514169741878, -12.820126914254919 ], [ -61.109783664327125, -12.820126914254917 ], [ -61.109783664327125, -12.819857419669692 ], [ -61.110053158912351, -12.819857419669688 ], [ -61.110053158912351, -12.819587925084454 ], [ -61.111400631838528, -12.81958792508445 ], [ -61.111400631838528, -12.819318430499209 ], [ -61.11409557769089, -12.819318430499218 ], [ -61.11409557769089, -12.819048935913985 ], [ -61.114365072276115, -12.819048935913978 ], [ -61.114365072276115, -12.817970957573037 ], [ -61.11409557769089, -12.817970957573031 ], [ -61.11409557769089, -12.817431968402568 ], [ -61.113826083105643, -12.817431968402555 ], [ -61.113826083105643, -12.816892979232101 ], [ -61.113556588520417, -12.816892979232099 ], [ -61.113556588520417, -12.816623484646861 ], [ -61.113826083105643, -12.816623484646858 ], [ -61.113826083105643, -12.816353990061621 ], [ -61.11409557769089, -12.816353990061629 ], [ -61.11409557769089, -12.816084495476394 ], [ -61.114365072276115, -12.816084495476396 ], [ -61.114365072276115, -12.815815000891151 ], [ -61.114634566861362, -12.815815000891154 ], [ -61.114634566861362, -12.815545506305924 ], [ -61.114904061446587, -12.815545506305909 ], [ -61.114904061446587, -12.81527601172068 ], [ -61.115173556031834, -12.815276011720673 ], [ -61.115173556031834, -12.815006517135448 ], [ -61.11544305061706, -12.815006517135446 ], [ -61.11544305061706, -12.814737022550215 ], [ -61.115982039787532, -12.814737022550213 ], [ -61.115982039787532, -12.814467527964963 ], [ -61.116521028958005, -12.814467527964974 ], [ -61.116521028958005, -12.81419803337973 ], [ -61.117329512713724, -12.814198033379732 ], [ -61.117329512713724, -12.814737022550199 ], [ -61.117599007298949, -12.814737022550206 ], [ -61.117599007298949, -12.815006517135448 ], [ -61.117329512713724, -12.815006517135444 ], [ -61.117329512713724, -12.815545506305925 ], [ -61.116790523543251, -12.815545506305918 ], [ -61.116790523543251, -12.815815000891156 ], [ -61.116521028958005, -12.815815000891158 ], [ -61.116521028958005, -12.816084495476384 ], [ -61.115982039787532, -12.816084495476384 ], [ -61.115982039787532, -12.816623484646861 ], [ -61.115712545202307, -12.816623484646859 ], [ -61.115712545202307, -12.816892979232099 ], [ -61.115982039787532, -12.816892979232101 ], [ -61.115982039787532, -12.818240452158278 ], [ -61.116251534372779, -12.818240452158278 ], [ -61.116251534372779, -12.818779441328751 ], [ -61.116790523543251, -12.818779441328752 ], [ -61.116790523543251, -12.819048935913989 ], [ -61.117599007298949, -12.819048935913981 ], [ -61.117599007298949, -12.819318430499214 ], [ -61.117868501884196, -12.819318430499226 ], [ -61.117868501884196, -12.81904893591398 ], [ -61.120832942321783, -12.819048935913987 ], [ -61.120832942321783, -12.818779441328752 ], [ -61.121371931492256, -12.818779441328738 ], [ -61.121371931492256, -12.818509946743516 ], [ -61.121910920662728, -12.818509946743514 ], [ -61.121910920662728, -12.817701462987808 ], [ -61.122180415247975, -12.817701462987806 ], [ -61.122180415247975, -12.816892979232097 ], [ -61.121910920662728, -12.816892979232096 ], [ -61.121910920662728, -12.816353990061616 ], [ -61.122180415247975, -12.816353990061618 ], [ -61.122180415247975, -12.816084495476396 ], [ -61.121910920662728, -12.816084495476389 ], [ -61.121910920662728, -12.81581500089116 ], [ -61.122180415247975, -12.815815000891158 ], [ -61.122180415247975, -12.815545506305918 ], [ -61.121910920662728, -12.815545506305916 ], [ -61.121910920662728, -12.815276011720673 ], [ -61.122180415247975, -12.815276011720686 ], [ -61.122180415247975, -12.815006517135449 ], [ -61.121910920662728, -12.815006517135448 ], [ -61.121910920662728, -12.814737022550208 ], [ -61.122180415247975, -12.814737022550203 ], [ -61.122180415247975, -12.814467527964972 ], [ -61.121910920662728, -12.814467527964974 ], [ -61.121910920662728, -12.814198033379737 ], [ -61.122180415247975, -12.814198033379743 ], [ -61.122180415247975, -12.813928538794498 ], [ -61.121910920662728, -12.813928538794503 ], [ -61.121910920662728, -12.813659044209256 ], [ -61.122180415247975, -12.81365904420927 ], [ -61.122180415247975, -12.813389549624031 ], [ -61.121910920662728, -12.813389549624025 ], [ -61.121910920662728, -12.813120055038798 ], [ -61.122180415247975, -12.813120055038793 ], [ -61.122180415247975, -12.81069460377168 ], [ -61.121910920662728, -12.81069460377168 ], [ -61.121910920662728, -12.810425109186429 ], [ -61.122180415247975, -12.810425109186429 ], [ -61.122180415247975, -12.80853864708979 ], [ -61.121910920662728, -12.808538647089783 ], [ -61.121910920662728, -12.807999657919309 ], [ -61.121641426077503, -12.807999657919312 ], [ -61.121641426077503, -12.807460668748845 ], [ -61.121371931492256, -12.807460668748845 ], [ -61.121371931492256, -12.807191174163599 ], [ -61.12110243690703, -12.807191174163604 ], [ -61.12110243690703, -12.806652184993142 ], [ -61.120832942321783, -12.806652184993135 ], [ -61.120832942321783, -12.806382690407888 ], [ -61.12110243690703, -12.806382690407897 ], [ -61.12110243690703, -12.805843701237416 ], [ -61.121371931492256, -12.805843701237425 ], [ -61.121371931492256, -12.805035217481713 ], [ -61.121641426077503, -12.805035217481711 ], [ -61.121641426077503, -12.804496228311248 ], [ -61.121910920662728, -12.804496228311239 ], [ -61.121910920662728, -12.803957239140772 ], [ -61.122180415247975, -12.803957239140781 ], [ -61.122180415247975, -12.800992798703174 ], [ -61.121910920662728, -12.800992798703179 ], [ -61.121910920662728, -12.800453809532703 ], [ -61.121641426077503, -12.800453809532714 ], [ -61.121641426077503, -12.800184314947478 ], [ -61.12110243690703, -12.800184314947469 ], [ -61.12110243690703, -12.799914820362238 ], [ -61.120832942321783, -12.799914820362238 ], [ -61.120832942321783, -12.800184314947476 ], [ -61.120563447736558, -12.800184314947469 ], [ -61.120563447736558, -12.799914820362245 ], [ -61.120293953151311, -12.799914820362238 ], [ -61.120293953151311, -12.800184314947463 ], [ -61.120024458566085, -12.800184314947474 ], [ -61.120024458566085, -12.799914820362225 ], [ -61.119754963980839, -12.799914820362233 ], [ -61.119754963980839, -12.800184314947472 ], [ -61.119215974810366, -12.800184314947467 ], [ -61.119215974810366, -12.799914820362233 ], [ -61.118676985639894, -12.799914820362231 ], [ -61.118676985639894, -12.799645325777004 ], [ -61.118407491054668, -12.799645325776996 ], [ -61.118407491054668, -12.799914820362236 ], [ -61.116790523543251, -12.799914820362231 ], [ -61.116790523543251, -12.799645325776993 ], [ -61.116521028958005, -12.799645325777007 ], [ -61.116521028958005, -12.79937583119176 ], [ -61.116251534372779, -12.799375831191764 ], [ -61.116251534372779, -12.799106336606526 ], [ -61.115982039787532, -12.799106336606535 ], [ -61.115982039787532, -12.798836842021293 ], [ -61.115712545202307, -12.798836842021281 ], [ -61.115712545202307, -12.79695037992464 ], [ -61.11544305061706, -12.796950379924636 ], [ -61.11544305061706, -12.796411390754175 ], [ -61.115173556031834, -12.796411390754175 ], [ -61.115173556031834, -12.796141896168935 ], [ -61.11544305061706, -12.796141896168926 ], [ -61.11544305061706, -12.795872401583692 ], [ -61.115173556031834, -12.79587240158369 ], [ -61.115173556031834, -12.795602906998459 ], [ -61.11544305061706, -12.79560290699847 ], [ -61.11544305061706, -12.795333412413232 ], [ -61.115173556031834, -12.795333412413221 ], [ -61.115173556031834, -12.795063917827981 ], [ -61.11544305061706, -12.795063917827997 ], [ -61.11544305061706, -12.794794423242749 ], [ -61.115173556031834, -12.794794423242756 ], [ -61.115173556031834, -12.794524928657525 ], [ -61.11544305061706, -12.794524928657527 ], [ -61.11544305061706, -12.794255434072284 ], [ -61.115173556031834, -12.794255434072289 ], [ -61.115173556031834, -12.793985939487051 ], [ -61.11544305061706, -12.793985939487039 ], [ -61.11544305061706, -12.791829982805154 ], [ -61.114904061446587, -12.79182998280516 ], [ -61.114904061446587, -12.791560488219925 ], [ -61.114634566861362, -12.791560488219933 ], [ -61.114634566861362, -12.791290993634682 ], [ -61.113556588520417, -12.791290993634689 ], [ -61.113556588520417, -12.791560488219925 ], [ -61.113017599349945, -12.791560488219927 ], [ -61.113017599349945, -12.791829982805162 ], [ -61.112478610179473, -12.791829982805167 ], [ -61.112478610179473, -12.792368971975625 ], [ -61.11220911559424, -12.792368971975625 ], [ -61.11220911559424, -12.795333412413219 ] ], [ [ -61.114365072276115, -12.802340271629362 ], [ -61.114365072276115, -12.802070777044124 ], [ -61.113826083105643, -12.802070777044117 ], [ -61.113826083105643, -12.801262293288408 ], [ -61.11409557769089, -12.80126229328841 ], [ -61.11409557769089, -12.800992798703179 ], [ -61.114634566861362, -12.800992798703181 ], [ -61.114634566861362, -12.800723304117948 ], [ -61.114904061446587, -12.800723304117948 ], [ -61.114904061446587, -12.801262293288417 ], [ -61.115173556031834, -12.801262293288405 ], [ -61.115173556031834, -12.80153178787365 ], [ -61.114904061446587, -12.801531787873651 ], [ -61.114904061446587, -12.80180128245888 ], [ -61.114634566861362, -12.801801282458893 ], [ -61.114634566861362, -12.802340271629353 ], [ -61.114365072276115, -12.802340271629362 ] ], [ [ -61.115982039787532, -12.803957239140766 ], [ -61.115982039787532, -12.804226733726011 ], [ -61.116521028958005, -12.804226733726006 ], [ -61.116521028958005, -12.803957239140775 ], [ -61.117060018128477, -12.803957239140782 ], [ -61.117060018128477, -12.803687744555537 ], [ -61.118676985639894, -12.803687744555539 ], [ -61.118676985639894, -12.803957239140775 ], [ -61.118946480225141, -12.803957239140782 ], [ -61.118946480225141, -12.804226733726004 ], [ -61.119215974810366, -12.804226733726017 ], [ -61.119215974810366, -12.804765722896486 ], [ -61.119485469395613, -12.804765722896475 ], [ -61.119485469395613, -12.805574206652198 ], [ -61.119215974810366, -12.80557420665218 ], [ -61.119215974810366, -12.80584370123742 ], [ -61.118946480225141, -12.805843701237427 ], [ -61.118946480225141, -12.806921679578361 ], [ -61.118676985639894, -12.806921679578368 ], [ -61.118676985639894, -12.80746066874884 ], [ -61.118137996469422, -12.807460668748845 ], [ -61.118137996469422, -12.807999657919312 ], [ -61.117868501884196, -12.807999657919316 ], [ -61.117868501884196, -12.808269152504554 ], [ -61.117599007298949, -12.80826915250455 ], [ -61.117599007298949, -12.808538647089781 ], [ -61.117329512713724, -12.80853864708979 ], [ -61.117329512713724, -12.808808141675025 ], [ -61.117060018128477, -12.808808141675023 ], [ -61.117060018128477, -12.809347130845499 ], [ -61.116521028958005, -12.80934713084549 ], [ -61.116521028958005, -12.809616625430724 ], [ -61.116790523543251, -12.809616625430735 ], [ -61.116790523543251, -12.810425109186429 ], [ -61.116521028958005, -12.810425109186438 ], [ -61.116521028958005, -12.8101556146012 ], [ -61.116251534372779, -12.810155614601198 ], [ -61.116251534372779, -12.810694603771667 ], [ -61.116790523543251, -12.81069460377168 ], [ -61.116790523543251, -12.81123359294215 ], [ -61.117329512713724, -12.811233592942152 ], [ -61.117329512713724, -12.811503087527376 ], [ -61.117868501884196, -12.811503087527379 ], [ -61.117868501884196, -12.812042076697848 ], [ -61.118407491054668, -12.812042076697841 ], [ -61.118407491054668, -12.812581065868326 ], [ -61.118676985639894, -12.812581065868324 ], [ -61.118676985639894, -12.813120055038791 ], [ -61.118946480225141, -12.813120055038791 ], [ -61.118946480225141, -12.813389549624022 ], [ -61.118676985639894, -12.813389549624027 ], [ -61.118676985639894, -12.813928538794505 ], [ -61.118407491054668, -12.813928538794499 ], [ -61.118407491054668, -12.814467527964981 ], [ -61.118137996469422, -12.814467527964968 ], [ -61.118137996469422, -12.814198033379745 ], [ -61.117868501884196, -12.814198033379736 ], [ -61.117868501884196, -12.813928538794494 ], [ -61.118137996469422, -12.813928538794492 ], [ -61.118137996469422, -12.812850560453564 ], [ -61.117599007298949, -12.812850560453558 ], [ -61.117599007298949, -12.81258106586832 ], [ -61.116251534372779, -12.812581065868326 ], [ -61.116251534372779, -12.812311571283097 ], [ -61.115982039787532, -12.812311571283082 ], [ -61.115982039787532, -12.812581065868317 ], [ -61.115712545202307, -12.812581065868324 ], [ -61.115712545202307, -12.81231157128309 ], [ -61.115173556031834, -12.812311571283081 ], [ -61.115173556031834, -12.811772582112605 ], [ -61.114904061446587, -12.811772582112617 ], [ -61.114904061446587, -12.812042076697848 ], [ -61.11409557769089, -12.812042076697852 ], [ -61.11409557769089, -12.811772582112608 ], [ -61.113556588520417, -12.81177258211261 ], [ -61.113556588520417, -12.812042076697859 ], [ -61.113017599349945, -12.812042076697848 ], [ -61.113017599349945, -12.812311571283077 ], [ -61.112748104764712, -12.812311571283081 ], [ -61.112748104764712, -12.812581065868317 ], [ -61.112478610179473, -12.812581065868322 ], [ -61.112478610179473, -12.812850560453557 ], [ -61.11220911559424, -12.812850560453555 ], [ -61.11220911559424, -12.813120055038791 ], [ -61.111670126423768, -12.813120055038791 ], [ -61.111670126423768, -12.813389549624027 ], [ -61.110592148082823, -12.813389549624024 ], [ -61.110592148082823, -12.813120055038787 ], [ -61.110053158912351, -12.813120055038796 ], [ -61.110053158912351, -12.812850560453558 ], [ -61.109514169741878, -12.812850560453553 ], [ -61.109514169741878, -12.812581065868319 ], [ -61.109244675156653, -12.812581065868324 ], [ -61.109244675156653, -12.812311571283081 ], [ -61.108975180571406, -12.812311571283088 ], [ -61.108975180571406, -12.811772582112608 ], [ -61.10870568598618, -12.811772582112614 ], [ -61.10870568598618, -12.812042076697859 ], [ -61.108436191400934, -12.812042076697844 ], [ -61.108436191400934, -12.811772582112615 ], [ -61.107897202230461, -12.811772582112624 ], [ -61.107897202230461, -12.811503087527381 ], [ -61.107358213060003, -12.811503087527379 ], [ -61.107358213060003, -12.811233592942152 ], [ -61.106819223889531, -12.811233592942134 ], [ -61.106819223889531, -12.810964098356905 ], [ -61.106280234719058, -12.810964098356902 ], [ -61.106280234719058, -12.810694603771674 ], [ -61.106010740133819, -12.810694603771674 ], [ -61.106010740133819, -12.810425109186442 ], [ -61.105741245548586, -12.810425109186442 ], [ -61.105741245548586, -12.809886120015969 ], [ -61.106010740133819, -12.809886120015967 ], [ -61.106010740133819, -12.809616625430724 ], [ -61.106280234719058, -12.809616625430722 ], [ -61.106280234719058, -12.809347130845495 ], [ -61.107358213060003, -12.809347130845483 ], [ -61.107358213060003, -12.809616625430724 ], [ -61.107897202230461, -12.809616625430721 ], [ -61.107897202230461, -12.809347130845495 ], [ -61.108436191400934, -12.809347130845493 ], [ -61.108436191400934, -12.809077636260248 ], [ -61.108975180571406, -12.809077636260243 ], [ -61.108975180571406, -12.808538647089785 ], [ -61.109244675156653, -12.808538647089788 ], [ -61.109244675156653, -12.808269152504543 ], [ -61.109514169741878, -12.808269152504543 ], [ -61.109514169741878, -12.806921679578371 ], [ -61.109244675156653, -12.806921679578359 ], [ -61.109244675156653, -12.806652184993139 ], [ -61.109514169741878, -12.806652184993132 ], [ -61.109514169741878, -12.80638269040789 ], [ -61.109244675156653, -12.806382690407901 ], [ -61.109244675156653, -12.806113195822652 ], [ -61.109783664327125, -12.806113195822659 ], [ -61.109783664327125, -12.805574206652178 ], [ -61.110322653497597, -12.805574206652187 ], [ -61.110322653497597, -12.805304712066954 ], [ -61.111400631838528, -12.805304712066949 ], [ -61.111400631838528, -12.805035217481723 ], [ -61.112478610179473, -12.805035217481715 ], [ -61.112478610179473, -12.805304712066942 ], [ -61.112748104764712, -12.805304712066953 ], [ -61.112748104764712, -12.806382690407899 ], [ -61.11220911559424, -12.806382690407887 ], [ -61.11220911559424, -12.806652184993126 ], [ -61.112478610179473, -12.806652184993137 ], [ -61.112478610179473, -12.80692167957837 ], [ -61.11220911559424, -12.806921679578362 ], [ -61.11220911559424, -12.807191174163609 ], [ -61.112478610179473, -12.807191174163609 ], [ -61.112478610179473, -12.807460668748837 ], [ -61.113017599349945, -12.807460668748833 ], [ -61.113017599349945, -12.806921679578361 ], [ -61.113556588520417, -12.806921679578371 ], [ -61.113556588520417, -12.806382690407894 ], [ -61.113826083105643, -12.806382690407895 ], [ -61.113826083105643, -12.806113195822656 ], [ -61.11409557769089, -12.80611319582265 ], [ -61.11409557769089, -12.805843701237428 ], [ -61.114365072276115, -12.805843701237416 ], [ -61.114365072276115, -12.805304712066958 ], [ -61.114904061446587, -12.805304712066944 ], [ -61.114904061446587, -12.804765722896486 ], [ -61.11544305061706, -12.804765722896489 ], [ -61.11544305061706, -12.804496228311242 ], [ -61.114904061446587, -12.804496228311248 ], [ -61.114904061446587, -12.804226733726003 ], [ -61.114634566861362, -12.804226733726013 ], [ -61.114634566861362, -12.803687744555539 ], [ -61.114904061446587, -12.803687744555535 ], [ -61.114904061446587, -12.803418249970303 ], [ -61.115173556031834, -12.803418249970303 ], [ -61.115173556031834, -12.80314875538507 ], [ -61.11544305061706, -12.803148755385067 ], [ -61.11544305061706, -12.802879260799829 ], [ -61.115712545202307, -12.802879260799834 ], [ -61.115712545202307, -12.802609766214593 ], [ -61.115982039787532, -12.802609766214598 ], [ -61.115982039787532, -12.802340271629356 ], [ -61.116251534372779, -12.802340271629363 ], [ -61.116251534372779, -12.802879260799829 ], [ -61.116521028958005, -12.802879260799832 ], [ -61.116521028958005, -12.802609766214598 ], [ -61.116790523543251, -12.802609766214593 ], [ -61.116790523543251, -12.803418249970292 ], [ -61.116251534372779, -12.803418249970296 ], [ -61.116251534372779, -12.803957239140768 ], [ -61.115982039787532, -12.803957239140766 ] ], [ [ -61.106819223889531, -12.807999657919312 ], [ -61.106819223889531, -12.807730163334073 ], [ -61.106549729304291, -12.807730163334076 ], [ -61.106549729304291, -12.806652184993132 ], [ -61.106819223889531, -12.806652184993125 ], [ -61.106819223889531, -12.806382690407887 ], [ -61.107088718474763, -12.806382690407894 ], [ -61.107088718474763, -12.806652184993132 ], [ -61.107358213060003, -12.806652184993137 ], [ -61.107358213060003, -12.806921679578368 ], [ -61.107627707645236, -12.80692167957837 ], [ -61.107627707645236, -12.807460668748845 ], [ -61.107358213060003, -12.807460668748847 ], [ -61.107358213060003, -12.807999657919302 ], [ -61.106819223889531, -12.807999657919312 ] ] ], [ [ [ -61.115982039787532, -12.804226733726011 ], [ -61.115712545202307, -12.80422673372601 ], [ -61.115712545202307, -12.804496228311242 ], [ -61.115982039787532, -12.804496228311233 ], [ -61.115982039787532, -12.804226733726011 ] ] ], [ [ [ -61.108166696815708, -12.796950379924636 ], [ -61.108166696815708, -12.797219874509883 ], [ -61.107897202230461, -12.797219874509873 ], [ -61.107897202230461, -12.797489369095121 ], [ -61.108166696815708, -12.797489369095112 ], [ -61.108166696815708, -12.797758863680341 ], [ -61.107897202230461, -12.797758863680347 ], [ -61.107897202230461, -12.798028358265594 ], [ -61.108436191400934, -12.798028358265586 ], [ -61.108436191400934, -12.798567347436064 ], [ -61.108975180571406, -12.798567347436059 ], [ -61.108975180571406, -12.798836842021286 ], [ -61.109244675156653, -12.798836842021293 ], [ -61.109244675156653, -12.798567347436054 ], [ -61.109783664327125, -12.798567347436052 ], [ -61.109783664327125, -12.798297852850819 ], [ -61.109514169741878, -12.798297852850826 ], [ -61.109514169741878, -12.798028358265579 ], [ -61.109783664327125, -12.798028358265586 ], [ -61.109783664327125, -12.797758863680354 ], [ -61.109514169741878, -12.797758863680345 ], [ -61.109514169741878, -12.797489369095112 ], [ -61.109783664327125, -12.797489369095119 ], [ -61.109783664327125, -12.796411390754169 ], [ -61.109244675156653, -12.796411390754173 ], [ -61.109244675156653, -12.796141896168942 ], [ -61.108975180571406, -12.796141896168942 ], [ -61.108975180571406, -12.796411390754177 ], [ -61.10870568598618, -12.796411390754162 ], [ -61.10870568598618, -12.796680885339397 ], [ -61.108436191400934, -12.796680885339415 ], [ -61.108436191400934, -12.79695037992464 ], [ -61.108166696815708, -12.796950379924636 ] ] ], [ [ [ -61.114634566861362, -12.789135036952798 ], [ -61.114365072276115, -12.789135036952791 ], [ -61.114365072276115, -12.789404531538045 ], [ -61.114634566861362, -12.789404531538041 ], [ -61.114634566861362, -12.789135036952798 ] ] ], [ [ [ -61.114365072276115, -12.788326553197086 ], [ -61.114634566861362, -12.788326553197091 ], [ -61.114634566861362, -12.788057058611857 ], [ -61.114904061446587, -12.788057058611859 ], [ -61.114904061446587, -12.787787564026617 ], [ -61.115173556031834, -12.787787564026624 ], [ -61.115173556031834, -12.787248574856152 ], [ -61.11544305061706, -12.787248574856147 ], [ -61.11544305061706, -12.786979080270921 ], [ -61.115173556031834, -12.786979080270923 ], [ -61.115173556031834, -12.786709585685674 ], [ -61.11409557769089, -12.78670958568568 ], [ -61.11409557769089, -12.787518069441383 ], [ -61.113826083105643, -12.787518069441388 ], [ -61.113826083105643, -12.787787564026626 ], [ -61.11409557769089, -12.787787564026624 ], [ -61.11409557769089, -12.789135036952803 ], [ -61.114365072276115, -12.789135036952791 ], [ -61.114365072276115, -12.788326553197086 ] ] ], [ [ [ -61.113826083105643, -12.78455362900379 ], [ -61.113826083105643, -12.781858683151439 ], [ -61.113556588520417, -12.781858683151436 ], [ -61.113556588520417, -12.782128177736663 ], [ -61.113287093935185, -12.78212817773667 ], [ -61.113287093935185, -12.784014639833313 ], [ -61.113556588520417, -12.784014639833321 ], [ -61.113556588520417, -12.784553629003785 ], [ -61.113826083105643, -12.78455362900379 ] ] ], [ [ [ -61.11409557769089, -12.781589188566189 ], [ -61.113826083105643, -12.781589188566199 ], [ -61.113826083105643, -12.781858683151439 ], [ -61.11409557769089, -12.781858683151439 ], [ -61.11409557769089, -12.781589188566189 ] ] ], [ [ [ -61.114365072276115, -12.78131969398096 ], [ -61.11409557769089, -12.781319693980956 ], [ -61.11409557769089, -12.781589188566189 ], [ -61.114365072276115, -12.781589188566198 ], [ -61.114365072276115, -12.78131969398096 ] ] ], [ [ [ -61.114634566861362, -12.781319693980956 ], [ -61.114634566861362, -12.781050199395722 ], [ -61.114365072276115, -12.781050199395729 ], [ -61.114365072276115, -12.78131969398096 ], [ -61.114634566861362, -12.781319693980956 ] ] ], [ [ [ -61.114904061446587, -12.780780704810491 ], [ -61.114634566861362, -12.780780704810494 ], [ -61.114634566861362, -12.781050199395722 ], [ -61.114904061446587, -12.781050199395731 ], [ -61.114904061446587, -12.780780704810491 ] ] ], [ [ [ -61.115173556031834, -12.78051121022526 ], [ -61.114904061446587, -12.780511210225251 ], [ -61.114904061446587, -12.780780704810491 ], [ -61.115173556031834, -12.780780704810489 ], [ -61.115173556031834, -12.78051121022526 ] ] ], [ [ [ -61.11220911559424, -12.779163737299079 ], [ -61.11220911559424, -12.779702726469544 ], [ -61.112748104764712, -12.77970272646955 ], [ -61.112748104764712, -12.780241715640017 ], [ -61.113287093935185, -12.78024171564002 ], [ -61.113287093935185, -12.780511210225244 ], [ -61.113556588520417, -12.780511210225256 ], [ -61.113556588520417, -12.779972221054775 ], [ -61.113826083105643, -12.779972221054782 ], [ -61.113826083105643, -12.778894242713841 ], [ -61.113556588520417, -12.778894242713834 ], [ -61.113556588520417, -12.7786247481286 ], [ -61.113287093935185, -12.778624748128605 ], [ -61.113287093935185, -12.778355253543364 ], [ -61.113017599349945, -12.778355253543365 ], [ -61.113017599349945, -12.77808575895814 ], [ -61.112748104764712, -12.77808575895814 ], [ -61.112748104764712, -12.77754676978766 ], [ -61.112478610179473, -12.777546769787655 ], [ -61.112478610179473, -12.777277275202426 ], [ -61.111670126423768, -12.777277275202421 ], [ -61.111670126423768, -12.777546769787657 ], [ -61.111400631838528, -12.777546769787653 ], [ -61.111400631838528, -12.778355253543364 ], [ -61.111670126423768, -12.778355253543362 ], [ -61.111670126423768, -12.779163737299076 ], [ -61.11220911559424, -12.779163737299079 ] ] ], [ [ [ -61.175001353954201, -12.77269586725342 ], [ -61.174731859368961, -12.772695867253407 ], [ -61.174731859368961, -12.772426372668175 ], [ -61.172845397272312, -12.772426372668187 ], [ -61.172845397272312, -12.772695867253411 ], [ -61.172575902687072, -12.772695867253416 ], [ -61.172575902687072, -12.772965361838651 ], [ -61.172306408101839, -12.772965361838645 ], [ -61.172306408101839, -12.773234856423883 ], [ -61.169611462249478, -12.773234856423883 ], [ -61.169611462249478, -12.77350435100912 ], [ -61.172306408101839, -12.773504351009121 ], [ -61.172306408101839, -12.773773845594361 ], [ -61.172845397272312, -12.773773845594361 ], [ -61.172845397272312, -12.774043340179594 ], [ -61.173384386442784, -12.774043340179595 ], [ -61.173384386442784, -12.774312834764833 ], [ -61.173923375613256, -12.774312834764824 ], [ -61.173923375613256, -12.77404334017959 ], [ -61.176079332295146, -12.77404334017959 ], [ -61.176079332295146, -12.773773845594361 ], [ -61.176348826880378, -12.773773845594368 ], [ -61.176348826880378, -12.774043340179603 ], [ -61.176618321465618, -12.774043340179592 ], [ -61.176618321465618, -12.773773845594359 ], [ -61.177019067477737, -12.773773845699385 ], [ -61.1770478616478, -12.772965361871851 ], [ -61.176887816050851, -12.772965361838647 ], [ -61.176887816050851, -12.77242637266818 ], [ -61.176618321465618, -12.772426372668182 ], [ -61.176618321465618, -12.772695867253423 ], [ -61.175540343124673, -12.77269586725342 ], [ -61.175540343124673, -12.772965361838652 ], [ -61.175001353954201, -12.772965361838652 ], [ -61.175001353954201, -12.77269586725342 ] ] ], [ [ [ -61.169611462249478, -12.772965361838644 ], [ -61.167186010982356, -12.77296536183866 ], [ -61.167186010982356, -12.77323485642388 ], [ -61.169611462249478, -12.773234856423883 ], [ -61.169611462249478, -12.772965361838644 ] ] ], [ [ [ -61.164760559715241, -12.77000092140106 ], [ -61.164760559715241, -12.769731426815824 ], [ -61.164491065129994, -12.769731426815826 ], [ -61.164491065129994, -12.770000921401058 ], [ -61.164760559715241, -12.77000092140106 ] ] ], [ [ [ -61.176348826880378, -12.765150018866814 ], [ -61.176079332295146, -12.765150018866816 ], [ -61.176079332295146, -12.76541951345204 ], [ -61.175809837709906, -12.765419513452049 ], [ -61.175809837709906, -12.765150018866807 ], [ -61.175270848539434, -12.765150018866811 ], [ -61.175270848539434, -12.764880524281571 ], [ -61.174462364783729, -12.764880524281574 ], [ -61.174462364783729, -12.765150018866811 ], [ -61.174192870198489, -12.765150018866807 ], [ -61.174192870198489, -12.764880524281569 ], [ -61.173923375613256, -12.764880524281576 ], [ -61.173923375613256, -12.765150018866811 ], [ -61.173653881028017, -12.765150018866814 ], [ -61.173653881028017, -12.764880524281573 ], [ -61.173384386442784, -12.764880524281569 ], [ -61.173384386442784, -12.765150018866811 ], [ -61.173114891857544, -12.765150018866809 ], [ -61.173114891857544, -12.764880524281571 ], [ -61.172845397272312, -12.764880524281567 ], [ -61.172845397272312, -12.765150018866814 ], [ -61.172575902687072, -12.765150018866803 ], [ -61.172575902687072, -12.764880524281574 ], [ -61.170958935175655, -12.76488052428158 ], [ -61.170958935175655, -12.764611029696342 ], [ -61.163682581374296, -12.764611029696342 ], [ -61.163682581374296, -12.764341535111104 ], [ -61.163413086789049, -12.764341535111109 ], [ -61.163413086789049, -12.764611029696329 ], [ -61.163143592203824, -12.764611029696349 ], [ -61.163143592203824, -12.764341535111093 ], [ -61.162874097618577, -12.764341535111095 ], [ -61.162874097618577, -12.764611029696338 ], [ -61.162604603033351, -12.76461102969634 ], [ -61.162604603033351, -12.764341535111109 ], [ -61.162335108448104, -12.764341535111102 ], [ -61.162335108448104, -12.764611029696345 ], [ -61.159909657180989, -12.764611029696345 ], [ -61.159909657180989, -12.764880524281569 ], [ -61.159640162595743, -12.764880524281571 ], [ -61.159640162595743, -12.764611029696336 ], [ -61.158831678840045, -12.764611029696342 ], [ -61.158831678840045, -12.764341535111107 ], [ -61.158292689669572, -12.764341535111098 ], [ -61.158292689669572, -12.764611029696338 ], [ -61.157484205913853, -12.764611029696336 ], [ -61.157484205913853, -12.764341535111095 ], [ -61.157214711328628, -12.764341535111102 ], [ -61.157214711328628, -12.764611029696338 ], [ -61.156945216743381, -12.764611029696344 ], [ -61.156945216743381, -12.764880524281573 ], [ -61.156675722158155, -12.764880524281581 ], [ -61.156675722158155, -12.765150018866809 ], [ -61.155597743817211, -12.765150018866818 ], [ -61.155597743817211, -12.764880524281569 ], [ -61.155058754646738, -12.764880524281569 ], [ -61.155058754646738, -12.764611029696347 ], [ -61.154519765476266, -12.764611029696338 ], [ -61.154519765476266, -12.764341535111111 ], [ -61.154250270891033, -12.764341535111107 ], [ -61.154250270891033, -12.76461102969634 ], [ -61.152363808794377, -12.764611029696352 ], [ -61.152363808794377, -12.764341535111098 ], [ -61.150477346697727, -12.764341535111102 ], [ -61.150477346697727, -12.764072040525862 ], [ -61.150207852112501, -12.764072040525857 ], [ -61.150207852112501, -12.763802545940628 ], [ -61.149938357527269, -12.763802545940635 ], [ -61.149938357527269, -12.762994062184921 ], [ -61.149668862942029, -12.762994062184925 ], [ -61.149668862942029, -12.762455073014454 ], [ -61.149399368356782, -12.762455073014447 ], [ -61.149399368356782, -12.762185578429223 ], [ -61.148860379186324, -12.762185578429214 ], [ -61.148860379186324, -12.761916083843982 ], [ -61.146973917089667, -12.761916083843973 ], [ -61.146973917089667, -12.762185578429213 ], [ -61.146434927919195, -12.762185578429209 ], [ -61.146434927919195, -12.762455073014449 ], [ -61.146165433333962, -12.762455073014456 ], [ -61.146165433333962, -12.762185578429225 ], [ -61.145895938748723, -12.762185578429213 ], [ -61.145895938748723, -12.762455073014449 ], [ -61.14562644416349, -12.762455073014449 ], [ -61.14562644416349, -12.762185578429216 ], [ -61.14535694957825, -12.762185578429214 ], [ -61.14535694957825, -12.762455073014452 ], [ -61.145087454993018, -12.762455073014443 ], [ -61.145087454993018, -12.76218557842922 ], [ -61.144009476652073, -12.762185578429213 ], [ -61.144009476652073, -12.761916083843975 ], [ -61.142123014555416, -12.761916083843978 ], [ -61.142123014555416, -12.761646589258753 ], [ -61.141853519970184, -12.76164658925874 ], [ -61.141853519970184, -12.761916083843973 ], [ -61.141584025384944, -12.761916083843978 ], [ -61.141584025384944, -12.762455073014445 ], [ -61.141314530799711, -12.762455073014456 ], [ -61.141314530799711, -12.762994062184928 ], [ -61.141045036214472, -12.762994062184926 ], [ -61.141045036214472, -12.764072040525857 ], [ -61.141314530799711, -12.764072040525868 ], [ -61.141314530799711, -12.765689008037288 ], [ -61.141584025384944, -12.765689008037278 ], [ -61.141584025384944, -12.766227997207755 ], [ -61.141853519970184, -12.766227997207746 ], [ -61.141853519970184, -12.766497491792988 ], [ -61.142123014555416, -12.766497491792981 ], [ -61.142123014555416, -12.767036480963464 ], [ -61.142662003725889, -12.767036480963458 ], [ -61.142662003725889, -12.768114459304405 ], [ -61.141853519970184, -12.768114459304407 ], [ -61.141853519970184, -12.768383953889639 ], [ -61.141584025384944, -12.76838395388965 ], [ -61.141584025384944, -12.768653448474874 ], [ -61.141314530799711, -12.768653448474883 ], [ -61.141314530799711, -12.770809405156768 ], [ -61.141584025384944, -12.770809405156756 ], [ -61.141584025384944, -12.771078899741996 ], [ -61.142123014555416, -12.771078899742005 ], [ -61.142123014555416, -12.771348394327232 ], [ -61.142662003725889, -12.771348394327241 ], [ -61.142662003725889, -12.771617888912475 ], [ -61.142931498311128, -12.771617888912468 ], [ -61.142931498311128, -12.77188738349771 ], [ -61.142662003725889, -12.771887383497711 ], [ -61.142662003725889, -12.772156878082935 ], [ -61.142931498311128, -12.772156878082939 ], [ -61.142931498311128, -12.772695867253413 ], [ -61.143470487481601, -12.772695867253415 ], [ -61.143470487481601, -12.772965361838652 ], [ -61.147782400845379, -12.772965361838647 ], [ -61.147782400845379, -12.773234856423889 ], [ -61.148051895430612, -12.773234856423896 ], [ -61.148051895430612, -12.772965361838652 ], [ -61.148321390015852, -12.772965361838654 ], [ -61.148321390015852, -12.773234856423878 ], [ -61.148590884601084, -12.773234856423887 ], [ -61.148590884601084, -12.772965361838652 ], [ -61.148860379186324, -12.772965361838651 ], [ -61.148860379186324, -12.773234856423889 ], [ -61.149129873771557, -12.773234856423882 ], [ -61.149129873771557, -12.772965361838644 ], [ -61.149399368356782, -12.772965361838654 ], [ -61.149399368356782, -12.773234856423887 ], [ -61.149668862942029, -12.773234856423882 ], [ -61.149668862942029, -12.772965361838645 ], [ -61.149938357527269, -12.772965361838651 ], [ -61.149938357527269, -12.773234856423889 ], [ -61.150207852112501, -12.773234856423887 ], [ -61.150207852112501, -12.77296536183866 ], [ -61.150477346697727, -12.772965361838644 ], [ -61.150477346697727, -12.773234856423882 ], [ -61.150746841282974, -12.773234856423885 ], [ -61.150746841282974, -12.772965361838649 ], [ -61.151555325038672, -12.772965361838656 ], [ -61.151555325038672, -12.77323485642388 ], [ -61.151824819623918, -12.773234856423876 ], [ -61.151824819623918, -12.77296536183866 ], [ -61.152094314209144, -12.772965361838644 ], [ -61.152094314209144, -12.773234856423883 ], [ -61.152363808794377, -12.773234856423889 ], [ -61.152363808794377, -12.772965361838645 ], [ -61.156406227572909, -12.77296536183866 ], [ -61.156406227572909, -12.772695867253415 ], [ -61.156675722158155, -12.772695867253416 ], [ -61.156675722158155, -12.772965361838644 ], [ -61.156945216743381, -12.772965361838651 ], [ -61.156945216743381, -12.772695867253413 ], [ -61.157214711328628, -12.772695867253416 ], [ -61.157214711328628, -12.772965361838658 ], [ -61.157484205913853, -12.772965361838654 ], [ -61.157484205913853, -12.772695867253413 ], [ -61.1577537004991, -12.772695867253418 ], [ -61.1577537004991, -12.772965361838654 ], [ -61.158562184254798, -12.772965361838654 ], [ -61.158562184254798, -12.773234856423883 ], [ -61.161796119277632, -12.773234856423896 ], [ -61.161796119277632, -12.772965361838651 ], [ -61.162335108448104, -12.772965361838647 ], [ -61.162335108448104, -12.772695867253416 ], [ -61.163682581374296, -12.772695867253422 ], [ -61.163682581374296, -12.77242637266818 ], [ -61.163952075959521, -12.772426372668173 ], [ -61.163952075959521, -12.77269586725342 ], [ -61.164221570544768, -12.772695867253418 ], [ -61.164221570544768, -12.772426372668171 ], [ -61.164760559715241, -12.772426372668175 ], [ -61.164760559715241, -12.772156878082942 ], [ -61.165569043470938, -12.772156878082946 ], [ -61.165569043470938, -12.772426372668185 ], [ -61.165838538056171, -12.772426372668169 ], [ -61.165838538056171, -12.772695867253415 ], [ -61.166108032641411, -12.772695867253415 ], [ -61.166108032641411, -12.772965361838644 ], [ -61.166647021811883, -12.772965361838654 ], [ -61.166647021811883, -12.773234856423894 ], [ -61.166916516397116, -12.773234856423885 ], [ -61.166916516397116, -12.772965361838649 ], [ -61.167186010982356, -12.77296536183866 ], [ -61.167186010982356, -12.772695867253406 ], [ -61.166647021811883, -12.77269586725342 ], [ -61.166647021811883, -12.772426372668175 ], [ -61.166377527226643, -12.772426372668177 ], [ -61.166377527226643, -12.772156878082939 ], [ -61.166108032641411, -12.772156878082949 ], [ -61.166108032641411, -12.771887383497708 ], [ -61.166377527226643, -12.771887383497708 ], [ -61.166377527226643, -12.771617888912466 ], [ -61.166647021811883, -12.771617888912465 ], [ -61.166647021811883, -12.771078899741998 ], [ -61.167186010982356, -12.771078899742005 ], [ -61.167186010982356, -12.770809405156758 ], [ -61.167725000152828, -12.770809405156776 ], [ -61.167725000152828, -12.770539910571522 ], [ -61.168263989323293, -12.770539910571532 ], [ -61.168263989323293, -12.770270415986291 ], [ -61.168533483908533, -12.770270415986287 ], [ -61.168533483908533, -12.770000921401051 ], [ -61.169072473079005, -12.770000921401047 ], [ -61.169072473079005, -12.769192437645339 ], [ -61.168802978493765, -12.769192437645341 ], [ -61.168802978493765, -12.768653448474872 ], [ -61.168533483908533, -12.768653448474884 ], [ -61.168533483908533, -12.768383953889646 ], [ -61.168802978493765, -12.768383953889645 ], [ -61.168802978493765, -12.767844964719176 ], [ -61.169341967664238, -12.767844964719172 ], [ -61.169341967664238, -12.767305975548704 ], [ -61.169611462249478, -12.767305975548702 ], [ -61.169611462249478, -12.767036480963455 ], [ -61.169072473079005, -12.767036480963464 ], [ -61.169072473079005, -12.766766986378233 ], [ -61.168263989323293, -12.766766986378217 ], [ -61.168263989323293, -12.767036480963466 ], [ -61.16799449473806, -12.767036480963466 ], [ -61.16799449473806, -12.767305975548693 ], [ -61.167725000152828, -12.767305975548698 ], [ -61.167725000152828, -12.767575470133941 ], [ -61.167186010982356, -12.767575470133933 ], [ -61.167186010982356, -12.768114459304401 ], [ -61.166647021811883, -12.768114459304407 ], [ -61.166647021811883, -12.768383953889645 ], [ -61.166108032641411, -12.76838395388963 ], [ -61.166108032641411, -12.768653448474883 ], [ -61.165569043470938, -12.768653448474879 ], [ -61.165569043470938, -12.768922943060106 ], [ -61.165030054300466, -12.768922943060117 ], [ -61.165030054300466, -12.769192437645346 ], [ -61.165299548885699, -12.769192437645348 ], [ -61.165299548885699, -12.769461932230584 ], [ -61.165030054300466, -12.769461932230584 ], [ -61.165030054300466, -12.769731426815813 ], [ -61.165299548885699, -12.76973142681581 ], [ -61.165299548885699, -12.770000921401058 ], [ -61.164760559715241, -12.77000092140106 ], [ -61.164760559715241, -12.770270415986287 ], [ -61.164491065129994, -12.770270415986294 ], [ -61.164491065129994, -12.770809405156763 ], [ -61.164221570544768, -12.770809405156774 ], [ -61.164221570544768, -12.77053991057153 ], [ -61.163952075959521, -12.770539910571527 ], [ -61.163952075959521, -12.770809405156774 ], [ -61.163413086789049, -12.770809405156772 ], [ -61.163413086789049, -12.771078899742006 ], [ -61.162874097618577, -12.771078899741996 ], [ -61.162874097618577, -12.771617888912466 ], [ -61.162335108448104, -12.771617888912472 ], [ -61.162335108448104, -12.772156878082944 ], [ -61.162065613862879, -12.772156878082949 ], [ -61.162065613862879, -12.772426372668178 ], [ -61.160718140936687, -12.772426372668177 ], [ -61.160718140936687, -12.771887383497708 ], [ -61.160179151766215, -12.771887383497713 ], [ -61.160179151766215, -12.771348394327234 ], [ -61.159909657180989, -12.77134839432723 ], [ -61.159909657180989, -12.771078899741998 ], [ -61.159640162595743, -12.771078899741999 ], [ -61.159640162595743, -12.770809405156763 ], [ -61.159909657180989, -12.770809405156756 ], [ -61.159909657180989, -12.770539910571523 ], [ -61.160179151766215, -12.770539910571518 ], [ -61.160179151766215, -12.770809405156767 ], [ -61.160718140936687, -12.770809405156767 ], [ -61.160718140936687, -12.771078899741999 ], [ -61.160987635521934, -12.771078899742003 ], [ -61.160987635521934, -12.771348394327243 ], [ -61.16125713010716, -12.771348394327234 ], [ -61.16125713010716, -12.771617888912479 ], [ -61.161526624692407, -12.771617888912463 ], [ -61.161526624692407, -12.771887383497699 ], [ -61.161796119277632, -12.771887383497717 ], [ -61.161796119277632, -12.771348394327235 ], [ -61.162335108448104, -12.771348394327232 ], [ -61.162335108448104, -12.770809405156761 ], [ -61.162604603033351, -12.77080940515677 ], [ -61.162604603033351, -12.770270415986291 ], [ -61.162874097618577, -12.770270415986298 ], [ -61.162874097618577, -12.77000092140106 ], [ -61.163143592203824, -12.770000921401058 ], [ -61.163143592203824, -12.769731426815824 ], [ -61.164221570544768, -12.769731426815817 ], [ -61.164221570544768, -12.769192437645341 ], [ -61.164491065129994, -12.769192437645341 ], [ -61.164491065129994, -12.768922943060121 ], [ -61.164221570544768, -12.768922943060115 ], [ -61.164221570544768, -12.768653448474881 ], [ -61.163952075959521, -12.768653448474868 ], [ -61.163952075959521, -12.768383953889645 ], [ -61.164491065129994, -12.768383953889636 ], [ -61.164491065129994, -12.768114459304405 ], [ -61.165030054300466, -12.768114459304408 ], [ -61.165030054300466, -12.767844964719176 ], [ -61.165299548885699, -12.767844964719165 ], [ -61.165299548885699, -12.768114459304408 ], [ -61.165569043470938, -12.7681144593044 ], [ -61.165569043470938, -12.767575470133936 ], [ -61.166108032641411, -12.767575470133941 ], [ -61.166108032641411, -12.767036480963458 ], [ -61.166377527226643, -12.767036480963471 ], [ -61.166377527226643, -12.766497491792986 ], [ -61.166647021811883, -12.766497491792986 ], [ -61.166647021811883, -12.76622799720775 ], [ -61.166916516397116, -12.766227997207755 ], [ -61.166916516397116, -12.765958502622514 ], [ -61.167186010982356, -12.765958502622519 ], [ -61.167186010982356, -12.765689008037274 ], [ -61.167455505567588, -12.765689008037278 ], [ -61.167455505567588, -12.765419513452054 ], [ -61.16799449473806, -12.765419513452052 ], [ -61.16799449473806, -12.765150018866807 ], [ -61.168533483908533, -12.765150018866811 ], [ -61.168533483908533, -12.764880524281583 ], [ -61.16988095683471, -12.764880524281576 ], [ -61.16988095683471, -12.765150018866814 ], [ -61.171228429760895, -12.765150018866809 ], [ -61.171228429760895, -12.765419513452043 ], [ -61.171767418931367, -12.765419513452049 ], [ -61.171767418931367, -12.765689008037281 ], [ -61.172306408101839, -12.765689008037286 ], [ -61.172306408101839, -12.765958502622512 ], [ -61.171767418931367, -12.765958502622517 ], [ -61.171767418931367, -12.766227997207757 ], [ -61.172575902687072, -12.766227997207757 ], [ -61.172575902687072, -12.766497491792997 ], [ -61.172845397272312, -12.766497491792993 ], [ -61.172845397272312, -12.767036480963457 ], [ -61.173114891857544, -12.767036480963464 ], [ -61.173114891857544, -12.767305975548705 ], [ -61.172845397272312, -12.767305975548704 ], [ -61.172845397272312, -12.767575470133938 ], [ -61.172575902687072, -12.767575470133938 ], [ -61.172575902687072, -12.767844964719178 ], [ -61.173384386442784, -12.767844964719172 ], [ -61.173384386442784, -12.768114459304408 ], [ -61.173653881028017, -12.768114459304408 ], [ -61.173653881028017, -12.767844964719176 ], [ -61.173923375613256, -12.767844964719179 ], [ -61.173923375613256, -12.76757547013394 ], [ -61.174192870198489, -12.767575470133941 ], [ -61.174192870198489, -12.767305975548704 ], [ -61.174731859368961, -12.767305975548705 ], [ -61.174731859368961, -12.767036480963464 ], [ -61.175540343124673, -12.767036480963466 ], [ -61.175540343124673, -12.766497491792999 ], [ -61.176079332295146, -12.766497491792981 ], [ -61.176079332295146, -12.766227997207748 ], [ -61.176348826880378, -12.766227997207757 ], [ -61.176348826880378, -12.765958502622514 ], [ -61.176618321465618, -12.765958502622519 ], [ -61.176618321465618, -12.765689008037288 ], [ -61.176887816050851, -12.76568900803729 ], [ -61.176887816050851, -12.765419513452043 ], [ -61.177157310636076, -12.76541951345204 ], [ -61.177157310636076, -12.764880524281581 ], [ -61.177335073344842, -12.764880524312456 ], [ -61.17728750962484, -12.763802545974977 ], [ -61.177157310636076, -12.763802545940623 ], [ -61.177157310636076, -12.764611029696345 ], [ -61.176887816050851, -12.764611029696336 ], [ -61.176887816050851, -12.765150018866816 ], [ -61.176618321465618, -12.765150018866819 ], [ -61.176618321465618, -12.765419513452047 ], [ -61.176348826880378, -12.76541951345205 ], [ -61.176348826880378, -12.765150018866814 ] ], [ [ -61.146973917089667, -12.766497491792991 ], [ -61.146973917089667, -12.766766986378233 ], [ -61.147243411674907, -12.766766986378235 ], [ -61.147243411674907, -12.767036480963471 ], [ -61.14751290626014, -12.767036480963466 ], [ -61.14751290626014, -12.766766986378226 ], [ -61.148860379186324, -12.766766986378217 ], [ -61.148860379186324, -12.766497491792988 ], [ -61.149399368356782, -12.766497491792988 ], [ -61.149399368356782, -12.766766986378222 ], [ -61.149668862942029, -12.766766986378229 ], [ -61.149668862942029, -12.76622799720775 ], [ -61.150207852112501, -12.766227997207745 ], [ -61.150207852112501, -12.765958502622519 ], [ -61.151016335868199, -12.765958502622526 ], [ -61.151016335868199, -12.766227997207746 ], [ -61.151285830453446, -12.766227997207755 ], [ -61.151285830453446, -12.76703648096346 ], [ -61.150746841282974, -12.767036480963466 ], [ -61.150746841282974, -12.767575470133936 ], [ -61.150477346697727, -12.767575470133925 ], [ -61.150477346697727, -12.767844964719172 ], [ -61.151016335868199, -12.767844964719167 ], [ -61.151016335868199, -12.768114459304408 ], [ -61.151285830453446, -12.768114459304403 ], [ -61.151285830453446, -12.767844964719169 ], [ -61.152363808794377, -12.767844964719172 ], [ -61.152363808794377, -12.767575470133936 ], [ -61.152902797964863, -12.767575470133934 ], [ -61.152902797964863, -12.767305975548704 ], [ -61.153711281720561, -12.7673059755487 ], [ -61.153711281720561, -12.767036480963464 ], [ -61.154250270891033, -12.767036480963471 ], [ -61.154250270891033, -12.766766986378228 ], [ -61.154789260061506, -12.766766986378228 ], [ -61.154789260061506, -12.766497491792983 ], [ -61.155058754646738, -12.766497491792988 ], [ -61.155058754646738, -12.766766986378217 ], [ -61.155597743817211, -12.76676698637822 ], [ -61.155597743817211, -12.767036480963457 ], [ -61.155058754646738, -12.767036480963464 ], [ -61.155058754646738, -12.767575470133934 ], [ -61.154519765476266, -12.76757547013394 ], [ -61.154519765476266, -12.767844964719174 ], [ -61.154789260061506, -12.767844964719163 ], [ -61.154789260061506, -12.768653448474868 ], [ -61.154250270891033, -12.768653448474874 ], [ -61.154250270891033, -12.768922943060105 ], [ -61.153711281720561, -12.768922943060105 ], [ -61.153711281720561, -12.769461932230588 ], [ -61.152902797964863, -12.769461932230584 ], [ -61.152902797964863, -12.770000921401047 ], [ -61.153172292550089, -12.770000921401051 ], [ -61.153172292550089, -12.769731426815826 ], [ -61.153711281720561, -12.769731426815824 ], [ -61.153711281720561, -12.77000092140106 ], [ -61.154250270891033, -12.770000921401056 ], [ -61.154250270891033, -12.770270415986296 ], [ -61.154519765476266, -12.770270415986296 ], [ -61.154519765476266, -12.770000921401046 ], [ -61.155058754646738, -12.770000921401046 ], [ -61.155058754646738, -12.769731426815826 ], [ -61.155597743817211, -12.769731426815822 ], [ -61.155597743817211, -12.769461932230579 ], [ -61.156136732987683, -12.769461932230582 ], [ -61.156136732987683, -12.769192437645343 ], [ -61.156406227572909, -12.769192437645348 ], [ -61.156406227572909, -12.769461932230575 ], [ -61.156675722158155, -12.769461932230573 ], [ -61.156675722158155, -12.769192437645348 ], [ -61.157214711328628, -12.769192437645351 ], [ -61.157214711328628, -12.770000921401055 ], [ -61.156945216743381, -12.770000921401062 ], [ -61.156945216743381, -12.770539910571534 ], [ -61.156675722158155, -12.77053991057153 ], [ -61.156675722158155, -12.772156878082935 ], [ -61.154250270891033, -12.77215687808294 ], [ -61.154250270891033, -12.772426372668171 ], [ -61.153711281720561, -12.772426372668185 ], [ -61.153711281720561, -12.772695867253409 ], [ -61.153172292550089, -12.77269586725342 ], [ -61.153172292550089, -12.772426372668182 ], [ -61.152902797964863, -12.772426372668184 ], [ -61.152902797964863, -12.77269586725342 ], [ -61.152633303379616, -12.772695867253422 ], [ -61.152633303379616, -12.772426372668175 ], [ -61.152094314209144, -12.772426372668185 ], [ -61.152094314209144, -12.772156878082935 ], [ -61.151824819623918, -12.77215687808294 ], [ -61.151824819623918, -12.771887383497713 ], [ -61.151555325038672, -12.771887383497711 ], [ -61.151555325038672, -12.771617888912465 ], [ -61.151824819623918, -12.771617888912468 ], [ -61.151824819623918, -12.771348394327241 ], [ -61.152094314209144, -12.77134839432723 ], [ -61.152094314209144, -12.771078899741996 ], [ -61.152363808794377, -12.771078899741998 ], [ -61.152363808794377, -12.770539910571527 ], [ -61.152633303379616, -12.770539910571523 ], [ -61.152633303379616, -12.769461932230593 ], [ -61.152363808794377, -12.769461932230588 ], [ -61.152363808794377, -12.770000921401049 ], [ -61.151824819623918, -12.770000921401062 ], [ -61.151824819623918, -12.770270415986296 ], [ -61.151555325038672, -12.770270415986293 ], [ -61.151555325038672, -12.770000921401053 ], [ -61.151285830453446, -12.770000921401056 ], [ -61.151285830453446, -12.770539910571523 ], [ -61.150746841282974, -12.77053991057153 ], [ -61.150746841282974, -12.77080940515676 ], [ -61.150207852112501, -12.770809405156761 ], [ -61.150207852112501, -12.771078899741999 ], [ -61.149668862942029, -12.771078899741989 ], [ -61.149668862942029, -12.771348394327227 ], [ -61.149129873771557, -12.771348394327227 ], [ -61.149129873771557, -12.771617888912468 ], [ -61.147782400845379, -12.771617888912468 ], [ -61.147782400845379, -12.771348394327235 ], [ -61.14751290626014, -12.771348394327237 ], [ -61.14751290626014, -12.771078899742003 ], [ -61.148051895430612, -12.77107889974199 ], [ -61.148051895430612, -12.770809405156772 ], [ -61.147782400845379, -12.770809405156772 ], [ -61.147782400845379, -12.770270415986298 ], [ -61.147243411674907, -12.770270415986296 ], [ -61.147243411674907, -12.770539910571527 ], [ -61.146704422504435, -12.770539910571527 ], [ -61.146704422504435, -12.770809405156761 ], [ -61.146973917089667, -12.77080940515677 ], [ -61.146973917089667, -12.771078899741999 ], [ -61.146434927919195, -12.771078899742003 ], [ -61.146434927919195, -12.771348394327244 ], [ -61.146165433333962, -12.771348394327241 ], [ -61.146165433333962, -12.771617888912466 ], [ -61.145895938748723, -12.771617888912466 ], [ -61.145895938748723, -12.771348394327232 ], [ -61.145087454993018, -12.771348394327228 ], [ -61.145087454993018, -12.771078899741996 ], [ -61.144817960407778, -12.771078899741996 ], [ -61.144817960407778, -12.77080940515676 ], [ -61.144548465822545, -12.770809405156768 ], [ -61.144548465822545, -12.770539910571523 ], [ -61.144278971237306, -12.770539910571523 ], [ -61.144278971237306, -12.770270415986293 ], [ -61.144009476652073, -12.770270415986298 ], [ -61.144009476652073, -12.770000921401051 ], [ -61.143739982066833, -12.77000092140106 ], [ -61.143739982066833, -12.76973142681582 ], [ -61.143470487481601, -12.769731426815824 ], [ -61.143470487481601, -12.769192437645343 ], [ -61.143200992896361, -12.769192437645353 ], [ -61.143200992896361, -12.768383953889641 ], [ -61.143470487481601, -12.768383953889638 ], [ -61.143470487481601, -12.767844964719171 ], [ -61.143739982066833, -12.767844964719167 ], [ -61.143739982066833, -12.766227997207755 ], [ -61.143470487481601, -12.766227997207755 ], [ -61.143470487481601, -12.765958502622524 ], [ -61.143200992896361, -12.765958502622519 ], [ -61.143200992896361, -12.765419513452045 ], [ -61.143470487481601, -12.76541951345205 ], [ -61.143470487481601, -12.765150018866807 ], [ -61.144009476652073, -12.765150018866803 ], [ -61.144009476652073, -12.76488052428158 ], [ -61.144278971237306, -12.764880524281571 ], [ -61.144278971237306, -12.765150018866811 ], [ -61.144548465822545, -12.765150018866819 ], [ -61.144548465822545, -12.764880524281581 ], [ -61.144817960407778, -12.764880524281583 ], [ -61.144817960407778, -12.765150018866809 ], [ -61.145087454993018, -12.765150018866816 ], [ -61.145087454993018, -12.764880524281574 ], [ -61.14562644416349, -12.764880524281571 ], [ -61.14562644416349, -12.765150018866803 ], [ -61.146165433333962, -12.765150018866812 ], [ -61.146165433333962, -12.765689008037283 ], [ -61.146434927919195, -12.765689008037283 ], [ -61.146434927919195, -12.766227997207753 ], [ -61.146704422504435, -12.766227997207761 ], [ -61.146704422504435, -12.76649749179299 ], [ -61.146973917089667, -12.766497491792991 ] ], [ [ -61.158562184254798, -12.766227997207761 ], [ -61.158562184254798, -12.765958502622521 ], [ -61.158292689669572, -12.765958502622524 ], [ -61.158292689669572, -12.766227997207748 ], [ -61.1577537004991, -12.766227997207757 ], [ -61.1577537004991, -12.766497491792999 ], [ -61.157484205913853, -12.76649749179299 ], [ -61.157484205913853, -12.766227997207748 ], [ -61.157214711328628, -12.766227997207757 ], [ -61.157214711328628, -12.766497491792995 ], [ -61.156945216743381, -12.766497491792984 ], [ -61.156945216743381, -12.766227997207757 ], [ -61.156675722158155, -12.766227997207759 ], [ -61.156675722158155, -12.766497491792991 ], [ -61.156406227572909, -12.766497491792997 ], [ -61.156406227572909, -12.765689008037286 ], [ -61.157484205913853, -12.765689008037286 ], [ -61.157484205913853, -12.765150018866819 ], [ -61.1577537004991, -12.765150018866818 ], [ -61.1577537004991, -12.765419513452054 ], [ -61.158023195084326, -12.765419513452041 ], [ -61.158023195084326, -12.765150018866812 ], [ -61.160179151766215, -12.765150018866805 ], [ -61.160179151766215, -12.765958502622508 ], [ -61.159909657180989, -12.765958502622512 ], [ -61.159909657180989, -12.766227997207746 ], [ -61.159640162595743, -12.766227997207753 ], [ -61.159640162595743, -12.766497491792995 ], [ -61.15910117342527, -12.766497491792986 ], [ -61.15910117342527, -12.766227997207752 ], [ -61.158562184254798, -12.766227997207761 ] ], [ [ -61.157484205913853, -12.767844964719169 ], [ -61.157484205913853, -12.767305975548698 ], [ -61.1577537004991, -12.767305975548698 ], [ -61.1577537004991, -12.766766986378217 ], [ -61.158023195084326, -12.766766986378219 ], [ -61.158023195084326, -12.767036480963464 ], [ -61.158831678840045, -12.767036480963471 ], [ -61.158831678840045, -12.767844964719176 ], [ -61.158292689669572, -12.767844964719163 ], [ -61.158292689669572, -12.768114459304408 ], [ -61.158023195084326, -12.768114459304392 ], [ -61.158023195084326, -12.767844964719169 ], [ -61.157484205913853, -12.767844964719169 ] ] ], [ [ [ -61.119485469395613, -12.749788827508377 ], [ -61.119215974810366, -12.749788827508374 ], [ -61.119215974810366, -12.749519332923128 ], [ -61.115712545202307, -12.749519332923141 ], [ -61.115712545202307, -12.74924983833789 ], [ -61.112748104764712, -12.749249838337903 ], [ -61.112748104764712, -12.749519332923141 ], [ -61.112478610179473, -12.749519332923134 ], [ -61.112478610179473, -12.750058322093595 ], [ -61.11220911559424, -12.750058322093606 ], [ -61.11220911559424, -12.751405795019771 ], [ -61.112478610179473, -12.75140579501978 ], [ -61.112478610179473, -12.752753267945961 ], [ -61.11220911559424, -12.752753267945959 ], [ -61.11220911559424, -12.753292257116438 ], [ -61.111939621009, -12.75329225711643 ], [ -61.111939621009, -12.7538312462869 ], [ -61.111670126423768, -12.753831246286914 ], [ -61.111670126423768, -12.754100740872135 ], [ -61.111131137253295, -12.754100740872131 ], [ -61.111131137253295, -12.753831246286904 ], [ -61.110861642668056, -12.753831246286905 ], [ -61.110861642668056, -12.753561751701671 ], [ -61.110322653497597, -12.753561751701673 ], [ -61.110322653497597, -12.75329225711644 ], [ -61.110053158912351, -12.753292257116433 ], [ -61.110053158912351, -12.752753267945964 ], [ -61.110322653497597, -12.752753267945966 ], [ -61.110322653497597, -12.75248377336073 ], [ -61.110592148082823, -12.752483773360725 ], [ -61.110592148082823, -12.751675289605016 ], [ -61.109783664327125, -12.751675289605021 ], [ -61.109783664327125, -12.751944784190256 ], [ -61.109514169741878, -12.751944784190252 ], [ -61.109514169741878, -12.751405795019776 ], [ -61.109783664327125, -12.751405795019785 ], [ -61.109783664327125, -12.751136300434544 ], [ -61.110322653497597, -12.751136300434549 ], [ -61.110322653497597, -12.750866805849313 ], [ -61.110592148082823, -12.750866805849308 ], [ -61.110592148082823, -12.750597311264071 ], [ -61.110861642668056, -12.750597311264068 ], [ -61.110861642668056, -12.750327816678835 ], [ -61.111131137253295, -12.750327816678828 ], [ -61.111131137253295, -12.750058322093594 ], [ -61.110861642668056, -12.750058322093608 ], [ -61.110861642668056, -12.749519332923137 ], [ -61.110322653497597, -12.749519332923128 ], [ -61.110322653497597, -12.749249838337901 ], [ -61.110053158912351, -12.749249838337905 ], [ -61.110053158912351, -12.748980343752663 ], [ -61.109783664327125, -12.748980343752667 ], [ -61.109783664327125, -12.749249838337901 ], [ -61.109514169741878, -12.749249838337887 ], [ -61.109514169741878, -12.748980343752654 ], [ -61.109244675156653, -12.748980343752654 ], [ -61.109244675156653, -12.749249838337901 ], [ -61.108975180571406, -12.749249838337889 ], [ -61.108975180571406, -12.748980343752669 ], [ -61.10870568598618, -12.748980343752661 ], [ -61.10870568598618, -12.749249838337883 ], [ -61.107897202230461, -12.749249838337899 ], [ -61.107897202230461, -12.748980343752654 ], [ -61.105741245548586, -12.748980343752654 ], [ -61.105741245548586, -12.748710849167431 ], [ -61.104932761792874, -12.748710849167425 ], [ -61.104932761792874, -12.748980343752663 ], [ -61.104663267207641, -12.748980343752661 ], [ -61.104663267207641, -12.749519332923139 ], [ -61.104393772622402, -12.749519332923132 ], [ -61.104393772622402, -12.749788827508366 ], [ -61.104663267207641, -12.749788827508372 ], [ -61.104663267207641, -12.750327816678839 ], [ -61.105202256378114, -12.750327816678835 ], [ -61.105202256378114, -12.750866805849315 ], [ -61.105471750963346, -12.75086680584932 ], [ -61.105471750963346, -12.751405795019787 ], [ -61.104932761792874, -12.751405795019787 ], [ -61.104932761792874, -12.751675289605023 ], [ -61.104124278037169, -12.751675289605016 ], [ -61.104124278037169, -12.751405795019773 ], [ -61.103854783451929, -12.751405795019778 ], [ -61.103854783451929, -12.751136300434545 ], [ -61.103585288866697, -12.751136300434542 ], [ -61.103585288866697, -12.750866805849313 ], [ -61.103315794281457, -12.750866805849313 ], [ -61.103315794281457, -12.750597311264071 ], [ -61.103046299696224, -12.75059731126407 ], [ -61.103046299696224, -12.750327816678842 ], [ -61.102776805110985, -12.75032781667883 ], [ -61.102776805110985, -12.749519332923132 ], [ -61.102507310525752, -12.749519332923132 ], [ -61.102507310525752, -12.748980343752665 ], [ -61.10169882677004, -12.74898034375266 ], [ -61.10169882677004, -12.748710849167418 ], [ -61.101159837599567, -12.748710849167432 ], [ -61.101159837599567, -12.749249838337901 ], [ -61.100890343014335, -12.749249838337903 ], [ -61.100890343014335, -12.751944784190245 ], [ -61.101159837599567, -12.751944784190254 ], [ -61.101159837599567, -12.753292257116426 ], [ -61.100890343014335, -12.753292257116426 ], [ -61.100890343014335, -12.755448213798324 ], [ -61.100620848429095, -12.755448213798315 ], [ -61.100620848429095, -12.758951643406377 ], [ -61.100351353843863, -12.758951643406375 ], [ -61.100351353843863, -12.760568610917799 ], [ -61.100620848429095, -12.760568610917796 ], [ -61.100620848429095, -12.760838105503039 ], [ -61.100351353843863, -12.760838105503037 ], [ -61.100351353843863, -12.761107600088275 ], [ -61.100620848429095, -12.761107600088268 ], [ -61.100620848429095, -12.764072040525866 ], [ -61.100351353843863, -12.764072040525859 ], [ -61.100351353843863, -12.764611029696344 ], [ -61.100081859258623, -12.764611029696338 ], [ -61.100081859258623, -12.765689008037281 ], [ -61.100351353843863, -12.765689008037276 ], [ -61.100351353843863, -12.766227997207755 ], [ -61.100081859258623, -12.766227997207757 ], [ -61.100081859258623, -12.766766986378231 ], [ -61.100351353843863, -12.766766986378228 ], [ -61.100351353843863, -12.767036480963464 ], [ -61.100081859258623, -12.767036480963458 ], [ -61.100081859258623, -12.7673059755487 ], [ -61.100351353843863, -12.7673059755487 ], [ -61.100351353843863, -12.767575470133931 ], [ -61.100081859258623, -12.76757547013394 ], [ -61.100081859258623, -12.767844964719165 ], [ -61.100351353843863, -12.767844964719162 ], [ -61.100351353843863, -12.771887383497708 ], [ -61.100620848429095, -12.771887383497706 ], [ -61.100620848429095, -12.773234856423883 ], [ -61.100890343014335, -12.773234856423885 ], [ -61.100890343014335, -12.773773845594359 ], [ -61.101159837599567, -12.773773845594361 ], [ -61.101159837599567, -12.774043340179595 ], [ -61.10169882677004, -12.774043340179587 ], [ -61.10169882677004, -12.774312834764828 ], [ -61.102237815940512, -12.774312834764828 ], [ -61.102237815940512, -12.774582329350068 ], [ -61.102507310525752, -12.774582329350073 ], [ -61.102507310525752, -12.777007780617184 ], [ -61.102776805110985, -12.777007780617193 ], [ -61.102776805110985, -12.777546769787653 ], [ -61.103046299696224, -12.77754676978766 ], [ -61.103046299696224, -12.777816264372895 ], [ -61.102776805110985, -12.777816264372902 ], [ -61.102776805110985, -12.778085758958133 ], [ -61.103046299696224, -12.778085758958133 ], [ -61.103046299696224, -12.778894242713839 ], [ -61.103315794281457, -12.778894242713831 ], [ -61.103315794281457, -12.779433231884321 ], [ -61.103854783451929, -12.779433231884314 ], [ -61.103854783451929, -12.779702726469541 ], [ -61.104124278037169, -12.77970272646955 ], [ -61.104124278037169, -12.779433231884315 ], [ -61.104663267207641, -12.779433231884306 ], [ -61.104663267207641, -12.779163737299079 ], [ -61.105202256378114, -12.779163737299072 ], [ -61.105202256378114, -12.778894242713836 ], [ -61.105471750963346, -12.778894242713838 ], [ -61.105471750963346, -12.778085758958127 ], [ -61.105741245548586, -12.778085758958145 ], [ -61.105741245548586, -12.777277275202417 ], [ -61.106010740133819, -12.777277275202419 ], [ -61.106010740133819, -12.777007780617192 ], [ -61.106280234719058, -12.777007780617186 ], [ -61.106280234719058, -12.77673828603195 ], [ -61.106549729304291, -12.776738286031952 ], [ -61.106549729304291, -12.776468791446714 ], [ -61.106819223889531, -12.776468791446716 ], [ -61.106819223889531, -12.776199296861479 ], [ -61.107088718474763, -12.776199296861476 ], [ -61.107088718474763, -12.775929802276243 ], [ -61.107627707645236, -12.775929802276243 ], [ -61.107627707645236, -12.776199296861478 ], [ -61.107897202230461, -12.776199296861485 ], [ -61.107897202230461, -12.777277275202424 ], [ -61.107627707645236, -12.777277275202428 ], [ -61.107627707645236, -12.778085758958133 ], [ -61.107897202230461, -12.778085758958133 ], [ -61.107897202230461, -12.77862474812861 ], [ -61.108166696815708, -12.778624748128601 ], [ -61.108166696815708, -12.779163737299081 ], [ -61.108436191400934, -12.779163737299074 ], [ -61.108436191400934, -12.779702726469541 ], [ -61.108166696815708, -12.779702726469552 ], [ -61.108166696815708, -12.779972221054777 ], [ -61.107897202230461, -12.779972221054779 ], [ -61.107897202230461, -12.780241715640017 ], [ -61.107627707645236, -12.780241715640011 ], [ -61.107627707645236, -12.780511210225256 ], [ -61.108436191400934, -12.780511210225258 ], [ -61.108436191400934, -12.780241715640011 ], [ -61.10870568598618, -12.780241715640022 ], [ -61.10870568598618, -12.779972221054779 ], [ -61.108975180571406, -12.779972221054782 ], [ -61.108975180571406, -12.779702726469537 ], [ -61.109244675156653, -12.779702726469544 ], [ -61.109244675156653, -12.779433231884314 ], [ -61.109514169741878, -12.779433231884305 ], [ -61.109514169741878, -12.779163737299077 ], [ -61.109783664327125, -12.779163737299081 ], [ -61.109783664327125, -12.778894242713845 ], [ -61.110053158912351, -12.778894242713834 ], [ -61.110053158912351, -12.778355253543365 ], [ -61.110322653497597, -12.778355253543367 ], [ -61.110322653497597, -12.7778162643729 ], [ -61.110053158912351, -12.777816264372902 ], [ -61.110053158912351, -12.777277275202426 ], [ -61.109514169741878, -12.77727727520243 ], [ -61.109514169741878, -12.777007780617184 ], [ -61.109244675156653, -12.777007780617195 ], [ -61.109244675156653, -12.776199296861483 ], [ -61.109514169741878, -12.776199296861476 ], [ -61.109514169741878, -12.775929802276252 ], [ -61.109783664327125, -12.77592980227624 ], [ -61.109783664327125, -12.775390813105783 ], [ -61.110053158912351, -12.775390813105773 ], [ -61.110053158912351, -12.775121318520545 ], [ -61.109514169741878, -12.775121318520538 ], [ -61.109514169741878, -12.774582329350073 ], [ -61.109244675156653, -12.774582329350066 ], [ -61.109244675156653, -12.774312834764823 ], [ -61.106819223889531, -12.774312834764821 ], [ -61.106819223889531, -12.773773845594359 ], [ -61.107088718474763, -12.773773845594363 ], [ -61.107088718474763, -12.773504351009125 ], [ -61.107897202230461, -12.773504351009128 ], [ -61.107897202230461, -12.773773845594359 ], [ -61.108975180571406, -12.773773845594352 ], [ -61.108975180571406, -12.773504351009125 ], [ -61.109244675156653, -12.773504351009116 ], [ -61.109244675156653, -12.772965361838644 ], [ -61.109514169741878, -12.772965361838652 ], [ -61.109514169741878, -12.772695867253413 ], [ -61.109783664327125, -12.772695867253422 ], [ -61.109783664327125, -12.772965361838644 ], [ -61.110053158912351, -12.77296536183866 ], [ -61.110053158912351, -12.773234856423882 ], [ -61.110322653497597, -12.773234856423885 ], [ -61.110322653497597, -12.77350435100912 ], [ -61.110592148082823, -12.773504351009125 ], [ -61.110592148082823, -12.773773845594352 ], [ -61.110861642668056, -12.773773845594354 ], [ -61.110861642668056, -12.774312834764837 ], [ -61.111400631838528, -12.774312834764823 ], [ -61.111400631838528, -12.774851823935307 ], [ -61.111670126423768, -12.7748518239353 ], [ -61.111670126423768, -12.775121318520538 ], [ -61.111939621009, -12.775121318520526 ], [ -61.111939621009, -12.775390813105776 ], [ -61.113287093935185, -12.775390813105771 ], [ -61.113287093935185, -12.775121318520529 ], [ -61.113556588520417, -12.775121318520531 ], [ -61.113556588520417, -12.7748518239353 ], [ -61.113826083105643, -12.774851823935299 ], [ -61.113826083105643, -12.77431283476483 ], [ -61.11409557769089, -12.774312834764821 ], [ -61.11409557769089, -12.773773845594357 ], [ -61.114365072276115, -12.773773845594357 ], [ -61.114365072276115, -12.773234856423878 ], [ -61.114904061446587, -12.773234856423887 ], [ -61.114904061446587, -12.772965361838644 ], [ -61.115712545202307, -12.772965361838649 ], [ -61.115712545202307, -12.773234856423887 ], [ -61.11544305061706, -12.77323485642388 ], [ -61.11544305061706, -12.77592980227625 ], [ -61.115712545202307, -12.775929802276236 ], [ -61.115712545202307, -12.776738286031964 ], [ -61.115982039787532, -12.776738286031948 ], [ -61.115982039787532, -12.77592980227625 ], [ -61.116251534372779, -12.775929802276247 ], [ -61.116251534372779, -12.77458232935007 ], [ -61.116790523543251, -12.774582329350068 ], [ -61.116790523543251, -12.774312834764828 ], [ -61.117060018128477, -12.774312834764826 ], [ -61.117060018128477, -12.774043340179585 ], [ -61.117329512713724, -12.774043340179585 ], [ -61.117329512713724, -12.774312834764826 ], [ -61.117599007298949, -12.774312834764824 ], [ -61.117599007298949, -12.774043340179588 ], [ -61.117868501884196, -12.774043340179594 ], [ -61.117868501884196, -12.774312834764837 ], [ -61.118676985639894, -12.77431283476483 ], [ -61.118676985639894, -12.77404334017959 ], [ -61.120024458566085, -12.774043340179599 ], [ -61.120024458566085, -12.773773845594361 ], [ -61.120563447736558, -12.773773845594352 ], [ -61.120563447736558, -12.773504351009123 ], [ -61.12110243690703, -12.773504351009121 ], [ -61.12110243690703, -12.77323485642389 ], [ -61.122180415247975, -12.773234856423894 ], [ -61.122180415247975, -12.772695867253407 ], [ -61.1224499098332, -12.772695867253416 ], [ -61.1224499098332, -12.772156878082935 ], [ -61.122719404418433, -12.77215687808294 ], [ -61.122719404418433, -12.771617888912473 ], [ -61.1224499098332, -12.771617888912466 ], [ -61.1224499098332, -12.771078899742001 ], [ -61.122180415247975, -12.771078899741998 ], [ -61.122180415247975, -12.770539910571529 ], [ -61.121910920662728, -12.77053991057152 ], [ -61.121910920662728, -12.770270415986282 ], [ -61.122180415247975, -12.770270415986289 ], [ -61.122180415247975, -12.770000921401047 ], [ -61.121910920662728, -12.770000921401046 ], [ -61.121910920662728, -12.769731426815826 ], [ -61.122180415247975, -12.769731426815824 ], [ -61.122180415247975, -12.769461932230584 ], [ -61.121910920662728, -12.769461932230575 ], [ -61.121910920662728, -12.769192437645344 ], [ -61.122180415247975, -12.769192437645346 ], [ -61.122180415247975, -12.768922943060108 ], [ -61.121910920662728, -12.768922943060112 ], [ -61.121910920662728, -12.768653448474877 ], [ -61.121371931492256, -12.768653448474874 ], [ -61.121371931492256, -12.768922943060112 ], [ -61.12110243690703, -12.768922943060108 ], [ -61.12110243690703, -12.769192437645339 ], [ -61.121371931492256, -12.769192437645351 ], [ -61.121371931492256, -12.769461932230589 ], [ -61.12110243690703, -12.769461932230573 ], [ -61.12110243690703, -12.769731426815811 ], [ -61.121371931492256, -12.769731426815813 ], [ -61.121371931492256, -12.770000921401056 ], [ -61.120832942321783, -12.770000921401063 ], [ -61.120832942321783, -12.770539910571527 ], [ -61.120293953151311, -12.770539910571522 ], [ -61.120293953151311, -12.77080940515677 ], [ -61.120024458566085, -12.77080940515677 ], [ -61.120024458566085, -12.771078899741992 ], [ -61.119754963980839, -12.771078899741992 ], [ -61.119754963980839, -12.770809405156767 ], [ -61.119485469395613, -12.770809405156768 ], [ -61.119485469395613, -12.770000921401056 ], [ -61.119754963980839, -12.770000921401063 ], [ -61.119754963980839, -12.769461932230577 ], [ -61.120024458566085, -12.769461932230575 ], [ -61.120024458566085, -12.769192437645346 ], [ -61.120293953151311, -12.769192437645346 ], [ -61.120293953151311, -12.768922943060108 ], [ -61.120563447736558, -12.768922943060105 ], [ -61.120563447736558, -12.768653448474867 ], [ -61.120832942321783, -12.768653448474874 ], [ -61.120832942321783, -12.768114459304401 ], [ -61.121371931492256, -12.768114459304405 ], [ -61.121371931492256, -12.767844964719174 ], [ -61.120832942321783, -12.767844964719171 ], [ -61.120832942321783, -12.7673059755487 ], [ -61.120563447736558, -12.767305975548691 ], [ -61.120563447736558, -12.766766986378228 ], [ -61.120293953151311, -12.766766986378224 ], [ -61.120293953151311, -12.764341535111098 ], [ -61.120563447736558, -12.764341535111109 ], [ -61.120563447736558, -12.764072040525869 ], [ -61.120832942321783, -12.764072040525862 ], [ -61.120832942321783, -12.76380254594063 ], [ -61.12110243690703, -12.76380254594063 ], [ -61.12110243690703, -12.763263556770157 ], [ -61.121371931492256, -12.763263556770168 ], [ -61.121371931492256, -12.76272456759969 ], [ -61.121641426077503, -12.762724567599681 ], [ -61.121641426077503, -12.762185578429214 ], [ -61.121910920662728, -12.762185578429209 ], [ -61.121910920662728, -12.761377094673515 ], [ -61.122180415247975, -12.761377094673504 ], [ -61.122180415247975, -12.760838105503042 ], [ -61.1224499098332, -12.760838105503032 ], [ -61.1224499098332, -12.753022762531206 ], [ -61.122719404418433, -12.753022762531197 ], [ -61.122719404418433, -12.752753267945961 ], [ -61.1224499098332, -12.752753267945957 ], [ -61.1224499098332, -12.751944784190256 ], [ -61.122719404418433, -12.751944784190249 ], [ -61.122719404418433, -12.749519332923128 ], [ -61.12268728621391, -12.749519332986699 ], [ -61.122685222222003, -12.749564694443999 ], [ -61.121845046073979, -12.749519333260043 ], [ -61.121641426077503, -12.749519332923128 ], [ -61.121641426077503, -12.74978882750837 ], [ -61.120832942321783, -12.749788827508361 ], [ -61.120832942321783, -12.750058322093597 ], [ -61.120293953151311, -12.750058322093601 ], [ -61.120293953151311, -12.75032781667883 ], [ -61.119485469395613, -12.750327816678849 ], [ -61.119485469395613, -12.749788827508377 ] ], [ [ -61.106280234719058, -12.757873665065439 ], [ -61.106280234719058, -12.758143159650684 ], [ -61.106010740133819, -12.758143159650672 ], [ -61.106010740133819, -12.75841265423592 ], [ -61.105471750963346, -12.758412654235908 ], [ -61.105471750963346, -12.75814315965067 ], [ -61.105741245548586, -12.758143159650675 ], [ -61.105741245548586, -12.757873665065445 ], [ -61.106280234719058, -12.757873665065439 ] ], [ [ -61.109244675156653, -12.763533051355401 ], [ -61.109244675156653, -12.76380254594063 ], [ -61.108975180571406, -12.763802545940628 ], [ -61.108975180571406, -12.764072040525866 ], [ -61.107358213060003, -12.764072040525877 ], [ -61.107358213060003, -12.763533051355395 ], [ -61.107897202230461, -12.76353305135539 ], [ -61.107897202230461, -12.763263556770157 ], [ -61.108436191400934, -12.763263556770152 ], [ -61.108436191400934, -12.762724567599685 ], [ -61.10870568598618, -12.76272456759969 ], [ -61.10870568598618, -12.761107600088266 ], [ -61.108975180571406, -12.761107600088273 ], [ -61.108975180571406, -12.760838105503042 ], [ -61.109244675156653, -12.760838105503035 ], [ -61.109244675156653, -12.761107600088268 ], [ -61.109514169741878, -12.76110760008827 ], [ -61.109514169741878, -12.761646589258746 ], [ -61.109783664327125, -12.761646589258751 ], [ -61.109783664327125, -12.76218557842922 ], [ -61.109514169741878, -12.762185578429216 ], [ -61.109514169741878, -12.763533051355395 ], [ -61.109244675156653, -12.763533051355401 ] ] ], [ [ [ -61.140236552460308, -12.73876159602799 ], [ -61.139428068706628, -12.738800150847204 ], [ -61.139428068703062, -12.73900904409893 ], [ -61.140236552458767, -12.739009044098928 ], [ -61.140236552460308, -12.73876159602799 ] ] ], [ [ [ -61.105741245548586, -12.85031030780134 ], [ -61.105471750963346, -12.850310307801337 ], [ -61.105471750963346, -12.850579802386571 ], [ -61.105741245548586, -12.850579802386573 ], [ -61.105741245548586, -12.85031030780134 ] ] ], [ [ [ -61.105471750963346, -12.850040813216101 ], [ -61.105202256378114, -12.850040813216108 ], [ -61.105202256378114, -12.85031030780134 ], [ -61.105471750963346, -12.850310307801337 ], [ -61.105471750963346, -12.850040813216101 ] ] ], [ [ [ -61.101159837599567, -12.845998394437567 ], [ -61.101159837599567, -12.846267889022798 ], [ -61.100890343014335, -12.846267889022799 ], [ -61.100890343014335, -12.846537383608043 ], [ -61.101159837599567, -12.846537383608034 ], [ -61.101159837599567, -12.847076372778515 ], [ -61.101429332184807, -12.847076372778508 ], [ -61.101429332184807, -12.847345867363741 ], [ -61.10169882677004, -12.847345867363753 ], [ -61.10169882677004, -12.847615361948984 ], [ -61.101429332184807, -12.847615361948977 ], [ -61.101429332184807, -12.847884856534213 ], [ -61.10169882677004, -12.847884856534222 ], [ -61.10169882677004, -12.848154351119458 ], [ -61.101429332184807, -12.848154351119451 ], [ -61.101429332184807, -12.848423845704684 ], [ -61.101159837599567, -12.848423845704685 ], [ -61.101159837599567, -12.848693340289932 ], [ -61.100890343014335, -12.848693340289925 ], [ -61.100890343014335, -12.848962834875165 ], [ -61.100620848429095, -12.848962834875167 ], [ -61.100620848429095, -12.850040813216097 ], [ -61.100890343014335, -12.850040813216095 ], [ -61.100890343014335, -12.850849296971807 ], [ -61.101159837599567, -12.850849296971822 ], [ -61.101159837599567, -12.851388286142283 ], [ -61.10169882677004, -12.851388286142283 ], [ -61.10169882677004, -12.851657780727511 ], [ -61.10196832135528, -12.85165778072753 ], [ -61.10196832135528, -12.851388286142296 ], [ -61.102237815940512, -12.851388286142285 ], [ -61.102237815940512, -12.851927275312747 ], [ -61.102776805110985, -12.851927275312764 ], [ -61.102776805110985, -12.85246626448323 ], [ -61.103315794281457, -12.852466264483221 ], [ -61.103315794281457, -12.852196769898001 ], [ -61.103585288866697, -12.852196769897994 ], [ -61.103585288866697, -12.851657780727518 ], [ -61.103854783451929, -12.851657780727527 ], [ -61.103854783451929, -12.851118791557049 ], [ -61.104124278037169, -12.851118791557045 ], [ -61.104124278037169, -12.850849296971816 ], [ -61.104393772622402, -12.850849296971813 ], [ -61.104393772622402, -12.850579802386576 ], [ -61.104663267207641, -12.850579802386585 ], [ -61.104663267207641, -12.850310307801344 ], [ -61.104932761792874, -12.85031030780134 ], [ -61.104932761792874, -12.850040813216102 ], [ -61.105202256378114, -12.850040813216108 ], [ -61.105202256378114, -12.84950182404563 ], [ -61.105471750963346, -12.849501824045628 ], [ -61.105471750963346, -12.848693340289934 ], [ -61.105202256378114, -12.84869334028993 ], [ -61.105202256378114, -12.848423845704685 ], [ -61.104932761792874, -12.848423845704684 ], [ -61.104932761792874, -12.848154351119465 ], [ -61.105202256378114, -12.848154351119451 ], [ -61.105202256378114, -12.847615361948973 ], [ -61.104932761792874, -12.847615361948993 ], [ -61.104932761792874, -12.847345867363755 ], [ -61.104663267207641, -12.84734586736375 ], [ -61.104663267207641, -12.847076372778513 ], [ -61.103315794281457, -12.847076372778508 ], [ -61.103315794281457, -12.847345867363746 ], [ -61.10196832135528, -12.847345867363748 ], [ -61.10196832135528, -12.84680687819327 ], [ -61.102237815940512, -12.846806878193272 ], [ -61.102237815940512, -12.846267889022801 ], [ -61.102507310525752, -12.846267889022796 ], [ -61.102507310525752, -12.845998394437567 ], [ -61.102776805110985, -12.845998394437574 ], [ -61.102776805110985, -12.845189910681864 ], [ -61.102507310525752, -12.845189910681858 ], [ -61.102507310525752, -12.845459405267098 ], [ -61.102237815940512, -12.845459405267098 ], [ -61.102237815940512, -12.845728899852324 ], [ -61.10169882677004, -12.845728899852336 ], [ -61.10169882677004, -12.845998394437567 ], [ -61.101159837599567, -12.845998394437567 ] ] ], [ [ [ -61.104932761792874, -12.845189910681867 ], [ -61.104663267207641, -12.845189910681851 ], [ -61.104663267207641, -12.845459405267095 ], [ -61.104932761792874, -12.845459405267095 ], [ -61.104932761792874, -12.84599839443757 ], [ -61.105202256378114, -12.845998394437567 ], [ -61.105202256378114, -12.84572889985234 ], [ -61.105741245548586, -12.845728899852324 ], [ -61.105741245548586, -12.845189910681862 ], [ -61.106280234719058, -12.845189910681867 ], [ -61.106280234719058, -12.844650921511381 ], [ -61.106549729304291, -12.844650921511388 ], [ -61.106549729304291, -12.844381426926152 ], [ -61.106280234719058, -12.844381426926146 ], [ -61.106280234719058, -12.843842437755681 ], [ -61.106010740133819, -12.843842437755686 ], [ -61.106010740133819, -12.844111932340908 ], [ -61.105741245548586, -12.844111932340907 ], [ -61.105741245548586, -12.843842437755681 ], [ -61.105471750963346, -12.843842437755681 ], [ -61.105471750963346, -12.844381426926146 ], [ -61.104932761792874, -12.84438142692616 ], [ -61.104932761792874, -12.845189910681867 ] ] ], [ [ [ -61.106819223889531, -12.83387113810195 ], [ -61.106549729304291, -12.83387113810196 ], [ -61.106549729304291, -12.834140632687193 ], [ -61.106280234719058, -12.834140632687193 ], [ -61.106280234719058, -12.834410127272426 ], [ -61.106010740133819, -12.834410127272424 ], [ -61.106010740133819, -12.836835578539549 ], [ -61.106280234719058, -12.83683557853956 ], [ -61.106280234719058, -12.837374567710022 ], [ -61.106549729304291, -12.837374567710022 ], [ -61.106549729304291, -12.838452546050966 ], [ -61.106280234719058, -12.838452546050972 ], [ -61.106280234719058, -12.838991535221437 ], [ -61.106010740133819, -12.838991535221428 ], [ -61.106010740133819, -12.839800018977144 ], [ -61.106280234719058, -12.839800018977137 ], [ -61.106280234719058, -12.840069513562378 ], [ -61.106549729304291, -12.840069513562376 ], [ -61.106549729304291, -12.840339008147623 ], [ -61.106819223889531, -12.840339008147605 ], [ -61.106819223889531, -12.840608502732852 ], [ -61.106549729304291, -12.840608502732858 ], [ -61.106549729304291, -12.841147491903325 ], [ -61.106010740133819, -12.841147491903325 ], [ -61.106010740133819, -12.841416986488561 ], [ -61.106280234719058, -12.841416986488554 ], [ -61.106280234719058, -12.841955975659024 ], [ -61.106819223889531, -12.841955975659024 ], [ -61.106819223889531, -12.842225470244269 ], [ -61.107088718474763, -12.842225470244269 ], [ -61.107088718474763, -12.842494964829505 ], [ -61.107358213060003, -12.842494964829497 ], [ -61.107358213060003, -12.844381426926148 ], [ -61.107627707645236, -12.84438142692615 ], [ -61.107627707645236, -12.842764459414733 ], [ -61.107897202230461, -12.842764459414731 ], [ -61.107897202230461, -12.842494964829491 ], [ -61.107627707645236, -12.842494964829504 ], [ -61.107627707645236, -12.842225470244262 ], [ -61.107897202230461, -12.842225470244257 ], [ -61.107897202230461, -12.841955975659022 ], [ -61.107627707645236, -12.841955975659021 ], [ -61.107627707645236, -12.840069513562383 ], [ -61.107897202230461, -12.840069513562371 ], [ -61.107897202230461, -12.839530524391902 ], [ -61.108166696815708, -12.839530524391908 ], [ -61.108166696815708, -12.834949116442903 ], [ -61.108436191400934, -12.834949116442891 ], [ -61.108436191400934, -12.833062654346239 ], [ -61.108166696815708, -12.833062654346239 ], [ -61.108166696815708, -12.832793159761009 ], [ -61.107897202230461, -12.832793159761003 ], [ -61.107897202230461, -12.833062654346239 ], [ -61.107627707645236, -12.833062654346248 ], [ -61.107627707645236, -12.833332148931476 ], [ -61.107358213060003, -12.833332148931479 ], [ -61.107358213060003, -12.833601643516724 ], [ -61.106819223889531, -12.833601643516714 ], [ -61.106819223889531, -12.83387113810195 ] ] ], [ [ [ -61.107897202230461, -12.8319846760053 ], [ -61.107897202230461, -12.831445686834828 ], [ -61.107627707645236, -12.831445686834821 ], [ -61.107627707645236, -12.831984676005307 ], [ -61.107897202230461, -12.8319846760053 ] ] ], [ [ [ -61.107627707645236, -12.831176192249593 ], [ -61.107358213060003, -12.831176192249597 ], [ -61.107358213060003, -12.831445686834835 ], [ -61.107627707645236, -12.831445686834821 ], [ -61.107627707645236, -12.831176192249593 ] ] ], [ [ [ -61.106819223889531, -12.83090669766435 ], [ -61.107088718474763, -12.830906697664348 ], [ -61.107088718474763, -12.831176192249588 ], [ -61.107358213060003, -12.831176192249597 ], [ -61.107358213060003, -12.830637203079119 ], [ -61.106819223889531, -12.830637203079123 ], [ -61.106819223889531, -12.83090669766435 ] ] ], [ [ [ -61.106280234719058, -12.830367708493888 ], [ -61.106280234719058, -12.830637203079128 ], [ -61.106819223889531, -12.830637203079123 ], [ -61.106819223889531, -12.83009821390864 ], [ -61.106549729304291, -12.830098213908659 ], [ -61.106549729304291, -12.829828719323416 ], [ -61.106280234719058, -12.829828719323423 ], [ -61.106280234719058, -12.829559224738183 ], [ -61.106010740133819, -12.829559224738176 ], [ -61.106010740133819, -12.829289730152945 ], [ -61.105741245548586, -12.829289730152947 ], [ -61.105741245548586, -12.829020235567711 ], [ -61.105471750963346, -12.829020235567706 ], [ -61.105471750963346, -12.829559224738178 ], [ -61.105741245548586, -12.829559224738176 ], [ -61.105741245548586, -12.830098213908645 ], [ -61.106010740133819, -12.830098213908641 ], [ -61.106010740133819, -12.830367708493894 ], [ -61.106280234719058, -12.830367708493888 ] ] ], [ [ [ -61.107897202230461, -12.828750740982475 ], [ -61.107627707645236, -12.828750740982475 ], [ -61.107627707645236, -12.828481246397232 ], [ -61.107088718474763, -12.828481246397244 ], [ -61.107088718474763, -12.829020235567707 ], [ -61.107627707645236, -12.829020235567723 ], [ -61.107627707645236, -12.829559224738183 ], [ -61.108166696815708, -12.829559224738178 ], [ -61.108166696815708, -12.829020235567699 ], [ -61.107897202230461, -12.829020235567711 ], [ -61.107897202230461, -12.828750740982475 ] ] ], [ [ [ -61.105471750963346, -12.828750740982475 ], [ -61.105202256378114, -12.828750740982482 ], [ -61.105202256378114, -12.829020235567716 ], [ -61.105471750963346, -12.829020235567706 ], [ -61.105471750963346, -12.828750740982475 ] ] ], [ [ [ -61.105202256378114, -12.828750740982482 ], [ -61.105202256378114, -12.828481246397242 ], [ -61.104932761792874, -12.828481246397246 ], [ -61.104932761792874, -12.828750740982464 ], [ -61.105202256378114, -12.828750740982482 ] ] ], [ [ [ -61.106549729304291, -12.828481246397235 ], [ -61.107088718474763, -12.828481246397244 ], [ -61.107088718474763, -12.828211751811995 ], [ -61.106819223889531, -12.828211751811995 ], [ -61.106819223889531, -12.827942257226757 ], [ -61.106549729304291, -12.827942257226766 ], [ -61.106549729304291, -12.828481246397235 ] ] ], [ [ [ -61.105202256378114, -12.827672762641527 ], [ -61.105471750963346, -12.827672762641527 ], [ -61.105471750963346, -12.827403268056294 ], [ -61.104932761792874, -12.827403268056294 ], [ -61.104932761792874, -12.827672762641534 ], [ -61.104663267207641, -12.827672762641535 ], [ -61.104663267207641, -12.828481246397246 ], [ -61.104932761792874, -12.828481246397246 ], [ -61.104932761792874, -12.827942257226763 ], [ -61.105202256378114, -12.827942257226759 ], [ -61.105202256378114, -12.827672762641527 ] ] ], [ [ [ -61.106819223889531, -12.823630343862989 ], [ -61.106819223889531, -12.823899838448231 ], [ -61.107088718474763, -12.823899838448218 ], [ -61.107088718474763, -12.823630343862988 ], [ -61.107358213060003, -12.823630343862995 ], [ -61.107358213060003, -12.823899838448224 ], [ -61.107627707645236, -12.823899838448234 ], [ -61.107627707645236, -12.823630343862993 ], [ -61.108166696815708, -12.823630343862995 ], [ -61.108166696815708, -12.823091354692522 ], [ -61.108436191400934, -12.82309135469252 ], [ -61.108436191400934, -12.822821860107283 ], [ -61.107897202230461, -12.822821860107284 ], [ -61.107897202230461, -12.822282870936807 ], [ -61.106280234719058, -12.822282870936803 ], [ -61.106280234719058, -12.822552365522057 ], [ -61.106010740133819, -12.822552365522052 ], [ -61.106010740133819, -12.82309135469251 ], [ -61.106280234719058, -12.823091354692529 ], [ -61.106280234719058, -12.823630343863 ], [ -61.106819223889531, -12.823630343862989 ] ] ], [ [ [ -61.105471750963346, -12.821204892595871 ], [ -61.105202256378114, -12.82120489259586 ], [ -61.105202256378114, -12.821474387181109 ], [ -61.105471750963346, -12.821474387181107 ], [ -61.105471750963346, -12.821204892595871 ] ] ], [ [ [ -61.105741245548586, -12.820935398010631 ], [ -61.105471750963346, -12.820935398010631 ], [ -61.105471750963346, -12.821204892595871 ], [ -61.105741245548586, -12.821204892595871 ], [ -61.105741245548586, -12.820935398010631 ] ] ], [ [ [ -61.106010740133819, -12.820935398010622 ], [ -61.106010740133819, -12.820665903425397 ], [ -61.105741245548586, -12.820665903425397 ], [ -61.105741245548586, -12.820935398010631 ], [ -61.106010740133819, -12.820935398010622 ] ] ], [ [ [ -61.103854783451929, -12.797489369095112 ], [ -61.103585288866697, -12.797489369095107 ], [ -61.103585288866697, -12.797758863680354 ], [ -61.103854783451929, -12.797758863680343 ], [ -61.103854783451929, -12.797489369095112 ] ] ], [ [ [ -61.103854783451929, -12.796950379924642 ], [ -61.103585288866697, -12.796950379924642 ], [ -61.103585288866697, -12.797219874509882 ], [ -61.103854783451929, -12.797219874509883 ], [ -61.103854783451929, -12.797489369095112 ], [ -61.104124278037169, -12.797489369095111 ], [ -61.104124278037169, -12.796950379924642 ], [ -61.104932761792874, -12.796950379924638 ], [ -61.104932761792874, -12.796680885339406 ], [ -61.105471750963346, -12.796680885339415 ], [ -61.105471750963346, -12.795872401583699 ], [ -61.104663267207641, -12.795872401583701 ], [ -61.104663267207641, -12.796141896168928 ], [ -61.103854783451929, -12.796141896168926 ], [ -61.103854783451929, -12.796411390754162 ], [ -61.103585288866697, -12.796411390754169 ], [ -61.103585288866697, -12.796680885339404 ], [ -61.103854783451929, -12.796680885339399 ], [ -61.103854783451929, -12.796950379924642 ] ] ], [ [ [ -61.103854783451929, -12.796141896168926 ], [ -61.103854783451929, -12.795872401583695 ], [ -61.103585288866697, -12.795872401583692 ], [ -61.103585288866697, -12.796141896168939 ], [ -61.103854783451929, -12.796141896168926 ] ] ], [ [ [ -61.103585288866697, -12.79398593948704 ], [ -61.103315794281457, -12.793985939487047 ], [ -61.103315794281457, -12.794524928657525 ], [ -61.103585288866697, -12.79452492865752 ], [ -61.103585288866697, -12.79398593948704 ] ] ], [ [ [ -61.103585288866697, -12.788326553197084 ], [ -61.103315794281457, -12.7883265531971 ], [ -61.103315794281457, -12.788596047782326 ], [ -61.103046299696224, -12.788596047782329 ], [ -61.103046299696224, -12.790752004464222 ], [ -61.103315794281457, -12.790752004464215 ], [ -61.103315794281457, -12.7912909936347 ], [ -61.103585288866697, -12.791290993634693 ], [ -61.103585288866697, -12.79398593948704 ], [ -61.103854783451929, -12.793985939487044 ], [ -61.103854783451929, -12.793446950316572 ], [ -61.104124278037169, -12.793446950316568 ], [ -61.104124278037169, -12.79290796114611 ], [ -61.104663267207641, -12.792907961146094 ], [ -61.104663267207641, -12.792638466560868 ], [ -61.104932761792874, -12.792638466560868 ], [ -61.104932761792874, -12.792907961146096 ], [ -61.105471750963346, -12.792907961146101 ], [ -61.105471750963346, -12.79344695031657 ], [ -61.106549729304291, -12.793446950316573 ], [ -61.106549729304291, -12.793177455731328 ], [ -61.107088718474763, -12.793177455731337 ], [ -61.107088718474763, -12.792638466560868 ], [ -61.107358213060003, -12.79263846656087 ], [ -61.107358213060003, -12.792368971975627 ], [ -61.107088718474763, -12.792368971975627 ], [ -61.107088718474763, -12.792099477390391 ], [ -61.107358213060003, -12.792099477390403 ], [ -61.107358213060003, -12.791829982805165 ], [ -61.107088718474763, -12.791829982805156 ], [ -61.107088718474763, -12.791560488219924 ], [ -61.106819223889531, -12.791560488219933 ], [ -61.106819223889531, -12.791290993634693 ], [ -61.105202256378114, -12.791290993634686 ], [ -61.105202256378114, -12.790213015293737 ], [ -61.105471750963346, -12.79021301529375 ], [ -61.105471750963346, -12.789943520708508 ], [ -61.105202256378114, -12.789943520708503 ], [ -61.105202256378114, -12.789674026123274 ], [ -61.105471750963346, -12.789674026123283 ], [ -61.105471750963346, -12.789404531538031 ], [ -61.105202256378114, -12.789404531538027 ], [ -61.105202256378114, -12.789135036952811 ], [ -61.105471750963346, -12.7891350369528 ], [ -61.105471750963346, -12.788865542367571 ], [ -61.105202256378114, -12.788865542367574 ], [ -61.105202256378114, -12.788596047782328 ], [ -61.105471750963346, -12.788596047782335 ], [ -61.105471750963346, -12.788326553197098 ], [ -61.104932761792874, -12.788326553197098 ], [ -61.104932761792874, -12.78778756402663 ], [ -61.104663267207641, -12.787787564026624 ], [ -61.104663267207641, -12.788057058611853 ], [ -61.104393772622402, -12.78805705861186 ], [ -61.104393772622402, -12.787787564026626 ], [ -61.104124278037169, -12.787787564026614 ], [ -61.104124278037169, -12.788057058611869 ], [ -61.103585288866697, -12.788057058611853 ], [ -61.103585288866697, -12.788326553197084 ] ] ], [ [ [ -61.103315794281457, -12.782936661492375 ], [ -61.103315794281457, -12.784014639833329 ], [ -61.103585288866697, -12.784014639833316 ], [ -61.103585288866697, -12.784284134418549 ], [ -61.103854783451929, -12.784284134418556 ], [ -61.103854783451929, -12.784014639833314 ], [ -61.104124278037169, -12.784014639833325 ], [ -61.104124278037169, -12.783475650662846 ], [ -61.104393772622402, -12.783475650662851 ], [ -61.104393772622402, -12.782936661492382 ], [ -61.104663267207641, -12.78293666149238 ], [ -61.104663267207641, -12.782397672321899 ], [ -61.104932761792874, -12.782397672321901 ], [ -61.104932761792874, -12.781858683151437 ], [ -61.104663267207641, -12.78185868315143 ], [ -61.104663267207641, -12.782128177736672 ], [ -61.104124278037169, -12.782128177736677 ], [ -61.104124278037169, -12.782397672321911 ], [ -61.103585288866697, -12.782397672321911 ], [ -61.103585288866697, -12.782936661492377 ], [ -61.103315794281457, -12.782936661492375 ] ] ], [ [ [ -61.100620848429095, -12.888309044319593 ], [ -61.100620848429095, -12.888039549734366 ], [ -61.100081859258623, -12.888039549734367 ], [ -61.100081859258623, -12.888309044319602 ], [ -61.100620848429095, -12.888309044319593 ] ] ], [ [ [ -61.100890343014335, -12.887500560563884 ], [ -61.100890343014335, -12.887770055149122 ], [ -61.100620848429095, -12.887770055149128 ], [ -61.100620848429095, -12.888039549734366 ], [ -61.101159837599567, -12.888039549734366 ], [ -61.101159837599567, -12.887500560563886 ], [ -61.100890343014335, -12.887500560563884 ] ] ], [ [ [ -61.066125541518915, -12.878337744665872 ], [ -61.066125541518915, -12.878068250080625 ], [ -61.06639503610414, -12.878068250080634 ], [ -61.06639503610414, -12.877798755495389 ], [ -61.066664530689387, -12.877798755495396 ], [ -61.066664530689387, -12.87752926091016 ], [ -61.06639503610414, -12.87752926091016 ], [ -61.06639503610414, -12.876990271739691 ], [ -61.066125541518915, -12.876990271739691 ], [ -61.066125541518915, -12.876720777154453 ], [ -61.065856046933668, -12.876720777154455 ], [ -61.065856046933668, -12.876451282569217 ], [ -61.065586552348442, -12.876451282569214 ], [ -61.065586552348442, -12.876720777154455 ], [ -61.065317057763195, -12.876720777154446 ], [ -61.065317057763195, -12.876451282569219 ], [ -61.06504756317797, -12.876451282569212 ], [ -61.06504756317797, -12.876181787983985 ], [ -61.064508574007498, -12.876181787983988 ], [ -61.064508574007498, -12.875912293398752 ], [ -61.06289160649608, -12.875912293398756 ], [ -61.06289160649608, -12.878068250080625 ], [ -61.063161101081306, -12.878068250080629 ], [ -61.063161101081306, -12.878607239251108 ], [ -61.063430595666553, -12.878607239251103 ], [ -61.063430595667747, -12.87886068612899 ], [ -61.06477806859769, -12.878777102367746 ], [ -61.064778068592723, -12.878607239251103 ], [ -61.06504756317797, -12.878607239251108 ], [ -61.06504756317797, -12.878337744665878 ], [ -61.065317057763195, -12.878337744665865 ], [ -61.065317057763195, -12.8786072392511 ], [ -61.065586552348442, -12.878607239251108 ], [ -61.065586552348442, -12.878337744665874 ], [ -61.066125541518915, -12.878337744665872 ] ] ], [ [ [ -61.101159837599567, -12.8777987554954 ], [ -61.101429332184807, -12.877798755495396 ], [ -61.101429332184807, -12.877529260910162 ], [ -61.10196832135528, -12.877529260910173 ], [ -61.10196832135528, -12.876990271739698 ], [ -61.102507310525752, -12.876990271739691 ], [ -61.102507310525752, -12.876720777154455 ], [ -61.10169882677004, -12.876720777154455 ], [ -61.10169882677004, -12.876451282569214 ], [ -61.101429332184807, -12.876451282569221 ], [ -61.101429332184807, -12.876720777154453 ], [ -61.101159837599567, -12.876720777154464 ], [ -61.101159837599567, -12.8769902717397 ], [ -61.100890343014335, -12.876990271739697 ], [ -61.100890343014335, -12.877259766324922 ], [ -61.101159837599567, -12.877259766324928 ], [ -61.101159837599567, -12.8777987554954 ] ] ], [ [ [ -61.102507310525752, -12.897202365632383 ], [ -61.102776805110985, -12.897202365632387 ], [ -61.102776805110985, -12.896663376461907 ], [ -61.103046299696224, -12.896663376461905 ], [ -61.103046299696224, -12.89612438729144 ], [ -61.102776805110985, -12.896124387291437 ], [ -61.102776805110985, -12.895585398120973 ], [ -61.102507310525752, -12.895585398120971 ], [ -61.102507310525752, -12.895315903535721 ], [ -61.102237815940512, -12.89531590353573 ], [ -61.102237815940512, -12.894776914365252 ], [ -61.10196832135528, -12.894776914365254 ], [ -61.10196832135528, -12.894507419780016 ], [ -61.10169882677004, -12.894507419780016 ], [ -61.10169882677004, -12.894237925194778 ], [ -61.101159837599567, -12.894237925194785 ], [ -61.101159837599567, -12.893968430609558 ], [ -61.100890343014335, -12.893968430609542 ], [ -61.100890343014335, -12.893698936024318 ], [ -61.100351353843863, -12.89369893602432 ], [ -61.100351353843863, -12.893159946853848 ], [ -61.09981236467339, -12.893159946853848 ], [ -61.09981236467339, -12.892890452268601 ], [ -61.100081859258623, -12.892890452268597 ], [ -61.100081859258623, -12.892620957683375 ], [ -61.09981236467339, -12.892620957683377 ], [ -61.09981236467339, -12.892351463098125 ], [ -61.100081859258623, -12.892351463098139 ], [ -61.100081859258623, -12.892081968512892 ], [ -61.100351353843863, -12.892081968512892 ], [ -61.100351353843863, -12.891542979342418 ], [ -61.100890343014335, -12.891542979342423 ], [ -61.100890343014335, -12.8912734847572 ], [ -61.101159837599567, -12.891273484757194 ], [ -61.101159837599567, -12.891003990171964 ], [ -61.101429332184807, -12.89100399017196 ], [ -61.101429332184807, -12.891273484757185 ], [ -61.102507310525752, -12.8912734847572 ], [ -61.102507310525752, -12.891003990171962 ], [ -61.102776805110985, -12.891003990171958 ], [ -61.102776805110985, -12.889117528075298 ], [ -61.102507310525752, -12.889117528075316 ], [ -61.102507310525752, -12.888848033490069 ], [ -61.10196832135528, -12.888848033490069 ], [ -61.10196832135528, -12.889117528075312 ], [ -61.101429332184807, -12.8891175280753 ], [ -61.101429332184807, -12.889387022660543 ], [ -61.100890343014335, -12.889387022660541 ], [ -61.100890343014335, -12.889656517245783 ], [ -61.100351353843863, -12.889656517245776 ], [ -61.100351353843863, -12.88992601183101 ], [ -61.100081859258623, -12.889926011831015 ], [ -61.100081859258623, -12.890195506416239 ], [ -61.099273375502918, -12.890195506416251 ], [ -61.099273375502918, -12.889926011831019 ], [ -61.099003880917678, -12.889926011831006 ], [ -61.099003880917678, -12.889656517245779 ], [ -61.098734386332445, -12.889656517245777 ], [ -61.098734386332445, -12.889387022660534 ], [ -61.098464891747213, -12.889387022660546 ], [ -61.098464891747213, -12.888848033490071 ], [ -61.098734386332445, -12.888848033490065 ], [ -61.098734386332445, -12.888578538904842 ], [ -61.100081859258623, -12.888578538904845 ], [ -61.100081859258623, -12.888309044319602 ], [ -61.099003880917678, -12.888309044319602 ], [ -61.099003880917678, -12.888039549734367 ], [ -61.098464891747213, -12.88803954973436 ], [ -61.098464891747213, -12.887770055149122 ], [ -61.098195397161973, -12.887770055149129 ], [ -61.098195397161973, -12.887500560563899 ], [ -61.09792590257674, -12.887500560563884 ], [ -61.09792590257674, -12.886692076808188 ], [ -61.098464891747213, -12.886692076808187 ], [ -61.098464891747213, -12.886422582222936 ], [ -61.099273375502918, -12.886422582222947 ], [ -61.099273375502918, -12.886153087637707 ], [ -61.09954287008815, -12.886153087637711 ], [ -61.09954287008815, -12.886422582222949 ], [ -61.100081859258623, -12.886422582222941 ], [ -61.100081859258623, -12.886692076808188 ], [ -61.100620848429095, -12.886692076808188 ], [ -61.100620848429095, -12.886961571393417 ], [ -61.100890343014335, -12.886961571393414 ], [ -61.100890343014335, -12.887231065978654 ], [ -61.101159837599567, -12.887231065978655 ], [ -61.101159837599567, -12.887500560563886 ], [ -61.10169882677004, -12.887500560563888 ], [ -61.10169882677004, -12.887231065978659 ], [ -61.102237815940512, -12.887231065978662 ], [ -61.102237815940512, -12.886961571393403 ], [ -61.102507310525752, -12.886961571393412 ], [ -61.102507310525752, -12.886422582222952 ], [ -61.102776805110985, -12.886422582222947 ], [ -61.102776805110985, -12.885614098467235 ], [ -61.102507310525752, -12.885614098467231 ], [ -61.102507310525752, -12.885075109296761 ], [ -61.102237815940512, -12.885075109296773 ], [ -61.102237815940512, -12.88480561471153 ], [ -61.102507310525752, -12.884805614711524 ], [ -61.102507310525752, -12.884536120126295 ], [ -61.102237815940512, -12.884536120126292 ], [ -61.102237815940512, -12.884266625541057 ], [ -61.102507310525752, -12.884266625541054 ], [ -61.102507310525752, -12.883458141785351 ], [ -61.102237815940512, -12.883458141785351 ], [ -61.102237815940512, -12.882919152614875 ], [ -61.10196832135528, -12.88291915261488 ], [ -61.10196832135528, -12.882649658029637 ], [ -61.10169882677004, -12.882649658029651 ], [ -61.10169882677004, -12.882380163444415 ], [ -61.101429332184807, -12.882380163444401 ], [ -61.101429332184807, -12.882110668859166 ], [ -61.101159837599567, -12.882110668859168 ], [ -61.101159837599567, -12.881302185103465 ], [ -61.10169882677004, -12.881302185103459 ], [ -61.10169882677004, -12.881032690518223 ], [ -61.102776805110985, -12.881032690518234 ], [ -61.102776805110985, -12.880763195932991 ], [ -61.103315794281457, -12.880763195932985 ], [ -61.103315794281457, -12.880224206762511 ], [ -61.103585288866697, -12.880224206762529 ], [ -61.103585288866697, -12.87914622842157 ], [ -61.103854783451929, -12.879146228421574 ], [ -61.103854783451929, -12.877259766324917 ], [ -61.103585288866697, -12.877259766324928 ], [ -61.103585288866697, -12.876990271739681 ], [ -61.103854783451929, -12.876990271739684 ], [ -61.103854783451929, -12.876720777154446 ], [ -61.103585288866697, -12.876720777154461 ], [ -61.103585288866697, -12.876451282569215 ], [ -61.103854783451929, -12.876451282569215 ], [ -61.103854783451929, -12.876181787983988 ], [ -61.103585288866697, -12.876181787983976 ], [ -61.103585288866697, -12.875912293398747 ], [ -61.103854783451929, -12.875912293398756 ], [ -61.103854783451929, -12.875642798813512 ], [ -61.103585288866697, -12.875642798813507 ], [ -61.103585288866697, -12.875373304228274 ], [ -61.103854783451929, -12.875373304228278 ], [ -61.103854783451929, -12.874564820472576 ], [ -61.104124278037169, -12.874564820472575 ], [ -61.104124278037169, -12.872947852961156 ], [ -61.104393772622402, -12.872947852961149 ], [ -61.104393772622402, -12.871061390864504 ], [ -61.104663267207641, -12.871061390864508 ], [ -61.104663267207641, -12.869174928767841 ], [ -61.104393772622402, -12.869174928767858 ], [ -61.104393772622402, -12.866210488330248 ], [ -61.104663267207641, -12.866210488330248 ], [ -61.104663267207641, -12.86594099374501 ], [ -61.104393772622402, -12.86594099374501 ], [ -61.104393772622402, -12.865402004574554 ], [ -61.104124278037169, -12.865402004574547 ], [ -61.104124278037169, -12.864054531648378 ], [ -61.103854783451929, -12.864054531648369 ], [ -61.103854783451929, -12.863515542477908 ], [ -61.103585288866697, -12.863515542477902 ], [ -61.103585288866697, -12.86297655330743 ], [ -61.103315794281457, -12.862976553307423 ], [ -61.103315794281457, -12.859742618284601 ], [ -61.103854783451929, -12.859742618284606 ], [ -61.103854783451929, -12.860012112869841 ], [ -61.104124278037169, -12.860012112869832 ], [ -61.104124278037169, -12.86028160745507 ], [ -61.104393772622402, -12.860281607455077 ], [ -61.104393772622402, -12.860551102040299 ], [ -61.104932761792874, -12.860551102040301 ], [ -61.104932761792874, -12.860281607455072 ], [ -61.104663267207641, -12.860281607455063 ], [ -61.104663267207641, -12.859742618284594 ], [ -61.104393772622402, -12.85974261828459 ], [ -61.104393772622402, -12.859473123699358 ], [ -61.103854783451929, -12.85947312369937 ], [ -61.103854783451929, -12.859203629114129 ], [ -61.103585288866697, -12.859203629114131 ], [ -61.103585288866697, -12.858934134528882 ], [ -61.103315794281457, -12.858934134528882 ], [ -61.103315794281457, -12.858664639943656 ], [ -61.103046299696224, -12.858664639943646 ], [ -61.103046299696224, -12.858395145358424 ], [ -61.102776805110985, -12.85839514535842 ], [ -61.102776805110985, -12.857047672432241 ], [ -61.103046299696224, -12.857047672432236 ], [ -61.103046299696224, -12.856778177847007 ], [ -61.103315794281457, -12.856778177847001 ], [ -61.103315794281457, -12.856508683261772 ], [ -61.103585288866697, -12.856508683261758 ], [ -61.103585288866697, -12.856239188676527 ], [ -61.103854783451929, -12.856239188676529 ], [ -61.103854783451929, -12.85650868326176 ], [ -61.104393772622402, -12.856508683261769 ], [ -61.104393772622402, -12.857047672432241 ], [ -61.104932761792874, -12.857047672432243 ], [ -61.104932761792874, -12.857317167017472 ], [ -61.105202256378114, -12.857317167017465 ], [ -61.105202256378114, -12.857586661602701 ], [ -61.105741245548586, -12.857586661602701 ], [ -61.105741245548586, -12.857317167017474 ], [ -61.106010740133819, -12.857317167017474 ], [ -61.106010740133819, -12.856508683261763 ], [ -61.105741245548586, -12.856508683261767 ], [ -61.105741245548586, -12.856778177847003 ], [ -61.104932761792874, -12.856778177847003 ], [ -61.104932761792874, -12.856508683261767 ], [ -61.104663267207641, -12.856508683261758 ], [ -61.104663267207641, -12.855969694091298 ], [ -61.104393772622402, -12.855969694091289 ], [ -61.104393772622402, -12.855700199506055 ], [ -61.104663267207641, -12.85570019950606 ], [ -61.104663267207641, -12.855161210335588 ], [ -61.104932761792874, -12.85516121033559 ], [ -61.104932761792874, -12.854622221165116 ], [ -61.105202256378114, -12.854622221165116 ], [ -61.105202256378114, -12.854083231994636 ], [ -61.104932761792874, -12.854083231994634 ], [ -61.104932761792874, -12.854352726579876 ], [ -61.104663267207641, -12.854352726579878 ], [ -61.104663267207641, -12.854622221165121 ], [ -61.104393772622402, -12.854622221165119 ], [ -61.104393772622402, -12.854891715750341 ], [ -61.104124278037169, -12.854891715750353 ], [ -61.104124278037169, -12.855161210335588 ], [ -61.102776805110985, -12.855161210335579 ], [ -61.102776805110985, -12.854891715750357 ], [ -61.102237815940512, -12.854891715750353 ], [ -61.102237815940512, -12.854352726579886 ], [ -61.10169882677004, -12.854352726579883 ], [ -61.10169882677004, -12.854083231994647 ], [ -61.101429332184807, -12.854083231994643 ], [ -61.101429332184807, -12.853813737409396 ], [ -61.100351353843863, -12.853813737409405 ], [ -61.100351353843863, -12.85408323199465 ], [ -61.100081859258623, -12.85408323199465 ], [ -61.100081859258623, -12.854352726579883 ], [ -61.100351353843863, -12.85435272657987 ], [ -61.100351353843863, -12.854622221165121 ], [ -61.100890343014335, -12.854622221165114 ], [ -61.100890343014335, -12.854891715750343 ], [ -61.101429332184807, -12.854891715750348 ], [ -61.101429332184807, -12.855161210335591 ], [ -61.10169882677004, -12.855161210335588 ], [ -61.10169882677004, -12.855430704920824 ], [ -61.10196832135528, -12.855430704920828 ], [ -61.10196832135528, -12.855700199506053 ], [ -61.102237815940512, -12.855700199506062 ], [ -61.102237815940512, -12.855969694091284 ], [ -61.102507310525752, -12.855969694091304 ], [ -61.102507310525752, -12.856239188676538 ], [ -61.102237815940512, -12.856239188676525 ], [ -61.102237815940512, -12.856508683261765 ], [ -61.102507310525752, -12.856508683261771 ], [ -61.102507310525752, -12.856778177847 ], [ -61.10196832135528, -12.856778177847005 ], [ -61.10196832135528, -12.857317167017465 ], [ -61.10169882677004, -12.85731716701747 ], [ -61.10169882677004, -12.85758666160271 ], [ -61.102237815940512, -12.857586661602717 ], [ -61.102237815940512, -12.858125650773186 ], [ -61.102507310525752, -12.858125650773173 ], [ -61.102507310525752, -12.858664639943651 ], [ -61.102776805110985, -12.858664639943644 ], [ -61.102776805110985, -12.858934134528884 ], [ -61.102507310525752, -12.858934134528887 ], [ -61.102507310525752, -12.859473123699356 ], [ -61.102237815940512, -12.859473123699363 ], [ -61.102237815940512, -12.859742618284589 ], [ -61.10196832135528, -12.859742618284606 ], [ -61.10196832135528, -12.860012112869835 ], [ -61.10169882677004, -12.860012112869835 ], [ -61.10169882677004, -12.859742618284594 ], [ -61.100890343014335, -12.859742618284596 ], [ -61.100890343014335, -12.859203629114115 ], [ -61.100351353843863, -12.859203629114116 ], [ -61.100351353843863, -12.858664639943651 ], [ -61.09981236467339, -12.858664639943646 ], [ -61.09981236467339, -12.85839514535841 ], [ -61.09954287008815, -12.85839514535841 ], [ -61.09954287008815, -12.857856156187948 ], [ -61.099273375502918, -12.857856156187943 ], [ -61.099273375502918, -12.858395145358417 ], [ -61.099003880917678, -12.858395145358424 ], [ -61.099003880917678, -12.859203629114127 ], [ -61.098734386332445, -12.859203629114122 ], [ -61.098734386332445, -12.859473123699361 ], [ -61.099003880917678, -12.859473123699361 ], [ -61.099003880917678, -12.859742618284596 ], [ -61.098734386332445, -12.859742618284606 ], [ -61.098734386332445, -12.862168069551716 ], [ -61.099003880917678, -12.862168069551711 ], [ -61.099003880917678, -12.862437564136961 ], [ -61.099273375502918, -12.862437564136957 ], [ -61.099273375502918, -12.862707058722194 ], [ -61.099003880917678, -12.862707058722192 ], [ -61.099003880917678, -12.862976553307421 ], [ -61.099273375502918, -12.862976553307425 ], [ -61.099273375502918, -12.863246047892659 ], [ -61.099003880917678, -12.863246047892654 ], [ -61.099003880917678, -12.863515542477899 ], [ -61.099273375502918, -12.86351554247789 ], [ -61.099273375502918, -12.863785037063138 ], [ -61.099003880917678, -12.863785037063142 ], [ -61.099003880917678, -12.864054531648367 ], [ -61.099273375502918, -12.864054531648366 ], [ -61.099273375502918, -12.864324026233609 ], [ -61.099003880917678, -12.864324026233611 ], [ -61.099003880917678, -12.864863015404074 ], [ -61.098734386332445, -12.864863015404071 ], [ -61.098734386332445, -12.865402004574559 ], [ -61.098464891747213, -12.865402004574548 ], [ -61.098464891747213, -12.866479982915493 ], [ -61.098195397161973, -12.866479982915482 ], [ -61.098195397161973, -12.867018972085964 ], [ -61.098464891747213, -12.867018972085958 ], [ -61.098464891747213, -12.867557961256427 ], [ -61.098734386332445, -12.867557961256434 ], [ -61.098734386332445, -12.869983412523551 ], [ -61.098464891747213, -12.869983412523561 ], [ -61.098464891747213, -12.87321734754638 ], [ -61.098195397161973, -12.873217347546385 ], [ -61.098195397161973, -12.874834315057807 ], [ -61.098734386332445, -12.8748343150578 ], [ -61.098734386332445, -12.874564820472571 ], [ -61.099003880917678, -12.874564820472566 ], [ -61.099003880917678, -12.875103809643035 ], [ -61.09954287008815, -12.875103809643038 ], [ -61.09954287008815, -12.875642798813509 ], [ -61.09981236467339, -12.875642798813523 ], [ -61.09981236467339, -12.875373304228274 ], [ -61.100081859258623, -12.875373304228273 ], [ -61.100081859258623, -12.875642798813516 ], [ -61.100351353843863, -12.875642798813512 ], [ -61.100351353843863, -12.875103809643038 ], [ -61.100620848429095, -12.875103809643035 ], [ -61.100620848429095, -12.874834315057802 ], [ -61.100890343014335, -12.874834315057795 ], [ -61.100890343014335, -12.874295325887335 ], [ -61.101159837599567, -12.87429532588733 ], [ -61.101159837599567, -12.874834315057807 ], [ -61.101429332184807, -12.874834315057802 ], [ -61.101429332184807, -12.875103809643036 ], [ -61.10169882677004, -12.875103809643045 ], [ -61.10169882677004, -12.87564279881351 ], [ -61.102237815940512, -12.875642798813505 ], [ -61.102237815940512, -12.876181787983979 ], [ -61.10169882677004, -12.876181787983983 ], [ -61.10169882677004, -12.876451282569214 ], [ -61.102776805110985, -12.876451282569223 ], [ -61.102776805110985, -12.87699027173969 ], [ -61.103046299696224, -12.8769902717397 ], [ -61.103046299696224, -12.877529260910173 ], [ -61.102776805110985, -12.877529260910158 ], [ -61.102776805110985, -12.878068250080625 ], [ -61.102507310525752, -12.878068250080629 ], [ -61.102507310525752, -12.878607239251101 ], [ -61.102237815940512, -12.878607239251101 ], [ -61.102237815940512, -12.878876733836332 ], [ -61.100620848429095, -12.878876733836336 ], [ -61.100620848429095, -12.878607239251103 ], [ -61.100351353843863, -12.878607239251103 ], [ -61.100351353843863, -12.876720777154455 ], [ -61.09981236467339, -12.876720777154455 ], [ -61.09981236467339, -12.876451282569215 ], [ -61.09954287008815, -12.876451282569219 ], [ -61.09954287008815, -12.876720777154461 ], [ -61.098734386332445, -12.876720777154455 ], [ -61.098734386332445, -12.876451282569214 ], [ -61.098464891747213, -12.876451282569219 ], [ -61.098464891747213, -12.876720777154453 ], [ -61.098195397161973, -12.87672077715445 ], [ -61.098195397161973, -12.877529260910162 ], [ -61.09792590257674, -12.877529260910155 ], [ -61.09792590257674, -12.878337744665872 ], [ -61.098195397161973, -12.878337744665874 ], [ -61.098195397161973, -12.87860723925111 ], [ -61.09792590257674, -12.878607239251112 ], [ -61.09792590257674, -12.878876733836345 ], [ -61.098195397161973, -12.878876733836341 ], [ -61.098195397161973, -12.879146228421584 ], [ -61.09792590257674, -12.879146228421572 ], [ -61.09792590257674, -12.879415723006813 ], [ -61.098195397161973, -12.87941572300682 ], [ -61.098195397161973, -12.87968521759205 ], [ -61.09792590257674, -12.879685217592042 ], [ -61.09792590257674, -12.879954712177289 ], [ -61.098195397161973, -12.879954712177284 ], [ -61.098195397161973, -12.880224206762522 ], [ -61.09792590257674, -12.88022420676252 ], [ -61.09792590257674, -12.880493701347751 ], [ -61.098195397161973, -12.880493701347763 ], [ -61.098195397161973, -12.880763195932998 ], [ -61.09792590257674, -12.880763195932991 ], [ -61.09792590257674, -12.881032690518223 ], [ -61.098195397161973, -12.881032690518229 ], [ -61.098195397161973, -12.881302185103468 ], [ -61.09792590257674, -12.881302185103468 ], [ -61.09792590257674, -12.881571679688699 ], [ -61.098195397161973, -12.881571679688701 ], [ -61.098195397161973, -12.881841174273942 ], [ -61.09792590257674, -12.881841174273935 ], [ -61.09792590257674, -12.882110668859172 ], [ -61.098195397161973, -12.882110668859175 ], [ -61.098195397161973, -12.882380163444404 ], [ -61.09792590257674, -12.882380163444402 ], [ -61.09792590257674, -12.882919152614878 ], [ -61.097656407991501, -12.882919152614877 ], [ -61.097656407991501, -12.88480561471154 ], [ -61.09792590257674, -12.884805614711523 ], [ -61.09792590257674, -12.885075109296762 ], [ -61.097656407991501, -12.885075109296762 ], [ -61.097656407991501, -12.885344603882009 ], [ -61.09792590257674, -12.885344603882007 ], [ -61.09792590257674, -12.885614098467229 ], [ -61.097656407991501, -12.885614098467235 ], [ -61.097656407991501, -12.888309044319591 ], [ -61.097386913406268, -12.8883090443196 ], [ -61.097386913406268, -12.888578538904827 ], [ -61.096847924235796, -12.888578538904824 ], [ -61.096847924235796, -12.88911752807531 ], [ -61.094961462139139, -12.889117528075301 ], [ -61.094961462139139, -12.889387022660541 ], [ -61.094691967553906, -12.889387022660534 ], [ -61.094691967553906, -12.889656517245779 ], [ -61.094422472968681, -12.889656517245784 ], [ -61.094422472968681, -12.889926011831013 ], [ -61.094691967553906, -12.889926011831019 ], [ -61.094691967553906, -12.890465001001477 ], [ -61.094961462139139, -12.890465001001488 ], [ -61.094961462139139, -12.892620957683363 ], [ -61.094691967553906, -12.892620957683373 ], [ -61.094691967553906, -12.893159946853844 ], [ -61.094422472968681, -12.893159946853846 ], [ -61.094422472968681, -12.893429441439084 ], [ -61.094152978383434, -12.893429441439084 ], [ -61.094152978383434, -12.89369893602432 ], [ -61.093883483798209, -12.893698936024309 ], [ -61.093883483798209, -12.893968430609553 ], [ -61.093613989212962, -12.893968430609556 ], [ -61.093613989212962, -12.894237925194778 ], [ -61.093344494627736, -12.894237925194783 ], [ -61.093344494627736, -12.894507419780025 ], [ -61.093075000042489, -12.89450741978002 ], [ -61.093075000042489, -12.894776914365265 ], [ -61.092805505457264, -12.894776914365256 ], [ -61.092805505457264, -12.89504640895049 ], [ -61.091997021701545, -12.895046408950492 ], [ -61.091997021701545, -12.89531590353573 ], [ -61.091727527116319, -12.895315903535726 ], [ -61.091727527116319, -12.895046408950501 ], [ -61.091458032531072, -12.895046408950499 ], [ -61.091458032531072, -12.895315903535728 ], [ -61.091188537945847, -12.89531590353573 ], [ -61.091188537945847, -12.895046408950487 ], [ -61.0909190433606, -12.895046408950485 ], [ -61.0909190433606, -12.895315903535735 ], [ -61.090110559604902, -12.895315903535726 ], [ -61.090110559604902, -12.895585398120959 ], [ -61.089841065019655, -12.895585398120959 ], [ -61.089841065019655, -12.895315903535725 ], [ -61.08957157043443, -12.895315903535723 ], [ -61.08957157043443, -12.895585398120968 ], [ -61.089302075849183, -12.895585398120973 ], [ -61.089302075849183, -12.895315903535721 ], [ -61.089032581263957, -12.895315903535733 ], [ -61.089032581263957, -12.895585398120959 ], [ -61.088763086678711, -12.895585398120977 ], [ -61.088763086678711, -12.895315903535719 ], [ -61.088493592093485, -12.895315903535719 ], [ -61.088493592093485, -12.895585398120966 ], [ -61.088224097508238, -12.895585398120973 ], [ -61.088224097508238, -12.895315903535723 ], [ -61.087954602923013, -12.895315903535723 ], [ -61.087954602923013, -12.895585398120973 ], [ -61.087685108337766, -12.895585398120966 ], [ -61.087685108337766, -12.895315903535723 ], [ -61.08741561375254, -12.895315903535728 ], [ -61.08741561375254, -12.895585398120973 ], [ -61.079330776195469, -12.895585398120975 ], [ -61.079330776195469, -12.895315903535733 ], [ -61.078791787024997, -12.895315903535728 ], [ -61.078791787024997, -12.89504640895049 ], [ -61.078252797854525, -12.895046408950492 ], [ -61.078252797854525, -12.895315903535733 ], [ -61.075018862831691, -12.895315903535723 ], [ -61.075018862831691, -12.895585398120959 ], [ -61.074479873661218, -12.895585398120966 ], [ -61.074479873661218, -12.8958548927062 ], [ -61.074210379075986, -12.895854892706206 ], [ -61.074210379075986, -12.896393881876669 ], [ -61.073940884490746, -12.896393881876678 ], [ -61.073940884490746, -12.896932871047147 ], [ -61.073671389905513, -12.896932871047149 ], [ -61.073671389905513, -12.898010849388095 ], [ -61.073940884490746, -12.898010849388095 ], [ -61.073940884490746, -12.898549838558559 ], [ -61.07717481951358, -12.898549838558557 ], [ -61.07717481951358, -12.898280343973324 ], [ -61.07744431409882, -12.898280343973321 ], [ -61.07744431409882, -12.898549838558569 ], [ -61.077713808684052, -12.898549838558557 ], [ -61.077713808684052, -12.898280343973315 ], [ -61.077983303269292, -12.898280343973328 ], [ -61.077983303269292, -12.898549838558555 ], [ -61.078252797854525, -12.898549838558566 ], [ -61.078252797854525, -12.898280343973324 ], [ -61.078522292439764, -12.898280343973319 ], [ -61.078522292439764, -12.898549838558559 ], [ -61.078791787024997, -12.898549838558557 ], [ -61.078791787024997, -12.898280343973317 ], [ -61.079061281610237, -12.89828034397333 ], [ -61.079061281610237, -12.898549838558555 ], [ -61.079330776195469, -12.898549838558564 ], [ -61.079330776195469, -12.898280343973326 ], [ -61.079869765365942, -12.898280343973328 ], [ -61.079869765365942, -12.898549838558566 ], [ -61.092266516286792, -12.898549838558562 ], [ -61.092266516291943, -12.898702449912431 ], [ -61.092536010877147, -12.898704826540651 ], [ -61.092536010872017, -12.898549838558555 ], [ -61.092805505457264, -12.898549838558557 ], [ -61.092805505462351, -12.898707202891288 ], [ -61.093075000047556, -12.898709578964363 ], [ -61.093075000042489, -12.898549838558557 ], [ -61.093344494627736, -12.898549838558553 ], [ -61.09334449463276, -12.898711954759872 ], [ -61.097925902580648, -12.898752300814385 ], [ -61.09792590257674, -12.898549838558557 ], [ -61.098464891747213, -12.898549838558552 ], [ -61.098464891747213, -12.898280343973321 ], [ -61.099003880917678, -12.898280343973331 ], [ -61.099003880917678, -12.898549838558555 ], [ -61.09954287008815, -12.89854983855855 ], [ -61.09954287009144, -12.898766521445651 ], [ -61.09954675, -12.898766555555996 ], [ -61.101429332186896, -12.898788886518009 ], [ -61.101429332184807, -12.898549838558569 ], [ -61.10169882677004, -12.898549838558559 ], [ -61.10169882677004, -12.898010849388088 ], [ -61.102237815940512, -12.898010849388092 ], [ -61.102237815940512, -12.897471860217612 ], [ -61.102507310525752, -12.897471860217612 ], [ -61.102507310525752, -12.897202365632383 ] ], [ [ -61.100890343014335, -12.863515542477897 ], [ -61.101429332184807, -12.863515542477892 ], [ -61.101429332184807, -12.864324026233602 ], [ -61.100890343014335, -12.864324026233598 ], [ -61.100890343014335, -12.864054531648373 ], [ -61.100620848429095, -12.864054531648373 ], [ -61.100620848429095, -12.863785037063133 ], [ -61.100890343014335, -12.863785037063144 ], [ -61.100890343014335, -12.863515542477897 ] ], [ [ -61.10196832135528, -12.88345814178536 ], [ -61.10169882677004, -12.883458141785352 ], [ -61.10169882677004, -12.883727636370581 ], [ -61.09981236467339, -12.883727636370583 ], [ -61.09981236467339, -12.883458141785354 ], [ -61.099273375502918, -12.88345814178536 ], [ -61.099273375502918, -12.882919152614873 ], [ -61.099003880917678, -12.882919152614884 ], [ -61.099003880917678, -12.882649658029649 ], [ -61.099273375502918, -12.882649658029653 ], [ -61.099273375502918, -12.882110668859166 ], [ -61.09981236467339, -12.882110668859172 ], [ -61.09981236467339, -12.881571679688708 ], [ -61.100620848429095, -12.881571679688694 ], [ -61.100620848429095, -12.882380163444404 ], [ -61.101159837599567, -12.882380163444408 ], [ -61.101159837599567, -12.882919152614875 ], [ -61.10169882677004, -12.882919152614877 ], [ -61.10169882677004, -12.883188647200109 ], [ -61.10196832135528, -12.883188647200118 ], [ -61.10196832135528, -12.88345814178536 ] ], [ [ -61.098464891747213, -12.89100399017196 ], [ -61.098195397161973, -12.891003990171953 ], [ -61.098195397161973, -12.891273484757191 ], [ -61.09792590257674, -12.891273484757189 ], [ -61.09792590257674, -12.890734495586722 ], [ -61.098464891747213, -12.890734495586713 ], [ -61.098464891747213, -12.89100399017196 ] ] ], [ [ [ -61.072862906149801, -12.876720777154448 ], [ -61.072862906149801, -12.876451282569207 ], [ -61.073132400735041, -12.876451282569212 ], [ -61.073132400735041, -12.876181787983985 ], [ -61.072862906149801, -12.876181787983981 ], [ -61.072862906149801, -12.875642798813509 ], [ -61.072593411564569, -12.875642798813512 ], [ -61.072593411564569, -12.875373304228271 ], [ -61.072862906149801, -12.875373304228278 ], [ -61.072862906149801, -12.875103809643045 ], [ -61.072593411564569, -12.875103809643043 ], [ -61.072593411564569, -12.874295325887342 ], [ -61.072323916979329, -12.874295325887338 ], [ -61.072323916979329, -12.874025831302097 ], [ -61.072054422394096, -12.874025831302101 ], [ -61.072054422394096, -12.873756336716855 ], [ -61.071515433223624, -12.873756336716857 ], [ -61.071515433223624, -12.874025831302092 ], [ -61.071245938638384, -12.874025831302093 ], [ -61.071245938638384, -12.873756336716861 ], [ -61.070976444053152, -12.873756336716861 ], [ -61.070976444053152, -12.874025831302092 ], [ -61.070706949467919, -12.874025831302097 ], [ -61.070706949467919, -12.873756336716859 ], [ -61.070437454882679, -12.873756336716857 ], [ -61.070437454882679, -12.874025831302097 ], [ -61.06828149820079, -12.874025831302108 ], [ -61.06828149820079, -12.874295325887337 ], [ -61.068820487371262, -12.874295325887333 ], [ -61.068820487371262, -12.874564820472571 ], [ -61.069089981956502, -12.874564820472569 ], [ -61.069089981956502, -12.874834315057802 ], [ -61.069359476541734, -12.874834315057809 ], [ -61.069359476541734, -12.875103809643043 ], [ -61.069628971126974, -12.87510380964304 ], [ -61.069628971126974, -12.875642798813507 ], [ -61.069898465712207, -12.875642798813507 ], [ -61.069898465712207, -12.877798755495396 ], [ -61.070167960297447, -12.877798755495387 ], [ -61.070167960297447, -12.878068250080634 ], [ -61.071784927808856, -12.878068250080641 ], [ -61.071784927808856, -12.878337744665872 ], [ -61.071859182456365, -12.878337744808258 ], [ -61.072862906163358, -12.878275451604955 ], [ -61.072862906149801, -12.877529260910164 ], [ -61.073132400735041, -12.877529260910169 ], [ -61.073132400735041, -12.877259766324935 ], [ -61.072862906149801, -12.877259766324924 ], [ -61.072862906149801, -12.876990271739695 ], [ -61.073132400735041, -12.876990271739695 ], [ -61.073132400735041, -12.876720777154462 ], [ -61.072862906149801, -12.876720777154448 ] ] ], [ [ [ -61.09981236467339, -12.857586661602706 ], [ -61.09954287008815, -12.857586661602708 ], [ -61.09954287008815, -12.857856156187948 ], [ -61.09981236467339, -12.857856156187941 ], [ -61.09981236467339, -12.857586661602706 ] ] ], [ [ [ -61.100351353843863, -12.857586661602701 ], [ -61.100351353843863, -12.857317167017472 ], [ -61.09981236467339, -12.857317167017474 ], [ -61.09981236467339, -12.857586661602706 ], [ -61.100351353843863, -12.857586661602701 ] ] ], [ [ [ -61.063161101081306, -12.851118791557045 ], [ -61.063430595666553, -12.851118791557056 ], [ -61.063430595666553, -12.85031030780134 ], [ -61.062964277960326, -12.850310307865955 ], [ -61.062960850328373, -12.851388286168715 ], [ -61.063161101081306, -12.851388286142287 ], [ -61.063161101081306, -12.851118791557045 ] ] ], [ [ [ -61.064239079422251, -12.837374567710022 ], [ -61.064508574007498, -12.837374567710013 ], [ -61.064508574007498, -12.837105073124793 ], [ -61.064239079422251, -12.837105073124793 ], [ -61.064239079422251, -12.836835578539546 ], [ -61.063969584837025, -12.836835578539551 ], [ -61.063969584837025, -12.837105073124784 ], [ -61.063430595666553, -12.837105073124784 ], [ -61.063430595666553, -12.837644062295254 ], [ -61.063969584837025, -12.837644062295253 ], [ -61.063969584837025, -12.837913556880491 ], [ -61.064239079422251, -12.837913556880483 ], [ -61.064239079422251, -12.837374567710022 ] ] ], [ [ [ -61.064508574007498, -12.836835578539551 ], [ -61.064508574007498, -12.836566083954304 ], [ -61.064239079422251, -12.836566083954311 ], [ -61.064239079422251, -12.836835578539546 ], [ -61.064508574007498, -12.836835578539551 ] ] ], [ [ [ -61.09981236467339, -12.834140632687184 ], [ -61.09954287008815, -12.834140632687184 ], [ -61.09954287008815, -12.836835578539553 ], [ -61.09981236467339, -12.836835578539544 ], [ -61.09981236467339, -12.834140632687184 ] ] ], [ [ [ -61.100351353843863, -12.833601643516715 ], [ -61.100620848429095, -12.833601643516717 ], [ -61.100620848429095, -12.833332148931484 ], [ -61.100890343014335, -12.833332148931484 ], [ -61.100890343014335, -12.833062654346254 ], [ -61.101159837599567, -12.833062654346248 ], [ -61.101159837599567, -12.832523665175772 ], [ -61.100890343014335, -12.832523665175778 ], [ -61.100890343014335, -12.832254170590536 ], [ -61.100620848429095, -12.832254170590543 ], [ -61.100620848429095, -12.831715181420067 ], [ -61.100351353843863, -12.831715181420064 ], [ -61.100351353843863, -12.8311761922496 ], [ -61.100081859258623, -12.831176192249602 ], [ -61.100081859258623, -12.833601643516714 ], [ -61.09981236467339, -12.833601643516717 ], [ -61.09981236467339, -12.834140632687184 ], [ -61.100081859258623, -12.834140632687189 ], [ -61.100081859258623, -12.833871138101948 ], [ -61.100351353843863, -12.833871138101948 ], [ -61.100351353843863, -12.833601643516715 ] ] ], [ [ [ -61.101159837599567, -12.826864278885825 ], [ -61.101159837599567, -12.82713377347106 ], [ -61.100890343014335, -12.827133773471058 ], [ -61.100890343014335, -12.827403268056283 ], [ -61.101159837599567, -12.827403268056292 ], [ -61.101159837599567, -12.827672762641537 ], [ -61.100890343014335, -12.827672762641525 ], [ -61.100890343014335, -12.82794225722677 ], [ -61.101429332184807, -12.827942257226768 ], [ -61.101429332184807, -12.828211751811997 ], [ -61.10196832135528, -12.828211751811997 ], [ -61.10196832135528, -12.828481246397232 ], [ -61.103585288866697, -12.828481246397242 ], [ -61.103585288866697, -12.82794225722677 ], [ -61.104124278037169, -12.827942257226772 ], [ -61.104124278037169, -12.827672762641528 ], [ -61.103854783451929, -12.827672762641519 ], [ -61.103854783451929, -12.827133773471051 ], [ -61.103585288866697, -12.827133773471052 ], [ -61.103585288866697, -12.826864278885814 ], [ -61.103315794281457, -12.826864278885825 ], [ -61.103315794281457, -12.826594784300585 ], [ -61.103046299696224, -12.826594784300584 ], [ -61.103046299696224, -12.826325289715349 ], [ -61.102776805110985, -12.826325289715342 ], [ -61.102776805110985, -12.826055795130115 ], [ -61.102237815940512, -12.82605579513012 ], [ -61.102237815940512, -12.825786300544877 ], [ -61.101429332184807, -12.82578630054488 ], [ -61.101429332184807, -12.825516805959644 ], [ -61.100890343014335, -12.825516805959635 ], [ -61.100890343014335, -12.826325289715342 ], [ -61.101159837599567, -12.826325289715347 ], [ -61.101159837599567, -12.826594784300578 ], [ -61.100890343014335, -12.826594784300585 ], [ -61.100890343014335, -12.826864278885822 ], [ -61.101159837599567, -12.826864278885825 ] ] ], [ [ [ -61.100890343014335, -12.825247311374397 ], [ -61.100620848429095, -12.825247311374405 ], [ -61.100620848429095, -12.825516805959646 ], [ -61.100890343014335, -12.825516805959635 ], [ -61.100890343014335, -12.825247311374397 ] ] ], [ [ [ -61.103315794281457, -12.824438827618687 ], [ -61.103585288866697, -12.824438827618696 ], [ -61.103585288866697, -12.823899838448231 ], [ -61.103854783451929, -12.823899838448224 ], [ -61.103854783451929, -12.823360849277758 ], [ -61.103315794281457, -12.823360849277751 ], [ -61.103315794281457, -12.823091354692517 ], [ -61.102776805110985, -12.823091354692519 ], [ -61.102776805110985, -12.823630343862988 ], [ -61.102507310525752, -12.823630343862986 ], [ -61.102507310525752, -12.823899838448231 ], [ -61.102776805110985, -12.823899838448224 ], [ -61.102776805110985, -12.824169333033467 ], [ -61.103315794281457, -12.824169333033469 ], [ -61.103315794281457, -12.824438827618687 ] ] ], [ [ [ -61.101429332184807, -12.821743881766334 ], [ -61.101429332184807, -12.821474387181102 ], [ -61.102507310525752, -12.821474387181098 ], [ -61.102507310525752, -12.821204892595873 ], [ -61.10196832135528, -12.821204892595862 ], [ -61.10196832135528, -12.820935398010635 ], [ -61.101429332184807, -12.820935398010626 ], [ -61.101429332184807, -12.820665903425398 ], [ -61.101159837599567, -12.820665903425391 ], [ -61.101159837599567, -12.820935398010631 ], [ -61.100620848429095, -12.820935398010633 ], [ -61.100620848429095, -12.821204892595865 ], [ -61.100890343014335, -12.821204892595876 ], [ -61.100890343014335, -12.821743881766336 ], [ -61.101429332184807, -12.821743881766334 ] ] ], [ [ [ -61.103315794281457, -12.794524928657525 ], [ -61.103046299696224, -12.794524928657516 ], [ -61.103046299696224, -12.794794423242752 ], [ -61.103315794281457, -12.794794423242761 ], [ -61.103315794281457, -12.794524928657525 ] ] ], [ [ [ -61.103315794281457, -12.78805705861185 ], [ -61.103046299696224, -12.78805705861186 ], [ -61.103046299696224, -12.788326553197091 ], [ -61.103315794281457, -12.7883265531971 ], [ -61.103315794281457, -12.78805705861185 ] ] ], [ [ [ -61.064508574007498, -12.785092618174264 ], [ -61.064508574007498, -12.785362112759497 ], [ -61.064239079422251, -12.785362112759493 ], [ -61.064239079422251, -12.78563160734473 ], [ -61.064508574007498, -12.785631607344728 ], [ -61.064508574007498, -12.786170596515204 ], [ -61.064239079422251, -12.7861705965152 ], [ -61.064239079422251, -12.786440091100435 ], [ -61.063969584837025, -12.786440091100435 ], [ -61.063969584837025, -12.78697908027091 ], [ -61.063700090251778, -12.786979080270918 ], [ -61.063700090251778, -12.787248574856147 ], [ -61.063430595666553, -12.787248574856147 ], [ -61.063430595666553, -12.787787564026619 ], [ -61.063161101081306, -12.787787564026628 ], [ -61.063161101081306, -12.788596047782324 ], [ -61.063430595666553, -12.788596047782326 ], [ -61.063430595666553, -12.788326553197086 ], [ -61.063700090251778, -12.788326553197102 ], [ -61.063700090251778, -12.787787564026619 ], [ -61.063969584837025, -12.787787564026623 ], [ -61.063969584837025, -12.787248574856157 ], [ -61.064239079422251, -12.787248574856154 ], [ -61.064239079422251, -12.786979080270909 ], [ -61.064778068592723, -12.786979080270919 ], [ -61.064778068592723, -12.786709585685674 ], [ -61.06504756317797, -12.786709585685674 ], [ -61.06504756317797, -12.786979080270914 ], [ -61.065317057763195, -12.786979080270918 ], [ -61.065317057763195, -12.789674026123278 ], [ -61.064508574007498, -12.789674026123279 ], [ -61.064508574007498, -12.789404531538031 ], [ -61.063969584837025, -12.789404531538032 ], [ -61.063969584837025, -12.789674026123272 ], [ -61.064239079422251, -12.789674026123269 ], [ -61.064239079422251, -12.790213015293748 ], [ -61.064778068592723, -12.790213015293746 ], [ -61.064778068592723, -12.790482509878982 ], [ -61.06504756317797, -12.790482509878977 ], [ -61.06504756317797, -12.790213015293741 ], [ -61.067473014445085, -12.79021301529375 ], [ -61.067473014445085, -12.789943520708508 ], [ -61.067742509030332, -12.789943520708514 ], [ -61.067742509030332, -12.789674026123272 ], [ -61.068012003615557, -12.789674026123276 ], [ -61.068012003615557, -12.7891350369528 ], [ -61.06828149820079, -12.789135036952807 ], [ -61.06828149820079, -12.788596047782329 ], [ -61.068550992786029, -12.788596047782328 ], [ -61.068550992786029, -12.78805705861185 ], [ -61.068820487371262, -12.788057058611864 ], [ -61.068820487371262, -12.787518069441386 ], [ -61.069089981956502, -12.787518069441381 ], [ -61.069089981956502, -12.787248574856152 ], [ -61.068820487371262, -12.787248574856157 ], [ -61.068820487371262, -12.786440091100438 ], [ -61.068550992786029, -12.786440091100442 ], [ -61.068550992786029, -12.786170596515218 ], [ -61.068820487371262, -12.786170596515205 ], [ -61.068820487371262, -12.785901101929973 ], [ -61.068550992786029, -12.785901101929968 ], [ -61.068550992786029, -12.785631607344737 ], [ -61.068820487371262, -12.78563160734473 ], [ -61.068820487371262, -12.785362112759501 ], [ -61.068550992786029, -12.785362112759501 ], [ -61.068550992786029, -12.785092618174255 ], [ -61.068820487371262, -12.785092618174264 ], [ -61.068820487371262, -12.784823123589028 ], [ -61.06828149820079, -12.784823123589032 ], [ -61.06828149820079, -12.785092618174261 ], [ -61.068012003615557, -12.785092618174263 ], [ -61.068012003615557, -12.785362112759502 ], [ -61.067742509030332, -12.785362112759493 ], [ -61.067742509030332, -12.78563160734474 ], [ -61.067473014445085, -12.785631607344738 ], [ -61.067473014445085, -12.785901101929968 ], [ -61.067203519859859, -12.785901101929964 ], [ -61.067203519859859, -12.785631607344737 ], [ -61.066934025274612, -12.785631607344738 ], [ -61.066934025274612, -12.785362112759499 ], [ -61.066664530689387, -12.785362112759495 ], [ -61.066664530689387, -12.784823123589035 ], [ -61.06639503610414, -12.784823123589023 ], [ -61.06639503610414, -12.784284134418552 ], [ -61.066125541518915, -12.784284134418556 ], [ -61.066125541518915, -12.784014639833327 ], [ -61.065586552348442, -12.784014639833316 ], [ -61.065586552348442, -12.783745145248082 ], [ -61.064778068592723, -12.78374514524808 ], [ -61.064778068592723, -12.783475650662849 ], [ -61.064239079422251, -12.783475650662844 ], [ -61.064239079422251, -12.784014639833318 ], [ -61.064508574007498, -12.784014639833316 ], [ -61.064508574007498, -12.784823123589028 ], [ -61.064239079422251, -12.78482312358903 ], [ -61.064239079422251, -12.785092618174271 ], [ -61.064508574007498, -12.785092618174264 ] ] ], [ [ [ -61.068820487371262, -12.782667166907146 ], [ -61.068550992786029, -12.782667166907139 ], [ -61.068550992786029, -12.782936661492382 ], [ -61.068820487371262, -12.782936661492384 ], [ -61.068820487371262, -12.782667166907146 ] ] ], [ [ [ -61.065856046933668, -12.782128177736674 ], [ -61.066125541518915, -12.782128177736665 ], [ -61.066125541518915, -12.781858683151436 ], [ -61.066664530689387, -12.78185868315143 ], [ -61.066664530689387, -12.781589188566203 ], [ -61.066934025274612, -12.781589188566191 ], [ -61.066934025274612, -12.782128177736659 ], [ -61.067203519859859, -12.782128177736665 ], [ -61.067203519859859, -12.782397672321895 ], [ -61.066934025274612, -12.782397672321895 ], [ -61.066934025274612, -12.78320615607762 ], [ -61.067203519859859, -12.783206156077611 ], [ -61.067203519859859, -12.782936661492371 ], [ -61.067473014445085, -12.782936661492371 ], [ -61.067473014445085, -12.78320615607762 ], [ -61.067742509030332, -12.783206156077611 ], [ -61.067742509030332, -12.782936661492368 ], [ -61.06828149820079, -12.782936661492371 ], [ -61.06828149820079, -12.782667166907146 ], [ -61.068550992786029, -12.782667166907139 ], [ -61.068550992786029, -12.782397672321911 ], [ -61.068820487371262, -12.782397672321906 ], [ -61.068820487371262, -12.782128177736663 ], [ -61.068550992786029, -12.782128177736661 ], [ -61.068550992786029, -12.780241715640022 ], [ -61.06828149820079, -12.780241715640008 ], [ -61.06828149820079, -12.781589188566192 ], [ -61.068012003615557, -12.781589188566194 ], [ -61.068012003615557, -12.781858683151427 ], [ -61.067742509030332, -12.781858683151437 ], [ -61.067742509030332, -12.782128177736672 ], [ -61.067473014445085, -12.782128177736675 ], [ -61.067473014445085, -12.781589188566196 ], [ -61.067203519859859, -12.781589188566194 ], [ -61.067203519859859, -12.781050199395731 ], [ -61.066934025274612, -12.781050199395715 ], [ -61.066934025274612, -12.780241715640017 ], [ -61.066664530689387, -12.780241715640022 ], [ -61.066664530689387, -12.779972221054782 ], [ -61.066125541518915, -12.779972221054786 ], [ -61.066125541518915, -12.78024171564001 ], [ -61.065856046933668, -12.780241715640024 ], [ -61.065856046933668, -12.780511210225244 ], [ -61.065586552348442, -12.780511210225246 ], [ -61.065586552348442, -12.78131969398096 ], [ -61.065856046933668, -12.781319693980956 ], [ -61.065856046933668, -12.782128177736674 ] ] ], [ [ [ -61.064778068592723, -12.778894242713839 ], [ -61.064778068592723, -12.778355253543362 ], [ -61.064508574007498, -12.778355253543362 ], [ -61.064508574007498, -12.779702726469541 ], [ -61.064778068592723, -12.779702726469553 ], [ -61.064778068592723, -12.780780704810482 ], [ -61.06504756317797, -12.780780704810496 ], [ -61.06504756317797, -12.778894242713841 ], [ -61.064778068592723, -12.778894242713839 ] ] ], [ [ [ -61.067473014445085, -12.775660307690998 ], [ -61.067203519859859, -12.775660307691007 ], [ -61.067203519859859, -12.77592980227625 ], [ -61.067473014445085, -12.77592980227625 ], [ -61.067473014445085, -12.776199296861487 ], [ -61.067203519859859, -12.776199296861474 ], [ -61.067203519859859, -12.776468791446719 ], [ -61.067473014445085, -12.776468791446716 ], [ -61.067473014445085, -12.777007780617188 ], [ -61.067742509030332, -12.777007780617192 ], [ -61.067742509030332, -12.77754676978766 ], [ -61.06828149820079, -12.777546769787667 ], [ -61.06828149820079, -12.77808575895814 ], [ -61.068550992786029, -12.77808575895814 ], [ -61.068550992786029, -12.77592980227624 ], [ -61.068820487371262, -12.775929802276245 ], [ -61.068820487371262, -12.775121318520542 ], [ -61.068550992786029, -12.77512131852054 ], [ -61.068550992786029, -12.774582329350061 ], [ -61.06828149820079, -12.774582329350062 ], [ -61.06828149820079, -12.774312834764837 ], [ -61.068012003615557, -12.774312834764821 ], [ -61.068012003615557, -12.773234856423878 ], [ -61.067742509030332, -12.773234856423883 ], [ -61.067742509030332, -12.774312834764835 ], [ -61.067473014445085, -12.774312834764826 ], [ -61.067473014445085, -12.775121318520529 ], [ -61.067203519859859, -12.775121318520537 ], [ -61.067203519859859, -12.775390813105782 ], [ -61.067473014445085, -12.77539081310578 ], [ -61.067473014445085, -12.775660307690998 ] ] ], [ [ [ -61.063005034994987, -12.837105073216737 ], [ -61.063430595666553, -12.837105073124784 ], [ -61.063430595666553, -12.836835578539551 ], [ -61.063005862888254, -12.836835578631982 ], [ -61.063005034994987, -12.837105073216737 ] ] ], [ [ [ -61.040793050511816, -12.829995691617487 ], [ -61.042679512606284, -12.830054981594241 ], [ -61.042679512603385, -12.82982871932342 ], [ -61.042140523432913, -12.829828719323414 ], [ -61.042140523432913, -12.829559224738185 ], [ -61.041332039677208, -12.82955922473818 ], [ -61.041332039677208, -12.829828719323407 ], [ -61.040793050506736, -12.829828719323412 ], [ -61.040793050511816, -12.829995691617487 ] ] ], [ [ [ -61.032438718364425, -12.803687744555544 ], [ -61.032169223779192, -12.803687744555535 ], [ -61.032169223779192, -12.803957239140775 ], [ -61.032438718364425, -12.803957239140772 ], [ -61.032438718364425, -12.803687744555544 ] ] ], [ [ [ -61.032169223779192, -12.801801282458882 ], [ -61.032438718364425, -12.801801282458886 ], [ -61.032438718364425, -12.802070777044122 ], [ -61.032169223779192, -12.802070777044131 ], [ -61.032169223779192, -12.802340271629358 ], [ -61.032438718364425, -12.802340271629358 ], [ -61.032438718364425, -12.802609766214593 ], [ -61.032169223779192, -12.802609766214601 ], [ -61.032169223779192, -12.802879260799822 ], [ -61.032438718364425, -12.802879260799834 ], [ -61.032438718364425, -12.803148755385074 ], [ -61.032169223779192, -12.803148755385074 ], [ -61.032169223779192, -12.803418249970306 ], [ -61.032438718364425, -12.803418249970294 ], [ -61.032438718364425, -12.803687744555544 ], [ -61.03270821294965, -12.803687744555534 ], [ -61.03270821294965, -12.803148755385067 ], [ -61.032977707534897, -12.803148755385065 ], [ -61.032977707534897, -12.802879260799831 ], [ -61.033247202120123, -12.802879260799832 ], [ -61.033247202120123, -12.80314875538506 ], [ -61.033786191290595, -12.80314875538507 ], [ -61.033786191290595, -12.803687744555544 ], [ -61.034055685875842, -12.803687744555546 ], [ -61.034055685875842, -12.804765722896482 ], [ -61.033786191290595, -12.804765722896475 ], [ -61.033786191290595, -12.805035217481709 ], [ -61.033247202120123, -12.80503521748172 ], [ -61.033247202120123, -12.805574206652189 ], [ -61.032438718364425, -12.805574206652189 ], [ -61.032438718364425, -12.805843701237423 ], [ -61.032977707534897, -12.805843701237427 ], [ -61.032977707534897, -12.806113195822658 ], [ -61.03270821294965, -12.806113195822659 ], [ -61.03270821294965, -12.80665218499313 ], [ -61.032438718364425, -12.806652184993135 ], [ -61.032438718364425, -12.806921679578364 ], [ -61.032169223779192, -12.806921679578375 ], [ -61.032169223779192, -12.807460668748842 ], [ -61.032438718364425, -12.807460668748837 ], [ -61.032438718364425, -12.808808141675012 ], [ -61.03270821294965, -12.808808141675016 ], [ -61.03270821294965, -12.809077636260248 ], [ -61.033516696705369, -12.809077636260254 ], [ -61.033516696705369, -12.808808141675017 ], [ -61.033786191290595, -12.808808141675019 ], [ -61.033786191290595, -12.809077636260252 ], [ -61.034055685875842, -12.809077636260254 ], [ -61.034055685875842, -12.808808141675023 ], [ -61.034325180461067, -12.808808141675017 ], [ -61.034325180461067, -12.809077636260248 ], [ -61.035133664216787, -12.809077636260254 ], [ -61.035133664216787, -12.809347130845484 ], [ -61.035672653387259, -12.809347130845484 ], [ -61.035672653387259, -12.809616625430719 ], [ -61.036211642557731, -12.809616625430726 ], [ -61.036211642557731, -12.809886120015962 ], [ -61.037828610069148, -12.809886120015967 ], [ -61.037828610069148, -12.809616625430726 ], [ -61.038367599239621, -12.809616625430731 ], [ -61.038367599239621, -12.808269152504549 ], [ -61.038098104654374, -12.80826915250455 ], [ -61.038098104654374, -12.808538647089778 ], [ -61.037559115483901, -12.80853864708979 ], [ -61.037559115483901, -12.808808141675012 ], [ -61.037289620898676, -12.808808141675014 ], [ -61.037289620898676, -12.80853864708979 ], [ -61.036750631728204, -12.808538647089781 ], [ -61.036750631728204, -12.807999657919314 ], [ -61.035403158802012, -12.807999657919314 ], [ -61.035403158802012, -12.807730163334083 ], [ -61.035133664216787, -12.807730163334067 ], [ -61.035133664216787, -12.807460668748844 ], [ -61.035403158802012, -12.807460668748835 ], [ -61.035403158802012, -12.807191174163608 ], [ -61.035942147972484, -12.807191174163608 ], [ -61.035942147972484, -12.806921679578371 ], [ -61.036750631728204, -12.806921679578361 ], [ -61.036750631728204, -12.807191174163599 ], [ -61.037289620898676, -12.807191174163609 ], [ -61.037289620898676, -12.807460668748838 ], [ -61.038098104654374, -12.807460668748835 ], [ -61.038098104654374, -12.807999657919311 ], [ -61.038367599239621, -12.807999657919305 ], [ -61.038367599239621, -12.806652184993135 ], [ -61.038098104654374, -12.80665218499313 ], [ -61.038098104654374, -12.806113195822652 ], [ -61.037828610069148, -12.806113195822652 ], [ -61.037828610069148, -12.805843701237418 ], [ -61.036481137142957, -12.805843701237414 ], [ -61.036481137142957, -12.805574206652192 ], [ -61.035942147972484, -12.805574206652185 ], [ -61.035942147972484, -12.805843701237428 ], [ -61.035672653387259, -12.805843701237423 ], [ -61.035672653387259, -12.806113195822652 ], [ -61.035403158802012, -12.806113195822666 ], [ -61.035403158802012, -12.806382690407904 ], [ -61.034325180461067, -12.806382690407904 ], [ -61.034325180461067, -12.80503521748172 ], [ -61.034594675046314, -12.805035217481711 ], [ -61.034594675046314, -12.804496228311249 ], [ -61.035133664216787, -12.804496228311251 ], [ -61.035133664216787, -12.803957239140772 ], [ -61.035403158802012, -12.803957239140781 ], [ -61.035403158802012, -12.803687744555534 ], [ -61.035672653387259, -12.80368774455555 ], [ -61.035672653387259, -12.803418249970306 ], [ -61.035942147972484, -12.803418249970303 ], [ -61.035942147972484, -12.802879260799831 ], [ -61.036211642557731, -12.802879260799838 ], [ -61.036211642557731, -12.802340271629363 ], [ -61.036481137142957, -12.802340271629353 ], [ -61.036481137142957, -12.801801282458889 ], [ -61.036750631728204, -12.801801282458884 ], [ -61.036750631728204, -12.801262293288419 ], [ -61.037020126313429, -12.801262293288422 ], [ -61.037020126313429, -12.800992798703183 ], [ -61.036750631728204, -12.800992798703177 ], [ -61.036750631728204, -12.800723304117948 ], [ -61.036481137142957, -12.800723304117952 ], [ -61.036481137142957, -12.800453809532703 ], [ -61.035942147972484, -12.8004538095327 ], [ -61.035942147972484, -12.800184314947469 ], [ -61.035133664216787, -12.800184314947469 ], [ -61.035133664216787, -12.799914820362234 ], [ -61.03486416963154, -12.79991482036224 ], [ -61.03486416963154, -12.800184314947474 ], [ -61.034594675046314, -12.800184314947481 ], [ -61.034594675046314, -12.799914820362234 ], [ -61.034055685875842, -12.799914820362236 ], [ -61.034055685875842, -12.79614189616894 ], [ -61.033786191290595, -12.796141896168931 ], [ -61.033786191290595, -12.795872401583704 ], [ -61.033516696705369, -12.795872401583694 ], [ -61.033516696705369, -12.795602906998466 ], [ -61.033247202120123, -12.795602906998466 ], [ -61.033247202120123, -12.795333412413225 ], [ -61.03270821294965, -12.795333412413228 ], [ -61.03270821294965, -12.795063917827992 ], [ -61.032438718364425, -12.795063917827981 ], [ -61.032438718364425, -12.795333412413227 ], [ -61.032169223779192, -12.795333412413225 ], [ -61.032169223779192, -12.795602906998454 ], [ -61.031899729193952, -12.795602906998466 ], [ -61.031899729193952, -12.801262293288412 ], [ -61.032169223779192, -12.801262293288406 ], [ -61.032169223779192, -12.801801282458882 ] ] ], [ [ [ -61.063700090251778, -12.789135036952805 ], [ -61.063700090251778, -12.788596047782333 ], [ -61.063430595666553, -12.788596047782326 ], [ -61.063430595666553, -12.789135036952796 ], [ -61.063700090251778, -12.789135036952805 ] ] ], [ [ [ -61.051033844745703, -12.782667166907142 ], [ -61.050494855575231, -12.782667166907139 ], [ -61.050494855575231, -12.782936661492377 ], [ -61.051033844745703, -12.782936661492384 ], [ -61.051033844745703, -12.783206156077611 ], [ -61.051572833916175, -12.783206156077616 ], [ -61.051572833916175, -12.783475650662853 ], [ -61.052111823086648, -12.783475650662846 ], [ -61.052111823086648, -12.783745145248078 ], [ -61.051842328501415, -12.783745145248092 ], [ -61.051842328501415, -12.784284134418559 ], [ -61.051572833916175, -12.78428413441855 ], [ -61.051572833916175, -12.78482312358903 ], [ -61.051303339330943, -12.784823123589019 ], [ -61.051303339330943, -12.785901101929975 ], [ -61.051572833916175, -12.785901101929966 ], [ -61.051572833916175, -12.786440091100447 ], [ -61.051842328501415, -12.786440091100449 ], [ -61.051842328501415, -12.786709585685674 ], [ -61.052111823086648, -12.786709585685674 ], [ -61.052111823086648, -12.786440091100438 ], [ -61.052381317671887, -12.786440091100435 ], [ -61.052381317671887, -12.786709585685674 ], [ -61.05292030684236, -12.78670958568568 ], [ -61.05292030684236, -12.786440091100431 ], [ -61.053189801427592, -12.786440091100436 ], [ -61.053189801427592, -12.785901101929976 ], [ -61.053459296012818, -12.785901101929971 ], [ -61.053459296012818, -12.783745145248091 ], [ -61.053728790598065, -12.783745145248078 ], [ -61.053728790598065, -12.782936661492386 ], [ -61.053459296012818, -12.782936661492377 ], [ -61.053459296012818, -12.782667166907149 ], [ -61.053189801427592, -12.782667166907133 ], [ -61.053189801427592, -12.782128177736675 ], [ -61.05265081225712, -12.782128177736666 ], [ -61.05265081225712, -12.78078070481048 ], [ -61.052381317671887, -12.780780704810484 ], [ -61.052381317671887, -12.781319693980967 ], [ -61.052111823086648, -12.781319693980958 ], [ -61.052111823086648, -12.781858683151432 ], [ -61.051572833916175, -12.781858683151425 ], [ -61.051572833916175, -12.78239767232191 ], [ -61.051033844745703, -12.78239767232191 ], [ -61.051033844745703, -12.782667166907142 ] ] ], [ [ [ -61.058849187717541, -12.783206156077616 ], [ -61.059118682302774, -12.78320615607762 ], [ -61.059118682302774, -12.783745145248085 ], [ -61.059388176888, -12.783745145248078 ], [ -61.059388176888, -12.784014639833321 ], [ -61.059657671473246, -12.784014639833323 ], [ -61.059657671473246, -12.784284134418558 ], [ -61.059927166058472, -12.784284134418559 ], [ -61.059927166058472, -12.78401463983332 ], [ -61.060196660643719, -12.784014639833329 ], [ -61.060196660643719, -12.784284134418549 ], [ -61.060466155228944, -12.784284134418561 ], [ -61.060466155228944, -12.784014639833313 ], [ -61.060735649814191, -12.784014639833329 ], [ -61.060735649814191, -12.78374514524808 ], [ -61.061005144399417, -12.783745145248092 ], [ -61.061005144399417, -12.782936661492375 ], [ -61.060466155228944, -12.782936661492384 ], [ -61.060466155228944, -12.782667166907144 ], [ -61.060196660643719, -12.782667166907139 ], [ -61.060196660643719, -12.782397672321895 ], [ -61.059927166058472, -12.782397672321913 ], [ -61.059927166058472, -12.782667166907142 ], [ -61.059657671473246, -12.782667166907146 ], [ -61.059657671473246, -12.782397672321906 ], [ -61.059388176888, -12.782397672321911 ], [ -61.059388176888, -12.782936661492371 ], [ -61.058849187717541, -12.782936661492384 ], [ -61.058849187717541, -12.783206156077616 ] ] ], [ [ [ -61.050494855575231, -12.782667166907139 ], [ -61.050494855575231, -12.782397672321908 ], [ -61.050225360989998, -12.782397672321899 ], [ -61.050225360989998, -12.781858683151439 ], [ -61.049955866404758, -12.78185868315143 ], [ -61.049955866404758, -12.78131969398096 ], [ -61.049686371819526, -12.781319693980956 ], [ -61.049686371819526, -12.780780704810484 ], [ -61.049416877234286, -12.780780704810494 ], [ -61.049416877234286, -12.781858683151439 ], [ -61.049686371819526, -12.781858683151436 ], [ -61.049686371819526, -12.782397672321899 ], [ -61.049955866404758, -12.782397672321899 ], [ -61.049955866404758, -12.782667166907139 ], [ -61.050494855575231, -12.782667166907139 ] ] ], [ [ [ -61.035672653387259, -12.778894242713838 ], [ -61.035403158802012, -12.778894242713847 ], [ -61.035403158802012, -12.779163737299081 ], [ -61.03486416963154, -12.779163737299072 ], [ -61.03486416963154, -12.77943323188431 ], [ -61.035942147972484, -12.779433231884314 ], [ -61.035942147972484, -12.779163737299074 ], [ -61.036211642557731, -12.779163737299081 ], [ -61.036211642557731, -12.778894242713845 ], [ -61.036481137142957, -12.778894242713836 ], [ -61.036481137142957, -12.778624748128593 ], [ -61.036211642557731, -12.778624748128614 ], [ -61.036211642557731, -12.778085758958126 ], [ -61.035942147972484, -12.778085758958134 ], [ -61.035942147972484, -12.777546769787667 ], [ -61.035672653387259, -12.77754676978766 ], [ -61.035672653387259, -12.776738286031957 ], [ -61.035403158802012, -12.776738286031962 ], [ -61.035403158802012, -12.777277275202424 ], [ -61.035133664216787, -12.777277275202424 ], [ -61.035133664216787, -12.777546769787659 ], [ -61.035403158802012, -12.777546769787659 ], [ -61.035403158802012, -12.778085758958143 ], [ -61.035672653387259, -12.778085758958143 ], [ -61.035672653387259, -12.778894242713838 ] ] ], [ [ [ -61.058849187717541, -12.777816264372907 ], [ -61.059118682302774, -12.777816264372895 ], [ -61.059118682302774, -12.77754676978766 ], [ -61.059927166058472, -12.77754676978766 ], [ -61.059927166058472, -12.777277275202424 ], [ -61.059657671473246, -12.777277275202433 ], [ -61.059657671473246, -12.777007780617195 ], [ -61.059927166058472, -12.777007780617197 ], [ -61.059927166058472, -12.776738286031954 ], [ -61.059388176888, -12.776738286031957 ], [ -61.059388176888, -12.777007780617195 ], [ -61.058579693132302, -12.777007780617197 ], [ -61.058579693132302, -12.77727727520243 ], [ -61.058310198547069, -12.777277275202428 ], [ -61.058310198547069, -12.777546769787651 ], [ -61.058849187717541, -12.777546769787662 ], [ -61.058849187717541, -12.777816264372907 ] ] ], [ [ [ -61.058310198547069, -12.777277275202428 ], [ -61.058310198547069, -12.776468791446723 ], [ -61.058040703961829, -12.776468791446723 ], [ -61.058040703961829, -12.777277275202421 ], [ -61.058310198547069, -12.777277275202428 ] ] ], [ [ [ -61.051033844745703, -12.771617888912468 ], [ -61.051572833916175, -12.771617888912468 ], [ -61.051572833916175, -12.772156878082939 ], [ -61.052111823086648, -12.772156878082942 ], [ -61.052111823086648, -12.772426372668182 ], [ -61.052381317671887, -12.772426372668182 ], [ -61.052381317671887, -12.772156878082946 ], [ -61.05265081225712, -12.772156878082942 ], [ -61.05265081225712, -12.772426372668184 ], [ -61.053189801427592, -12.77242637266818 ], [ -61.053189801427592, -12.772695867253411 ], [ -61.053459296012818, -12.772695867253415 ], [ -61.053459296012818, -12.773234856423887 ], [ -61.053189801427592, -12.773234856423889 ], [ -61.053189801427592, -12.773504351009118 ], [ -61.05265081225712, -12.773504351009123 ], [ -61.05265081225712, -12.773773845594368 ], [ -61.052111823086648, -12.773773845594368 ], [ -61.052111823086648, -12.774043340179588 ], [ -61.052381317671887, -12.774043340179604 ], [ -61.052381317671887, -12.774312834764828 ], [ -61.052111823086648, -12.774312834764837 ], [ -61.052111823086648, -12.774582329350062 ], [ -61.052381317671887, -12.774582329350062 ], [ -61.052381317671887, -12.774851823935309 ], [ -61.052111823086648, -12.774851823935299 ], [ -61.052111823086648, -12.775121318520545 ], [ -61.052381317671887, -12.775121318520533 ], [ -61.052381317671887, -12.776199296861485 ], [ -61.052111823086648, -12.776199296861479 ], [ -61.052111823086648, -12.776738286031959 ], [ -61.051033844745703, -12.776738286031948 ], [ -61.051033844745703, -12.776468791446716 ], [ -61.05076435016047, -12.776468791446725 ], [ -61.05076435016047, -12.776199296861471 ], [ -61.050494855575231, -12.776199296861479 ], [ -61.050494855575231, -12.775929802276243 ], [ -61.050225360989998, -12.775929802276242 ], [ -61.050225360989998, -12.775660307691011 ], [ -61.049686371819526, -12.775660307691005 ], [ -61.049686371819526, -12.775121318520533 ], [ -61.049416877234286, -12.775121318520544 ], [ -61.049416877234286, -12.774851823935307 ], [ -61.049147382649053, -12.774851823935299 ], [ -61.049147382649053, -12.774582329350061 ], [ -61.048877888063814, -12.774582329350061 ], [ -61.048877888063814, -12.773773845594352 ], [ -61.048608393478581, -12.773773845594352 ], [ -61.048608393478581, -12.772695867253409 ], [ -61.048877888063814, -12.772695867253423 ], [ -61.048877888063814, -12.772156878082935 ], [ -61.049147382649053, -12.772156878082944 ], [ -61.049147382649053, -12.771617888912473 ], [ -61.048877888063814, -12.771617888912466 ], [ -61.048877888063814, -12.771348394327237 ], [ -61.048069404308109, -12.771348394327235 ], [ -61.048069404308109, -12.771617888912475 ], [ -61.047530415137636, -12.771617888912479 ], [ -61.047530415137636, -12.771887383497713 ], [ -61.047260920552397, -12.771887383497711 ], [ -61.047260920552397, -12.772156878082933 ], [ -61.047799909722869, -12.772156878082937 ], [ -61.047799909722869, -12.772695867253409 ], [ -61.048069404308109, -12.772695867253423 ], [ -61.048069404308109, -12.772965361838642 ], [ -61.047530415137636, -12.772965361838651 ], [ -61.047530415137636, -12.773504351009116 ], [ -61.046991425967164, -12.773504351009118 ], [ -61.046991425967164, -12.773773845594361 ], [ -61.046452436796692, -12.773773845594365 ], [ -61.046452436796692, -12.774043340179592 ], [ -61.046182942211452, -12.774043340179599 ], [ -61.046182942211452, -12.774851823935297 ], [ -61.046452436796692, -12.774851823935311 ], [ -61.046452436796692, -12.775121318520529 ], [ -61.046721931381924, -12.775121318520531 ], [ -61.046721931381924, -12.775660307691011 ], [ -61.046991425967164, -12.775660307691007 ], [ -61.046991425967164, -12.775929802276236 ], [ -61.046452436796692, -12.775929802276243 ], [ -61.046452436796692, -12.776468791446721 ], [ -61.045913447626219, -12.776468791446717 ], [ -61.045913447626219, -12.776738286031961 ], [ -61.04564395304098, -12.77673828603195 ], [ -61.04564395304098, -12.777007780617183 ], [ -61.045913447626219, -12.777007780617184 ], [ -61.045913447626219, -12.777277275202419 ], [ -61.047260920552397, -12.777277275202424 ], [ -61.047260920552397, -12.77754676978766 ], [ -61.047530415137636, -12.77754676978766 ], [ -61.047530415137636, -12.778085758958126 ], [ -61.047260920552397, -12.778085758958133 ], [ -61.047260920552397, -12.778624748128605 ], [ -61.046991425967164, -12.778624748128594 ], [ -61.046991425967164, -12.779163737299083 ], [ -61.047260920552397, -12.779163737299077 ], [ -61.047260920552397, -12.779433231884312 ], [ -61.048608393478581, -12.779433231884306 ], [ -61.048608393478581, -12.779972221054788 ], [ -61.049147382649053, -12.779972221054784 ], [ -61.049147382649053, -12.779702726469548 ], [ -61.048877888063814, -12.779702726469539 ], [ -61.048877888063814, -12.779163737299076 ], [ -61.048608393478581, -12.779163737299072 ], [ -61.048608393478581, -12.778624748128607 ], [ -61.048338898893341, -12.7786247481286 ], [ -61.048338898893341, -12.777277275202424 ], [ -61.048069404308109, -12.777277275202421 ], [ -61.048069404308109, -12.776738286031952 ], [ -61.047799909722869, -12.776738286031959 ], [ -61.047799909722869, -12.776199296861479 ], [ -61.048069404308109, -12.776199296861487 ], [ -61.048069404308109, -12.775929802276247 ], [ -61.048338898893341, -12.775929802276238 ], [ -61.048338898893341, -12.776199296861487 ], [ -61.048877888063814, -12.776199296861474 ], [ -61.048877888063814, -12.776468791446712 ], [ -61.049147382649053, -12.776468791446723 ], [ -61.049147382649053, -12.776738286031947 ], [ -61.049416877234286, -12.776738286031947 ], [ -61.049416877234286, -12.776468791446723 ], [ -61.049686371819526, -12.776468791446712 ], [ -61.049686371819526, -12.776738286031961 ], [ -61.050225360989998, -12.776738286031955 ], [ -61.050225360989998, -12.777277275202422 ], [ -61.05076435016047, -12.777277275202417 ], [ -61.05076435016047, -12.777816264372898 ], [ -61.051033844745703, -12.777816264372895 ], [ -61.051033844745703, -12.778085758958127 ], [ -61.051303339330943, -12.778085758958133 ], [ -61.051303339330943, -12.778624748128598 ], [ -61.051572833916175, -12.778624748128605 ], [ -61.051572833916175, -12.779163737299074 ], [ -61.051842328501415, -12.779163737299077 ], [ -61.051842328501415, -12.779972221054781 ], [ -61.052381317671887, -12.779972221054786 ], [ -61.052381317671887, -12.779702726469552 ], [ -61.052111823086648, -12.779702726469548 ], [ -61.052111823086648, -12.777277275202426 ], [ -61.052381317671887, -12.777277275202419 ], [ -61.052381317671887, -12.77673828603195 ], [ -61.05292030684236, -12.776738286031962 ], [ -61.05292030684236, -12.776199296861478 ], [ -61.053189801427592, -12.776199296861485 ], [ -61.053189801427592, -12.775660307691 ], [ -61.053459296012818, -12.775660307691009 ], [ -61.053459296012818, -12.774851823935299 ], [ -61.053728790598065, -12.774851823935297 ], [ -61.053728790598065, -12.773234856423889 ], [ -61.05399828518329, -12.773234856423896 ], [ -61.05399828518329, -12.772695867253413 ], [ -61.055615252694707, -12.77269586725342 ], [ -61.055615252694707, -12.772965361838656 ], [ -61.055884747279954, -12.772965361838644 ], [ -61.055884747279954, -12.772695867253413 ], [ -61.05615424186518, -12.772695867253409 ], [ -61.05615424186518, -12.772965361838658 ], [ -61.056423736450412, -12.772965361838649 ], [ -61.056423736450412, -12.772695867253404 ], [ -61.056693231035652, -12.772695867253418 ], [ -61.056693231035652, -12.772965361838652 ], [ -61.057501714791357, -12.772965361838654 ], [ -61.057501714791357, -12.773234856423894 ], [ -61.058310198547069, -12.773234856423885 ], [ -61.058310198547069, -12.773773845594363 ], [ -61.058579693132302, -12.77377384559435 ], [ -61.058579693132302, -12.774043340179587 ], [ -61.058040703961829, -12.774043340179594 ], [ -61.058040703961829, -12.774312834764828 ], [ -61.058310198547069, -12.774312834764833 ], [ -61.058310198547069, -12.774582329350061 ], [ -61.058040703961829, -12.774582329350061 ], [ -61.058040703961829, -12.774851823935304 ], [ -61.058310198547069, -12.774851823935295 ], [ -61.058310198547069, -12.775121318520537 ], [ -61.058040703961829, -12.775121318520535 ], [ -61.058040703961829, -12.775390813105773 ], [ -61.058310198547069, -12.775390813105764 ], [ -61.058310198547069, -12.776468791446723 ], [ -61.058579693132302, -12.776468791446721 ], [ -61.058579693132302, -12.775121318520538 ], [ -61.058849187717541, -12.775121318520531 ], [ -61.058849187717541, -12.774851823935306 ], [ -61.059927166058472, -12.774851823935293 ], [ -61.059927166058472, -12.775121318520535 ], [ -61.060466155228944, -12.775121318520533 ], [ -61.060466155228944, -12.775390813105764 ], [ -61.060735649814191, -12.775390813105766 ], [ -61.060735649814191, -12.775660307691014 ], [ -61.060466155228944, -12.775660307691002 ], [ -61.060466155228944, -12.776199296861488 ], [ -61.060196660643719, -12.776199296861479 ], [ -61.060196660643719, -12.776468791446714 ], [ -61.060466155228944, -12.776468791446721 ], [ -61.060466155228944, -12.776738286031943 ], [ -61.060735649814191, -12.776738286031952 ], [ -61.060735649814191, -12.77646879144671 ], [ -61.061005144399417, -12.776468791446723 ], [ -61.061005144399417, -12.776738286031955 ], [ -61.061274638984663, -12.776738286031948 ], [ -61.061274638984663, -12.776468791446717 ], [ -61.061544133569889, -12.776468791446725 ], [ -61.061544133569889, -12.776738286031947 ], [ -61.061813628155136, -12.776738286031954 ], [ -61.061813628155136, -12.776468791446712 ], [ -61.062083122740361, -12.776468791446712 ], [ -61.062083122740361, -12.777816264372898 ], [ -61.061544133569889, -12.777816264372886 ], [ -61.061544133569889, -12.778355253543365 ], [ -61.059927166058472, -12.778355253543365 ], [ -61.059927166058472, -12.777816264372897 ], [ -61.059388176888, -12.777816264372898 ], [ -61.059388176888, -12.778085758958133 ], [ -61.059657671473246, -12.778085758958138 ], [ -61.059657671473246, -12.778355253543372 ], [ -61.059388176888, -12.778355253543362 ], [ -61.059388176888, -12.778624748128607 ], [ -61.059118682302774, -12.778624748128616 ], [ -61.059118682302774, -12.778894242713845 ], [ -61.058849187717541, -12.778894242713832 ], [ -61.058849187717541, -12.779163737299081 ], [ -61.058579693132302, -12.779163737299085 ], [ -61.058579693132302, -12.779702726469552 ], [ -61.058310198547069, -12.779702726469548 ], [ -61.058310198547069, -12.780511210225255 ], [ -61.058579693132302, -12.780511210225258 ], [ -61.058579693132302, -12.780241715640022 ], [ -61.059118682302774, -12.780241715640019 ], [ -61.059118682302774, -12.779972221054784 ], [ -61.059388176888, -12.779972221054777 ], [ -61.059388176888, -12.779702726469546 ], [ -61.059927166058472, -12.779702726469543 ], [ -61.059927166058472, -12.77943323188431 ], [ -61.060466155228944, -12.779433231884312 ], [ -61.060466155228944, -12.779163737299077 ], [ -61.061005144399417, -12.779163737299079 ], [ -61.061005144399417, -12.778894242713836 ], [ -61.061274638984663, -12.778894242713841 ], [ -61.061274638984663, -12.7786247481286 ], [ -61.062083122740361, -12.778624748128605 ], [ -61.062083122740361, -12.778355253543376 ], [ -61.062622111910834, -12.778355253543374 ], [ -61.062622111910834, -12.778085758958136 ], [ -61.063161101081306, -12.778085758958133 ], [ -61.063161101081306, -12.777816264372904 ], [ -61.063430595666553, -12.777816264372895 ], [ -61.063430595666553, -12.777546769787666 ], [ -61.063969584837025, -12.777546769787666 ], [ -61.063969584837025, -12.77727727520243 ], [ -61.064239079422251, -12.777277275202421 ], [ -61.064239079422251, -12.777816264372889 ], [ -61.064508574007498, -12.777816264372895 ], [ -61.064508574007498, -12.776468791446716 ], [ -61.064239079422251, -12.776468791446725 ], [ -61.064239079422251, -12.776199296861474 ], [ -61.062083122740361, -12.776199296861487 ], [ -61.062083122740361, -12.775929802276252 ], [ -61.062352617325608, -12.775929802276243 ], [ -61.062352617325608, -12.775390813105776 ], [ -61.062622111910834, -12.775390813105767 ], [ -61.062622111910834, -12.775121318520528 ], [ -61.06289160649608, -12.775121318520533 ], [ -61.06289160649608, -12.773773845594356 ], [ -61.062622111910834, -12.77377384559435 ], [ -61.062622111910834, -12.774582329350068 ], [ -61.062352617325608, -12.774582329350062 ], [ -61.062352617325608, -12.774851823935309 ], [ -61.062083122740361, -12.774851823935309 ], [ -61.062083122740361, -12.775390813105773 ], [ -61.061005144399417, -12.775390813105767 ], [ -61.061005144399417, -12.775121318520535 ], [ -61.060735649814191, -12.775121318520542 ], [ -61.060735649814191, -12.774851823935302 ], [ -61.060466155228944, -12.774851823935306 ], [ -61.060466155228944, -12.774582329350064 ], [ -61.060196660643719, -12.774582329350061 ], [ -61.060196660643719, -12.773773845594366 ], [ -61.060466155228944, -12.773773845594359 ], [ -61.060466155228944, -12.77323485642389 ], [ -61.060735649814191, -12.773234856423894 ], [ -61.060735649814191, -12.772965361838654 ], [ -61.061005144399417, -12.772965361838644 ], [ -61.061005144399417, -12.772695867253422 ], [ -61.061274638984663, -12.772695867253409 ], [ -61.061274638984663, -12.772426372668177 ], [ -61.061544133569889, -12.772426372668173 ], [ -61.061544133569889, -12.772156878082949 ], [ -61.061813628155136, -12.772156878082935 ], [ -61.061813628155136, -12.771887383497708 ], [ -61.062083122740361, -12.771887383497706 ], [ -61.062083122740361, -12.771617888912466 ], [ -61.062352617325608, -12.771617888912473 ], [ -61.062352617325608, -12.771348394327227 ], [ -61.063161101081306, -12.771348394327232 ], [ -61.063161101081306, -12.771617888912472 ], [ -61.063430595666553, -12.771617888912466 ], [ -61.063430595666553, -12.771887383497702 ], [ -61.063161101081306, -12.771887383497711 ], [ -61.063161101081306, -12.772426372668173 ], [ -61.062622111910834, -12.772426372668182 ], [ -61.062622111910834, -12.772965361838647 ], [ -61.06289160649608, -12.772965361838649 ], [ -61.06289160649608, -12.772695867253423 ], [ -61.063430595666553, -12.772695867253423 ], [ -61.063430595666553, -12.772426372668178 ], [ -61.063700090251778, -12.772426372668178 ], [ -61.063700090251778, -12.772156878082935 ], [ -61.064239079422251, -12.772156878082948 ], [ -61.064239079422251, -12.771617888912479 ], [ -61.064508574007498, -12.771617888912468 ], [ -61.064508574007498, -12.771887383497715 ], [ -61.064778068592723, -12.771887383497715 ], [ -61.064778068592723, -12.771617888912473 ], [ -61.06504756317797, -12.771617888912473 ], [ -61.06504756317797, -12.772156878082946 ], [ -61.065586552348442, -12.772156878082935 ], [ -61.065586552348442, -12.772426372668177 ], [ -61.066125541518915, -12.772426372668187 ], [ -61.066125541518915, -12.772695867253409 ], [ -61.066664530689387, -12.772695867253415 ], [ -61.066664530689387, -12.772965361838651 ], [ -61.067203519859859, -12.77296536183866 ], [ -61.067203519859859, -12.77323485642388 ], [ -61.067742509030332, -12.773234856423883 ], [ -61.067742509030332, -12.772695867253413 ], [ -61.067473014445085, -12.772695867253413 ], [ -61.067473014445085, -12.772426372668184 ], [ -61.067203519859859, -12.772426372668171 ], [ -61.067203519859859, -12.771617888912466 ], [ -61.066934025274612, -12.771617888912465 ], [ -61.066934025274612, -12.771078899742005 ], [ -61.066664530689387, -12.771078899741994 ], [ -61.066664530689387, -12.77080940515677 ], [ -61.066125541518915, -12.770809405156767 ], [ -61.066125541518915, -12.771078899741994 ], [ -61.065856046933668, -12.771078899742003 ], [ -61.065856046933668, -12.770809405156761 ], [ -61.065586552348442, -12.770809405156756 ], [ -61.065586552348442, -12.771078899742006 ], [ -61.065317057763195, -12.771078899741994 ], [ -61.065317057763195, -12.770809405156765 ], [ -61.06504756317797, -12.770809405156765 ], [ -61.06504756317797, -12.771348394327235 ], [ -61.064778068592723, -12.77134839432723 ], [ -61.064778068592723, -12.771078899741996 ], [ -61.064508574007498, -12.771078899742006 ], [ -61.064508574007498, -12.771348394327243 ], [ -61.064239079422251, -12.771348394327239 ], [ -61.064239079422251, -12.77080940515677 ], [ -61.063161101081306, -12.77080940515677 ], [ -61.063161101081306, -12.770539910571525 ], [ -61.06289160649608, -12.770539910571527 ], [ -61.06289160649608, -12.770809405156772 ], [ -61.062622111910834, -12.770809405156772 ], [ -61.062622111910834, -12.770539910571529 ], [ -61.062352617325608, -12.770539910571529 ], [ -61.062352617325608, -12.771078899741999 ], [ -61.061813628155136, -12.771078899741992 ], [ -61.061813628155136, -12.771617888912472 ], [ -61.061544133569889, -12.771617888912466 ], [ -61.061544133569889, -12.771887383497715 ], [ -61.061005144399417, -12.771887383497704 ], [ -61.061005144399417, -12.772156878082944 ], [ -61.060196660643719, -12.772156878082939 ], [ -61.060196660643719, -12.772426372668182 ], [ -61.059657671473246, -12.772426372668171 ], [ -61.059657671473246, -12.77269586725342 ], [ -61.059927166058472, -12.772695867253409 ], [ -61.059927166058472, -12.772965361838642 ], [ -61.059657671473246, -12.772965361838645 ], [ -61.059657671473246, -12.773504351009125 ], [ -61.058849187717541, -12.773504351009128 ], [ -61.058849187717541, -12.773234856423889 ], [ -61.058579693132302, -12.773234856423883 ], [ -61.058579693132302, -12.772965361838651 ], [ -61.058310198547069, -12.772965361838656 ], [ -61.058310198547069, -12.772695867253418 ], [ -61.058040703961829, -12.772695867253411 ], [ -61.058040703961829, -12.772426372668171 ], [ -61.05615424186518, -12.772426372668171 ], [ -61.05615424186518, -12.77215687808294 ], [ -61.055076263524235, -12.772156878082948 ], [ -61.055076263524235, -12.771887383497702 ], [ -61.054537274353763, -12.77188738349771 ], [ -61.054537274353763, -12.771617888912461 ], [ -61.054267779768537, -12.771617888912472 ], [ -61.054267779768537, -12.771348394327234 ], [ -61.054537274353763, -12.771348394327239 ], [ -61.054537274353763, -12.771078899741994 ], [ -61.054267779768537, -12.77107889974199 ], [ -61.054267779768537, -12.770809405156761 ], [ -61.054537274353763, -12.770809405156758 ], [ -61.054537274353763, -12.770539910571532 ], [ -61.054267779768537, -12.77053991057152 ], [ -61.054267779768537, -12.770270415986293 ], [ -61.054537274353763, -12.770270415986282 ], [ -61.054537274353763, -12.770000921401063 ], [ -61.054267779768537, -12.770000921401056 ], [ -61.054267779768537, -12.769461932230582 ], [ -61.05399828518329, -12.769461932230577 ], [ -61.05399828518329, -12.769731426815817 ], [ -61.053728790598065, -12.769731426815811 ], [ -61.053728790598065, -12.769461932230589 ], [ -61.053459296012818, -12.769461932230575 ], [ -61.053459296012818, -12.769731426815818 ], [ -61.052381317671887, -12.769731426815817 ], [ -61.052381317671887, -12.769461932230577 ], [ -61.052111823086648, -12.769461932230577 ], [ -61.052111823086648, -12.769192437645348 ], [ -61.051842328501415, -12.769192437645344 ], [ -61.051842328501415, -12.769461932230573 ], [ -61.051303339330943, -12.769461932230584 ], [ -61.051303339330943, -12.77000092140106 ], [ -61.05076435016047, -12.770000921401051 ], [ -61.05076435016047, -12.771078899742001 ], [ -61.051033844745703, -12.771078899741999 ], [ -61.051033844745703, -12.771617888912468 ] ] ], [ [ [ -61.062622111910834, -12.772965361838647 ], [ -61.062352617325608, -12.772965361838645 ], [ -61.062352617325608, -12.773773845594363 ], [ -61.062622111910834, -12.77377384559435 ], [ -61.062622111910834, -12.772965361838647 ] ] ], [ [ [ -61.045374458455747, -12.771617888912473 ], [ -61.045374458455747, -12.771887383497704 ], [ -61.044565974700035, -12.771887383497713 ], [ -61.044565974700035, -12.772156878082939 ], [ -61.046991425967164, -12.772156878082946 ], [ -61.046991425967164, -12.771617888912477 ], [ -61.045374458455747, -12.771617888912473 ] ] ], [ [ [ -61.051303339330943, -12.765150018866809 ], [ -61.051572833916175, -12.765150018866812 ], [ -61.051572833916175, -12.765419513452043 ], [ -61.051303339330943, -12.765419513452052 ], [ -61.051303339330943, -12.765958502622519 ], [ -61.05076435016047, -12.765958502622524 ], [ -61.05076435016047, -12.766497491792988 ], [ -61.049955866404758, -12.766497491792995 ], [ -61.049955866404758, -12.766766986378224 ], [ -61.049686371819526, -12.766766986378231 ], [ -61.049686371819526, -12.766497491792981 ], [ -61.048877888063814, -12.766497491792988 ], [ -61.048877888063814, -12.766766986378231 ], [ -61.048608393478581, -12.766766986378228 ], [ -61.048608393478581, -12.766227997207757 ], [ -61.048338898893341, -12.766227997207761 ], [ -61.048338898893341, -12.765689008037283 ], [ -61.048608393478581, -12.765689008037283 ], [ -61.048608393478581, -12.765419513452056 ], [ -61.048877888063814, -12.765419513452054 ], [ -61.048877888063814, -12.765150018866816 ], [ -61.049147382649053, -12.765150018866807 ], [ -61.049147382649053, -12.764880524281578 ], [ -61.049955866404758, -12.76488052428158 ], [ -61.049955866404758, -12.764341535111093 ], [ -61.04564395304098, -12.764341535111097 ], [ -61.04564395304098, -12.764072040525866 ], [ -61.045374458455747, -12.764072040525866 ], [ -61.045374458455747, -12.764341535111098 ], [ -61.045104963870507, -12.764341535111106 ], [ -61.045104963870507, -12.764611029696349 ], [ -61.044835469285275, -12.764611029696335 ], [ -61.044835469285275, -12.765150018866814 ], [ -61.044565974700035, -12.765150018866807 ], [ -61.044565974700035, -12.767305975548691 ], [ -61.044296480114802, -12.767305975548691 ], [ -61.044296480114802, -12.767575470133933 ], [ -61.04402698552957, -12.767575470133936 ], [ -61.04402698552957, -12.767844964719171 ], [ -61.04375749094433, -12.767844964719172 ], [ -61.04375749094433, -12.768114459304408 ], [ -61.043218501773858, -12.768114459304394 ], [ -61.043218501773858, -12.768383953889643 ], [ -61.042949007188625, -12.768383953889643 ], [ -61.042949007188625, -12.768114459304408 ], [ -61.042410018018153, -12.768114459304403 ], [ -61.042410018018153, -12.768383953889643 ], [ -61.042140523432913, -12.768383953889639 ], [ -61.042140523432913, -12.768653448474867 ], [ -61.04187102884768, -12.76865344847487 ], [ -61.04187102884768, -12.769192437645351 ], [ -61.041601534262441, -12.769192437645348 ], [ -61.041601534262441, -12.768922943060121 ], [ -61.041062545091982, -12.768922943060121 ], [ -61.041062545091982, -12.76865344847487 ], [ -61.040793050506736, -12.768653448474875 ], [ -61.040793050506736, -12.768114459304407 ], [ -61.04052355592151, -12.768114459304401 ], [ -61.04052355592151, -12.767844964719165 ], [ -61.039176082995318, -12.767844964719176 ], [ -61.039176082995318, -12.767575470133934 ], [ -61.038637093824846, -12.767575470133934 ], [ -61.038637093824846, -12.767305975548691 ], [ -61.037828610069148, -12.767305975548693 ], [ -61.037828610069148, -12.766766986378235 ], [ -61.037289620898676, -12.766766986378233 ], [ -61.037289620898676, -12.766227997207746 ], [ -61.036750631728204, -12.766227997207752 ], [ -61.036750631728204, -12.765689008037281 ], [ -61.036211642557731, -12.765689008037279 ], [ -61.036211642557731, -12.765419513452057 ], [ -61.036481137142957, -12.765419513452045 ], [ -61.036481137142957, -12.765150018866811 ], [ -61.036211642557731, -12.765150018866805 ], [ -61.036211642557731, -12.764880524281578 ], [ -61.035942147972484, -12.764880524281578 ], [ -61.035942147972484, -12.764611029696345 ], [ -61.035403158802012, -12.764611029696345 ], [ -61.035403158802012, -12.764341535111098 ], [ -61.033247202120123, -12.764341535111106 ], [ -61.033247202120123, -12.764072040525873 ], [ -61.032438718364425, -12.764072040525871 ], [ -61.032438718364425, -12.764341535111093 ], [ -61.032169223779192, -12.764341535111104 ], [ -61.032169223779192, -12.764880524281567 ], [ -61.031899729193952, -12.764880524281573 ], [ -61.031899729193952, -12.767844964719171 ], [ -61.032438718364425, -12.767844964719172 ], [ -61.032438718364425, -12.767036480963471 ], [ -61.03270821294965, -12.767036480963451 ], [ -61.03270821294965, -12.766497491792984 ], [ -61.032977707534897, -12.766497491792991 ], [ -61.032977707534897, -12.765958502622519 ], [ -61.033516696705369, -12.765958502622508 ], [ -61.033516696705369, -12.765419513452047 ], [ -61.034055685875842, -12.765419513452054 ], [ -61.034055685875842, -12.765150018866807 ], [ -61.034325180461067, -12.765150018866803 ], [ -61.034325180461067, -12.765419513452041 ], [ -61.034594675046314, -12.765419513452041 ], [ -61.034594675046314, -12.765150018866818 ], [ -61.03486416963154, -12.765150018866816 ], [ -61.03486416963154, -12.765419513452054 ], [ -61.035133664216787, -12.765419513452047 ], [ -61.035133664216787, -12.765150018866811 ], [ -61.035403158802012, -12.765150018866811 ], [ -61.035403158802012, -12.76541951345205 ], [ -61.035942147972484, -12.765419513452047 ], [ -61.035942147972484, -12.766497491792981 ], [ -61.035672653387259, -12.766497491792993 ], [ -61.035672653387259, -12.767036480963462 ], [ -61.036211642557731, -12.767036480963466 ], [ -61.036211642557731, -12.766766986378224 ], [ -61.036481137142957, -12.766766986378228 ], [ -61.036481137142957, -12.767036480963464 ], [ -61.037289620898676, -12.767036480963469 ], [ -61.037289620898676, -12.767305975548693 ], [ -61.037559115483901, -12.767305975548695 ], [ -61.037559115483901, -12.767575470133936 ], [ -61.037828610069148, -12.767575470133936 ], [ -61.037828610069148, -12.767844964719169 ], [ -61.038098104654374, -12.767844964719172 ], [ -61.038098104654374, -12.768114459304408 ], [ -61.038637093824846, -12.768114459304398 ], [ -61.038637093824846, -12.768383953889641 ], [ -61.039176082995318, -12.768383953889636 ], [ -61.039176082995318, -12.76865344847487 ], [ -61.039715072165791, -12.768653448474881 ], [ -61.039715072165791, -12.768922943060112 ], [ -61.039984566751038, -12.768922943060112 ], [ -61.039984566751038, -12.769192437645353 ], [ -61.04052355592151, -12.769192437645353 ], [ -61.04052355592151, -12.770270415986298 ], [ -61.040254061336263, -12.770270415986289 ], [ -61.040254061336263, -12.770539910571532 ], [ -61.040793050506736, -12.770539910571529 ], [ -61.040793050506736, -12.77080940515677 ], [ -61.041332039677208, -12.770809405156756 ], [ -61.041332039677208, -12.771078899741989 ], [ -61.041601534262441, -12.771078899741992 ], [ -61.041601534262441, -12.77134839432723 ], [ -61.042140523432913, -12.771348394327243 ], [ -61.042140523432913, -12.771887383497699 ], [ -61.042679512603385, -12.77188738349771 ], [ -61.042679512603385, -12.772156878082935 ], [ -61.042949007188625, -12.772156878082935 ], [ -61.042949007188625, -12.772426372668177 ], [ -61.043218501773858, -12.772426372668185 ], [ -61.043218501773858, -12.772156878082949 ], [ -61.044296480114802, -12.772156878082935 ], [ -61.044296480114802, -12.771617888912477 ], [ -61.042949007188625, -12.771617888912479 ], [ -61.042949007188625, -12.771078899741992 ], [ -61.042410018018153, -12.771078899742001 ], [ -61.042410018018153, -12.770539910571529 ], [ -61.042140523432913, -12.770539910571534 ], [ -61.042140523432913, -12.770000921401051 ], [ -61.042410018018153, -12.770000921401062 ], [ -61.042410018018153, -12.769192437645353 ], [ -61.042679512603385, -12.769192437645353 ], [ -61.042679512603385, -12.768922943060117 ], [ -61.043218501773858, -12.768922943060117 ], [ -61.043218501773858, -12.768653448474868 ], [ -61.044565974700035, -12.768653448474872 ], [ -61.044565974700035, -12.768922943060119 ], [ -61.045104963870507, -12.768922943060113 ], [ -61.045104963870507, -12.76919243764535 ], [ -61.045374458455747, -12.769192437645353 ], [ -61.045374458455747, -12.769461932230579 ], [ -61.04564395304098, -12.769461932230575 ], [ -61.04564395304098, -12.769731426815813 ], [ -61.045913447626219, -12.769731426815813 ], [ -61.045913447626219, -12.770000921401058 ], [ -61.046182942211452, -12.770000921401062 ], [ -61.046182942211452, -12.770270415986293 ], [ -61.046452436796692, -12.770270415986289 ], [ -61.046452436796692, -12.770539910571532 ], [ -61.046721931381924, -12.770539910571527 ], [ -61.046721931381924, -12.770270415986293 ], [ -61.046991425967164, -12.770270415986291 ], [ -61.046991425967164, -12.77053991057153 ], [ -61.047260920552397, -12.770539910571532 ], [ -61.047260920552397, -12.770270415986298 ], [ -61.047530415137636, -12.770270415986293 ], [ -61.047530415137636, -12.770539910571522 ], [ -61.048069404308109, -12.770539910571527 ], [ -61.048069404308109, -12.770809405156754 ], [ -61.048338898893341, -12.77080940515677 ], [ -61.048338898893341, -12.770539910571529 ], [ -61.048877888063814, -12.770539910571529 ], [ -61.048877888063814, -12.768653448474881 ], [ -61.049147382649053, -12.768653448474867 ], [ -61.049147382649053, -12.768383953889645 ], [ -61.049416877234286, -12.768383953889632 ], [ -61.049416877234286, -12.7681144593044 ], [ -61.050494855575231, -12.768114459304405 ], [ -61.050494855575231, -12.767844964719163 ], [ -61.051033844745703, -12.767844964719167 ], [ -61.051033844745703, -12.768114459304394 ], [ -61.051303339330943, -12.76811445930441 ], [ -61.051303339330943, -12.767844964719178 ], [ -61.051572833916175, -12.767844964719163 ], [ -61.051572833916175, -12.768114459304405 ], [ -61.051842328501415, -12.768114459304394 ], [ -61.051842328501415, -12.767844964719178 ], [ -61.052381317671887, -12.767844964719167 ], [ -61.052381317671887, -12.767575470133943 ], [ -61.05265081225712, -12.767575470133929 ], [ -61.05265081225712, -12.767844964719179 ], [ -61.05292030684236, -12.767844964719169 ], [ -61.05292030684236, -12.767575470133933 ], [ -61.05399828518329, -12.767575470133941 ], [ -61.05399828518329, -12.767844964719172 ], [ -61.054806768939009, -12.767844964719171 ], [ -61.054806768939009, -12.767575470133941 ], [ -61.055615252694707, -12.767575470133936 ], [ -61.055615252694707, -12.767036480963467 ], [ -61.05615424186518, -12.767036480963464 ], [ -61.05615424186518, -12.766497491792979 ], [ -61.056423736450412, -12.766497491792997 ], [ -61.056423736450412, -12.765958502622523 ], [ -61.056693231035652, -12.765958502622521 ], [ -61.056693231035652, -12.765689008037285 ], [ -61.056962725620885, -12.765689008037278 ], [ -61.056962725620885, -12.765419513452049 ], [ -61.056423736450412, -12.76541951345204 ], [ -61.056423736450412, -12.765689008037285 ], [ -61.055884747279954, -12.765689008037286 ], [ -61.055884747279954, -12.76541951345205 ], [ -61.055615252694707, -12.76541951345205 ], [ -61.055615252694707, -12.765150018866805 ], [ -61.055345758109482, -12.765150018866814 ], [ -61.055345758109482, -12.76488052428158 ], [ -61.055076263524235, -12.764880524281581 ], [ -61.055076263524235, -12.764611029696335 ], [ -61.054267779768537, -12.76461102969634 ], [ -61.054267779768537, -12.764341535111107 ], [ -61.05399828518329, -12.764341535111104 ], [ -61.05399828518329, -12.76461102969634 ], [ -61.053728790598065, -12.764611029696335 ], [ -61.053728790598065, -12.764341535111097 ], [ -61.052381317671887, -12.764341535111111 ], [ -61.052381317671887, -12.764072040525869 ], [ -61.051842328501415, -12.764072040525868 ], [ -61.051842328501415, -12.76380254594063 ], [ -61.051572833916175, -12.763802545940631 ], [ -61.051572833916175, -12.764072040525871 ], [ -61.05076435016047, -12.764072040525864 ], [ -61.05076435016047, -12.76488052428158 ], [ -61.051033844745703, -12.764880524281567 ], [ -61.051033844745703, -12.764611029696338 ], [ -61.051303339330943, -12.764611029696338 ], [ -61.051303339330943, -12.765150018866809 ] ], [ [ -61.045913447626219, -12.766766986378226 ], [ -61.045913447626219, -12.766497491792991 ], [ -61.04564395304098, -12.766497491792991 ], [ -61.04564395304098, -12.765958502622517 ], [ -61.045374458455747, -12.765958502622517 ], [ -61.045374458455747, -12.765419513452045 ], [ -61.045104963870507, -12.765419513452047 ], [ -61.045104963870507, -12.765150018866816 ], [ -61.045374458455747, -12.765150018866809 ], [ -61.045374458455747, -12.764880524281576 ], [ -61.04564395304098, -12.764880524281578 ], [ -61.04564395304098, -12.764611029696347 ], [ -61.048069404308109, -12.764611029696342 ], [ -61.048069404308109, -12.765419513452043 ], [ -61.047799909722869, -12.765419513452047 ], [ -61.047799909722869, -12.765958502622512 ], [ -61.047260920552397, -12.765958502622517 ], [ -61.047260920552397, -12.766497491792991 ], [ -61.046721931381924, -12.766497491792991 ], [ -61.046721931381924, -12.766766986378222 ], [ -61.045913447626219, -12.766766986378226 ] ], [ [ -61.047260920552397, -12.768922943060108 ], [ -61.047260920552397, -12.768383953889648 ], [ -61.047530415137636, -12.768383953889641 ], [ -61.047530415137636, -12.768114459304401 ], [ -61.047799909722869, -12.768114459304407 ], [ -61.047799909722869, -12.768383953889634 ], [ -61.048338898893341, -12.768383953889641 ], [ -61.048338898893341, -12.768653448474881 ], [ -61.048069404308109, -12.768653448474868 ], [ -61.048069404308109, -12.769192437645353 ], [ -61.046991425967164, -12.769192437645341 ], [ -61.046991425967164, -12.768922943060112 ], [ -61.047260920552397, -12.768922943060108 ] ] ], [ [ [ -61.056962725620885, -12.765419513452049 ], [ -61.057232220206124, -12.765419513452045 ], [ -61.057232220206124, -12.7651500188668 ], [ -61.057501714791357, -12.765150018866816 ], [ -61.057501714791357, -12.765419513452054 ], [ -61.057771209376597, -12.765419513452045 ], [ -61.057771209376597, -12.766227997207755 ], [ -61.058310198547069, -12.766227997207759 ], [ -61.058310198547069, -12.766497491792993 ], [ -61.058579693132302, -12.766497491792991 ], [ -61.058579693132302, -12.765958502622519 ], [ -61.059118682302774, -12.765958502622523 ], [ -61.059118682302774, -12.765689008037279 ], [ -61.058849187717541, -12.76568900803729 ], [ -61.058849187717541, -12.765150018866812 ], [ -61.058579693132302, -12.765150018866803 ], [ -61.058579693132302, -12.764880524281574 ], [ -61.058849187717541, -12.764880524281578 ], [ -61.058849187717541, -12.764611029696336 ], [ -61.059657671473246, -12.764611029696338 ], [ -61.059657671473246, -12.764880524281576 ], [ -61.060196660643719, -12.764880524281578 ], [ -61.060196660643719, -12.764611029696345 ], [ -61.059927166058472, -12.764611029696344 ], [ -61.059927166058472, -12.7643415351111 ], [ -61.059388176888, -12.764341535111104 ], [ -61.059388176888, -12.764072040525873 ], [ -61.058310198547069, -12.764072040525873 ], [ -61.058310198547069, -12.7643415351111 ], [ -61.057771209376597, -12.7643415351111 ], [ -61.057771209376597, -12.764611029696331 ], [ -61.057501714791357, -12.764611029696338 ], [ -61.057501714791357, -12.764880524281573 ], [ -61.056962725620885, -12.764880524281578 ], [ -61.056962725620885, -12.765419513452049 ] ] ], [ [ [ -61.060466155228944, -12.765150018866811 ], [ -61.060466155228944, -12.764880524281569 ], [ -61.060196660643719, -12.764880524281578 ], [ -61.060196660643719, -12.765150018866816 ], [ -61.060466155228944, -12.765150018866811 ] ] ], [ [ [ -61.014382581153619, -12.760838105503034 ], [ -61.014113086568386, -12.760838105503032 ], [ -61.014113086568386, -12.761916083843984 ], [ -61.014382581153619, -12.761916083843975 ], [ -61.014382581153619, -12.760838105503034 ] ] ], [ [ [ -61.014382581153619, -12.748980343752654 ], [ -61.014113086568386, -12.748980343752667 ], [ -61.014113086568386, -12.74924983833789 ], [ -61.014382581153619, -12.749249838337899 ], [ -61.014382581153619, -12.748980343752654 ] ] ], [ [ [ -61.014113086568386, -12.748441354582182 ], [ -61.014113086568386, -12.748710849167418 ], [ -61.014382581153619, -12.748710849167429 ], [ -61.014382581153619, -12.748980343752654 ], [ -61.014652075738859, -12.748980343752658 ], [ -61.014652075738859, -12.748441354582182 ], [ -61.014113086568386, -12.748441354582182 ] ] ], [ [ [ -61.014652075738859, -12.748441354582182 ], [ -61.015191064909331, -12.748441354582186 ], [ -61.015191064909331, -12.748171859996956 ], [ -61.020580956614047, -12.748171859996955 ], [ -61.020580956614047, -12.74790236541171 ], [ -61.014652075738859, -12.747902365411713 ], [ -61.014652075738859, -12.748441354582182 ] ] ], [ [ [ -61.030282761682535, -12.747632870826475 ], [ -61.027048826659716, -12.747632870826484 ], [ -61.027048826659716, -12.747902365411717 ], [ -61.030282761682535, -12.747902365411724 ], [ -61.030282761682535, -12.747632870826475 ] ] ] ] } }
]
}
