{
"type": "FeatureCollection",
"name": "rio_branco",
"crs": { "type": "name", "properties": { "name": "urn:ogc:def:crs:OGC:1.3:CRS84" } },
"features": [
{ "type": "Feature", "properties": { "area_ha": 441.16 }, "geometry": { "type": "MultiPolygon", "coordinates": [ [ [ [ -62.861498468360182, -12.118902003471227 ], [ -62.861498468360182, -12.119171498056463 ], [ -62.861767962945414, -12.119171498056463 ], [ -62.861767962945414, -12.118551955631627 ], [ -62.861561533789455, -12.118363014300755 ], [ -62.861498468360182, -12.118363014300755 ], [ -62.861498468360182, -12.118305291514051 ], [ -62.861267095619105, -12.118093519715519 ], [ -62.860959479189709, -12.118093519715519 ], [ -62.860959479189709, -12.118363014300755 ], [ -62.861228973774949, -12.118363014300755 ], [ -62.861228973774949, -12.118902003471227 ], [ -62.861498468360182, -12.118902003471227 ] ] ], [ [ [ -62.832393053154711, -12.094108501629528 ], [ -62.832662547739943, -12.094108501629528 ], [ -62.832662547739943, -12.093839007044293 ], [ -62.832932042325183, -12.093839007044293 ], [ -62.832932042325183, -12.094108501629528 ], [ -62.834549009836593, -12.094108501629528 ], [ -62.834549009836593, -12.094377996214764 ], [ -62.835087999007065, -12.094377996214764 ], [ -62.835087999007065, -12.0946474908 ], [ -62.835357493592305, -12.0946474908 ], [ -62.835357493592305, -12.095455974555708 ], [ -62.835626988177538, -12.095455974555708 ], [ -62.835626988177538, -12.095725469140945 ], [ -62.835896482762777, -12.095725469140945 ], [ -62.835896482762777, -12.095994963726179 ], [ -62.83643547193325, -12.095994963726179 ], [ -62.83643547193325, -12.096264458311415 ], [ -62.837243955688955, -12.096264458311415 ], [ -62.837243955688955, -12.096072437236208 ], [ -62.83715950211176, -12.095994963726179 ], [ -62.836974461103722, -12.095994963726179 ], [ -62.836974461103722, -12.095825216311471 ], [ -62.836865727094342, -12.095725469140945 ], [ -62.836704966518482, -12.095725469140945 ], [ -62.836704966518482, -12.09557799538673 ], [ -62.836571952076923, -12.095455974555708 ], [ -62.83643547193325, -12.095455974555708 ], [ -62.83643547193325, -12.095330774461994 ], [ -62.836278177059505, -12.095186479970472 ], [ -62.83616597734801, -12.095186479970472 ], [ -62.83616597734801, -12.095083553537252 ], [ -62.835984402042079, -12.094916985385236 ], [ -62.835896482762777, -12.094916985385236 ], [ -62.835896482762777, -12.094836332612518 ], [ -62.835690627024661, -12.0946474908 ], [ -62.835626988177538, -12.0946474908 ], [ -62.835626988177538, -12.094589111687775 ], [ -62.835396852007243, -12.094377996214764 ], [ -62.835357493592305, -12.094377996214764 ], [ -62.835357493592305, -12.09434189076304 ], [ -62.835103076989824, -12.094108501629528 ], [ -62.835087999007065, -12.094108501629528 ], [ -62.835087999007065, -12.094094669838299 ], [ -62.834809301972406, -12.093839007044293 ], [ -62.834549009836593, -12.093839007044293 ], [ -62.834549009836593, -12.093600227988821 ], [ -62.834515526954988, -12.093569512459057 ], [ -62.83427951525136, -12.093569512459057 ], [ -62.83427951525136, -12.093353007064085 ], [ -62.834221751937562, -12.093300017873821 ], [ -62.834010020666128, -12.093300017873821 ], [ -62.834010020666128, -12.093105786139349 ], [ -62.833927976920144, -12.093030523288585 ], [ -62.833740526080888, -12.093030523288585 ], [ -62.833740526080888, -12.092858565214607 ], [ -62.833634201902726, -12.09276102870335 ], [ -62.833471031495655, -12.09276102870335 ], [ -62.833471031495655, -12.092611344289873 ], [ -62.833340426885307, -12.092491534118114 ], [ -62.833201536910416, -12.092491534118114 ], [ -62.833201536910416, -12.09236412336513 ], [ -62.833046651867889, -12.092222039532878 ], [ -62.832932042325183, -12.092222039532878 ], [ -62.832932042325183, -12.092116902440395 ], [ -62.832752876850471, -12.091952544947642 ], [ -62.832662547739943, -12.091952544947642 ], [ -62.832662547739943, -12.091869681515654 ], [ -62.832459101833052, -12.091683050362406 ], [ -62.832393053154711, -12.091683050362406 ], [ -62.832393053154711, -12.093300017873821 ], [ -62.832123558569471, -12.093300017873821 ], [ -62.832123558569471, -12.093569512459057 ], [ -62.832393053154711, -12.093569512459057 ], [ -62.832393053154711, -12.094108501629528 ] ] ], [ [ [ -62.794394316636456, -12.056701404680798 ], [ -62.794337067630671, -12.056648754281744 ], [ -62.794124822051216, -12.056648754281744 ], [ -62.794124822051216, -12.05691824886698 ], [ -62.794394316636456, -12.05691824886698 ], [ -62.794394316636456, -12.056701404680798 ] ] ], [ [ [ -62.779572114448484, -12.043713014190423 ], [ -62.779572114448484, -12.04398250877566 ], [ -62.779841609033717, -12.04398250877566 ], [ -62.779841609033717, -12.043713014190423 ], [ -62.779572114448484, -12.043713014190423 ] ] ], [ [ [ -62.779302619863245, -12.043443519605187 ], [ -62.779302619863245, -12.043713014190423 ], [ -62.779572114448484, -12.043713014190423 ], [ -62.779572114448484, -12.043443519605187 ], [ -62.779302619863245, -12.043443519605187 ] ] ], [ [ [ -62.779033125278012, -12.043174025019951 ], [ -62.779033125278012, -12.043443519605187 ], [ -62.779302619863245, -12.043443519605187 ], [ -62.779302619863245, -12.043174025019951 ], [ -62.779033125278012, -12.043174025019951 ] ] ], [ [ [ -62.778763630692772, -12.042904530434715 ], [ -62.778763630692772, -12.043174025019951 ], [ -62.779033125278012, -12.043174025019951 ], [ -62.779033125278012, -12.042904530434715 ], [ -62.778763630692772, -12.042904530434715 ] ] ], [ [ [ -62.778763630692772, -12.04263503584948 ], [ -62.77849413610754, -12.04263503584948 ], [ -62.77849413610754, -12.042904530434715 ], [ -62.778763630692772, -12.042904530434715 ], [ -62.778763630692772, -12.04263503584948 ] ] ], [ [ [ -62.777685652351828, -12.042096046679008 ], [ -62.777685652351828, -12.042365541264244 ], [ -62.777955146937067, -12.042365541264244 ], [ -62.777955146937067, -12.04263503584948 ], [ -62.77849413610754, -12.04263503584948 ], [ -62.77849413610754, -12.042365541264244 ], [ -62.7782246415223, -12.042365541264244 ], [ -62.7782246415223, -12.042096046679008 ], [ -62.777685652351828, -12.042096046679008 ] ] ], [ [ [ -62.777416157766595, -12.041826552093772 ], [ -62.777416157766595, -12.042096046679008 ], [ -62.777685652351828, -12.042096046679008 ], [ -62.777685652351828, -12.041826552093772 ], [ -62.777416157766595, -12.041826552093772 ] ] ], [ [ [ -62.777146663181355, -12.041557057508538 ], [ -62.777146663181355, -12.041826552093772 ], [ -62.777416157766595, -12.041826552093772 ], [ -62.777416157766595, -12.041557057508538 ], [ -62.777146663181355, -12.041557057508538 ] ] ], [ [ [ -62.776877168596123, -12.041287562923301 ], [ -62.776877168596123, -12.041557057508538 ], [ -62.777146663181355, -12.041557057508538 ], [ -62.777146663181355, -12.041287562923301 ], [ -62.776877168596123, -12.041287562923301 ] ] ], [ [ [ -62.77660767401089, -12.041018068338065 ], [ -62.77660767401089, -12.041287562923301 ], [ -62.776877168596123, -12.041287562923301 ], [ -62.776877168596123, -12.041018068338065 ], [ -62.77660767401089, -12.041018068338065 ] ] ], [ [ [ -62.77633817942565, -12.040748573752829 ], [ -62.77633817942565, -12.041018068338065 ], [ -62.77660767401089, -12.041018068338065 ], [ -62.77660767401089, -12.040748573752829 ], [ -62.77633817942565, -12.040748573752829 ] ] ], [ [ [ -62.772834749817584, -12.037784133315235 ], [ -62.773104244402823, -12.037784133315235 ], [ -62.773104244402823, -12.038053627900471 ], [ -62.773373738988056, -12.038053627900471 ], [ -62.773373738988056, -12.038323122485707 ], [ -62.773643233573296, -12.038323122485707 ], [ -62.773643233573296, -12.038592617070941 ], [ -62.773912728158528, -12.038592617070941 ], [ -62.773912728158528, -12.038862111656178 ], [ -62.774182222743761, -12.038862111656178 ], [ -62.774182222743761, -12.039131606241414 ], [ -62.774451717329001, -12.039131606241414 ], [ -62.774451717329001, -12.03940110082665 ], [ -62.774721211914233, -12.03940110082665 ], [ -62.774721211914233, -12.039670595411886 ], [ -62.774990706499473, -12.039670595411886 ], [ -62.774990706499473, -12.039940089997121 ], [ -62.775260201084706, -12.039940089997121 ], [ -62.775260201084706, -12.040209584582357 ], [ -62.775529695669945, -12.040209584582357 ], [ -62.775529695669945, -12.040479079167593 ], [ -62.776068684840418, -12.040479079167593 ], [ -62.776068684840418, -12.040748573752829 ], [ -62.77633817942565, -12.040748573752829 ], [ -62.77633817942565, -12.040209584582357 ], [ -62.776068684840418, -12.040209584582357 ], [ -62.776068684840418, -12.039940089997121 ], [ -62.775799190255178, -12.039940089997121 ], [ -62.775799190255178, -12.039670595411886 ], [ -62.775529695669945, -12.039670595411886 ], [ -62.775529695669945, -12.03940110082665 ], [ -62.775260201084706, -12.03940110082665 ], [ -62.775260201084706, -12.039131606241414 ], [ -62.774990706499473, -12.039131606241414 ], [ -62.774990706499473, -12.038862111656178 ], [ -62.774721211914233, -12.038862111656178 ], [ -62.774721211914233, -12.038592617070941 ], [ -62.774451717329001, -12.038592617070941 ], [ -62.774451717329001, -12.038323122485707 ], [ -62.773912728158528, -12.038323122485707 ], [ -62.773912728158528, -12.038053627900471 ], [ -62.773643233573296, -12.038053627900471 ], [ -62.773643233573296, -12.037784133315235 ], [ -62.773373738988056, -12.037784133315235 ], [ -62.773373738988056, -12.037514638729998 ], [ -62.773104244402823, -12.037514638729998 ], [ -62.773104244402823, -12.037245144144762 ], [ -62.772834749817584, -12.037245144144762 ], [ -62.772834749817584, -12.036975649559526 ], [ -62.772565255232351, -12.036975649559526 ], [ -62.772565255232351, -12.03670615497429 ], [ -62.772026266061879, -12.03670615497429 ], [ -62.772026266061879, -12.036975649559526 ], [ -62.772295760647111, -12.036975649559526 ], [ -62.772295760647111, -12.037245144144762 ], [ -62.772565255232351, -12.037245144144762 ], [ -62.772565255232351, -12.037514638729998 ], [ -62.772834749817584, -12.037514638729998 ], [ -62.772834749817584, -12.037784133315235 ] ] ], [ [ [ -62.772026266061879, -12.03670615497429 ], [ -62.772026266061879, -12.036436660389056 ], [ -62.771756771476639, -12.036436660389056 ], [ -62.771756771476639, -12.036167165803819 ], [ -62.771487276891406, -12.036167165803819 ], [ -62.771487276891406, -12.03670615497429 ], [ -62.772026266061879, -12.03670615497429 ] ] ], [ [ [ -62.771217782306167, -12.035897671218583 ], [ -62.771217782306167, -12.036167165803819 ], [ -62.771487276891406, -12.036167165803819 ], [ -62.771487276891406, -12.035897671218583 ], [ -62.771217782306167, -12.035897671218583 ] ] ], [ [ [ -62.770948287720934, -12.035628176633347 ], [ -62.770948287720934, -12.035897671218583 ], [ -62.771217782306167, -12.035897671218583 ], [ -62.771217782306167, -12.035628176633347 ], [ -62.770948287720934, -12.035628176633347 ] ] ], [ [ [ -62.770678793135701, -12.035358682048113 ], [ -62.770678793135701, -12.035628176633347 ], [ -62.770948287720934, -12.035628176633347 ], [ -62.770948287720934, -12.035358682048113 ], [ -62.770678793135701, -12.035358682048113 ] ] ], [ [ [ -62.770409298550462, -12.03481969287764 ], [ -62.770409298550462, -12.035358682048113 ], [ -62.770678793135701, -12.035358682048113 ], [ -62.770678793135701, -12.03481969287764 ], [ -62.770409298550462, -12.03481969287764 ] ] ], [ [ [ -62.758282042214852, -12.020805974445375 ], [ -62.758282042214852, -12.021075469030611 ], [ -62.758551536800084, -12.021075469030611 ], [ -62.758551536800084, -12.020805974445375 ], [ -62.758282042214852, -12.020805974445375 ] ] ], [ [ [ -62.758282042214852, -12.020536479860139 ], [ -62.758012547629612, -12.020536479860139 ], [ -62.758012547629612, -12.020805974445375 ], [ -62.758282042214852, -12.020805974445375 ], [ -62.758282042214852, -12.020536479860139 ] ] ], [ [ [ -62.757743053044379, -12.020266985274905 ], [ -62.757743053044379, -12.020536479860139 ], [ -62.758012547629612, -12.020536479860139 ], [ -62.758012547629612, -12.020266985274905 ], [ -62.757743053044379, -12.020266985274905 ] ] ], [ [ [ -62.757473558459139, -12.019997490689668 ], [ -62.757473558459139, -12.020266985274905 ], [ -62.757743053044379, -12.020266985274905 ], [ -62.757743053044379, -12.019997490689668 ], [ -62.757473558459139, -12.019997490689668 ] ] ], [ [ [ -62.757204063873907, -12.019727996104432 ], [ -62.757204063873907, -12.019997490689668 ], [ -62.757473558459139, -12.019997490689668 ], [ -62.757473558459139, -12.019727996104432 ], [ -62.757204063873907, -12.019727996104432 ] ] ], [ [ [ -62.756934569288667, -12.019458501519196 ], [ -62.756934569288667, -12.019727996104432 ], [ -62.757204063873907, -12.019727996104432 ], [ -62.757204063873907, -12.019458501519196 ], [ -62.756934569288667, -12.019458501519196 ] ] ], [ [ [ -62.756665074703434, -12.01918900693396 ], [ -62.756665074703434, -12.019458501519196 ], [ -62.756934569288667, -12.019458501519196 ], [ -62.756934569288667, -12.01918900693396 ], [ -62.756665074703434, -12.01918900693396 ] ] ], [ [ [ -62.756395580118195, -12.018919512348724 ], [ -62.756395580118195, -12.01918900693396 ], [ -62.756665074703434, -12.01918900693396 ], [ -62.756665074703434, -12.018919512348724 ], [ -62.756395580118195, -12.018919512348724 ] ] ], [ [ [ -62.756395580118195, -12.018650017763488 ], [ -62.756126085532962, -12.018650017763488 ], [ -62.756126085532962, -12.018919512348724 ], [ -62.756395580118195, -12.018919512348724 ], [ -62.756395580118195, -12.018650017763488 ] ] ], [ [ [ -62.75585659094773, -12.018380523178253 ], [ -62.75585659094773, -12.018650017763488 ], [ -62.756126085532962, -12.018650017763488 ], [ -62.756126085532962, -12.018380523178253 ], [ -62.75585659094773, -12.018380523178253 ] ] ], [ [ [ -62.75558709636249, -12.018111028593017 ], [ -62.75558709636249, -12.018380523178253 ], [ -62.75585659094773, -12.018380523178253 ], [ -62.75585659094773, -12.018111028593017 ], [ -62.75558709636249, -12.018111028593017 ] ] ], [ [ [ -62.755317601777257, -12.017572039422545 ], [ -62.755317601777257, -12.01730254483731 ], [ -62.755048107192017, -12.01730254483731 ], [ -62.755048107192017, -12.017033050252074 ], [ -62.754778612606785, -12.017033050252074 ], [ -62.754778612606785, -12.017572039422545 ], [ -62.755048107192017, -12.017572039422545 ], [ -62.755048107192017, -12.017841534007781 ], [ -62.755317601777257, -12.017841534007781 ], [ -62.755317601777257, -12.018111028593017 ], [ -62.75558709636249, -12.018111028593017 ], [ -62.75558709636249, -12.017572039422545 ], [ -62.755317601777257, -12.017572039422545 ] ] ], [ [ [ -62.754509118021545, -12.016763555666838 ], [ -62.754509118021545, -12.017033050252074 ], [ -62.754778612606785, -12.017033050252074 ], [ -62.754778612606785, -12.016763555666838 ], [ -62.754509118021545, -12.016763555666838 ] ] ], [ [ [ -62.754239623436312, -12.016494061081602 ], [ -62.754239623436312, -12.016763555666838 ], [ -62.754509118021545, -12.016763555666838 ], [ -62.754509118021545, -12.016494061081602 ], [ -62.754239623436312, -12.016494061081602 ] ] ], [ [ [ -62.753970128851073, -12.016224566496366 ], [ -62.753970128851073, -12.016494061081602 ], [ -62.754239623436312, -12.016494061081602 ], [ -62.754239623436312, -12.016224566496366 ], [ -62.753970128851073, -12.016224566496366 ] ] ], [ [ [ -62.753970128851073, -12.015955071911129 ], [ -62.75370063426584, -12.015955071911129 ], [ -62.75370063426584, -12.016224566496366 ], [ -62.753970128851073, -12.016224566496366 ], [ -62.753970128851073, -12.015955071911129 ] ] ], [ [ [ -62.7534311396806, -12.015685577325893 ], [ -62.7534311396806, -12.015955071911129 ], [ -62.75370063426584, -12.015955071911129 ], [ -62.75370063426584, -12.015685577325893 ], [ -62.7534311396806, -12.015685577325893 ] ] ], [ [ [ -62.753161645095368, -12.015416082740659 ], [ -62.753161645095368, -12.015685577325893 ], [ -62.7534311396806, -12.015685577325893 ], [ -62.7534311396806, -12.015416082740659 ], [ -62.753161645095368, -12.015416082740659 ] ] ], [ [ [ -62.752892150510135, -12.015146588155423 ], [ -62.752892150510135, -12.015416082740659 ], [ -62.753161645095368, -12.015416082740659 ], [ -62.753161645095368, -12.015146588155423 ], [ -62.752892150510135, -12.015146588155423 ] ] ], [ [ [ -62.752622655924895, -12.014877093570187 ], [ -62.752622655924895, -12.015146588155423 ], [ -62.752892150510135, -12.015146588155423 ], [ -62.752892150510135, -12.014877093570187 ], [ -62.752622655924895, -12.014877093570187 ] ] ], [ [ [ -62.752353161339663, -12.01460759898495 ], [ -62.752353161339663, -12.014877093570187 ], [ -62.752622655924895, -12.014877093570187 ], [ -62.752622655924895, -12.01460759898495 ], [ -62.752353161339663, -12.01460759898495 ] ] ], [ [ [ -62.752083666754423, -12.014338104399716 ], [ -62.752083666754423, -12.01460759898495 ], [ -62.752353161339663, -12.01460759898495 ], [ -62.752353161339663, -12.014338104399716 ], [ -62.752083666754423, -12.014338104399716 ] ] ], [ [ [ -62.752083666754423, -12.013799115229244 ], [ -62.75181417216919, -12.013799115229244 ], [ -62.75181417216919, -12.014338104399716 ], [ -62.752083666754423, -12.014338104399716 ], [ -62.752083666754423, -12.013799115229244 ] ] ], [ [ [ -62.751544677583951, -12.013529620644007 ], [ -62.751544677583951, -12.013799115229244 ], [ -62.75181417216919, -12.013799115229244 ], [ -62.75181417216919, -12.013529620644007 ], [ -62.751544677583951, -12.013529620644007 ] ] ], [ [ [ -62.751275182998718, -12.013260126058771 ], [ -62.751275182998718, -12.013529620644007 ], [ -62.751544677583951, -12.013529620644007 ], [ -62.751544677583951, -12.013260126058771 ], [ -62.751275182998718, -12.013260126058771 ] ] ], [ [ [ -62.751005688413478, -12.012990631473535 ], [ -62.751005688413478, -12.013260126058771 ], [ -62.751275182998718, -12.013260126058771 ], [ -62.751275182998718, -12.012990631473535 ], [ -62.751005688413478, -12.012990631473535 ] ] ], [ [ [ -62.750736193828246, -12.012721136888299 ], [ -62.750736193828246, -12.012990631473535 ], [ -62.751005688413478, -12.012990631473535 ], [ -62.751005688413478, -12.012721136888299 ], [ -62.750736193828246, -12.012721136888299 ] ] ], [ [ [ -62.654526626899042, -12.237210126389769 ], [ -62.654526626899042, -12.237479620975003 ], [ -62.654796121484281, -12.237479620975003 ], [ -62.654796121484281, -12.237210126389769 ], [ -62.654526626899042, -12.237210126389769 ] ] ], [ [ [ -62.654257132313809, -12.236940631804533 ], [ -62.654257132313809, -12.236671137219297 ], [ -62.653987637728569, -12.236671137219297 ], [ -62.653987637728569, -12.23640164263406 ], [ -62.653718143143337, -12.23640164263406 ], [ -62.653718143143337, -12.236132148048824 ], [ -62.653448648558097, -12.236132148048824 ], [ -62.653448648558097, -12.236671137219297 ], [ -62.653718143143337, -12.236671137219297 ], [ -62.653718143143337, -12.236940631804533 ], [ -62.653987637728569, -12.236940631804533 ], [ -62.653987637728569, -12.237210126389769 ], [ -62.654526626899042, -12.237210126389769 ], [ -62.654526626899042, -12.236940631804533 ], [ -62.654257132313809, -12.236940631804533 ] ] ], [ [ [ -62.65210117563192, -12.234515180537409 ], [ -62.65210117563192, -12.234784675122645 ], [ -62.651831681046687, -12.234784675122645 ], [ -62.651831681046687, -12.235323664293118 ], [ -62.652370670217159, -12.235323664293118 ], [ -62.652370670217159, -12.235593158878352 ], [ -62.652909659387632, -12.235593158878352 ], [ -62.652909659387632, -12.235862653463588 ], [ -62.653179153972864, -12.235862653463588 ], [ -62.653179153972864, -12.236132148048824 ], [ -62.653448648558097, -12.236132148048824 ], [ -62.653448648558097, -12.234515180537409 ], [ -62.653718143143337, -12.234515180537409 ], [ -62.653718143143337, -12.233437202196466 ], [ -62.653448648558097, -12.233437202196466 ], [ -62.653448648558097, -12.233706696781702 ], [ -62.653179153972864, -12.233706696781702 ], [ -62.653179153972864, -12.233976191366938 ], [ -62.652909659387632, -12.233976191366938 ], [ -62.652909659387632, -12.234245685952175 ], [ -62.652370670217159, -12.234245685952175 ], [ -62.652370670217159, -12.234515180537409 ], [ -62.65210117563192, -12.234515180537409 ] ] ], [ [ [ -62.650484208120503, -12.23316770761123 ], [ -62.650484208120503, -12.232898213025994 ], [ -62.651292691876215, -12.232898213025994 ], [ -62.651292691876215, -12.23316770761123 ], [ -62.651831681046687, -12.23316770761123 ], [ -62.651831681046687, -12.233437202196466 ], [ -62.652909659387632, -12.233437202196466 ], [ -62.652909659387632, -12.23316770761123 ], [ -62.653179153972864, -12.23316770761123 ], [ -62.653179153972864, -12.232898213025994 ], [ -62.652909659387632, -12.232898213025994 ], [ -62.652909659387632, -12.232628718440758 ], [ -62.652640164802392, -12.232628718440758 ], [ -62.652640164802392, -12.232359223855523 ], [ -62.651831681046687, -12.232359223855523 ], [ -62.651831681046687, -12.232089729270287 ], [ -62.651023197290975, -12.232089729270287 ], [ -62.651023197290975, -12.231820234685051 ], [ -62.650753702705742, -12.231820234685051 ], [ -62.650753702705742, -12.232089729270287 ], [ -62.65021471353527, -12.232089729270287 ], [ -62.65021471353527, -12.232628718440758 ], [ -62.649945218950037, -12.232628718440758 ], [ -62.649945218950037, -12.233437202196466 ], [ -62.65021471353527, -12.233437202196466 ], [ -62.65021471353527, -12.23316770761123 ], [ -62.650484208120503, -12.23316770761123 ] ] ], [ [ [ -62.648597746023853, -12.230472761758872 ], [ -62.648597746023853, -12.229933772588399 ], [ -62.648867240609093, -12.229933772588399 ], [ -62.648867240609093, -12.229125288832693 ], [ -62.649136735194325, -12.229125288832693 ], [ -62.649136735194325, -12.228855794247457 ], [ -62.648867240609093, -12.228855794247457 ], [ -62.648867240609093, -12.22858629966222 ], [ -62.648597746023853, -12.22858629966222 ], [ -62.648597746023853, -12.228316805076986 ], [ -62.647789262268148, -12.228316805076986 ], [ -62.647789262268148, -12.228855794247457 ], [ -62.647519767682908, -12.228855794247457 ], [ -62.647519767682908, -12.23128124551458 ], [ -62.648058756853381, -12.23128124551458 ], [ -62.648058756853381, -12.231011750929344 ], [ -62.64832825143862, -12.231011750929344 ], [ -62.64832825143862, -12.230472761758872 ], [ -62.648597746023853, -12.230472761758872 ] ] ], [ [ [ -62.662341969870887, -12.227238826736041 ], [ -62.662341969870887, -12.227508321321277 ], [ -62.662072475285647, -12.227508321321277 ], [ -62.662072475285647, -12.227777815906514 ], [ -62.662341969870887, -12.227777815906514 ], [ -62.662341969870887, -12.228316805076986 ], [ -62.66261146445612, -12.228316805076986 ], [ -62.66261146445612, -12.22858629966222 ], [ -62.662880959041352, -12.22858629966222 ], [ -62.662880959041352, -12.228855794247457 ], [ -62.664228431967537, -12.228855794247457 ], [ -62.664228431967537, -12.22858629966222 ], [ -62.665306410308482, -12.22858629966222 ], [ -62.665306410308482, -12.228316805076986 ], [ -62.665575904893714, -12.228316805076986 ], [ -62.665575904893714, -12.22804731049175 ], [ -62.665845399478947, -12.22804731049175 ], [ -62.665845399478947, -12.227238826736041 ], [ -62.665575904893714, -12.227238826736041 ], [ -62.665575904893714, -12.226699837565569 ], [ -62.665036915723242, -12.226699837565569 ], [ -62.665036915723242, -12.226430342980334 ], [ -62.664767421138009, -12.226430342980334 ], [ -62.664767421138009, -12.226160848395098 ], [ -62.664228431967537, -12.226160848395098 ], [ -62.664228431967537, -12.225891353809862 ], [ -62.663958937382297, -12.225891353809862 ], [ -62.663958937382297, -12.225621859224626 ], [ -62.663419948211825, -12.225621859224626 ], [ -62.663419948211825, -12.225352364639392 ], [ -62.663150453626592, -12.225352364639392 ], [ -62.663150453626592, -12.225621859224626 ], [ -62.66261146445612, -12.225621859224626 ], [ -62.66261146445612, -12.225891353809862 ], [ -62.662341969870887, -12.225891353809862 ], [ -62.662341969870887, -12.226430342980334 ], [ -62.662072475285647, -12.226430342980334 ], [ -62.662072475285647, -12.227238826736041 ], [ -62.662341969870887, -12.227238826736041 ] ] ], [ [ [ -62.617336374136499, -12.119171498056463 ], [ -62.617605868721732, -12.119171498056463 ], [ -62.617605868721732, -12.118902003471227 ], [ -62.618414352477437, -12.118902003471227 ], [ -62.618414352477437, -12.119171498056463 ], [ -62.619222836233149, -12.119171498056463 ], [ -62.619222836233149, -12.117554530545048 ], [ -62.619761825403621, -12.117554530545048 ], [ -62.619761825403621, -12.117285035959812 ], [ -62.620300814574094, -12.117285035959812 ], [ -62.620300814574094, -12.117015541374576 ], [ -62.620570309159326, -12.117015541374576 ], [ -62.620570309159326, -12.116746046789341 ], [ -62.620839803744559, -12.116746046789341 ], [ -62.620839803744559, -12.116207057618869 ], [ -62.620570309159326, -12.116207057618869 ], [ -62.620570309159326, -12.115937563033633 ], [ -62.619761825403621, -12.115937563033633 ], [ -62.619761825403621, -12.116207057618869 ], [ -62.619222836233149, -12.116207057618869 ], [ -62.619222836233149, -12.116476552204105 ], [ -62.61706687955126, -12.116476552204105 ], [ -62.61706687955126, -12.116207057618869 ], [ -62.615449912039843, -12.116207057618869 ], [ -62.615449912039843, -12.115937563033633 ], [ -62.61491092286937, -12.115937563033633 ], [ -62.61491092286937, -12.116476552204105 ], [ -62.61518041745461, -12.116476552204105 ], [ -62.61518041745461, -12.116746046789341 ], [ -62.61491092286937, -12.116746046789341 ], [ -62.61491092286937, -12.117015541374576 ], [ -62.614641428284138, -12.117015541374576 ], [ -62.614641428284138, -12.117285035959812 ], [ -62.61518041745461, -12.117285035959812 ], [ -62.61518041745461, -12.117554530545048 ], [ -62.615988901210315, -12.117554530545048 ], [ -62.615988901210315, -12.117824025130284 ], [ -62.616258395795555, -12.117824025130284 ], [ -62.616258395795555, -12.118363014300755 ], [ -62.615988901210315, -12.118363014300755 ], [ -62.615988901210315, -12.118632508885991 ], [ -62.615719406625082, -12.118632508885991 ], [ -62.615719406625082, -12.119440992641699 ], [ -62.615449912039843, -12.119440992641699 ], [ -62.615449912039843, -12.119710487226936 ], [ -62.615988901210315, -12.119710487226936 ], [ -62.615988901210315, -12.11997998181217 ], [ -62.616527890380787, -12.11997998181217 ], [ -62.616527890380787, -12.120249476397406 ], [ -62.616797384966027, -12.120249476397406 ], [ -62.616797384966027, -12.119710487226936 ], [ -62.61706687955126, -12.119710487226936 ], [ -62.61706687955126, -12.119440992641699 ], [ -62.617336374136499, -12.119440992641699 ], [ -62.617336374136499, -12.119171498056463 ] ], [ [ -62.615988901210315, -12.119171498056463 ], [ -62.616258395795555, -12.119171498056463 ], [ -62.616258395795555, -12.119710487226936 ], [ -62.615988901210315, -12.119710487226936 ], [ -62.615988901210315, -12.119171498056463 ] ] ], [ [ [ -62.614102439113665, -12.116746046789341 ], [ -62.614102439113665, -12.117015541374576 ], [ -62.614641428284138, -12.117015541374576 ], [ -62.614641428284138, -12.116746046789341 ], [ -62.614102439113665, -12.116746046789341 ] ] ], [ [ [ -62.614641428284138, -12.115668068448397 ], [ -62.614641428284138, -12.115937563033633 ], [ -62.61491092286937, -12.115937563033633 ], [ -62.61491092286937, -12.11539857386316 ], [ -62.614371933698905, -12.11539857386316 ], [ -62.614371933698905, -12.115668068448397 ], [ -62.614641428284138, -12.115668068448397 ] ] ], [ [ [ -62.613024460772721, -12.108122220061793 ], [ -62.613024460772721, -12.108391714647029 ], [ -62.61329395535796, -12.108391714647029 ], [ -62.61329395535796, -12.108661209232265 ], [ -62.613024460772721, -12.108661209232265 ], [ -62.613024460772721, -12.108930703817501 ], [ -62.61329395535796, -12.108930703817501 ], [ -62.61329395535796, -12.109200198402736 ], [ -62.613024460772721, -12.109200198402736 ], [ -62.613024460772721, -12.110817165914153 ], [ -62.61329395535796, -12.110817165914153 ], [ -62.61329395535796, -12.111356155084623 ], [ -62.613563449943193, -12.111356155084623 ], [ -62.613563449943193, -12.112703628010802 ], [ -62.613832944528433, -12.112703628010802 ], [ -62.613832944528433, -12.112973122596038 ], [ -62.614102439113665, -12.112973122596038 ], [ -62.614102439113665, -12.113242617181275 ], [ -62.614641428284138, -12.113242617181275 ], [ -62.614641428284138, -12.112973122596038 ], [ -62.61491092286937, -12.112973122596038 ], [ -62.61491092286937, -12.112703628010802 ], [ -62.614641428284138, -12.112703628010802 ], [ -62.614641428284138, -12.111895144255096 ], [ -62.61491092286937, -12.111895144255096 ], [ -62.61491092286937, -12.111356155084623 ], [ -62.61518041745461, -12.111356155084623 ], [ -62.61518041745461, -12.111086660499387 ], [ -62.61491092286937, -12.111086660499387 ], [ -62.61491092286937, -12.110547671328916 ], [ -62.614641428284138, -12.110547671328916 ], [ -62.614641428284138, -12.110008682158444 ], [ -62.614371933698905, -12.110008682158444 ], [ -62.614371933698905, -12.109739187573208 ], [ -62.614641428284138, -12.109739187573208 ], [ -62.614641428284138, -12.109469692987972 ], [ -62.614371933698905, -12.109469692987972 ], [ -62.614371933698905, -12.107583230891322 ], [ -62.614102439113665, -12.107583230891322 ], [ -62.614102439113665, -12.107313736306086 ], [ -62.613832944528433, -12.107313736306086 ], [ -62.613832944528433, -12.10704424172085 ], [ -62.613563449943193, -12.10704424172085 ], [ -62.613563449943193, -12.107313736306086 ], [ -62.61329395535796, -12.107313736306086 ], [ -62.61329395535796, -12.107583230891322 ], [ -62.613024460772721, -12.107583230891322 ], [ -62.613024460772721, -12.107852725476558 ], [ -62.61329395535796, -12.107852725476558 ], [ -62.61329395535796, -12.108122220061793 ], [ -62.613024460772721, -12.108122220061793 ] ] ], [ [ [ -62.614641428284138, -12.102193339186604 ], [ -62.614371933698905, -12.102193339186604 ], [ -62.614371933698905, -12.102732328357076 ], [ -62.614641428284138, -12.102732328357076 ], [ -62.614641428284138, -12.103001822942311 ], [ -62.614371933698905, -12.103001822942311 ], [ -62.614371933698905, -12.103271317527547 ], [ -62.614641428284138, -12.103271317527547 ], [ -62.614641428284138, -12.103540812112783 ], [ -62.614371933698905, -12.103540812112783 ], [ -62.614371933698905, -12.103810306698019 ], [ -62.614102439113665, -12.103810306698019 ], [ -62.614102439113665, -12.104079801283255 ], [ -62.613832944528433, -12.104079801283255 ], [ -62.613832944528433, -12.104349295868492 ], [ -62.613024460772721, -12.104349295868492 ], [ -62.613024460772721, -12.103810306698019 ], [ -62.612754966187488, -12.103810306698019 ], [ -62.612754966187488, -12.104079801283255 ], [ -62.612485471602248, -12.104079801283255 ], [ -62.612485471602248, -12.104349295868492 ], [ -62.612754966187488, -12.104349295868492 ], [ -62.612754966187488, -12.104618790453728 ], [ -62.613832944528433, -12.104618790453728 ], [ -62.613832944528433, -12.104888285038962 ], [ -62.61329395535796, -12.104888285038962 ], [ -62.61329395535796, -12.105157779624198 ], [ -62.614641428284138, -12.105157779624198 ], [ -62.614641428284138, -12.104888285038962 ], [ -62.61491092286937, -12.104888285038962 ], [ -62.61491092286937, -12.104618790453728 ], [ -62.61518041745461, -12.104618790453728 ], [ -62.61518041745461, -12.104349295868492 ], [ -62.615449912039843, -12.104349295868492 ], [ -62.615449912039843, -12.103810306698019 ], [ -62.615988901210315, -12.103810306698019 ], [ -62.615988901210315, -12.103271317527547 ], [ -62.61706687955126, -12.103271317527547 ], [ -62.61706687955126, -12.103540812112783 ], [ -62.617336374136499, -12.103540812112783 ], [ -62.617336374136499, -12.103810306698019 ], [ -62.618144857892204, -12.103810306698019 ], [ -62.618144857892204, -12.103540812112783 ], [ -62.618414352477437, -12.103540812112783 ], [ -62.618414352477437, -12.103001822942311 ], [ -62.618683847062677, -12.103001822942311 ], [ -62.618683847062677, -12.102193339186604 ], [ -62.618953341647909, -12.102193339186604 ], [ -62.618953341647909, -12.101654350016133 ], [ -62.618683847062677, -12.101654350016133 ], [ -62.618683847062677, -12.101384855430897 ], [ -62.618414352477437, -12.101384855430897 ], [ -62.618414352477437, -12.101654350016133 ], [ -62.617336374136499, -12.101654350016133 ], [ -62.617336374136499, -12.101384855430897 ], [ -62.616797384966027, -12.101384855430897 ], [ -62.616797384966027, -12.101115360845661 ], [ -62.61706687955126, -12.101115360845661 ], [ -62.61706687955126, -12.100845866260425 ], [ -62.615988901210315, -12.100845866260425 ], [ -62.615988901210315, -12.101384855430897 ], [ -62.615449912039843, -12.101384855430897 ], [ -62.615449912039843, -12.101654350016133 ], [ -62.61518041745461, -12.101654350016133 ], [ -62.61518041745461, -12.101923844601368 ], [ -62.614641428284138, -12.101923844601368 ], [ -62.614641428284138, -12.102193339186604 ] ] ], [ [ [ -62.618953341647909, -12.091952544947642 ], [ -62.618953341647909, -12.092491534118114 ], [ -62.618683847062677, -12.092491534118114 ], [ -62.618683847062677, -12.091952544947642 ], [ -62.618414352477437, -12.091952544947642 ], [ -62.618414352477437, -12.091683050362406 ], [ -62.618144857892204, -12.091683050362406 ], [ -62.618144857892204, -12.091413555777169 ], [ -62.617605868721732, -12.091413555777169 ], [ -62.617605868721732, -12.091683050362406 ], [ -62.617336374136499, -12.091683050362406 ], [ -62.617336374136499, -12.091952544947642 ], [ -62.616797384966027, -12.091952544947642 ], [ -62.616797384966027, -12.092491534118114 ], [ -62.61706687955126, -12.092491534118114 ], [ -62.61706687955126, -12.093839007044293 ], [ -62.617336374136499, -12.093839007044293 ], [ -62.617336374136499, -12.094108501629528 ], [ -62.61706687955126, -12.094108501629528 ], [ -62.61706687955126, -12.094377996214764 ], [ -62.617336374136499, -12.094377996214764 ], [ -62.617336374136499, -12.0946474908 ], [ -62.616797384966027, -12.0946474908 ], [ -62.616797384966027, -12.095186479970472 ], [ -62.617336374136499, -12.095186479970472 ], [ -62.617336374136499, -12.095455974555708 ], [ -62.618683847062677, -12.095455974555708 ], [ -62.618683847062677, -12.095725469140945 ], [ -62.619222836233149, -12.095725469140945 ], [ -62.619222836233149, -12.095994963726179 ], [ -62.619761825403621, -12.095994963726179 ], [ -62.619761825403621, -12.096264458311415 ], [ -62.622456771255976, -12.096264458311415 ], [ -62.622456771255976, -12.095994963726179 ], [ -62.622995760426448, -12.095994963726179 ], [ -62.622995760426448, -12.095725469140945 ], [ -62.623265255011688, -12.095725469140945 ], [ -62.623265255011688, -12.095455974555708 ], [ -62.623534749596921, -12.095455974555708 ], [ -62.623534749596921, -12.095186479970472 ], [ -62.623265255011688, -12.095186479970472 ], [ -62.623265255011688, -12.0946474908 ], [ -62.622187276670743, -12.0946474908 ], [ -62.622187276670743, -12.094108501629528 ], [ -62.621917782085504, -12.094108501629528 ], [ -62.621917782085504, -12.093839007044293 ], [ -62.621648287500271, -12.093839007044293 ], [ -62.621648287500271, -12.093569512459057 ], [ -62.621378792915031, -12.093569512459057 ], [ -62.621378792915031, -12.093300017873821 ], [ -62.621109298329799, -12.093300017873821 ], [ -62.621109298329799, -12.09276102870335 ], [ -62.620839803744559, -12.09276102870335 ], [ -62.620839803744559, -12.092222039532878 ], [ -62.621109298329799, -12.092222039532878 ], [ -62.621109298329799, -12.091952544947642 ], [ -62.621648287500271, -12.091952544947642 ], [ -62.621648287500271, -12.092491534118114 ], [ -62.622187276670743, -12.092491534118114 ], [ -62.622187276670743, -12.09276102870335 ], [ -62.622726265841216, -12.09276102870335 ], [ -62.622726265841216, -12.092491534118114 ], [ -62.622995760426448, -12.092491534118114 ], [ -62.622995760426448, -12.092222039532878 ], [ -62.622726265841216, -12.092222039532878 ], [ -62.622726265841216, -12.091952544947642 ], [ -62.622456771255976, -12.091952544947642 ], [ -62.622456771255976, -12.091683050362406 ], [ -62.622187276670743, -12.091683050362406 ], [ -62.622187276670743, -12.091413555777169 ], [ -62.621917782085504, -12.091413555777169 ], [ -62.621917782085504, -12.091144061191933 ], [ -62.621648287500271, -12.091144061191933 ], [ -62.621648287500271, -12.090874566606699 ], [ -62.621378792915031, -12.090874566606699 ], [ -62.621378792915031, -12.091144061191933 ], [ -62.620300814574094, -12.091144061191933 ], [ -62.620300814574094, -12.091413555777169 ], [ -62.620031319988854, -12.091413555777169 ], [ -62.620031319988854, -12.091683050362406 ], [ -62.619492330818382, -12.091683050362406 ], [ -62.619492330818382, -12.091952544947642 ], [ -62.618953341647909, -12.091952544947642 ] ] ], [ [ [ -62.614641428284138, -12.088449115339575 ], [ -62.614641428284138, -12.088718609924811 ], [ -62.614371933698905, -12.088718609924811 ], [ -62.614371933698905, -12.088988104510047 ], [ -62.614641428284138, -12.088988104510047 ], [ -62.614641428284138, -12.089796588265754 ], [ -62.61518041745461, -12.089796588265754 ], [ -62.61518041745461, -12.09006608285099 ], [ -62.615449912039843, -12.09006608285099 ], [ -62.615449912039843, -12.089796588265754 ], [ -62.615719406625082, -12.089796588265754 ], [ -62.615719406625082, -12.09006608285099 ], [ -62.615988901210315, -12.09006608285099 ], [ -62.615988901210315, -12.090335577436226 ], [ -62.616527890380787, -12.090335577436226 ], [ -62.616527890380787, -12.090605072021463 ], [ -62.61706687955126, -12.090605072021463 ], [ -62.61706687955126, -12.090874566606699 ], [ -62.617336374136499, -12.090874566606699 ], [ -62.617336374136499, -12.090605072021463 ], [ -62.617605868721732, -12.090605072021463 ], [ -62.617605868721732, -12.090335577436226 ], [ -62.617875363306965, -12.090335577436226 ], [ -62.617875363306965, -12.09006608285099 ], [ -62.618144857892204, -12.09006608285099 ], [ -62.618144857892204, -12.089796588265754 ], [ -62.618414352477437, -12.089796588265754 ], [ -62.618414352477437, -12.08952709368052 ], [ -62.618144857892204, -12.08952709368052 ], [ -62.618144857892204, -12.089257599095284 ], [ -62.618414352477437, -12.089257599095284 ], [ -62.618414352477437, -12.088988104510047 ], [ -62.618683847062677, -12.088988104510047 ], [ -62.618683847062677, -12.087910126169103 ], [ -62.618414352477437, -12.087910126169103 ], [ -62.618414352477437, -12.087640631583868 ], [ -62.618144857892204, -12.087640631583868 ], [ -62.618144857892204, -12.087371136998632 ], [ -62.617336374136499, -12.087371136998632 ], [ -62.617336374136499, -12.087101642413396 ], [ -62.616258395795555, -12.087101642413396 ], [ -62.616258395795555, -12.087640631583868 ], [ -62.615988901210315, -12.087640631583868 ], [ -62.615988901210315, -12.087910126169103 ], [ -62.615449912039843, -12.087910126169103 ], [ -62.615449912039843, -12.088179620754339 ], [ -62.61491092286937, -12.088179620754339 ], [ -62.61491092286937, -12.088449115339575 ], [ -62.614641428284138, -12.088449115339575 ] ] ], [ [ [ -62.623265255011688, -12.089257599095284 ], [ -62.623265255011688, -12.088718609924811 ], [ -62.623534749596921, -12.088718609924811 ], [ -62.623534749596921, -12.087910126169103 ], [ -62.623265255011688, -12.087910126169103 ], [ -62.623265255011688, -12.087640631583868 ], [ -62.622726265841216, -12.087640631583868 ], [ -62.622726265841216, -12.087910126169103 ], [ -62.622995760426448, -12.087910126169103 ], [ -62.622995760426448, -12.088449115339575 ], [ -62.622726265841216, -12.088449115339575 ], [ -62.622726265841216, -12.08952709368052 ], [ -62.622995760426448, -12.08952709368052 ], [ -62.622995760426448, -12.089257599095284 ], [ -62.623265255011688, -12.089257599095284 ] ] ], [ [ [ -62.680937096252158, -11.939688104289383 ], [ -62.680937096252158, -11.939957598874619 ], [ -62.681206590837391, -11.939957598874619 ], [ -62.681206590837391, -11.939688104289383 ], [ -62.680937096252158, -11.939688104289383 ] ] ], [ [ [ -62.680667601666926, -11.939418609704147 ], [ -62.680667601666926, -11.939688104289383 ], [ -62.680937096252158, -11.939688104289383 ], [ -62.680937096252158, -11.93914911511891 ], [ -62.681206590837391, -11.93914911511891 ], [ -62.681206590837391, -11.93861012594844 ], [ -62.680937096252158, -11.93861012594844 ], [ -62.680937096252158, -11.938340631363204 ], [ -62.680398107081686, -11.938340631363204 ], [ -62.680398107081686, -11.938071136777967 ], [ -62.680128612496453, -11.938071136777967 ], [ -62.680128612496453, -11.938340631363204 ], [ -62.679859117911214, -11.938340631363204 ], [ -62.679859117911214, -11.93861012594844 ], [ -62.680128612496453, -11.93861012594844 ], [ -62.680128612496453, -11.93914911511891 ], [ -62.680398107081686, -11.93914911511891 ], [ -62.680398107081686, -11.939418609704147 ], [ -62.680667601666926, -11.939418609704147 ] ] ], [ [ [ -62.642129875978192, -11.921092977908108 ], [ -62.642129875978192, -11.921362472493344 ], [ -62.642399370563432, -11.921362472493344 ], [ -62.642399370563432, -11.92297944000476 ], [ -62.642129875978192, -11.92297944000476 ], [ -62.642129875978192, -11.923248934589996 ], [ -62.642399370563432, -11.923248934589996 ], [ -62.642399370563432, -11.923518429175232 ], [ -62.642668865148664, -11.923518429175232 ], [ -62.642668865148664, -11.92297944000476 ], [ -62.642938359733904, -11.92297944000476 ], [ -62.642938359733904, -11.922170956249051 ], [ -62.643207854319137, -11.922170956249051 ], [ -62.643207854319137, -11.921901461663817 ], [ -62.643477348904376, -11.921901461663817 ], [ -62.643477348904376, -11.92163196707858 ], [ -62.643746843489609, -11.92163196707858 ], [ -62.643746843489609, -11.921362472493344 ], [ -62.644016338074849, -11.921362472493344 ], [ -62.644016338074849, -11.920553988737637 ], [ -62.644285832660081, -11.920553988737637 ], [ -62.644285832660081, -11.920014999567165 ], [ -62.644016338074849, -11.920014999567165 ], [ -62.644016338074849, -11.919745504981929 ], [ -62.643746843489609, -11.919745504981929 ], [ -62.643746843489609, -11.920014999567165 ], [ -62.643207854319137, -11.920014999567165 ], [ -62.643207854319137, -11.920284494152401 ], [ -62.642668865148664, -11.920284494152401 ], [ -62.642668865148664, -11.920553988737637 ], [ -62.642399370563432, -11.920553988737637 ], [ -62.642399370563432, -11.921092977908108 ], [ -62.642129875978192, -11.921092977908108 ] ] ], [ [ [ -62.643746843489609, -11.915164097032919 ], [ -62.643477348904376, -11.915164097032919 ], [ -62.643477348904376, -11.915433591618156 ], [ -62.643207854319137, -11.915433591618156 ], [ -62.643207854319137, -11.915703086203392 ], [ -62.643477348904376, -11.915703086203392 ], [ -62.643477348904376, -11.915972580788628 ], [ -62.643746843489609, -11.915972580788628 ], [ -62.643746843489609, -11.915703086203392 ], [ -62.644285832660081, -11.915703086203392 ], [ -62.644285832660081, -11.915433591618156 ], [ -62.645094316415786, -11.915433591618156 ], [ -62.645094316415786, -11.915703086203392 ], [ -62.645363811001026, -11.915703086203392 ], [ -62.645363811001026, -11.915433591618156 ], [ -62.645902800171498, -11.915433591618156 ], [ -62.645902800171498, -11.914894602447685 ], [ -62.646172294756731, -11.914894602447685 ], [ -62.646172294756731, -11.914355613277213 ], [ -62.646441789341971, -11.914355613277213 ], [ -62.646441789341971, -11.914086118691976 ], [ -62.645633305586259, -11.914086118691976 ], [ -62.645633305586259, -11.914355613277213 ], [ -62.645094316415786, -11.914355613277213 ], [ -62.645094316415786, -11.914625107862449 ], [ -62.644555327245314, -11.914625107862449 ], [ -62.644555327245314, -11.914894602447685 ], [ -62.643746843489609, -11.914894602447685 ], [ -62.643746843489609, -11.915164097032919 ] ] ], [ [ [ -62.656413088995691, -11.908965721572494 ], [ -62.656413088995691, -11.909235216157731 ], [ -62.656682583580931, -11.909235216157731 ], [ -62.656682583580931, -11.908965721572494 ], [ -62.656413088995691, -11.908965721572494 ] ] ], [ [ [ -62.656143594410459, -11.90869622698726 ], [ -62.656143594410459, -11.908965721572494 ], [ -62.656413088995691, -11.908965721572494 ], [ -62.656413088995691, -11.90869622698726 ], [ -62.656143594410459, -11.90869622698726 ] ] ], [ [ [ -62.655874099825226, -11.908426732402024 ], [ -62.655874099825226, -11.90869622698726 ], [ -62.656143594410459, -11.90869622698726 ], [ -62.656143594410459, -11.908426732402024 ], [ -62.655874099825226, -11.908426732402024 ] ] ], [ [ [ -62.655604605239986, -11.908157237816788 ], [ -62.655604605239986, -11.908426732402024 ], [ -62.655874099825226, -11.908426732402024 ], [ -62.655874099825226, -11.908157237816788 ], [ -62.655604605239986, -11.908157237816788 ] ] ], [ [ [ -62.655335110654754, -11.907887743231552 ], [ -62.655335110654754, -11.908157237816788 ], [ -62.655604605239986, -11.908157237816788 ], [ -62.655604605239986, -11.907887743231552 ], [ -62.655335110654754, -11.907887743231552 ] ] ], [ [ [ -62.655065616069514, -11.907618248646315 ], [ -62.655065616069514, -11.907887743231552 ], [ -62.655335110654754, -11.907887743231552 ], [ -62.655335110654754, -11.907618248646315 ], [ -62.655065616069514, -11.907618248646315 ] ] ], [ [ [ -62.655065616069514, -11.907348754061079 ], [ -62.654796121484281, -11.907348754061079 ], [ -62.654796121484281, -11.907618248646315 ], [ -62.655065616069514, -11.907618248646315 ], [ -62.655065616069514, -11.907348754061079 ] ] ], [ [ [ -62.654526626899042, -11.907079259475843 ], [ -62.654526626899042, -11.907348754061079 ], [ -62.654796121484281, -11.907348754061079 ], [ -62.654796121484281, -11.907079259475843 ], [ -62.654526626899042, -11.907079259475843 ] ] ], [ [ [ -62.654257132313809, -11.906809764890609 ], [ -62.654257132313809, -11.907079259475843 ], [ -62.654526626899042, -11.907079259475843 ], [ -62.654526626899042, -11.906809764890609 ], [ -62.654257132313809, -11.906809764890609 ] ] ], [ [ [ -62.653987637728569, -11.906540270305372 ], [ -62.653987637728569, -11.906809764890609 ], [ -62.654257132313809, -11.906809764890609 ], [ -62.654257132313809, -11.906540270305372 ], [ -62.653987637728569, -11.906540270305372 ] ] ], [ [ [ -62.653718143143337, -11.906270775720136 ], [ -62.653718143143337, -11.906540270305372 ], [ -62.653987637728569, -11.906540270305372 ], [ -62.653987637728569, -11.906270775720136 ], [ -62.653718143143337, -11.906270775720136 ] ] ], [ [ [ -62.653448648558097, -11.9060012811349 ], [ -62.653448648558097, -11.906270775720136 ], [ -62.653718143143337, -11.906270775720136 ], [ -62.653718143143337, -11.9060012811349 ], [ -62.653448648558097, -11.9060012811349 ] ] ], [ [ [ -62.653179153972864, -11.905731786549666 ], [ -62.653179153972864, -11.9060012811349 ], [ -62.653448648558097, -11.9060012811349 ], [ -62.653448648558097, -11.905731786549666 ], [ -62.653179153972864, -11.905731786549666 ] ] ], [ [ [ -62.652909659387632, -11.90546229196443 ], [ -62.652909659387632, -11.905731786549666 ], [ -62.653179153972864, -11.905731786549666 ], [ -62.653179153972864, -11.90546229196443 ], [ -62.652909659387632, -11.90546229196443 ] ] ], [ [ [ -62.652640164802392, -11.905192797379193 ], [ -62.652640164802392, -11.90546229196443 ], [ -62.652909659387632, -11.90546229196443 ], [ -62.652909659387632, -11.905192797379193 ], [ -62.652640164802392, -11.905192797379193 ] ] ], [ [ [ -62.637548468029188, -11.904384313623485 ], [ -62.637548468029188, -11.904653808208721 ], [ -62.637009478858715, -11.904653808208721 ], [ -62.637009478858715, -11.904923302793957 ], [ -62.636739984273476, -11.904923302793957 ], [ -62.636739984273476, -11.905192797379193 ], [ -62.636470489688243, -11.905192797379193 ], [ -62.636470489688243, -11.90546229196443 ], [ -62.636200995103003, -11.90546229196443 ], [ -62.636200995103003, -11.905731786549666 ], [ -62.635931500517771, -11.905731786549666 ], [ -62.635931500517771, -11.906270775720136 ], [ -62.635662005932531, -11.906270775720136 ], [ -62.635662005932531, -11.906540270305372 ], [ -62.635392511347298, -11.906540270305372 ], [ -62.635392511347298, -11.906809764890609 ], [ -62.636200995103003, -11.906809764890609 ], [ -62.636200995103003, -11.907079259475843 ], [ -62.636470489688243, -11.907079259475843 ], [ -62.636470489688243, -11.906809764890609 ], [ -62.637009478858715, -11.906809764890609 ], [ -62.637009478858715, -11.906540270305372 ], [ -62.637548468029188, -11.906540270305372 ], [ -62.637548468029188, -11.906270775720136 ], [ -62.63808745719966, -11.906270775720136 ], [ -62.63808745719966, -11.9060012811349 ], [ -62.638626446370125, -11.9060012811349 ], [ -62.638626446370125, -11.905731786549666 ], [ -62.639165435540598, -11.905731786549666 ], [ -62.639165435540598, -11.90546229196443 ], [ -62.63970442471107, -11.90546229196443 ], [ -62.63970442471107, -11.905192797379193 ], [ -62.63997391929631, -11.905192797379193 ], [ -62.63997391929631, -11.904923302793957 ], [ -62.640243413881542, -11.904923302793957 ], [ -62.640243413881542, -11.904653808208721 ], [ -62.640512908466782, -11.904653808208721 ], [ -62.640512908466782, -11.904384313623485 ], [ -62.641051897637254, -11.904384313623485 ], [ -62.641051897637254, -11.904114819038249 ], [ -62.641321392222487, -11.904114819038249 ], [ -62.641321392222487, -11.903575829867778 ], [ -62.641051897637254, -11.903575829867778 ], [ -62.641051897637254, -11.903306335282542 ], [ -62.640782403052015, -11.903306335282542 ], [ -62.640782403052015, -11.903575829867778 ], [ -62.640243413881542, -11.903575829867778 ], [ -62.640243413881542, -11.903845324453014 ], [ -62.639434930125837, -11.903845324453014 ], [ -62.639434930125837, -11.904114819038249 ], [ -62.638626446370125, -11.904114819038249 ], [ -62.638626446370125, -11.904384313623485 ], [ -62.637548468029188, -11.904384313623485 ] ] ], [ [ [ -62.652370670217159, -11.904923302793957 ], [ -62.652370670217159, -11.905192797379193 ], [ -62.652640164802392, -11.905192797379193 ], [ -62.652640164802392, -11.904923302793957 ], [ -62.652370670217159, -11.904923302793957 ] ] ], [ [ [ -62.65210117563192, -11.904653808208721 ], [ -62.65210117563192, -11.904923302793957 ], [ -62.652370670217159, -11.904923302793957 ], [ -62.652370670217159, -11.904653808208721 ], [ -62.65210117563192, -11.904653808208721 ] ] ], [ [ [ -62.651831681046687, -11.904384313623485 ], [ -62.651831681046687, -11.904653808208721 ], [ -62.65210117563192, -11.904653808208721 ], [ -62.65210117563192, -11.904384313623485 ], [ -62.651831681046687, -11.904384313623485 ] ] ], [ [ [ -62.651562186461447, -11.904114819038249 ], [ -62.651562186461447, -11.904384313623485 ], [ -62.651831681046687, -11.904384313623485 ], [ -62.651831681046687, -11.904114819038249 ], [ -62.651562186461447, -11.904114819038249 ] ] ], [ [ [ -62.651292691876215, -11.903845324453014 ], [ -62.651292691876215, -11.904114819038249 ], [ -62.651562186461447, -11.904114819038249 ], [ -62.651562186461447, -11.903845324453014 ], [ -62.651292691876215, -11.903845324453014 ] ] ], [ [ [ -62.651292691876215, -11.903575829867778 ], [ -62.651023197290975, -11.903575829867778 ], [ -62.651023197290975, -11.903845324453014 ], [ -62.651292691876215, -11.903845324453014 ], [ -62.651292691876215, -11.903575829867778 ] ] ], [ [ [ -62.650753702705742, -11.903306335282542 ], [ -62.650753702705742, -11.903575829867778 ], [ -62.651023197290975, -11.903575829867778 ], [ -62.651023197290975, -11.903306335282542 ], [ -62.650753702705742, -11.903306335282542 ] ] ], [ [ [ -62.632428070909704, -11.902497851526835 ], [ -62.632428070909704, -11.902767346112071 ], [ -62.633236554665409, -11.902767346112071 ], [ -62.633236554665409, -11.902497851526835 ], [ -62.633506049250649, -11.902497851526835 ], [ -62.633506049250649, -11.901150378600654 ], [ -62.633236554665409, -11.901150378600654 ], [ -62.633236554665409, -11.900611389430184 ], [ -62.632967060080176, -11.900611389430184 ], [ -62.632967060080176, -11.900341894844948 ], [ -62.632428070909704, -11.900341894844948 ], [ -62.632428070909704, -11.900611389430184 ], [ -62.632158576324471, -11.900611389430184 ], [ -62.632158576324471, -11.901150378600654 ], [ -62.631889081739232, -11.901150378600654 ], [ -62.631889081739232, -11.901958862356363 ], [ -62.632158576324471, -11.901958862356363 ], [ -62.632158576324471, -11.902497851526835 ], [ -62.632428070909704, -11.902497851526835 ] ] ], [ [ [ -62.635931500517771, -11.88848413309457 ], [ -62.635931500517771, -11.888753627679806 ], [ -62.636200995103003, -11.888753627679806 ], [ -62.636200995103003, -11.88848413309457 ], [ -62.635931500517771, -11.88848413309457 ] ] ], [ [ [ -62.634853522176826, -11.887136660168391 ], [ -62.634853522176826, -11.887675649338863 ], [ -62.635123016762066, -11.887675649338863 ], [ -62.635123016762066, -11.887945143924098 ], [ -62.635392511347298, -11.887945143924098 ], [ -62.635392511347298, -11.888214638509334 ], [ -62.635662005932531, -11.888214638509334 ], [ -62.635662005932531, -11.88848413309457 ], [ -62.635931500517771, -11.88848413309457 ], [ -62.635931500517771, -11.887945143924098 ], [ -62.635662005932531, -11.887945143924098 ], [ -62.635662005932531, -11.887406154753627 ], [ -62.635392511347298, -11.887406154753627 ], [ -62.635392511347298, -11.886867165583155 ], [ -62.635123016762066, -11.886867165583155 ], [ -62.635123016762066, -11.886597670997919 ], [ -62.634853522176826, -11.886597670997919 ], [ -62.634853522176826, -11.886328176412682 ], [ -62.634314533006354, -11.886328176412682 ], [ -62.634314533006354, -11.886058681827446 ], [ -62.633775543835881, -11.886058681827446 ], [ -62.633775543835881, -11.886328176412682 ], [ -62.634045038421121, -11.886328176412682 ], [ -62.634045038421121, -11.886597670997919 ], [ -62.634314533006354, -11.886597670997919 ], [ -62.634314533006354, -11.886867165583155 ], [ -62.634584027591593, -11.886867165583155 ], [ -62.634584027591593, -11.887136660168391 ], [ -62.634853522176826, -11.887136660168391 ] ] ], [ [ [ -62.633506049250649, -11.885789187242212 ], [ -62.633506049250649, -11.886058681827446 ], [ -62.633775543835881, -11.886058681827446 ], [ -62.633775543835881, -11.885789187242212 ], [ -62.633506049250649, -11.885789187242212 ] ] ], [ [ [ -62.633236554665409, -11.885519692656976 ], [ -62.633236554665409, -11.885789187242212 ], [ -62.633506049250649, -11.885789187242212 ], [ -62.633506049250649, -11.885519692656976 ], [ -62.633236554665409, -11.885519692656976 ] ] ], [ [ [ -62.621648287500271, -11.874200920077069 ], [ -62.621917782085504, -11.874200920077069 ], [ -62.621917782085504, -11.874470414662305 ], [ -62.622187276670743, -11.874470414662305 ], [ -62.622187276670743, -11.874739909247541 ], [ -62.622456771255976, -11.874739909247541 ], [ -62.622456771255976, -11.872314457980419 ], [ -62.622187276670743, -11.872314457980419 ], [ -62.622187276670743, -11.872044963395183 ], [ -62.621917782085504, -11.872044963395183 ], [ -62.621917782085504, -11.872583952565655 ], [ -62.621648287500271, -11.872583952565655 ], [ -62.621648287500271, -11.873122941736126 ], [ -62.621378792915031, -11.873122941736126 ], [ -62.621378792915031, -11.873661930906598 ], [ -62.621648287500271, -11.873661930906598 ], [ -62.621648287500271, -11.874200920077069 ] ] ], [ [ [ -62.564515435430266, -12.209721678695711 ], [ -62.564515435430266, -12.209991173280947 ], [ -62.564784930015506, -12.209991173280947 ], [ -62.564784930015506, -12.209721678695711 ], [ -62.565323919185978, -12.209721678695711 ], [ -62.565323919185978, -12.209452184110475 ], [ -62.565593413771211, -12.209452184110475 ], [ -62.565593413771211, -12.209182689525239 ], [ -62.565323919185978, -12.209182689525239 ], [ -62.565323919185978, -12.208913194940003 ], [ -62.565054424600739, -12.208913194940003 ], [ -62.565054424600739, -12.209182689525239 ], [ -62.564515435430266, -12.209182689525239 ], [ -62.564515435430266, -12.208913194940003 ], [ -62.564245940845034, -12.208913194940003 ], [ -62.564245940845034, -12.20783521659906 ], [ -62.563976446259794, -12.20783521659906 ], [ -62.563976446259794, -12.207565722013824 ], [ -62.563706951674561, -12.207565722013824 ], [ -62.563706951674561, -12.208643700354767 ], [ -62.563976446259794, -12.208643700354767 ], [ -62.563976446259794, -12.209182689525239 ], [ -62.564245940845034, -12.209182689525239 ], [ -62.564245940845034, -12.209452184110475 ], [ -62.563976446259794, -12.209452184110475 ], [ -62.563976446259794, -12.209721678695711 ], [ -62.564515435430266, -12.209721678695711 ] ] ], [ [ [ -62.585536013078666, -12.175495866370756 ], [ -62.585536013078666, -12.176034855541229 ], [ -62.585805507663899, -12.176034855541229 ], [ -62.585805507663899, -12.176304350126465 ], [ -62.586344496834371, -12.176304350126465 ], [ -62.586344496834371, -12.176573844711701 ], [ -62.586883486004844, -12.176573844711701 ], [ -62.586883486004844, -12.176304350126465 ], [ -62.586613991419611, -12.176304350126465 ], [ -62.586613991419611, -12.175765360955992 ], [ -62.586344496834371, -12.175765360955992 ], [ -62.586344496834371, -12.175495866370756 ], [ -62.586613991419611, -12.175495866370756 ], [ -62.586613991419611, -12.175226371785522 ], [ -62.586883486004844, -12.175226371785522 ], [ -62.586883486004844, -12.174956877200286 ], [ -62.586613991419611, -12.174956877200286 ], [ -62.586613991419611, -12.174687382615049 ], [ -62.586344496834371, -12.174687382615049 ], [ -62.586344496834371, -12.174417888029813 ], [ -62.586075002249139, -12.174417888029813 ], [ -62.586075002249139, -12.174148393444579 ], [ -62.585805507663899, -12.174148393444579 ], [ -62.585805507663899, -12.173609404274107 ], [ -62.585536013078666, -12.173609404274107 ], [ -62.585536013078666, -12.173878898859343 ], [ -62.585266518493427, -12.173878898859343 ], [ -62.585266518493427, -12.174148393444579 ], [ -62.585536013078666, -12.174148393444579 ], [ -62.585536013078666, -12.174687382615049 ], [ -62.585805507663899, -12.174687382615049 ], [ -62.585805507663899, -12.175495866370756 ], [ -62.585536013078666, -12.175495866370756 ] ] ], [ [ [ -62.611137998676071, -12.16498557754656 ], [ -62.611137998676071, -12.16552456671703 ], [ -62.610868504090838, -12.16552456671703 ], [ -62.610868504090838, -12.166063555887503 ], [ -62.611137998676071, -12.166063555887503 ], [ -62.611137998676071, -12.167411028813682 ], [ -62.611407493261311, -12.167411028813682 ], [ -62.611407493261311, -12.167141534228445 ], [ -62.612215977017016, -12.167141534228445 ], [ -62.612215977017016, -12.166602545057973 ], [ -62.612485471602248, -12.166602545057973 ], [ -62.612485471602248, -12.165255072131794 ], [ -62.612215977017016, -12.165255072131794 ], [ -62.612215977017016, -12.164716082961323 ], [ -62.612485471602248, -12.164716082961323 ], [ -62.612485471602248, -12.164177093790851 ], [ -62.612754966187488, -12.164177093790851 ], [ -62.612754966187488, -12.163638104620379 ], [ -62.613024460772721, -12.163638104620379 ], [ -62.613024460772721, -12.163368610035143 ], [ -62.612485471602248, -12.163368610035143 ], [ -62.612485471602248, -12.163638104620379 ], [ -62.612215977017016, -12.163638104620379 ], [ -62.612215977017016, -12.163368610035143 ], [ -62.611946482431776, -12.163368610035143 ], [ -62.611946482431776, -12.163099115449908 ], [ -62.612215977017016, -12.163099115449908 ], [ -62.612215977017016, -12.162829620864672 ], [ -62.611946482431776, -12.162829620864672 ], [ -62.611946482431776, -12.162560126279436 ], [ -62.611676987846543, -12.162560126279436 ], [ -62.611676987846543, -12.162021137108965 ], [ -62.611137998676071, -12.162021137108965 ], [ -62.611137998676071, -12.1622906316942 ], [ -62.611407493261311, -12.1622906316942 ], [ -62.611407493261311, -12.162560126279436 ], [ -62.611137998676071, -12.162560126279436 ], [ -62.611137998676071, -12.162829620864672 ], [ -62.611407493261311, -12.162829620864672 ], [ -62.611407493261311, -12.16498557754656 ], [ -62.611137998676071, -12.16498557754656 ] ] ], [ [ [ -62.583649550982017, -12.120249476397406 ], [ -62.583649550982017, -12.120518970982642 ], [ -62.583919045567249, -12.120518970982642 ], [ -62.583919045567249, -12.120249476397406 ], [ -62.583649550982017, -12.120249476397406 ] ] ], [ [ [ -62.5820325834706, -12.121327454738349 ], [ -62.5820325834706, -12.121596949323585 ], [ -62.582302078055832, -12.121596949323585 ], [ -62.582302078055832, -12.121866443908822 ], [ -62.582841067226305, -12.121866443908822 ], [ -62.582841067226305, -12.121596949323585 ], [ -62.582571572641072, -12.121596949323585 ], [ -62.582571572641072, -12.120788465567879 ], [ -62.582841067226305, -12.120788465567879 ], [ -62.582841067226305, -12.120518970982642 ], [ -62.583380056396777, -12.120518970982642 ], [ -62.583380056396777, -12.120249476397406 ], [ -62.583649550982017, -12.120249476397406 ], [ -62.583649550982017, -12.11997998181217 ], [ -62.583110561811544, -12.11997998181217 ], [ -62.583110561811544, -12.119710487226936 ], [ -62.582841067226305, -12.119710487226936 ], [ -62.582841067226305, -12.119440992641699 ], [ -62.582571572641072, -12.119440992641699 ], [ -62.582571572641072, -12.119171498056463 ], [ -62.582302078055832, -12.119171498056463 ], [ -62.582302078055832, -12.118902003471227 ], [ -62.58176308888536, -12.118902003471227 ], [ -62.58176308888536, -12.118632508885991 ], [ -62.581493594300127, -12.118632508885991 ], [ -62.581493594300127, -12.118902003471227 ], [ -62.581224099714888, -12.118902003471227 ], [ -62.581224099714888, -12.120518970982642 ], [ -62.581493594300127, -12.120518970982642 ], [ -62.581493594300127, -12.121057960153115 ], [ -62.58176308888536, -12.121057960153115 ], [ -62.58176308888536, -12.121327454738349 ], [ -62.5820325834706, -12.121327454738349 ] ] ], [ [ [ -62.601436193607583, -12.114590090107454 ], [ -62.601436193607583, -12.114051100936981 ], [ -62.601166699022343, -12.114051100936981 ], [ -62.601166699022343, -12.113242617181275 ], [ -62.600627709851871, -12.113242617181275 ], [ -62.600627709851871, -12.114590090107454 ], [ -62.600358215266638, -12.114590090107454 ], [ -62.600358215266638, -12.11539857386316 ], [ -62.600897204437111, -12.11539857386316 ], [ -62.600897204437111, -12.11485958469269 ], [ -62.601705688192816, -12.11485958469269 ], [ -62.601705688192816, -12.114590090107454 ], [ -62.601436193607583, -12.114590090107454 ] ] ], [ [ [ -62.598741247755221, -12.114051100936981 ], [ -62.599010742340461, -12.114051100936981 ], [ -62.599010742340461, -12.113512111766511 ], [ -62.599280236925694, -12.113512111766511 ], [ -62.599280236925694, -12.113242617181275 ], [ -62.599010742340461, -12.113242617181275 ], [ -62.599010742340461, -12.112703628010802 ], [ -62.598741247755221, -12.112703628010802 ], [ -62.598741247755221, -12.112434133425566 ], [ -62.598471753169989, -12.112434133425566 ], [ -62.598471753169989, -12.112973122596038 ], [ -62.598202258584749, -12.112973122596038 ], [ -62.598202258584749, -12.113242617181275 ], [ -62.598471753169989, -12.113242617181275 ], [ -62.598471753169989, -12.113781606351747 ], [ -62.598741247755221, -12.113781606351747 ], [ -62.598741247755221, -12.114051100936981 ] ] ], [ [ [ -62.598471753169989, -12.111086660499387 ], [ -62.598471753169989, -12.111625649669859 ], [ -62.598741247755221, -12.111625649669859 ], [ -62.598741247755221, -12.111086660499387 ], [ -62.598471753169989, -12.111086660499387 ] ] ], [ [ [ -62.598202258584749, -12.110817165914153 ], [ -62.598202258584749, -12.111086660499387 ], [ -62.598471753169989, -12.111086660499387 ], [ -62.598471753169989, -12.110817165914153 ], [ -62.598202258584749, -12.110817165914153 ] ] ], [ [ [ -62.598741247755221, -12.110817165914153 ], [ -62.598741247755221, -12.110547671328916 ], [ -62.599010742340461, -12.110547671328916 ], [ -62.599010742340461, -12.110817165914153 ], [ -62.599280236925694, -12.110817165914153 ], [ -62.599280236925694, -12.111086660499387 ], [ -62.599549731510926, -12.111086660499387 ], [ -62.599549731510926, -12.111625649669859 ], [ -62.599819226096166, -12.111625649669859 ], [ -62.599819226096166, -12.111086660499387 ], [ -62.600358215266638, -12.111086660499387 ], [ -62.600358215266638, -12.111356155084623 ], [ -62.600627709851871, -12.111356155084623 ], [ -62.600627709851871, -12.111625649669859 ], [ -62.600897204437111, -12.111625649669859 ], [ -62.600897204437111, -12.111895144255096 ], [ -62.601166699022343, -12.111895144255096 ], [ -62.601166699022343, -12.111086660499387 ], [ -62.600897204437111, -12.111086660499387 ], [ -62.600897204437111, -12.110547671328916 ], [ -62.600627709851871, -12.110547671328916 ], [ -62.600627709851871, -12.110008682158444 ], [ -62.599819226096166, -12.110008682158444 ], [ -62.599819226096166, -12.109469692987972 ], [ -62.599549731510926, -12.109469692987972 ], [ -62.599549731510926, -12.110008682158444 ], [ -62.598741247755221, -12.110008682158444 ], [ -62.598741247755221, -12.11027817674368 ], [ -62.597932763999516, -12.11027817674368 ], [ -62.597932763999516, -12.110547671328916 ], [ -62.598471753169989, -12.110547671328916 ], [ -62.598471753169989, -12.110817165914153 ], [ -62.598741247755221, -12.110817165914153 ] ] ], [ [ [ -62.595776807317627, -12.103810306698019 ], [ -62.595776807317627, -12.104079801283255 ], [ -62.596046301902867, -12.104079801283255 ], [ -62.596046301902867, -12.103810306698019 ], [ -62.595776807317627, -12.103810306698019 ] ] ], [ [ [ -62.596046301902867, -12.103540812112783 ], [ -62.596046301902867, -12.103810306698019 ], [ -62.596315796488099, -12.103810306698019 ], [ -62.596315796488099, -12.103271317527547 ], [ -62.596585291073332, -12.103271317527547 ], [ -62.596585291073332, -12.103001822942311 ], [ -62.596854785658572, -12.103001822942311 ], [ -62.596854785658572, -12.102732328357076 ], [ -62.597124280243804, -12.102732328357076 ], [ -62.597124280243804, -12.101923844601368 ], [ -62.596854785658572, -12.101923844601368 ], [ -62.596854785658572, -12.101384855430897 ], [ -62.596585291073332, -12.101384855430897 ], [ -62.596585291073332, -12.101654350016133 ], [ -62.596315796488099, -12.101654350016133 ], [ -62.596315796488099, -12.102193339186604 ], [ -62.596046301902867, -12.102193339186604 ], [ -62.596046301902867, -12.102732328357076 ], [ -62.595776807317627, -12.102732328357076 ], [ -62.595776807317627, -12.103540812112783 ], [ -62.596046301902867, -12.103540812112783 ] ] ], [ [ [ -62.612215977017016, -12.098420414993303 ], [ -62.612215977017016, -12.100037382504716 ], [ -62.612485471602248, -12.100037382504716 ], [ -62.612485471602248, -12.100306877089952 ], [ -62.613024460772721, -12.100306877089952 ], [ -62.613024460772721, -12.100576371675189 ], [ -62.613832944528433, -12.100576371675189 ], [ -62.613832944528433, -12.099498393334246 ], [ -62.613563449943193, -12.099498393334246 ], [ -62.613563449943193, -12.09922889874901 ], [ -62.61329395535796, -12.09922889874901 ], [ -62.61329395535796, -12.098420414993303 ], [ -62.613024460772721, -12.098420414993303 ], [ -62.613024460772721, -12.09788142582283 ], [ -62.612754966187488, -12.09788142582283 ], [ -62.612754966187488, -12.097611931237594 ], [ -62.612215977017016, -12.097611931237594 ], [ -62.612215977017016, -12.097342436652358 ], [ -62.611137998676071, -12.097342436652358 ], [ -62.611137998676071, -12.097611931237594 ], [ -62.611407493261311, -12.097611931237594 ], [ -62.611407493261311, -12.09788142582283 ], [ -62.611676987846543, -12.09788142582283 ], [ -62.611676987846543, -12.098150920408067 ], [ -62.611946482431776, -12.098150920408067 ], [ -62.611946482431776, -12.098420414993303 ], [ -62.612215977017016, -12.098420414993303 ] ] ], [ [ [ -62.596854785658572, -12.099498393334246 ], [ -62.596854785658572, -12.098150920408067 ], [ -62.596585291073332, -12.098150920408067 ], [ -62.596585291073332, -12.098689909578539 ], [ -62.596315796488099, -12.098689909578539 ], [ -62.596315796488099, -12.098959404163773 ], [ -62.596585291073332, -12.098959404163773 ], [ -62.596585291073332, -12.09922889874901 ], [ -62.596315796488099, -12.09922889874901 ], [ -62.596315796488099, -12.099498393334246 ], [ -62.596854785658572, -12.099498393334246 ] ] ], [ [ [ -62.596854785658572, -12.097611931237594 ], [ -62.596854785658572, -12.098150920408067 ], [ -62.597124280243804, -12.098150920408067 ], [ -62.597124280243804, -12.097611931237594 ], [ -62.596854785658572, -12.097611931237594 ] ] ], [ [ [ -62.597124280243804, -12.097072942067122 ], [ -62.597124280243804, -12.097611931237594 ], [ -62.597393774829044, -12.097611931237594 ], [ -62.597393774829044, -12.097072942067122 ], [ -62.597124280243804, -12.097072942067122 ] ] ], [ [ [ -62.597393774829044, -12.096803447481888 ], [ -62.597393774829044, -12.097072942067122 ], [ -62.597663269414276, -12.097072942067122 ], [ -62.597663269414276, -12.096803447481888 ], [ -62.597393774829044, -12.096803447481888 ] ] ], [ [ [ -62.597663269414276, -12.096533952896651 ], [ -62.597663269414276, -12.096803447481888 ], [ -62.597932763999516, -12.096803447481888 ], [ -62.597932763999516, -12.096533952896651 ], [ -62.597663269414276, -12.096533952896651 ] ] ], [ [ [ -62.597932763999516, -12.096264458311415 ], [ -62.597932763999516, -12.096533952896651 ], [ -62.598202258584749, -12.096533952896651 ], [ -62.598202258584749, -12.096264458311415 ], [ -62.597932763999516, -12.096264458311415 ] ] ], [ [ [ -62.590656410198143, -12.086562653242925 ], [ -62.590656410198143, -12.08683214782816 ], [ -62.590925904783383, -12.08683214782816 ], [ -62.590925904783383, -12.086562653242925 ], [ -62.590656410198143, -12.086562653242925 ] ] ], [ [ [ -62.590117421027671, -12.08683214782816 ], [ -62.590117421027671, -12.086562653242925 ], [ -62.589847926442438, -12.086562653242925 ], [ -62.589847926442438, -12.086293158657689 ], [ -62.589578431857205, -12.086293158657689 ], [ -62.589578431857205, -12.086023664072453 ], [ -62.589308937271966, -12.086023664072453 ], [ -62.589308937271966, -12.086562653242925 ], [ -62.589578431857205, -12.086562653242925 ], [ -62.589578431857205, -12.08683214782816 ], [ -62.589847926442438, -12.08683214782816 ], [ -62.589847926442438, -12.087101642413396 ], [ -62.590656410198143, -12.087101642413396 ], [ -62.590656410198143, -12.08683214782816 ], [ -62.590117421027671, -12.08683214782816 ] ] ], [ [ [ -62.591195399368615, -12.086293158657689 ], [ -62.590925904783383, -12.086293158657689 ], [ -62.590925904783383, -12.086562653242925 ], [ -62.591195399368615, -12.086562653242925 ], [ -62.591195399368615, -12.086293158657689 ] ] ], [ [ [ -62.591195399368615, -12.086023664072453 ], [ -62.591195399368615, -12.086293158657689 ], [ -62.591734388539088, -12.086293158657689 ], [ -62.591734388539088, -12.086023664072453 ], [ -62.591195399368615, -12.086023664072453 ] ] ], [ [ [ -62.589039442686733, -12.085754169487217 ], [ -62.589039442686733, -12.086023664072453 ], [ -62.589308937271966, -12.086023664072453 ], [ -62.589308937271966, -12.085754169487217 ], [ -62.589039442686733, -12.085754169487217 ] ] ], [ [ [ -62.588769948101493, -12.084676191146274 ], [ -62.588769948101493, -12.084945685731508 ], [ -62.589039442686733, -12.084945685731508 ], [ -62.589039442686733, -12.084406696561038 ], [ -62.589308937271966, -12.084406696561038 ], [ -62.589308937271966, -12.084137201975802 ], [ -62.589578431857205, -12.084137201975802 ], [ -62.589578431857205, -12.083867707390565 ], [ -62.589847926442438, -12.083867707390565 ], [ -62.589847926442438, -12.083598212805331 ], [ -62.590117421027671, -12.083598212805331 ], [ -62.590117421027671, -12.083059223634859 ], [ -62.589847926442438, -12.083059223634859 ], [ -62.589847926442438, -12.082789729049622 ], [ -62.589308937271966, -12.082789729049622 ], [ -62.589308937271966, -12.083059223634859 ], [ -62.589039442686733, -12.083059223634859 ], [ -62.589039442686733, -12.083328718220095 ], [ -62.588769948101493, -12.083328718220095 ], [ -62.588769948101493, -12.084406696561038 ], [ -62.588500453516261, -12.084406696561038 ], [ -62.588500453516261, -12.084676191146274 ], [ -62.588769948101493, -12.084676191146274 ] ] ], [ [ [ -62.599010742340461, -12.081442256123443 ], [ -62.599010742340461, -12.08171175070868 ], [ -62.599280236925694, -12.08171175070868 ], [ -62.599280236925694, -12.081442256123443 ], [ -62.599010742340461, -12.081442256123443 ] ] ], [ [ [ -62.597932763999516, -12.080903266952971 ], [ -62.597932763999516, -12.081442256123443 ], [ -62.596315796488099, -12.081442256123443 ], [ -62.596315796488099, -12.081981245293914 ], [ -62.596046301902867, -12.081981245293914 ], [ -62.596046301902867, -12.082520234464386 ], [ -62.596315796488099, -12.082520234464386 ], [ -62.596315796488099, -12.083059223634859 ], [ -62.596854785658572, -12.083059223634859 ], [ -62.596854785658572, -12.083598212805331 ], [ -62.597124280243804, -12.083598212805331 ], [ -62.597124280243804, -12.083328718220095 ], [ -62.598471753169989, -12.083328718220095 ], [ -62.598471753169989, -12.083598212805331 ], [ -62.598741247755221, -12.083598212805331 ], [ -62.598741247755221, -12.083059223634859 ], [ -62.599010742340461, -12.083059223634859 ], [ -62.599010742340461, -12.081981245293914 ], [ -62.598741247755221, -12.081981245293914 ], [ -62.598741247755221, -12.08171175070868 ], [ -62.598471753169989, -12.08171175070868 ], [ -62.598471753169989, -12.081442256123443 ], [ -62.599010742340461, -12.081442256123443 ], [ -62.599010742340461, -12.081172761538207 ], [ -62.598741247755221, -12.081172761538207 ], [ -62.598741247755221, -12.080903266952971 ], [ -62.598471753169989, -12.080903266952971 ], [ -62.598471753169989, -12.080633772367737 ], [ -62.598202258584749, -12.080633772367737 ], [ -62.598202258584749, -12.0803642777825 ], [ -62.597932763999516, -12.0803642777825 ], [ -62.597932763999516, -12.080094783197264 ], [ -62.597393774829044, -12.080094783197264 ], [ -62.597393774829044, -12.079825288612028 ], [ -62.597124280243804, -12.079825288612028 ], [ -62.597124280243804, -12.079555794026792 ], [ -62.596854785658572, -12.079555794026792 ], [ -62.596854785658572, -12.079286299441556 ], [ -62.596315796488099, -12.079286299441556 ], [ -62.596315796488099, -12.07901680485632 ], [ -62.596046301902867, -12.07901680485632 ], [ -62.596046301902867, -12.079825288612028 ], [ -62.596315796488099, -12.079825288612028 ], [ -62.596315796488099, -12.080094783197264 ], [ -62.596585291073332, -12.080094783197264 ], [ -62.596585291073332, -12.080633772367737 ], [ -62.597124280243804, -12.080633772367737 ], [ -62.597124280243804, -12.080903266952971 ], [ -62.597932763999516, -12.080903266952971 ] ] ], [ [ [ -62.5715222946464, -12.074704891492548 ], [ -62.5715222946464, -12.074974386077782 ], [ -62.571791789231639, -12.074974386077782 ], [ -62.571791789231639, -12.074704891492548 ], [ -62.5715222946464, -12.074704891492548 ] ] ], [ [ [ -62.574486735083994, -12.075243880663018 ], [ -62.574756229669234, -12.075243880663018 ], [ -62.574756229669234, -12.075513375248255 ], [ -62.575295218839699, -12.075513375248255 ], [ -62.575295218839699, -12.074435396907312 ], [ -62.575025724254466, -12.074435396907312 ], [ -62.575025724254466, -12.073896407736839 ], [ -62.574756229669234, -12.073896407736839 ], [ -62.574756229669234, -12.073357418566367 ], [ -62.574486735083994, -12.073357418566367 ], [ -62.574486735083994, -12.072818429395896 ], [ -62.573947745913522, -12.072818429395896 ], [ -62.573947745913522, -12.07254893481066 ], [ -62.573678251328289, -12.07254893481066 ], [ -62.573678251328289, -12.073087923981131 ], [ -62.573947745913522, -12.073087923981131 ], [ -62.573947745913522, -12.074435396907312 ], [ -62.574217240498761, -12.074435396907312 ], [ -62.574217240498761, -12.074974386077782 ], [ -62.574486735083994, -12.074974386077782 ], [ -62.574486735083994, -12.075243880663018 ] ] ], [ [ [ -62.571791789231639, -12.074435396907312 ], [ -62.571791789231639, -12.074704891492548 ], [ -62.572061283816872, -12.074704891492548 ], [ -62.572061283816872, -12.074974386077782 ], [ -62.572600272987344, -12.074974386077782 ], [ -62.572600272987344, -12.074704891492548 ], [ -62.572330778402105, -12.074704891492548 ], [ -62.572330778402105, -12.074165902322076 ], [ -62.572061283816872, -12.074165902322076 ], [ -62.572061283816872, -12.073896407736839 ], [ -62.572330778402105, -12.073896407736839 ], [ -62.572330778402105, -12.073626913151603 ], [ -62.572061283816872, -12.073626913151603 ], [ -62.572061283816872, -12.073357418566367 ], [ -62.572330778402105, -12.073357418566367 ], [ -62.572330778402105, -12.073087923981131 ], [ -62.571791789231639, -12.073087923981131 ], [ -62.571791789231639, -12.073357418566367 ], [ -62.5715222946464, -12.073357418566367 ], [ -62.5715222946464, -12.073626913151603 ], [ -62.571252800061167, -12.073626913151603 ], [ -62.571252800061167, -12.074165902322076 ], [ -62.5715222946464, -12.074165902322076 ], [ -62.5715222946464, -12.074435396907312 ], [ -62.571791789231639, -12.074435396907312 ] ] ], [ [ [ -62.572869767572577, -12.072009945640188 ], [ -62.572869767572577, -12.071740451054952 ], [ -62.572600272987344, -12.071740451054952 ], [ -62.572600272987344, -12.071470956469717 ], [ -62.572330778402105, -12.071470956469717 ], [ -62.572330778402105, -12.072009945640188 ], [ -62.572600272987344, -12.072009945640188 ], [ -62.572600272987344, -12.07254893481066 ], [ -62.573678251328289, -12.07254893481066 ], [ -62.573678251328289, -12.072279440225424 ], [ -62.573139262157817, -12.072279440225424 ], [ -62.573139262157817, -12.072009945640188 ], [ -62.572869767572577, -12.072009945640188 ] ] ], [ [ [ -62.562089984163144, -12.066620053935472 ], [ -62.562089984163144, -12.067428537691178 ], [ -62.562359478748384, -12.067428537691178 ], [ -62.562359478748384, -12.067967526861651 ], [ -62.562628973333616, -12.067967526861651 ], [ -62.562628973333616, -12.068237021446887 ], [ -62.562898467918856, -12.068237021446887 ], [ -62.562898467918856, -12.070123483543536 ], [ -62.562628973333616, -12.070123483543536 ], [ -62.562628973333616, -12.070662472714009 ], [ -62.562359478748384, -12.070662472714009 ], [ -62.562359478748384, -12.070931967299245 ], [ -62.562089984163144, -12.070931967299245 ], [ -62.562089984163144, -12.071470956469717 ], [ -62.561820489577912, -12.071470956469717 ], [ -62.561820489577912, -12.072009945640188 ], [ -62.561550994992672, -12.072009945640188 ], [ -62.561550994992672, -12.07254893481066 ], [ -62.561281500407439, -12.07254893481066 ], [ -62.561281500407439, -12.072818429395896 ], [ -62.561550994992672, -12.072818429395896 ], [ -62.561550994992672, -12.073087923981131 ], [ -62.562089984163144, -12.073087923981131 ], [ -62.562089984163144, -12.072818429395896 ], [ -62.562359478748384, -12.072818429395896 ], [ -62.562359478748384, -12.073087923981131 ], [ -62.562628973333616, -12.073087923981131 ], [ -62.562628973333616, -12.072818429395896 ], [ -62.563167962504089, -12.072818429395896 ], [ -62.563167962504089, -12.072009945640188 ], [ -62.563437457089321, -12.072009945640188 ], [ -62.563437457089321, -12.071470956469717 ], [ -62.563706951674561, -12.071470956469717 ], [ -62.563706951674561, -12.070931967299245 ], [ -62.563437457089321, -12.070931967299245 ], [ -62.563437457089321, -12.070123483543536 ], [ -62.563976446259794, -12.070123483543536 ], [ -62.563976446259794, -12.0698539889583 ], [ -62.564515435430266, -12.0698539889583 ], [ -62.564515435430266, -12.069584494373066 ], [ -62.564245940845034, -12.069584494373066 ], [ -62.564245940845034, -12.06931499978783 ], [ -62.564515435430266, -12.06931499978783 ], [ -62.564515435430266, -12.066350559350235 ], [ -62.564784930015506, -12.066350559350235 ], [ -62.564784930015506, -12.066081064764999 ], [ -62.565054424600739, -12.066081064764999 ], [ -62.565054424600739, -12.065811570179763 ], [ -62.564784930015506, -12.065811570179763 ], [ -62.564784930015506, -12.065542075594529 ], [ -62.564515435430266, -12.065542075594529 ], [ -62.564515435430266, -12.065272581009292 ], [ -62.563167962504089, -12.065272581009292 ], [ -62.563167962504089, -12.065542075594529 ], [ -62.562898467918856, -12.065542075594529 ], [ -62.562898467918856, -12.065811570179763 ], [ -62.562628973333616, -12.065811570179763 ], [ -62.562628973333616, -12.066350559350235 ], [ -62.562359478748384, -12.066350559350235 ], [ -62.562359478748384, -12.066620053935472 ], [ -62.562089984163144, -12.066620053935472 ] ] ], [ [ [ -62.558856049140317, -12.058535216378395 ], [ -62.558856049140317, -12.058804710963631 ], [ -62.55912554372555, -12.058804710963631 ], [ -62.55912554372555, -12.059074205548868 ], [ -62.55939503831079, -12.059074205548868 ], [ -62.55939503831079, -12.059343700134104 ], [ -62.559664532896022, -12.059343700134104 ], [ -62.559664532896022, -12.05961319471934 ], [ -62.559934027481262, -12.05961319471934 ], [ -62.559934027481262, -12.059882689304574 ], [ -62.560203522066494, -12.059882689304574 ], [ -62.560203522066494, -12.060421678475047 ], [ -62.560473016651727, -12.060421678475047 ], [ -62.560473016651727, -12.060691173060283 ], [ -62.560742511236967, -12.060691173060283 ], [ -62.560742511236967, -12.060960667645517 ], [ -62.561012005822199, -12.060960667645517 ], [ -62.561012005822199, -12.061230162230753 ], [ -62.561281500407439, -12.061230162230753 ], [ -62.561281500407439, -12.06149965681599 ], [ -62.561820489577912, -12.06149965681599 ], [ -62.561820489577912, -12.061769151401226 ], [ -62.562359478748384, -12.061769151401226 ], [ -62.562359478748384, -12.062308140571698 ], [ -62.563706951674561, -12.062308140571698 ], [ -62.563706951674561, -12.062847129742169 ], [ -62.564515435430266, -12.062847129742169 ], [ -62.564515435430266, -12.062577635156934 ], [ -62.564784930015506, -12.062577635156934 ], [ -62.564784930015506, -12.062038645986462 ], [ -62.563706951674561, -12.062038645986462 ], [ -62.563706951674561, -12.061769151401226 ], [ -62.563167962504089, -12.061769151401226 ], [ -62.563167962504089, -12.06149965681599 ], [ -62.562898467918856, -12.06149965681599 ], [ -62.562898467918856, -12.061230162230753 ], [ -62.562628973333616, -12.061230162230753 ], [ -62.562628973333616, -12.060960667645517 ], [ -62.562359478748384, -12.060960667645517 ], [ -62.562359478748384, -12.060691173060283 ], [ -62.562089984163144, -12.060691173060283 ], [ -62.562089984163144, -12.06015218388981 ], [ -62.561820489577912, -12.06015218388981 ], [ -62.561820489577912, -12.059882689304574 ], [ -62.561281500407439, -12.059882689304574 ], [ -62.561281500407439, -12.05961319471934 ], [ -62.560742511236967, -12.05961319471934 ], [ -62.560742511236967, -12.059343700134104 ], [ -62.560473016651727, -12.059343700134104 ], [ -62.560473016651727, -12.059074205548868 ], [ -62.560203522066494, -12.059074205548868 ], [ -62.560203522066494, -12.058535216378395 ], [ -62.559934027481262, -12.058535216378395 ], [ -62.559934027481262, -12.057996227207923 ], [ -62.55939503831079, -12.057996227207923 ], [ -62.55939503831079, -12.057726732622688 ], [ -62.558856049140317, -12.057726732622688 ], [ -62.558856049140317, -12.057457238037452 ], [ -62.558317059969845, -12.057457238037452 ], [ -62.558317059969845, -12.057726732622688 ], [ -62.558047565384605, -12.057726732622688 ], [ -62.558047565384605, -12.057996227207923 ], [ -62.558317059969845, -12.057996227207923 ], [ -62.558317059969845, -12.058265721793159 ], [ -62.558586554555077, -12.058265721793159 ], [ -62.558586554555077, -12.058535216378395 ], [ -62.558856049140317, -12.058535216378395 ] ] ], [ [ [ -62.544572836122818, -12.04721644379849 ], [ -62.544572836122818, -12.047485938383726 ], [ -62.54484233070805, -12.047485938383726 ], [ -62.54484233070805, -12.04721644379849 ], [ -62.544572836122818, -12.04721644379849 ] ] ], [ [ [ -62.54511182529329, -12.046677454628018 ], [ -62.54511182529329, -12.046946949213254 ], [ -62.54484233070805, -12.046946949213254 ], [ -62.54484233070805, -12.04721644379849 ], [ -62.545650814463755, -12.04721644379849 ], [ -62.545650814463755, -12.046946949213254 ], [ -62.545381319878523, -12.046946949213254 ], [ -62.545381319878523, -12.046677454628018 ], [ -62.54511182529329, -12.046677454628018 ] ] ], [ [ [ -62.54511182529329, -12.046407960042782 ], [ -62.545381319878523, -12.046407960042782 ], [ -62.545381319878523, -12.046677454628018 ], [ -62.545650814463755, -12.046677454628018 ], [ -62.545650814463755, -12.046138465457545 ], [ -62.545920309048995, -12.046138465457545 ], [ -62.545920309048995, -12.045868970872309 ], [ -62.546189803634228, -12.045868970872309 ], [ -62.546189803634228, -12.045060487116602 ], [ -62.54511182529329, -12.045060487116602 ], [ -62.54511182529329, -12.045329981701839 ], [ -62.544572836122818, -12.045329981701839 ], [ -62.544572836122818, -12.045599476287075 ], [ -62.54484233070805, -12.045599476287075 ], [ -62.54484233070805, -12.045868970872309 ], [ -62.54511182529329, -12.045868970872309 ], [ -62.54511182529329, -12.046407960042782 ] ] ], [ [ [ -62.544303341537578, -12.045060487116602 ], [ -62.544303341537578, -12.045329981701839 ], [ -62.544572836122818, -12.045329981701839 ], [ -62.544572836122818, -12.045060487116602 ], [ -62.544303341537578, -12.045060487116602 ] ] ], [ [ [ -62.557778070799372, -11.896029981481174 ], [ -62.557778070799372, -11.896568970651646 ], [ -62.558586554555077, -11.896568970651646 ], [ -62.558586554555077, -11.89629947606641 ], [ -62.558856049140317, -11.89629947606641 ], [ -62.558856049140317, -11.895760486895938 ], [ -62.55912554372555, -11.895760486895938 ], [ -62.55912554372555, -11.895221497725466 ], [ -62.55939503831079, -11.895221497725466 ], [ -62.55939503831079, -11.894952003140231 ], [ -62.559664532896022, -11.894952003140231 ], [ -62.559664532896022, -11.894682508554995 ], [ -62.559934027481262, -11.894682508554995 ], [ -62.559934027481262, -11.894143519384523 ], [ -62.55912554372555, -11.894143519384523 ], [ -62.55912554372555, -11.894413013969759 ], [ -62.558586554555077, -11.894413013969759 ], [ -62.558586554555077, -11.894143519384523 ], [ -62.558047565384605, -11.894143519384523 ], [ -62.558047565384605, -11.893874024799288 ], [ -62.5572390816289, -11.893874024799288 ], [ -62.5572390816289, -11.894413013969759 ], [ -62.556969587043668, -11.894413013969759 ], [ -62.556969587043668, -11.894682508554995 ], [ -62.5572390816289, -11.894682508554995 ], [ -62.5572390816289, -11.895490992310702 ], [ -62.557508576214133, -11.895490992310702 ], [ -62.557508576214133, -11.896029981481174 ], [ -62.557778070799372, -11.896029981481174 ] ] ], [ [ [ -62.607904063653244, -11.87554839300325 ], [ -62.607904063653244, -11.875009403832777 ], [ -62.608173558238477, -11.875009403832777 ], [ -62.608173558238477, -11.874470414662305 ], [ -62.607904063653244, -11.874470414662305 ], [ -62.607904063653244, -11.874200920077069 ], [ -62.607634569068004, -11.874200920077069 ], [ -62.607634569068004, -11.873931425491833 ], [ -62.606826085312299, -11.873931425491833 ], [ -62.606826085312299, -11.873661930906598 ], [ -62.606017601556587, -11.873661930906598 ], [ -62.606017601556587, -11.873931425491833 ], [ -62.605748106971355, -11.873931425491833 ], [ -62.605748106971355, -11.874470414662305 ], [ -62.605478612386122, -11.874470414662305 ], [ -62.605478612386122, -11.875278898418014 ], [ -62.605748106971355, -11.875278898418014 ], [ -62.605748106971355, -11.87554839300325 ], [ -62.607904063653244, -11.87554839300325 ] ] ], [ [ [ -62.563976446259794, -11.865577093349522 ], [ -62.563976446259794, -11.865307598764286 ], [ -62.563437457089321, -11.865307598764286 ], [ -62.563437457089321, -11.86503810417905 ], [ -62.562898467918856, -11.86503810417905 ], [ -62.562898467918856, -11.865577093349522 ], [ -62.563167962504089, -11.865577093349522 ], [ -62.563167962504089, -11.865846587934758 ], [ -62.564245940845034, -11.865846587934758 ], [ -62.564245940845034, -11.866116082519994 ], [ -62.564515435430266, -11.866116082519994 ], [ -62.564515435430266, -11.86638557710523 ], [ -62.565054424600739, -11.86638557710523 ], [ -62.565054424600739, -11.866655071690467 ], [ -62.565593413771211, -11.866655071690467 ], [ -62.565593413771211, -11.866924566275701 ], [ -62.565862908356451, -11.866924566275701 ], [ -62.565862908356451, -11.866655071690467 ], [ -62.566401897526916, -11.866655071690467 ], [ -62.566401897526916, -11.86638557710523 ], [ -62.566671392112156, -11.86638557710523 ], [ -62.566671392112156, -11.866116082519994 ], [ -62.567210381282628, -11.866116082519994 ], [ -62.567210381282628, -11.865846587934758 ], [ -62.5677493704531, -11.865846587934758 ], [ -62.5677493704531, -11.865577093349522 ], [ -62.568018865038333, -11.865577093349522 ], [ -62.568018865038333, -11.86503810417905 ], [ -62.5677493704531, -11.86503810417905 ], [ -62.5677493704531, -11.864768609593815 ], [ -62.567210381282628, -11.864768609593815 ], [ -62.567210381282628, -11.864499115008579 ], [ -62.566401897526916, -11.864499115008579 ], [ -62.566401897526916, -11.864768609593815 ], [ -62.566132402941683, -11.864768609593815 ], [ -62.566132402941683, -11.86503810417905 ], [ -62.565593413771211, -11.86503810417905 ], [ -62.565593413771211, -11.865307598764286 ], [ -62.565054424600739, -11.865307598764286 ], [ -62.565054424600739, -11.865577093349522 ], [ -62.563976446259794, -11.865577093349522 ] ] ], [ [ [ -62.606826085312299, -11.859648212474333 ], [ -62.606826085312299, -11.859917707059569 ], [ -62.607095579897532, -11.859917707059569 ], [ -62.607095579897532, -11.859648212474333 ], [ -62.606826085312299, -11.859648212474333 ] ] ], [ [ [ -62.607365074482772, -11.860187201644806 ], [ -62.607365074482772, -11.860456696230042 ], [ -62.608173558238477, -11.860456696230042 ], [ -62.608173558238477, -11.859917707059569 ], [ -62.607904063653244, -11.859917707059569 ], [ -62.607904063653244, -11.857761750377682 ], [ -62.607634569068004, -11.857761750377682 ], [ -62.607634569068004, -11.858031244962918 ], [ -62.607365074482772, -11.858031244962918 ], [ -62.607365074482772, -11.859109223303861 ], [ -62.607634569068004, -11.859109223303861 ], [ -62.607634569068004, -11.859917707059569 ], [ -62.607095579897532, -11.859917707059569 ], [ -62.607095579897532, -11.860187201644806 ], [ -62.607365074482772, -11.860187201644806 ] ] ], [ [ [ -62.607904063653244, -11.857222761207211 ], [ -62.607904063653244, -11.857761750377682 ], [ -62.608173558238477, -11.857761750377682 ], [ -62.608173558238477, -11.857222761207211 ], [ -62.607904063653244, -11.857222761207211 ] ] ], [ [ [ -62.608443052823716, -11.85695686242064 ], [ -62.608185759649977, -11.856683772036739 ], [ -62.608173558238477, -11.856683772036739 ], [ -62.608173558238477, -11.857222761207211 ], [ -62.608443052823716, -11.857222761207211 ], [ -62.608443052823716, -11.85695686242064 ] ] ], [ [ [ -62.596315796488099, -11.84563449404207 ], [ -62.596315796488099, -11.845288595602131 ], [ -62.596109917168661, -11.845095504871598 ], [ -62.596046301902867, -11.845095504871598 ], [ -62.596046301902867, -11.845903988627304 ], [ -62.596315796488099, -11.845903988627304 ], [ -62.596315796488099, -11.84617348321254 ], [ -62.596854785658572, -11.84617348321254 ], [ -62.596854785658572, -11.845903988627304 ], [ -62.596585291073332, -11.845903988627304 ], [ -62.596585291073332, -11.84563449404207 ], [ -62.596315796488099, -11.84563449404207 ] ] ], [ [ [ -62.595776807317627, -11.844783086778031 ], [ -62.59553523021556, -11.844556515701125 ], [ -62.595507312732394, -11.844556515701125 ], [ -62.595507312732394, -11.844826010286361 ], [ -62.595776807317627, -11.844826010286361 ], [ -62.595776807317627, -11.844783086778031 ] ] ], [ [ [ -62.572600272987344, -11.841053086093059 ], [ -62.572600272987344, -11.841322580678295 ], [ -62.572869767572577, -11.841322580678295 ], [ -62.572869767572577, -11.841861569848767 ], [ -62.573139262157817, -11.841861569848767 ], [ -62.573139262157817, -11.841322580678295 ], [ -62.573678251328289, -11.841322580678295 ], [ -62.573678251328289, -11.841053086093059 ], [ -62.573947745913522, -11.841053086093059 ], [ -62.573947745913522, -11.840783591507822 ], [ -62.574217240498761, -11.840783591507822 ], [ -62.574217240498761, -11.840514096922588 ], [ -62.574486735083994, -11.840514096922588 ], [ -62.574486735083994, -11.839975107752116 ], [ -62.574756229669234, -11.839975107752116 ], [ -62.574756229669234, -11.839705613166879 ], [ -62.574486735083994, -11.839705613166879 ], [ -62.574486735083994, -11.839436118581645 ], [ -62.573678251328289, -11.839436118581645 ], [ -62.573678251328289, -11.839975107752116 ], [ -62.573408756743049, -11.839975107752116 ], [ -62.573408756743049, -11.840244602337352 ], [ -62.573139262157817, -11.840244602337352 ], [ -62.573139262157817, -11.840514096922588 ], [ -62.572869767572577, -11.840514096922588 ], [ -62.572869767572577, -11.841053086093059 ], [ -62.572600272987344, -11.841053086093059 ] ] ], [ [ [ -62.542955868611401, -12.05691824886698 ], [ -62.542955868611401, -12.057187743452216 ], [ -62.543225363196633, -12.057187743452216 ], [ -62.543225363196633, -12.05691824886698 ], [ -62.542955868611401, -12.05691824886698 ] ] ], [ [ [ -62.542686374026161, -12.056648754281744 ], [ -62.542686374026161, -12.05691824886698 ], [ -62.542955868611401, -12.05691824886698 ], [ -62.542955868611401, -12.056648754281744 ], [ -62.542686374026161, -12.056648754281744 ] ] ], [ [ [ -62.544033846952345, -12.054762292185092 ], [ -62.544033846952345, -12.053414819258915 ], [ -62.543764352367106, -12.053414819258915 ], [ -62.543764352367106, -12.052875830088443 ], [ -62.543494857781873, -12.052875830088443 ], [ -62.543494857781873, -12.054492797599858 ], [ -62.543764352367106, -12.054492797599858 ], [ -62.543764352367106, -12.055301281355565 ], [ -62.544033846952345, -12.055301281355565 ], [ -62.544033846952345, -12.056379259696509 ], [ -62.544303341537578, -12.056379259696509 ], [ -62.544303341537578, -12.054762292185092 ], [ -62.544033846952345, -12.054762292185092 ] ] ], [ [ [ -62.540530417344279, -12.051797851747498 ], [ -62.540799911929511, -12.051797851747498 ], [ -62.540799911929511, -12.052606335503206 ], [ -62.540530417344279, -12.052606335503206 ], [ -62.540530417344279, -12.054762292185092 ], [ -62.539991428173806, -12.054762292185092 ], [ -62.539991428173806, -12.055031786770328 ], [ -62.539452439003334, -12.055031786770328 ], [ -62.539452439003334, -12.055301281355565 ], [ -62.539182944418101, -12.055301281355565 ], [ -62.539182944418101, -12.055840270526037 ], [ -62.539452439003334, -12.055840270526037 ], [ -62.539452439003334, -12.056379259696509 ], [ -62.539991428173806, -12.056379259696509 ], [ -62.539991428173806, -12.056648754281744 ], [ -62.540799911929511, -12.056648754281744 ], [ -62.540799911929511, -12.05691824886698 ], [ -62.541608395685223, -12.05691824886698 ], [ -62.541608395685223, -12.056648754281744 ], [ -62.542686374026161, -12.056648754281744 ], [ -62.542686374026161, -12.054762292185092 ], [ -62.542416879440928, -12.054762292185092 ], [ -62.542416879440928, -12.054492797599858 ], [ -62.541338901099984, -12.054492797599858 ], [ -62.541338901099984, -12.054223303014622 ], [ -62.541069406514751, -12.054223303014622 ], [ -62.541069406514751, -12.052067346332734 ], [ -62.541338901099984, -12.052067346332734 ], [ -62.541338901099984, -12.051258862577027 ], [ -62.541608395685223, -12.051258862577027 ], [ -62.541608395685223, -12.050719873406555 ], [ -62.541877890270456, -12.050719873406555 ], [ -62.541877890270456, -12.050450378821321 ], [ -62.541338901099984, -12.050450378821321 ], [ -62.541338901099984, -12.050719873406555 ], [ -62.541069406514751, -12.050719873406555 ], [ -62.541069406514751, -12.050989367991791 ], [ -62.540799911929511, -12.050989367991791 ], [ -62.540799911929511, -12.051528357162264 ], [ -62.540530417344279, -12.051528357162264 ], [ -62.540530417344279, -12.051797851747498 ] ] ], [ [ [ -62.543225363196633, -12.05233684091797 ], [ -62.543225363196633, -12.052875830088443 ], [ -62.543494857781873, -12.052875830088443 ], [ -62.543494857781873, -12.05233684091797 ], [ -62.543225363196633, -12.05233684091797 ] ] ], [ [ [ -62.541877890270456, -12.048833411309904 ], [ -62.541877890270456, -12.050180884236084 ], [ -62.542416879440928, -12.050180884236084 ], [ -62.542416879440928, -12.048563916724669 ], [ -62.542686374026161, -12.048563916724669 ], [ -62.542686374026161, -12.048294422139433 ], [ -62.542416879440928, -12.048294422139433 ], [ -62.542416879440928, -12.048024927554197 ], [ -62.541877890270456, -12.048024927554197 ], [ -62.541877890270456, -12.047755432968961 ], [ -62.541338901099984, -12.047755432968961 ], [ -62.541338901099984, -12.048024927554197 ], [ -62.541608395685223, -12.048024927554197 ], [ -62.541608395685223, -12.048294422139433 ], [ -62.541877890270456, -12.048294422139433 ], [ -62.541877890270456, -12.048563916724669 ], [ -62.542147384855696, -12.048563916724669 ], [ -62.542147384855696, -12.048833411309904 ], [ -62.541877890270456, -12.048833411309904 ] ] ], [ [ [ -62.541069406514751, -12.047485938383726 ], [ -62.541069406514751, -12.047755432968961 ], [ -62.541338901099984, -12.047755432968961 ], [ -62.541338901099984, -12.047485938383726 ], [ -62.541069406514751, -12.047485938383726 ] ] ], [ [ [ -62.544033846952345, -12.044790992531366 ], [ -62.544033846952345, -12.045060487116602 ], [ -62.544303341537578, -12.045060487116602 ], [ -62.544303341537578, -12.044790992531366 ], [ -62.544033846952345, -12.044790992531366 ] ] ], [ [ [ -62.499028251217958, -12.041826552093772 ], [ -62.499028251217958, -12.041018068338065 ], [ -62.498758756632718, -12.041018068338065 ], [ -62.498758756632718, -12.040748573752829 ], [ -62.498219767462245, -12.040748573752829 ], [ -62.498219767462245, -12.040479079167593 ], [ -62.497950272877013, -12.040479079167593 ], [ -62.497950272877013, -12.040748573752829 ], [ -62.497680778291773, -12.040748573752829 ], [ -62.497680778291773, -12.041018068338065 ], [ -62.497950272877013, -12.041018068338065 ], [ -62.497950272877013, -12.041557057508538 ], [ -62.498489262047485, -12.041557057508538 ], [ -62.498489262047485, -12.041826552093772 ], [ -62.499028251217958, -12.041826552093772 ] ] ], [ [ [ -62.498758756632718, -12.039131606241414 ], [ -62.498758756632718, -12.03940110082665 ], [ -62.49929774580319, -12.03940110082665 ], [ -62.49929774580319, -12.039131606241414 ], [ -62.498758756632718, -12.039131606241414 ] ] ], [ [ [ -62.49929774580319, -12.039670595411886 ], [ -62.499836734973663, -12.039670595411886 ], [ -62.499836734973663, -12.03940110082665 ], [ -62.500106229558895, -12.03940110082665 ], [ -62.500106229558895, -12.038862111656178 ], [ -62.499836734973663, -12.038862111656178 ], [ -62.499836734973663, -12.038323122485707 ], [ -62.49956724038843, -12.038323122485707 ], [ -62.49956724038843, -12.038053627900471 ], [ -62.499028251217958, -12.038053627900471 ], [ -62.499028251217958, -12.038323122485707 ], [ -62.49929774580319, -12.038323122485707 ], [ -62.49929774580319, -12.038592617070941 ], [ -62.49956724038843, -12.038592617070941 ], [ -62.49956724038843, -12.03940110082665 ], [ -62.49929774580319, -12.03940110082665 ], [ -62.49929774580319, -12.039670595411886 ] ] ], [ [ [ -62.498489262047485, -12.037784133315235 ], [ -62.498489262047485, -12.038053627900471 ], [ -62.499028251217958, -12.038053627900471 ], [ -62.499028251217958, -12.037784133315235 ], [ -62.498489262047485, -12.037784133315235 ] ] ], [ [ [ -62.498219767462245, -12.037514638729998 ], [ -62.498219767462245, -12.037784133315235 ], [ -62.498489262047485, -12.037784133315235 ], [ -62.498489262047485, -12.037514638729998 ], [ -62.498219767462245, -12.037514638729998 ] ] ], [ [ [ -62.508460561701213, -12.032663736195753 ], [ -62.508460561701213, -12.032933230780989 ], [ -62.508730056286446, -12.032933230780989 ], [ -62.508730056286446, -12.032663736195753 ], [ -62.508999550871678, -12.032663736195753 ], [ -62.508999550871678, -12.032394241610518 ], [ -62.509269045456918, -12.032394241610518 ], [ -62.509269045456918, -12.032124747025282 ], [ -62.50980803462739, -12.032124747025282 ], [ -62.50980803462739, -12.031316263269574 ], [ -62.509538540042151, -12.031316263269574 ], [ -62.509538540042151, -12.031046768684337 ], [ -62.508460561701213, -12.031046768684337 ], [ -62.508460561701213, -12.031316263269574 ], [ -62.508191067115973, -12.031316263269574 ], [ -62.508191067115973, -12.03158575785481 ], [ -62.507921572530741, -12.03158575785481 ], [ -62.507921572530741, -12.032394241610518 ], [ -62.508191067115973, -12.032394241610518 ], [ -62.508191067115973, -12.032663736195753 ], [ -62.508460561701213, -12.032663736195753 ] ] ], [ [ [ -62.512772475064985, -12.029968790343395 ], [ -62.512772475064985, -12.030238284928631 ], [ -62.513041969650217, -12.030238284928631 ], [ -62.513041969650217, -12.030507779513867 ], [ -62.513311464235457, -12.030507779513867 ], [ -62.513311464235457, -12.029699295758158 ], [ -62.513041969650217, -12.029699295758158 ], [ -62.513041969650217, -12.029429801172924 ], [ -62.512772475064985, -12.029429801172924 ], [ -62.512772475064985, -12.029160306587688 ], [ -62.512502980479745, -12.029160306587688 ], [ -62.512502980479745, -12.028890812002452 ], [ -62.511425002138807, -12.028890812002452 ], [ -62.511425002138807, -12.028621317417215 ], [ -62.511155507553568, -12.028621317417215 ], [ -62.511155507553568, -12.029160306587688 ], [ -62.511963991309273, -12.029160306587688 ], [ -62.511963991309273, -12.029429801172924 ], [ -62.512233485894512, -12.029429801172924 ], [ -62.512233485894512, -12.029699295758158 ], [ -62.512502980479745, -12.029699295758158 ], [ -62.512502980479745, -12.029968790343395 ], [ -62.512772475064985, -12.029968790343395 ] ] ], [ [ [ -62.514658937161634, -12.02377041488297 ], [ -62.514658937161634, -12.024309404053442 ], [ -62.514389442576402, -12.024309404053442 ], [ -62.514389442576402, -12.025117887809149 ], [ -62.514119947991162, -12.025117887809149 ], [ -62.514119947991162, -12.028082328246743 ], [ -62.514389442576402, -12.028082328246743 ], [ -62.514389442576402, -12.029968790343395 ], [ -62.514658937161634, -12.029968790343395 ], [ -62.514658937161634, -12.031046768684337 ], [ -62.514928431746867, -12.031046768684337 ], [ -62.514928431746867, -12.03158575785481 ], [ -62.515197926332107, -12.03158575785481 ], [ -62.515197926332107, -12.032124747025282 ], [ -62.515467420917339, -12.032124747025282 ], [ -62.515467420917339, -12.032663736195753 ], [ -62.515736915502579, -12.032663736195753 ], [ -62.515736915502579, -12.033472219951461 ], [ -62.516006410087812, -12.033472219951461 ], [ -62.516006410087812, -12.032663736195753 ], [ -62.516275904673051, -12.032663736195753 ], [ -62.516275904673051, -12.032124747025282 ], [ -62.516545399258284, -12.032124747025282 ], [ -62.516545399258284, -12.03158575785481 ], [ -62.516275904673051, -12.03158575785481 ], [ -62.516275904673051, -12.031046768684337 ], [ -62.516006410087812, -12.031046768684337 ], [ -62.516006410087812, -12.030777274099101 ], [ -62.515736915502579, -12.030777274099101 ], [ -62.515736915502579, -12.030507779513867 ], [ -62.515467420917339, -12.030507779513867 ], [ -62.515467420917339, -12.030238284928631 ], [ -62.515197926332107, -12.030238284928631 ], [ -62.515197926332107, -12.029968790343395 ], [ -62.514928431746867, -12.029968790343395 ], [ -62.514928431746867, -12.027543339076272 ], [ -62.515197926332107, -12.027543339076272 ], [ -62.515197926332107, -12.0270043499058 ], [ -62.515467420917339, -12.0270043499058 ], [ -62.515467420917339, -12.02646536073533 ], [ -62.516006410087812, -12.02646536073533 ], [ -62.516006410087812, -12.025926371564857 ], [ -62.516275904673051, -12.025926371564857 ], [ -62.516275904673051, -12.025656876979621 ], [ -62.516545399258284, -12.025656876979621 ], [ -62.516545399258284, -12.025387382394385 ], [ -62.516275904673051, -12.025387382394385 ], [ -62.516275904673051, -12.025117887809149 ], [ -62.516006410087812, -12.025117887809149 ], [ -62.516006410087812, -12.024848393223913 ], [ -62.515736915502579, -12.024848393223913 ], [ -62.515736915502579, -12.024578898638678 ], [ -62.516006410087812, -12.024578898638678 ], [ -62.516006410087812, -12.024309404053442 ], [ -62.515736915502579, -12.024309404053442 ], [ -62.515736915502579, -12.024039909468206 ], [ -62.516006410087812, -12.024039909468206 ], [ -62.516006410087812, -12.023500920297733 ], [ -62.515736915502579, -12.023500920297733 ], [ -62.515736915502579, -12.022961931127263 ], [ -62.515467420917339, -12.022961931127263 ], [ -62.515467420917339, -12.022692436542027 ], [ -62.515736915502579, -12.022692436542027 ], [ -62.515736915502579, -12.022153447371554 ], [ -62.515467420917339, -12.022153447371554 ], [ -62.515467420917339, -12.021883952786318 ], [ -62.515197926332107, -12.021883952786318 ], [ -62.515197926332107, -12.021344963615848 ], [ -62.514928431746867, -12.021344963615848 ], [ -62.514928431746867, -12.021883952786318 ], [ -62.514389442576402, -12.021883952786318 ], [ -62.514389442576402, -12.022422941956791 ], [ -62.514658937161634, -12.022422941956791 ], [ -62.514658937161634, -12.022692436542027 ], [ -62.514928431746867, -12.022692436542027 ], [ -62.514928431746867, -12.02377041488297 ], [ -62.514658937161634, -12.02377041488297 ] ] ], [ [ [ -62.532715074372433, -12.025656876979621 ], [ -62.532715074372433, -12.025926371564857 ], [ -62.532984568957673, -12.025926371564857 ], [ -62.532984568957673, -12.025656876979621 ], [ -62.533254063542913, -12.025656876979621 ], [ -62.533254063542913, -12.025926371564857 ], [ -62.533793052713378, -12.025926371564857 ], [ -62.533793052713378, -12.026195866150093 ], [ -62.534062547298618, -12.026195866150093 ], [ -62.534062547298618, -12.025926371564857 ], [ -62.53433204188385, -12.025926371564857 ], [ -62.53433204188385, -12.025656876979621 ], [ -62.534062547298618, -12.025656876979621 ], [ -62.534062547298618, -12.025387382394385 ], [ -62.533523558128145, -12.025387382394385 ], [ -62.533523558128145, -12.025117887809149 ], [ -62.533254063542913, -12.025117887809149 ], [ -62.533254063542913, -12.024848393223913 ], [ -62.532176085201968, -12.024848393223913 ], [ -62.532176085201968, -12.025387382394385 ], [ -62.531906590616728, -12.025387382394385 ], [ -62.531906590616728, -12.025656876979621 ], [ -62.532176085201968, -12.025656876979621 ], [ -62.532176085201968, -12.025926371564857 ], [ -62.532445579787201, -12.025926371564857 ], [ -62.532445579787201, -12.025656876979621 ], [ -62.532715074372433, -12.025656876979621 ] ] ], [ [ [ -62.537565976906684, -12.022422941956791 ], [ -62.537296482321445, -12.022422941956791 ], [ -62.537296482321445, -12.022692436542027 ], [ -62.537565976906684, -12.022692436542027 ], [ -62.537565976906684, -12.022422941956791 ] ] ], [ [ [ -62.514119947991162, -12.022422941956791 ], [ -62.514119947991162, -12.022692436542027 ], [ -62.514389442576402, -12.022692436542027 ], [ -62.514389442576402, -12.022422941956791 ], [ -62.514119947991162, -12.022422941956791 ] ] ], [ [ [ -62.537026987736212, -12.022153447371554 ], [ -62.537026987736212, -12.022422941956791 ], [ -62.537296482321445, -12.022422941956791 ], [ -62.537296482321445, -12.022153447371554 ], [ -62.537026987736212, -12.022153447371554 ] ] ], [ [ [ -62.537026987736212, -12.022153447371554 ], [ -62.537026987736212, -12.021883952786318 ], [ -62.53648799856574, -12.021883952786318 ], [ -62.53648799856574, -12.021614458201082 ], [ -62.535679514810028, -12.021614458201082 ], [ -62.535679514810028, -12.021344963615848 ], [ -62.535140525639562, -12.021344963615848 ], [ -62.535140525639562, -12.021075469030611 ], [ -62.53433204188385, -12.021075469030611 ], [ -62.53433204188385, -12.021344963615848 ], [ -62.534871031054323, -12.021344963615848 ], [ -62.534871031054323, -12.021614458201082 ], [ -62.535410020224795, -12.021614458201082 ], [ -62.535410020224795, -12.021883952786318 ], [ -62.535949009395267, -12.021883952786318 ], [ -62.535949009395267, -12.022153447371554 ], [ -62.537026987736212, -12.022153447371554 ] ] ], [ [ [ -62.539721933588567, -12.018111028593017 ], [ -62.539721933588567, -12.018650017763488 ], [ -62.539991428173806, -12.018650017763488 ], [ -62.539991428173806, -12.018919512348724 ], [ -62.540530417344279, -12.018919512348724 ], [ -62.540530417344279, -12.019997490689668 ], [ -62.540260922759039, -12.019997490689668 ], [ -62.540260922759039, -12.020266985274905 ], [ -62.540530417344279, -12.020266985274905 ], [ -62.540530417344279, -12.020536479860139 ], [ -62.541069406514751, -12.020536479860139 ], [ -62.541069406514751, -12.020266985274905 ], [ -62.541877890270456, -12.020266985274905 ], [ -62.541877890270456, -12.020536479860139 ], [ -62.542416879440928, -12.020536479860139 ], [ -62.542416879440928, -12.020266985274905 ], [ -62.542955868611401, -12.020266985274905 ], [ -62.542955868611401, -12.019997490689668 ], [ -62.544033846952345, -12.019997490689668 ], [ -62.544033846952345, -12.01918900693396 ], [ -62.543764352367106, -12.01918900693396 ], [ -62.543764352367106, -12.018919512348724 ], [ -62.542416879440928, -12.018919512348724 ], [ -62.542416879440928, -12.018650017763488 ], [ -62.541877890270456, -12.018650017763488 ], [ -62.541877890270456, -12.018380523178253 ], [ -62.541608395685223, -12.018380523178253 ], [ -62.541608395685223, -12.018111028593017 ], [ -62.541338901099984, -12.018111028593017 ], [ -62.541338901099984, -12.018380523178253 ], [ -62.541069406514751, -12.018380523178253 ], [ -62.541069406514751, -12.018111028593017 ], [ -62.540260922759039, -12.018111028593017 ], [ -62.540260922759039, -12.018380523178253 ], [ -62.539991428173806, -12.018380523178253 ], [ -62.539991428173806, -12.018111028593017 ], [ -62.539721933588567, -12.018111028593017 ] ] ], [ [ [ -62.504957132093146, -12.01918900693396 ], [ -62.504957132093146, -12.019458501519196 ], [ -62.505496121263619, -12.019458501519196 ], [ -62.505496121263619, -12.018919512348724 ], [ -62.505226626678379, -12.018919512348724 ], [ -62.505226626678379, -12.01918900693396 ], [ -62.504957132093146, -12.01918900693396 ] ] ], [ [ [ -62.504418142922674, -12.018919512348724 ], [ -62.504418142922674, -12.01918900693396 ], [ -62.504957132093146, -12.01918900693396 ], [ -62.504957132093146, -12.018919512348724 ], [ -62.504418142922674, -12.018919512348724 ] ] ], [ [ [ -62.503609659166962, -12.018111028593017 ], [ -62.503609659166962, -12.018380523178253 ], [ -62.503879153752202, -12.018380523178253 ], [ -62.503879153752202, -12.018919512348724 ], [ -62.504418142922674, -12.018919512348724 ], [ -62.504418142922674, -12.018650017763488 ], [ -62.504148648337434, -12.018650017763488 ], [ -62.504148648337434, -12.018111028593017 ], [ -62.503879153752202, -12.018111028593017 ], [ -62.503879153752202, -12.017033050252074 ], [ -62.504687637507907, -12.017033050252074 ], [ -62.504687637507907, -12.015955071911129 ], [ -62.504148648337434, -12.015955071911129 ], [ -62.504148648337434, -12.016224566496366 ], [ -62.503879153752202, -12.016224566496366 ], [ -62.503879153752202, -12.016763555666838 ], [ -62.503609659166962, -12.016763555666838 ], [ -62.503609659166962, -12.01730254483731 ], [ -62.503340164581729, -12.01730254483731 ], [ -62.503340164581729, -12.018111028593017 ], [ -62.503609659166962, -12.018111028593017 ] ] ], [ [ [ -62.496602799950836, -12.01730254483731 ], [ -62.496602799950836, -12.017572039422545 ], [ -62.496872294536068, -12.017572039422545 ], [ -62.496872294536068, -12.01730254483731 ], [ -62.496602799950836, -12.01730254483731 ] ] ], [ [ [ -62.496872294536068, -12.016494061081602 ], [ -62.496872294536068, -12.01730254483731 ], [ -62.497141789121301, -12.01730254483731 ], [ -62.497141789121301, -12.017033050252074 ], [ -62.497411283706541, -12.017033050252074 ], [ -62.497411283706541, -12.016763555666838 ], [ -62.498219767462245, -12.016763555666838 ], [ -62.498219767462245, -12.016494061081602 ], [ -62.498489262047485, -12.016494061081602 ], [ -62.498489262047485, -12.016224566496366 ], [ -62.498758756632718, -12.016224566496366 ], [ -62.498758756632718, -12.015955071911129 ], [ -62.498489262047485, -12.015955071911129 ], [ -62.498489262047485, -12.015685577325893 ], [ -62.498219767462245, -12.015685577325893 ], [ -62.498219767462245, -12.015416082740659 ], [ -62.497950272877013, -12.015416082740659 ], [ -62.497950272877013, -12.015685577325893 ], [ -62.497411283706541, -12.015685577325893 ], [ -62.497411283706541, -12.015955071911129 ], [ -62.496333305365596, -12.015955071911129 ], [ -62.496333305365596, -12.016224566496366 ], [ -62.496602799950836, -12.016224566496366 ], [ -62.496602799950836, -12.016494061081602 ], [ -62.496872294536068, -12.016494061081602 ] ] ], [ [ [ -62.506304605019324, -12.015685577325893 ], [ -62.506304605019324, -12.015146588155423 ], [ -62.506035110434084, -12.015146588155423 ], [ -62.506035110434084, -12.014877093570187 ], [ -62.505765615848851, -12.014877093570187 ], [ -62.505765615848851, -12.016763555666838 ], [ -62.505496121263619, -12.016763555666838 ], [ -62.505496121263619, -12.017033050252074 ], [ -62.506304605019324, -12.017033050252074 ], [ -62.506304605019324, -12.016763555666838 ], [ -62.506574099604556, -12.016763555666838 ], [ -62.506574099604556, -12.015685577325893 ], [ -62.506304605019324, -12.015685577325893 ] ] ], [ [ [ -62.506035110434084, -12.01460759898495 ], [ -62.506035110434084, -12.014877093570187 ], [ -62.506304605019324, -12.014877093570187 ], [ -62.506304605019324, -12.01460759898495 ], [ -62.506035110434084, -12.01460759898495 ] ] ], [ [ [ -62.506304605019324, -12.014338104399716 ], [ -62.506304605019324, -12.01460759898495 ], [ -62.506574099604556, -12.01460759898495 ], [ -62.506574099604556, -12.014338104399716 ], [ -62.506304605019324, -12.014338104399716 ] ] ], [ [ [ -62.507113088775029, -12.014338104399716 ], [ -62.507113088775029, -12.01406860981448 ], [ -62.507652077945501, -12.01406860981448 ], [ -62.507652077945501, -12.013799115229244 ], [ -62.507921572530741, -12.013799115229244 ], [ -62.507921572530741, -12.014338104399716 ], [ -62.507382583360268, -12.014338104399716 ], [ -62.507382583360268, -12.01460759898495 ], [ -62.507113088775029, -12.01460759898495 ], [ -62.507113088775029, -12.014877093570187 ], [ -62.507652077945501, -12.014877093570187 ], [ -62.507652077945501, -12.01460759898495 ], [ -62.508460561701213, -12.01460759898495 ], [ -62.508460561701213, -12.014338104399716 ], [ -62.508730056286446, -12.014338104399716 ], [ -62.508730056286446, -12.013799115229244 ], [ -62.508460561701213, -12.013799115229244 ], [ -62.508460561701213, -12.013529620644007 ], [ -62.508191067115973, -12.013529620644007 ], [ -62.508191067115973, -12.013260126058771 ], [ -62.507921572530741, -12.013260126058771 ], [ -62.507921572530741, -12.013529620644007 ], [ -62.507382583360268, -12.013529620644007 ], [ -62.507382583360268, -12.013799115229244 ], [ -62.506843594189796, -12.013799115229244 ], [ -62.506843594189796, -12.01406860981448 ], [ -62.506574099604556, -12.01406860981448 ], [ -62.506574099604556, -12.014338104399716 ], [ -62.507113088775029, -12.014338104399716 ] ] ], [ [ [ -62.523282763889185, -12.010834674791649 ], [ -62.523282763889185, -12.011373663962122 ], [ -62.523013269303945, -12.011373663962122 ], [ -62.523013269303945, -12.012451642303065 ], [ -62.522743774718712, -12.012451642303065 ], [ -62.522743774718712, -12.012721136888299 ], [ -62.521665796377768, -12.012721136888299 ], [ -62.521665796377768, -12.012451642303065 ], [ -62.521396301792528, -12.012451642303065 ], [ -62.521396301792528, -12.012721136888299 ], [ -62.520857312622056, -12.012721136888299 ], [ -62.520857312622056, -12.013260126058771 ], [ -62.520587818036823, -12.013260126058771 ], [ -62.520587818036823, -12.013799115229244 ], [ -62.520857312622056, -12.013799115229244 ], [ -62.520857312622056, -12.01406860981448 ], [ -62.521665796377768, -12.01406860981448 ], [ -62.521665796377768, -12.014338104399716 ], [ -62.521935290963, -12.014338104399716 ], [ -62.521935290963, -12.015955071911129 ], [ -62.52220478554824, -12.015955071911129 ], [ -62.52220478554824, -12.014877093570187 ], [ -62.522474280133473, -12.014877093570187 ], [ -62.522474280133473, -12.01460759898495 ], [ -62.523013269303945, -12.01460759898495 ], [ -62.523013269303945, -12.014877093570187 ], [ -62.523282763889185, -12.014877093570187 ], [ -62.523282763889185, -12.015146588155423 ], [ -62.523552258474417, -12.015146588155423 ], [ -62.523552258474417, -12.014877093570187 ], [ -62.52382175305965, -12.014877093570187 ], [ -62.52382175305965, -12.014338104399716 ], [ -62.52409124764489, -12.014338104399716 ], [ -62.52409124764489, -12.01406860981448 ], [ -62.523282763889185, -12.01406860981448 ], [ -62.523282763889185, -12.013799115229244 ], [ -62.523013269303945, -12.013799115229244 ], [ -62.523013269303945, -12.012990631473535 ], [ -62.523282763889185, -12.012990631473535 ], [ -62.523282763889185, -12.011643158547356 ], [ -62.523552258474417, -12.011643158547356 ], [ -62.523552258474417, -12.011373663962122 ], [ -62.524360742230122, -12.011373663962122 ], [ -62.524360742230122, -12.011643158547356 ], [ -62.524630236815362, -12.011643158547356 ], [ -62.524630236815362, -12.00948720186547 ], [ -62.524360742230122, -12.00948720186547 ], [ -62.524360742230122, -12.009756696450705 ], [ -62.523552258474417, -12.009756696450705 ], [ -62.523552258474417, -12.010026191035941 ], [ -62.52382175305965, -12.010026191035941 ], [ -62.52382175305965, -12.010565180206413 ], [ -62.523552258474417, -12.010565180206413 ], [ -62.523552258474417, -12.010834674791649 ], [ -62.523282763889185, -12.010834674791649 ] ] ], [ [ [ -62.495524821609891, -12.013799115229244 ], [ -62.495794316195123, -12.013799115229244 ], [ -62.495794316195123, -12.013529620644007 ], [ -62.496333305365596, -12.013529620644007 ], [ -62.496333305365596, -12.013260126058771 ], [ -62.496872294536068, -12.013260126058771 ], [ -62.496872294536068, -12.012990631473535 ], [ -62.497141789121301, -12.012990631473535 ], [ -62.497141789121301, -12.012451642303065 ], [ -62.497411283706541, -12.012451642303065 ], [ -62.497411283706541, -12.011643158547356 ], [ -62.496872294536068, -12.011643158547356 ], [ -62.496872294536068, -12.011912653132592 ], [ -62.496063810780363, -12.011912653132592 ], [ -62.496063810780363, -12.012182147717828 ], [ -62.495794316195123, -12.012182147717828 ], [ -62.495794316195123, -12.012451642303065 ], [ -62.495524821609891, -12.012451642303065 ], [ -62.495524821609891, -12.013799115229244 ] ] ], [ [ [ -62.524630236815362, -12.011643158547356 ], [ -62.524630236815362, -12.011912653132592 ], [ -62.525169225985834, -12.011912653132592 ], [ -62.525169225985834, -12.011643158547356 ], [ -62.524630236815362, -12.011643158547356 ] ] ], [ [ [ -62.495255327024651, -12.012182147717828 ], [ -62.495255327024651, -12.011912653132592 ], [ -62.495524821609891, -12.011912653132592 ], [ -62.495524821609891, -12.011373663962122 ], [ -62.495255327024651, -12.011373663962122 ], [ -62.495255327024651, -12.010834674791649 ], [ -62.494716337854179, -12.010834674791649 ], [ -62.494716337854179, -12.011104169376885 ], [ -62.494177348683706, -12.011104169376885 ], [ -62.494177348683706, -12.011373663962122 ], [ -62.494446843268946, -12.011373663962122 ], [ -62.494446843268946, -12.011912653132592 ], [ -62.494716337854179, -12.011912653132592 ], [ -62.494716337854179, -12.012182147717828 ], [ -62.495255327024651, -12.012182147717828 ] ] ], [ [ [ -62.493368864928001, -12.00679225601311 ], [ -62.493368864928001, -12.007061750598346 ], [ -62.493638359513241, -12.007061750598346 ], [ -62.493638359513241, -12.00679225601311 ], [ -62.493368864928001, -12.00679225601311 ] ] ], [ [ [ -62.493099370342769, -12.006522761427876 ], [ -62.493099370342769, -12.00679225601311 ], [ -62.493368864928001, -12.00679225601311 ], [ -62.493368864928001, -12.006522761427876 ], [ -62.493099370342769, -12.006522761427876 ] ] ], [ [ [ -62.492021392001824, -12.005983772257403 ], [ -62.492021392001824, -12.00625326684264 ], [ -62.492560381172297, -12.00625326684264 ], [ -62.492560381172297, -12.006522761427876 ], [ -62.493099370342769, -12.006522761427876 ], [ -62.493099370342769, -12.00625326684264 ], [ -62.492829875757529, -12.00625326684264 ], [ -62.492829875757529, -12.005983772257403 ], [ -62.492021392001824, -12.005983772257403 ] ] ], [ [ [ -62.49956724038843, -11.944000017653156 ], [ -62.49956724038843, -11.944539006823629 ], [ -62.49929774580319, -11.944539006823629 ], [ -62.49929774580319, -11.944808501408865 ], [ -62.499028251217958, -11.944808501408865 ], [ -62.499028251217958, -11.945077995994101 ], [ -62.498758756632718, -11.945077995994101 ], [ -62.498758756632718, -11.945347490579335 ], [ -62.498489262047485, -11.945347490579335 ], [ -62.498489262047485, -11.945616985164571 ], [ -62.498219767462245, -11.945616985164571 ], [ -62.498219767462245, -11.946155974335044 ], [ -62.497950272877013, -11.946155974335044 ], [ -62.497950272877013, -11.946425468920278 ], [ -62.498219767462245, -11.946425468920278 ], [ -62.498219767462245, -11.946694963505514 ], [ -62.498489262047485, -11.946694963505514 ], [ -62.498489262047485, -11.946964458090751 ], [ -62.49929774580319, -11.946964458090751 ], [ -62.49929774580319, -11.946694963505514 ], [ -62.499836734973663, -11.946694963505514 ], [ -62.499836734973663, -11.946425468920278 ], [ -62.500106229558895, -11.946425468920278 ], [ -62.500106229558895, -11.946155974335044 ], [ -62.500375724144135, -11.946155974335044 ], [ -62.500375724144135, -11.945616985164571 ], [ -62.500645218729368, -11.945616985164571 ], [ -62.500645218729368, -11.945347490579335 ], [ -62.500914713314607, -11.945347490579335 ], [ -62.500914713314607, -11.944000017653156 ], [ -62.50118420789984, -11.944000017653156 ], [ -62.50118420789984, -11.943461028482684 ], [ -62.50145370248508, -11.943461028482684 ], [ -62.50145370248508, -11.942652544726977 ], [ -62.50118420789984, -11.942652544726977 ], [ -62.50118420789984, -11.942922039312213 ], [ -62.500914713314607, -11.942922039312213 ], [ -62.500914713314607, -11.943191533897449 ], [ -62.500375724144135, -11.943191533897449 ], [ -62.500375724144135, -11.943461028482684 ], [ -62.499836734973663, -11.943461028482684 ], [ -62.499836734973663, -11.944000017653156 ], [ -62.49956724038843, -11.944000017653156 ] ] ], [ [ [ -62.501723197070312, -11.932411750488015 ], [ -62.50145370248508, -11.932411750488015 ], [ -62.50145370248508, -11.932681245073251 ], [ -62.50118420789984, -11.932681245073251 ], [ -62.50118420789984, -11.933220234243722 ], [ -62.500914713314607, -11.933220234243722 ], [ -62.500914713314607, -11.93402871799943 ], [ -62.50118420789984, -11.93402871799943 ], [ -62.50118420789984, -11.934298212584665 ], [ -62.502262186240785, -11.934298212584665 ], [ -62.502262186240785, -11.93402871799943 ], [ -62.502531680826024, -11.93402871799943 ], [ -62.502531680826024, -11.933759223414194 ], [ -62.502801175411257, -11.933759223414194 ], [ -62.502801175411257, -11.933489728828958 ], [ -62.50307066999649, -11.933489728828958 ], [ -62.50307066999649, -11.932950739658487 ], [ -62.503340164581729, -11.932950739658487 ], [ -62.503340164581729, -11.932411750488015 ], [ -62.503609659166962, -11.932411750488015 ], [ -62.503609659166962, -11.932142255902779 ], [ -62.503340164581729, -11.932142255902779 ], [ -62.503340164581729, -11.931603266732306 ], [ -62.50307066999649, -11.931603266732306 ], [ -62.50307066999649, -11.93133377214707 ], [ -62.502801175411257, -11.93133377214707 ], [ -62.502801175411257, -11.931603266732306 ], [ -62.502262186240785, -11.931603266732306 ], [ -62.502262186240785, -11.931872761317543 ], [ -62.501992691655552, -11.931872761317543 ], [ -62.501992691655552, -11.932142255902779 ], [ -62.501723197070312, -11.932142255902779 ], [ -62.501723197070312, -11.932411750488015 ] ] ], [ [ [ -62.51010673999825, -11.911660667424854 ], [ -62.510077529212623, -11.911690705596994 ], [ -62.510077529212623, -11.911930162010091 ], [ -62.510347023797863, -11.911930162010091 ], [ -62.510347023797863, -11.911660667424854 ], [ -62.51010673999825, -11.911660667424854 ] ] ], [ [ [ -62.51169449672404, -11.91058268908391 ], [ -62.511963991309273, -11.91058268908391 ], [ -62.511963991309273, -11.910313194498674 ], [ -62.512233485894512, -11.910313194498674 ], [ -62.512233485894512, -11.910043699913439 ], [ -62.512502980479745, -11.910043699913439 ], [ -62.512502980479745, -11.909774205328203 ], [ -62.512772475064985, -11.909774205328203 ], [ -62.512772475064985, -11.909504710742967 ], [ -62.513311464235457, -11.909504710742967 ], [ -62.513311464235457, -11.909235216157731 ], [ -62.51358095882069, -11.909235216157731 ], [ -62.51358095882069, -11.908965721572494 ], [ -62.513850453405929, -11.908965721572494 ], [ -62.513850453405929, -11.90869622698726 ], [ -62.514119947991162, -11.90869622698726 ], [ -62.514119947991162, -11.908426732402024 ], [ -62.514389442576402, -11.908426732402024 ], [ -62.514389442576402, -11.908157237816788 ], [ -62.514658937161634, -11.908157237816788 ], [ -62.514658937161634, -11.907887743231552 ], [ -62.514928431746867, -11.907887743231552 ], [ -62.514928431746867, -11.907618248646315 ], [ -62.515197926332107, -11.907618248646315 ], [ -62.515197926332107, -11.907348754061079 ], [ -62.515467420917339, -11.907348754061079 ], [ -62.515467420917339, -11.907079259475843 ], [ -62.514928431746867, -11.907079259475843 ], [ -62.514928431746867, -11.907348754061079 ], [ -62.514389442576402, -11.907348754061079 ], [ -62.514389442576402, -11.907618248646315 ], [ -62.514037812361984, -11.907618248646315 ], [ -62.513850453405929, -11.907810914487138 ], [ -62.513850453405929, -11.907887743231552 ], [ -62.513775740871068, -11.907887743231552 ], [ -62.51358095882069, -11.908088042423559 ], [ -62.51358095882069, -11.908157237816788 ], [ -62.513513669380153, -11.908157237816788 ], [ -62.513311464235457, -11.908365170359975 ], [ -62.513311464235457, -11.908426732402024 ], [ -62.513251597889237, -11.908426732402024 ], [ -62.513041969650217, -11.908642298296396 ], [ -62.513041969650217, -11.90869622698726 ], [ -62.512989526398322, -11.90869622698726 ], [ -62.512772475064985, -11.90891942623281 ], [ -62.512772475064985, -11.908965721572494 ], [ -62.512727454907406, -11.908965721572494 ], [ -62.512502980479745, -11.909196554169233 ], [ -62.512502980479745, -11.909235216157731 ], [ -62.51246538341649, -11.909235216157731 ], [ -62.512233485894512, -11.909473682105647 ], [ -62.512233485894512, -11.909504710742967 ], [ -62.512203311925575, -11.909504710742967 ], [ -62.511963991309273, -11.90975081004207 ], [ -62.511963991309273, -11.909774205328203 ], [ -62.511941240434659, -11.909774205328203 ], [ -62.51169449672404, -11.910027937978484 ], [ -62.51169449672404, -11.910043699913439 ], [ -62.511679168943743, -11.910043699913439 ], [ -62.511425002138807, -11.910305065914899 ], [ -62.511425002138807, -11.91058268908391 ], [ -62.511155507553568, -11.91058268908391 ], [ -62.511155507553568, -11.910852183669146 ], [ -62.510892954470997, -11.910852183669146 ], [ -62.510886012968335, -11.910859321787735 ], [ -62.510886012968335, -11.911121678254382 ], [ -62.510630882980081, -11.911121678254382 ], [ -62.510616518383095, -11.911136449724157 ], [ -62.510616518383095, -11.911391172839618 ], [ -62.510368811489165, -11.911391172839618 ], [ -62.510347023797863, -11.911413577660571 ], [ -62.510347023797863, -11.911660667424854 ], [ -62.510886012968335, -11.911660667424854 ], [ -62.510886012968335, -11.911391172839618 ], [ -62.511155507553568, -11.911391172839618 ], [ -62.511155507553568, -11.911121678254382 ], [ -62.511425002138807, -11.911121678254382 ], [ -62.511425002138807, -11.910852183669146 ], [ -62.51169449672404, -11.910852183669146 ], [ -62.51169449672404, -11.91058268908391 ] ] ], [ [ [ -62.516275904673051, -11.906270775720136 ], [ -62.516545399258284, -11.906270775720136 ], [ -62.516545399258284, -11.9060012811349 ], [ -62.516814893843524, -11.9060012811349 ], [ -62.516814893843524, -11.905731786549666 ], [ -62.517084388428756, -11.905731786549666 ], [ -62.517084388428756, -11.90546229196443 ], [ -62.517353883013996, -11.90546229196443 ], [ -62.517353883013996, -11.905192797379193 ], [ -62.517623377599229, -11.905192797379193 ], [ -62.517623377599229, -11.904923302793957 ], [ -62.517892872184461, -11.904923302793957 ], [ -62.517892872184461, -11.904653808208721 ], [ -62.518162366769701, -11.904653808208721 ], [ -62.518162366769701, -11.904384313623485 ], [ -62.518431861354934, -11.904384313623485 ], [ -62.518431861354934, -11.904114819038249 ], [ -62.518701355940173, -11.904114819038249 ], [ -62.518701355940173, -11.903845324453014 ], [ -62.518970850525406, -11.903845324453014 ], [ -62.518970850525406, -11.903575829867778 ], [ -62.518431861354934, -11.903575829867778 ], [ -62.518431861354934, -11.903845324453014 ], [ -62.517892872184461, -11.903845324453014 ], [ -62.517892872184461, -11.904114819038249 ], [ -62.517444741743887, -11.904114819038249 ], [ -62.517353883013996, -11.904208251313703 ], [ -62.517353883013996, -11.904384313623485 ], [ -62.517182670252971, -11.904384313623485 ], [ -62.517084388428756, -11.904485379250124 ], [ -62.517084388428756, -11.904653808208721 ], [ -62.516920598762056, -11.904653808208721 ], [ -62.516814893843524, -11.90476250718654 ], [ -62.516814893843524, -11.904923302793957 ], [ -62.51665852727114, -11.904923302793957 ], [ -62.516545399258284, -11.905039635122961 ], [ -62.516545399258284, -11.905192797379193 ], [ -62.516396455780225, -11.905192797379193 ], [ -62.516275904673051, -11.905316763059377 ], [ -62.516275904673051, -11.90546229196443 ], [ -62.516134384289309, -11.90546229196443 ], [ -62.516006410087812, -11.905593890995798 ], [ -62.516006410087812, -11.905731786549666 ], [ -62.515872312798393, -11.905731786549666 ], [ -62.515736915502579, -11.905871018932213 ], [ -62.515736915502579, -11.906540270305372 ], [ -62.515467420917339, -11.906540270305372 ], [ -62.515467420917339, -11.907079259475843 ], [ -62.515736915502579, -11.907079259475843 ], [ -62.515736915502579, -11.906809764890609 ], [ -62.516006410087812, -11.906809764890609 ], [ -62.516006410087812, -11.906540270305372 ], [ -62.516275904673051, -11.906540270305372 ], [ -62.516275904673051, -11.906270775720136 ] ] ], [ [ [ -62.518970850525406, -11.903306335282542 ], [ -62.518970850525406, -11.903575829867778 ], [ -62.519240345110646, -11.903575829867778 ], [ -62.519240345110646, -11.903306335282542 ], [ -62.518970850525406, -11.903306335282542 ] ] ], [ [ [ -62.519240345110646, -11.903036840697306 ], [ -62.519240345110646, -11.903306335282542 ], [ -62.519509839695878, -11.903306335282542 ], [ -62.519509839695878, -11.903036840697306 ], [ -62.519240345110646, -11.903036840697306 ] ] ], [ [ [ -62.519509839695878, -11.902767346112071 ], [ -62.519509839695878, -11.903036840697306 ], [ -62.519779334281118, -11.903036840697306 ], [ -62.519779334281118, -11.902767346112071 ], [ -62.519509839695878, -11.902767346112071 ] ] ], [ [ [ -62.52031832345159, -11.902497851526835 ], [ -62.52031832345159, -11.902228356941599 ], [ -62.520587818036823, -11.902228356941599 ], [ -62.520587818036823, -11.901689367771127 ], [ -62.520857312622056, -11.901689367771127 ], [ -62.520857312622056, -11.901150378600654 ], [ -62.521126807207295, -11.901150378600654 ], [ -62.521126807207295, -11.900611389430184 ], [ -62.520857312622056, -11.900611389430184 ], [ -62.520857312622056, -11.90088088401542 ], [ -62.520590572088715, -11.90088088401542 ], [ -62.520587818036823, -11.900883711590284 ], [ -62.520587818036823, -11.901150378600654 ], [ -62.520328084937013, -11.901150378600654 ], [ -62.52031832345159, -11.90116040068154 ], [ -62.52031832345159, -11.901689367771127 ], [ -62.520048828866351, -11.901689367771127 ], [ -62.520048828866351, -11.902228356941599 ], [ -62.519779334281118, -11.902228356941599 ], [ -62.519779334281118, -11.902767346112071 ], [ -62.520048828866351, -11.902767346112071 ], [ -62.520048828866351, -11.902497851526835 ], [ -62.52031832345159, -11.902497851526835 ] ] ], [ [ [ -62.382067601225593, -12.150971859114295 ], [ -62.382067601225593, -12.151241353699529 ], [ -62.38179810664036, -12.151241353699529 ], [ -62.38179810664036, -12.151510848284765 ], [ -62.382067601225593, -12.151510848284765 ], [ -62.382067601225593, -12.151780342870001 ], [ -62.38179810664036, -12.151780342870001 ], [ -62.38179810664036, -12.152319332040474 ], [ -62.381528612055121, -12.152319332040474 ], [ -62.381528612055121, -12.152858321210946 ], [ -62.381259117469888, -12.152858321210946 ], [ -62.381259117469888, -12.153397310381417 ], [ -62.381528612055121, -12.153397310381417 ], [ -62.381528612055121, -12.153666804966653 ], [ -62.382067601225593, -12.153666804966653 ], [ -62.382067601225593, -12.15312781579618 ], [ -62.382337095810826, -12.15312781579618 ], [ -62.382337095810826, -12.152319332040474 ], [ -62.382606590396065, -12.152319332040474 ], [ -62.382606590396065, -12.152049837455237 ], [ -62.382337095810826, -12.152049837455237 ], [ -62.382337095810826, -12.151780342870001 ], [ -62.382606590396065, -12.151780342870001 ], [ -62.382606590396065, -12.149893880773352 ], [ -62.382337095810826, -12.149893880773352 ], [ -62.382337095810826, -12.149624386188115 ], [ -62.382067601225593, -12.149624386188115 ], [ -62.382067601225593, -12.149893880773352 ], [ -62.38179810664036, -12.149893880773352 ], [ -62.38179810664036, -12.150432869943822 ], [ -62.382067601225593, -12.150432869943822 ], [ -62.382067601225593, -12.150702364529058 ], [ -62.38179810664036, -12.150702364529058 ], [ -62.38179810664036, -12.150971859114295 ], [ -62.382067601225593, -12.150971859114295 ] ] ], [ [ [ -62.325231537590838, -12.091683050362406 ], [ -62.325204243740828, -12.091708813773232 ], [ -62.325204243740828, -12.091952544947642 ], [ -62.32547373832606, -12.091952544947642 ], [ -62.32547373832606, -12.091683050362406 ], [ -62.325231537590838, -12.091683050362406 ] ] ], [ [ [ -62.325517041122858, -12.091413555777169 ], [ -62.32547373832606, -12.091454430470314 ], [ -62.32547373832606, -12.091683050362406 ], [ -62.3257432329113, -12.091683050362406 ], [ -62.3257432329113, -12.091413555777169 ], [ -62.325517041122858, -12.091413555777169 ] ] ], [ [ [ -62.325802544654884, -12.091144061191933 ], [ -62.3257432329113, -12.091200047167387 ], [ -62.3257432329113, -12.091413555777169 ], [ -62.326012727496533, -12.091413555777169 ], [ -62.326012727496533, -12.091144061191933 ], [ -62.325802544654884, -12.091144061191933 ] ] ], [ [ [ -62.326088048186904, -12.090874566606699 ], [ -62.326012727496533, -12.090945663864469 ], [ -62.326012727496533, -12.091144061191933 ], [ -62.326282222081772, -12.091144061191933 ], [ -62.326282222081772, -12.090874566606699 ], [ -62.326088048186904, -12.090874566606699 ] ] ], [ [ [ -62.326373551718923, -12.090605072021463 ], [ -62.326282222081772, -12.090691280561543 ], [ -62.326282222081772, -12.090874566606699 ], [ -62.326551716667005, -12.090874566606699 ], [ -62.326551716667005, -12.090605072021463 ], [ -62.326373551718923, -12.090605072021463 ] ] ], [ [ [ -62.326659055250943, -12.090335577436226 ], [ -62.326551716667005, -12.090436897258623 ], [ -62.326551716667005, -12.090605072021463 ], [ -62.326821211252245, -12.090605072021463 ], [ -62.326821211252245, -12.090335577436226 ], [ -62.326659055250943, -12.090335577436226 ] ] ], [ [ [ -62.326944558782962, -12.09006608285099 ], [ -62.326821211252245, -12.090182513955698 ], [ -62.326821211252245, -12.090335577436226 ], [ -62.327090705837477, -12.090335577436226 ], [ -62.327090705837477, -12.09006608285099 ], [ -62.326944558782962, -12.09006608285099 ] ] ], [ [ [ -62.327230062314989, -12.089796588265754 ], [ -62.327090705837477, -12.08992813065278 ], [ -62.327090705837477, -12.09006608285099 ], [ -62.327360200422717, -12.09006608285099 ], [ -62.327360200422717, -12.089796588265754 ], [ -62.327230062314989, -12.089796588265754 ] ] ], [ [ [ -62.327515565847008, -12.08952709368052 ], [ -62.327360200422717, -12.089673747349854 ], [ -62.327360200422717, -12.089796588265754 ], [ -62.32762969500795, -12.089796588265754 ], [ -62.32762969500795, -12.08952709368052 ], [ -62.327515565847008, -12.08952709368052 ] ] ], [ [ [ -62.327801069379028, -12.089257599095284 ], [ -62.32762969500795, -12.089419364046934 ], [ -62.32762969500795, -12.08952709368052 ], [ -62.327899189593182, -12.08952709368052 ], [ -62.327899189593182, -12.089257599095284 ], [ -62.327801069379028, -12.089257599095284 ] ] ], [ [ [ -62.328086572911047, -12.088988104510047 ], [ -62.327899189593182, -12.089164980744016 ], [ -62.327899189593182, -12.089257599095284 ], [ -62.328168684178422, -12.089257599095284 ], [ -62.328168684178422, -12.088988104510047 ], [ -62.328086572911047, -12.088988104510047 ] ] ], [ [ [ -62.328372076443074, -12.088718609924811 ], [ -62.328168684178422, -12.088910597441091 ], [ -62.328168684178422, -12.088988104510047 ], [ -62.328438178763655, -12.088988104510047 ], [ -62.328438178763655, -12.088718609924811 ], [ -62.328372076443074, -12.088718609924811 ] ] ], [ [ [ -62.328657579975093, -12.088449115339575 ], [ -62.328438178763655, -12.088656214138171 ], [ -62.328438178763655, -12.088718609924811 ], [ -62.328707673348895, -12.088718609924811 ], [ -62.328707673348895, -12.088449115339575 ], [ -62.328657579975093, -12.088449115339575 ] ] ], [ [ [ -62.328977167934127, -12.088179620754339 ], [ -62.328943083507113, -12.088179620754339 ], [ -62.328707673348895, -12.088401830835245 ], [ -62.328707673348895, -12.088449115339575 ], [ -62.328977167934127, -12.088449115339575 ], [ -62.328977167934127, -12.088179620754339 ] ] ], [ [ [ -62.329228587039132, -12.087910126169103 ], [ -62.328977167934127, -12.088147447532327 ], [ -62.328977167934127, -12.088179620754339 ], [ -62.329246662519367, -12.088179620754339 ], [ -62.329246662519367, -12.087910126169103 ], [ -62.329228587039132, -12.087910126169103 ] ] ], [ [ [ -62.333558575883139, -12.084137201975802 ], [ -62.333828070468371, -12.084137201975802 ], [ -62.333828070468371, -12.084406696561038 ], [ -62.335175543394556, -12.084406696561038 ], [ -62.335175543394556, -12.084676191146274 ], [ -62.340834929684505, -12.084676191146274 ], [ -62.340834929684505, -12.084945685731508 ], [ -62.341104424269744, -12.084945685731508 ], [ -62.341104424269744, -12.084676191146274 ], [ -62.341643413440217, -12.084676191146274 ], [ -62.341643413440217, -12.084406696561038 ], [ -62.342182402610689, -12.084406696561038 ], [ -62.342182402610689, -12.084137201975802 ], [ -62.342451897195922, -12.084137201975802 ], [ -62.342451897195922, -12.081981245293914 ], [ -62.342721391781161, -12.081981245293914 ], [ -62.342721391781161, -12.08171175070868 ], [ -62.342451897195922, -12.08171175070868 ], [ -62.342451897195922, -12.081442256123443 ], [ -62.341643413440217, -12.081442256123443 ], [ -62.341643413440217, -12.081172761538207 ], [ -62.341373918854977, -12.081172761538207 ], [ -62.341373918854977, -12.081442256123443 ], [ -62.341104424269744, -12.081442256123443 ], [ -62.341104424269744, -12.081172761538207 ], [ -62.340834929684505, -12.081172761538207 ], [ -62.340834929684505, -12.081442256123443 ], [ -62.340565435099272, -12.081442256123443 ], [ -62.340565435099272, -12.081172761538207 ], [ -62.340295940514039, -12.081172761538207 ], [ -62.340295940514039, -12.081442256123443 ], [ -62.3400264459288, -12.081442256123443 ], [ -62.3400264459288, -12.081172761538207 ], [ -62.337062005491205, -12.081172761538207 ], [ -62.337062005491205, -12.080903266952971 ], [ -62.336628575395878, -12.080903266952971 ], [ -62.336523016320733, -12.08100331629786 ], [ -62.336523016320733, -12.081442256123443 ], [ -62.3362535217355, -12.081442256123443 ], [ -62.3362535217355, -12.08171175070868 ], [ -62.335984027150261, -12.08171175070868 ], [ -62.335984027150261, -12.081981245293914 ], [ -62.335714532565028, -12.081981245293914 ], [ -62.335714532565028, -12.08225073987915 ], [ -62.335206896962809, -12.08225073987915 ], [ -62.335175543394556, -12.082280456925833 ], [ -62.335175543394556, -12.082520234464386 ], [ -62.334922561276194, -12.082520234464386 ], [ -62.334906048809316, -12.082535885051431 ], [ -62.334906048809316, -12.082789729049622 ], [ -62.334638225589586, -12.082789729049622 ], [ -62.334636554224083, -12.082791313177022 ], [ -62.334636554224083, -12.083059223634859 ], [ -62.334367059638851, -12.083059223634859 ], [ -62.334367059638851, -12.083328718220095 ], [ -62.334097565053611, -12.083328718220095 ], [ -62.334097565053611, -12.083598212805331 ], [ -62.333828070468371, -12.083598212805331 ], [ -62.333828070468371, -12.083867707390565 ], [ -62.333558575883139, -12.083867707390565 ], [ -62.333558575883139, -12.084137201975802 ] ] ], [ [ [ -62.392577890049793, -12.029429801172924 ], [ -62.392577890049793, -12.029160306587688 ], [ -62.393386373805498, -12.029160306587688 ], [ -62.393386373805498, -12.028890812002452 ], [ -62.393116879220266, -12.028890812002452 ], [ -62.393116879220266, -12.028351822831979 ], [ -62.392847384635026, -12.028351822831979 ], [ -62.392847384635026, -12.028082328246743 ], [ -62.392038900879321, -12.028082328246743 ], [ -62.392038900879321, -12.028351822831979 ], [ -62.391499911708848, -12.028351822831979 ], [ -62.391499911708848, -12.028621317417215 ], [ -62.391769406294081, -12.028621317417215 ], [ -62.391769406294081, -12.029160306587688 ], [ -62.392038900879321, -12.029160306587688 ], [ -62.392038900879321, -12.029429801172924 ], [ -62.392577890049793, -12.029429801172924 ] ] ], [ [ [ -62.488248467808518, -12.020266985274905 ], [ -62.488248467808518, -12.020536479860139 ], [ -62.488517962393757, -12.020536479860139 ], [ -62.488517962393757, -12.020266985274905 ], [ -62.48878745697899, -12.020266985274905 ], [ -62.48878745697899, -12.019997490689668 ], [ -62.489326446149462, -12.019997490689668 ], [ -62.489326446149462, -12.019727996104432 ], [ -62.489595940734702, -12.019727996104432 ], [ -62.489595940734702, -12.01918900693396 ], [ -62.489865435319935, -12.01918900693396 ], [ -62.489865435319935, -12.018111028593017 ], [ -62.488248467808518, -12.018111028593017 ], [ -62.488248467808518, -12.018380523178253 ], [ -62.487709478638052, -12.018380523178253 ], [ -62.487709478638052, -12.018919512348724 ], [ -62.487439984052813, -12.018919512348724 ], [ -62.487439984052813, -12.019727996104432 ], [ -62.487709478638052, -12.019727996104432 ], [ -62.487709478638052, -12.020266985274905 ], [ -62.488248467808518, -12.020266985274905 ] ] ], [ [ [ -62.475312727717203, -12.018111028593017 ], [ -62.475312727717203, -12.018380523178253 ], [ -62.475043233131963, -12.018380523178253 ], [ -62.475043233131963, -12.018650017763488 ], [ -62.47477373854673, -12.018650017763488 ], [ -62.47477373854673, -12.018919512348724 ], [ -62.475043233131963, -12.018919512348724 ], [ -62.475043233131963, -12.019458501519196 ], [ -62.475312727717203, -12.019458501519196 ], [ -62.475312727717203, -12.019727996104432 ], [ -62.475582222302435, -12.019727996104432 ], [ -62.475582222302435, -12.019997490689668 ], [ -62.475851716887675, -12.019997490689668 ], [ -62.475851716887675, -12.020266985274905 ], [ -62.476121211472908, -12.020266985274905 ], [ -62.476121211472908, -12.020536479860139 ], [ -62.47639070605814, -12.020536479860139 ], [ -62.47639070605814, -12.020805974445375 ], [ -62.476929695228613, -12.020805974445375 ], [ -62.476929695228613, -12.021075469030611 ], [ -62.477468684399085, -12.021075469030611 ], [ -62.477468684399085, -12.021344963615848 ], [ -62.477738178984325, -12.021344963615848 ], [ -62.477738178984325, -12.021075469030611 ], [ -62.478277168154797, -12.021075469030611 ], [ -62.478277168154797, -12.020805974445375 ], [ -62.478816157325269, -12.020805974445375 ], [ -62.478816157325269, -12.020536479860139 ], [ -62.479355146495735, -12.020536479860139 ], [ -62.479355146495735, -12.020266985274905 ], [ -62.479085651910502, -12.020266985274905 ], [ -62.479085651910502, -12.019997490689668 ], [ -62.478816157325269, -12.019997490689668 ], [ -62.478816157325269, -12.019727996104432 ], [ -62.47854666274003, -12.019727996104432 ], [ -62.47854666274003, -12.01918900693396 ], [ -62.478277168154797, -12.01918900693396 ], [ -62.478277168154797, -12.018919512348724 ], [ -62.478007673569557, -12.018919512348724 ], [ -62.478007673569557, -12.018380523178253 ], [ -62.477738178984325, -12.018380523178253 ], [ -62.477738178984325, -12.017572039422545 ], [ -62.477468684399085, -12.017572039422545 ], [ -62.477468684399085, -12.017033050252074 ], [ -62.47666020064338, -12.017033050252074 ], [ -62.47666020064338, -12.01730254483731 ], [ -62.476121211472908, -12.01730254483731 ], [ -62.476121211472908, -12.017572039422545 ], [ -62.475851716887675, -12.017572039422545 ], [ -62.475851716887675, -12.017841534007781 ], [ -62.475582222302435, -12.017841534007781 ], [ -62.475582222302435, -12.018111028593017 ], [ -62.475312727717203, -12.018111028593017 ] ] ], [ [ [ -62.489865435319935, -12.016224566496366 ], [ -62.489865435319935, -12.015955071911129 ], [ -62.490943413660879, -12.015955071911129 ], [ -62.490943413660879, -12.015685577325893 ], [ -62.490673919075647, -12.015685577325893 ], [ -62.490673919075647, -12.015416082740659 ], [ -62.490404424490407, -12.015416082740659 ], [ -62.490404424490407, -12.015146588155423 ], [ -62.490134929905174, -12.015146588155423 ], [ -62.490134929905174, -12.015416082740659 ], [ -62.488517962393757, -12.015416082740659 ], [ -62.488517962393757, -12.015685577325893 ], [ -62.488248467808518, -12.015685577325893 ], [ -62.488248467808518, -12.015955071911129 ], [ -62.488517962393757, -12.015955071911129 ], [ -62.488517962393757, -12.016224566496366 ], [ -62.489865435319935, -12.016224566496366 ] ] ], [ [ [ -62.490134929905174, -12.01460759898495 ], [ -62.489865435319935, -12.01460759898495 ], [ -62.489865435319935, -12.015146588155423 ], [ -62.490134929905174, -12.015146588155423 ], [ -62.490134929905174, -12.01460759898495 ] ] ], [ [ [ -62.477738178984325, -12.014338104399716 ], [ -62.477738178984325, -12.014877093570187 ], [ -62.478007673569557, -12.014877093570187 ], [ -62.478007673569557, -12.015416082740659 ], [ -62.478277168154797, -12.015416082740659 ], [ -62.478277168154797, -12.015685577325893 ], [ -62.478007673569557, -12.015685577325893 ], [ -62.478007673569557, -12.015955071911129 ], [ -62.47854666274003, -12.015955071911129 ], [ -62.47854666274003, -12.01460759898495 ], [ -62.478816157325269, -12.01460759898495 ], [ -62.478816157325269, -12.013799115229244 ], [ -62.479085651910502, -12.013799115229244 ], [ -62.479085651910502, -12.013260126058771 ], [ -62.478816157325269, -12.013260126058771 ], [ -62.478816157325269, -12.013529620644007 ], [ -62.47854666274003, -12.013529620644007 ], [ -62.47854666274003, -12.012990631473535 ], [ -62.477738178984325, -12.012990631473535 ], [ -62.477738178984325, -12.013260126058771 ], [ -62.477468684399085, -12.013260126058771 ], [ -62.477468684399085, -12.013799115229244 ], [ -62.477738178984325, -12.013799115229244 ], [ -62.477738178984325, -12.01406860981448 ], [ -62.477468684399085, -12.01406860981448 ], [ -62.477468684399085, -12.014338104399716 ], [ -62.477738178984325, -12.014338104399716 ] ] ], [ [ [ -62.483128070689041, -12.012990631473535 ], [ -62.483128070689041, -12.013260126058771 ], [ -62.483397565274274, -12.013260126058771 ], [ -62.483397565274274, -12.013799115229244 ], [ -62.485553521956163, -12.013799115229244 ], [ -62.485553521956163, -12.01406860981448 ], [ -62.486092511126635, -12.01406860981448 ], [ -62.486092511126635, -12.014338104399716 ], [ -62.48690099488234, -12.014338104399716 ], [ -62.48690099488234, -12.013529620644007 ], [ -62.486631500297108, -12.013529620644007 ], [ -62.486631500297108, -12.013260126058771 ], [ -62.486362005711868, -12.013260126058771 ], [ -62.486362005711868, -12.012721136888299 ], [ -62.486092511126635, -12.012721136888299 ], [ -62.486092511126635, -12.012451642303065 ], [ -62.485553521956163, -12.012451642303065 ], [ -62.485553521956163, -12.012182147717828 ], [ -62.485284027370923, -12.012182147717828 ], [ -62.485284027370923, -12.011912653132592 ], [ -62.484745038200458, -12.011912653132592 ], [ -62.484745038200458, -12.012182147717828 ], [ -62.484475543615218, -12.012182147717828 ], [ -62.484475543615218, -12.012451642303065 ], [ -62.484206049029986, -12.012451642303065 ], [ -62.484206049029986, -12.012721136888299 ], [ -62.483397565274274, -12.012721136888299 ], [ -62.483397565274274, -12.012990631473535 ], [ -62.483128070689041, -12.012990631473535 ] ] ], [ [ [ -62.476929695228613, -12.008678718109762 ], [ -62.476929695228613, -12.00948720186547 ], [ -62.477199189813852, -12.00948720186547 ], [ -62.477199189813852, -12.008678718109762 ], [ -62.477468684399085, -12.008678718109762 ], [ -62.477468684399085, -12.008139728939291 ], [ -62.477738178984325, -12.008139728939291 ], [ -62.477738178984325, -12.007870234354055 ], [ -62.479085651910502, -12.007870234354055 ], [ -62.479085651910502, -12.007600739768819 ], [ -62.478816157325269, -12.007600739768819 ], [ -62.478816157325269, -12.007331245183583 ], [ -62.478277168154797, -12.007331245183583 ], [ -62.478277168154797, -12.007061750598346 ], [ -62.477738178984325, -12.007061750598346 ], [ -62.477738178984325, -12.00679225601311 ], [ -62.477468684399085, -12.00679225601311 ], [ -62.477468684399085, -12.007331245183583 ], [ -62.477199189813852, -12.007331245183583 ], [ -62.477199189813852, -12.007870234354055 ], [ -62.476929695228613, -12.007870234354055 ], [ -62.476929695228613, -12.008139728939291 ], [ -62.47666020064338, -12.008139728939291 ], [ -62.47666020064338, -12.008678718109762 ], [ -62.476929695228613, -12.008678718109762 ] ] ], [ [ [ -62.491751897416584, -12.005714277672167 ], [ -62.491751897416584, -12.005983772257403 ], [ -62.492021392001824, -12.005983772257403 ], [ -62.492021392001824, -12.005714277672167 ], [ -62.491751897416584, -12.005714277672167 ] ] ], [ [ [ -62.480163630251447, -12.005714277672167 ], [ -62.480163630251447, -12.005983772257403 ], [ -62.480433124836679, -12.005983772257403 ], [ -62.480433124836679, -12.005714277672167 ], [ -62.480163630251447, -12.005714277672167 ] ] ], [ [ [ -62.47639070605814, -12.005714277672167 ], [ -62.47639070605814, -12.005983772257403 ], [ -62.476121211472908, -12.005983772257403 ], [ -62.476121211472908, -12.00625326684264 ], [ -62.47639070605814, -12.00625326684264 ], [ -62.47639070605814, -12.00679225601311 ], [ -62.47666020064338, -12.00679225601311 ], [ -62.47666020064338, -12.006522761427876 ], [ -62.477199189813852, -12.006522761427876 ], [ -62.477199189813852, -12.00625326684264 ], [ -62.477738178984325, -12.00625326684264 ], [ -62.477738178984325, -12.005983772257403 ], [ -62.478007673569557, -12.005983772257403 ], [ -62.478007673569557, -12.005714277672167 ], [ -62.478277168154797, -12.005714277672167 ], [ -62.478277168154797, -12.005444783086931 ], [ -62.47854666274003, -12.005444783086931 ], [ -62.47854666274003, -12.004636299331224 ], [ -62.478277168154797, -12.004636299331224 ], [ -62.478277168154797, -12.004905793916461 ], [ -62.478007673569557, -12.004905793916461 ], [ -62.478007673569557, -12.005175288501697 ], [ -62.477738178984325, -12.005175288501697 ], [ -62.477738178984325, -12.005444783086931 ], [ -62.477468684399085, -12.005444783086931 ], [ -62.477468684399085, -12.005714277672167 ], [ -62.47639070605814, -12.005714277672167 ] ] ], [ [ [ -62.491751897416584, -12.005444783086931 ], [ -62.491212908246112, -12.005444783086931 ], [ -62.491212908246112, -12.005714277672167 ], [ -62.491751897416584, -12.005714277672167 ], [ -62.491751897416584, -12.005444783086931 ] ] ], [ [ [ -62.465880417233947, -12.005175288501697 ], [ -62.465880417233947, -12.005714277672167 ], [ -62.46614991181918, -12.005714277672167 ], [ -62.46614991181918, -12.005175288501697 ], [ -62.465880417233947, -12.005175288501697 ] ] ], [ [ [ -62.464532944307763, -12.004905793916461 ], [ -62.464532944307763, -12.005444783086931 ], [ -62.464802438893003, -12.005444783086931 ], [ -62.464802438893003, -12.004905793916461 ], [ -62.464532944307763, -12.004905793916461 ] ] ], [ [ [ -62.46614991181918, -12.004905793916461 ], [ -62.46614991181918, -12.005175288501697 ], [ -62.466419406404412, -12.005175288501697 ], [ -62.466419406404412, -12.004905793916461 ], [ -62.46614991181918, -12.004905793916461 ] ] ], [ [ [ -62.490673919075647, -12.004905793916461 ], [ -62.490673919075647, -12.004636299331224 ], [ -62.490404424490407, -12.004636299331224 ], [ -62.490404424490407, -12.005175288501697 ], [ -62.490673919075647, -12.005175288501697 ], [ -62.490673919075647, -12.005444783086931 ], [ -62.491212908246112, -12.005444783086931 ], [ -62.491212908246112, -12.005175288501697 ], [ -62.490943413660879, -12.005175288501697 ], [ -62.490943413660879, -12.004905793916461 ], [ -62.490673919075647, -12.004905793916461 ] ] ], [ [ [ -62.46426344972253, -12.004636299331224 ], [ -62.46426344972253, -12.004905793916461 ], [ -62.464532944307763, -12.004905793916461 ], [ -62.464532944307763, -12.004636299331224 ], [ -62.46426344972253, -12.004636299331224 ] ] ], [ [ [ -62.466419406404412, -12.004636299331224 ], [ -62.466419406404412, -12.004905793916461 ], [ -62.466688900989652, -12.004905793916461 ], [ -62.466688900989652, -12.004636299331224 ], [ -62.466419406404412, -12.004636299331224 ] ] ], [ [ [ -62.479894135666207, -12.004636299331224 ], [ -62.479894135666207, -12.003827815575516 ], [ -62.479085651910502, -12.003827815575516 ], [ -62.479085651910502, -12.004097310160752 ], [ -62.479624641080974, -12.004097310160752 ], [ -62.479624641080974, -12.005175288501697 ], [ -62.479894135666207, -12.005175288501697 ], [ -62.479894135666207, -12.005714277672167 ], [ -62.480163630251447, -12.005714277672167 ], [ -62.480163630251447, -12.004636299331224 ], [ -62.479894135666207, -12.004636299331224 ] ] ], [ [ [ -62.46426344972253, -12.004636299331224 ], [ -62.46426344972253, -12.004366804745988 ], [ -62.463993955137298, -12.004366804745988 ], [ -62.463993955137298, -12.004097310160752 ], [ -62.463724460552058, -12.004097310160752 ], [ -62.463724460552058, -12.004636299331224 ], [ -62.46426344972253, -12.004636299331224 ] ] ], [ [ [ -62.467497384745357, -12.004636299331224 ], [ -62.467497384745357, -12.004905793916461 ], [ -62.467766879330597, -12.004905793916461 ], [ -62.467766879330597, -12.004636299331224 ], [ -62.468305868501069, -12.004636299331224 ], [ -62.468305868501069, -12.004366804745988 ], [ -62.468575363086302, -12.004366804745988 ], [ -62.468575363086302, -12.00355832099028 ], [ -62.46803637391583, -12.00355832099028 ], [ -62.46803637391583, -12.003827815575516 ], [ -62.467497384745357, -12.003827815575516 ], [ -62.467497384745357, -12.004097310160752 ], [ -62.466958395574892, -12.004097310160752 ], [ -62.466958395574892, -12.004366804745988 ], [ -62.466688900989652, -12.004366804745988 ], [ -62.466688900989652, -12.004636299331224 ], [ -62.467497384745357, -12.004636299331224 ] ] ], [ [ [ -62.463185471381586, -12.003827815575516 ], [ -62.463185471381586, -12.00355832099028 ], [ -62.462376987625881, -12.00355832099028 ], [ -62.462376987625881, -12.003827815575516 ], [ -62.462646482211113, -12.003827815575516 ], [ -62.462646482211113, -12.004366804745988 ], [ -62.463454965966818, -12.004366804745988 ], [ -62.463454965966818, -12.004097310160752 ], [ -62.463724460552058, -12.004097310160752 ], [ -62.463724460552058, -12.003827815575516 ], [ -62.463185471381586, -12.003827815575516 ] ] ], [ [ [ -62.463993955137298, -11.987658140461365 ], [ -62.463993955137298, -11.986849656705658 ], [ -62.463724460552058, -11.986849656705658 ], [ -62.463724460552058, -11.986310667535186 ], [ -62.463454965966818, -11.986310667535186 ], [ -62.463454965966818, -11.985771678364713 ], [ -62.463185471381586, -11.985771678364713 ], [ -62.463185471381586, -11.985502183779477 ], [ -62.462646482211113, -11.985502183779477 ], [ -62.462646482211113, -11.986849656705658 ], [ -62.462915976796353, -11.986849656705658 ], [ -62.462915976796353, -11.987119151290894 ], [ -62.463185471381586, -11.987119151290894 ], [ -62.463185471381586, -11.987388645876129 ], [ -62.463724460552058, -11.987388645876129 ], [ -62.463724460552058, -11.987658140461365 ], [ -62.463993955137298, -11.987658140461365 ] ] ], [ [ [ -62.463993955137298, -11.966637562812968 ], [ -62.463993955137298, -11.966907057398204 ], [ -62.463724460552058, -11.966907057398204 ], [ -62.463724460552058, -11.967176551983441 ], [ -62.463993955137298, -11.967176551983441 ], [ -62.463993955137298, -11.967715541153911 ], [ -62.464532944307763, -11.967715541153911 ], [ -62.464532944307763, -11.968254530324383 ], [ -62.464802438893003, -11.968254530324383 ], [ -62.464802438893003, -11.967715541153911 ], [ -62.465071933478235, -11.967715541153911 ], [ -62.465071933478235, -11.967176551983441 ], [ -62.465610922648708, -11.967176551983441 ], [ -62.465610922648708, -11.966637562812968 ], [ -62.465341428063475, -11.966637562812968 ], [ -62.465341428063475, -11.966098573642498 ], [ -62.465071933478235, -11.966098573642498 ], [ -62.465071933478235, -11.965829079057261 ], [ -62.464532944307763, -11.965829079057261 ], [ -62.464532944307763, -11.965559584472025 ], [ -62.46426344972253, -11.965559584472025 ], [ -62.46426344972253, -11.965290089886789 ], [ -62.463454965966818, -11.965290089886789 ], [ -62.463454965966818, -11.965559584472025 ], [ -62.463724460552058, -11.965559584472025 ], [ -62.463724460552058, -11.966098573642498 ], [ -62.463993955137298, -11.966098573642498 ], [ -62.463993955137298, -11.966368068227732 ], [ -62.463724460552058, -11.966368068227732 ], [ -62.463724460552058, -11.966637562812968 ], [ -62.463993955137298, -11.966637562812968 ] ] ], [ [ [ -62.476121211472908, -11.963134133204903 ], [ -62.476121211472908, -11.963673122375374 ], [ -62.475851716887675, -11.963673122375374 ], [ -62.475851716887675, -11.965020595301553 ], [ -62.476121211472908, -11.965020595301553 ], [ -62.476121211472908, -11.966098573642498 ], [ -62.475851716887675, -11.966098573642498 ], [ -62.475851716887675, -11.966637562812968 ], [ -62.475312727717203, -11.966637562812968 ], [ -62.475312727717203, -11.966907057398204 ], [ -62.475582222302435, -11.966907057398204 ], [ -62.475582222302435, -11.967446046568675 ], [ -62.475851716887675, -11.967446046568675 ], [ -62.475851716887675, -11.96852402490962 ], [ -62.47639070605814, -11.96852402490962 ], [ -62.47639070605814, -11.968793519494856 ], [ -62.47666020064338, -11.968793519494856 ], [ -62.47666020064338, -11.96852402490962 ], [ -62.476929695228613, -11.96852402490962 ], [ -62.476929695228613, -11.968793519494856 ], [ -62.477199189813852, -11.968793519494856 ], [ -62.477199189813852, -11.96852402490962 ], [ -62.477468684399085, -11.96852402490962 ], [ -62.477468684399085, -11.968254530324383 ], [ -62.477738178984325, -11.968254530324383 ], [ -62.477738178984325, -11.967446046568675 ], [ -62.478007673569557, -11.967446046568675 ], [ -62.478007673569557, -11.967176551983441 ], [ -62.477738178984325, -11.967176551983441 ], [ -62.477738178984325, -11.966907057398204 ], [ -62.478007673569557, -11.966907057398204 ], [ -62.478007673569557, -11.966637562812968 ], [ -62.477738178984325, -11.966637562812968 ], [ -62.477738178984325, -11.966098573642498 ], [ -62.477468684399085, -11.966098573642498 ], [ -62.477468684399085, -11.965829079057261 ], [ -62.477738178984325, -11.965829079057261 ], [ -62.477738178984325, -11.964481606131081 ], [ -62.478007673569557, -11.964481606131081 ], [ -62.478007673569557, -11.964212111545846 ], [ -62.478277168154797, -11.964212111545846 ], [ -62.478277168154797, -11.963673122375374 ], [ -62.47854666274003, -11.963673122375374 ], [ -62.47854666274003, -11.963134133204903 ], [ -62.478816157325269, -11.963134133204903 ], [ -62.478816157325269, -11.962864638619667 ], [ -62.47854666274003, -11.962864638619667 ], [ -62.47854666274003, -11.962595144034431 ], [ -62.477468684399085, -11.962595144034431 ], [ -62.477468684399085, -11.962864638619667 ], [ -62.476929695228613, -11.962864638619667 ], [ -62.476929695228613, -11.963134133204903 ], [ -62.47666020064338, -11.963134133204903 ], [ -62.47666020064338, -11.962864638619667 ], [ -62.47639070605814, -11.962864638619667 ], [ -62.47639070605814, -11.963134133204903 ], [ -62.476121211472908, -11.963134133204903 ] ], [ [ -62.477199189813852, -11.963673122375374 ], [ -62.477468684399085, -11.963673122375374 ], [ -62.477468684399085, -11.96394261696061 ], [ -62.477738178984325, -11.96394261696061 ], [ -62.477738178984325, -11.964212111545846 ], [ -62.477468684399085, -11.964212111545846 ], [ -62.477468684399085, -11.964481606131081 ], [ -62.476929695228613, -11.964481606131081 ], [ -62.476929695228613, -11.964212111545846 ], [ -62.477199189813852, -11.964212111545846 ], [ -62.477199189813852, -11.963673122375374 ] ], [ [ -62.47639070605814, -11.964751100716317 ], [ -62.476121211472908, -11.964751100716317 ], [ -62.476121211472908, -11.964212111545846 ], [ -62.47639070605814, -11.964212111545846 ], [ -62.47639070605814, -11.964751100716317 ] ] ], [ [ [ -62.462376987625881, -11.962595144034431 ], [ -62.462107493040641, -11.962595144034431 ], [ -62.462107493040641, -11.962056154863959 ], [ -62.462376987625881, -11.962056154863959 ], [ -62.462376987625881, -11.962325649449195 ], [ -62.462646482211113, -11.962325649449195 ], [ -62.462646482211113, -11.961517165693486 ], [ -62.462376987625881, -11.961517165693486 ], [ -62.462376987625881, -11.960978176523016 ], [ -62.46220104781316, -11.960978176523016 ], [ -62.462107493040641, -11.961052936980298 ], [ -62.462107493040641, -11.961247671108252 ], [ -62.461863803960817, -11.961247671108252 ], [ -62.461837998455408, -11.96126829251893 ], [ -62.461837998455408, -11.961517165693486 ], [ -62.462107493040641, -11.961517165693486 ], [ -62.462107493040641, -11.961786660278722 ], [ -62.461837998455408, -11.961786660278722 ], [ -62.461837998455408, -11.962056154863959 ], [ -62.461568503870168, -11.962056154863959 ], [ -62.461568503870168, -11.961786660278722 ], [ -62.461189316256146, -11.961786660278722 ], [ -62.461029514699696, -11.961914359134839 ], [ -62.461029514699696, -11.962056154863959 ], [ -62.46085207240381, -11.962056154863959 ], [ -62.460760020114463, -11.962129714673472 ], [ -62.460760020114463, -11.962325649449195 ], [ -62.461299009284936, -11.962325649449195 ], [ -62.461299009284936, -11.962864638619667 ], [ -62.461568503870168, -11.962864638619667 ], [ -62.461568503870168, -11.963403627790138 ], [ -62.462107493040641, -11.963403627790138 ], [ -62.462107493040641, -11.962864638619667 ], [ -62.462376987625881, -11.962864638619667 ], [ -62.462376987625881, -11.962595144034431 ] ] ] ] } }
]
}
